/*--------------------------------*- C++ -*----------------------------------*\
  =========                 |
  \\      /  F ield         | OpenFOAM: The Open Source CFD Toolbox
   \\    /   O peration     | Website:  https://openfoam.org
    \\  /    A nd           | Version:  13
     \\/     M anipulation  |
\*---------------------------------------------------------------------------*/
FoamFile
{
    format      ascii;
    class       volVectorField;
    location    "1.75";
    object      U_0;
}
// * * * * * * * * * * * * * * * * * * * * * * * * * * * * * * * * * * * * * //

dimensions      [0 1 -1 0 0 0 0];

internalField   nonuniform List<vector> 
15080
(
(51.3018515265 -0.00280974737304 -8.2957972256e-21)
(51.3132987554 -0.00850862596407 -1.78076868675e-20)
(51.3389239609 -0.0145001289499 7.60220612464e-20)
(51.3764682089 -0.0203008639805 -3.73246080056e-20)
(51.4252492418 -0.0259487205045 0)
(51.4851192858 -0.0316077240486 -1.65919051714e-19)
(51.5560395515 -0.0373526054847 5.6594434568e-19)
(51.6379758763 -0.0432049397434 -1.97937910023e-19)
(51.730934328 -0.0491833587596 -1.53119601757e-18)
(51.8349934299 -0.0553075494706 1.39176114625e-18)
(51.9502814879 -0.0615859712165 9.62049663731e-19)
(52.0769263879 -0.0680093868858 -1.02022682837e-18)
(52.2150083992 -0.0745506859833 -1.10404373128e-18)
(52.3645245465 -0.0811659013375 -1.19327283848e-18)
(52.5253551623 -0.0877947198367 1.22797175385e-18)
(52.6972439208 -0.0943606522663 2.66473077251e-18)
(52.8797407206 -0.100773850562 -1.81911131203e-18)
(53.0722967594 -0.106930885664 -1.46521869319e-18)
(53.2739041015 -0.112742885304 1.52154326019e-18)
(53.4844547738 -0.118089882541 3.76032838268e-19)
(51.3015693151 -0.0123353872458 7.24795626761e-21)
(51.3117636534 -0.0363923427153 -3.71930023569e-20)
(51.3366180214 -0.0597331882571 2.24920769739e-19)
(51.3742915445 -0.0821213646129 -1.10275303136e-19)
(51.4229653427 -0.103754246806 -5.28590385726e-19)
(51.4824565789 -0.124978603897 7.328922682e-20)
(51.5530111604 -0.146030336664 -5.02057544998e-20)
(51.6347063121 -0.167054727727 1.84838619209e-19)
(51.727547183 -0.188167866087 -7.53217864834e-20)
(51.8316172678 -0.209454304806 -1.46359862724e-19)
(51.9470789482 -0.230939378151 -6.85574173565e-23)
(52.0741053945 -0.252574989483 0)
(52.2128220282 -0.274239871251 -7.3152692048e-19)
(52.3632683977 -0.295744759255 2.80829715166e-19)
(52.525362886 -0.316838929564 4.36600039074e-19)
(52.698877755 -0.337217904738 -2.24970917352e-18)
(52.8833827853 -0.356534824434 5.40418749295e-19)
(53.0783078971 -0.374403461653 1.41205467795e-18)
(53.2826211557 -0.390449811568 -5.04476383444e-19)
(53.4958306239 -0.404105628868 8.77895826493e-19)
(51.3016698479 -0.0202796472718 -5.9858893131e-20)
(51.3123703942 -0.0593219715418 1.79381326037e-19)
(51.3375159693 -0.0963528521412 2.22034984393e-19)
(51.3750162946 -0.13209385731 2.40189495136e-19)
(51.4235543731 -0.166899375609 -6.55353348128e-19)
(51.482977702 -0.201057084146 -5.66817569881e-20)
(51.5535179971 -0.234897794317 -1.94724156712e-22)
(51.6352883794 -0.268734126342 -6.38742625857e-23)
(51.7283462701 -0.302810697074 8.19075456284e-19)
(51.8328385947 -0.33728186477 7.916811811e-19)
(51.949000164 -0.372197212292 -3.20613391155e-19)
(52.0770777871 -0.407490481526 -1.09013040883e-18)
(52.2172674294 -0.442974632308 3.27948119485e-19)
(52.369675439 -0.478345844628 -1.74243077622e-18)
(52.5342802122 -0.513194364914 4.5112464041e-20)
(52.7109064791 -0.547018534809 1.81751785294e-18)
(52.8991559922 -0.579244686757 -2.05568983871e-18)
(53.0985232025 -0.609230516391 1.01364087833e-18)
(53.3079715663 -0.636354330405 3.08274375961e-18)
(53.5276209832 -0.659689133585 -2.31266758806e-18)
(51.3016714329 -0.0282089029055 5.4200110896e-20)
(51.3123081014 -0.0827150534062 -4.1318681827e-20)
(51.3371334982 -0.134922494832 1.49591839075e-19)
(51.374151067 -0.185341086222 3.33886331537e-19)
(51.422186096 -0.234494990288 1.39026525587e-19)
(51.4811448365 -0.282874017215 -1.66462947545e-19)
(51.5512678498 -0.330969688586 -1.9522099642e-19)
(51.6327313867 -0.379231562209 -4.00071508096e-19)
(51.7256988533 -0.42800848415 1.72925385193e-19)
(51.8304303948 -0.477517250074 3.7705007225e-19)
(51.9472735477 -0.527825175624 2.47246042647e-19)
(52.0765914783 -0.578834658137 3.5624948378e-19)
(52.2186986611 -0.630272449028 -3.879806311e-19)
(52.373815869 -0.68169279624 -4.19174795083e-19)
(52.5420263782 -0.732491596238 -3.42593517215e-19)
(52.7232427093 -0.781924102449 -5.75014320868e-20)
(52.9171310414 -0.829134421389 0)
(53.1231922771 -0.873161386104 -6.55620949682e-19)
(53.3403421743 -0.913082888224 1.2060178695e-19)
(53.5682565487 -0.94754418243 -4.15326282774e-19)
(51.30164562 -0.0361079017897 1.14219009573e-19)
(51.3121221631 -0.105911233203 -2.83823933369e-19)
(51.3365858073 -0.172776111523 -7.41079025436e-20)
(51.3730846355 -0.237338059614 9.53318956071e-20)
(51.420499342 -0.300311189146 -8.6262767224e-20)
(51.4788066638 -0.362405132883 1.20612360523e-19)
(51.548325065 -0.424293344098 2.27247279728e-19)
(51.6293352249 -0.486573546923 1.15675734671e-19)
(51.7221309804 -0.549719306003 -2.39461714404e-19)
(51.8271166116 -0.614038493636 -3.97450742987e-19)
(51.9447929043 -0.67964030806 6.86050933637e-21)
(52.0756855552 -0.746410671769 -2.07020820256e-19)
(52.2202762168 -0.813998196873 8.02019420251e-19)
(52.3789481887 -0.881815847101 4.23696072785e-19)
(52.5519337282 -0.949057276053 1.6703633009e-19)
(52.7392749093 -1.01471872327 -4.92993203647e-19)
(52.9407276085 -1.07763597903 -3.1611925276e-19)
(53.1558813846 -1.13649283161 -1.17458313919e-18)
(53.3836272334 -1.1899980908 -5.37888675155e-19)
(53.6241200406 -1.2362497855 2.15521136577e-18)
(51.3016095905 -0.0438622662745 1.45892008902e-19)
(51.3118545471 -0.128637298479 6.07740009656e-24)
(51.3357568913 -0.209875435584 -1.41105714683e-19)
(51.3714136438 -0.28842815065 -6.10891217086e-20)
(51.4177856394 -0.365225177212 2.47813233808e-19)
(51.4749469524 -0.441191907093 -6.42779503525e-19)
(51.5433273411 -0.517206928318 3.29749410495e-19)
(51.6233414066 -0.59405237437 6.728723773e-19)
(51.7154462838 -0.672356519912 3.82299330226e-19)
(51.8202356285 -0.752538877123 -1.75469327772e-19)
(51.9384193174 -0.834763530185 2.02370711943e-19)
(52.0707460268 -0.918904365318 -1.05718588014e-18)
(52.2179279599 -1.00452686058 -1.0264006681e-18)
(52.380577524 -1.09088577557 3.08854579366e-18)
(52.5591426321 -1.17694014864 -1.45485712974e-19)
(52.7538558642 -1.26137956966 -3.02535218259e-18)
(52.9646178758 -1.34266849759 1.09195466153e-18)
(53.1911143712 -1.41905500091 1.69285794901e-18)
(53.4321992633 -1.48880956645 -1.09050888608e-18)
(53.6879769136 -1.54942713292 -1.10678459447e-18)
(51.301555598 -0.0513930283992 1.68127321667e-19)
(51.3114512034 -0.15069789247 2.31741642062e-19)
(51.3345067859 -0.24590898684 5.24044813751e-19)
(51.3689021975 -0.338117845825 -2.45412674343e-19)
(51.413709682 -0.428494387638 1.96582820002e-19)
(51.4691164787 -0.518205734361 1.60171763594e-19)
(51.5356834598 -0.608371010219 -9.66256830642e-19)
(51.6139923686 -0.699994824468 -9.47115473128e-20)
(51.7047074495 -0.793893414588 -2.58732360364e-19)
(51.8086635003 -0.890626116749 1.00226743208e-19)
(51.9268387556 -0.990436091609 3.23731260534e-19)
(52.0602712567 -1.0932034183 -2.63909458206e-19)
(52.2099766954 -1.19841719368 -1.68009389172e-18)
(52.3768758877 -1.30516688528 1.71471859102e-18)
(52.5617130055 -1.41215291176 2.88460994951e-18)
(52.7649899244 -1.51771400569 -6.85918668361e-19)
(52.9868182104 -1.61987691177 -1.04006577037e-18)
(53.2270620853 -1.71636649184 -2.54234011756e-18)
(53.484561008 -1.80489703026 -6.46444568377e-19)
(53.7598109154 -1.88217809811 5.13605066304e-18)
(51.301477534 -0.0585995439064 1.70573755047e-19)
(51.3108695883 -0.171788750449 1.02067862249e-19)
(51.3327109493 -0.280366215633 -5.29507130615e-19)
(51.36529502 -0.385703528948 2.79239669573e-19)
(51.4078312953 -0.489255989781 -3.04467652457e-19)
(51.4606354144 -0.59248004519 -1.27964118966e-19)
(51.5244199539 -0.696783831834 5.3859452805e-19)
(51.5999678888 -0.803444336253 -6.43736460093e-19)
(51.688195815 -0.913515414227 3.93482712889e-19)
(51.7902345586 -1.02774272233 -2.94500743685e-19)
(51.9073970593 -1.14648867339 -8.19959059114e-19)
(52.0410909235 -1.26967058974 1.73576000748e-19)
(52.1927290696 -1.39671823017 -1.4423490791e-18)
(52.3636451412 -1.52655371718 -3.35978550519e-19)
(52.5549908731 -1.65759352199 3.98550392069e-19)
(52.7676500122 -1.78776954835 1.54666393392e-18)
(53.0020483829 -1.91458143951 3.59704308895e-18)
(53.2583136247 -2.03510789353 -6.54716640394e-19)
(53.5353011134 -2.14636566322 -3.13378416843e-18)
(53.8338389528 -2.24410446574 -3.24372358037e-18)
(51.3013684033 -0.0653491846343 5.95607040152e-19)
(51.3100584411 -0.191511722887 2.09368123822e-19)
(51.3302137153 -0.312598001698 -4.5376529365e-19)
(51.3602757862 -0.430303912229 3.35203119362e-19)
(51.3996177115 -0.54641228801 1.41507583434e-19)
(51.4486999295 -0.662720986017 6.15420204625e-19)
(51.5084077785 -0.780986576863 3.54817116962e-19)
(51.5797574105 -0.902818147359 2.38074163517e-19)
(51.6639617346 -1.0295657025 -4.73322899488e-19)
(51.7625058184 -1.16221964542 1.72263404055e-18)
(51.8771130088 -1.30131818428 2.01539931079e-22)
(52.0096559684 -1.44686502087 -1.72518728138e-19)
(52.162060033 -1.59826544537 -1.40860794418e-20)
(52.3362040876 -1.75428646766 -2.61995759681e-18)
(52.5337932504 -1.91304205306 -1.58498267361e-18)
(52.7562480471 -2.07200071369 1.15156106009e-18)
(53.0044544188 -2.22803316105 3.23296562638e-18)
(53.2789525798 -2.37742084925 1.49810976811e-19)
(53.578681363 -2.51628406852 -1.01098685781e-18)
(53.9051176835 -2.63913716208 -1.42349169566e-18)
(51.3012201546 -0.071477605709 -5.93595000577e-19)
(51.3089547359 -0.209363007059 -8.62299258498e-20)
(51.3268245574 -0.341756988985 4.79824309924e-19)
(51.3534782089 -0.470742901186 1.17406255278e-18)
(51.3884771997 -0.598491065469 1.283580776e-19)
(51.4324228685 -0.727191112152 1.13536548811e-18)
(51.4863791909 -0.859003813853 6.47105083765e-19)
(51.5516236578 -0.995941649013 1.32652802921e-18)
(51.6297106798 -1.13973379801 -1.99536880323e-18)
(51.7225415025 -1.29170325972 -8.22851999948e-19)
(51.8323333945 -1.45265121963 1.45852649842e-18)
(51.9615329565 -1.62274780581 -2.7384233352e-19)
(52.1127143489 -1.80143860604 -1.90197058001e-18)
(52.288466933 -1.98737490998 -2.71965644136e-19)
(52.4912408625 -2.17836978489 -1.98046042111e-19)
(52.7232067905 -2.37137944191 -6.47925236575e-19)
(52.9859262675 -2.56253425297 1.39185980032e-18)
(53.2805712074 -2.74713129299 1.01218148929e-18)
(53.6062803291 -2.92013301671 -2.96639230726e-18)
(53.9654190038 -3.07446541517 -2.66365994852e-18)
(51.301031026 -0.0767889170152 -4.55616518011e-19)
(51.3075290179 -0.224803160868 8.93509301642e-19)
(51.322401774 -0.366937047372 -1.92417952003e-19)
(51.3445542549 -0.505716793189 -7.89722132951e-19)
(51.3737726724 -0.643770821283 6.73070822919e-19)
(51.4108104435 -0.783756951623 -8.91607737325e-19)
(51.4569036631 -0.928319544747 -1.37580102163e-19)
(51.5135989063 -1.07996497691 4.34080911171e-19)
(51.5828277031 -1.24090659592 3.55437796215e-19)
(51.6669660736 -1.41291361492 -1.44447181416e-18)
(51.7688072925 -1.59716712344 -2.14277151152e-22)
(51.8914871656 -1.79411980792 1.24164488548e-18)
(52.0383865288 -2.0033648708 3.22517512421e-19)
(52.2130107759 -2.2235222194 -2.12195332664e-19)
(52.4188071753 -2.45214590815 8.97156081693e-19)
(52.6589918256 -2.68565704567 6.34803708791e-19)
(52.9361137538 -2.91933303056 -1.91143380764e-19)
(53.252317916 -3.1472632202 2.95538221364e-18)
(53.6071564346 -3.36290548425 4.2698034252e-19)
(54.0043845878 -3.55709773866 -1.42653289622e-18)
(51.3007776022 -0.0810281694238 -2.50904027745e-19)
(51.3056948688 -0.237019784639 -4.29420719646e-19)
(51.3168141922 -0.386812902336 1.49170360155e-19)
(51.3332277977 -0.533416657505 -1.3192733101e-18)
(51.3549590874 -0.679965564273 -7.96668291145e-19)
(51.3829273992 -0.829655146251 -5.54062094935e-19)
(51.4185512849 -0.985701815765 -1.85288690608e-19)
(51.4636484688 -1.15120885362 -2.76112390861e-19)
(51.5205360769 -1.32899590068 2.22555339266e-18)
(51.5920985176 -1.52142407485 -1.3874678523e-18)
(51.6817741584 -1.73022064907 -9.54821729584e-19)
(51.7935030038 -1.95629925097 -7.17629747337e-19)
(51.9316469411 -2.19957895283 3.32541070508e-19)
(52.1008739935 -2.45880744839 1.53336332918e-18)
(52.3059531623 -2.73139439821 1.45266978216e-20)
(52.5515519841 -3.01326264358 1.12359165483e-18)
(52.8416610249 -3.29875014177 1.48607269695e-18)
(53.1799205798 -3.58049210373 8.99900965881e-19)
(53.5666618722 -3.85000342934 1.68563254028e-18)
(54.0077869421 -4.09536283716 0)
(51.3004654081 -0.0839091498813 -4.96024057114e-19)
(51.3033861189 -0.245145469198 -9.96701381283e-19)
(51.3097533738 -0.399965640088 2.35909296976e-19)
(51.3189710531 -0.551881315028 7.27752775761e-20)
(51.3312878978 -0.704537518217 -3.31126985748e-19)
(51.3477359501 -0.861717988885 -9.4950603269e-19)
(51.3698630236 -1.02731607422 -3.12188259946e-19)
(51.3997216159 -1.20516432665 4.83692504956e-19)
(51.4399939301 -1.39883779623 1.39346091299e-18)
(51.4940744664 -1.6114707268 1.95456305578e-18)
(51.5660884066 -1.8455555026 -2.55868225919e-19)
(51.6608812445 -2.10272017386 -8.8964497117e-19)
(51.7839769925 -2.38348874397 -2.40062816002e-18)
(51.9414884073 -2.68701765164 -4.15172183574e-19)
(52.1399061208 -3.01081560925 7.29545058204e-19)
(52.3858891138 -3.35046197828 -9.15024952738e-19)
(52.6855235645 -3.69935171854 -5.00093977821e-19)
(53.0447512016 -4.04843377513 -2.88821797758e-18)
(53.4653031526 -4.38672654237 3.58426651393e-19)
(53.9564715557 -4.69860410543 1.05215688874e-17)
(51.3000784477 -0.0851530156552 2.54202422247e-19)
(51.3005835638 -0.248398572477 2.36967413591e-19)
(51.3011239532 -0.404977970743 2.65589679058e-19)
(51.3015604161 -0.558949722216 5.66903744874e-19)
(51.3023653779 -0.714550845157 1.21104527038e-18)
(51.3045666927 -0.876227131145 1.2161040304e-18)
(51.309733822 -1.04861283985 9.68291785624e-20)
(51.3200879214 -1.23638380009 -3.59465162614e-19)
(51.3386193599 -1.44403382398 -1.0468856943e-18)
(51.3691831793 -1.675701376 -3.76665897387e-19)
(51.4165780173 -1.93493797309 1.14181002882e-18)
(51.4865996259 -2.2244401485 -1.41220281324e-18)
(51.5860716936 -2.54573756704 2.17159200747e-18)
(51.7228330268 -2.89883775472 -2.62871774684e-18)
(51.9055633999 -3.28180222437 3.62945240932e-20)
(52.1436149324 -3.69025327948 1.15733906318e-18)
(52.4460923713 -4.11684763716 -1.67141005655e-18)
(52.822489519 -4.55075170559 -5.17289810282e-18)
(53.2770237982 -4.9778703043 -2.58443275778e-18)
(53.8244621813 -5.37759624652 5.0782663391e-18)
(51.299662714 -0.0844370103037 3.46171688015e-22)
(51.2972797574 -0.245720688079 2.63240096781e-19)
(51.2910432236 -0.400113926062 8.03101590657e-19)
(51.2810910834 -0.552218771051 2.91789186125e-19)
(51.2680841317 -0.70684708803 5.70667842742e-20)
(51.2530367649 -0.869121861462 6.18253475173e-19)
(51.2374475956 -1.04449082696 2.78684477715e-20)
(51.2235558241 -1.23858308717 -7.24024966665e-19)
(51.2145016728 -1.45700788316 -3.25269403963e-19)
(51.214436569 -1.70515713376 -4.47667333787e-19)
(51.228703763 -1.98797044682 1.29449799954e-19)
(51.2639940938 -2.30967960865 -2.31302367909e-18)
(51.3284858203 -2.67341507366 -8.75625244249e-19)
(51.4319569275 -3.08072371535 1.56680706524e-18)
(51.5857502314 -3.53099096187 6.54958853309e-19)
(51.8027683749 -4.0206629602 2.11188545473e-18)
(52.0963705539 -4.54226693994 3.76265468011e-18)
(52.48147 -5.08343297002 -2.0908283065e-18)
(52.9666195405 -5.62644470861 -5.30023966205e-19)
(53.5761046435 -6.14439976555 -4.18521477971e-19)
(51.2991521315 -0.0814659161463 2.02118718041e-21)
(51.2935784959 -0.236405754473 -1.78617856318e-19)
(51.2794999622 -0.384002170796 -1.02119059725e-18)
(51.2576196225 -0.529445149516 -7.23976380288e-19)
(51.2287000965 -0.678203635524 -6.7666561655e-19)
(51.1934993079 -0.836070350428 -6.16693228279e-19)
(51.1532550692 -1.00933236693 -2.89446137829e-19)
(51.1100413474 -1.20465333634 3.31960838623e-19)
(51.0669288347 -1.42890786885 1.49960823994e-24)
(51.0281405599 -1.68898314342 1.40939718505e-18)
(50.9992638448 -1.991602053 5.27588811398e-19)
(50.9875901726 -2.34307334679 2.91440840193e-18)
(51.0025143422 -2.74890543384 -1.39561340149e-18)
(51.0558133157 -3.21324830876 -1.68767729189e-18)
(51.1618323948 -3.73807611846 4.5740783173e-22)
(51.3379138442 -4.32208326768 3.92338219339e-19)
(51.6032190183 -4.95906075544 1.64897131802e-18)
(51.9807619325 -5.63614302776 6.7498965527e-18)
(52.4862057877 -6.33168547382 3.69151002343e-18)
(53.1596294296 -7.01093705962 0)
(51.2985584382 -0.0759110936853 -2.38790176836e-19)
(51.2894006568 -0.219226545622 -7.82793112287e-19)
(51.2668951413 -0.3547553063 -6.60832527398e-19)
(51.231725471 -0.488207925602 4.8373281418e-19)
(51.1848504834 -0.625527663263 1.39815109933e-18)
(51.126823229 -0.773091411041 1.41711097293e-18)
(51.0583586862 -0.937985999942 -2.82012544247e-19)
(50.9809936351 -1.12791645417 -1.00000679067e-18)
(50.8973357007 -1.35107149157 2.13218146731e-18)
(50.8112149442 -1.61602791648 -1.37229776215e-18)
(50.7279900474 -1.93166163364 9.53459649103e-20)
(50.6550488215 -2.30694681424 6.5178396277e-19)
(50.6024095244 -2.750675456 -5.9384565114e-19)
(50.5834341872 -3.27094501045 3.08390216898e-19)
(50.6154664741 -3.87419697541 -1.23454670799e-18)
(50.7209628943 -4.56384604602 1.39734142195e-18)
(50.9265736336 -5.33792029289 -5.51854386625e-18)
(51.2675006992 -6.18629559705 -2.14242285314e-18)
(51.7711683609 -7.08533671544 6.36411170465e-18)
(52.5045744666 -7.9916873702 -7.09578698364e-19)
(51.2979869831 -0.0676192957376 -7.10628989666e-21)
(51.2850761394 -0.193607718836 1.06451715078e-19)
(51.253243863 -0.311094184617 5.4180348925e-19)
(51.2036867952 -0.426274028163 5.76951691522e-19)
(51.1375048052 -0.545364304672 3.02164181587e-19)
(51.0546516054 -0.67519464494 -1.29673976167e-18)
(50.9550216494 -0.823542656487 -4.77837502386e-19)
(50.8393185238 -0.999062835364 1.6515686136e-18)
(50.709224665 -1.2112287879 -4.48772275443e-19)
(50.5675395051 -1.4703671436 -1.02556474262e-18)
(50.4185899806 -1.7877356503 2.19136652203e-19)
(50.2688902703 -2.17554451028 -9.02035734651e-19)
(50.1280060447 -2.64686369766 -3.18813423912e-18)
(50.0097390815 -3.21533608985 2.80787469791e-18)
(49.9333876915 -3.89436683332 -1.21665648638e-18)
(49.9260043547 -4.69583715889 -8.59985053447e-19)
(50.0224706973 -5.62680283571 1.19719139618e-18)
(50.2736878099 -6.68698567386 -1.24981884995e-18)
(50.7275788707 -7.85763756772 3.6024729024e-18)
(51.5069213253 -9.10006694664 -5.83728730552e-18)
(51.2974921667 -0.0565628005774 3.29535955589e-19)
(51.2812552878 -0.160222748859 5.85841609894e-20)
(51.2404964531 -0.255106797881 2.12378120091e-19)
(51.1764463308 -0.346436666688 -8.97002937962e-19)
(51.0904931827 -0.440797588537 -8.93619121584e-19)
(50.981941406 -0.545596599963 -1.57018478614e-18)
(50.849610089 -0.669102221017 5.71319859987e-19)
(50.69295499 -0.820568510206 -1.0002647819e-18)
(50.5121799776 -1.01045786565 -1.93884460487e-18)
(50.3082659353 -1.25060317885 1.86686260854e-18)
(50.0833762041 -1.55448745892 0)
(49.8416603203 -1.93762244685 -2.60523621717e-19)
(49.5903237467 -2.41789598692 8.21941839469e-19)
(49.3412798065 -3.01595075142 3.70947096637e-19)
(49.1131205421 -3.75490944664 -2.33882343888e-18)
(48.9351709734 -4.66056415797 -1.24627454619e-18)
(48.8486570219 -5.75583717986 -9.86611829896e-19)
(48.9192232129 -7.06578425352 8.13400617454e-19)
(49.2205204558 -8.57625193831 -3.06374858372e-18)
(49.9225826162 -10.307884514 3.96391549703e-18)
(51.2967240291 -0.0412135193359 4.95059881433e-19)
(51.2758285097 -0.113919323887 9.20608030259e-19)
(51.2258967192 -0.177307586114 -2.76365127508e-19)
(51.1486061463 -0.23677243545 -1.45026187631e-19)
(51.0436616485 -0.29790126677 -3.91300209702e-22)
(50.9096373675 -0.367727086655 -1.99174983562e-19)
(50.7444953599 -0.454593157535 1.15470751255e-18)
(50.546210795 -0.568076663494 1.92332288339e-18)
(50.3129056177 -0.719079103547 1.5081200833e-18)
(50.0429611703 -0.920333757514 1.59216599838e-18)
(49.7352201305 -1.186953236 6.57237464472e-18)
(49.3896421346 -1.53719280137 2.63785589532e-18)
(49.0082711753 -1.99344959874 4.93617051416e-18)
(48.5972648444 -2.58375172625 -7.67195358716e-19)
(48.1684823544 -3.34282579011 7.99358931566e-18)
(47.7481182072 -4.31541796334 -1.03198187194e-18)
(47.3709541485 -5.55059665652 -9.3169657575e-18)
(47.1325154451 -7.12136698893 -1.73054814017e-17)
(47.0787605385 -9.04078894206 -4.02731405923e-18)
(47.5220240914 -11.4553783864 -1.63149427432e-17)
(53.6464346804 -0.121905986184 1.86473573399e-18)
(53.7565670777 -0.124233089736 -7.88669356928e-19)
(53.8675285713 -0.126334634204 7.83012511998e-19)
(53.9793918969 -0.128199888978 7.83540516132e-19)
(54.0921299856 -0.129826341631 -2.2888727665e-18)
(54.2055387982 -0.131208936453 7.69380838519e-19)
(54.3193404877 -0.13233977096 -7.67166838195e-19)
(54.4332751393 -0.133210966992 -1.51213977221e-18)
(54.5471055457 -0.13381576434 -6.94095275555e-19)
(54.6605940038 -0.134148349408 1.4617338911e-18)
(54.7734936207 -0.134203660578 -4.64479784028e-20)
(54.8855520375 -0.133977382532 -1.39605851511e-18)
(54.9965175411 -0.133465992686 5.11394298876e-21)
(55.1061400084 -0.132666646421 6.60119247772e-19)
(55.2141681758 -0.131576595023 1.25451609757e-18)
(55.320346924 -0.130192478823 6.00101162366e-19)
(55.4244316494 -0.128509715964 3.07820387623e-20)
(55.5261443102 -0.126520424128 3.33381677395e-20)
(55.6253284258 -0.12421262657 -5.05931093799e-19)
(55.7212550897 -0.121548270535 6.99864178742e-19)
(53.6601050658 -0.412905522204 3.35772040551e-19)
(53.7722429331 -0.417696525439 5.26221371157e-22)
(53.8854194392 -0.421679034634 3.14869807136e-18)
(53.999534345 -0.424857998527 1.57571899517e-18)
(54.1145223432 -0.427207401055 -6.29016886611e-18)
(54.2301949044 -0.428698705703 -1.60208675363e-18)
(54.3462798324 -0.429307442335 2.34511708748e-18)
(54.462508676 -0.429013903735 8.50772522443e-21)
(54.578632655 -0.42780265778 2.99407292587e-20)
(54.6944039339 -0.425662289686 3.32075137506e-20)
(54.8095664236 -0.422585600151 -2.15010525832e-18)
(54.9238588904 -0.418569799632 -4.98553152636e-23)
(55.0370213902 -0.413616617398 2.74388949261e-18)
(55.1487980009 -0.407733149563 3.30537575054e-20)
(55.2589362414 -0.400931271361 0)
(55.3671864313 -0.393226475918 1.763210198e-20)
(55.4733190315 -0.384640813881 3.97781543878e-20)
(55.5770988955 -0.375202716995 1.07523089348e-18)
(55.6783950525 -0.364955963046 1.49719218846e-18)
(55.7766697218 -0.353904109288 -1.17406073744e-18)
(53.6969811988 -0.674959609593 1.34571639643e-18)
(53.8122650611 -0.68348202323 -5.41940371844e-21)
(53.9284712404 -0.690742419797 -4.82363235479e-18)
(54.0456993651 -0.696729315119 2.3319008951e-18)
(54.1639287603 -0.701384955947 -7.83018481994e-19)
(54.2829332913 -0.704653640701 -1.48685513247e-18)
(54.4024022669 -0.706488927503 3.16125140054e-18)
(54.5220439687 -0.7068529666 7.56714440597e-19)
(54.6415911692 -0.705715045552 7.81736917563e-19)
(54.7607754724 -0.703051439714 -1.48668836715e-18)
(54.8793177319 -0.698845863766 -2.29118831635e-18)
(54.9969322278 -0.693089766103 8.18731431335e-19)
(55.1133327273 -0.685782554909 1.42049639358e-18)
(55.2282350107 -0.676932960372 -7.63820433427e-19)
(55.3413563544 -0.666558840267 5.901706184e-19)
(55.4524081732 -0.654686173213 1.83776370034e-18)
(55.5611124403 -0.641353493279 -5.64868239098e-19)
(55.6671493904 -0.626610417728 -2.21494948737e-18)
(55.7703334783 -0.610538754573 -2.04704828051e-19)
(55.8698138326 -0.593152163419 3.02997385927e-18)
(53.7443508483 -0.970224400183 -1.19187694624e-18)
(53.8647415835 -0.982903430753 -8.05452687421e-19)
(53.9863844758 -0.993662799314 1.65209739469e-18)
(54.1092298862 -1.00248098277 8.90164254365e-19)
(54.233203163 -1.00928335088 -5.37595536838e-20)
(54.3580601358 -1.01399392189 4.1974147119e-18)
(54.4834658628 -1.0165464702 -3.91728208489e-20)
(54.6090968299 -1.01688639754 -3.34200119922e-18)
(54.734652064 -1.01496969662 -8.87449900174e-19)
(54.8598288379 -1.01076286521 -1.59182031276e-18)
(54.9843128498 -1.00424325464 8.74479189271e-19)
(55.1077825553 -0.995399443527 1.60531720454e-18)
(55.229915669 -0.984231517724 -2.23325764578e-18)
(55.3503925501 -0.970751542972 -7.61155171092e-19)
(55.4688984799 -0.954984530862 7.38725154571e-19)
(55.5851179558 -0.936967501006 6.26483246708e-19)
(55.6987515157 -0.916750331085 2.32309020346e-18)
(55.8094714941 -0.894392697824 -2.32101892235e-18)
(55.9171016146 -0.869988326195 5.67260004682e-20)
(56.0208208988 -0.843525494497 -5.23847794972e-19)
(53.8104513053 -1.26659117898 -5.28655722923e-19)
(53.9379144438 -1.28352260906 -3.5700764868e-18)
(54.0667293075 -1.29791244563 1.81761700698e-18)
(54.1969308467 -1.30973811187 5.36890281326e-18)
(54.328465373 -1.31888825435 -1.80377929588e-18)
(54.4610504448 -1.32524971219 -7.06087290725e-18)
(54.5942983787 -1.32872500446 -2.73748847238e-18)
(54.7278388596 -1.32923429923 3.39168032072e-18)
(54.861328055 -1.32671312377 4.09978174278e-18)
(54.99441837 -1.32111109734 3.42103378326e-18)
(55.1267476298 -1.31239303899 -1.57887174766e-18)
(55.2579445839 -1.30053957733 -2.42495383065e-18)
(55.3876360549 -1.2855473701 -7.52129494441e-19)
(55.5154498268 -1.2674297604 9.67289494108e-19)
(55.641018181 -1.24621905751 7.43775900019e-19)
(55.7639719316 -1.22196585767 -7.15488631418e-19)
(55.8839563896 -1.19474090635 5.55872449493e-19)
(56.0005711262 -1.16463199525 -6.05527250273e-20)
(56.1135930598 -1.1317829127 -3.37721165209e-19)
(56.221985191 -1.09620554199 -1.39441408018e-18)
(53.8867940713 -1.58943410425 -1.34938995428e-18)
(54.0232791344 -1.6119024556 -6.5688330821e-23)
(54.161491255 -1.6310708114 5.7277273375e-18)
(54.301414209 -1.64688477252 9.60768475942e-19)
(54.4429655735 -1.65919235479 -3.86861521282e-18)
(54.5858166279 -1.66784176221 -8.93285640206e-19)
(54.729518316 -1.67269792825 -1.94849126601e-18)
(54.873636304 -1.6736472684 -2.72626221164e-18)
(55.017764744 -1.67059915336 1.96509890536e-18)
(55.1614935791 -1.66348353284 1.75331570617e-18)
(55.3043953928 -1.6522506207 6.82889746967e-19)
(55.4460323599 -1.63687203436 2.78155177633e-18)
(55.5859637582 -1.6173402277 -9.16528932489e-19)
(55.7237481614 -1.59366968282 -1.67568388075e-18)
(55.858949788 -1.56589968382 -1.68085322411e-18)
(55.9911332129 -1.53409250242 -7.71801876305e-19)
(56.1198805481 -1.49833625601 2.2083236932e-18)
(56.2447187942 -1.45873911834 1.31092077442e-18)
(56.3653891635 -1.41547591184 -3.06365703293e-18)
(56.4806699001 -1.36855144943 1.93572977206e-18)
(53.9746874035 -1.93326579597 -1.14358711145e-18)
(54.1226513251 -1.96201866128 -2.1188093938e-18)
(54.27273767 -1.98661196322 2.70766526902e-21)
(54.4249360761 -2.00695246892 -3.1520133843e-18)
(54.5791480901 -2.02283612669 1.06180357145e-18)
(54.7349870915 -2.03406384774 2.88374826975e-21)
(54.8919280658 -2.04045812013 -1.03340561364e-18)
(55.0494560736 -2.04186670025 4.20730453007e-18)
(55.2070831587 -2.03816516316 2.28581145297e-18)
(55.3643176784 -2.02925814499 -2.79845151447e-18)
(55.5206498024 -2.01507786978 1.17627692807e-19)
(55.6755573623 -1.99558368674 9.16886100988e-19)
(55.8285147603 -1.97076286598 -3.12752018523e-18)
(55.97899457 -1.9406311795 8.63289788244e-19)
(56.1264749081 -1.9052338667 9.71073174872e-19)
(56.2704357682 -1.86464597057 1.79025022342e-19)
(56.4103778142 -1.81897693936 4.70040190921e-19)
(56.545733171 -1.76836092759 1.4300017051e-18)
(56.6761864866 -1.71301859721 8.17267666073e-19)
(56.800270246 -1.65295750709 -6.12953484514e-18)
(54.0680571584 -2.30901912677 6.93116411586e-18)
(54.2300115126 -2.34575376756 3.29608466619e-18)
(54.3947113735 -2.37730448511 -4.56657588465e-18)
(54.5621245877 -2.40356344843 5.69863586342e-20)
(54.7320728132 -2.42424432297 3.37314644791e-20)
(54.9040881342 -2.43905871425 -5.01070979246e-20)
(55.0775552645 -2.44776472433 1.65731901889e-19)
(55.2518624268 -2.45016569917 1.12016175087e-18)
(55.4264200358 -2.44609897419 4.45171714662e-18)
(55.600629849 -2.43543567065 -2.32549349182e-18)
(55.7738749842 -2.41808509859 -4.32466175551e-18)
(55.9455258013 -2.39399238167 -1.16792600833e-18)
(56.1149494426 -2.36313901122 -1.69670564652e-19)
(56.2815136677 -2.32554243432 2.05190018487e-18)
(56.4445904279 -2.28125342113 -1.94585003183e-19)
(56.6035533394 -2.23036057461 2.67768010613e-18)
(56.7578033058 -2.17299450101 -4.70006226383e-22)
(56.9066529802 -2.1093116461 -1.70611039631e-18)
(57.0497173809 -2.03957488106 -1.43858967571e-18)
(57.1852105332 -1.96378286391 9.19765915559e-19)
(54.1627963705 -2.72108423036 6.59626456964e-19)
(54.3418608946 -2.76769071613 3.86640112474e-18)
(54.5243862208 -2.80789788927 -2.48726874911e-18)
(54.7103190296 -2.84153352144 -3.79314405664e-18)
(54.8995752486 -2.86821491757 1.22679475362e-18)
(55.0915672993 -2.88756354405 3.82440419205e-18)
(55.2854873786 -2.89926142677 3.77681115696e-21)
(55.4805719846 -2.90305132204 -5.13064711377e-18)
(55.6761111828 -2.89872615288 2.40289276562e-18)
(55.8713811031 -2.88612375817 2.12098035442e-18)
(56.0656285975 -2.8651298566 7.86208655676e-20)
(56.2580890828 -2.83567836384 -3.50562210382e-18)
(56.4479988423 -2.79774841534 -2.08173895313e-18)
(56.6346016237 -2.75136284817 1.26667122919e-18)
(56.8171487954 -2.69658349527 -1.61621110078e-19)
(56.9948900228 -2.63351228368 2.19442061815e-18)
(57.1671127963 -2.562298365 4.07366812627e-19)
(57.3330005938 -2.48311706596 -2.82137843674e-18)
(57.492088566 -2.39627063094 -1.04545602293e-18)
(57.6422393752 -2.3017254694 5.61879727662e-18)
(54.2509666454 -3.17797156271 1.34959960261e-18)
(54.4505429531 -3.23721121021 1.4201752013e-18)
(54.6546735448 -3.28859879563 4.24282929851e-18)
(54.8632680815 -3.3318303453 2.70577728423e-20)
(55.0761428706 -3.36640243373 -5.83234126806e-18)
(55.2925645252 -3.39183506852 -2.79731920436e-20)
(55.5115506454 -3.40771659265 1.35706732839e-18)
(55.7321562925 -3.41371130363 -2.83852675796e-18)
(55.9534952548 -3.40955742373 -1.26942490421e-18)
(56.1746743856 -3.39506314061 2.80813079232e-18)
(56.3947729088 -3.37010017377 2.74908679542e-18)
(56.6128614653 -3.33460033277 1.5936328392e-18)
(56.828019846 -3.28855274818 4.33177913739e-19)
(57.0393475905 -3.23199812785 -3.58503295588e-18)
(57.2459650705 -3.16502001099 4.15612143825e-19)
(57.4469912118 -3.08774030381 1.27057470551e-18)
(57.6415904201 -3.00032801611 -1.48308276131e-18)
(57.8288059647 -2.90297442846 1.09321264804e-18)
(58.008091468 -2.79601482065 -2.48371531716e-18)
(58.176901961 -2.67935339887 5.40646040366e-18)
(54.322997863 -3.68808603215 -8.63079178067e-19)
(54.547237251 -3.7635319973 -1.61359388569e-18)
(54.7774761433 -3.82931372255 6.44217860757e-18)
(55.0135568756 -3.88499977571 -4.85144450972e-18)
(55.2552263711 -3.92990710015 -9.85314444376e-18)
(55.5015485625 -3.96338942735 3.33324768884e-18)
(55.7512769411 -3.98491196605 4.96973045748e-18)
(56.0032071312 -3.99405818965 3.44993556846e-18)
(56.2562093217 -3.99051954391 -1.44051748053e-18)
(56.5091595953 -3.97408866767 -1.45635589139e-18)
(56.7609213823 -3.94464892738 4.76791894486e-18)
(57.010365631 -3.90216325948 -2.37267189949e-19)
(57.2563911893 -3.84666344539 -3.14012960331e-18)
(57.4979354815 -3.77823419932 1.64246665365e-18)
(57.7339833331 -3.69700457192 -1.21054309108e-18)
(57.9635363239 -3.6031345422 -4.52969537205e-18)
(58.1856494331 -3.49681504567 2.77655764002e-19)
(58.3992394337 -3.37824458799 1.89852938213e-18)
(58.6037034618 -3.24777807895 -1.18209373063e-18)
(58.7960920529 -3.10520595137 1.28965774534e-18)
(54.3654274816 -4.26193956245 6.83200188469e-18)
(54.6192636164 -4.35854092593 -3.61968279376e-18)
(54.8810831398 -4.44320420475 -1.75785954285e-18)
(55.1506204184 -4.51527196294 3.83469016724e-18)
(55.4275173172 -4.57380839696 -3.70931864028e-18)
(55.7105330261 -4.61794768336 1.49061384049e-19)
(55.9980261134 -4.64700786332 3.87747591502e-18)
(56.2884144873 -4.66049113622 1.74427209898e-18)
(56.5802250989 -4.65806793081 -5.85458051445e-18)
(56.8720142629 -4.63955961096 -1.91708642139e-18)
(57.1623539742 -4.60492082755 -1.61706065379e-18)
(57.449867567 -4.55422112224 -4.32785783335e-19)
(57.7332572932 -4.48761585045 5.06480472647e-18)
(58.01130506 -4.4053120078 -1.79001882111e-19)
(58.2828792678 -4.30754742641 -5.57610279481e-18)
(58.5469036756 -4.19456025848 -4.14428858821e-19)
(58.8023783176 -4.06657879758 -2.38471684623e-18)
(59.0481452629 -3.92379229891 2.43455734064e-19)
(59.2835939217 -3.76652882732 2.62942614177e-18)
(59.5054055755 -3.59436086377 4.01354162891e-18)
(54.3600838581 -4.91186021955 -5.47755586489e-18)
(54.6495881006 -5.03642210761 -5.93293772676e-18)
(54.9498980836 -5.14613485736 1.99390660639e-18)
(55.2605441255 -5.23996456109 5.27813577494e-20)
(55.5809717505 -5.31658545716 6.59205754204e-18)
(55.9094558822 -5.37482833814 2.2477227642e-18)
(56.2437401489 -5.41380934637 -1.13175992684e-17)
(56.5816685188 -5.4329526057 -4.94987923748e-18)
(56.9212444978 -5.43196222724 4.57740896397e-18)
(57.2605474452 -5.41078413051 6.67165803618e-18)
(57.5977335022 -5.36956972844 1.42903810816e-19)
(57.931095177 -5.3086318807 -6.36573057881e-18)
(58.259111072 -5.22839360192 -2.32336257992e-21)
(58.5804487432 -5.12933314391 -2.39884527087e-18)
(58.8939522448 -5.01193309723 -3.82037136716e-18)
(59.1985991112 -4.87663327879 3.69127391134e-18)
(59.4935055266 -4.72380694412 5.7764574701e-18)
(59.7776323493 -4.55369725392 1.65783377287e-18)
(60.0505361029 -4.36662089203 3.76390031237e-19)
(60.3088056585 -4.16188761801 -3.94287418237e-18)
(54.282137564 -5.65303595632 7.68467526809e-20)
(54.6148515466 -5.81503565607 2.36692803246e-18)
(54.962491897 -5.95829705854 -1.17384691504e-19)
(55.3242741332 -6.08117567479 -5.22322926179e-18)
(55.6992500431 -6.18175634569 0)
(56.0849078558 -6.25840251914 -2.74502889643e-18)
(56.4780282206 -6.30995354235 -5.40167294626e-18)
(56.875483346 -6.33578123758 1.11174883671e-17)
(57.2744194907 -6.33575963532 5.74072685565e-18)
(57.6721948132 -6.31019944166 -7.82577312736e-18)
(58.0663944352 -6.25976046699 -3.25280958305e-18)
(58.4549059383 -6.18533796999 -6.17419330032e-19)
(58.8359702839 -6.08793458533 2.16698681939e-18)
(59.2081783247 -5.96853983281 -2.56388555959e-19)
(59.5704381288 -5.82803505968 -1.49514334049e-18)
(59.9219101425 -5.66714058801 4.77590103649e-18)
(60.2620133743 -5.48640958751 7.59418443195e-18)
(60.5900736859 -5.2861471102 -1.17168613197e-17)
(60.9060793494 -5.06661668471 -1.66656625274e-18)
(61.2067081445 -4.82672473582 3.82650110551e-18)
(54.097681465 -6.50495454677 1.58089436916e-19)
(54.4836519659 -6.7188087989 5.92115014325e-18)
(54.89073693 -6.9085244337 3.36263078266e-18)
(55.3175638195 -7.0712280025 -6.20845822106e-18)
(55.7625496811 -7.20398127348 -5.11184591807e-21)
(56.2219345133 -7.30443100383 3.12785383291e-18)
(56.6908760196 -7.37107743186 3.16861370359e-18)
(57.1645866448 -7.40332753438 -2.2383743924e-19)
(57.638682443 -7.40146807431 -6.80586907012e-18)
(58.1092453499 -7.36657827943 -5.98772155408e-18)
(58.5729466865 -7.30038795401 -8.99036495017e-18)
(59.0271827526 -7.20506904209 -2.95284523325e-18)
(59.4700935991 -7.08298159219 5.32935796453e-18)
(59.90048317 -6.93640553665 6.00040161633e-18)
(60.3176670625 -6.76726371051 3.16797665553e-18)
(60.7212976616 -6.57694696908 3.29542628225e-19)
(61.1113398495 -6.36631254496 -1.2492853228e-18)
(61.4878474825 -6.13567092272 -7.22636818913e-19)
(61.8516968939 -5.88508719223 3.7882154877e-18)
(62.2010380732 -5.6130298011 8.16329288978e-18)
(53.7552072488 -7.49014362733 -3.30351528819e-18)
(54.2077744265 -7.77776242119 -6.97731890735e-18)
(54.6922395041 -8.03426857725 3.92007036133e-18)
(55.2059455667 -8.25436582732 7.86094248343e-18)
(55.7457034865 -8.43289232825 1.18029940353e-17)
(56.3053280762 -8.56588135277 -7.62824644327e-18)
(56.8771467833 -8.65118758186 -2.76438462982e-17)
(57.4534755778 -8.68864886913 7.30254130582e-18)
(58.027159311 -8.67983088414 1.51186401927e-17)
(58.5917503756 -8.62752821667 -3.68882541387e-18)
(59.1418464038 -8.53528704365 -7.61364741439e-18)
(59.6732588272 -8.40697482952 3.97167436814e-18)
(60.1833686248 -8.24654998634 1.68719551489e-17)
(60.6714576643 -8.0579637974 6.27575659526e-18)
(61.1384956422 -7.84495733823 -6.89272996998e-18)
(61.5865048518 -7.61083804309 -8.66850900854e-18)
(62.0178998677 -7.35832753082 3.75662768314e-18)
(62.4350198963 -7.08928031349 2.37777255168e-18)
(62.8406847612 -6.80451664682 -9.17499178648e-19)
(63.2348125421 -6.50233248275 -9.46156916264e-18)
(53.1841287033 -8.63882639942 0)
(53.7198437764 -9.03023908151 2.50600151755e-19)
(54.3060380885 -9.38030821437 -9.40833035592e-18)
(54.9388582227 -9.68083761695 -9.25044356762e-18)
(55.6122135446 -9.92316755874 2.45076590403e-17)
(56.3143221907 -10.0994425402 1.43178659177e-17)
(57.0302837532 -10.2047967348 -1.44954293202e-17)
(57.7453112036 -10.2390437321 9.59943203466e-19)
(58.4468827214 -10.2063227259 5.98202892764e-19)
(59.124987121 -10.1138155835 -1.7583489639e-17)
(59.7727089608 -9.9701585085 -2.63063730598e-18)
(60.3855117938 -9.78467342263 1.94778837387e-17)
(60.9624337553 -9.56699870419 4.51768738192e-18)
(61.5053402496 -9.32445233554 1.43820953938e-18)
(62.0179099847 -9.06171185113 -7.49923246558e-18)
(62.5046434273 -8.782179152 4.75343504398e-19)
(62.9710144782 -8.48913526873 5.1491186875e-18)
(63.4225758643 -8.18586435716 -1.1364863193e-17)
(63.8653765741 -7.87466521333 2.06553656309e-18)
(64.3036733654 -7.5551167562 3.95504797663e-18)
(52.2869925333 -10.0212050723 -1.53619612668e-17)
(52.9330539346 -10.5950222495 2.1715527476e-21)
(53.6545217651 -11.1094283015 1.16296195166e-17)
(54.444520052 -11.543884351 -3.19299066509e-19)
(55.296501108 -11.8824557209 -6.56417109369e-18)
(56.1936883922 -12.1117918618 -2.9442591329e-19)
(57.1080412273 -12.2246411235 4.72893340549e-19)
(58.0089706696 -12.2222547574 1.2202706821e-17)
(58.8702806325 -12.1121097291 4.95165201011e-18)
(59.6765248064 -11.9087760753 4.38195228812e-18)
(60.4211289229 -11.6310370384 -1.70349353405e-18)
(61.1098280783 -11.3044183569 -3.58280196513e-18)
(61.7525982586 -10.9578781661 -1.00099031464e-18)
(62.3584855843 -10.6132365893 -9.93712487879e-18)
(62.937108491 -10.2796178 4.41911028306e-18)
(63.4892594103 -9.95732238981 1.54143587306e-18)
(64.0157639694 -9.64191882549 -7.71198154817e-19)
(64.5110461034 -9.32706826631 1.18110548872e-17)
(64.9728068606 -9.01028135079 -2.16913257094e-18)
(65.4054779225 -8.68905745966 -8.02917879646e-18)
(50.7322069111 -11.6383800251 8.32051516132e-18)
(51.489232088 -12.4900345845 1.29318216333e-17)
(52.3925139631 -13.2545365375 0)
(53.4218362428 -13.8961981123 0)
(54.560167436 -14.3727512332 0)
(55.774158607 -14.6492766315 2.6892139505e-17)
(57.0124171671 -14.7267911155 -9.65119801561e-18)
(58.2295601823 -14.6276300254 -3.40110169336e-17)
(59.3815747907 -14.3875662153 1.25439228776e-20)
(60.4684765191 -14.0454116821 2.11192192374e-17)
(61.4636367804 -13.6313454334 6.58651806877e-18)
(62.3864155709 -13.1810619673 -9.47893527026e-18)
(63.1667615884 -12.6904862984 -4.01555867729e-18)
(63.773333496 -12.1898958539 9.89543156907e-19)
(64.2476985527 -11.675947558 4.14703178788e-18)
(64.6226419159 -11.1583906227 -5.82662308917e-18)
(64.9272704812 -10.6615961119 -1.94413771205e-18)
(65.2178457099 -10.2048837156 1.00355585688e-17)
(65.5166586424 -9.80350760285 -6.43179424525e-18)
(65.8308374006 -9.4625938761 -1.140971771e-17)
(48.2206853211 -13.1152044481 1.38225349643e-17)
(49.0110156272 -14.1976895835 1.5861407351e-17)
(50.0996872563 -15.3305854766 0)
(51.524528444 -16.4628881896 0)
(53.2520750997 -17.3597040154 -1.35749263974e-17)
(55.1437463558 -17.8751925553 -2.6397082702e-17)
(57.0499796237 -17.9919961866 -2.75635321366e-17)
(58.8608074631 -17.7746687627 5.31276791964e-17)
(60.5454481148 -17.3670498975 5.67347184565e-17)
(62.0732128905 -16.8379944546 2.8584755255e-18)
(63.3243785533 -16.2170894086 -3.10503813527e-17)
(64.2954942432 -15.5647371047 -2.58216024252e-17)
(64.938114139 -14.8589672711 1.38000896968e-17)
(65.2567221597 -14.1798307952 2.32701910338e-17)
(65.0887037515 -13.5770755849 -1.24100409051e-17)
(64.565011558 -13.055636017 -1.86055780392e-17)
(63.6826836555 -12.577481625 1.60173244051e-17)
(62.4326556069 -12.104955681 -2.75645308238e-17)
(60.8546649171 -11.545573562 3.62994385866e-17)
(58.8420042372 -11.0775629702 -7.78925302232e-18)
(55.7916538322 -0.119346892157 1.65290163383e-18)
(55.8377354056 -0.117770816684 -5.72054002709e-19)
(55.8830829407 -0.116140714017 -2.71715958787e-18)
(55.9276305254 -0.114466761687 4.67307046806e-21)
(55.9713148278 -0.112746631881 1.96770081293e-18)
(56.014127966 -0.110979449229 -1.38105914123e-18)
(56.0560677843 -0.109166691101 8.68773990897e-19)
(56.0971221893 -0.107310228399 1.22362286076e-18)
(56.1372729905 -0.105411501149 -1.12904420188e-18)
(56.1765030999 -0.103471731386 -2.47076693499e-21)
(56.2147994301 -0.101492149571 6.64370563072e-19)
(56.2521506858 -0.0994739528811 -1.18911200195e-20)
(56.2885460417 -0.097418182945 -1.41116749813e-18)
(56.323975411 -0.0953256274676 4.87999747085e-21)
(56.3584296778 -0.0931966976022 4.42898121112e-19)
(56.3919006493 -0.0910310411492 -2.26214164699e-21)
(56.4243807404 -0.0888301757882 2.32156663606e-20)
(56.4558622343 -0.0865729913145 -1.62581816778e-22)
(56.4863354969 -0.0844238123062 -8.14122768727e-21)
(56.5157941894 -0.0827128225962 -1.0105382963e-20)
(56.5442568645 -0.0815000780254 6.88678456052e-20)
(56.5717723539 -0.0807718815767 1.5945284626e-19)
(56.5984001569 -0.0804690294856 1.53326104143e-19)
(56.6241977556 -0.0806544149395 1.93740348452e-19)
(56.6492278225 -0.0805626170769 -2.00235944962e-20)
(56.6735296113 -0.0800408878254 2.32295798079e-19)
(56.6970949815 -0.0790485639474 2.35437487677e-19)
(56.7198957001 -0.077573441139 8.561716194e-20)
(56.7419048106 -0.0756290877357 4.83237010658e-21)
(56.7631009705 -0.0732111437133 2.50693921734e-19)
(56.7834630319 -0.0704990341856 4.31466012243e-21)
(56.8029721811 -0.0678078342024 -4.47404056115e-21)
(56.8216312686 -0.0652092902984 -2.62699263227e-21)
(56.8394691493 -0.0627189112166 5.99400161857e-21)
(56.856522114 -0.0603336799674 7.27124227156e-19)
(56.8728226968 -0.058051250535 -7.93633251082e-19)
(56.8884004835 -0.055870598278 -5.57130701789e-19)
(56.9032857663 -0.0537880523669 3.101727786e-19)
(56.9175067996 -0.0517989215247 6.27505094037e-19)
(56.9310930781 -0.0498979646267 4.21639511693e-21)
(56.9440758374 -0.0480792830729 -1.42705559519e-18)
(56.9564825215 -0.0463368014343 7.09501274012e-19)
(56.9683402994 -0.0446644650818 1.58797988774e-18)
(56.9796756475 -0.0430565403888 -7.68431930125e-19)
(56.9905144771 -0.0415079328335 -1.28284693511e-18)
(57.0008826643 -0.0400142950852 8.87901847098e-19)
(57.0108042319 -0.0385721391279 1.77658893162e-21)
(57.0203020124 -0.0371787387513 -1.40524231341e-18)
(57.0293983088 -0.0358319107083 -7.43161146842e-22)
(57.0381147439 -0.034529667141 1.47874525403e-18)
(57.0464716291 -0.033269868086 2.878265749e-22)
(57.054487859 -0.0320500852018 -2.3961125857e-22)
(57.0621811351 -0.0308677534336 4.89872879067e-19)
(57.0695677989 -0.0297205312343 -6.72848294102e-22)
(57.0766626725 -0.0286066295951 -5.0376908796e-19)
(57.0834791545 -0.0275249305129 -1.09439088251e-18)
(57.0900292807 -0.0264747530297 -5.16990661376e-19)
(57.0963237078 -0.0254550004107 -5.59257046146e-19)
(57.1023715533 -0.0244641734696 1.09121580609e-18)
(57.1081802877 -0.0234989129753 1.66653212511e-18)
(57.1137556497 -0.0225548088107 -5.71848674347e-19)
(57.1191012566 -0.0216270135454 -1.1132718751e-18)
(57.1242186711 -0.0207088443574 1.69383570667e-18)
(57.1291068941 -0.0197925896543 -1.6997351327e-18)
(57.1337624928 -0.0188725159647 -1.70277537142e-18)
(57.138180534 -0.017942412509 1.70543607153e-18)
(57.1423530472 -0.0169943218702 -9.33662138379e-23)
(57.1462680092 -0.0160195679724 -5.7780090602e-23)
(57.1499148752 -0.0150084019098 5.79633938826e-19)
(57.1532699777 -0.0139555209566 -1.8543704066e-19)
(55.8485928467 -0.345251542491 -1.11790580008e-18)
(55.8952788666 -0.339246300213 -1.74326163668e-18)
(55.9410317994 -0.333075683126 -6.57055015119e-20)
(55.9859721238 -0.326758265669 -4.78066442937e-19)
(56.0300696712 -0.320301646936 2.4372858072e-20)
(56.0732822338 -0.313713889796 1.88321747124e-18)
(56.1155868189 -0.307003714482 4.76689456856e-19)
(56.1569724685 -0.300180132881 -3.21392904191e-20)
(56.1974267836 -0.293252345319 -4.02623948648e-19)
(56.2369352165 -0.286229846089 -8.4362757432e-21)
(56.2754857416 -0.279122442827 -6.94779605697e-19)
(56.3130693654 -0.271940167565 -3.14848260801e-19)
(56.3496794163 -0.26469318829 5.75746480598e-19)
(56.3853115116 -0.257391733941 1.63576250454e-20)
(56.4199637659 -0.250046009414 -2.44582261468e-19)
(56.4536370982 -0.242666097718 6.78761198471e-22)
(56.4863354913 -0.235261856488 1.92294134063e-19)
(56.5180666483 -0.227842761348 -5.37261504835e-22)
(56.5488448208 -0.220417705763 -5.54684642876e-19)
(56.5786848879 -0.212994581173 1.72407958696e-20)
(56.6075803784 -0.20558093889 1.94386791001e-19)
(56.6354982115 -0.198188101682 8.51834793106e-21)
(56.6623981236 -0.190831525415 5.44360459454e-20)
(56.6882423069 -0.183537225142 2.37534882756e-20)
(56.7129885798 -0.176322323734 -8.18162709779e-21)
(56.7366192138 -0.169216358608 -1.24002224495e-20)
(56.7591653727 -0.162249019985 -7.92495018576e-21)
(56.7806820207 -0.15544315132 -2.11865128525e-19)
(56.8012266842 -0.148815005874 1.16310494603e-19)
(56.8208553151 -0.142376672593 3.12311707092e-19)
(56.8396282935 -0.136136186033 2.02739326446e-19)
(56.8576071016 -0.130096912109 6.12643611205e-19)
(56.8748344188 -0.124258482397 4.44230268613e-19)
(56.8913301507 -0.118620182545 -1.22601870802e-18)
(56.9071088429 -0.113182455999 -1.03096728316e-18)
(56.9221896066 -0.107946376741 5.81238232625e-19)
(56.936595137 -0.10291297672 -3.15546211581e-19)
(56.9503493586 -0.0980830322631 6.56505094099e-19)
(56.9634769666 -0.0934570430271 3.32908845074e-19)
(56.9760034096 -0.0890356289381 -7.21613815725e-19)
(56.9879549326 -0.08481857572 -1.58075736638e-20)
(56.9993585885 -0.0808046234102 1.05826122893e-21)
(57.0102420855 -0.0769916870567 4.16127636353e-21)
(57.02063353 -0.0733769564772 -1.88971415914e-20)
(57.0305611511 -0.069957098049 -1.35585957267e-18)
(57.0400530552 -0.0667279674164 1.08594142319e-21)
(57.0491370103 -0.0636843563955 9.76043196175e-19)
(57.0578402309 -0.0608199504439 -1.04763959699e-20)
(57.0661891389 -0.0581274604396 2.91934545082e-20)
(57.0742091465 -0.0555986561513 4.74463764802e-19)
(57.0819244916 -0.0532242608759 4.9634738608e-19)
(57.0893581261 -0.0509939396986 -5.02829122344e-19)
(57.0965315893 -0.0488964392631 5.51897659947e-19)
(57.1034648354 -0.0469197661982 -5.58363772983e-22)
(57.1101760512 -0.0450513746916 5.66961264967e-19)
(57.1166815035 -0.0432783581841 -8.07148812849e-22)
(57.1229953177 -0.0415875760069 -6.1328907218e-19)
(57.1291288533 -0.0399656918053 -5.48174105404e-19)
(57.1350921692 -0.0383989196352 5.8478347164e-19)
(57.1408939152 -0.036872647649 5.51994837565e-19)
(57.1465391861 -0.035371641318 3.8163684159e-20)
(57.1520314606 -0.0338798989068 5.94747242612e-19)
(57.1573816588 -0.0323807101831 -1.19691684342e-18)
(57.1625845909 -0.0308583000121 -1.79378277125e-18)
(57.167620541 -0.029293695192 4.18885989155e-22)
(57.1724852703 -0.0276667800639 1.75876373586e-18)
(57.1771767744 -0.0259584084683 5.98350008332e-19)
(57.1816864683 -0.0241465684986 3.79462517569e-20)
(57.186001387 -0.0222148797856 -5.96111766055e-19)
(57.1900884199 -0.0201424259635 -3.75570833001e-18)
(55.9426255156 -0.579533585379 -1.00224504732e-18)
(55.9901473182 -0.570046237508 -4.0840913577e-18)
(56.0368102627 -0.560247284458 -5.85134218686e-20)
(56.0825839487 -0.550169051344 1.67652326842e-18)
(56.1273976266 -0.539831983637 1.05576242748e-18)
(56.1712321557 -0.529254360975 4.88703700217e-19)
(56.2140805315 -0.518452779556 -8.9594334183e-19)
(56.2559296954 -0.507444168385 1.11568556941e-20)
(56.2967605978 -0.496246505232 -2.65889770687e-20)
(56.3365547538 -0.4848786683 -7.62329624499e-19)
(56.3752980035 -0.473360216818 1.37846628248e-18)
(56.4129788637 -0.461711354069 6.98180724144e-19)
(56.4495871985 -0.449952973579 -1.17147257874e-18)
(56.4851143987 -0.438106695224 0)
(56.5195536858 -0.426194881015 0)
(56.55290021 -0.414240658142 1.4389317733e-20)
(56.5851510198 -0.402267967646 -1.3511847617e-20)
(56.6163050114 -0.390301636408 2.05041175802e-19)
(56.6463627678 -0.378367560293 2.54948649246e-19)
(56.6753269097 -0.366493335712 4.65441340379e-20)
(56.7032002565 -0.354707248335 -2.91609876191e-20)
(56.7299928089 -0.343034608168 -5.8605214029e-20)
(56.7556906543 -0.331495659828 2.53976670048e-20)
(56.7803419893 -0.320105545278 -2.02906414049e-22)
(56.8039894821 -0.308874503313 1.5939984129e-19)
(56.826608973 -0.297806637614 -6.85661571811e-20)
(56.8482259898 -0.286905890448 -4.79821716663e-20)
(56.8688796593 -0.276179117667 1.21342082444e-19)
(56.8885975433 -0.265636237069 -1.69815866384e-19)
(56.9074008298 -0.255289761647 -2.99298188604e-19)
(56.925314192 -0.245154744159 1.7496259658e-19)
(56.9423628822 -0.235249287996 4.64153401681e-19)
(56.9585715248 -0.225593587521 3.25623526944e-20)
(56.9739661022 -0.21620668042 -2.27403695162e-19)
(56.9885747773 -0.207104909048 -2.00755890925e-20)
(57.0024278925 -0.198302162828 9.51542854725e-19)
(57.0155574018 -0.189810297705 6.49484935177e-19)
(57.0279964047 -0.181639192679 -1.40768779233e-18)
(57.0397789132 -0.173796722329 -6.84183647437e-19)
(57.0509396851 -0.166288763279 1.6127105517e-18)
(57.0615140443 -0.159119192691 1.63498055517e-18)
(57.0715376245 -0.152289926859 -8.68962743511e-19)
(57.0810461799 -0.145800951449 -1.34054168235e-18)
(57.0900754716 -0.139650350512 -4.68347751106e-19)
(57.0986610962 -0.133834359364 -4.83882144181e-19)
(57.1068382608 -0.128347402363 -9.7922140522e-19)
(57.1146415694 -0.123182148357 1.50727524803e-18)
(57.1221048615 -0.118329554365 1.01219718477e-18)
(57.1292610704 -0.113778858403 -4.44548155086e-23)
(57.1361420478 -0.109517595088 5.44749310807e-19)
(57.1427783753 -0.105531616052 -1.68094331423e-18)
(57.1491992077 -0.101805085004 -5.8043020492e-19)
(57.1554322264 -0.0983204770052 6.22098434365e-19)
(57.1615034613 -0.0950586257702 -3.99179710531e-21)
(57.1674369366 -0.0919989023214 -5.99964595928e-19)
(57.1732545034 -0.0891194866035 3.02698424764e-21)
(57.1789755743 -0.0863975850206 1.17834916276e-18)
(57.1846169419 -0.08380975348 -3.1717447214e-21)
(57.1901929657 -0.0813320382475 -1.19793295807e-18)
(57.1957155949 -0.078939356268 1.20734349696e-18)
(57.2011942523 -0.0766047986249 -4.77216601821e-21)
(57.2066349226 -0.0742996382555 1.25327530711e-18)
(57.2120313769 -0.0719929512581 -6.29170929405e-19)
(57.2173875472 -0.0696506086714 -3.09686714291e-18)
(57.2227171851 -0.0672427003371 6.26975876754e-19)
(57.2280126565 -0.0647378890086 1.25197521148e-18)
(57.2332760224 -0.0621036897499 -6.24251054779e-19)
(57.2384848755 -0.0593124629495 -6.61719760769e-19)
(57.2436035632 -0.0563310681954 -3.38816439087e-21)
(57.2486125848 -0.0531232199961 2.35172152183e-19)
(56.096577865 -0.822708116889 6.51551667567e-20)
(56.1457919869 -0.808196713491 5.7607765078e-19)
(56.1939399092 -0.793248857294 2.38626729686e-18)
(56.2410738213 -0.777913880519 3.95344330482e-22)
(56.2871369565 -0.762214879516 -2.11347465317e-18)
(56.3320983345 -0.746174529882 9.51690842232e-19)
(56.3759419405 -0.729816672716 1.85181245841e-18)
(56.4186525316 -0.713166183445 -9.32493259712e-19)
(56.4602107116 -0.696248804681 -1.68021570719e-18)
(56.5005969115 -0.679091257212 3.39520756951e-19)
(56.5397954186 -0.661721288788 4.43425512605e-20)
(56.5777934764 -0.644167602514 -3.84561411207e-20)
(56.6145801715 -0.626459752305 -1.94964331152e-20)
(56.6501465454 -0.608628052605 0)
(56.6844858634 -0.59070348841 7.44130196804e-20)
(56.7175937452 -0.572717612106 -2.35950655002e-19)
(56.7494681781 -0.554702429459 5.52480477371e-19)
(56.7801094921 -0.536690271986 1.6379739226e-19)
(56.8095203391 -0.518713686593 -3.8477355779e-19)
(56.8377056531 -0.500805140237 -2.20035095201e-19)
(56.8646724207 -0.482997359938 3.16368970638e-22)
(56.8904295862 -0.465321411815 4.08859052896e-20)
(56.9149899868 -0.447814567131 -3.74246122757e-20)
(56.9383685471 -0.430495541485 -7.38171765702e-20)
(56.9605799004 -0.41340248348 1.88434910797e-20)
(56.9816394115 -0.396568665055 3.70339588683e-19)
(57.001566902 -0.380024649318 -1.71766955584e-20)
(57.0203889853 -0.363800210566 -5.68013264124e-19)
(57.0381359986 -0.347925245076 -4.96463804133e-19)
(57.0548393121 -0.332428515275 3.25097037679e-19)
(57.0705323273 -0.317337309773 6.94105121049e-19)
(57.0852515705 -0.30267724905 -5.15288172967e-19)
(57.0990358961 -0.288471811304 -1.64183380259e-20)
(57.1119255661 -0.274742199831 -1.59317425915e-20)
(57.1239620272 -0.261507340837 -3.66417792081e-19)
(57.1351879264 -0.248783895035 -7.74521688051e-21)
(57.1456470724 -0.23658619491 -6.56198349883e-19)
(57.1553843406 -0.224926276715 -1.12530467895e-18)
(57.1644455147 -0.213813412192 -5.27428710898e-20)
(57.1728771461 -0.203255573054 1.32154565959e-18)
(57.1807263621 -0.193256470727 1.41814632505e-18)
(57.1880407296 -0.183817646634 1.00354867071e-18)
(57.194868134 -0.174938515316 1.07060713984e-20)
(57.2012564847 -0.166615690022 -1.04153460227e-18)
(57.2072534695 -0.1588430785 -5.11869029754e-19)
(57.212906227 -0.151611886956 -9.43957735145e-21)
(57.2182610738 -0.144910382208 5.83203773489e-19)
(57.2233636835 -0.138724274137 5.9752540393e-20)
(57.2282589447 -0.133036475139 0)
(57.2329903654 -0.127827125108 4.4381539402e-20)
(57.2375997525 -0.123073582388 1.20054137873e-18)
(57.2421270827 -0.11875086318 -5.87672025249e-19)
(57.2466103128 -0.11483303259 5.05393333805e-22)
(57.2510851473 -0.111288522474 1.25818650787e-18)
(57.2555849971 -0.108084021861 -6.06304460303e-19)
(57.2601413799 -0.105184964486 -6.63938313811e-19)
(57.2647836285 -0.102550339083 6.18346880507e-19)
(57.2695380368 -0.100143012298 5.25464226852e-21)
(57.274427188 -0.0979256023627 -1.98362950928e-18)
(57.2794701032 -0.0958586315591 1.99067676678e-18)
(57.2846815419 -0.0938980527217 6.81266197531e-19)
(57.2900749589 -0.0919981747533 -6.3595583385e-19)
(57.2956803939 -0.0901131498709 2.07167509124e-21)
(57.3014849078 -0.088196359133 -6.77124612718e-19)
(57.3074564567 -0.0861934973306 -2.19202826528e-22)
(57.3136091121 -0.0840578764496 -4.51815086067e-20)
(57.319932399 -0.0817421853728 6.68548350331e-19)
(57.3264242243 -0.079200678707 -2.5784011496e-18)
(57.3330930581 -0.0763820479967 -1.94096409293e-18)
(57.3399054006 -0.0732255633894 2.32138127791e-18)
(56.3009291458 -1.0682693663 4.29835253133e-19)
(56.352114409 -1.04880352019 -6.19675722378e-19)
(56.40209277 -1.02874153436 2.466700757e-20)
(56.4509147411 -1.00814228752 1.07005399147e-18)
(56.4985040084 -0.987039366897 -1.14348902391e-18)
(56.54482271 -0.965465224841 -1.58771754448e-18)
(56.5898523417 -0.943452386372 4.85310201451e-19)
(56.6335738635 -0.921034587066 1.27388799348e-18)
(56.6759628088 -0.89824719023 -8.14590558458e-19)
(56.7169946669 -0.875127242885 -3.60890640603e-19)
(56.7566494373 -0.85171335624 1.88270910372e-18)
(56.7949106551 -0.828045571241 4.23095335149e-19)
(56.83176412 -0.804165254139 -6.03634373472e-19)
(56.8671979867 -0.780115004318 8.00490365012e-19)
(56.9012031126 -0.755938540562 -2.48753162518e-19)
(56.9337732602 -0.7316805729 -4.13797174941e-19)
(56.9649051856 -0.707386621079 2.58785902562e-19)
(56.9945985842 -0.683103023317 -3.00324954071e-19)
(57.0228566306 -0.658876009978 -8.03519891859e-20)
(57.0496842177 -0.634755011121 7.78179080835e-20)
(57.0750937677 -0.610780197835 1.1473666227e-20)
(57.0990760805 -0.587048381464 -1.17173375453e-20)
(57.1216813935 -0.563542734628 -2.82826102257e-20)
(57.1429557088 -0.540306264085 -2.14790627174e-19)
(57.1628715804 -0.517404477137 -9.02485075463e-20)
(57.1814454761 -0.494890294238 1.40189612944e-19)
(57.1987226472 -0.472804037175 9.66895146405e-20)
(57.2147476194 -0.451184244589 -8.22028629051e-20)
(57.2295550124 -0.430071077557 8.64263741371e-19)
(57.2431809441 -0.409504230485 -5.29717223463e-19)
(57.2556675551 -0.389521059245 -5.18825414963e-19)
(57.2670607976 -0.370156624887 1.22422388599e-18)
(57.2774089736 -0.351443951842 4.15079820469e-20)
(57.2867623897 -0.333413864869 -1.10333518557e-22)
(57.295173455 -0.31609467558 -7.93332738986e-19)
(57.3026969446 -0.299511907489 -2.10925865214e-18)
(57.3093895696 -0.283688099821 -4.79278885885e-22)
(57.3153104998 -0.26864260727 2.7153988917e-18)
(57.3205186787 -0.254391564084 4.6378818964e-19)
(57.3250765975 -0.240947354388 -1.61737524809e-18)
(57.329048285 -0.228318206703 1.03814950389e-18)
(57.3324948729 -0.216510172297 -7.95534269714e-22)
(57.3354805251 -0.20552509807 -1.0901272249e-18)
(57.3380708484 -0.195360234149 -1.81636679671e-18)
(57.340330438 -0.186009546192 5.8459085364e-19)
(57.3423234758 -0.177458276729 2.74331473718e-20)
(57.344113498 -0.169692318728 -3.27332304491e-18)
(57.3457632595 -0.162697799653 1.9926731187e-18)
(57.3473344947 -0.156450946808 6.83630490151e-19)
(57.3488871357 -0.150923976409 1.37872554484e-18)
(57.350479422 -0.146085835254 1.35937939155e-18)
(57.3521653428 -0.141901869685 -1.37277763572e-18)
(57.3540010269 -0.138332575581 1.46662080267e-18)
(57.3560397209 -0.135334770487 -1.42089432267e-18)
(57.3583247847 -0.132864722039 -7.26953817379e-19)
(57.3609059934 -0.130882949271 2.88409525458e-18)
(57.3638242813 -0.12933421397 -9.35823419807e-21)
(57.3671111166 -0.128164471447 -1.51141249044e-18)
(57.3708031536 -0.127313515575 3.20175319023e-23)
(57.3749335576 -0.126716278111 4.18316521508e-20)
(57.3795284006 -0.126305778835 2.93966357247e-21)
(57.3846011331 -0.126010803703 0)
(57.3901513517 -0.125770071088 -1.50029467156e-18)
(57.3962269574 -0.12552401167 1.77372710245e-21)
(57.4028423248 -0.12520248653 -6.93765075923e-19)
(57.4099539126 -0.124728033433 1.13598926272e-21)
(57.4175617266 -0.12402681669 6.87732930483e-19)
(57.4256683948 -0.123024554695 -1.44897368643e-18)
(57.4342609245 -0.121651083267 1.44098799714e-18)
(57.443312455 -0.119823142099 3.94332725246e-18)
(56.564420467 -1.33163719256 1.2318430702e-18)
(56.6185859172 -1.30588243995 9.11472942977e-20)
(56.6713217094 -1.27933430524 2.8913814654e-20)
(56.7226896265 -1.25206842653 -6.20310736569e-19)
(56.7725987332 -1.22412894249 3.71117037368e-22)
(56.8210040946 -1.19555845492 6.47745695239e-19)
(56.8678826961 -1.16640030056 1.2795139278e-19)
(56.9132098121 -1.13669964832 5.79952399616e-19)
(56.9569545301 -1.10650380492 4.80162194737e-19)
(56.9990862949 -1.07586232336 -3.8129759984e-19)
(57.0395797536 -1.0448269373 8.53245146418e-19)
(57.0784136856 -1.01345142984 3.34004267261e-19)
(57.1155696326 -0.981791512063 -1.30534644795e-18)
(57.1510320309 -0.94990470963 -4.61355895232e-19)
(57.1847886339 -0.917850256644 1.3833301138e-19)
(57.216830956 -0.885688851444 5.70344499561e-19)
(57.2471536186 -0.853482820437 -5.74356204276e-19)
(57.2757579845 -0.821294832166 -7.06238524407e-19)
(57.3026357655 -0.789191375357 3.02819835971e-19)
(57.327826002 -0.757232410236 -1.35424243971e-19)
(57.3511042277 -0.725505822165 2.23368294371e-20)
(57.3727665525 -0.694057326621 -1.09971610711e-19)
(57.3930969936 -0.662931660071 1.67467286779e-19)
(57.4117047307 -0.632210523272 -1.74365629513e-19)
(57.4285576807 -0.60197053084 -5.01716807656e-19)
(57.4438002079 -0.572273069945 9.35479854484e-20)
(57.4575270365 -0.543176143558 -5.30152231032e-19)
(57.4697683074 -0.514740682105 -5.98226510778e-20)
(57.4805510964 -0.487027542828 7.15524773494e-19)
(57.4899233133 -0.460095258828 1.16841883146e-19)
(57.4979439221 -0.433999097131 2.88341921811e-19)
(57.5046733306 -0.408791457646 -2.17794080853e-19)
(57.5101737136 -0.384521960026 5.54462683919e-20)
(57.5145109892 -0.36123696873 4.43236839484e-19)
(57.5177551442 -0.338979136823 5.22528325878e-20)
(57.5199797035 -0.317787119193 2.55667678212e-20)
(57.5212611927 -0.297695328755 5.37392287603e-19)
(57.5216788787 -0.278733764961 -5.89715354361e-19)
(57.5213145195 -0.260927472625 6.60636589573e-19)
(57.5202520636 -0.244297859585 1.19450679295e-18)
(57.5185774207 -0.228856906436 -1.270221295e-18)
(57.5163781931 -0.214615586557 -1.31772736391e-18)
(57.5137433797 -0.201579991335 -7.56020090834e-20)
(57.5107604101 -0.189749565623 2.90425187557e-18)
(57.5075220079 -0.17911611024 -6.84225400241e-20)
(57.504117785 -0.169667173161 4.77882830139e-20)
(57.5006288857 -0.161387417897 -1.5337111261e-18)
(57.4971486296 -0.154249791975 -2.40498814205e-18)
(57.4937692277 -0.148220050474 -8.50079001698e-19)
(57.4905721604 -0.14326297379 7.9044856331e-19)
(57.4876399329 -0.139338112927 2.56050206552e-18)
(57.4850541527 -0.136399410371 -3.32925455976e-18)
(57.4828928692 -0.134395400484 1.683465896e-18)
(57.481232344 -0.133267902678 1.71603298741e-18)
(57.4801350754 -0.132953394733 -9.25761102858e-19)
(57.4796735971 -0.133379673457 2.50783767274e-18)
(57.4799167848 -0.13447283277 2.52538915876e-18)
(57.4809095258 -0.136163158754 -1.68225920219e-18)
(57.4827018016 -0.138363857857 -1.66403144829e-18)
(57.485348029 -0.140988288889 8.53234291073e-19)
(57.4889221751 -0.143945677413 -1.70825599491e-18)
(57.4934289716 -0.147145675942 7.95570708097e-19)
(57.4988413972 -0.150489503719 2.48185512345e-18)
(57.5051907451 -0.153874510451 -7.84852531125e-19)
(57.5125355162 -0.157206526471 -2.43984362207e-18)
(57.5209075 -0.160381966295 1.59869721401e-18)
(57.5302820547 -0.163294048758 6.19277374739e-21)
(57.5406383129 -0.165837872345 -2.34131705735e-18)
(57.5519605133 -0.167908940152 -7.73558651378e-19)
(57.564246553 -0.169382426832 2.98236515001e-18)
(56.8901015337 -1.60568872572 3.93840317238e-18)
(56.9479746597 -1.57268822781 2.19859526586e-18)
(57.0041258556 -1.53866358892 -1.49456223284e-18)
(57.0586526992 -1.50370341681 5.58073583123e-19)
(57.1114458542 -1.46786326484 -5.94880035409e-19)
(57.1624443145 -1.43119678813 7.52744134292e-19)
(57.2116152632 -1.39375860918 1.19263707174e-18)
(57.2589255099 -1.35560590875 -5.57971022899e-19)
(57.3043348213 -1.31679892243 -2.1146631331e-18)
(57.3478029774 -1.27740111864 5.16272510561e-19)
(57.3892953581 -1.23747913338 1.27583143789e-18)
(57.428782142 -1.19710263181 -5.56144953863e-19)
(57.4662368849 -1.15634418345 -2.12285197704e-18)
(57.5016364992 -1.11527916263 -2.62658290957e-19)
(57.5349622168 -1.07398559516 2.25068759873e-18)
(57.5661984267 -1.03254398806 2.16239964571e-19)
(57.5953379322 -0.991037260472 -6.03176418958e-19)
(57.6223654101 -0.94954959324 2.49479261812e-19)
(57.647302983 -0.90817088951 -3.07191699782e-19)
(57.6700542842 -0.866977466786 -7.84471582965e-20)
(57.6907067633 -0.826125621214 3.60704771687e-21)
(57.7094720942 -0.785577137592 8.20252441014e-20)
(57.7262268975 -0.745486029986 -2.49716231884e-19)
(57.7408577986 -0.705970031414 5.09671131089e-19)
(57.7534461622 -0.667108640998 -8.18272328269e-19)
(57.7641063294 -0.628979858506 -1.13104697829e-18)
(57.7728887396 -0.591671425604 1.24554921847e-18)
(57.7798266126 -0.555273427544 1.0155993803e-18)
(57.7849699801 -0.519872437414 -6.75140052874e-19)
(57.7883862827 -0.485550550687 -1.03349918488e-18)
(57.790151386 -0.452387006094 -1.27407795e-18)
(57.7903423087 -0.420458111963 6.96023118124e-20)
(57.7890402856 -0.389836377526 1.94319041035e-18)
(57.7863331697 -0.360589899887 3.16129869478e-20)
(57.7823145692 -0.332781936587 -1.07303029964e-18)
(57.7770829496 -0.306470506147 -1.82288154484e-18)
(57.7707411137 -0.281707989664 1.31251117865e-18)
(57.7633964613 -0.258540915874 2.04909110111e-18)
(57.7551588573 -0.237008947039 1.4118913085e-18)
(57.7461453065 -0.217144857743 -6.76880170758e-19)
(57.7364720689 -0.198975729764 -8.02002351305e-19)
(57.726255647 -0.18252261101 3.93360617416e-18)
(57.7156216491 -0.167794581514 -3.24908955556e-18)
(57.7046950213 -0.154792390541 -2.62023293971e-18)
(57.6935981449 -0.143510631053 9.59271251653e-19)
(57.6824542424 -0.13393672165 -8.77628121813e-19)
(57.6713886107 -0.126051391985 1.86552809309e-18)
(57.6605252547 -0.119828065126 1.28914177895e-21)
(57.6499864436 -0.115229576308 -9.50364809447e-19)
(57.6398925126 -0.112209042467 -1.86459850788e-18)
(57.630360873 -0.110711416968 -3.59339485585e-20)
(57.6215063828 -0.110673319733 1.9068846628e-18)
(57.6134405252 -0.112023155086 -1.02208712406e-18)
(57.6062701111 -0.114681309988 1.00863992064e-18)
(57.6000973825 -0.118559708464 2.99053510983e-18)
(57.5950180038 -0.123566910544 1.69507267441e-20)
(57.5911227675 -0.129598686383 2.95223605928e-18)
(57.5885024113 -0.136544438827 -1.04936251644e-18)
(57.5872326984 -0.144293887963 -1.93151077827e-18)
(57.587379487 -0.152737245745 -9.30304903512e-19)
(57.5889894159 -0.161755546231 -1.97582916371e-18)
(57.5921225321 -0.17122668604 2.87674550812e-18)
(57.5968441949 -0.181004041852 -9.13833196114e-19)
(57.6031865265 -0.190939490213 -1.86584486804e-18)
(57.6111650954 -0.200887005416 8.85709111855e-19)
(57.6207946983 -0.210704351601 1.88093288309e-18)
(57.6320804687 -0.220244288543 -1.91146883797e-20)
(57.6450247732 -0.229357097248 -9.00496713507e-19)
(57.6596114452 -0.237891954905 3.52986341891e-18)
(57.6758523724 -0.245670589344 2.64416427539e-18)
(57.2830253854 -1.90405350242 -1.6648549674e-18)
(57.3458783765 -1.86229624206 -9.53292870522e-19)
(57.406684306 -1.81921246311 -1.56519479464e-18)
(57.4655479953 -1.77490565047 6.03921242293e-19)
(57.5223297722 -1.72944474248 5.09856156809e-18)
(57.5769531839 -1.68289593931 -6.58163889942e-19)
(57.6293750504 -1.63532678203 -2.04097611498e-18)
(57.6795494023 -1.58680842073 -6.669421175e-19)
(57.7274212515 -1.53741629533 1.20517452625e-18)
(57.7729357243 -1.48723040138 6.21908053267e-19)
(57.8160442968 -1.43633526199 -1.47105193707e-18)
(57.8567039176 -1.38481982222 -5.11230241667e-20)
(57.8948753714 -1.33277735987 3.04257004157e-19)
(57.9305234975 -1.28030544765 1.53283079826e-18)
(57.9636179299 -1.22750572 4.97091728048e-20)
(57.9941330693 -1.17448405242 -1.2858970158e-18)
(58.0220523478 -1.12134913932 5.30913923733e-19)
(58.0473492189 -1.06821742653 -3.05195602411e-19)
(58.070061052 -1.01519472538 -6.60511357798e-19)
(58.0899040205 -0.962439348573 2.91056530394e-19)
(58.1072296431 -0.910036289678 -1.3463147815e-19)
(58.1223476101 -0.858076897316 6.76418525796e-20)
(58.1347717692 -0.806719628719 -2.63660912699e-19)
(58.1444905085 -0.756103025436 -3.35546165569e-19)
(58.1516751435 -0.706344304931 1.14064424057e-18)
(58.1564329076 -0.657564898311 -7.49531759224e-19)
(58.1588022707 -0.609889774562 2.88766502297e-19)
(58.1588237475 -0.563444808023 -2.95270321276e-19)
(58.1565687732 -0.518352765041 -2.14913629093e-18)
(58.1521259686 -0.474731159104 3.52341743663e-19)
(58.1455869925 -0.432694733851 1.10673181327e-18)
(58.1370494737 -0.392354625455 -7.91360830852e-19)
(58.126620113 -0.353816778427 6.73464533757e-19)
(58.1144144774 -0.317181315252 -1.94218200174e-18)
(58.1005561877 -0.282541989896 7.21213884797e-19)
(58.085176298 -0.249985540291 2.18854463325e-18)
(58.0684126349 -0.21959105185 -1.61555165686e-19)
(58.0504100334 -0.191429205763 -1.89569403121e-20)
(58.0313192705 -0.165561944574 8.46797493422e-19)
(58.0112962286 -0.142042199001 1.96283015907e-19)
(57.9905024854 -0.120911854261 8.62300158547e-19)
(57.9691036069 -0.102203047407 2.63001935579e-20)
(57.9472678448 -0.0859382853939 -1.8494982669e-18)
(57.9251663513 -0.0721293535537 -1.14624011099e-18)
(57.9029729029 -0.0607759779383 2.04175912236e-18)
(57.8808626068 -0.0518657959652 -1.06878723481e-18)
(57.8590106647 -0.0453748392991 -4.37543840526e-18)
(57.8375916044 -0.0412677631076 2.19228942745e-18)
(57.8167785432 -0.0394977780432 -1.14934600528e-18)
(57.7967425825 -0.0400063576795 4.56071161067e-18)
(57.7776521694 -0.0427233806757 3.45955775225e-18)
(57.7596718611 -0.0475677671332 -4.65287189959e-18)
(57.7429614116 -0.0544478287816 1.16900767238e-18)
(57.7276767417 -0.0632608929181 1.17542694776e-18)
(57.7139663482 -0.0738945148494 -3.49071919839e-18)
(57.7019695093 -0.0862258288035 7.89611016062e-21)
(57.6918359298 -0.100119675521 -7.08734652824e-20)
(57.6836973755 -0.115426597008 -2.36501623516e-18)
(57.6776538709 -0.131969733497 2.358696759e-18)
(57.673781381 -0.149588403974 1.16936268346e-18)
(57.6721652167 -0.168114661059 -1.16782012347e-18)
(57.6729177122 -0.187365890832 8.11491488286e-21)
(57.6761402581 -0.207169588211 1.12045560927e-18)
(57.681891773 -0.22733472259 1.11329045188e-18)
(57.6901943377 -0.247650822359 3.28172372602e-18)
(57.7010877796 -0.267914542264 -1.0654601513e-18)
(57.71459982 -0.287930839137 -3.17091095178e-18)
(57.7307407048 -0.307501565826 4.41752287067e-20)
(57.7494892588 -0.32641050038 -4.80693723271e-20)
(57.7709072826 -0.344403222814 -6.52216768036e-20)
(57.750333829 -2.2271103729 4.37963111647e-19)
(57.8195703532 -2.17486543421 -1.77776929214e-18)
(57.8863477578 -2.12091619724 -3.80462859526e-18)
(57.9508050336 -2.06537960408 -7.20973018089e-19)
(58.0127694418 -2.00833669267 3.3727708261e-18)
(58.0721387272 -1.94986466612 -3.52748637133e-19)
(58.1288512837 -1.89004281773 -1.18785894421e-19)
(58.1828423818 -1.82895547112 2.03358162354e-18)
(58.2340360502 -1.76669279404 -6.99632125459e-19)
(58.2823555242 -1.703351257 -1.74491800999e-18)
(58.3277304668 -1.63903375208 8.5477080787e-22)
(58.3700963706 -1.57384958928 2.81813303914e-20)
(58.4093927081 -1.50791454113 -4.84181162111e-19)
(58.4455635555 -1.44135079873 4.24307874493e-19)
(58.478557438 -1.37428706745 -1.2157565111e-18)
(58.5083319787 -1.30685841631 6.79127479961e-20)
(58.5348358297 -1.23920496489 2.8786632191e-19)
(58.5580754151 -1.17148092499 -7.48793669507e-19)
(58.5778753835 -1.10381479556 3.18891510584e-19)
(58.5942499289 -1.03654324344 7.4935411132e-20)
(58.6076167 -0.969558762953 3.44034610433e-19)
(58.6178368787 -0.903075235004 -2.10377409173e-19)
(58.6245594963 -0.837335246581 4.80205399112e-19)
(58.627883338 -0.772521170259 5.98626179914e-19)
(58.6279797089 -0.708792653202 -6.62499623372e-19)
(58.6249293689 -0.646317567159 0)
(58.6187663575 -0.585273906778 -4.9283179501e-19)
(58.6095404612 -0.525840863505 1.10682549235e-18)
(58.5973485588 -0.468192197794 1.63015347635e-18)
(58.5823029784 -0.412498063832 -1.40146545059e-18)
(58.5645160806 -0.35892578086 -1.25018857096e-18)
(58.544113362 -0.307638064937 -8.9284428413e-19)
(58.5212354515 -0.258791496383 -3.01704252171e-21)
(58.4960353103 -0.212535476846 9.48297704996e-19)
(58.4686775113 -0.169011264558 -1.88713116103e-18)
(58.4393378938 -0.128350940262 5.25833849997e-20)
(58.4082030631 -0.0906763805538 3.84467107582e-18)
(58.3754697085 -0.0560983120512 9.58707747614e-19)
(58.3413438046 -0.0247152460781 -6.46234966894e-18)
(58.3060397046 0.00338723025467 -1.09391262342e-18)
(58.2697792501 0.0281370920026 4.64177736956e-18)
(58.2327909008 0.0494767061404 7.00808753774e-20)
(58.1953085552 0.0673635946292 1.25451582665e-18)
(58.1575702336 0.0817708531741 2.5739026644e-18)
(58.1198170451 0.092687411172 -1.2892192523e-18)
(58.0822922762 0.10011831471 -2.63486073901e-18)
(58.0452403136 0.104085003334 -1.35560390516e-19)
(58.008905468 0.104625558718 2.17949995213e-20)
(57.973530692 0.101794846392 4.73418092118e-20)
(57.9393563797 0.0956644194089 2.75524379226e-18)
(57.9066193979 0.0863224716066 -1.40661093441e-18)
(57.8755510403 0.0738734581743 -1.00997792716e-20)
(57.846378027 0.0584382735776 1.4456565117e-18)
(57.8193188272 0.0401541575995 -5.70325383805e-18)
(57.7945840809 0.0191776220615 2.89110846602e-20)
(57.7723791108 -0.00433916485061 1.52443691061e-18)
(57.7528978378 -0.0301885791702 1.02061946288e-21)
(57.7363746814 -0.0581648615392 6.96025282012e-18)
(57.7228898967 -0.0880872819811 -7.66388744151e-21)
(57.7125811502 -0.119733327653 -1.11026294937e-17)
(57.7056559822 -0.152837124725 2.67426656297e-18)
(57.7022710949 -0.187144626299 5.44897204949e-18)
(57.7025365475 -0.222462226822 -3.84261853222e-18)
(57.7065347184 -0.258517662017 2.20027714988e-20)
(57.7143426304 -0.294991467595 2.44779651468e-18)
(57.7260392043 -0.331609762986 -5.71565411912e-20)
(57.7416690996 -0.368085764043 3.5823146277e-18)
(57.7612647863 -0.404124417877 -3.48257964776e-18)
(57.7847946205 -0.439428925231 -5.70645716526e-18)
(57.8123876829 -0.473645082477 6.54527972045e-18)
(58.2982294974 -2.58712972044 1.52469162144e-19)
(58.3758117248 -2.52243249429 -3.33545214496e-18)
(58.4504916505 -2.4555414717 -1.13279292458e-18)
(58.5224278996 -2.38658405481 2.24514950782e-18)
(58.5914040393 -2.31565162342 -1.8609256476e-18)
(58.657288184 -2.24282972554 -2.72314999419e-18)
(58.7199953876 -2.16820661324 2.55700848409e-18)
(58.7794344024 -2.09187744769 -2.42886624522e-20)
(58.8354990449 -2.01394543352 6.68064812413e-19)
(58.8880808237 -1.9345225859 1.08268030768e-18)
(58.9370772146 -1.85373010026 -5.40178870034e-19)
(58.9823910758 -1.77169860091 -4.71744700364e-19)
(59.0239290991 -1.68856846408 6.08070424577e-19)
(59.061601714 -1.60448992918 -4.8610747154e-20)
(59.0953242259 -1.51962372996 2.41430320926e-20)
(59.1250240528 -1.43414003863 -3.19953426679e-19)
(59.1505984098 -1.34822053819 -4.12881175344e-19)
(59.1720893508 -1.26205778946 6.23477288384e-19)
(59.1886425403 -1.17584208422 3.43224673024e-19)
(59.2011441015 -1.08994385574 9.61501865707e-20)
(59.2105516871 -1.00434900767 5.16839698057e-20)
(59.2154631419 -0.919294965827 -1.37790974148e-19)
(59.2155607988 -0.835089004265 -5.68268592804e-20)
(59.2112469645 -0.751989606157 7.09560360561e-20)
(59.2027689814 -0.670230276616 7.50322529507e-19)
(59.190150253 -0.590050467168 1.38987594762e-18)
(59.1733808492 -0.511702896229 -5.39563098479e-19)
(59.152528951 -0.435442956397 -1.38061837861e-18)
(59.1277171289 -0.361521181177 1.43993675856e-19)
(59.099072245 -0.29018522029 2.78463943355e-19)
(59.0667289799 -0.221679340809 1.74631199161e-18)
(59.0308442959 -0.156241951673 6.72503967039e-20)
(58.991596841 -0.0941035943148 -3.94058711394e-18)
(58.9491839042 -0.0354852441795 1.92990276883e-19)
(58.9038206416 0.0194033012889 2.41173455077e-18)
(58.8557398116 0.0703650277203 2.20377996246e-18)
(58.8051911354 0.117217271733 3.74856429626e-18)
(58.7524402456 0.159793186231 -3.51773509738e-18)
(58.6977674873 0.197943083744 -2.67797853385e-18)
(58.641466673 0.231535653528 1.04003509791e-18)
(58.5838437846 0.260459099649 -9.3441834141e-20)
(58.5252155086 0.284622123744 4.39231270328e-20)
(58.465907458 0.303954611527 0)
(58.4062524421 0.31840821145 -3.16952924966e-18)
(58.3465890411 0.32795700039 1.08435102155e-19)
(58.287260061 0.332597999344 3.37430580463e-18)
(58.2286107266 0.332351372135 -4.99560681119e-18)
(58.1709869209 0.327260564071 3.56484696725e-18)
(58.1147333621 0.317392188289 -8.62367376811e-21)
(58.0601921386 0.302835945659 -2.54254792537e-19)
(58.0077006564 0.283705722411 7.02520034751e-18)
(57.9575912838 0.260135618105 -3.49189051944e-18)
(57.9101864474 0.232281002545 -1.75220637215e-18)
(57.8658126645 0.200323911261 -5.24151535517e-18)
(57.824769995 0.164472630726 1.77009492699e-18)
(57.7874928961 0.124934133444 6.96273937594e-18)
(57.7541459195 0.0819460291142 -1.754849352e-18)
(57.7247283121 0.0358680583131 -6.96127887399e-18)
(57.699677503 -0.0131229919754 3.43569916758e-18)
(57.6794001295 -0.0648443658042 3.38472933373e-18)
(57.6640155854 -0.118919341422 -3.29595346295e-18)
(57.6536754176 -0.174987350952 1.60123018106e-18)
(57.6485722805 -0.232689564223 3.13998595713e-18)
(57.6488758496 -0.291649924036 -3.10214998665e-18)
(57.6547255267 -0.351492042882 -4.48050390017e-18)
(57.6662302226 -0.411839953624 2.91393266778e-18)
(57.683474753 -0.472297150154 1.3451619977e-18)
(57.7065353442 -0.532424050474 -2.83706172858e-18)
(57.7354212563 -0.591778002042 -2.79222584902e-20)
(57.7703835809 -0.649882022944 2.57537161462e-18)
(58.9343085947 -2.99230478177 5.317383877e-19)
(59.0226422843 -2.91294167052 -1.12789129568e-18)
(59.1075935687 -2.83077133053 -1.59672313073e-19)
(59.1893489773 -2.74592333612 1.18622735264e-18)
(59.2676413072 -2.65848976255 1.1970250411e-18)
(59.3422995494 -2.5685537886 -8.03413695533e-19)
(59.4132054041 -2.47620217257 -9.91000259914e-19)
(59.4802297992 -2.38153084122 1.94274223102e-18)
(59.5432230281 -2.28464628954 -2.26926260991e-18)
(59.6020294762 -2.18566692992 -6.11968736225e-19)
(59.6564971058 -2.08472401214 2.83428672435e-18)
(59.7064770228 -1.98196241315 7.38486514671e-19)
(59.7518221982 -1.8775414621 -1.58891998258e-18)
(59.7923864802 -1.77163568491 -6.73046221357e-19)
(59.8280299271 -1.66443563894 2.11374945783e-18)
(59.8586174402 -1.55614769507 -4.32878714668e-21)
(59.8839945584 -1.44699736595 -3.49791137644e-19)
(59.9041494118 -1.33721773089 4.46837405754e-19)
(59.9180235614 -1.22708948283 2.65827961568e-19)
(59.9266179575 -1.11676046961 1.21635401099e-19)
(59.9310516681 -1.00673552676 1.46388866012e-19)
(59.929618964 -0.897207449097 8.676353039e-20)
(59.9218629168 -0.788465070769 3.90203255732e-19)
(59.9082479529 -0.680863019041 4.08527954387e-19)
(59.8890462657 -0.574749496033 -1.24534187246e-18)
(59.8642533077 -0.470473003219 0)
(59.8338329052 -0.368388949751 8.57883475086e-19)
(59.7978524403 -0.268859769339 -9.0823314921e-20)
(59.7564541006 -0.17225344713 -2.77305142811e-18)
(59.7097885754 -0.0789351027278 -1.07675946961e-18)
(59.6580212967 0.0107329818419 1.05571003991e-18)
(59.6013530915 0.0963931635483 1.16020707498e-18)
(59.5400181801 0.177696262628 -2.4824157807e-18)
(59.4742793999 0.254304468441 -5.61870688063e-18)
(59.4044272002 0.325894181333 5.3455062806e-18)
(59.3307790982 0.392158775475 5.72946946382e-18)
(59.2536784305 0.452811203627 -7.65879019308e-18)
(59.1734925554 0.507586470029 2.45916707606e-19)
(59.0906108532 0.556243923795 1.02030209391e-17)
(59.0054426521 0.598569372221 3.53304813115e-18)
(58.9184150603 0.63437695106 -5.41310674763e-18)
(58.8299705822 0.663510740854 -3.89275886878e-18)
(58.7405644013 0.685845907068 2.1253948334e-18)
(58.6506617592 0.701289581265 -2.02704017675e-18)
(58.5607357128 0.709781799048 -2.19570405707e-18)
(58.4712648215 0.711296185069 2.11043768711e-18)
(58.382730733 0.705840193637 2.14166898212e-18)
(58.2956156663 0.693455089718 -8.86708627206e-20)
(58.2104004988 0.674216002532 4.27918822459e-18)
(58.1275611497 0.648231165598 -2.28140289771e-18)
(58.0475677572 0.615640023599 3.24725342859e-19)
(57.9708800125 0.576620051671 7.16617827036e-21)
(57.8979543049 0.531366528763 -4.5492979948e-18)
(57.8292612146 0.480142176583 4.44361671431e-18)
(57.7651926941 0.423243846601 -6.64591372935e-18)
(57.7060277073 0.3609044503 -4.25245465367e-18)
(57.6522392989 0.293408236796 1.29353357073e-17)
(57.6043521521 0.221134236074 4.15740080394e-18)
(57.5626732482 0.144486617085 -8.33582607454e-18)
(57.5274819706 0.0638535754845 -2.0798653804e-18)
(57.4990801833 -0.0203520735436 1.46575875568e-19)
(57.4777633183 -0.107690790186 3.99531124185e-18)
(57.4637971373 -0.197704473236 3.86215268438e-18)
(57.4574182543 -0.289917106915 -3.83930784346e-18)
(57.458838819 -0.38382617984 3.61491447795e-18)
(57.4682461559 -0.478903284408 -6.78394493402e-18)
(57.4857945249 -0.574604948762 -8.43881098873e-18)
(57.5116268591 -0.67037151478 -2.86933621763e-20)
(57.5457855073 -0.765629250292 3.17639113112e-18)
(57.5887220921 -0.859716914461 -4.59989785945e-18)
(59.6649666519 -3.45774816362 1.31144835078e-18)
(59.7670994271 -3.36148597618 -6.16683855661e-18)
(59.8654178465 -3.26164178994 -1.06944240386e-18)
(59.9601421469 -3.15833700759 6.80559250156e-18)
(60.0509514273 -3.05164859027 -2.6922829425e-21)
(60.1376301775 -2.94163828887 -5.38867953878e-18)
(60.2200181936 -2.82837165546 1.28115143711e-18)
(60.2979373277 -2.71192565521 3.62069995892e-18)
(60.371180126 -2.59239049959 1.888496538e-18)
(60.4395261623 -2.46987210625 -6.41140063218e-19)
(60.5027526825 -2.3444942122 -2.00870330385e-18)
(60.5606344602 -2.21640040283 -1.86945541192e-21)
(60.6129424004 -2.08575613168 -1.6349529148e-18)
(60.6594432324 -1.9527508355 2.22228027283e-19)
(60.69990521 -1.81759949466 1.27191304885e-18)
(60.7340944699 -1.68054472769 -3.42987385921e-19)
(60.761782613 -1.54185768605 5.39222253079e-19)
(60.7827733462 -1.40183361835 2.2467198786e-19)
(60.7966238245 -1.26082751911 -4.76949520984e-19)
(60.80306625 -1.11898850257 -3.85584388434e-19)
(60.8029030418 -0.977187456926 -3.83542645715e-19)
(60.7958313223 -0.83551573231 -6.57167616294e-19)
(60.7807266307 -0.694384937892 6.55323172889e-20)
(60.7576939159 -0.554320943942 6.86323016252e-19)
(60.7270199627 -0.415844275735 -9.75110036059e-19)
(60.6887059965 -0.279468734568 -1.37311461868e-18)
(60.6426844635 -0.145710518872 -3.42342509434e-19)
(60.5889693044 -0.0151028200494 1.92523549203e-18)
(60.52767834 0.111805245086 9.46522824718e-19)
(60.4589764343 0.234465323434 -2.18596948752e-18)
(60.383044893 0.35233460738 -1.4077183378e-18)
(60.3001150293 0.464877211306 -1.05831020046e-19)
(60.2104729314 0.571569247309 2.99878023697e-18)
(60.1144514622 0.671904850809 4.69606085012e-18)
(60.0124290597 0.765400111411 -3.82567529295e-18)
(59.9048283493 0.851597062221 -5.75701175687e-18)
(59.7921139865 0.930068003988 -9.462841408e-20)
(59.674790043 1.00041943929 -3.37430383288e-19)
(59.5533970034 1.06229457503 2.1924285222e-18)
(59.4285080611 1.11537790829 -2.43735536119e-18)
(59.3007253164 1.15939644499 1.46958522204e-19)
(59.1706760199 1.19412141962 -5.09101048122e-18)
(59.0390080994 1.21936972916 -2.49797728094e-18)
(58.9063856606 1.23500482819 1.03548655224e-17)
(58.7734851039 1.24093728935 9.57673189968e-20)
(58.6409913655 1.23712479888 -2.72374251946e-18)
(58.5095930408 1.22357292276 1.58625708084e-19)
(58.3799785814 1.20033258431 2.58191219913e-18)
(58.2528303322 1.1675084228 -1.19788840822e-19)
(58.1288211143 1.12524214546 -2.52634762394e-18)
(58.0086289758 1.07371322413 -1.88129580503e-20)
(57.8929223985 1.01315848364 -1.11075107522e-17)
(57.7823296982 0.943846012244 1.16927833787e-20)
(57.6776260937 0.866093742351 8.19134014402e-18)
(57.5792938248 0.780233924469 -2.7696670449e-18)
(57.487629196 0.68665164602 8.09120538631e-18)
(57.4033617962 0.585785324562 2.72509673094e-18)
(57.3271796525 0.478078708476 -1.31080315833e-17)
(57.2595391354 0.364007127883 5.29728605941e-18)
(57.2008780784 0.244083693427 7.53207119146e-18)
(57.1516475299 0.118853200286 -5.07919398111e-18)
(57.1122753659 -0.0111129929817 9.72825201964e-18)
(57.083154631 -0.145218412597 -7.65485317279e-20)
(57.0646420366 -0.282842061125 -9.2518419327e-18)
(57.0570619412 -0.423338133121 4.33949703606e-18)
(57.0607086714 -0.566036762966 -1.35269463534e-19)
(57.0758354303 -0.710244018193 4.99071920415e-19)
(57.1026925413 -0.85524366775 -1.87159713679e-18)
(57.1413735562 -1.00029582492 -3.66143084605e-18)
(57.1926257226 -1.14454882017 -4.481844573e-18)
(60.4952963312 -3.99934518177 -4.40265452546e-18)
(60.6151067206 -3.8846409971 7.22105379641e-18)
(60.730757535 -3.76546575453 3.71784047173e-18)
(60.8425442599 -3.64189411624 -4.78880597718e-18)
(60.9501152375 -3.51395623712 -6.50856976862e-18)
(61.0532131074 -3.38165715201 7.04496480396e-21)
(61.151628092 -3.24500205447 1.02310697458e-17)
(61.2451203229 -3.10400740368 -1.28873335087e-19)
(61.3334060479 -2.95870394696 -3.92458388501e-18)
(61.4161737162 -2.80914080086 -3.97897258681e-18)
(61.4930950571 -2.6553892619 7.28710932121e-19)
(61.5638251509 -2.49754686881 1.82012215569e-18)
(61.6280006592 -2.33574168501 -9.13770962988e-19)
(61.6852409179 -2.17013675018 2.54130162556e-18)
(61.7351532373 -2.00093375327 -5.58962739921e-19)
(61.7773354348 -1.82837740972 -2.75879569017e-19)
(61.8113814429 -1.65275673393 -1.47488407791e-19)
(61.8368812597 -1.47440955092 -1.49936524009e-18)
(61.8535228416 -1.29372629106 -1.42648473025e-19)
(61.8597307196 -1.11111210098 7.59708843937e-20)
(61.8568814036 -0.927006796704 4.53593064107e-19)
(61.8456236928 -0.742401886907 1.66036165623e-19)
(61.8233719391 -0.557405257678 -1.12093776439e-18)
(61.7900262308 -0.372664519135 1.00199374889e-19)
(61.7459215053 -0.188986100061 2.95570513813e-19)
(61.6910890502 -0.00713365161202 3.1624718455e-18)
(61.6254097856 0.172136641283 3.01398158538e-21)
(61.5487958124 0.348044800252 -1.90810272941e-18)
(61.4613210813 0.51977511786 -3.69563628525e-18)
(61.3631773317 0.686485452125 -1.89859961854e-18)
(61.2546022634 0.847332284505 4.9517778857e-18)
(61.1359010457 1.00147679171 0)
(61.0074680412 1.14807221053 1.32589902991e-19)
(60.8697749057 1.28631200651 3.76448898696e-19)
(60.7233605681 1.41542086152 4.42450399725e-18)
(60.568833026 1.53465679759 2.4265323752e-18)
(60.4068676246 1.64332268157 -4.5366825817e-18)
(60.2381959695 1.74077481968 -2.27700108778e-18)
(60.063607167 1.82642944412 1.11645325246e-17)
(59.8839385675 1.89976542397 4.64253034385e-19)
(59.7000588959 1.96033030314 -5.92310363405e-18)
(59.5128692036 2.00774422256 -2.08718329592e-19)
(59.3232976368 2.04170127747 -9.98691469759e-18)
(59.1322889207 2.06196999816 -9.65148437012e-18)
(58.9407947008 2.06839430975 3.47597427712e-18)
(58.7497737475 2.06089426779 -3.42386641233e-18)
(58.5601803907 2.03946351224 1.75497115012e-20)
(58.3729955564 2.00416918118 2.79364403808e-17)
(58.1891614306 1.95513805684 -6.98319793398e-18)
(58.0095431542 1.89256945003 -1.42363321488e-17)
(57.835082615 1.8167356456 2.11380237816e-17)
(57.666661482 1.72795067325 -3.38441101024e-18)
(57.5051255732 1.62658514084 -1.07525772416e-17)
(57.3513006669 1.51312391168 1.02208668755e-17)
(57.2059395144 1.38792244224 -1.03579280636e-17)
(57.069828683 1.2515230036 -6.73684952069e-18)
(56.9437355363 1.10452350841 6.86422824648e-18)
(56.8283792356 0.947511688191 6.82058043981e-18)
(56.7244339976 0.781115021265 -9.87454667581e-18)
(56.6325446484 0.606009391047 -9.75763127607e-18)
(56.55333104 0.422908614615 9.4490279733e-18)
(56.487381103 0.232559122385 3.05949497571e-18)
(56.4352485658 0.0357374096739 -6.31108533208e-18)
(56.3974532466 -0.166749429445 -1.02115458111e-19)
(56.374479359 -0.3740643452 5.79141166114e-18)
(56.3667769952 -0.585340807372 2.63490827555e-18)
(56.3747497707 -0.799680923206 -1.94246161862e-19)
(56.3988088812 -1.0161561218 -2.66665649733e-18)
(56.439147103 -1.23380863082 -2.10753481359e-18)
(56.4969449357 -1.45151645815 -1.2216189264e-17)
(61.4251441709 -4.63618390955 7.01852381447e-18)
(61.5666479776 -4.50157805962 -1.36241284072e-19)
(61.7041125187 -4.36155849286 -8.07506975801e-18)
(61.8378142356 -4.21610699187 -3.59227112794e-18)
(61.9673603093 -4.06512571103 -3.90062652161e-19)
(62.0924834298 -3.9084760152 7.59058155737e-18)
(62.2129491106 -3.74601592695 2.67119725458e-19)
(62.3284657578 -3.57761166497 -3.63034305541e-18)
(62.4386732799 -3.40314099598 -1.47934091323e-18)
(62.5431605036 -3.22250079588 -4.11184295349e-18)
(62.64147489 -3.03561492626 1.32290342614e-18)
(62.7331200605 -2.84244284464 4.20023333595e-18)
(62.8175524265 -2.64298944128 3.11875939179e-19)
(62.894183798 -2.43731573894 -4.83187935149e-18)
(62.9623874395 -2.22554929777 -1.49347274712e-18)
(63.0215069592 -2.00789415338 2.84045275011e-18)
(63.0708622729 -1.78463876609 -3.39228768063e-19)
(63.1097620965 -1.55616325294 6.23594418507e-19)
(63.1374957382 -1.32294330324 1.16901491161e-19)
(63.1534795516 -1.08557154068 -3.57825522542e-19)
(63.1555740546 -0.844502519033 -1.80760164951e-19)
(63.1452577959 -0.600864388853 9.33642661953e-19)
(63.1231027465 -0.355533341384 -3.77879996885e-19)
(63.085753491 -0.109390300905 -3.8987773234e-19)
(63.0329297832 0.13660524306 1.28124082871e-18)
(62.9648988561 0.38127522521 3.85906080994e-19)
(62.8815336627 0.623379301831 -2.13910967685e-18)
(62.7825722159 0.861671608075 1.29205573336e-18)
(62.667839123 1.09487658922 9.15340865982e-18)
(62.5373768714 1.32167983957 -4.05975732367e-18)
(62.3913995332 1.5407715001 -8.14209293506e-18)
(62.230136209 1.75084898513 -1.80948379769e-19)
(62.0540447788 1.95065347329 -2.62770284462e-18)
(61.8638275106 2.13894043896 1.00292241631e-17)
(61.6601653319 2.31450638418 2.88381628101e-18)
(61.4438555314 2.4762289108 -2.08117793833e-17)
(61.2158622292 2.62307748967 -1.25446870187e-17)
(60.9772706363 2.75411311117 1.35090819248e-17)
(60.7292507758 2.86849742502 1.03588848717e-19)
(60.4730490064 2.96549851403 -3.07697000062e-18)
(60.2099875689 3.04449771128 1.92721073373e-17)
(59.941440868 3.10499287286 4.05451925896e-18)
(59.6688161081 3.14659809426 9.31933502734e-20)
(59.3935415557 3.16904175061 -9.41026217815e-20)
(59.1170570426 3.17216495187 -9.07169162318e-18)
(58.8407945868 3.15591800062 1.46046195259e-19)
(58.5661720316 3.12035304774 4.19369780442e-18)
(58.2945515996 3.06562088672 8.84907406281e-18)
(58.027283196 2.99194956768 1.83431503993e-17)
(57.7657491691 2.89966488199 -8.9787469889e-18)
(57.5112020229 2.78917752589 -1.82131386037e-17)
(57.2647995075 2.66094824729 5.23946254851e-20)
(57.0280258553 2.51558130466 -4.5909390273e-18)
(56.8016457893 2.35358564763 8.97699106591e-21)
(56.5864231513 2.1756719634 -2.96117487415e-20)
(56.3838443427 1.98253030192 8.90194438151e-18)
(56.1948720243 1.77486904274 1.71216336776e-17)
(56.0203277565 1.55344856145 -1.27742710774e-17)
(55.8610959406 1.31906789357 -1.2250958966e-17)
(55.7180418907 1.07256237441 4.2180069416e-18)
(55.5919838952 0.814801455443 -5.59958518199e-20)
(55.4836967969 0.546684965364 5.82729073285e-20)
(55.3939247452 0.269145267288 -7.19103445841e-18)
(55.3233877165 -0.0168532800442 7.30742879197e-18)
(55.2727755773 -0.310312791086 1.35281700658e-17)
(55.2427520566 -0.610198135714 -1.64389809205e-17)
(55.2339394512 -0.915432479098 -1.23704556819e-17)
(55.2469956398 -1.22489568113 1.12554780266e-17)
(55.2822765249 -1.53741940527 8.15425612532e-18)
(55.3415945083 -1.85168548604 -3.07764764296e-18)
(62.4566743211 -5.39751950437 -1.25955216059e-17)
(62.6234158079 -5.24546517324 -4.96256802842e-18)
(62.7866113035 -5.08724742239 1.1521471406e-17)
(62.9469736062 -4.9227305508 -8.58838543977e-18)
(63.1042652295 -4.75167187475 -4.47069504437e-18)
(63.2582435741 -4.57373545235 1.11597376685e-17)
(63.4086664946 -4.38853818711 -4.68273477809e-19)
(63.5552186857 -4.19567131064 -4.22823690462e-18)
(63.6974767517 -3.99471132978 4.6119809473e-18)
(63.8349127354 -3.78523178758 -5.82441978388e-18)
(63.9668966577 -3.56681494765 2.58358624753e-18)
(64.0926880798 -3.33907270532 7.82117634944e-18)
(64.2114260234 -3.1016722389 -8.68014979434e-18)
(64.3221280101 -2.85435770781 -3.23479909118e-18)
(64.4236996273 -2.59696744172 5.4871994138e-18)
(64.5149501121 -2.32945136703 1.63547765574e-18)
(64.5946102459 -2.05188972019 -1.08387608412e-18)
(64.6613481857 -1.76450932354 -3.7533622989e-18)
(64.7137961137 -1.4676935724 -1.83267056815e-18)
(64.7505727443 -1.16198186714 1.9043180816e-18)
(64.7702706619 -0.848112646866 1.54244459732e-18)
(64.7713675436 -0.526702103911 2.62448747121e-19)
(64.7527734248 -0.199308375461 -3.01192188658e-19)
(64.7139432355 0.132803841282 -2.40287479846e-19)
(64.6536353083 0.468193730631 -1.67685666398e-18)
(64.570516487 0.805272814847 3.60116906242e-18)
(64.464167142 1.14223624635 2.12655779393e-18)
(64.3343349689 1.47696241634 -3.41711369849e-18)
(64.1807462335 1.80739841135 2.5325607854e-19)
(64.0034198313 2.1314655101 4.98114695072e-19)
(63.80267344 2.4469912429 2.26018487864e-18)
(63.5790986708 2.75171466674 1.69729053283e-21)
(63.3334214034 3.04340431869 6.09055801169e-18)
(63.0664895362 3.31986349291 -4.17378751606e-18)
(62.77953967 3.57900471499 -1.07062455175e-17)
(62.4740091638 3.81886317753 -7.69525672928e-18)
(62.1514473544 4.03761878625 -1.78179893236e-19)
(61.8135451075 4.23362917242 4.04659951209e-18)
(61.4621325898 4.40544843989 5.06785987057e-21)
(61.0991486953 4.55184326382 1.93548117108e-17)
(60.7266093385 4.6718031319 -3.22433113156e-19)
(60.3465809449 4.76454497817 -2.08338763307e-17)
(59.9611543244 4.82950945284 1.38205985172e-19)
(59.572418528 4.86635235305 5.36813870244e-18)
(59.1824370609 4.87493467101 -1.22125142165e-17)
(58.7932260987 4.85530981601 1.14125221359e-17)
(58.4067396826 4.80770996199 1.7861873642e-17)
(58.0248508548 4.73252441246 -1.16659052954e-17)
(57.6493534109 4.63029056647 -1.84666637313e-17)
(57.2819613888 4.50166192418 2.48622191872e-19)
(56.9242589122 4.34737354776 1.24088722998e-17)
(56.5779384947 4.16827057546 5.60825327813e-18)
(56.2441069924 3.96519818346 1.18746470258e-17)
(55.9243307852 3.73910975998 -5.49804913739e-18)
(55.6202615885 3.49099122914 -1.1480691973e-17)
(55.3326598071 3.22180996535 2.69095343999e-20)
(55.062690751 2.93249930853 5.48994388239e-18)
(54.8115116836 2.62391005869 1.04775150945e-17)
(54.5801273306 2.29700991545 -5.24342859826e-18)
(54.3694977762 1.95287276092 -2.0297146852e-17)
(54.1805545345 1.59252857034 4.46815457235e-18)
(54.0142115795 1.21704487103 9.68989669116e-18)
(53.8713780397 0.827491597517 -4.33742472961e-18)
(53.7529670133 0.424955611809 1.32420550212e-17)
(53.6599164788 0.0105374282687 -1.30529443548e-17)
(53.593187171 -0.414617181246 -1.23298587768e-17)
(53.5537228313 -0.849285960562 4.37118621909e-18)
(53.5425685207 -1.29214934244 1.12853149305e-19)
(53.5603854507 -1.74178604723 6.54550434079e-18)
(53.6100527014 -2.19655462972 -6.1828714554e-18)
(63.5271282912 -6.26576180083 4.01059904071e-18)
(63.7211252167 -6.10024874138 5.78757155218e-18)
(63.9133431412 -5.92853125231 5.303107403e-18)
(64.1045056374 -5.75007831962 -5.27063354338e-18)
(64.2946938517 -5.56423843399 4.99341224011e-19)
(64.4840702789 -5.37023032251 2.75494171205e-18)
(64.672717487 -5.16719727393 -1.05499654649e-17)
(64.8605318157 -4.95420725993 1.22790424242e-17)
(65.047224867 -4.73024116808 2.57238766266e-18)
(65.232336678 -4.49418020194 -1.03785794198e-17)
(65.4152254283 -4.2448062667 8.33650802056e-18)
(65.5950027234 -3.98088372819 2.38037311954e-18)
(65.7705052271 -3.70126940826 -7.99071863302e-18)
(65.9403269253 -3.40498698493 -2.07019672998e-18)
(66.1028362449 -3.09126987575 4.64033695671e-19)
(66.2561700608 -2.75958230953 -9.87209188289e-19)
(66.3982261868 -2.40962170811 -6.44606633661e-18)
(66.5267206248 -2.0413447431 5.68223370831e-19)
(66.6392974276 -1.65505727398 1.11537610901e-17)
(66.7335665833 -1.25155408125 5.60939717393e-19)
(66.8070203722 -0.8320767831 -2.46605766133e-18)
(66.8569316451 -0.398209173833 -4.16679768323e-19)
(66.8804881187 0.0481680048742 1.54475541674e-18)
(66.8748770301 0.504834242242 2.50094184947e-18)
(66.8381227829 0.969267941131 3.3351952605e-19)
(66.7685541377 1.43870570782 1.58039822214e-18)
(66.6634126969 1.91033799572 2.22669304121e-18)
(66.5213497634 2.38143977529 -1.31436388992e-18)
(66.3423656822 2.84816944471 5.15791305872e-18)
(66.1257714007 3.30659516092 3.52526217722e-19)
(65.8710690178 3.75297253268 -4.79602012394e-18)
(65.5786264358 4.18371282841 3.36442686648e-19)
(65.2494134692 4.59533672953 8.20103162825e-18)
(64.8848690972 4.98451821541 6.32037981301e-19)
(64.4868614194 5.34809458263 -1.50007993387e-17)
(64.0576525241 5.68313076242 -1.57094762939e-17)
(63.5998936472 5.98695418232 -8.18921500621e-19)
(63.1165483393 6.25720415709 1.78144571195e-17)
(62.6108177263 6.49187406376 -6.34508346579e-18)
(62.0861002838 6.68933047842 6.84388299929e-18)
(61.5459363095 6.84832187867 7.66368798783e-18)
(60.9939269467 6.96798504123 -1.44755513227e-17)
(60.4336567864 7.04784157597 1.52489895932e-17)
(59.8686390306 7.0877783601 4.53310954461e-17)
(59.3022772631 7.08801337785 -7.84870124698e-18)
(58.7378387316 7.0490459017 -3.1722348752e-17)
(58.1784158611 6.97159992856 2.8985973402e-19)
(57.6269105273 6.85658772478 6.85290711914e-19)
(57.0860084626 6.70507448194 -1.54927622537e-17)
(56.5581462007 6.51826539652 -7.79008352608e-18)
(56.045558369 6.29744612949 1.50827384227e-17)
(55.5499844489 6.04398853488 0)
(55.0734851741 5.75928466877 1.1694631122e-20)
(54.6174081621 5.4447862943 2.18590668706e-17)
(54.1827553426 5.10187112931 1.35376229839e-20)
(53.7711946737 4.73208963297 -2.10070590495e-17)
(53.383755598 4.336869991 1.39226632585e-17)
(53.0212858135 3.91769607322 -6.82495395214e-20)
(52.6846993288 3.47593482216 -1.98942128423e-17)
(52.37466419 3.01283812126 -1.88574205077e-17)
(52.0920192483 2.52970814632 1.25277053296e-17)
(51.8380162887 2.02764911322 1.74554671982e-17)
(51.6136074202 1.50751018845 -2.31086776767e-17)
(51.419687455 0.970091778543 -2.17044777937e-17)
(51.2571843047 0.416260164897 1.54967453329e-17)
(51.1272583756 -0.153038991338 3.04039214538e-17)
(51.0312907873 -0.736798733356 -4.62806222472e-18)
(50.971076564 -1.33395941209 -4.49297276124e-18)
(50.9483115875 -1.94340888202 -8.49871349502e-18)
(50.9679146784 -2.56394932997 -7.28837006512e-18)
(64.6344781742 -7.310902477 3.27942973787e-18)
(64.858142065 -7.14487906129 5.70290317656e-18)
(65.0834580255 -6.97637536528 -2.32156231926e-21)
(65.3116637141 -6.80449136185 -6.40486342996e-18)
(65.5433232656 -6.62823554155 3.41147720482e-18)
(65.7790053585 -6.44582821182 -8.24979145346e-19)
(66.0193531959 -6.25536550233 -1.24577484374e-17)
(66.2648570096 -6.05504031558 1.79963378909e-19)
(66.5163375802 -5.84279248837 5.7996609777e-18)
(66.7741874433 -5.61624765529 1.85067690739e-19)
(67.0388235629 -5.37272408141 1.17516776995e-17)
(67.3097247835 -5.10934236406 -4.55879958337e-18)
(67.5850783097 -4.8231545038 -1.60371589423e-17)
(67.8622193154 -4.51116023101 7.6915094587e-18)
(68.1378284354 -4.17048675168 -8.24291874713e-18)
(68.408075513 -3.79855307597 -4.06436472723e-18)
(68.6688891797 -3.39315817634 1.97291860549e-17)
(68.9163139812 -2.95332544377 1.63522260802e-17)
(69.1452710197 -2.47827486836 -7.28656797882e-18)
(69.3495192602 -1.96787998207 -1.3958439556e-17)
(69.5230255648 -1.42107410656 8.57985247232e-18)
(69.6603322619 -0.837594235507 7.99077650252e-19)
(69.756311267 -0.221286695425 -1.3522372549e-18)
(69.8059755477 0.42421697204 1.80756578331e-18)
(69.8039796735 1.09458513962 -1.63560860843e-18)
(69.7458501839 1.78441911618 -1.55031293982e-18)
(69.6306397787 2.48787253713 3.14205279124e-18)
(69.458584189 3.19964478662 -2.52219287423e-18)
(69.2255309456 3.91358831503 -1.6137230572e-18)
(68.9317637772 4.62290146712 1.72682493912e-18)
(68.5789411664 5.32026913269 3.68322248201e-18)
(68.1685041307 5.99828953299 9.41363573715e-18)
(67.702334315 6.64982426396 5.21264818241e-18)
(67.1828400007 7.26810540059 6.90302001816e-18)
(66.6131702293 7.84686744361 -6.21579824917e-18)
(65.997193724 8.38056364623 8.7074008328e-19)
(65.3393416072 8.8643496456 6.63061520799e-18)
(64.6446660623 9.29389199307 -8.50441032758e-18)
(63.9186784769 9.6655265041 -8.80544329733e-18)
(63.1671372078 9.97651447301 -1.89809639065e-17)
(62.3959471599 10.2251178687 -8.87635486949e-18)
(61.6110881126 10.4104943702 2.60537892105e-19)
(60.8184657264 10.5325670928 3.04277999522e-17)
(60.023703011 10.5919320983 2.02845323404e-17)
(59.2319414998 10.5897981291 -2.02147441332e-17)
(58.4477170783 10.5279499005 -1.06531948179e-17)
(57.6750100793 10.4086782907 -1.02053113603e-17)
(56.9173488465 10.2346683182 3.17427451966e-17)
(56.1778963866 10.0088637034 -2.05381431936e-17)
(55.459444488 9.73435753618 -2.07286520275e-17)
(54.7644497495 9.41425479469 2.96737475281e-17)
(54.0951320363 9.05154158949 -9.95172887915e-18)
(53.4530553804 8.64915846933 -5.98902988081e-19)
(52.8396736066 8.2096253428 2.84613760569e-17)
(52.2564454266 7.73555518447 -8.7106147474e-18)
(51.7037472002 7.22925580137 -2.6795225416e-17)
(51.1816660911 6.692703787 8.67614201263e-18)
(50.6910119192 6.12757060027 1.67453301215e-17)
(50.232371089 5.53525259245 -8.39048955651e-21)
(49.806355054 4.9167359124 -1.56287527045e-17)
(49.4132903906 4.27280017089 -7.41593213765e-18)
(49.0531204498 3.60380953616 -1.46922441785e-17)
(48.7262998061 2.91024988106 -1.81694680033e-19)
(48.433313191 2.19204079865 2.75668667522e-17)
(48.1755518125 1.44914727361 6.94185669409e-18)
(47.9549205901 0.680800550449 6.17560745677e-18)
(47.7739682803 -0.114718963487 -5.51886316634e-18)
(47.6362132633 -0.939754687255 -1.57981991128e-17)
(47.5448605245 -1.79680508628 1.46562629237e-17)
(47.5079279069 -2.68786469385 2.31122686936e-18)
(65.7163327142 -8.44696234736 2.19118135233e-18)
(65.9176871812 -8.28321308456 -3.39948292932e-19)
(66.1191222184 -8.11692212489 -1.9226774624e-18)
(66.326480153 -7.95053339267 2.71653600804e-18)
(66.5463145336 -7.78458268514 -5.05940384661e-18)
(66.78314004 -7.61755646912 2.55113518603e-18)
(67.0377456815 -7.44891782705 6.6936439901e-18)
(67.3111287721 -7.27731592742 -1.73527538691e-17)
(67.6058648255 -7.10092620183 4.08258213743e-18)
(67.9245312854 -6.91719784012 2.20844320513e-17)
(68.2667713443 -6.71564301774 -4.98788881348e-18)
(68.6302608269 -6.48552243622 -1.08880527658e-17)
(69.0132278182 -6.21948582125 -5.15129125116e-18)
(69.4132490739 -5.9105861588 -2.78131777983e-19)
(69.8262328747 -5.55241955009 -3.13780872783e-19)
(70.2464770727 -5.13974314278 1.40213269075e-18)
(70.6688216722 -4.67350151693 7.74312695463e-18)
(71.0926724452 -4.14630033187 -8.29400307288e-19)
(71.5129496832 -3.54476206714 -2.34409077743e-18)
(71.9172050439 -2.87153393008 -5.10311669946e-19)
(72.2936615729 -2.12930915771 1.40293561753e-17)
(72.6320109695 -1.32162867777 -1.96877054295e-18)
(72.9231956106 -0.451947018061 -1.20501341743e-17)
(73.1588099074 0.474639781963 -1.52707494228e-17)
(73.3292062674 1.45049480639 -8.98513777791e-18)
(73.4261794149 2.46691352876 1.07717099587e-17)
(73.4415902723 3.50872858876 4.16651145226e-18)
(73.3671220856 4.55902848834 -7.48807364144e-19)
(73.1982695448 5.60882049399 5.03746889236e-18)
(72.9289419751 6.65037186077 -2.51041727708e-19)
(72.554646566 7.67291265988 -2.19136709087e-17)
(72.0748234985 8.66591051462 -4.44902450819e-21)
(71.4912837837 9.61953447427 6.89920945117e-18)
(70.8066723838 10.5231969263 -6.23281716376e-18)
(70.0270279135 11.3664008178 -2.68261163223e-17)
(69.1580159725 12.1380604294 -6.58156789256e-19)
(68.2117253265 12.8284624261 2.45633169444e-17)
(67.1974797518 13.4314493895 2.46227946432e-17)
(66.1257977655 13.9420307483 1.19916933694e-17)
(65.009020134 14.3562244691 -1.27666724507e-17)
(63.8596833051 14.6716416541 -2.94434242631e-17)
(62.6894891765 14.888198252 -1.54178039089e-17)
(61.5093009576 15.008178421 4.48754018861e-17)
(60.3294270539 15.0360131019 1.52891635704e-17)
(59.1595892782 14.9771180247 -1.62233360439e-17)
(58.0089080164 14.8364784579 -2.98316614557e-17)
(56.8854498471 14.6188228204 4.5323924676e-19)
(55.7958319883 14.3290871897 7.10696469853e-17)
(54.745128692 13.9723256186 2.06725429418e-19)
(53.7369610077 13.5533876596 -1.21329448693e-17)
(52.773518841 13.0774987006 3.2709650983e-20)
(51.8558263332 12.5504522528 -2.60934355195e-17)
(50.9840854063 11.9779478646 2.44738068037e-17)
(50.1582258305 11.3648686275 -6.29529117136e-21)
(49.3781745355 10.7155354522 -2.25390917326e-17)
(48.6430901914 10.0332171631 1.21333666685e-21)
(47.9511110226 9.32097970562 1.04452297916e-17)
(47.3008204331 8.58128946083 4.55429626696e-20)
(46.6906481574 7.81616424225 -9.58979820786e-18)
(46.1185377248 7.02753248929 -8.67137800447e-18)
(45.5823080142 6.21706978129 4.95562473732e-20)
(45.0802678177 5.38609853775 -9.0369423965e-18)
(44.6113076296 4.53443389636 3.26716782477e-17)
(44.1745328711 3.66001933628 2.44809759622e-17)
(43.7674511904 2.75789849696 4.75210031849e-19)
(43.3875420575 1.82191329059 2.37954700715e-17)
(43.0311445551 0.845603148485 -3.1005043177e-17)
(42.6944599789 -0.176013292548 -3.10052529805e-17)
(42.3734957826 -1.24658570705 7.66384064791e-18)
(42.0683698565 -2.36621012439 -2.49634485009e-18)
(66.0939448271 -9.25657170733 2.1708437085e-19)
(66.2962272613 -9.16139870687 2.31088079609e-17)
(66.5007500817 -9.09175126171 8.7697518201e-18)
(66.700829993 -9.0906361986 -1.27674570489e-17)
(66.9059004367 -9.08810382205 -9.1307971911e-18)
(67.1295757928 -9.0940605882 -1.08915506166e-17)
(67.3731606984 -9.12001190149 4.14417805922e-18)
(67.6498797759 -9.16312341858 -1.53218584951e-21)
(67.937565073 -9.21557967234 -1.14397932433e-17)
(68.2377080869 -9.2595702101 8.7364410623e-20)
(68.5495535597 -9.27928041014 3.37882820614e-17)
(68.8570975522 -9.26231432718 1.85359286369e-17)
(69.1497378982 -9.19816865399 -5.03718471442e-17)
(69.4325834432 -9.04785405279 -2.13787833809e-17)
(69.7173458539 -8.81016291143 3.47268808097e-17)
(70.0153827128 -8.47521598355 1.27118680125e-17)
(70.3374130016 -8.12218049601 -1.56455919861e-17)
(70.6873159045 -7.61386895363 -2.71515488109e-17)
(71.0658025418 -6.97154558593 -1.46755730889e-17)
(71.4666738119 -6.19767429675 1.43026768223e-17)
(71.8796200945 -5.29056902346 -3.31584649176e-20)
(72.2869854275 -4.24836776642 -1.1637302334e-17)
(72.6701540181 -3.07458921946 2.13535330535e-17)
(73.013176432 -1.77633709969 6.63890854838e-18)
(73.2962227938 -0.363184380434 -4.052880062e-18)
(73.4983473986 1.15392028194 1.59947336915e-17)
(73.663996433 2.76026397724 -4.6619486908e-18)
(73.6438271172 4.43918602029 4.71515236327e-18)
(73.5547025036 6.17051438672 1.97383503458e-18)
(73.3620523409 7.92833618564 1.34431968266e-17)
(73.046297024 9.685072122 -1.37123731437e-17)
(72.6073460601 11.4134521443 2.31169212368e-18)
(72.0435210092 13.0867370849 -8.02415828172e-18)
(71.3507262449 14.6793794606 2.99702946515e-18)
(70.5274953404 16.1676420353 1.2432475238e-17)
(69.57923118 17.5296500694 -4.95932271839e-17)
(68.5114553052 18.7458964966 1.6290268742e-17)
(67.3353369655 19.7993824262 9.12679250044e-17)
(66.0631327062 20.6767164703 -5.76427105766e-17)
(64.7082913727 21.372848799 -4.1604447626e-17)
(63.2896821809 21.8879391505 6.44415308811e-17)
(61.8306463731 22.2238653645 -6.55993294939e-19)
(60.3544043674 22.3850390564 -5.17786161237e-19)
(58.876465848 22.3766681642 2.1974234402e-17)
(57.4244433919 22.2091127268 -2.16269016701e-17)
(56.0067291807 21.8996114126 -8.50807967795e-17)
(54.6313640699 21.4655060966 -2.10062636252e-17)
(53.3076687319 20.9236481914 6.05285419695e-17)
(52.042842794 20.2907990438 2.00789967569e-17)
(50.8406492449 19.5844911532 -1.71897538298e-17)
(49.6974528241 18.8180480541 -3.43539826176e-17)
(48.6180862002 18.0000976671 1.53639286292e-17)
(47.6018969673 17.1391716991 -3.32574075505e-19)
(46.6456989977 16.2429546705 1.40207397613e-19)
(45.7456165248 15.318187567 1.31226226209e-17)
(44.8985555236 14.3704636502 2.39326670274e-17)
(44.1013858773 13.4052525985 3.36173284076e-17)
(43.349623492 12.4273090711 -2.05721739984e-17)
(42.6394743688 11.4401945259 -2.89624426243e-17)
(41.9679015498 10.4456545435 1.30501740803e-20)
(41.3318840514 9.4428444409 2.57075771994e-17)
(40.7267963752 8.42862496923 2.41285747928e-17)
(40.1437550004 7.40024736112 -1.54631831475e-17)
(39.5693140335 6.35921319394 -2.14012874929e-17)
(38.9870862972 5.31517420643 3.14207198963e-19)
(38.379634258 4.25968697492 3.63872112987e-19)
(37.7307630857 3.19834305361 -1.29287204474e-17)
(37.0261885029 2.15084907142 1.38012454675e-17)
(36.2587720857 1.10312032186 4.38128948118e-18)
(35.4273742102 0.0103474760575 -1.81350146753e-18)
(57.1616923958 -10.576574909 -9.79643052664e-19)
(55.7768953331 -10.2312080444 1.31055761831e-18)
(54.3995190881 -9.9719813163 -9.54659701058e-19)
(53.0261079372 -9.83031149826 -1.8629168501e-18)
(51.5656113525 -9.70948691876 -6.12465010866e-19)
(50.0097534885 -9.61185082651 -6.71361152095e-18)
(48.4121954894 -9.56595265201 2.3331879381e-17)
(46.8132049079 -9.56119020664 1.7268940262e-18)
(45.1627827908 -9.51730946539 -3.5755629875e-18)
(43.705781151 -9.34683794145 -2.54300313669e-17)
(42.4161100778 -9.02571046783 1.84126510254e-17)
(41.3530852193 -8.68108715053 5.46439103224e-17)
(40.6176505799 -8.39529340569 -4.2579658176e-20)
(40.265357148 -8.21971886552 -5.00502635838e-17)
(40.3184637957 -8.12186222342 0)
(40.7696117318 -8.13178782899 3.26540659039e-17)
(41.5769630656 -8.14909125142 -5.59998008896e-19)
(42.6692004116 -8.13525974229 -3.76226097985e-17)
(43.9667184712 -8.01793245154 4.12948914048e-17)
(45.3948453415 -7.71099167377 -1.24856091866e-18)
(46.8824829883 -7.17249662633 7.5753924846e-17)
(48.36398285 -6.39794827586 -7.50054095196e-18)
(49.7853289928 -5.36332940081 -1.9617726001e-16)
(51.1077214367 -4.07500832866 1.03196264316e-17)
(52.3065417037 -2.55963007875 4.36956765424e-17)
(53.3626150256 -0.855415213525 -1.03774918363e-18)
(54.2680788733 0.996438757943 7.70317607935e-17)
(55.0468329718 2.95990325416 -1.73660058543e-17)
(55.6999615889 5.01659726565 -3.173119176e-17)
(56.2168244513 7.15990315178 2.0493418326e-17)
(56.600184383 9.38865664419 -1.36219907861e-17)
(56.8545162169 11.6856248928 -1.27094907386e-17)
(56.9786640775 14.0162486052 1.20410856244e-17)
(56.9649267495 16.3167239771 6.77633195537e-18)
(56.800349926 18.5401980692 4.80649304965e-17)
(56.4717138296 20.638039157 1.75142184955e-18)
(55.9699565816 22.5630506905 2.79247048791e-17)
(55.2988881924 24.2883377655 -3.10870194563e-17)
(54.4839381174 25.8043776206 -7.76684183531e-17)
(53.5565427145 27.0340177326 3.17301586319e-17)
(52.5276720762 27.9368355261 -6.91513826476e-20)
(51.4043864591 28.5165817221 -5.48600032286e-19)
(50.2136092786 28.8014202779 7.54557262601e-17)
(48.9957903694 28.8157599243 4.14170900981e-18)
(47.7682794958 28.5850049497 -3.63397384847e-17)
(46.5560482429 28.1380725318 -3.5140840078e-17)
(45.3772710852 27.5054648035 -3.81969107241e-17)
(44.2427520605 26.7178833905 -2.16031833187e-18)
(43.1598368052 25.8055800058 -8.73589871543e-19)
(42.1343204071 24.7974316906 -5.00813896095e-17)
(41.1742575516 23.7194567094 2.31536111579e-17)
(40.2754528317 22.5941173306 1.49301955668e-16)
(39.4355910803 21.4392623812 5.01484756058e-19)
(38.6513695986 20.268515786 -1.72398804621e-17)
(37.91699745 19.0935257644 1.59181482875e-17)
(37.2272222916 17.9240306164 -4.20536187929e-17)
(36.5785519248 16.7635673646 -1.19071740448e-17)
(35.9677001113 15.6125127114 1.36753918447e-19)
(35.3899846854 14.4699527796 0)
(34.8375224526 13.3343916797 -2.50116559231e-17)
(34.2975873746 12.2171080398 -2.22503528397e-17)
(33.7538466757 11.1493523345 3.80665530303e-17)
(33.1907193208 10.1744330884 2.30364542994e-17)
(32.5964822819 9.32786558684 -2.16792633581e-17)
(31.961574778 8.62193487776 -3.08572240839e-18)
(31.2710614286 8.04781549471 1.10076789616e-17)
(30.4966126987 7.5875002942 -2.55933688166e-18)
(29.5877721087 7.21157129283 -1.46251376275e-17)
(28.4780723398 6.84977599878 4.71323652636e-18)
(27.1005681926 6.40074421255 9.43551214058e-18)
(57.1559567291 -0.0130058865294 -2.38392789084e-18)
(57.1580709447 -0.0121514489877 -1.01957493227e-19)
(57.1600526623 -0.0112373102145 2.71784810719e-18)
(57.1618698798 -0.010264977231 1.44246437694e-18)
(57.1634899411 -0.00923120931142 3.87758402074e-20)
(57.164878253 -0.00813138713516 -2.06928656137e-18)
(57.1659966467 -0.00696267555941 -1.40597962857e-18)
(57.1668089658 -0.00572279780239 1.21433107539e-18)
(57.167267066 -0.00440642124115 1.26663122976e-18)
(57.167313847 -0.00300496986505 -5.57750388039e-19)
(57.1668938518 -0.00151450876533 -2.22867776915e-18)
(57.1659463691 6.68717832234e-05 -8.50868627804e-20)
(57.1643892415 0.00174476575464 1.662039343e-18)
(57.1621387487 0.00352567547479 9.58384522349e-19)
(57.1591097513 0.00541587791044 4.97631622615e-20)
(57.1551968264 0.00742219764768 -9.72451350135e-19)
(57.1502843576 0.00955248073131 1.22863413849e-18)
(57.1442459917 0.0118162303283 6.58808280409e-20)
(57.136941103 0.0142294488238 -8.88095443813e-19)
(57.1282129906 0.0168044579403 1.42110225229e-18)
(57.1178889711 0.0195604217451 9.39587362964e-20)
(57.1057784802 0.0225254684664 -1.391977441e-18)
(57.0916719437 0.0257164985199 2.53004650319e-19)
(57.0753404218 0.0291470246231 1.18041049436e-18)
(57.0565356725 0.0328291655033 2.5721212435e-19)
(57.034989852 0.0367735744506 -1.10441836223e-18)
(57.0104165575 0.0409891150831 -1.80957853473e-18)
(56.9825116456 0.0454820984132 -4.75755044421e-20)
(56.95095122 0.0502554063174 7.12614269157e-20)
(56.9153917644 0.055307646819 3.94618614386e-19)
(56.8754748888 0.0606323172198 9.21612613126e-19)
(56.8308314371 0.0662171483419 -4.37402680668e-19)
(56.7810844013 0.0720432124843 -6.8885696782e-19)
(56.7258530976 0.0780839704132 -3.59330737329e-20)
(56.6647589119 0.0843046422628 6.83999195924e-19)
(56.5974324923 0.0906618684656 0)
(56.5235222521 0.097103721396 0)
(56.4427039105 0.103569734192 -2.70911867737e-19)
(56.3546912072 0.109991151122 -1.29058886108e-20)
(56.2592479022 0.11629095887 2.57171901163e-20)
(56.1562012166 0.12238455053 4.29769050815e-19)
(56.0454563107 0.128179375745 2.61539706368e-19)
(55.9270122236 0.133576427623 -4.35248289627e-19)
(55.8009771265 0.138468249221 -4.89967800745e-22)
(55.6675873756 0.142742002534 6.93665229211e-19)
(55.5272257577 0.146280512492 6.84896714129e-19)
(55.3804382397 0.148963868795 2.82886020472e-19)
(55.2279520796 0.15067038369 -5.78581294005e-19)
(55.0706933485 0.1512774811 -1.27732763549e-18)
(54.9098024691 0.150663933829 -1.34304736168e-19)
(54.7466474637 0.14871297531 8.0407907014e-19)
(54.5828341296 0.145315667252 3.31401746399e-19)
(54.4202120828 0.140374760507 -5.76645534829e-19)
(54.260875438 0.133809320852 4.73691015771e-20)
(54.1071569111 0.125560102257 1.74863408314e-19)
(53.9616137261 0.115595527484 -2.04966014461e-19)
(53.8270059045 0.103918591552 0)
(53.7062537722 0.0905723891212 1.52863368716e-21)
(53.6023844204 0.075646369549 6.72718119608e-20)
(53.5184703637 0.0592791844086 -5.14564459309e-20)
(53.4575387886 0.0416718166097 9.16802589422e-20)
(53.4224207928 0.0230930252818 -2.51483223837e-20)
(53.4156020671 0.00391805858936 1.52132626558e-20)
(53.4391200966 -0.0153775497624 -4.63054921544e-20)
(53.494440623 -0.0341864687556 -3.24663009331e-20)
(53.5822493068 -0.0519080676999 3.96466905948e-20)
(53.7018525493 -0.0679899545289 3.91522492101e-19)
(53.8509572742 -0.0816820642374 -2.69493333023e-19)
(54.0257538497 -0.0921765911027 -5.79683154221e-19)
(54.220650362 -0.0987107181561 4.91508137994e-20)
(54.4281751777 -0.100634918127 -1.53144005789e-19)
(54.6391262188 -0.0974910296675 4.00999377224e-19)
(54.8428850626 -0.0891451048276 1.08946696723e-18)
(55.0278612125 -0.0757500946893 6.49364840829e-19)
(55.1832267668 -0.0578129836761 -7.75918110639e-19)
(55.2973799638 -0.036453552941 -9.02032365829e-19)
(55.3663975462 -0.0131900374663 8.93743746606e-20)
(55.3690323199 0.0112673739733 8.99551564897e-19)
(55.3574752459 0.0325401824386 -4.50754497897e-19)
(55.1418169708 0.0624498989078 -5.84413945249e-19)
(57.1934469708 -0.0182257956645 6.47414286663e-19)
(57.1961707852 -0.0164646821771 2.60511119523e-18)
(57.1988160951 -0.0145449957191 0)
(57.2013697538 -0.0124506400074 -2.54048471287e-21)
(57.203799914 -0.0101642118143 -2.18571918228e-23)
(57.206071548 -0.00766519671729 -4.21956818357e-23)
(57.2081545097 -0.00493105279897 6.86136597561e-19)
(57.2100115102 -0.00193826130683 6.58217850175e-19)
(57.2115938802 0.00133857397205 -3.01683432632e-18)
(57.2128497296 0.00492655974272 -2.48127675341e-18)
(57.2137245759 0.008855009303 2.31482467969e-18)
(57.2141503545 0.0131558370765 2.77951684956e-18)
(57.2140503439 0.0178635126651 -4.51966992027e-19)
(57.2133369791 0.0230128246168 -1.05644476765e-18)
(57.2119088925 0.0286409345274 1.43729365623e-18)
(57.2096626154 0.0347877287167 -8.36572110827e-19)
(57.2064802366 0.0414936692441 1.490275205e-18)
(57.2022033355 0.0487982835834 1.01580104982e-18)
(57.1966829533 0.0567432786793 -3.25938399403e-18)
(57.1897640603 0.0653698450582 -5.48062522528e-20)
(57.1812444353 0.0747149387534 -2.4932268552e-19)
(57.1709148131 0.0848150319044 -3.58179193294e-19)
(57.1585540231 0.0957032238364 9.91886632282e-19)
(57.1439187774 0.107408648375 2.9768918211e-19)
(57.1267442731 0.11995474487 -1.27415761528e-20)
(57.1067431824 0.133358635521 -6.26348565699e-21)
(57.083608995 0.147629538203 9.62208768076e-19)
(57.0570165085 0.162767163144 -1.59712703505e-19)
(57.0266187714 0.178760964566 -1.00698891753e-18)
(56.9920470865 0.195588411432 2.22477903327e-19)
(56.9529161543 0.213212114363 2.58582827179e-20)
(56.9088283852 0.231577960804 -6.34463963504e-21)
(56.8593769893 0.250613334486 -6.95219190905e-19)
(56.8041505606 0.270224907474 -3.39518840735e-20)
(56.7427391133 0.290296318492 6.93576324624e-19)
(56.6747416725 0.310686427134 4.53851801789e-21)
(56.5997751688 0.33122787098 -5.44571772895e-19)
(56.5174845701 0.351725896707 7.52175012032e-19)
(56.4275544146 0.371956967148 5.82487270863e-19)
(56.3297217901 0.391669229393 -7.41664229007e-20)
(56.2237910591 0.410580627388 -1.86400179884e-19)
(56.1096501186 0.428383574104 -9.11533182105e-19)
(55.9872869722 0.444745017068 -3.83608652929e-19)
(55.8568100749 0.459311385917 -2.02340476452e-19)
(55.7184655777 0.471709878064 5.65432750821e-19)
(55.572657625 0.481545615066 -3.0082032626e-19)
(55.419968013 0.488416272904 -3.39519939386e-20)
(55.261171112 0.491918729579 5.13508599193e-20)
(55.0972529504 0.491652973048 -2.98057780842e-19)
(54.9294299922 0.487231366968 5.27732372273e-19)
(54.759161133 0.478290464978 -7.97523647042e-20)
(54.5881550972 0.46450236077 -2.93195291651e-20)
(54.4183754556 0.445586202794 -7.93839505213e-20)
(54.2520409248 0.421321144816 2.40665864595e-19)
(54.0916180325 0.391560059929 2.84956388164e-19)
(53.9398060988 0.356244911206 -1.90541837084e-19)
(53.7995116092 0.315425916458 -8.97457954654e-20)
(53.6738125189 0.269282921436 2.1079979951e-20)
(53.5659088614 0.218146928139 5.82090388029e-20)
(53.4790439694 0.162528612542 -6.83595524757e-20)
(53.4164107487 0.103150461569 3.13205119878e-20)
(53.3810610371 0.0409443797259 -3.17195486238e-20)
(53.3757500778 -0.0229164688337 -2.41018838105e-20)
(53.4027928999 -0.0869952051431 -3.28758592805e-21)
(53.4636251255 -0.149457224834 -6.94878180129e-20)
(53.5584794018 -0.208136515088 -4.33039477198e-20)
(53.6866453742 -0.260756478845 2.34847141654e-20)
(53.8460610334 -0.304799974061 5.51277374909e-19)
(54.0327094506 -0.337693976603 -2.4481559864e-19)
(54.2405587321 -0.357020900309 -6.13669097307e-19)
(54.4615629541 -0.360756335188 5.11144479952e-19)
(54.6857442589 -0.347551381915 2.27244345502e-19)
(54.9016964909 -0.317070791808 -2.41722138952e-19)
(55.0971464803 -0.270120002567 -3.82214122049e-19)
(55.2601949762 -0.208970621216 1.06843776451e-19)
(55.378183495 -0.1371440046 2.32534770106e-20)
(55.4479523903 -0.0595662827108 -3.53776100044e-20)
(55.4456930428 0.0205821166915 -5.73390700418e-19)
(55.4340790382 0.0898171421607 -3.44800511881e-20)
(55.2004348462 0.185424387965 5.86012286188e-19)
(57.252908522 -0.0501431538212 -1.18233555554e-18)
(57.2565635777 -0.0474011190071 -8.92729409652e-20)
(57.2602380187 -0.0444091958661 2.07311739869e-19)
(57.2639037927 -0.0411408029876 1.35820558085e-18)
(57.267536642 -0.0375644217315 2.32850489879e-18)
(57.2711145563 -0.0336450013444 -3.06358565091e-20)
(57.2746102241 -0.0293451386652 -6.50752953119e-19)
(57.2779884591 -0.0246248209951 -2.23491125613e-19)
(57.2812073725 -0.0194414091551 5.6296178933e-20)
(57.2842186166 -0.0137494704993 4.69533985377e-19)
(57.2869659867 -0.00750066868172 1.03065455529e-19)
(57.2893842789 -0.000643441798439 -1.74300392783e-18)
(57.2913985005 0.00688350028953 2.04390271374e-18)
(57.2929230149 0.0151412828998 5.97171910618e-19)
(57.2938598883 0.0241899192473 -2.05204614919e-18)
(57.2940970709 0.034097090126 -5.02486139044e-19)
(57.2935075144 0.0449358248191 6.56290236191e-21)
(57.291947835 0.0567804511932 -1.19225919939e-18)
(57.289256616 0.0697016170401 -2.30229108244e-18)
(57.2852523682 0.0837718829328 1.73090065309e-18)
(57.2797373935 0.0990628625349 2.2589116905e-18)
(57.2724895532 0.115641103418 -1.6086943345e-18)
(57.2632583926 0.133568045643 -4.65388162679e-20)
(57.2517715906 0.152899405162 3.60223046583e-19)
(57.2377329661 0.173683857541 -2.35523533704e-20)
(57.2208230421 0.195961601313 -4.15377541111e-19)
(57.2006962881 0.219761297086 -5.20314082951e-20)
(57.1769825605 0.245096878234 -1.28549860341e-19)
(57.1492863906 0.271965638198 -5.76734931865e-20)
(57.117187488 0.300344255587 1.88664136305e-18)
(57.0802455365 0.330182248393 -7.01503862779e-19)
(57.0380048338 0.361397507106 -4.52338220987e-19)
(56.9899984665 0.393873234782 3.90205610648e-19)
(56.9357538283 0.42745463422 -3.66230903858e-19)
(56.8748000241 0.461945890952 9.46815583177e-19)
(56.8066767745 0.497107425018 3.08697796836e-20)
(56.7309444779 0.532653421957 -8.68114471551e-19)
(56.6471958322 0.568250305528 -2.65671764691e-19)
(56.5550699866 0.603514991862 4.91195404171e-19)
(56.454264491 0.638015221369 7.27142588532e-19)
(56.3445556967 0.67126956816 -4.35008781051e-19)
(56.2258175262 0.702748222658 -1.08606064693e-18)
(56.0980323831 0.73186941493 3.90361664812e-19)
(55.9613167526 0.758012499125 6.35620960324e-19)
(55.8159309881 0.78052376782 -8.95026414941e-19)
(55.6623124059 0.798734760005 6.22138177701e-19)
(55.5011082169 0.811957232279 7.25168282701e-19)
(55.3331666584 0.819493151368 -6.71999352932e-20)
(55.15955756 0.820654605856 -2.421249358e-19)
(54.9816012225 0.814779441112 -5.48857290959e-19)
(54.8008814054 0.801247893056 2.65301250786e-19)
(54.6192497224 0.779498382274 -3.93114418212e-19)
(54.4388300617 0.749048802854 -1.01141901671e-20)
(54.2620197621 0.709519627673 -1.99043145487e-19)
(54.0914823358 0.660657608887 2.36657741599e-19)
(53.9301304947 0.602361792321 6.50204803961e-19)
(53.7811000618 0.534713347753 -4.24928212501e-20)
(53.6477106842 0.458011107789 -1.6142840238e-19)
(53.5334062661 0.372809527409 -1.64784117683e-19)
(53.4416915684 0.279957725447 -2.38692017928e-20)
(53.3760340628 0.180639693962 2.31807109152e-20)
(53.3397462695 0.0764188175803 -1.22558766687e-19)
(53.3357933693 -0.0307317345343 -9.65423548615e-20)
(53.3665982596 -0.138339167321 5.44683325993e-20)
(53.4339420157 -0.243521693862 -5.22403786995e-21)
(53.5385734881 -0.342793084163 1.36787945012e-19)
(53.6797963589 -0.432086871107 -6.81349121306e-21)
(53.8552406826 -0.507090585121 -2.20917369838e-19)
(54.060545758 -0.563364407133 2.61072591097e-19)
(54.2890880718 -0.596632010939 5.76028635399e-19)
(54.5318676885 -0.603241599449 2.1122813074e-19)
(54.7776200298 -0.580730487981 -4.42096081356e-19)
(55.0133721686 -0.528385158194 -6.20361139943e-20)
(55.224992719 -0.447788727965 -2.59898349933e-19)
(55.3993252445 -0.343115982648 -3.3600562602e-20)
(55.5228966338 -0.220513333821 9.10194189613e-19)
(55.5926307666 -0.0884825235266 5.16385570273e-19)
(55.5830281835 0.0466845296274 2.98445925344e-19)
(55.5639955353 0.163497166719 -5.09143282593e-19)
(55.3042688083 0.324566275833 -5.89779245374e-19)
(57.3459040284 -0.0702010718539 -3.63784471793e-19)
(57.3511093542 -0.0673296224015 3.30637684727e-19)
(57.3564746226 -0.0641088994534 1.54687872857e-19)
(57.3620139164 -0.0604986923194 -4.72347225143e-19)
(57.367716615 -0.0564522721162 1.25742647279e-18)
(57.3735618845 -0.0519155062135 2.24290748442e-18)
(57.3795265996 -0.046828877274 -2.04329279536e-18)
(57.3855814773 -0.0411287815545 -4.34740011389e-18)
(57.3916904827 -0.034746139421 2.07845497499e-18)
(57.3978102096 -0.0276064770657 3.14700042184e-18)
(57.4038840692 -0.0196292842033 4.15272940772e-20)
(57.4098567803 -0.0107269194924 -1.18400062126e-18)
(57.4156531315 -0.0008109399778 -5.30390618077e-19)
(57.4211663685 0.0102117186541 -1.55637464313e-18)
(57.426297297 0.0224462059206 -3.24107549391e-20)
(57.4309354771 0.0360017740763 1.47804546156e-18)
(57.4349376915 0.0509880883134 1.32321866783e-18)
(57.4381425227 0.067516683828 6.05442735791e-20)
(57.4403690545 0.0857005426311 -1.59325891869e-18)
(57.4414130011 0.105652691963 -1.08659302897e-18)
(57.4410423194 0.127484532714 1.02682830696e-18)
(57.4390004288 0.151302180364 1.05862314217e-18)
(57.4350045193 0.177206678501 -2.93098141149e-19)
(57.4287363675 0.205289110806 5.73478470622e-19)
(57.4198452512 0.235628830958 6.16447126585e-19)
(57.407948343 0.268287189966 -5.34926798699e-19)
(57.3926314643 0.303304101606 -5.11757194461e-19)
(57.3734500876 0.340694158911 -2.04116237446e-19)
(57.3499286845 0.380444801773 6.28972377411e-19)
(57.3215618813 0.422511672735 -2.05862182547e-19)
(57.2878195213 0.466810058515 -6.52068765731e-19)
(57.2481518122 0.513208742743 4.10483138794e-19)
(57.2019945271 0.561525475633 3.97277005274e-22)
(57.1487763073 0.611521662768 5.77889012637e-21)
(57.08792752 0.662897349173 0)
(57.0188911458 0.715286584986 -5.54470884033e-19)
(56.9411359528 0.768253583846 4.78886659942e-19)
(56.8541716063 0.821290861687 1.31242437804e-18)
(56.7575650789 0.873813860307 -4.75590309966e-19)
(56.6509609531 0.92516985823 -7.56530719007e-19)
(56.5340956917 0.974634348011 2.15829422984e-19)
(56.4068095126 1.0214146996 -5.83188709214e-19)
(56.2690824118 1.06466089684 3.1859547353e-19)
(56.1210597613 1.10346560308 4.57288157975e-19)
(55.9630792735 1.13687242934 -2.2014850097e-19)
(55.7956723091 1.16389153878 5.30964269957e-19)
(55.6195586101 1.18350911231 -8.2770585051e-19)
(55.4357073304 1.19470820447 -3.40472398921e-19)
(55.2453595716 1.19649363125 1.02516443948e-18)
(55.0500311578 1.18789707767 4.28845497086e-20)
(54.8515178632 1.16803064455 -1.66437072689e-19)
(54.6519043533 1.13608922726 2.28437618036e-19)
(54.4535757764 1.09138064569 -3.01097868253e-19)
(54.2592150838 1.03336101973 -3.84156858927e-19)
(54.071793377 0.961667683666 1.01040199153e-19)
(53.8945550125 0.876155066425 -3.86820421834e-20)
(53.7309923402 0.776935777525 -9.66276061297e-20)
(53.5848069776 0.664426799414 2.65341715879e-20)
(53.4598620516 0.539400132607 -2.22561623535e-20)
(53.3601105932 0.403044787449 3.07306087433e-20)
(53.2894746832 0.257040996018 8.17906007361e-20)
(53.2517229365 0.10363810808 -5.32444826053e-20)
(53.2503500234 -0.0542771107465 2.00327385065e-19)
(53.2882660133 -0.213074440472 2.58818441275e-20)
(53.367496864 -0.368352943844 -3.08829395886e-20)
(53.4889823774 -0.514980560874 1.8556715299e-19)
(53.652166918 -0.647072654214 3.65218289613e-19)
(53.8545357483 -0.758150625301 -1.88535028347e-19)
(54.0911817034 -0.84145318589 -1.68793627437e-19)
(54.3544330644 -0.890431186602 5.86777984454e-19)
(54.6336649094 -0.899454506993 -7.01496760613e-19)
(54.9154135027 -0.864706300586 -6.29030764266e-20)
(55.1840543768 -0.785144040249 8.73581950455e-19)
(55.422738353 -0.663314879549 2.31749687851e-20)
(55.6158775792 -0.505633153357 2.05682822291e-19)
(55.7480009454 -0.321995007638 -4.4872712196e-19)
(55.816203365 -0.125556518884 -2.68399962781e-19)
(55.7935449371 0.0735367453412 5.21263139431e-19)
(55.7605197478 0.244358712013 -7.61593850047e-20)
(55.4583536485 0.475736065669 1.16139057966e-19)
(57.4515573298 -0.117849241059 -1.95234942633e-18)
(57.4589652506 -0.115785529135 -2.11777439411e-18)
(57.4667805567 -0.113288224485 1.45642492859e-18)
(57.4750082005 -0.110300924744 -2.58772523465e-18)
(57.4836540139 -0.10675625163 -1.28138400712e-19)
(57.4927165898 -0.102576290605 2.62319330657e-18)
(57.5021845582 -0.0976755589803 -5.0276513679e-21)
(57.5120385615 -0.0919619012871 2.14882257062e-20)
(57.5222519248 -0.0853351507367 2.15073773283e-20)
(57.5327894799 -0.0776870044813 -1.276736019e-18)
(57.5436052447 -0.068901962226 -7.77031269378e-20)
(57.5546401154 -0.0588561425352 6.96633391542e-19)
(57.5658201768 -0.0474143837336 -1.08957586073e-18)
(57.5770548372 -0.0344347638337 5.16625069419e-19)
(57.5882349952 -0.0197713662895 1.5117880308e-18)
(57.5992314549 -0.00327103660189 -4.21950823984e-19)
(57.6098921951 0.0152265974906 7.64794926784e-19)
(57.6200394214 0.0358873169686 8.85609990431e-19)
(57.6294674335 0.0588795738804 -2.69799001888e-18)
(57.6379398207 0.0843724983402 9.40766918567e-19)
(57.6451855358 0.112533367651 1.48054745289e-18)
(57.6508997351 0.143525621221 -1.36265976385e-18)
(57.6547391107 0.177503066925 2.20088861239e-20)
(57.6563206421 0.21460765198 1.82034254483e-18)
(57.6552173199 0.254963801226 8.06544431415e-20)
(57.650958224 0.298674132855 -1.83303956041e-18)
(57.6430365343 0.345811301895 2.41571198103e-20)
(57.6309036906 0.39641089644 2.14353067346e-20)
(57.61396896 0.450468969719 -1.66041963544e-18)
(57.5916027029 0.507935443311 -4.69607076421e-19)
(57.5631424177 0.568701885828 1.64064540209e-18)
(57.5278992689 0.632592509335 6.75250918353e-19)
(57.4851654276 0.699357397447 1.0053964901e-20)
(57.4342239961 0.768664512566 -3.21219031712e-19)
(57.3743613256 0.840092008953 2.66598025484e-19)
(57.304881341 0.913121442386 1.78285231277e-20)
(57.2251241458 0.987133045448 -7.52931657167e-19)
(57.1344745896 1.06140243747 -4.98528106958e-19)
(57.0324026967 1.13510578063 9.27555234646e-19)
(56.9184808845 1.20731140992 5.07332846875e-19)
(56.7923824413 1.27699021144 -5.97778042176e-20)
(56.6539318599 1.34301955999 2.81730462717e-20)
(56.5031254293 1.40420054369 -4.25521780839e-19)
(56.340141454 1.45926428851 9.67927774831e-21)
(56.1653665508 1.50688899314 -3.68673661694e-19)
(55.9794235576 1.5457073507 3.35546787685e-19)
(55.7832057686 1.57433930743 3.92947259676e-19)
(55.5778909932 1.59141685641 1.14945023043e-19)
(55.364921649 1.5956025764 3.3882803317e-19)
(55.1460771558 1.58562810957 -4.58583897172e-19)
(54.9234741077 1.56029177605 -8.10011582562e-19)
(54.6995099682 1.51853114385 -4.46108082376e-20)
(54.4769234494 1.45944445713 4.48494786032e-19)
(54.2587898399 1.3823227198 3.74567287941e-19)
(54.0485028956 1.28669476136 4.22282286129e-20)
(53.8497594328 1.17237498318 -7.31886755922e-19)
(53.6665347551 1.03951438431 -1.20754826162e-19)
(53.5030442847 0.888660789315 4.5800540876e-19)
(53.3636853878 0.720831955793 2.07146479524e-19)
(53.2529615908 0.537595510141 1.13189141617e-19)
(53.1753884636 0.341152896327 -5.32016748811e-20)
(53.1353565796 0.134448921772 6.7568707208e-20)
(53.136949834 -0.0787238392617 2.83493985611e-19)
(53.1836857976 -0.293633941949 -2.33443716965e-19)
(53.2782259015 -0.504435532587 -1.40085486323e-20)
(53.4220097433 -0.7041414441 -2.94744901153e-19)
(53.6147490096 -0.884663248508 -1.14212540494e-19)
(53.8538503115 -1.03696158998 2.31574349739e-20)
(54.1337988269 -1.15142724424 -2.51924240157e-19)
(54.4455716599 -1.21857291579 1.46778337944e-19)
(54.7762633971 -1.23009125641 4.86243656915e-19)
(55.109140426 -1.18025497151 -6.16361975166e-19)
(55.4245132303 -1.06746767334 1.21862059418e-19)
(55.7011574645 -0.895540471817 -4.94449200806e-20)
(55.9197622791 -0.674277867132 -6.30069066357e-19)
(56.0622598244 -0.418611360242 -5.77400934316e-19)
(56.1261654933 -0.147924640307 -2.93461854729e-20)
(56.0827789448 0.122675056234 2.92366924386e-19)
(56.0279093579 0.352151904228 -1.74342553055e-19)
(55.6640432544 0.655668984763 3.15891696871e-19)
(57.5756417542 -0.170156416107 1.0343815779e-18)
(57.5860071393 -0.17033616541 -4.09769012542e-18)
(57.597095695 -0.170006830458 -3.43365594417e-18)
(57.6089683709 -0.16909148206 3.66574720726e-18)
(57.6216613226 -0.16749678065 2.47012577386e-18)
(57.6351858948 -0.165114241207 -1.37960980283e-19)
(57.6495431528 -0.1618238551 9.18128443019e-19)
(57.6647301552 -0.157495616675 -9.08665172641e-19)
(57.6807366208 -0.151987740501 -2.82856433712e-18)
(57.6975403824 -0.145146772954 -8.15686687165e-19)
(57.715105497 -0.136807030498 2.65948566236e-18)
(57.7333802351 -0.126790234785 -1.69611690334e-18)
(57.752293673 -0.114905738628 -7.03596351083e-19)
(57.7717538477 -0.100950949951 1.93589283017e-19)
(57.7916453823 -0.0847118241125 -7.89104316353e-20)
(57.8118257677 -0.0659636735968 1.45050966257e-19)
(57.8321219927 -0.0444725895653 -8.98965360791e-19)
(57.8523269875 -0.019997375072 8.86725001687e-19)
(57.8721961713 0.00770796577046 2.18819322854e-18)
(57.8914443107 0.0388910958104 -8.53327144074e-19)
(57.909741974 0.0737977158936 -2.68077060827e-18)
(57.9267097958 0.112667317875 2.04855638726e-18)
(57.9419188131 0.155727132615 4.4545236419e-19)
(57.9548865841 0.203187022594 -7.96533183611e-19)
(57.9650753881 0.255231257033 2.22064960287e-19)
(57.9718928021 0.312012461178 7.99477126112e-19)
(57.9746850197 0.373639124086 4.84585272639e-19)
(57.9727426509 0.440166223293 -4.47225961146e-19)
(57.965305152 0.51159154627 -4.83632510813e-19)
(57.9515624564 0.587846282004 1.28896621725e-20)
(57.9306610325 0.668778679746 5.11301336313e-19)
(57.9017126122 0.754141619201 -5.59750687954e-19)
(57.8638034734 0.843582909602 2.62739701749e-19)
(57.8160070533 0.936635564198 2.89778401769e-19)
(57.7574008175 1.03270684796 -2.73394529574e-20)
(57.6870874918 1.13106828054 1.01027800717e-20)
(57.6042219635 1.23085287852 -2.40084256923e-19)
(57.5080497154 1.33105581053 4.21369942122e-19)
(57.3979141169 1.43054117452 2.11051157046e-19)
(57.2732829307 1.52803527082 -4.35470604083e-19)
(57.1337983914 1.62214192401 -9.98540830664e-19)
(56.979283572 1.71135276229 -3.3528258936e-20)
(56.8097685429 1.79405544328 2.76744174845e-19)
(56.6255199415 1.86855602915 1.57526243732e-21)
(56.4270683478 1.93310081637 5.95778131112e-19)
(56.2152309977 1.98590493912 -9.29787194736e-21)
(55.9911313357 2.02517713857 -7.15350435464e-21)
(55.7562137933 2.04914827097 1.00174930675e-18)
(55.5122772243 2.05609956531 5.5286011143e-20)
(55.26142772 2.04442122474 -1.00892017917e-18)
(55.0061335325 2.01260045028 -6.62848277573e-21)
(54.7492701486 1.95928965154 -2.64478668955e-19)
(54.4940372905 1.88336470238 -2.68135004958e-19)
(54.2439899841 1.78394558729 2.54760924887e-19)
(54.0030437531 1.66044362072 1.34289738354e-19)
(53.7754531122 1.51262349557 0)
(53.5657858372 1.34066525726 2.5017938414e-19)
(53.3788897316 1.1452351261 5.18646856289e-20)
(53.2198445182 0.927573576767 -1.69983161041e-19)
(53.093893752 0.689603659726 -5.89100884937e-20)
(53.0063406405 0.434060589836 -2.36733139211e-19)
(52.9624007551 0.164637906018 1.23817591248e-19)
(52.967037279 -0.113864274807 -1.2925611704e-19)
(53.0247165497 -0.395409798008 -6.539862487e-20)
(53.1390178368 -0.672461792856 -1.47810481342e-19)
(53.3121559518 -0.93593239304 -2.26151245456e-20)
(53.5444022151 -1.17515333802 -1.77106542242e-19)
(53.8332958438 -1.37792213845 -4.7448636605e-19)
(54.1727016829 -1.53094414614 -2.71164584506e-19)
(54.551854455 -1.62076242807 -4.29949750505e-19)
(54.9546491275 -1.63529857819 2.02934118603e-19)
(55.3595570234 -1.56601327115 4.32355193934e-19)
(55.7408095823 -1.41040569426 5.72362814154e-19)
(56.0706356134 -1.17415818385 -5.17074626144e-19)
(56.3240809518 -0.87193110975 -2.94200378591e-19)
(56.4792067659 -0.525858040416 1.0314223978e-18)
(56.5342920387 -0.163686607684 6.22092355193e-19)
(56.4592467473 0.192286314292 -7.60927590022e-19)
(56.3713459698 0.489340350722 -1.03554924792e-18)
(55.9223417063 0.869636726982 6.50427205055e-19)
(57.6912590743 -0.25178034202 -3.56267892534e-18)
(57.7055668685 -0.256409915196 -3.66383355869e-18)
(57.7210917715 -0.260482081679 -2.03470919456e-18)
(57.7379030582 -0.263893639508 -8.68255550514e-20)
(57.7560742672 -0.266516451121 1.06431676031e-18)
(57.7756520431 -0.268201075359 8.21259736904e-19)
(57.796664016 -0.268781851705 9.69072981263e-20)
(57.819130829 -0.268078777156 -1.52533429953e-20)
(57.8430650071 -0.265894460333 3.07707549005e-18)
(57.8684650453 -0.262013502654 -2.10230532788e-18)
(57.895311758 -0.256202304607 -2.17829958275e-18)
(57.9235654537 -0.248208855372 6.88066031648e-19)
(57.9531628405 -0.237762684727 4.82824050247e-19)
(57.9840133932 -0.224575216351 6.10055161493e-19)
(58.0159951633 -0.208340638099 9.07676662658e-20)
(58.0489503502 -0.188737237878 -8.29820107538e-19)
(58.0826807653 -0.165429218675 1.10941941721e-18)
(58.1169429838 -0.13806923762 1.2755055905e-18)
(58.1514432769 -0.106301614285 -1.45747013443e-18)
(58.1858325857 -0.0697666060748 -4.20403414825e-19)
(58.2197014137 -0.0281056488461 1.06875288568e-19)
(58.252574739 0.0190319869023 1.11746596923e-18)
(58.2839079167 0.0719822467618 1.32116191266e-18)
(58.3130824686 0.131056533708 -8.14969633547e-19)
(58.3394036942 0.19653213355 -1.26948688197e-18)
(58.3620977609 0.268637766996 -2.07351752458e-20)
(58.3803112809 0.34753980953 -9.12269111571e-21)
(58.3931173241 0.433329214573 0)
(58.3995191387 0.526015634862 -1.49693094679e-20)
(58.3984548757 0.625511393748 2.06859764192e-20)
(58.388805175 0.731618308841 2.09367806783e-19)
(58.369402732 0.844016035888 4.1457403685e-19)
(58.3390495077 0.962234120513 1.1208119236e-20)
(58.2965327257 1.08565649985 1.89953870676e-19)
(58.2406415471 1.21348742289 -1.85470302389e-19)
(58.1702085618 1.34469321809 -2.50167928468e-19)
(58.0841584906 1.47800317973 5.53190427485e-19)
(57.9815407327 1.61197198304 -1.96954309793e-19)
(57.8615430448 1.74499742483 -5.70807388548e-19)
(57.7235281939 1.87533475009 -1.830112383e-19)
(57.5670704826 2.0010902012 -1.11706106256e-20)
(57.3919931383 2.12023664503 -5.89876130325e-20)
(57.1983981962 2.230637685 -1.07339480968e-18)
(56.9866935499 2.33007669363 2.71881220366e-19)
(56.757616864 2.41628821095 1.27919228425e-18)
(56.5122557772 2.48699183966 3.50067792402e-19)
(56.2520649499 2.53992827181 -2.9724661578e-19)
(55.9788731876 2.57289559963 -8.01482968413e-19)
(55.6949046029 2.58378851945 -3.10887378153e-19)
(55.4027596069 2.57062233522 -3.90193125259e-19)
(55.1054097916 2.53161181024 6.70162035116e-19)
(54.8062671577 2.46516708922 3.24892164289e-19)
(54.5091374123 2.36994924295 1.55261219829e-20)
(54.2181768763 2.24493070979 -3.59260419504e-19)
(53.9379366111 2.08943998407 -1.90588414536e-20)
(53.6733543784 1.9032163235 3.97382221745e-19)
(53.4297215848 1.68648487118 8.87788351101e-20)
(53.2126593882 1.44004878699 -1.06031200204e-19)
(53.0280836656 1.16539520315 5.89624091666e-20)
(52.8821437703 0.864810023862 -2.58007282995e-19)
(52.7811326734 0.541509740089 -3.5861999587e-21)
(52.7313417558 0.19985719088 1.10675723276e-19)
(52.7388158751 -0.15445423988 -1.931557183e-19)
(52.8092155503 -0.514071824144 2.56097479783e-19)
(52.9474101004 -0.869831576722 -2.9869858004e-19)
(53.1568032499 -1.21016757932 1.66875947527e-19)
(53.4387464167 -1.52134961125 3.7501801904e-19)
(53.7914682243 -1.78718469852 3.61471857318e-19)
(54.2085506097 -1.98944501939 9.0474477678e-20)
(54.6773457896 -2.10905438992 -5.36344434503e-19)
(55.1776182968 -2.12830056485 -5.14828079759e-19)
(55.6810486912 -2.03421740159 -3.92544600801e-20)
(56.152688203 -1.82269487271 8.41485185042e-20)
(56.5546123812 -1.50201760762 1.69251268066e-19)
(56.8533436946 -1.09420933288 -3.49790483157e-20)
(57.0218581406 -0.632275540425 3.70406849857e-19)
(57.0598997579 -0.156502614198 -9.04842337436e-21)
(56.9365868494 0.301287550699 -7.30891452977e-19)
(56.7990113065 0.675338464217 -7.89667002888e-19)
(56.2339640617 1.13436823317 2.25951609438e-18)
(57.7915316891 -0.359233808163 1.33164199896e-18)
(57.8108827504 -0.371206482853 2.48271946424e-18)
(57.8321017927 -0.382620084191 -1.21103752571e-18)
(57.8553376635 -0.393338048676 -2.35868299634e-18)
(57.8807256016 -0.403185581881 -1.02441705483e-18)
(57.9083487597 -0.411957275799 -1.89578742079e-18)
(57.9382680121 -0.419425025114 3.70027280663e-18)
(57.9705425768 -0.425340188099 1.99739759437e-18)
(58.0052237137 -0.429429189074 -2.71913792173e-18)
(58.0423436042 -0.431392430657 6.32468673842e-19)
(58.0819110911 -0.430903609835 -1.91871345584e-18)
(58.1239083834 -0.427609279977 -3.20989485762e-18)
(58.1682866607 -0.421128773232 1.76181165724e-18)
(58.2149608366 -0.41105456486 4.78436152457e-18)
(58.2638035996 -0.396953225357 6.62009358769e-19)
(58.3146390987 -0.378367094969 -3.14439892607e-18)
(58.367236265 -0.354816851279 -1.20680317097e-18)
(58.4213017981 -0.325805076378 5.45380394072e-19)
(58.4764728462 -0.290820947784 3.87104322072e-19)
(58.5323094448 -0.249346270638 1.03396077564e-18)
(58.5882861255 -0.200863020385 1.26465049067e-18)
(58.6437848135 -0.144862608404 -2.32644774787e-18)
(58.6980903407 -0.0808569155803 -9.33771843811e-19)
(58.7503829236 -0.00839065678166 1.15644668347e-18)
(58.7997286155 0.0729429096105 -4.93984167052e-19)
(58.8450809454 0.163484299855 2.46782607062e-19)
(58.8852885988 0.263484634058 4.60076046376e-19)
(58.9191027411 0.373088290488 -2.18650483493e-19)
(58.9451777241 0.492315702328 1.66448943369e-20)
(58.9621107726 0.621046947439 -2.14488336423e-20)
(58.9684670001 0.759003966386 0)
(58.9627187335 0.90570970539 -1.24595910379e-19)
(58.9433093254 1.06048853161 -3.15657781862e-21)
(58.9086503738 1.22244019862 1.56808253204e-20)
(58.8569645228 1.39040007891 -1.14521740017e-19)
(58.7864473628 1.5629329554 1.25464717941e-19)
(58.695634908 1.73836018531 -2.19333878107e-19)
(58.5834651231 1.91476749725 6.65276183128e-20)
(58.4491150223 2.09000781758 5.53039812196e-19)
(58.2919438303 2.26171225047 1.62009763231e-19)
(58.1115583758 2.42732790451 1.6058889533e-19)
(57.9078817982 2.58415367892 -8.64871343713e-19)
(57.6811999762 2.7293802877 -2.28715579936e-19)
(57.4321910052 2.86013369 5.50876322491e-19)
(57.1619447064 2.97352014566 -3.0980745309e-19)
(56.8719754992 3.0666719055 7.68116750486e-20)
(56.5642270547 3.13679224991 5.19869586619e-19)
(56.2410730156 3.1811981418 9.68441563802e-19)
(55.9053086484 3.19736399742 7.89471943079e-19)
(55.5601562122 3.18295214553 -2.1277097728e-18)
(55.209255117 3.13587609068 -1.59715318268e-18)
(54.8566411414 3.05432040234 1.28191033126e-18)
(54.506773816 2.93674360977 6.99515288218e-19)
(54.1645302804 2.78197792537 0)
(53.835183166 2.58927930591 4.46559493272e-19)
(53.524415546 2.35836128362 4.16457369531e-19)
(53.2383278954 2.08947529281 -5.46610949336e-19)
(52.9834172926 1.78350899968 -2.83811489431e-19)
(52.7665424905 1.44210661262 1.07137478445e-19)
(52.5948571775 1.06785387751 -2.10329761303e-19)
(52.4757614208 0.664505040533 2.62163956147e-19)
(52.4167518151 0.237192541277 -1.14428290602e-19)
(52.4253558898 -0.207325566918 -8.90134014938e-20)
(52.5088260484 -0.660411321981 5.47969147075e-20)
(52.6740370118 -1.11108516118 -1.10973870905e-19)
(52.9264879704 -1.54553551652 2.14795818079e-19)
(53.2692862298 -1.94651991597 1.51122176688e-19)
(53.7022489527 -2.2929500614 1.92784887333e-19)
(54.2194085106 -2.56005751911 3.30228792873e-19)
(54.8064624469 -2.72070733234 5.66705845872e-19)
(55.438173668 -2.74848729015 -6.73032706139e-19)
(56.0767882239 -2.62310915582 -4.03254451171e-19)
(56.6736575753 -2.33731658263 6.0330162558e-19)
(57.1750126209 -1.90325733037 -4.02114098528e-19)
(57.5338336555 -1.35424096858 -5.49881179705e-19)
(57.7152935331 -0.73995919831 1.11694149864e-18)
(57.7227035382 -0.118587313654 -3.32871883762e-19)
(57.5270694071 0.463755316627 -3.44656811215e-19)
(57.316318033 0.92723380015 -1.36857857493e-20)
(56.5950674641 1.46509933239 -2.65297131169e-19)
(57.8394621654 -0.502415356172 -1.27910846873e-18)
(57.8653097181 -0.526207843299 -2.39940600655e-18)
(57.8940055608 -0.549513689048 4.03453769654e-18)
(57.9256869345 -0.572146498388 9.66381045424e-20)
(57.96058482 -0.593870095139 -1.37539748229e-18)
(57.998861577 -0.614410502595 -1.86347965688e-20)
(58.0406355782 -0.633459032132 -1.12165719024e-19)
(58.0860227279 -0.650673680553 1.12235866807e-18)
(58.1351314035 -0.665676481726 -3.35356669841e-18)
(58.1880464211 -0.678049626341 -1.02234872117e-18)
(58.2448218714 -0.687333967146 5.66079271284e-18)
(58.3054759616 -0.693029449878 2.21140072779e-19)
(58.3699850824 -0.694595587434 -4.69132674221e-18)
(58.4382769058 -0.6914518633 1.40721776409e-18)
(58.5102221693 -0.682978777219 1.50300996637e-18)
(58.5856256553 -0.66851977086 -9.74638793723e-19)
(58.6642164801 -0.647384823005 -1.54792831713e-18)
(58.7456377003 -0.618854521847 -4.63931135387e-19)
(58.8294352243 -0.582186003852 1.12970210055e-18)
(58.9150468303 -0.536619954492 2.28616408524e-19)
(59.0017923203 -0.48139207401 1.54541236869e-19)
(59.0888634997 -0.415752627492 -3.62759433889e-19)
(59.1753129247 -0.338975131602 3.16064617972e-19)
(59.2600484125 -0.250362580557 1.99933537623e-19)
(59.3418281902 -0.149293347586 -5.06469770295e-19)
(59.4192523496 -0.0352884644089 -3.05633641096e-20)
(59.4907600079 0.091983251674 2.09305282862e-19)
(59.5546358656 0.232742569053 5.8498780228e-20)
(59.6090273725 0.386741636273 1.88513008771e-20)
(59.6519602425 0.553559601855 1.71042290216e-20)
(59.6813494856 0.733499155338 -3.79179559116e-20)
(59.6950602013 0.924074494073 -5.13857146037e-20)
(59.6909105881 1.12536421016 -6.50338665398e-19)
(59.6667187737 1.33928867379 3.97934397128e-19)
(59.62040711 1.56453293115 -5.79194995415e-20)
(59.5500591605 1.79620711433 -1.1047414467e-19)
(59.453933713 2.03058327543 -2.38348944502e-19)
(59.3305195842 2.26501744563 -2.7802640111e-19)
(59.1786291754 2.49681388369 2.8046184225e-19)
(58.9974624933 2.72298677644 3.51203714633e-19)
(58.7866592054 2.9402851519 -3.79985815889e-19)
(58.5463328582 3.14522946075 -4.00584773156e-19)
(58.2770966282 3.33421001902 3.50072087994e-20)
(57.9800765795 3.50359020623 -3.78281263098e-19)
(57.6569147495 3.64978038339 -6.09615588559e-19)
(57.3097637806 3.76930347184 6.31875343937e-19)
(56.9412730703 3.85885014 8.54404520792e-19)
(56.5545697374 3.91532318266 4.70226877531e-19)
(56.153236363 3.93587198278 -8.45740981059e-20)
(55.7413016055 3.91792491556 1.07550747371e-20)
(55.3232091376 3.85920730494 1.84256327347e-19)
(54.9037585188 3.75776772237 -4.92151597021e-19)
(54.4881828424 3.61202203378 0)
(54.0821905953 3.42076190885 -2.90324389498e-20)
(53.6918718713 3.18320595584 -5.753522747e-19)
(53.3237246261 2.89906628417 -1.29970044512e-20)
(52.9847184285 2.56863329647 2.46942416781e-19)
(52.6822954662 2.19291280298 2.02182661024e-19)
(52.4243661718 1.77378783047 -1.90082555277e-19)
(52.2193051764 1.31414471823 -7.39504180548e-20)
(52.0758994214 0.818015414526 -1.72827604762e-19)
(52.0032341674 0.290846185047 7.00565050315e-21)
(52.0104474929 -0.260074171176 3.77680058098e-21)
(52.1067857823 -0.825095096217 1.01444273629e-19)
(52.3013207824 -1.39163683381 -4.91702843256e-20)
(52.6022421917 -1.94351530856 -1.58290998453e-19)
(53.016212672 -2.45942217046 2.62609215883e-19)
(53.5466280667 -2.91224576993 -1.2711494361e-19)
(54.1902697378 -3.26863115945 -1.09231327857e-19)
(54.9324188373 -3.48992825827 2.5600499738e-19)
(55.7414266508 -3.53605442326 4.92087356911e-19)
(56.5655078923 -3.37380746078 -3.3387537296e-19)
(57.3349888951 -2.98935856729 5.0421972385e-19)
(57.9720831709 -2.39993246815 5.71035166946e-20)
(58.4094095968 -1.65764398583 -3.72675740434e-19)
(58.6014794494 -0.838398446051 -4.03078611869e-20)
(58.5568154349 -0.0267616221153 -2.21534546401e-19)
(58.2521945689 0.709376808883 -3.96857680239e-19)
(57.9342084924 1.27367341302 7.8035898634e-21)
(57.0000040065 1.88619630107 -1.13729786911e-19)
(57.8053530112 -0.699316508701 -1.2695618659e-19)
(57.839088286 -0.740814380673 2.5152103408e-20)
(57.8769073948 -0.781973444775 -2.97322419968e-18)
(57.9191733453 -0.822516205978 -2.03645690044e-19)
(57.9662341543 -0.862218757358 4.05474605441e-18)
(58.0183252103 -0.900728836637 -2.13831402021e-18)
(58.0755979211 -0.937627766942 2.03072758946e-18)
(58.1383467576 -0.972443279735 1.35336848433e-18)
(58.2067181756 -1.00464295607 -3.08686983397e-18)
(58.2808781756 -1.03363685512 9.32748926396e-19)
(58.3609595017 -1.05877856565 -7.17159291018e-19)
(58.4470432608 -1.07936404008 -8.32299112476e-19)
(58.5391540415 -1.09463135428 9.57613736967e-19)
(58.6372525304 -1.10376116037 1.92206112216e-18)
(58.7412222974 -1.105877324 -1.38183985155e-18)
(58.850856455 -1.10004803968 -4.22146854878e-20)
(58.9658443207 -1.08528815095 -7.32370152297e-19)
(59.0857543267 -1.06056451391 -6.52004847871e-20)
(59.2100182136 -1.02480629213 1.07280419905e-18)
(59.3379168444 -0.976920509686 -3.02781990495e-19)
(59.4685600378 -0.915811267806 -4.51324785007e-19)
(59.6008841751 -0.840400248575 -1.57593140576e-19)
(59.7335922164 -0.749647498807 -1.79251604182e-19)
(59.8651682027 -0.64257424465 2.01992241309e-19)
(59.9939134276 -0.518291707454 -3.63007387561e-19)
(60.1178734984 -0.37603937639 -2.67833956901e-19)
(60.234834422 -0.215234855894 -1.19339929498e-19)
(60.3423635725 -0.0355233989621 5.19556870909e-21)
(60.4378330581 0.163180657113 5.24854302947e-19)
(60.518401122 0.380645347265 1.23654720445e-19)
(60.5810372281 0.61625690308 1.27927253036e-20)
(60.6226519657 0.868975310009 -2.25800171329e-19)
(60.6401444037 1.13730638237 5.81147633429e-20)
(60.6305092271 1.41928842864 -8.2775843286e-20)
(60.591129505 1.71248189838 1.42686912954e-19)
(60.5197538817 2.01398384397 7.84659477826e-20)
(60.4142784505 2.3204339328 -9.94716439149e-20)
(60.2728288812 2.62802300863 -1.67514093384e-19)
(60.0940414577 2.93250555029 6.43869168676e-20)
(59.877197003 3.22937098274 -3.84594247184e-20)
(59.6222404922 3.51392134524 1.02807641191e-19)
(59.32980431 3.78139418909 -8.49673074299e-19)
(59.0012068612 4.02705668043 -6.2023419678e-20)
(58.638413493 4.24628773155 3.06420180217e-19)
(58.2440050932 4.43465854396 -1.61864531638e-19)
(57.8211429423 4.58800504469 -2.19147508578e-18)
(57.3735157182 4.70248199404 -5.98077566206e-20)
(56.9052823448 4.77459915058 6.33112739269e-19)
(56.4210229881 4.80124288915 -1.07624733677e-19)
(55.9256998825 4.77968681788 8.36293998013e-19)
(55.4246281943 4.70758570725 3.81982500899e-19)
(54.9234931829 4.58298408351 -2.88150210849e-19)
(54.4283417679 4.40433780676 -1.34511794839e-18)
(53.9455836507 4.17046592727 7.68082524364e-19)
(53.4820618984 3.88061470844 1.81684194456e-18)
(53.0450978857 3.53455400789 -3.09054275617e-19)
(52.6425528069 3.13261950993 -9.25908545512e-19)
(52.2828760382 2.67578590678 -6.49361269528e-19)
(51.9750962755 2.16583859549 6.91126726397e-20)
(51.7287913005 1.60569442531 2.91999577387e-19)
(51.5540531131 0.999800695264 2.12972577339e-19)
(51.4614606832 0.354373496415 1.88111316347e-19)
(51.4621779282 -0.3224783695 -2.20928191126e-19)
(51.5676466118 -1.02024857177 -2.64310284466e-19)
(51.7896950801 -1.72560605459 7.38402543347e-21)
(52.1415376644 -2.420953067 -1.79251083766e-19)
(52.6378411459 -3.08225809162 -1.10444210812e-19)
(53.292006108 -3.67649342052 0)
(54.1088094817 -4.1588223286 -2.03562745354e-19)
(55.0733525901 -4.47230959247 -5.54559536396e-20)
(56.1402687395 -4.5538608667 2.28630673773e-19)
(57.2292016114 -4.34870210505 5.34010430723e-21)
(58.2331993637 -3.83139121372 6.16395672515e-20)
(59.0392592483 -3.02654306933 1.14355230967e-18)
(59.5583418317 -2.01564982231 2.27594858991e-19)
(59.7397546398 -0.915909407323 -1.56285433651e-18)
(59.6002576148 0.14810912387 -8.66454461548e-19)
(59.1343341642 1.07480250947 9.67040069093e-20)
(58.645926242 1.75360074311 1.052286085e-19)
(57.4397688155 2.42934518456 6.60331300064e-19)
(57.6327154527 -0.940303210326 1.97831460363e-18)
(57.6759800486 -1.00835106416 4.35314020455e-18)
(57.7251753705 -1.07656695891 -1.84545639596e-19)
(57.78070583 -1.14466124399 3.55929808966e-18)
(57.8430923738 -1.21220793569 4.22877241114e-18)
(57.9127391333 -1.27861623671 1.77019033542e-19)
(57.9900334809 -1.34338248376 -2.66659900148e-18)
(58.0752635243 -1.40587867512 -1.19274188854e-19)
(58.1687938577 -1.46527779011 -1.03159815467e-18)
(58.2709356803 -1.5208051883 -1.37830592079e-19)
(58.3819363922 -1.57157166378 4.87902057646e-20)
(58.501987395 -1.61659125221 -1.86685353214e-18)
(58.6312084682 -1.65478602647 -2.15917462687e-18)
(58.7696292676 -1.68498819859 -5.52891643888e-19)
(58.9171705657 -1.70594088285 2.19113384574e-18)
(59.0736242531 -1.71630016136 1.02749940403e-18)
(59.2386322341 -1.71463983651 -1.13589953969e-18)
(59.4116645803 -1.69945811118 2.36912141177e-19)
(59.5919957131 -1.66918720778 -2.31053280038e-19)
(59.7786782815 -1.62220821522 -2.01459215322e-20)
(59.9705158607 -1.55687149685 5.80966866982e-19)
(60.1660354724 -1.47152651643 8.65160380176e-19)
(60.3634605252 -1.36455790291 -2.12882337093e-18)
(60.5606885 -1.23442165106 -1.07375470974e-18)
(60.7552759919 -1.07970941595 1.55070547622e-18)
(60.944426308 -0.899237801449 -1.24502007642e-18)
(61.1249916367 -0.692111998248 5.98552922364e-19)
(61.2934909522 -0.457785733589 1.24921811789e-18)
(61.4461610232 -0.196115867925 2.76678151928e-21)
(61.579016795 0.0925274629266 0)
(61.687909222 0.40719484003 5.22375413677e-19)
(61.768623124 0.746265679155 2.67779521914e-20)
(61.8169829359 1.10739026132 -9.01317983112e-19)
(61.829001573 1.48745166377 7.29056726526e-19)
(61.8009931225 1.88254984366 1.84010945579e-18)
(61.7297198407 2.28798394471 -9.589539367e-19)
(61.6124437233 2.69834027528 -7.5432265736e-19)
(61.4470461767 3.10784832609 2.24041879552e-19)
(61.2322779993 3.51047786501 2.12507706921e-19)
(60.9677862446 3.90018330999 1.95464745497e-19)
(60.6541349316 4.27046153313 5.42563602526e-19)
(60.2928727115 4.61518352797 2.11072027838e-19)
(59.8864150249 4.92847885234 -9.69965534718e-19)
(59.4379771355 5.2047823702 9.18040661819e-19)
(58.9515111163 5.43897687467 8.53578145486e-19)
(58.4316074634 5.62649429528 -2.41727060755e-19)
(57.883378333 5.76333468957 -1.21543981343e-18)
(57.3123552461 5.84605115719 1.32908627671e-18)
(56.7244068826 5.87172211305 4.50822159627e-19)
(56.1256757614 5.8379043479 -2.23200447696e-18)
(55.5225411116 5.74257890942 -4.20681683598e-19)
(54.9216118934 5.58410651213 9.50557988599e-19)
(54.3297155334 5.36117718734 5.80859908469e-19)
(53.7540003055 5.07281822451 -4.27973097476e-20)
(53.2020927137 4.71836941225 -2.63410435365e-19)
(52.6820911297 4.29753241173 -5.87317302097e-20)
(52.2026080886 3.81056574289 3.66110361805e-20)
(51.7729464511 3.25847045519 -2.12872931447e-19)
(51.4032457102 2.64321835466 -1.39825446259e-19)
(51.1045399696 1.96793032429 2.48131351594e-19)
(50.8886837692 1.23687021063 2.98317370049e-20)
(50.7679762148 0.45579202939 -5.38240826079e-19)
(50.7547713365 -0.367278940263 -6.13025611873e-20)
(50.8619860294 -1.22160941829 5.69726693282e-20)
(51.1060082137 -2.09494868622 5.60151533498e-19)
(51.5103653378 -2.97323821992 1.76824678561e-19)
(52.1043636131 -3.83392147213 3.12579183353e-19)
(52.915445156 -4.63679500165 1.786647054e-19)
(53.9590044313 -5.31525790761 -2.34923875385e-19)
(55.2258543683 -5.77577194418 -6.52467682179e-19)
(56.6633112763 -5.91164575437 4.41093136123e-19)
(58.1544576805 -5.63411480725 -7.70585521271e-19)
(59.5195020965 -4.90923349892 -5.47013649859e-19)
(60.5627147455 -3.78738238684 1.93876361465e-19)
(61.1540363783 -2.40186105153 -1.02514411077e-18)
(61.2573112724 -0.926938781044 1.94581575579e-19)
(60.9297924298 0.462185681625 6.34093686577e-19)
(60.2044680415 1.62085617327 5.57694233245e-20)
(59.4268045343 2.42909799249 -1.45359964643e-18)
(57.9317846693 3.12421154518 4.79621078184e-19)
(57.2465978123 -1.26887516487 1.2248705188e-18)
(57.3006260526 -1.37462488601 4.64807879578e-18)
(57.3630160555 -1.48142031084 1.48977474425e-19)
(57.4344330614 -1.58883091105 0)
(57.5156741055 -1.69629878778 3.12017611021e-18)
(57.6073657234 -1.80315428311 -1.27963330152e-18)
(57.7100676528 -1.90862209599 -4.08934464605e-18)
(57.8243606956 -2.01181725702 1.19186817188e-19)
(57.9508262928 -2.11173431524 -1.90939888156e-18)
(58.0900016493 -2.20724189794 1.43910213486e-18)
(58.2423655522 -2.29707444216 1.13037858717e-18)
(58.4083180432 -2.37983030789 -1.96762543233e-18)
(58.5881542103 -2.45397295713 -1.96830242303e-19)
(58.7820495868 -2.51782398315 1.3055809728e-18)
(58.990031553 -2.56956337074 3.22860827825e-19)
(59.2119396586 -2.60723790835 -2.83459808774e-19)
(59.4473906201 -2.62876887862 -7.39451522103e-20)
(59.6957436266 -2.63195903157 4.93780289213e-19)
(59.9560644818 -2.61450693323 -6.09459168469e-20)
(60.2270889391 -2.57402904012 -2.0445411204e-18)
(60.5071841529 -2.50808560621 -2.68727572077e-19)
(60.7943065561 -2.41421818478 2.1131911715e-18)
(61.0859607458 -2.29000444912 6.06738122767e-19)
(61.3791642349 -2.13313057933 -1.9535965105e-19)
(61.6704206954 -1.94148246993 1.56836457907e-18)
(61.9557057885 -1.71325687788 4.3838971525e-20)
(62.2304472255 -1.44709124167 -2.57279672761e-18)
(62.4895655281 -1.14219805403 -2.9974411056e-21)
(62.7274700595 -0.798482464679 7.08376975643e-20)
(62.9382636271 -0.416644036214 9.79823257516e-19)
(63.1158929784 0.00165396816899 5.11775849787e-20)
(63.2541246446 0.453718937511 -9.67501269067e-19)
(63.3467521174 0.935807771158 -2.41909450067e-21)
(63.3878846421 1.4431969844 3.42354154968e-20)
(63.372224881 1.97022891488 -9.23854325271e-19)
(63.2953878957 2.51033628366 -1.13233113589e-18)
(63.1540889394 3.05620618076 5.99236370124e-19)
(62.9464641252 3.59954953647 3.70561669078e-20)
(62.6723985482 4.13162810736 -4.25989240679e-19)
(62.332284376 4.64367103703 5.596353667e-19)
(61.9280734216 5.12669001722 -1.45855727527e-19)
(61.4640697319 5.57256547501 5.46913384409e-19)
(60.944844458 5.97385296218 -1.12429603863e-18)
(60.3757955085 6.3238407277 -7.68099784865e-19)
(59.7632190397 6.61668946583 1.14353790093e-18)
(59.1139809165 6.84751679121 2.58586623879e-18)
(58.4352055166 7.01235900645 -2.15886283518e-18)
(57.7341338258 7.10808861901 -2.51819456088e-18)
(57.0180330924 7.13231684759 -7.89314191334e-19)
(56.2941290286 7.08326602414 1.99487421804e-18)
(55.5696036099 6.95962760894 1.97356275304e-18)
(54.8516442884 6.76042700994 -1.75634322672e-18)
(54.147551062 6.48492025322 -1.31607996747e-19)
(53.4648234247 6.13255164242 -1.18693008404e-20)
(52.8113094259 5.7029230051 -1.54041388383e-18)
(52.1955721987 5.19582980078 6.30503188165e-20)
(51.6270263521 4.61135660444 6.4239320409e-19)
(51.1159182448 3.95006873976 7.45511317662e-19)
(50.6735693722 3.21312773375 -6.28087788657e-19)
(50.3123899827 2.40319977915 4.22260561726e-19)
(50.0453934302 1.52550306087 2.9963054551e-19)
(49.8856528882 0.587986005358 -4.74815974227e-20)
(49.847466142 -0.401019174122 3.98620165774e-19)
(49.9483981861 -1.43488395617 2.29497843204e-19)
(50.2107413394 -2.51115623767 -2.09130484595e-20)
(50.6600299866 -3.62436326235 -2.3168343684e-20)
(51.3172965855 -4.75163828236 3.13246045518e-19)
(52.1997019385 -5.84007062076 2.28792631306e-19)
(53.3379050458 -6.80158257783 2.1168072002e-19)
(54.782222519 -7.50499533338 -3.43786926922e-21)
(56.5621690411 -7.7749906417 -1.09984726821e-20)
(58.6003384736 -7.43271518925 4.45893148585e-20)
(60.6353920249 -6.38895273007 -3.71534819882e-19)
(62.2720481096 -4.74602328456 5.82427636373e-19)
(63.1760007684 -2.77847687453 2.75826433953e-18)
(63.2554191925 -0.770455844066 1.75016564798e-18)
(62.6521446306 1.04195996677 -3.74769703577e-19)
(61.5033862788 2.45898395037 1.19999979075e-18)
(60.3920460761 3.36417690093 6.87610710933e-19)
(58.4198054339 3.99564592873 -3.74685823521e-19)
(56.5603845119 -1.64021845142 4.15114820776e-18)
(56.6257099068 -1.80169904691 1.21338976925e-17)
(56.7026034631 -1.9658085082 1.94006714967e-19)
(56.7919164258 -2.13199886871 -2.42930200081e-18)
(56.894827414 -2.29955811439 5.64521225314e-18)
(57.0123246658 -2.46761635551 3.58752479708e-18)
(57.1453087823 -2.6351513112 -3.19914180515e-18)
(57.2947241125 -2.80097796501 -3.88560095649e-18)
(57.4615369975 -2.96372460982 -3.98215461078e-18)
(57.6466885141 -3.12182041972 2.76661371339e-18)
(57.8510711325 -3.27348329398 9.94201343887e-19)
(58.075473351 -3.41671163154 -8.71281542034e-19)
(58.3205847135 -3.549274038 1.37399951959e-18)
(58.5869708124 -3.66871205872 4.23606330515e-19)
(58.8750044462 -3.77233501672 1.26291642349e-19)
(59.1847647203 -3.8571998027 2.289183495e-19)
(59.5159851759 -3.92013823162 -1.20231645765e-19)
(59.8679740267 -3.95780837705 -2.4946801155e-20)
(60.2395821743 -3.96672417674 -5.07042121746e-19)
(60.6291600499 -3.94325983487 -2.6678171527e-18)
(61.0344909885 -3.88367381033 -4.21545023323e-19)
(61.4526956656 -3.78416967914 5.03220752448e-18)
(61.8801430195 -3.64097723962 2.09198823775e-18)
(62.312379111 -3.45046490805 -5.60160391349e-18)
(62.7440894025 -3.20927916639 1.75813795197e-18)
(63.169094189 -2.91449364417 4.39393578172e-18)
(63.5803498629 -2.5638116848 -2.20978076486e-18)
(63.9700130666 -2.15581729272 1.73209484396e-18)
(64.3296752271 -1.69016521532 9.57576584898e-20)
(64.6504809259 -1.16781384873 -1.60059608362e-18)
(64.9232731245 -0.591297402555 1.58567174302e-18)
(65.139073357 0.0352163078061 2.37419918142e-19)
(65.289387534 0.705423820512 -2.52859741579e-18)
(65.3664513772 1.41140073034 -1.33043851589e-18)
(65.3633967133 2.14304048444 5.44860397573e-19)
(65.2746939471 2.88835199975 9.81584049974e-19)
(65.0966564857 3.63403459908 4.80654832093e-20)
(64.8278699295 4.36708008642 -5.3422261051e-19)
(64.4695285538 5.07480005427 4.21423976689e-19)
(64.0239057235 5.74482786495 -1.0843927502e-18)
(63.4959087976 6.36616777651 2.3287044402e-19)
(62.8933290095 6.92882966765 1.68767183756e-18)
(62.2240919352 7.42421865609 -5.62268078101e-19)
(61.4969036521 7.84541907428 -2.17792063661e-18)
(60.7212564621 8.18723110857 -7.8922903884e-20)
(59.9069558835 8.44601037767 3.80424988354e-18)
(59.0636644352 8.61944101652 1.91589177437e-18)
(58.2007312209 8.70626696224 -4.9191522656e-18)
(57.3270918692 8.70598839075 -2.04889079811e-19)
(56.4511889567 8.61856955852 9.47636609977e-19)
(55.580987557 8.44418257935 -2.75854263797e-18)
(54.7240909325 8.18299929118 5.72915049154e-19)
(53.8879321079 7.83504126237 -6.9895228029e-19)
(53.0800316617 7.40007914662 1.93861805104e-19)
(52.3082829307 6.87766124777 1.26883713081e-18)
(51.5811804242 6.26720935705 -5.70132804714e-19)
(50.9082116153 5.56815850461 -6.9127840041e-20)
(50.3001546706 4.78037723989 -4.22668349592e-19)
(49.7698760051 3.90479915363 9.80075719201e-19)
(49.3323223534 2.94362332107 6.76651130582e-19)
(49.0022528768 1.90163164906 -6.61094663178e-19)
(48.7931611009 0.786075236277 1.16178297831e-19)
(48.7242872571 -0.394001639587 -4.71387391212e-20)
(48.8168752501 -1.63195361434 -3.97165223682e-20)
(49.0760039398 -2.94054124948 -1.77332671051e-20)
(49.4734690331 -4.28737864073 -2.29676468058e-19)
(49.9719944417 -5.63325527685 -1.99905332044e-19)
(50.5834317465 -6.94993702907 5.79679683475e-19)
(51.4121484046 -8.21053186132 5.77571948804e-19)
(52.6478645214 -9.32186334136 -8.19915624346e-19)
(54.4864130331 -10.0387370763 7.71434473992e-19)
(56.9918779257 -9.96987699269 -1.71906628793e-18)
(59.92639409 -8.76361646887 -1.89096532759e-18)
(62.75006488 -6.42688994396 2.97088460629e-18)
(64.6919865645 -3.47246410323 1.97083313433e-18)
(65.2947805989 -0.546725871779 5.45670294866e-19)
(64.6689894408 1.95456220467 -3.1739035265e-18)
(63.055870269 3.73963488097 -8.3103104409e-21)
(61.4178099924 4.69808985415 -4.68293957776e-19)
(58.8209152747 5.12234451168 -1.80438927175e-19)
(55.4111885552 -2.12538137149 -1.5541646343e-18)
(55.4856663317 -2.36086186917 2.87152787718e-18)
(55.5758870571 -2.60151865748 -2.51967044742e-18)
(55.6831648594 -2.84672646171 -2.69894704759e-18)
(55.8092051478 -3.0956677561 6.72255224841e-18)
(55.9554636575 -3.34732020414 1.99081701929e-18)
(56.1233347542 -3.60045883637 -5.48217544383e-18)
(56.3143395095 -3.85364027434 -2.45244669475e-19)
(56.5301067573 -4.1051780909 3.60712443192e-18)
(56.7723259831 -4.35311273522 9.83260103917e-19)
(57.0427296435 -4.5951675728 -1.38842430308e-18)
(57.3430657654 -4.82870739709 -8.44372547721e-19)
(57.6750201413 -5.05069850423 5.00172417213e-19)
(58.040190533 -5.25773575677 -5.00416782352e-19)
(58.4397488574 -5.44581557166 7.247263902e-19)
(58.8744242638 -5.61000205763 2.49548599654e-18)
(59.34433961 -5.74480959037 8.80629685553e-19)
(59.8492017598 -5.84492474574 -4.33802290444e-19)
(60.3880377928 -5.90526975526 -1.75531789108e-20)
(60.9589700471 -5.92045269392 -2.90148049316e-19)
(61.5590340794 -5.88457589661 -1.54396859044e-18)
(62.1840035014 -5.79145901656 -5.05606344547e-18)
(62.8282066142 -5.63487309626 2.71019000422e-18)
(63.484391573 -5.40884418304 4.85917182142e-20)
(64.1436442479 -5.10795162225 -3.39609260179e-18)
(64.7953081572 -4.72742711744 1.18170932829e-20)
(65.4271185146 -4.26352646873 -6.25955574679e-18)
(66.0254716168 -3.71428660064 -2.50265922757e-19)
(66.5758719881 -3.08004224357 1.35417427525e-17)
(67.063357579 -2.3636682424 -1.21849861714e-18)
(67.4737968073 -1.57064739685 -4.40227404414e-18)
(67.793237619 -0.708925738178 6.12901566574e-18)
(68.0102829026 0.211480865271 -4.35942317747e-18)
(68.1159415528 1.17808169709 -6.26676557464e-18)
(68.1019339553 2.17681051842 2.47104251303e-18)
(67.9626873495 3.19105306517 4.64643782488e-18)
(67.6959645781 4.20131757332 2.16230971403e-18)
(67.3030386046 5.18721248818 -8.52507031928e-20)
(66.7885222332 6.12926986235 1.23329400042e-18)
(66.1604789441 7.0086388762 4.24142462508e-20)
(65.4299563766 7.81088438135 -1.34783975174e-18)
(64.6098036339 8.52407174789 -8.35115448745e-19)
(63.7141586852 9.13882146222 1.48614256448e-18)
(62.7579612293 9.64859882246 -2.53346121422e-18)
(61.7560546013 10.0495900231 -1.23648103579e-19)
(60.7223843865 10.3402024608 -7.24361733918e-19)
(59.6695769401 10.5206082917 5.52825886498e-19)
(58.6087609104 10.5923339372 2.01756112355e-18)
(57.5495615633 10.5577759733 -7.61623453016e-19)
(56.5002574808 10.4196952569 -1.66724829769e-18)
(55.4680531765 10.1807527921 -3.81347930782e-18)
(54.4594268593 9.84312646437 3.11080062524e-18)
(53.4805281044 9.40823413158 1.5527658829e-18)
(52.5376193233 8.87660341024 -1.27541510824e-18)
(51.6375269011 8.24787546336 1.02144459114e-18)
(50.7881250814 7.52089711918 -1.3134087388e-18)
(49.9991284632 6.69406895232 7.80892909328e-19)
(49.2825336534 5.76497501271 9.05248183812e-20)
(48.6503679857 4.7315106317 -4.40205377665e-19)
(48.1153808771 3.59751053611 -1.97695765142e-20)
(47.7014918743 2.37303085427 2.14030407344e-19)
(47.445838024 1.05722684882 -1.04874738398e-19)
(47.3628934296 -0.352362635677 4.80587260046e-19)
(47.4287069123 -1.81800306915 -2.04108302419e-19)
(47.575947623 -3.26822180532 2.50677865414e-19)
(47.7181422772 -4.6546581643 1.32650727695e-18)
(47.8415366538 -6.00471000486 -2.16475993704e-20)
(48.060828932 -7.43911580347 6.89108539806e-19)
(48.5727349345 -9.06913987198 -2.71072420445e-18)
(49.586120811 -10.8404919413 -7.53378816847e-19)
(51.3018634569 -12.4090795862 1.3973046662e-18)
(53.8544241324 -13.1374322738 -2.71487977639e-18)
(57.2041381877 -12.3118794173 1.93516750972e-18)
(60.9889758644 -9.57937927863 6.80358365694e-18)
(64.3906482016 -5.37536139225 -6.98631730023e-18)
(66.1418164164 -0.824854366266 -6.57978029732e-18)
(65.9179532673 2.98374725369 -3.54155364654e-20)
(64.4286037099 5.43742171369 -1.85777353708e-18)
(62.3977678213 6.52677505788 4.40632620438e-20)
(59.0981844881 6.59970068997 -1.53008342271e-18)
(53.6771965778 -2.59470611353 2.85631994456e-18)
(53.7545876086 -2.93902702017 4.42269796253e-18)
(53.8528080919 -3.29269796557 -1.62904467751e-18)
(53.973788066 -3.65497569575 4.33133305647e-18)
(54.120248978 -4.02495963686 5.37798911239e-18)
(54.2947139683 -4.40154339179 -5.81183949147e-18)
(54.4997723589 -4.78344551595 -4.76166561642e-18)
(54.7383293134 -5.16923077501 2.04437437539e-18)
(55.0136172268 -5.55722574188 -1.36217424306e-18)
(55.329041181 -5.94540315287 -5.80538802041e-20)
(55.6881754856 -6.3311986917 -1.04971503468e-18)
(56.0946484641 -6.71132394687 4.47424732964e-19)
(56.5514811825 -7.08157477063 -2.78008343098e-19)
(57.0626260014 -7.43648096625 6.34034715818e-19)
(57.6268913435 -7.7696136209 2.16142478126e-18)
(58.2464864842 -8.07466726305 4.00386338048e-19)
(58.9238232945 -8.34528262832 -2.4579042254e-18)
(59.6619361515 -8.57345896218 -2.22473946546e-19)
(60.4564344735 -8.74886047664 -1.97574107372e-18)
(61.30323521 -8.85992784094 4.1820162732e-18)
(62.1979979785 -8.89521212899 2.9862392911e-19)
(63.1349841953 -8.84247169327 4.65726302233e-18)
(64.1059540986 -8.68920313049 1.00923248156e-17)
(65.1001940872 -8.42340030339 -3.28740059764e-18)
(66.1035436671 -8.03423907551 1.78877616335e-18)
(67.0973221661 -7.51321699233 -7.39350031031e-18)
(68.0633886701 -6.8548443065 -8.24432907997e-18)
(68.9795627035 -6.05700102687 -3.986524587e-18)
(69.821011436 -5.1219097858 -5.38577223974e-18)
(70.5610459187 -4.05737177505 3.75923757159e-18)
(71.1755268441 -2.87674499075 4.12713452057e-18)
(71.6361824733 -1.59846478382 -3.79508273638e-18)
(71.9290744438 -0.244588246322 -3.51920796661e-18)
(72.0336838058 1.15973023609 8.17963036316e-18)
(71.9445279979 2.58721789555 6.70715631478e-18)
(71.6684696408 4.01015524143 3.72410754119e-18)
(71.2085784391 5.4003245323 -4.36200705181e-18)
(70.575235898 6.73021681783 -1.08425572199e-18)
(69.7813709223 7.97035779018 -2.33431091433e-18)
(68.8472242904 9.09802870878 1.78602371539e-20)
(67.7987524445 10.0956082961 2.23782923071e-18)
(66.6581830657 10.9499395137 1.09668487827e-19)
(65.4469012234 11.6532329019 8.83395329094e-19)
(64.1857934073 12.2034832154 3.82271430573e-18)
(62.8938111523 12.6035177288 -5.99155940052e-18)
(61.5872311136 12.8594505571 -3.1581196595e-18)
(60.2799165113 12.9792137292 1.06276159961e-18)
(58.9835228975 12.9713105565 -2.74383957459e-19)
(57.7074966267 12.8438492637 3.66905257701e-19)
(56.4592136353 12.6038879281 -2.94644843242e-18)
(55.2443224012 12.2570171725 -4.47807572858e-19)
(54.0672355656 11.8070918298 -2.25608565075e-19)
(52.9316651211 11.2560846151 2.52856830899e-18)
(51.8412611359 10.6040911486 -3.6316787321e-19)
(50.8006842003 9.84945325758 -4.38542425678e-19)
(49.8165863141 8.98853461295 -2.20487113518e-18)
(48.8973035321 8.01624667348 -2.96152397288e-18)
(48.0521786501 6.93099856605 2.45165838377e-18)
(47.2946380023 5.73413253954 2.06267585722e-18)
(46.6507621989 4.40998723558 -1.11338507594e-18)
(46.1624088375 2.93319537835 -3.6616597829e-19)
(45.8587581339 1.32945574707 8.06008103886e-20)
(45.7045872363 -0.295548444831 1.29295672801e-19)
(45.6059460272 -1.83176327653 -1.45611183667e-19)
(45.5070001666 -3.22314139017 1.27449821845e-18)
(45.4669618899 -4.54537510089 -3.66905583685e-19)
(45.6431841989 -5.99162563129 -2.04350943147e-18)
(46.1393928488 -7.75632436069 1.80738302357e-19)
(46.9735509453 -9.90877199457 -7.99938548107e-19)
(48.1314840188 -12.3283330294 3.72261078212e-18)
(49.6510452354 -14.6462205378 4.98909583351e-19)
(51.6908114241 -16.1899116433 3.40247922068e-18)
(54.4563207246 -16.067628377 6.20708974357e-18)
(57.9805007103 -13.5191716609 -3.23775841794e-18)
(61.7749042914 -8.51268330986 -5.25097424162e-18)
(64.7082147717 -2.226229173 3.82533764956e-18)
(65.7199913739 3.41273093475 6.03354821265e-18)
(64.8367132137 7.07895808276 -3.01912056307e-18)
(62.9031961399 8.6665436505 6.66213606264e-18)
(59.3586902011 8.36895212516 2.23747345296e-17)
(51.0184337269 -3.11092207716 1.00380365722e-17)
(51.0902054927 -3.58788991728 1.224363712e-17)
(51.1919442572 -4.08237180156 3.46377695606e-19)
(51.3270257385 -4.59442590679 -6.13176026298e-18)
(51.5001046429 -5.12418039251 -1.96841032356e-19)
(51.7157961267 -5.67174043607 -8.3793062827e-18)
(51.9790966097 -6.23710388004 4.19424538043e-18)
(52.295297973 -6.81997223274 5.4636510058e-18)
(52.67055364 -7.41892077806 -2.17779896206e-19)
(53.1095213302 -8.03329720264 5.76492242049e-19)
(53.6164657534 -8.66035324908 -9.889725186e-20)
(54.1937180114 -9.29367347354 1.02900648443e-18)
(54.8381344003 -9.92529262506 1.38801743472e-18)
(55.5478808108 -10.5429544283 -2.69620143654e-18)
(56.323084064 -11.1328957978 -1.05056013759e-17)
(57.1586159933 -11.687616558 -8.29872282838e-18)
(58.0502694648 -12.198297275 1.17816210283e-17)
(58.9940135072 -12.6474428788 1.81062962715e-17)
(59.9939480426 -13.0053976938 -6.7714211848e-18)
(61.052875133 -13.2556352625 6.59003361277e-18)
(62.1693470022 -13.3989401097 3.11139462414e-18)
(63.3437964848 -13.4164429472 -7.9352239901e-18)
(64.5736317839 -13.2864675257 -8.13121092102e-18)
(65.8529806965 -12.9877773976 1.53014516637e-17)
(67.1734866856 -12.5001488368 1.29440765558e-17)
(68.5239366194 -11.806692828 -1.77408939707e-17)
(69.8785885382 -10.8950366191 -1.30002745986e-17)
(71.2123105515 -9.75819685016 4.16250639465e-18)
(72.4936305783 -8.39661975052 2.22213741874e-18)
(73.6863961692 -6.82132676033 -3.58335049219e-18)
(74.7407921752 -5.0527451297 -3.25891879092e-19)
(75.6145987953 -3.12827303245 -1.51769939584e-17)
(76.2556181988 -1.09453533198 -1.54454417766e-18)
(76.6198172895 0.995684873569 9.56428009994e-18)
(76.6754276856 3.07875068446 -1.21768925882e-18)
(76.4026144494 5.10106184562 -4.78439088319e-18)
(75.8119550383 7.02313214575 -4.8783980163e-18)
(74.916523683 8.80884731811 3.22001526555e-18)
(73.7491354003 10.4138114948 4.22771468547e-18)
(72.3648896667 11.8136693616 -2.94885603354e-18)
(70.8157623512 12.9984190249 -1.69964728595e-18)
(69.1534968859 13.9662825006 7.39557305118e-18)
(67.4296521553 14.7220374727 3.31790486528e-19)
(65.6900350071 15.2756226702 -4.66693477701e-19)
(63.9694342483 15.6397899148 2.54190045934e-19)
(62.2906884403 15.8283632751 -1.45127661244e-17)
(60.6665860293 15.8557294176 1.37941115987e-17)
(59.1025339715 15.7365116616 8.12642521022e-18)
(57.5992516732 15.4846952907 -1.14126071304e-17)
(56.1550320795 15.1125938029 -1.19226202021e-18)
(54.7672425161 14.6300249591 -2.43954913691e-19)
(53.4331536164 14.0438478997 -4.65880118207e-19)
(52.1505773364 13.3576831949 -7.73619055746e-19)
(50.9189311564 12.5711749534 -4.08105121795e-21)
(49.7402707524 11.6798366634 0)
(48.6182324552 10.6775991443 6.40635391017e-19)
(47.5559537698 9.55973695828 1.94477094653e-18)
(46.5621999524 8.31818202125 -1.16968153297e-18)
(45.6685343334 6.92795039362 -9.83105600945e-19)
(44.9277400979 5.35394766233 1.23983227257e-18)
(44.3603583424 3.60804241098 -3.70303481838e-19)
(43.9057629281 1.80564691065 -1.80824501629e-19)
(43.4866680248 0.107344775477 -5.23165532744e-19)
(43.1543681432 -1.44302327068 -2.62764867617e-19)
(43.114739759 -2.98733873244 1.84021395427e-18)
(43.5716051269 -4.71829631983 -1.2368409107e-18)
(44.5518542563 -6.71079137598 -1.70192595939e-18)
(45.8712781576 -8.91251667387 1.43446722529e-18)
(47.2474959215 -11.2678459308 -4.70727127618e-19)
(48.4771934326 -13.7575084422 -6.48902032554e-19)
(49.5780939261 -16.2389162821 1.07280634302e-18)
(50.796909303 -18.2202563134 -5.3656562848e-19)
(52.4961015811 -18.7774236657 -3.77185132122e-18)
(54.9913953303 -16.8213261179 1.64363525729e-18)
(58.2595671813 -11.8059275781 1.17011159149e-17)
(61.5717114678 -4.50500111683 5.10681349746e-18)
(63.7196151109 2.87957682277 1.98684942284e-18)
(63.7156330903 8.17794808942 -2.75727558403e-18)
(62.385524325 10.7201178814 -5.58933253115e-18)
(58.7994873731 10.2780750699 3.66209685734e-18)
(47.5164766406 -3.48895993138 -6.29349831716e-18)
(47.5565415075 -4.20069122723 1.42345816173e-19)
(47.6309593181 -4.95055455594 -6.78919708487e-20)
(47.7434859226 -5.73922114121 0)
(47.8983549497 -6.56776514856 -2.59530872564e-19)
(48.09891193 -7.43709832255 2.81908362358e-18)
(48.3479170021 -8.34707724943 -1.30530226585e-18)
(48.6485257352 -9.29470089584 -5.70872071664e-19)
(49.0009260555 -10.2746200557 -4.50271298569e-19)
(49.4051778297 -11.2730075039 -1.13115804015e-18)
(49.8536519816 -12.2563052058 -3.55171186287e-19)
(50.3335995309 -13.1980774518 1.26479052426e-18)
(50.8344108582 -14.0782314967 -2.87601692934e-18)
(51.3460031436 -14.8811417132 -7.57980701383e-18)
(51.8681023204 -15.6000044053 8.18394523079e-18)
(52.405194776 -16.2388783974 6.69767435988e-18)
(52.9649647526 -16.7967408608 -5.06338496857e-18)
(53.5652609474 -17.2946911317 8.67039585682e-18)
(54.2307239734 -17.7436615334 4.82566379674e-19)
(54.9882616338 -18.1312803349 -2.27867173683e-17)
(55.867134319 -18.4213563154 -1.24836357573e-18)
(56.8881554876 -18.5954618253 2.79577617845e-17)
(58.0658236177 -18.6299749944 -1.98179658209e-17)
(59.4093018538 -18.4919382625 -2.7852634127e-18)
(60.9200972674 -18.1407902223 2.48569730968e-17)
(62.58900402 -17.5304879112 -1.0058288337e-17)
(64.4029501114 -16.6163866397 2.99394591788e-17)
(66.330896551 -15.3615746951 2.06013750939e-17)
(68.331568756 -13.7392966995 -2.80128021462e-17)
(70.3493430869 -11.7346852481 -2.27063926514e-17)
(72.32566999 -9.3506485397 1.92243915695e-17)
(74.1856405764 -6.61699950034 -1.25720150968e-17)
(75.8380408212 -3.5905894633 -9.47846618404e-18)
(77.2025593259 -0.363709015183 1.62226511629e-17)
(78.1240998029 2.93969504009 1.21270421122e-19)
(78.6679170919 6.17378082591 -1.94334405542e-18)
(78.5529227815 9.21118014516 2.93362115477e-18)
(78.0439820496 11.9524400836 -1.57455844735e-18)
(77.0093669364 14.3246946569 4.37484995812e-18)
(75.5395662986 16.2786582105 1.88023332638e-18)
(73.7304515234 17.7934616787 -3.8983236537e-18)
(71.6755998419 18.8749136731 1.59745883292e-17)
(69.4779601258 19.55812001 3.46956191205e-18)
(67.2336591614 19.9026787569 5.14719821013e-18)
(65.0190703801 19.9774351623 1.72277346353e-17)
(62.8872569356 19.845194159 2.1792937019e-18)
(60.8701418482 19.5552243726 -2.47917925058e-17)
(58.9807815838 19.1420753597 -1.9086660222e-18)
(57.2168622939 18.6277022825 1.13082960218e-17)
(55.5662361481 18.0248084733 3.47622428898e-19)
(54.0123174114 17.3398692613 -3.10368851422e-18)
(52.538151895 16.5748421916 4.66828992859e-18)
(51.1295420282 15.7270362696 9.24247073104e-19)
(49.7762243223 14.7888248576 -3.75440446846e-18)
(48.4693613276 13.7514896225 -4.884290999e-18)
(47.2007064324 12.609797643 -4.38343321248e-18)
(45.9750710145 11.3512274939 8.21879514494e-19)
(44.8284250688 9.9325361054 5.15771489481e-18)
(43.8110322339 8.29502152388 -6.68671123495e-19)
(42.9207432773 6.4503087378 2.88055308536e-19)
(42.0807977604 4.53600182027 6.93906850139e-19)
(41.2615089063 2.69623433028 -7.61422032853e-19)
(40.6456040051 0.869988750762 -1.28160519238e-19)
(40.5775213555 -1.18609861658 5.36118991856e-19)
(41.2781596014 -3.59050474097 -3.86369952944e-19)
(42.661405797 -6.16816455778 -4.74284170595e-18)
(44.4097844058 -8.62501645081 4.50087585128e-19)
(46.1529394107 -10.7981766181 1.16299862448e-18)
(47.6027926172 -12.7743576862 -1.62810669219e-18)
(48.6226669133 -14.8217349513 1.13844954888e-18)
(49.2761133619 -17.0788525091 -1.35321119553e-18)
(49.8302428218 -19.2144901338 -3.17330976786e-18)
(50.6426373851 -20.337491235 5.93085396809e-18)
(52.1014152052 -19.1651232147 9.0510861281e-18)
(54.5515422069 -14.6898236796 -6.4170076267e-18)
(57.6264138526 -7.1243747362 -2.03840878346e-18)
(60.2096110478 1.48979313942 -1.319563945e-18)
(61.1033065171 8.51368518536 2.53907799132e-18)
(60.6294985544 12.2655736039 -1.81161824223e-18)
(57.6497252327 12.059840228 -5.70569132362e-21)
(41.8154208865 -3.36796841425 4.69264959234e-18)
(41.6099974528 -4.2492002987 1.01799975101e-17)
(41.4131851928 -5.16661693274 -9.45730887374e-18)
(41.2211003472 -6.11670922014 -2.159569571e-17)
(41.0292501385 -7.09680415228 7.43996896224e-18)
(40.8301387162 -8.10644380741 1.82527445597e-17)
(40.6122150173 -9.13617096464 -7.23905938666e-18)
(40.3612345308 -10.1722077474 -1.60949993993e-17)
(40.0488087154 -11.2143114825 1.59183877011e-17)
(39.6732564398 -12.2205008718 3.8351268669e-18)
(39.1910767884 -13.126373852 -1.20303316727e-17)
(38.6533628868 -13.9241380468 -6.42605005017e-19)
(38.0810960197 -14.6139857708 -1.94486137505e-18)
(37.5183947526 -15.2411229049 -1.8843768037e-17)
(37.0218710057 -15.8193645569 9.40532193368e-18)
(36.6480447217 -16.4089064927 2.51447034426e-17)
(36.4208655099 -17.0909754622 -6.549255807e-18)
(36.3826218666 -17.9052082733 2.48148144316e-17)
(36.5604277635 -18.8515027409 3.98188346617e-17)
(36.9688640456 -19.8978220335 -1.93117897061e-18)
(37.6169691763 -20.9875767859 -3.39706856195e-17)
(38.5128974161 -22.0458791469 -3.75599032592e-17)
(39.654405095 -22.9881234709 -4.27763766571e-19)
(41.0489032685 -23.7310086479 6.68521410952e-19)
(42.6945350112 -24.1961136529 -1.10727926708e-17)
(44.5779189307 -24.3087465301 4.381584806e-17)
(46.7070355804 -24.0013805195 1.38300884362e-17)
(49.0726938209 -23.2120632409 -9.16319914504e-17)
(51.6569438228 -21.8856934272 2.99664174217e-17)
(54.4309929109 -19.9807511851 4.38743482778e-17)
(57.3547686193 -17.4687798092 -1.09451707463e-17)
(60.3634158361 -14.3426761843 -2.68109591852e-18)
(63.3790636408 -10.6218325258 9.29393235614e-18)
(66.2998403137 -6.37194231911 9.80567699296e-19)
(68.9922139914 -1.72915745248 -1.93471756275e-17)
(71.2945303002 3.10102518583 1.70433984783e-18)
(73.0385522927 7.85503238784 -3.32439438186e-18)
(74.0885746728 12.2762169196 1.50101013841e-17)
(74.4014368666 16.1684514859 -1.33456552996e-17)
(74.0083130543 19.3904601597 1.28431692758e-18)
(72.9801989635 21.8640252304 7.3540887319e-18)
(71.4458980167 23.5792394992 7.72176124273e-18)
(69.4979624373 24.5896007763 -2.11332493522e-17)
(67.2945137174 24.993764227 -2.26447527328e-17)
(64.9843249947 24.917025759 5.08740716764e-17)
(62.67870198 24.4867121339 2.61823271302e-17)
(60.4529607963 23.8194875376 -1.01064697147e-17)
(58.3517867417 23.0101926903 -1.06913806418e-17)
(56.3945167886 22.1239806884 -5.57860704266e-18)
(54.5804498016 21.1974635686 8.29989255626e-19)
(52.8945212153 20.2453175577 8.13546021069e-19)
(51.3135747302 19.2656375565 7.30279271739e-19)
(49.8111813443 18.2459238247 1.29731042458e-18)
(48.3594282238 17.1728193269 2.98363002636e-18)
(46.9338420069 16.0352623629 2.74129203025e-21)
(45.5298686238 14.8035626348 -9.34504533986e-19)
(44.1747090944 13.4055118736 -3.30949942436e-18)
(42.8940180092 11.7692827554 -6.19019712337e-19)
(41.6476530296 9.93085396891 1.64327703811e-19)
(40.3541671084 8.03612608887 -5.00368402855e-19)
(39.0695472952 6.12333467234 -1.3909031288e-18)
(38.1249960747 3.94905569048 7.36236313143e-19)
(37.9575282869 1.19675956914 9.06703402858e-19)
(38.7386240134 -2.09420768284 1.28640311538e-19)
(40.2488965104 -5.48502294043 -2.30944999164e-18)
(42.0938925654 -8.48999450382 2.88015126548e-18)
(43.9299365755 -10.8541360023 3.92189470978e-18)
(45.5421106963 -12.6119045778 -5.40574254124e-19)
(46.8135978131 -14.0367517037 9.4671038606e-19)
(47.6763132679 -15.5523135261 1.66174049243e-18)
(48.1223267497 -17.4783419893 -2.61705887706e-18)
(48.3085944408 -19.5984824347 -1.93419631837e-18)
(48.5529311873 -21.0208201812 6.24271949229e-18)
(49.2003537699 -20.5529607082 -3.64361041841e-18)
(50.7439636492 -17.0378160044 -2.77326352477e-18)
(53.2334739386 -9.50943976622 7.69254849201e-19)
(55.8527763391 -0.100580646687 2.56427083163e-18)
(57.4141250188 8.09051174895 2.93655251333e-18)
(57.797692472 13.2235124018 -5.50190428123e-18)
(55.8587705373 13.3114234214 -5.60908382408e-18)
(34.6524926659 -0.985373816581 2.06970891485e-17)
(33.9471053013 -1.87459847946 -1.94437767817e-17)
(33.1869355183 -2.79908629957 -1.26655541827e-17)
(32.3319122577 -3.7247375139 2.75275980577e-17)
(31.3139329968 -4.61871904087 -1.67702066129e-18)
(30.0564193017 -5.45813238193 -1.31778883544e-17)
(28.5208823816 -6.19631881822 5.18375284775e-20)
(26.7296988207 -6.78302395706 -1.07308197063e-17)
(24.8223708529 -7.16571291002 3.84669850426e-17)
(22.9943853343 -7.41331056732 7.99081060295e-19)
(21.385099542 -7.73183717728 1.86844354868e-17)
(20.0894580445 -8.29522477681 -6.20375098454e-17)
(19.1573220387 -9.25847869614 1.14517904616e-17)
(18.6488551568 -10.5747454151 3.94484662505e-17)
(18.5180437356 -12.3180886168 -4.73990870826e-17)
(18.6840710062 -14.3843945302 -3.01095381173e-17)
(19.1474664557 -16.622694408 5.30927831774e-17)
(19.8393460511 -18.9164084396 7.86657460764e-19)
(20.6935716892 -21.1835007654 3.00014975528e-17)
(21.6675667908 -23.3660254772 2.20998373777e-17)
(22.7362189563 -25.4192590393 -8.05491125293e-17)
(23.8783345617 -27.308078176 -2.75220128931e-17)
(25.1063436147 -28.9884352309 4.70063704822e-17)
(26.4374766836 -30.423872437 2.19954769765e-18)
(27.8794298103 -31.5782502408 -2.46671072103e-18)
(29.4996513215 -32.3803276373 1.76565585213e-18)
(31.3179930622 -32.7466124388 1.06230270358e-17)
(33.3452514976 -32.5911261044 5.05080895492e-17)
(35.6060767944 -31.8290098782 -8.8001698437e-18)
(38.1089219692 -30.388260639 -3.08205696711e-17)
(40.8438178474 -28.1994654534 -1.8827081847e-17)
(43.7946587451 -25.2162659949 -6.18108153761e-17)
(46.9288781325 -21.3874835376 1.6272822206e-17)
(50.1892628131 -16.6907799844 3.08701800415e-17)
(53.5018026831 -11.1802192436 -1.14926382033e-17)
(56.7720489498 -5.00034907789 7.82934623934e-19)
(59.867930083 1.58473177026 6.26647998672e-18)
(62.6236692118 8.19515855545 -3.1121084049e-19)
(64.8455741687 14.3365793741 2.81912331168e-17)
(66.3323901732 19.6250823498 -2.45446793673e-18)
(66.9647654726 23.8523755971 -3.16771179588e-17)
(66.7446679786 26.9701584286 -5.29971705408e-17)
(65.8592565885 28.9717624437 -1.64154704637e-18)
(64.4677571732 29.8978568959 4.52663460619e-17)
(62.7277626249 29.9719876326 -7.67064171245e-18)
(60.795116338 29.4379807374 3.35746203292e-18)
(58.8070886059 28.5073621239 1.89423111381e-17)
(56.8519459593 27.3418234362 1.30627320012e-18)
(54.9719462042 26.0630423473 6.40020842035e-18)
(53.1848641308 24.7549960069 -5.76707627113e-18)
(51.4938676701 23.4646095033 -4.27381155992e-18)
(49.8869480033 22.2087797534 1.117798928e-17)
(48.3379492835 20.985993246 1.10834151561e-18)
(46.8141180639 19.7781460109 -4.4336966669e-18)
(45.2944552051 18.5331526231 2.37500489182e-18)
(43.7820639718 17.1624391766 -1.96360532942e-18)
(42.271945409 15.6085060673 1.91061693934e-20)
(40.6959395475 13.9285986283 1.14794458335e-18)
(38.9744248985 12.2149106801 2.07954035144e-18)
(37.2214686013 10.3339040784 -2.64469882489e-18)
(35.8704978247 7.84773288834 -7.16673688127e-20)
(35.4271168742 4.41955590625 1.26605672573e-19)
(36.0519647549 0.254547118105 -7.83991650516e-18)
(37.4668493345 -4.00006240965 -1.83227511346e-19)
(39.2391050052 -7.73419129403 2.1086062352e-18)
(41.0360079842 -10.6440134192 2.26434867508e-18)
(42.680877238 -12.7169114154 -2.02972281655e-18)
(44.1091272328 -14.1187763444 -1.03695987187e-18)
(45.2890249498 -15.1456199886 3.51720600911e-18)
(46.1531981584 -16.2018926225 -2.76805926699e-18)
(46.5934363766 -17.6827626846 -5.13507290851e-18)
(46.5905504856 -19.6230746881 1.8829871709e-19)
(46.3878898667 -21.1960329669 6.38355971324e-18)
(46.4010594299 -21.0980302605 9.72663203315e-20)
(47.0962421525 -18.5429864304 1.52170923912e-19)
(48.753344099 -11.6273011254 -6.15424583457e-20)
(51.2826577292 -2.0940474595 -1.96986390528e-20)
(53.1228754532 7.09723006999 5.69702941805e-18)
(54.2829519569 13.5581614862 5.19683845988e-18)
(53.6357909087 14.0337800162 -1.46501518609e-18)
(25.6587117707 5.92526521176 -7.45679789104e-18)
(24.2128065002 5.54208740602 1.99033569398e-18)
(22.5474357676 5.4195401367 3.01654118654e-19)
(20.6265683171 5.89707590873 2.33849491776e-17)
(18.4474635815 7.1386199569 1.75155097638e-17)
(16.0910119489 8.8810835528 -2.52088737256e-17)
(13.7316511383 10.3723231333 -1.37668123121e-17)
(11.6011782632 10.5637685003 2.81747986531e-17)
(9.95235295585 8.78087481536 4.29085724344e-17)
(8.91535497938 5.35631343033 9.81357470113e-18)
(8.46037013064 0.969975492152 -8.33445671666e-17)
(8.55472987643 -3.73224675538 -2.23491084939e-17)
(9.15079402918 -8.36676047145 1.33451861793e-17)
(10.0972283748 -12.6644650446 -1.6077955098e-17)
(11.3380378611 -16.4544360065 1.99029491593e-17)
(12.7729851134 -19.7025240363 2.6283300201e-17)
(14.2426570157 -22.4467268329 5.04616684469e-19)
(15.6579153589 -24.7676227346 8.18734502812e-18)
(16.9737556794 -26.7637651357 6.40699550754e-18)
(18.1703143075 -28.5271709572 -2.19040710485e-17)
(19.2481775717 -30.1289581351 -7.31053312117e-18)
(20.2238741206 -31.6168572941 -1.755687676e-17)
(21.1177256649 -33.0300572882 4.34242150344e-17)
(21.9420352979 -34.3600749818 -3.65080573864e-18)
(22.7508331966 -35.5570657003 -1.02318904764e-17)
(23.5648231598 -36.5773409341 5.01148127792e-17)
(24.4273260968 -37.3424942992 -3.23285382174e-17)
(25.4159479768 -37.7484755872 1.31148140589e-18)
(26.5880467102 -37.677109233 -3.2490308929e-17)
(27.9951514598 -36.9938905737 5.37315755779e-17)
(29.6859253573 -35.5810971918 1.88840886183e-17)
(31.6821466374 -33.3200565806 -8.25895343194e-17)
(33.9893931129 -30.1140780083 6.03615774001e-17)
(36.5987812178 -25.9506310498 2.15136450214e-17)
(39.4672470188 -20.8793154051 -3.29287906332e-17)
(42.5360247492 -14.9885460054 -6.46811953436e-20)
(45.6503811901 -8.51464038586 1.43080511015e-18)
(48.6713166911 -1.62601357372 -1.17306816281e-18)
(51.7877701611 5.87941955691 0)
(54.1582727329 13.6158600134 1.35578255982e-18)
(56.0247723243 20.4061953293 -1.41162415059e-17)
(57.2990119916 25.6926521957 2.72134239476e-17)
(57.8569199823 29.3799889511 1.30642648589e-17)
(57.7639192499 31.6404232291 -2.61275149063e-17)
(57.1752132447 32.6320652378 1.5810633914e-18)
(56.2330541403 32.5477453683 -1.70856912067e-17)
(55.0449348762 31.7368740414 -1.16161966391e-18)
(53.7095938847 30.5494830566 5.34067733939e-18)
(52.3092514251 29.1751606247 7.0217235383e-18)
(50.8900477083 27.7329416961 -8.42591007563e-19)
(49.4704376313 26.3034056916 -9.04358697842e-18)
(48.0494146265 24.9345656105 -5.33808285615e-18)
(46.6099449116 23.6441825085 4.09984804862e-18)
(45.1313454074 22.4060848792 3.22239983656e-18)
(43.6050892095 21.1472330241 1.04160136307e-18)
(42.015474793 19.8050398048 -8.83356804715e-19)
(40.2830639916 18.4029036519 -1.04219712646e-17)
(38.2954831878 16.9670796653 -5.79194723723e-19)
(36.1272424213 15.2702270533 -1.14066703762e-18)
(34.2142103592 12.7501186251 2.95336010178e-18)
(33.1676982639 8.95019545447 1.76624710243e-17)
(33.2795746498 4.03552094485 -1.09572049021e-17)
(34.3218867881 -1.22757392652 1.88063261395e-17)
(35.88388646 -6.00835489091 4.30987412328e-19)
(37.657017233 -9.83048696794 1.28933918556e-18)
(39.4350117088 -12.5951035504 -2.45605342232e-18)
(41.0735401934 -14.4280906823 4.85205076985e-19)
(42.5026417863 -15.5581458715 8.45644550057e-19)
(43.6990841829 -16.2703702375 -8.03973913465e-18)
(44.6121412897 -16.9164801705 -1.49155074893e-18)
(45.113051696 -17.8750288666 2.6755958964e-18)
(45.0593146666 -19.3175048464 3.53579851105e-18)
(44.5341338968 -20.8018039469 1.90421622743e-18)
(43.9581428066 -21.1183925872 0)
(43.8394252654 -19.0920114791 -5.26643168521e-18)
(44.6745438863 -12.8143903695 -3.60791165411e-18)
(46.5687259953 -3.67799537457 -2.34454994173e-18)
(48.7354716163 5.55469052776 -8.46006419757e-18)
(50.7144523688 12.4700226064 -4.45234580329e-18)
(51.3143308026 14.2232022398 2.90957917244e-18)
(51.2962220974 -0.0304374986791 1.13211345115e-19)
(51.2724639531 -0.0807853895319 -8.07405675187e-19)
(51.2161587999 -0.120337726626 -1.09930699962e-19)
(51.1298423797 -0.15454630302 7.98863870955e-19)
(51.0133661791 -0.188944082656 -6.5833624591e-20)
(50.8638822184 -0.230267883334 1.59369089526e-18)
(50.6781424388 -0.286468377051 8.57549358365e-19)
(50.4530508779 -0.366918871008 2.53292446217e-20)
(50.1852841615 -0.482358543379 3.15938554472e-18)
(49.8710187023 -0.645485514269 -1.52907577914e-20)
(49.5060474076 -0.871656852375 -2.11270472383e-18)
(49.0862148182 -1.17990583825 -5.60404622615e-18)
(48.6079565726 -1.59437597955 -3.97943603164e-18)
(48.0702102805 -2.14649813733 -2.46334963715e-19)
(47.4745010943 -2.87771820635 4.46377750379e-18)
(46.8376791265 -3.84371201261 -2.79206123612e-18)
(46.1707868091 -5.11746131314 -6.55913190371e-18)
(45.5996908671 -6.79809899641 9.98145810672e-18)
(45.0433407175 -9.00467625084 4.37441056265e-18)
(45.6195142448 -11.8217401331 -3.06739164598e-17)
(51.2960699238 -0.0242444594791 -7.51889269188e-19)
(51.2712194027 -0.061427974917 -5.68053326451e-19)
(51.2120877688 -0.086704639629 1.22166185342e-19)
(51.1212524106 -0.105288362246 4.08937649191e-19)
(50.9984723076 -0.123135162846 -1.50457369557e-18)
(50.8406746931 -0.146788535616 1.16624057835e-18)
(50.6440816319 -0.183827180972 2.13612311792e-19)
(50.4048471133 -0.243200711401 5.38370525485e-19)
(50.1187047295 -0.335380839935 -1.94369960001e-18)
(49.7805296187 -0.472780994103 -2.78490796875e-18)
(49.3843281284 -0.670475443468 -8.20259609905e-18)
(48.9234758027 -0.947393010507 -4.00266470744e-18)
(48.3909531196 -1.32786514965 -5.62015253482e-18)
(47.780842833 -1.84413376793 -2.86936225103e-18)
(47.0879367422 -2.54010374374 -1.0543794746e-17)
(46.3196958944 -3.47579278311 -2.67003881263e-18)
(45.4751040846 -4.73649253083 2.7690478179e-18)
(44.6621229021 -6.43802631752 4.21650855642e-17)
(43.7875922278 -8.74926832271 3.91841057718e-17)
(43.8035980667 -11.9396546861 -5.74468529752e-18)
(51.2959829404 -0.0167083893524 -3.56126233221e-19)
(51.2703198154 -0.0386884561724 5.06919781717e-19)
(51.2087582482 -0.0482213407173 -9.07893969602e-20)
(51.1139106251 -0.050268418139 -4.77882684331e-19)
(50.9854915359 -0.0504136645433 2.2178610496e-22)
(50.8201740639 -0.0548057245039 1.16966786206e-18)
(50.6136984254 -0.0707347974145 -3.14497323602e-19)
(50.3615388498 -0.106707225098 -1.6711936948e-18)
(50.0584791351 -0.172759497125 -2.99158041187e-18)
(49.6980934172 -0.280775886413 1.6890760807e-19)
(49.2725279621 -0.445269927641 5.43052076016e-19)
(48.7725629808 -0.684724448811 -1.20585891523e-18)
(48.187518032 -1.02319436555 1.05799223323e-18)
(47.5060488375 -1.49304116588 -3.99939362959e-19)
(46.7153386142 -2.13961525379 1.19047968083e-18)
(45.8106708997 -3.02604428767 1.37921938962e-17)
(44.7762604179 -4.24803474782 1.45177927461e-17)
(43.6876488021 -5.93584398474 2.57921772209e-18)
(42.4238773007 -8.31514243158 2.45815778517e-17)
(41.8551933366 -11.7191380603 4.28778950855e-17)
(51.2958594405 -0.00879496796028 3.39144103374e-19)
(51.2693644111 -0.0151867834413 5.70730263629e-20)
(51.2056881488 -0.00878388519277 2.7498661924e-19)
(51.1073697987 0.00610159249574 -1.6002591976e-19)
(50.9740159997 0.0243155634766 8.57358650856e-19)
(50.8020714928 0.0400299692728 0)
(50.5868523981 0.0463572748018 -5.24913503791e-19)
(50.3231999839 0.0352883907107 8.87439558346e-19)
(50.0049946229 -0.00259020157095 1.14777853339e-18)
(49.624544479 -0.0784188583691 8.51090857926e-19)
(49.1721393038 -0.205964653599 5.28456257121e-19)
(48.6359272769 -0.402473417796 -5.5461021367e-19)
(48.0014963254 -0.69106911993 1.10546367857e-18)
(47.2517729288 -1.10318385384 4.13761213838e-18)
(46.365815347 -1.68382314332 2.77817549784e-18)
(45.3245795243 -2.49660841527 -8.15981873523e-18)
(44.0963510306 -3.64237496878 2.40714385671e-18)
(42.7077138635 -5.25958935216 -2.20427846763e-17)
(41.0309202642 -7.61047334948 -2.98256654362e-17)
(39.7133252677 -11.0706049328 6.31477044327e-18)
(51.2957123173 -0.000689685584441 -8.39635581982e-20)
(51.2684666529 0.00890850601758 -9.73519388438e-20)
(51.2030756713 0.0318641201376 -1.25026058927e-20)
(51.1018365029 0.0644300990672 -3.27017362984e-19)
(50.9642910678 0.101820129858 -9.57583072259e-20)
(50.7867305738 0.138591389308 -2.49697071021e-19)
(50.5640807487 0.168366158123 9.11744186623e-19)
(50.2905867028 0.183759107764 3.42354779154e-19)
(49.9592957454 0.176140454746 -1.32619219584e-18)
(49.5612821593 0.135307461896 0)
(49.0852132122 0.0487085302909 -8.17552654571e-19)
(48.516719596 -0.0994283587586 2.43996944823e-18)
(47.8375608958 -0.330409123947 6.7002301486e-19)
(47.0249212562 -0.673413775141 4.34388201802e-18)
(46.049629904 -1.17112419341 -1.54364093113e-18)
(44.8773562688 -1.88484117207 -9.33159856216e-18)
(43.459739138 -2.91393664273 -2.1082649573e-18)
(41.7649077412 -4.39861469101 -6.8664533255e-19)
(39.6784829749 -6.6074751853 -4.42817610113e-17)
(37.4257827535 -9.96345049644 -2.53798466452e-17)
(51.2956117684 0.00787009677908 5.30104629396e-20)
(51.2678123392 0.0333867506353 1.32468696306e-19)
(51.2010073134 0.073531057053 1.65173491511e-19)
(51.0973848594 0.124373330857 -3.94451457975e-19)
(50.956492296 0.181535724431 -4.35903042134e-19)
(50.7744505507 0.240086049151 4.31242709443e-19)
(50.5458251196 0.294245416351 1.13403527062e-18)
(50.2643430078 0.337336733183 -6.85564536159e-19)
(49.9223139663 0.361709246466 -5.95119203777e-19)
(49.5097820466 0.358312913967 -3.64613363029e-19)
(49.0138418531 0.316197518083 -3.0598752909e-19)
(48.417789665 0.221293253653 -2.39240795705e-18)
(47.7000223369 0.0550080322187 1.85376063429e-18)
(46.8322372103 -0.208631044392 1.89365657963e-18)
(45.7771857687 -0.607224104453 -3.80565100142e-18)
(44.4857061713 -1.19667279706 -2.20577064792e-18)
(42.8920576009 -2.06832239963 1.27294943351e-17)
(40.9081641487 -3.355474993 -4.63419705945e-18)
(38.4148525881 -5.30655561389 2.29434277055e-17)
(35.2603566353 -8.36644383131 -1.39594543577e-17)
(51.2955811352 0.0163114229505 -1.48842105776e-19)
(51.2674183064 0.0584658715538 -1.46148052842e-19)
(51.1994915328 0.116124243917 9.57455292544e-20)
(51.0941031449 0.185551994032 -3.28759915771e-19)
(50.9507921419 0.262915022711 -1.04327102404e-19)
(50.7654920877 0.343813676393 9.35617085412e-19)
(50.5324616382 0.423121610023 -6.51312292962e-23)
(50.2450322179 0.494985200922 -8.79961473442e-19)
(49.8949147439 0.552804021003 -8.01696011318e-19)
(49.4712460962 0.588894829789 -1.16539917842e-18)
(48.9597929117 0.594045645165 -1.87383695242e-18)
(48.3418936908 0.556650715744 2.23062702454e-19)
(47.5928729266 0.46138943205 2.59351778974e-18)
(46.6798451124 0.286804494222 -3.1785052697e-18)
(45.558417466 0.00174566647098 -2.3038365648e-18)
(44.1657708418 -0.440794220974 1.08051358101e-17)
(42.4196734396 -1.11754011518 1.08831438702e-17)
(40.1824502382 -2.14414736974 -2.02505434289e-18)
(37.3239278064 -3.72990079679 2.5721676175e-17)
(33.3597339494 -6.27767666432 -5.63419020086e-18)
(51.2955680277 0.024783040584 -4.22472151283e-19)
(51.2671793486 0.0839489648057 0)
(51.1985511482 0.159261955814 0)
(51.0920994042 0.24753418475 -1.48555794334e-19)
(50.9473369394 0.345415383345 2.89296550618e-19)
(50.7600599169 0.449067398006 3.17682563695e-19)
(50.5243227778 0.554075527872 -3.40814135726e-19)
(50.2331453074 0.655507005426 2.80901668081e-23)
(49.8777747797 0.747865397451 7.55505797922e-24)
(49.4466665185 0.824997613024 -9.413416799e-19)
(48.9245770222 0.879728947461 1.17957491785e-18)
(48.2913003631 0.903263069408 2.46136081685e-18)
(47.5198205126 0.88410682776 1.71043438073e-18)
(46.5733646988 0.806532738783 1.52732502146e-18)
(45.401626115 0.646948956595 4.88145483088e-18)
(43.9311928768 0.370595222888 -2.13565068102e-19)
(42.0659261006 -0.0799545665431 -1.39995076232e-17)
(39.6291423496 -0.7930775642 -5.31800461737e-18)
(36.4756373513 -1.9231694977 -2.56337761977e-18)
(31.8747220412 -3.78554771426 4.45739697739e-17)
(51.2955637697 0.0333143402464 4.65155361248e-19)
(51.2671011893 0.109578662566 -3.86490997347e-19)
(51.1982362752 0.202673197556 9.04532786018e-20)
(51.0914387695 0.309922434591 -6.05190358184e-19)
(50.9462167599 0.428472429841 -1.73840219081e-20)
(50.7582981856 0.555088856784 5.38068108811e-19)
(50.5216184703 0.686111950034 1.04613761268e-18)
(50.2290027958 0.817552937926 -1.02643750666e-19)
(49.8714044722 0.945151557529 -4.04257433428e-19)
(49.4368395712 1.06438840102 -8.41332076759e-19)
(48.9093847836 1.17031038615 1.13823742722e-18)
(48.2677880585 1.25716017433 2.53563383357e-18)
(47.4834392685 1.31777951788 -1.32968440555e-18)
(46.5168822428 1.34264498235 5.46765673112e-19)
(45.3138151591 1.31764318306 -1.70668853847e-18)
(43.7933432746 1.22216279326 -7.02827014002e-18)
(41.84920521 1.02122838791 -1.09161174506e-18)
(39.2787507092 0.661901263356 5.90459854115e-18)
(35.9250269037 0.0502120947754 1.1320900047e-17)
(30.9009669258 -1.00546642899 -4.80162827537e-17)
(51.2955808577 0.0418319483586 1.81039186405e-19)
(51.2672128317 0.135210280293 1.03960033807e-19)
(51.1985701658 0.246082797635 -1.54463795228e-18)
(51.0921509053 0.372288521554 4.73951217409e-19)
(50.9474827109 0.511495697886 -1.44581011912e-18)
(50.7602899455 0.661091848989 -6.36042738034e-19)
(50.5244796321 0.818192946531 -2.86166320353e-19)
(50.2328112668 0.979792280817 1.21409302798e-18)
(49.876121953 1.14291361288 -5.63910891488e-19)
(49.4422405576 1.30473322998 -2.14794164292e-18)
(48.9149396588 1.46261195759 2.97971464448e-19)
(48.272491021 1.61402989902 3.17244558561e-18)
(47.4855461417 1.75645836398 3.07687817343e-18)
(46.5133586404 1.88710008671 -3.25469405718e-18)
(45.2996625203 2.00212389935 1.78305242415e-18)
(43.7596918835 2.09627391105 1.43817593593e-18)
(41.7824706669 2.15963921786 -1.00249417122e-17)
(39.151593389 2.17885219126 2.0598310137e-18)
(35.7058240153 2.12256602154 2.02251203655e-18)
(30.4845053895 1.94171885668 1.06046594319e-17)
(51.2956238605 0.0502899786092 -1.40098130446e-18)
(51.2675266892 0.160677314028 -6.01707486561e-20)
(51.1995601327 0.289196357692 6.59054728188e-19)
(51.0942438761 0.434200282851 -4.7238127577e-19)
(50.9511483381 0.593889580638 -7.8397661053e-19)
(50.7660577349 0.766279101607 -6.55333943223e-19)
(50.5329445965 0.949267845775 -9.57888609692e-19)
(50.2446331222 1.14084311471 1.18507998413e-18)
(49.8920274506 1.33932074935 -6.19856302136e-19)
(49.4630352464 1.54359344115 -1.63981866765e-18)
(48.9415226758 1.75337015411 -1.3905073534e-18)
(48.3058817312 1.96942571047 -2.88031303476e-18)
(47.5269324716 2.19394698778 5.07739225113e-18)
(46.5640995963 2.43103634429 2.09312276533e-18)
(45.3614001895 2.6873847038 -3.17805164412e-18)
(43.8341848531 2.97370221659 6.06735347948e-18)
(41.8723784183 3.30622245804 1.56818010232e-19)
(39.2579600514 3.71194510763 -9.80916967285e-18)
(35.8355364752 4.22683042049 1.13802053228e-17)
(30.6409621273 4.9390740358 -2.93128860726e-17)
(51.2956940558 0.0586389523383 9.28496954062e-19)
(51.2680454743 0.18581287763 -1.79257090131e-19)
(51.2012015989 0.331723384643 1.0430939681e-18)
(51.0977035379 0.495228505658 -4.90714009784e-19)
(50.9571883007 0.67506002224 1.32618092627e-18)
(50.7755616175 0.869854627846 -9.88952538596e-19)
(50.5469543793 1.07828472925 -3.01598963621e-18)
(50.2643843771 1.29931790609 1.47171281579e-18)
(49.9190057925 1.53253984125 -7.93253156808e-19)
(49.4990708653 1.77852904523 -1.03512871074e-18)
(48.9889360014 2.03929399559 1.14779029534e-18)
(48.367710167 2.31882439085 -4.01059037676e-18)
(47.6072845216 2.62391063977 -2.84881482752e-18)
(46.6687221157 2.96537251635 5.21749521114e-18)
(45.4985884993 3.3601486276 -1.88347851003e-18)
(44.0163923241 3.83441752351 3.03380758928e-18)
(42.11848423 4.43001533278 6.22531797208e-18)
(39.598902575 5.21246923511 4.7302524232e-18)
(36.3151144821 6.2876162773 2.05091748231e-17)
(31.3734407994 7.8671528045 -2.59588244236e-17)
(51.2957912459 0.0668277260925 1.63327822305e-18)
(51.2687655205 0.210454992832 2.00996317092e-18)
(51.2034779773 0.373379673775 -2.63205877893e-19)
(51.1024934188 0.5549516011 -2.41285371056e-18)
(50.9655388675 0.754424102582 3.36774389519e-19)
(50.7886996521 0.971037903209 1.51369341971e-18)
(50.566354064 1.20421248199 -1.99623162649e-18)
(50.2918370547 1.45385903127 -5.31947797422e-19)
(49.9567275808 1.72077815188 1.34833315069e-18)
(49.5498762124 2.00715147768 -6.07745930521e-19)
(49.0565049402 2.3171592218 1.63133845611e-18)
(48.45700397 2.65780338706 2.64948144973e-18)
(47.7251865027 3.04016350397 -6.06883899692e-18)
(46.8251335638 3.48125712118 5.97778620292e-18)
(45.7080416165 4.00742938077 -4.94001107887e-18)
(44.3014590802 4.65879756628 0)
(42.5129967706 5.50068335605 1.45381674163e-18)
(40.1631374135 6.63202945552 -5.12632054279e-18)
(37.1242631692 8.22607967373 -2.75390421679e-17)
(32.6640937625 10.5980767167 4.67996149109e-17)
(51.2959143261 0.0748062368357 -4.41060774932e-21)
(51.2696778282 0.234448101185 6.48240996243e-24)
(51.2063606071 0.413891053941 1.74659226895e-18)
(51.1085551933 0.6129625353 1.91202519894e-19)
(50.9760992648 0.831419582862 -2.21417879611e-18)
(50.8053103232 1.06907728005 1.89963889683e-18)
(50.5908968291 1.32606084427 2.73606242185e-18)
(50.3266250201 1.60316681202 -4.46641222607e-20)
(50.0046582386 1.90232415067 3.16517195328e-18)
(49.6146758887 2.22718759445 -5.92033608063e-18)
(49.1431016692 2.58391025029 -7.2262319652e-19)
(48.5721089132 2.98219299238 4.56583050626e-18)
(47.8781802755 3.43690480791 -4.08253459671e-18)
(47.0296176894 3.97043948351 4.19479504847e-19)
(45.9839921946 4.61718952849 1.6166799666e-18)
(44.6803365147 5.42882572864 -1.19932240081e-18)
(43.0410864148 6.49035056267 -1.05020624711e-17)
(40.9274651937 7.92646723648 -2.35391541573e-17)
(38.2233274363 9.96866474125 -2.90125336358e-17)
(34.4630478878 13.00924802 6.11949369433e-17)
(51.29606136 0.0825277923454 -1.02475869569e-18)
(51.2707680734 0.257644510174 -3.23091183343e-19)
(51.2098087757 0.452997018871 -1.06821533919e-18)
(51.115809273 0.668876780741 2.7646207947e-18)
(50.9887333155 0.905515780329 -1.18477504885e-18)
(50.8251762573 1.16326289062 -2.999049577e-19)
(50.620250815 1.4428966475 -4.87684903675e-19)
(50.3682550061 1.74602291763 5.88354434584e-19)
(50.0620751127 2.07558492101 -2.65482668552e-18)
(49.6924169706 2.4365397206 2.28048629446e-18)
(49.2471887726 2.83675339116 -2.49619799584e-18)
(48.7107611342 3.28821936067 3.34335008027e-19)
(48.0628850536 3.80894602261 1.05076352024e-18)
(47.2770317848 4.42564385663 -2.82176609913e-18)
(46.3184372646 5.17897454293 0)
(45.1402973772 6.12911863761 -6.86560191318e-18)
(43.6819825286 7.37554457899 -2.58595708593e-18)
(41.8574295927 9.05897008878 -2.7507937308e-18)
(39.5556346123 11.4548512792 1.71911728686e-17)
(36.6676354309 14.9821970931 -3.55350516089e-17)
(51.2962289783 0.0899526134964 -1.13696248725e-18)
(51.2720148326 0.279904822816 1.49320869415e-18)
(51.2137699899 0.490448937756 1.24700121142e-19)
(51.1241561197 0.722335998683 -6.70250857933e-19)
(51.0032706258 0.976226999873 -1.39566175193e-22)
(50.8480269281 1.25294851011 1.93762515082e-18)
(50.6540062541 1.55386899807 -3.57298515905e-18)
(50.416121074 1.88131438519 -1.57177632466e-18)
(50.1280925201 2.23910838075 -2.03179029567e-18)
(49.7818099995 2.63330992465 3.44495718832e-18)
(49.3668845464 3.073192868 2.77054054463e-18)
(48.8701913651 3.57257005374 -2.51956914001e-19)
(48.2751698514 4.15183308851 3.20855314249e-18)
(47.5610981912 4.84079900404 3.3957354877e-19)
(46.7016252421 5.68431694379 -5.34042382083e-18)
(45.6658425556 6.74775851666 7.62049012204e-18)
(44.410206622 8.1383620435 1.1097331271e-17)
(42.9113734562 10.0042102919 2.12231521572e-17)
(41.0407860288 12.6377041316 8.17216122105e-19)
(39.1643626052 16.4656779474 -2.33592134493e-17)
(51.2964096152 0.0970546657564 -3.01242487562e-20)
(51.2733807322 0.30110838293 -6.53196682895e-20)
(51.2181762162 0.526007149918 2.3686220101e-19)
(51.133479093 0.77298632172 1.66492251346e-19)
(51.0195120477 1.04308904441 -8.73407724928e-19)
(50.8735433634 1.33755195905 -4.7544532639e-22)
(50.6916791657 1.65825199504 2.64347561465e-18)
(50.4695106586 2.00812621997 2.31717159045e-18)
(50.2016763152 2.39172613097 6.25442812965e-18)
(49.8813607252 2.81599091432 -4.32425866992e-18)
(49.5000243934 3.29126897508 -6.37386613682e-19)
(49.047235442 3.83268259493 1.1191412574e-19)
(48.5103519588 4.46219585242 -4.43447426187e-19)
(47.8747384458 5.2114666173 -1.91381494862e-18)
(47.1227183388 6.12730860053 5.30858998059e-18)
(46.2395078048 7.27703963759 1.16334299046e-17)
(45.1988694139 8.76799720739 1.1796847282e-18)
(44.0371922476 10.7491720204 -1.37757291682e-17)
(42.6285775118 13.4905101225 -1.71647246386e-20)
(41.6363141055 17.4377684257 -2.50418341666e-17)
(51.2965861725 0.103820966822 2.64672740871e-18)
(51.2747924845 0.32120378433 -1.73473556426e-18)
(51.2229175037 0.559531658428 1.11576598257e-19)
(51.1436267403 0.820524580316 1.19012068315e-18)
(51.0372339889 1.10559261621 -4.74581667597e-19)
(50.9013861076 1.41634884278 -4.14222316407e-18)
(50.7327569755 1.75510388502 -4.02832900235e-19)
(50.5276623208 2.12528739562 3.28158356405e-18)
(50.2817125773 2.53201219671 1.98970249571e-18)
(49.9894539772 2.98286164146 0)
(49.6442708259 3.48891138464 -3.09776997189e-18)
(49.2384919739 4.06607327673 -5.91926773182e-18)
(48.763438153 4.73707441959 2.42034962142e-20)
(48.2104781319 5.53418000422 6.23290784599e-18)
(47.570431543 6.50405387307 -1.1069369805e-17)
(46.8433267136 7.71290298416 -7.50018409232e-18)
(46.0204106733 9.26142881164 -9.65266002654e-18)
(45.183608717 11.2916835553 1.4165144667e-17)
(44.2389154875 14.0272693382 -1.16419696046e-19)
(43.9943856203 17.8999989667 6.96298018385e-19)
(51.2967409097 0.110150948495 -8.54352141852e-19)
(51.276177988 0.340130520672 6.08391697306e-20)
(51.2278420319 0.591229477886 1.45277355384e-18)
(51.1543522234 0.865404697769 1.90510333026e-19)
(51.0560916763 1.1643459838 2.3165549789e-18)
(50.9310931839 1.49001691159 1.68518863449e-18)
(50.7766116829 1.84510543425 -3.26917999008e-18)
(50.5897050048 2.23342921987 -3.1558143672e-18)
(50.3669786195 2.66050538329 3.06641852017e-18)
(50.1043612457 3.13433214765 -1.29408906175e-18)
(49.7971656833 3.66637239532 -2.93628194131e-18)
(49.440437902 4.27282065443 -6.88830023271e-19)
(49.0293359095 4.97639138473 -1.1920410004e-18)
(48.5608494363 5.80879040429 1.90847409155e-18)
(48.0336869237 6.81465354801 -5.9192743009e-18)
(47.4604245696 8.05623422317 -3.78664899583e-18)
(46.8484046147 9.62285516206 -1.09856941578e-17)
(46.3107095844 11.6401559707 1.27529974991e-17)
(45.7953625148 14.2790628315 -7.68990192603e-19)
(46.1876903017 17.892144475 5.94523457823e-17)
(51.2969469875 0.115246707903 -2.41011133788e-18)
(51.2778416308 0.355755868363 1.39621867096e-19)
(51.2333281409 0.618047167964 8.84078754782e-19)
(51.1659554679 0.903972888759 -1.45503304872e-19)
(51.0762435584 1.21530408486 2.66252375208e-18)
(50.9626489334 1.55422879513 2.76931151345e-18)
(50.8230122811 1.92369993433 4.95849310057e-19)
(50.6551310189 2.32779991504 -2.41656856758e-18)
(50.4565991214 2.7722976291 1.94648668394e-18)
(50.2247019645 3.26540667488 1.05488494961e-18)
(49.9566130922 3.81870713596 2.46355735088e-19)
(49.6499385578 4.44830249836 2.0525443265e-18)
(49.3033754855 5.17636319016 0)
(48.9188807243 6.03329087882 -7.48601850956e-18)
(48.5019775306 7.06058158583 1.67907756846e-17)
(48.075128693 8.31501686021 -2.48089683001e-18)
(47.6574968659 9.87254090995 -2.1462030303e-19)
(47.3850330294 11.8379000717 -1.69034056837e-17)
(47.20593484 14.3371235304 1.47230869559e-18)
(48.2796743575 17.4889049358 1.07581614666e-17)
(45.49927707 -14.1887818473 7.79869282525e-18)
(44.5980121479 -15.5671978011 2.02530932333e-18)
(43.5736667037 -17.1054060613 3.82065343901e-18)
(42.4678860435 -18.8895116565 3.11187588189e-18)
(41.1760331231 -20.9456690212 2.48487933267e-18)
(39.5802282216 -23.5044433815 -3.20986156802e-18)
(37.7557073547 -26.8709638052 2.66724959521e-17)
(34.8129904439 -31.2885966169 -9.44942141399e-18)
(30.6937994346 -39.3641993082 -1.14694787736e-16)
(22.9977119462 -45.3664977397 -3.74793223198e-17)
(43.2834339576 -14.4570241323 -6.84058922922e-18)
(42.2799935523 -15.8570427274 -6.16184169246e-18)
(41.0746454255 -17.3808163212 6.92280311748e-18)
(39.6902932647 -19.1798605869 3.62434066955e-18)
(38.1107404481 -21.3284142221 2.67288932164e-18)
(36.0712206214 -23.9961013032 -4.33565468434e-18)
(33.4870810861 -27.3939646492 7.38471163356e-19)
(29.5546767226 -31.7493733427 -2.25562414339e-17)
(22.7981944342 -36.1059722455 7.67571011219e-18)
(8.09641161082 -38.5392557197 3.1024502977e-17)
(40.7046965381 -14.3770460795 -3.88848509678e-18)
(39.4181719534 -15.6824712071 1.25404402737e-17)
(37.9908414489 -17.1742193878 -7.42474936104e-18)
(36.1969520338 -18.8899598438 -7.18131705432e-18)
(34.1540470156 -20.9323066092 -2.19341833166e-17)
(31.4618049103 -23.33726997 6.82477698042e-18)
(28.0709280316 -26.1156912132 -2.62039345468e-17)
(23.0044972601 -29.1672573286 3.197553878e-17)
(15.913206263 -31.1521350714 6.7651661982e-17)
(5.45448661969 -31.3068504417 -2.45563044971e-17)
(37.9565544799 -13.8021915929 1.20737184548e-18)
(36.3236765861 -14.9360615816 -1.78950596072e-18)
(34.6443120375 -16.334859015 -9.53504548011e-18)
(32.5560527099 -17.8535434159 -1.66591407843e-17)
(30.1071943235 -19.5968332204 2.01455177127e-18)
(27.0132344979 -21.5231924832 -2.24153700312e-18)
(23.1710304429 -23.5073888334 -2.18650787143e-19)
(17.9863041431 -25.4605676854 3.64230503162e-17)
(11.52867751 -25.7284566683 1.05747225316e-17)
(3.34306710639 -19.9548189131 -3.26042251533e-17)
(35.1298751432 -12.5927724491 -8.51158134446e-19)
(33.2670114857 -13.5664762357 -1.30299290889e-17)
(31.3167953643 -14.7351758247 -8.80209207546e-19)
(29.0406396622 -15.9727343768 3.92568590581e-18)
(26.3242987818 -17.3093492659 1.53236648391e-17)
(23.042193545 -18.6740589648 -2.36803953506e-18)
(19.0849969172 -19.9244973717 2.14394313636e-17)
(14.2226315128 -20.8906240645 -3.56288153595e-18)
(8.69945752393 -20.1432045144 -2.84245389937e-17)
(2.75316036987 -17.0107730562 -3.61085448154e-17)
(32.3776819046 -10.7042620544 0)
(30.3967806058 -11.4924636713 6.93305084679e-18)
(28.2893718803 -12.3701626099 1.02835090621e-18)
(25.898201071 -13.2929002817 3.23739019715e-18)
(23.093067656 -14.2232751637 1.24623188923e-17)
(19.8112680762 -15.0896543441 -7.71507674363e-18)
(16.0045807848 -15.7764245571 -1.53867817348e-17)
(11.6015395748 -16.0812218755 -4.13139365819e-18)
(6.88922442514 -15.1353524045 -1.74375577272e-17)
(1.97789279692 -10.3020309639 1.0532870011e-17)
(29.9969422567 -8.18063934674 2.37657725907e-17)
(27.9634711599 -8.74399268875 6.72524550243e-18)
(25.7906400114 -9.35227419264 -3.16792449739e-17)
(23.3642432754 -9.97085458436 5.81782997781e-18)
(20.5823220717 -10.5556698032 -1.46903149932e-17)
(17.4108759302 -11.0486132704 -2.15615140032e-17)
(13.8411901809 -11.367972494 2.3188419657e-18)
(9.85009401956 -11.3680899895 1.3812399361e-17)
(5.65309169806 -10.4862810362 9.67451104075e-18)
(1.36624144174 -7.25909571811 1.55371794068e-17)
(28.1587504531 -5.14430896753 6.85269974134e-18)
(26.1160841415 -5.49660109842 -3.35503248714e-17)
(23.9311369361 -5.86879166568 -2.10846391084e-17)
(21.5204213841 -6.23208009308 8.40240843698e-18)
(18.8052225346 -6.55376596634 -1.16962907867e-17)
(15.7640891987 -6.79469916003 -1.29484808509e-20)
(12.4013665293 -6.90503867621 7.39437131687e-18)
(8.71111129238 -6.79724788202 2.42903285533e-17)
(4.83354523296 -6.12926434653 8.58994330287e-19)
(1.10622386437 -3.66990845633 -5.56889185458e-18)
(26.9617086021 -1.76046532035 -1.08007238613e-17)
(24.9274297006 -1.92479056448 -1.30263642198e-17)
(22.7519787138 -2.0956551385 1.10276135456e-17)
(20.3710395035 -2.25400147511 2.07862801256e-17)
(17.7186306338 -2.38103386502 5.3916848686e-18)
(14.7764236168 -2.45482639708 -1.11470744554e-17)
(11.5487229836 -2.44817527738 2.38143564269e-17)
(8.02594769442 -2.31550120322 1.12269283406e-17)
(4.34816191003 -1.90195798367 -1.37956247928e-17)
(0.933269247161 -0.619043631726 1.3832830033e-18)
(26.4433991145 1.81464926742 2.86941180085e-17)
(24.4164120652 1.81929489455 -1.2423531542e-17)
(22.2508664912 1.82362765665 -3.70937318125e-17)
(19.8905001498 1.83525396188 4.39736873436e-17)
(17.2752740161 1.8595120754 1.33501186197e-17)
(14.3894162511 1.90391881451 -2.86382277096e-17)
(11.2365984682 1.97906228235 5.60713219732e-18)
(7.79654657323 2.08930903537 -1.07161246773e-18)
(4.17241956496 2.11527929395 7.7301800375e-19)
(0.865152836542 1.19835151685 -1.48952150656e-16)
(26.6053727235 5.44387461389 -1.76298148261e-18)
(24.5746165573 5.61071132265 -1.97291783492e-17)
(22.4067461092 5.7814028325 4.72286351102e-19)
(20.0423514522 5.95160188127 3.38040559009e-17)
(17.4205941771 6.11331542806 2.04259130126e-17)
(14.5272451697 6.25958638699 -2.57661139077e-17)
(11.3696904447 6.38402027583 -2.09927136596e-17)
(7.93518112319 6.45489764591 1.4954335104e-17)
(4.30220949315 6.17388808325 -3.9103128766e-19)
(0.931156507098 4.02559446543 2.83441151036e-18)
(27.4566390826 8.99783605682 -8.79339692502e-18)
(25.4115382834 9.33629748318 -4.70963664844e-18)
(23.2292411915 9.68553957231 1.85187493013e-17)
(20.8374725317 10.0295424796 1.0213401908e-17)
(18.1681883831 10.3462629993 -1.78079930381e-18)
(15.207303584 10.6122404498 1.48997238418e-17)
(11.9646094771 10.80094225 -4.76630067389e-18)
(8.43209764538 10.8434623438 -1.83414423483e-17)
(4.71021198437 10.2763329665 1.13623565009e-17)
(1.16512240713 6.97948321435 7.9161974145e-20)
(28.9914516907 12.3302926895 -1.31890416974e-18)
(26.9311250486 12.8626850876 -2.68774689932e-17)
(24.7337119392 13.4206603305 -2.84664331302e-17)
(22.3035474248 13.9778069249 -1.34893972225e-18)
(19.5564639439 14.4977406848 8.24397938882e-19)
(16.4739404104 14.9382915497 4.39306955341e-18)
(13.0615350572 15.245001688 1.46868658494e-17)
(9.31227211408 15.3030859064 -1.25305665474e-17)
(5.40445968231 14.4605894299 -1.37605639658e-17)
(1.61022940372 9.84910611967 1.49072266205e-18)
(31.1701332141 15.2805925001 1.16567620817e-18)
(29.1138355679 16.0322495814 1.74507547117e-17)
(26.9260768117 16.8435332286 -6.38356124382e-19)
(24.4731593031 17.6699067115 -1.98179674703e-17)
(21.646897496 18.4685323897 -5.42360749903e-18)
(18.4136720718 19.1827957463 4.96097723787e-18)
(14.7574833798 19.7250191152 9.79374622244e-19)
(10.6251216172 19.9229252949 1.92262195198e-17)
(6.30547693618 18.8913781032 1.38487193435e-18)
(1.71763809809 14.9716036376 -3.26916078012e-17)
(33.8944271046 17.6914253058 -1.83097196572e-17)
(31.8930223058 18.6515598138 -1.87968655044e-17)
(29.7817810787 19.765781402 6.90024731809e-18)
(27.353905338 20.91840978 1.63191469898e-17)
(24.4999237113 22.0767605421 -1.25849438165e-17)
(21.1598309 23.2019061488 6.90834335113e-18)
(17.2467703124 24.1396323961 -1.34740896285e-17)
(12.6564398404 24.7909431692 -3.18973134135e-17)
(7.80665772247 23.7660082938 1.83612305584e-17)
(2.47450240248 15.9069320797 1.76780488224e-17)
(36.9239359232 19.4242566648 -1.74748196977e-17)
(35.0885317672 20.616939907 -9.75669226777e-18)
(33.177278832 22.0125198673 -6.46215085694e-18)
(30.8278809584 23.510477247 5.53960582793e-18)
(28.0718348225 25.108720022 2.67535704321e-17)
(24.7332957451 26.7707867161 -1.22503014585e-17)
(20.7383702962 28.3010676654 -4.20784193353e-19)
(15.6103185622 29.649518853 -1.11301307435e-17)
(9.79891304159 28.8312077944 -5.89303797083e-17)
(3.3868126521 27.9459998088 7.33065752998e-18)
(40.1280779649 20.4365505605 -2.08269509191e-20)
(38.596909297 21.8920078609 -5.49539147938e-18)
(36.8729467996 23.4788199926 -5.50074510381e-18)
(34.7488946199 25.2871823691 -1.31838341849e-17)
(32.2499547643 27.3272680374 1.07396675443e-17)
(29.0749145127 29.5688836336 1.33801133434e-17)
(25.1716794872 31.8764009623 -4.94414871854e-18)
(19.679396937 34.2068294274 2.26348141394e-17)
(12.9072551604 34.7525168243 -3.88881196889e-17)
(4.21831594582 24.794378117 5.14361906e-17)
(43.3018044935 20.8269092581 3.61689724566e-18)
(42.0559650164 22.4263266937 6.09902084333e-19)
(40.5372577955 24.1528786702 -3.08215634922e-18)
(38.7999173549 26.1736946277 5.49809266506e-18)
(36.6836960267 28.5361330491 -3.294119239e-17)
(33.9175705468 31.2972327497 6.19776255487e-18)
(30.5123573427 34.4804958983 9.05189933703e-18)
(25.1210580381 37.9260203107 1.05364318135e-18)
(17.6596730084 39.9265899575 -1.59186418829e-17)
(6.35340536746 46.7296161003 8.46789476534e-18)
(46.1587766371 20.7065125684 1.23919561089e-18)
(45.1854658969 22.3188300872 -2.86511831334e-18)
(43.9766962295 24.1326625738 -1.73818854565e-19)
(42.6477277389 26.2160194838 5.031908859e-18)
(41.0248142043 28.6786333573 -1.40180507512e-17)
(38.897664273 31.6476665197 -2.2528072732e-18)
(36.308877154 35.4894731028 -5.95620060745e-18)
(32.5410301137 40.8659102384 -2.83911751078e-17)
(25.3534651252 45.8744123463 -2.40784086263e-17)
(8.95202233794 39.496042307 -9.055081537e-17)
(48.5787610075 20.1713711381 -6.13934448342e-18)
(47.6879328811 21.732159701 4.81824638059e-19)
(46.6585007299 23.5382785684 5.22767667132e-18)
(45.4936528666 25.5473721624 -7.00149676375e-18)
(44.2271969464 27.967981297 -1.40998325264e-17)
(42.8083989808 30.8952323493 -2.87115681304e-18)
(40.9219882264 34.0625707811 1.41281372769e-17)
(38.2121933703 39.3170624739 3.42865571608e-17)
(35.6312273539 49.7069661567 2.445935585e-16)
(17.0960283461 74.8983345753 -3.64958983328e-17)
(46.8447616607 -14.7140654556 -1.03490673243e-17)
(47.5150944761 -16.6210465794 1.54211334538e-19)
(48.4540351721 -18.5863345682 9.78670852662e-19)
(50.0304584739 -20.1378863444 0)
(52.2684472748 -21.1670567871 1.42128263302e-17)
(54.9088669515 -21.6904727951 1.66005947045e-17)
(57.6113455377 -21.6687907164 -1.02483672404e-17)
(60.0508071922 -21.2233005089 2.14064954135e-17)
(62.2465590455 -20.4704466977 -2.77423555907e-17)
(63.4732972109 -19.3950893531 1.4206766824e-17)
(64.0157148798 -18.0149331291 -1.34589687892e-17)
(63.3066405083 -16.361511999 -9.20449966822e-18)
(60.8469609765 -14.485348013 1.48454594074e-17)
(57.5786529747 -12.5731686801 -1.34230144525e-17)
(53.6091989231 -10.7577641346 8.17242738945e-19)
(49.1377187137 -9.09835822706 -8.01644858714e-18)
(44.3713652762 -7.60761594691 1.30826414582e-18)
(39.5120489229 -6.2496552437 -1.52591907239e-18)
(34.4675458123 -5.1070254478 2.70744904209e-20)
(29.6338017363 -3.51295719416 -2.33921262913e-18)
(45.9792619596 -16.2327496441 1.70619952364e-17)
(46.7675089674 -18.3859127012 1.60262225479e-19)
(48.046203771 -20.3307752339 -5.74131242611e-18)
(50.0150190653 -21.8400987198 4.35355007195e-18)
(52.645197784 -22.8441458849 1.76677452699e-17)
(55.6624025922 -23.2853982248 -1.46025918115e-17)
(58.5624457159 -23.1112823431 1.29623494107e-17)
(61.0662375047 -22.4668171634 -7.51752087283e-18)
(62.9580842116 -21.3174792577 -1.08000437585e-17)
(63.0009973611 -19.6383365408 1.97901098605e-17)
(61.5882653689 -17.5958842791 -1.64256147329e-17)
(58.6786015332 -15.2654423572 -2.17954287054e-17)
(54.644574453 -12.8375854214 -6.8072491314e-18)
(49.9067693712 -10.5651765205 -1.64364707913e-17)
(44.8072157416 -8.55594381442 2.21950918281e-18)
(39.6313864308 -6.8418992445 -4.99276071158e-18)
(34.6037993719 -5.40129833245 1.69792829402e-18)
(29.9100242974 -4.14761167248 1.27778312131e-18)
(25.3193117766 -3.24321619222 2.72363931368e-18)
(21.6231847308 -1.42166677509 -5.87876965534e-18)
(45.0915476442 -17.8239714025 4.02505534681e-19)
(46.097032983 -19.9617828325 -1.71777762782e-18)
(47.6700075062 -21.8173725884 -7.66919884966e-18)
(50.1013858568 -23.4535097028 1.85569156678e-17)
(53.3930334985 -24.6612370215 -3.2522604415e-17)
(56.7594299208 -25.0341525449 -2.9782299697e-17)
(59.6160438254 -24.5710629297 3.67004969389e-17)
(61.7922550418 -23.3646549626 -2.54450935627e-17)
(61.3891936221 -21.3418014855 2.78919050213e-17)
(59.3149957143 -18.6976238481 -8.46977371323e-18)
(55.499958428 -15.8250481408 -8.88726374988e-19)
(50.4072665939 -12.9493599713 -3.82680912036e-18)
(44.6661083452 -10.2391077075 -2.74330488152e-17)
(38.8946006204 -7.90263192779 1.10765909915e-19)
(33.4097239724 -6.00438243194 -1.17653784689e-20)
(28.4116689988 -4.49733783246 6.77146350239e-18)
(23.9952391385 -3.30107748008 1.1141360358e-20)
(20.191841912 -2.27733871352 2.21509356716e-18)
(16.6405048887 -1.61775767745 -8.56221046147e-19)
(14.173322874 0.0635962841577 3.7855947253e-18)
(44.1603228135 -19.6251531638 4.50309817134e-20)
(45.3859666688 -21.8913349756 -5.86552450861e-18)
(47.4126944156 -23.9209401672 1.51170618605e-17)
(50.7112679314 -25.8635195701 7.9654798432e-18)
(54.5833854328 -27.0765156286 -3.86273011361e-17)
(57.7193106916 -26.9397490189 1.89841229586e-17)
(60.1170160134 -25.5872714724 -8.05509177413e-18)
(59.2890337025 -23.0694456894 1.44302828362e-17)
(56.2649917916 -19.6974759346 3.35796104982e-18)
(51.2907801154 -16.066405371 2.67098266964e-18)
(45.0579998053 -12.593781461 -6.95076586279e-18)
(38.4115110857 -9.49347666991 7.85696471105e-18)
(32.0442302366 -6.90885114029 3.62279704462e-18)
(26.4579574334 -4.93372525731 -5.8637301364e-19)
(21.6819043826 -3.45919552218 -9.75931568444e-20)
(17.7036158037 -2.35203619745 3.41014531235e-18)
(14.4524025744 -1.53278937995 -2.05907221464e-18)
(11.8255088508 -0.840616914213 2.42126974623e-18)
(9.42626852968 -0.447101793945 -2.21432193934e-18)
(8.04977223829 0.972217686041 -8.67973671362e-18)
(42.9818643855 -21.4884034002 -7.67607879522e-18)
(44.6726966491 -23.9601522358 5.02135951044e-18)
(47.7540507193 -26.6993512004 1.42561424028e-17)
(51.9350393874 -29.1522137887 -3.49729721734e-17)
(55.2958517255 -29.5727561142 -2.85761710309e-18)
(57.6885385574 -27.9538292101 1.47131571313e-17)
(56.306002821 -24.7192606742 2.72548771148e-18)
(52.0655585541 -20.3618526802 2.24465718514e-17)
(45.7097979458 -15.7901129562 -2.26822414491e-17)
(38.3371678551 -11.615776195 1.01479590841e-17)
(30.9814608624 -8.16563927901 -1.05175310093e-17)
(24.4099559095 -5.50990090337 3.71074444098e-18)
(19.0269692362 -3.63341486082 7.00234419452e-18)
(14.8433576275 -2.36602951355 2.04270956807e-20)
(11.5483501551 -1.4443944905 1.01131959424e-18)
(8.96892078997 -0.759045900316 6.61397261093e-19)
(7.00306557584 -0.302675618049 -5.11286929861e-19)
(5.51106304545 0.0690872666821 1.51856296095e-19)
(4.11425841113 0.262482135506 2.15153158653e-18)
(3.56583986653 1.38856722135 6.86389582255e-18)
(41.9016670709 -23.9311147619 1.93540860766e-17)
(44.4225098717 -27.3119942339 -7.438059843e-18)
(48.4833414368 -30.9601210365 -2.20453152638e-17)
(52.1695467791 -32.2875971881 -2.3170486008e-17)
(53.7691002395 -30.3851070368 -2.90806641203e-18)
(51.9899831051 -26.1454702631 1.62668757816e-17)
(46.3492668703 -20.4688318647 2.79536477908e-18)
(38.5109746335 -14.7147040325 -7.18675713928e-18)
(30.1252021449 -9.82164676563 -9.37247246852e-18)
(22.4858072335 -6.18218471716 -3.35605472507e-18)
(16.2515712622 -3.73097227645 2.68632995584e-18)
(11.5792385305 -2.18562761041 -7.83596238173e-18)
(8.31919354601 -1.26855568171 7.85777344157e-19)
(5.94787310164 -0.660196013326 -8.49892089774e-19)
(4.14748082924 -0.171267178074 1.07436925077e-19)
(2.81279965864 0.189968771057 3.43068531312e-19)
(1.91035068496 0.382704409705 2.09724008712e-18)
(1.28820588908 0.511028964802 -1.65212692967e-18)
(0.600952707881 0.567264859136 4.83576532081e-19)
(0.655430227016 1.45499342624 8.44727992995e-18)
(40.799383221 -27.824329753 2.65008641918e-17)
(44.0260146949 -32.7666252786 -2.25374218048e-17)
(48.147496934 -34.887702131 2.69370278061e-17)
(48.8197876881 -32.6838253466 -5.84220228555e-17)
(45.8129563053 -27.0913329256 7.07750210121e-18)
(38.7571785195 -19.6532468294 3.41895846359e-17)
(29.5948537772 -12.5030327522 -2.66664477214e-17)
(20.6223018852 -7.03336394488 -1.06209949378e-17)
(13.343405784 -3.57123102314 1.8101476244e-18)
(8.20065776286 -1.73810754936 -2.35323891529e-18)
(4.84170472882 -0.840983816658 6.99632048718e-18)
(2.69117701382 -0.366504049674 -4.38186507449e-18)
(1.28987640973 -0.0570788620174 -2.0199427129e-18)
(0.25774076017 0.216126121201 0)
(-0.463981613201 0.465796372872 -5.40837334063e-19)
(-0.905253966871 0.631112052997 -4.60058514065e-19)
(-1.09004856427 0.658038591083 3.46508235858e-19)
(-1.13124667118 0.610443316251 -6.09725440377e-19)
(-1.32534206164 0.58255255827 1.12460167934e-19)
(-1.0415359725 1.22534567995 -1.88801230204e-18)
(39.4951425623 -33.1701921564 -3.44629160387e-17)
(42.4680610601 -35.9694968556 6.50372289027e-18)
(42.1666650154 -33.9047804541 -6.77231883479e-17)
(37.3336483363 -26.79591721 -4.17563447443e-18)
(28.995357657 -17.0510646179 5.37553226516e-17)
(19.1252791193 -8.53482447656 -3.32554606846e-18)
(10.3961433561 -3.21729068868 9.75884882811e-18)
(4.5289953782 -0.897124832536 -2.20472655853e-18)
(1.25828660332 -0.173064625566 -5.81518826791e-18)
(-0.481463005551 0.10921827745 -5.58797150608e-19)
(-1.49579063158 0.260738782512 3.41673921467e-18)
(-2.05650873456 0.345519228413 1.67096298373e-18)
(-2.40908421509 0.416145897387 -1.33890400452e-18)
(-2.61102546661 0.490025397791 -5.07500847714e-19)
(-2.68064403525 0.538198890281 0)
(-2.57575219188 0.562337128472 9.09882062501e-19)
(-2.33381712832 0.555443784192 4.36772350535e-19)
(-2.06169216142 0.498527401109 -9.38610484465e-21)
(-1.96177377957 0.459590401727 1.69850912948e-19)
(-1.77009554905 0.886698309294 1.59963299724e-18)
(39.2573840038 -40.4396193234 -4.14561446865e-17)
(32.1154923596 -35.1843591277 5.33085666396e-17)
(23.6362052361 -25.4673172305 3.43099428049e-17)
(15.3973326185 -12.6711634421 4.18183315107e-17)
(7.12028804562 -3.11429954679 6.39886168217e-18)
(1.14665194223 0.488245971594 -7.37956057319e-18)
(-2.06957141174 0.842446810279 -4.1198593778e-18)
(-3.11846224847 0.608679273438 6.45016833291e-18)
(-3.52498466808 0.464675159551 3.12398682422e-19)
(-3.67048098822 0.347595124712 -1.67530847993e-18)
(-3.66886444108 0.277687845772 3.77186226417e-18)
(-3.52723640426 0.279994132691 -1.4462937619e-18)
(-3.34629671044 0.301646652451 -9.51555243997e-19)
(-3.12403719176 0.32732548664 1.76646247205e-18)
(-2.85814616465 0.359197034388 -2.3809251005e-18)
(-2.56381192521 0.382482173827 1.02869837402e-19)
(-2.25072930342 0.370296610511 1.08858619579e-18)
(-1.95655462979 0.320720151409 -6.48131840167e-19)
(-1.75401333382 0.28005445194 -2.46340748747e-20)
(-1.63760794104 0.56008600082 3.38142854715e-19)
(18.5466945143 -40.6022123989 3.67059472866e-15)
(6.16225645737 -29.2653830652 -1.40308417032e-15)
(1.41063134536 -11.6025139445 1.37769688792e-17)
(-2.29609777183 -0.192207774578 -4.6684186002e-19)
(-3.76834366856 0.655944651815 -7.93924872427e-18)
(-3.91086105227 0.464348804122 1.73392142846e-17)
(-3.71817796112 0.44886792278 2.38858950463e-19)
(-3.35338126366 0.401118599164 -1.29358538542e-17)
(-2.98355645344 0.382895966108 1.76596229676e-18)
(-2.6634982792 0.286115319469 -4.32077397714e-18)
(-2.42379089668 0.165345301289 4.6972806401e-19)
(-2.23218301024 0.109003173431 4.94362510048e-18)
(-2.03156622813 0.0805910060977 -6.11055044818e-19)
(-1.83030177096 0.0596657368748 3.31992188527e-19)
(-1.6198317357 0.0483560375323 0)
(-1.39993818725 0.0496158675219 -6.41995141581e-19)
(-1.17820525874 0.0553694979225 0)
(-0.977061046403 0.0562402399796 -1.17530784783e-18)
(-0.819810816916 0.0535637330078 -5.16421172997e-20)
(-0.691898111504 0.147378188835 -2.87428746754e-19)
(-0.542117492168 0.464334902891 3.52066245607e-17)
(-1.51314122539 0.747915423483 -3.40450801625e-19)
(-1.80752760108 0.835164514042 2.14818804224e-19)
(-1.36803242633 1.00488663871 -4.2494465682e-19)
(-0.101189075059 1.07921579529 1.83849666556e-18)
(2.07033347615 1.02451472185 1.29316682323e-18)
(5.47642370045 0.734493225681 -1.72414219707e-19)
(10.2104791821 0.126975211867 1.49331223518e-18)
(15.9911452914 -0.720787613987 -5.05694852168e-19)
(23.2532364206 -2.3327691569 -6.72501757055e-19)
(-0.253595203143 0.668856229263 -6.69796811727e-19)
(-1.1946717929 0.906719805468 4.79040403426e-19)
(-1.82062051387 0.925249919536 -7.51828578705e-19)
(-1.84924829081 1.02188499598 7.15049353607e-19)
(-1.28936408301 1.05603912519 -3.99244360795e-19)
(-0.0583862251681 0.992401358057 -7.65015414418e-19)
(1.92818308254 0.768685453746 -8.74882209432e-19)
(5.0324143005 0.285460791416 8.01286843937e-19)
(8.66916137289 -0.0719463203858 -1.17491698159e-18)
(15.4062911499 -1.05702941862 8.00531796925e-17)
(-0.117972854942 0.868135921916 8.83953940287e-19)
(-0.908437802165 1.10487386058 5.91824543848e-19)
(-1.72600153798 1.103833534 -4.05306344191e-19)
(-2.03056484207 1.1344556488 1.04394995083e-18)
(-1.90674903987 1.23411031708 -1.07499952388e-19)
(-1.2981240202 1.26694655645 5.13738542244e-19)
(-0.236661755929 1.22396186718 -2.26132244262e-18)
(1.80196709527 0.91029367794 4.29406085066e-18)
(3.67002802798 0.932146312032 8.51904481666e-18)
(9.11027368897 0.395289914851 -5.13550992047e-18)
(-0.0220606130207 1.01277661863 1.66173837036e-18)
(-0.655491140043 1.32462444138 -6.59454824535e-19)
(-1.51140150908 1.30276023433 4.72178079416e-19)
(-2.04861785472 1.30801041619 1.59168043888e-18)
(-2.21653329929 1.41215775095 1.25521175883e-18)
(-2.04865150334 1.52682828923 1.12712314207e-18)
(-1.60312486348 1.60821871116 -4.03520682575e-18)
(-0.287339614479 1.49574368178 -7.2964175113e-19)
(0.389556577451 1.69880633735 1.4115126131e-17)
(4.30181872869 1.48514224847 1.79629227963e-18)
(0.0477083490268 1.10051610391 -8.68182690244e-19)
(-0.436503188707 1.54679122206 1.37451383924e-18)
(-1.24635937484 1.5354228885 -1.63348634488e-18)
(-1.93409908555 1.52032661325 -4.73100504711e-19)
(-2.34565458763 1.61442124077 1.66263408984e-18)
(-2.46494484035 1.7614169595 3.28110250497e-20)
(-2.45011366567 1.90850027343 -1.44296453268e-19)
(-1.79535619921 1.97259479228 -5.31941281409e-19)
(-1.66502801757 2.14860876566 -1.32225723994e-19)
(0.83939685373 2.17054440624 3.60412435352e-18)
(0.0900471520269 1.15122427963 -2.04291703291e-19)
(-0.256263588002 1.74402487233 1.87695887183e-18)
(-0.956844939753 1.77253304817 1.15293184187e-18)
(-1.69845631126 1.74702195725 -1.07496966112e-18)
(-2.28288165214 1.84067510086 5.48089089068e-19)
(-2.63025540435 2.01044076995 -4.82332501948e-19)
(-2.86983335975 2.16914346671 2.55396787903e-18)
(-2.73835720984 2.37559594195 -2.45907123752e-18)
(-2.84903260792 2.52768037999 -4.57011354533e-18)
(-1.52187546619 2.66690683012 5.11180317798e-18)
(0.110329848347 1.1712191529 -7.63667869243e-19)
(-0.0988878417609 1.89834804582 -8.84524806683e-19)
(-0.659580676796 1.98721744651 7.27628748768e-19)
(-1.37148033988 1.97003021647 -2.559843891e-21)
(-2.03558716305 2.05582709093 -1.05891837188e-18)
(-2.54243995384 2.23487275677 5.59782436189e-19)
(-2.97388621285 2.42633447236 -9.80534298295e-19)
(-3.13796139055 2.69864925355 -7.6685947193e-18)
(-3.41269026368 2.82953472946 -2.36789445915e-18)
(-2.93273857597 3.05732610198 -4.88685378219e-18)
(0.119249938995 1.16352979242 -1.89873746026e-18)
(0.0515675178633 1.99968194374 7.78093632274e-19)
(-0.366734979706 2.16045556271 -2.54411668642e-18)
(-0.984749210536 2.16521157805 1.61310734926e-18)
(-1.64460361464 2.24858813365 1.03512920719e-18)
(-2.2282331443 2.42739478864 -5.84501017087e-19)
(-2.76099690169 2.63046155842 -2.58443269085e-18)
(-3.12443787477 2.89788104283 -1.44275119989e-19)
(-3.51286259153 3.06475137522 -1.80642322766e-18)
(-3.51847560831 3.33522106394 -6.15740427228e-18)
(0.11280031767 1.10116807866 -1.62847076459e-19)
(0.178861925427 2.02625304738 6.62958662723e-19)
(-0.0848799027597 2.2754129585 1.19299231749e-18)
(-0.569342921395 2.3091635676 1.65491893261e-18)
(-1.15513281256 2.39404322206 -7.88153974444e-20)
(-1.7311772633 2.57051408723 -2.20750028014e-18)
(-2.28052260079 2.78465842791 1.13029843439e-18)
(-2.74097023684 3.03021259598 4.41359688937e-18)
(-3.20679281485 3.20683435891 -1.69992773755e-20)
(-3.47746908674 3.41637073138 -1.85202997351e-18)
(0.0963661460744 1.03455979178 3.62545587976e-19)
(0.277707283842 1.99752734494 4.05843797584e-19)
(0.178931320292 2.31710188575 1.53129958457e-18)
(-0.150171142175 2.3876490353 -4.48455106512e-19)
(-0.611274413948 2.47521101268 -1.7832838025e-18)
(-1.11016858442 2.6439039541 4.8117551736e-19)
(-1.61104036198 2.85987774446 3.93981353003e-18)
(-2.07334706846 3.08598983312 -2.35142709386e-18)
(-2.53260016125 3.25249032101 1.82414682474e-18)
(-2.95972140071 3.38569453846 9.0583741875e-19)
(0.0821077152385 0.953465062176 2.92370617327e-19)
(0.358006041145 1.90921442197 -3.50949300918e-20)
(0.410514974723 2.27963166586 1.08189436279e-18)
(0.25446407491 2.39071206103 3.00186026266e-19)
(-0.0511100289614 2.48620182528 -9.21739899193e-20)
(-0.424316562842 2.64192644352 2.08352552735e-18)
(-0.828037415833 2.84423001742 -6.78676412391e-19)
(-1.22385157635 3.05124809186 -2.31549350308e-19)
(-1.61585415737 3.19627673804 7.49186531079e-19)
(-2.07122860406 3.2725421514 5.74282835962e-19)
(0.0733570244722 0.842537622375 4.48254261474e-19)
(0.420314910627 1.76316992151 -1.07442501145e-18)
(0.605289574837 2.17156908396 -5.44635418919e-19)
(0.615196652378 2.31822025385 -8.40238768587e-19)
(0.492860497279 2.42400252238 -1.31233298732e-19)
(0.276223489866 2.56780228847 -3.45143217397e-20)
(0.0114894186078 2.74616178084 -1.6460695067e-18)
(-0.26999475461 2.92580165644 3.69421802278e-18)
(-0.543421805457 3.04355110995 1.27951980546e-18)
(-0.933375909659 3.08535397528 -3.03732906374e-18)
(0.0694764496097 0.721467941099 5.71578003516e-19)
(0.464065285691 1.57819683481 -5.52951122889e-19)
(0.772456899004 1.99672681374 -2.24930800996e-19)
(0.933106219152 2.1775288513 -1.55274295441e-18)
(0.985848753656 2.2879636082 8.98943944114e-19)
(0.946820719679 2.42009624776 -1.33934422064e-19)
(0.848581393277 2.57445453259 6.81112755312e-19)
(0.713704351134 2.72333484977 6.23113100447e-19)
(0.592365163468 2.8117343028 -4.93058329432e-18)
(0.325794321084 2.82066666979 3.49993421518e-18)
(0.0656826172089 0.594507275925 2.40966106936e-19)
(0.492067989789 1.35707037646 2.99332998485e-21)
(0.902695004785 1.76619844002 5.4305731141e-19)
(1.21808111578 1.95988537382 2.48317241092e-19)
(1.42274045667 2.08046872222 -3.91335132651e-19)
(1.55248239357 2.20069039835 -1.10998271126e-18)
(1.62778399818 2.33134912784 8.88850969097e-19)
(1.66100974134 2.44881581821 -3.56798411796e-18)
(1.69053125133 2.51466883742 7.61119301711e-19)
(1.60993396195 2.49945700941 1.95177041986e-18)
(0.0589372637814 0.452456275088 1.36641347023e-19)
(0.499170294853 1.1084786389 -2.86204411303e-19)
(0.988035972909 1.48776827276 -1.49708793073e-19)
(1.43605769854 1.68040498746 -5.3206576129e-19)
(1.79546470586 1.79860683002 -9.50303540113e-19)
(2.08662278104 1.90730820661 1.22716270098e-18)
(2.32162283482 2.0196835804 -1.54282159134e-18)
(2.51879214993 2.11115685791 8.56139249176e-20)
(2.68623151353 2.16129455035 2.73656107776e-18)
(2.79190134309 2.13938579592 -2.4916103916e-18)
(0.0532748390636 0.322929212155 -2.14326710145e-18)
(0.480899652633 0.845350830159 -1.0679984651e-19)
(1.01113734018 1.17425622072 -1.33668549346e-19)
(1.56762093444 1.34977426969 -1.81382646464e-19)
(2.05801879298 1.46095205909 6.30953695609e-19)
(2.49291532012 1.55723307347 -1.08055448944e-19)
(2.88298787007 1.64907414647 -1.00930863072e-18)
(3.23410509041 1.72201830145 1.88582438713e-18)
(3.54375821278 1.76115212219 -1.6137877761e-19)
(3.78256467486 1.75109068266 0)
(0.0493650339766 0.201250462225 -3.00912067181e-20)
(0.435562456871 0.58109043739 -2.08608845782e-20)
(0.97356147855 0.838272563036 2.53222627132e-19)
(1.58868718587 0.984981420153 -6.17574024205e-20)
(2.16766736976 1.08206341205 3.12253860743e-19)
(2.71103847905 1.16468425202 -1.06045014986e-18)
(3.22344901268 1.24052696872 -1.9337117364e-18)
(3.70237640534 1.30228503979 1.71902624179e-18)
(4.14153249883 1.3371361593 1.65625862278e-18)
(4.51927425548 1.33274273526 -2.76993622291e-18)
(0.0356476142288 0.105002036595 1.45755481647e-18)
(0.355569832597 0.336826745723 -1.5281174954e-19)
(0.856281161975 0.505013297448 -1.31555433696e-19)
(1.45708764312 0.607200879937 1.77158118385e-19)
(2.05527267404 0.680092716609 3.74864713379e-19)
(2.64310264887 0.746960353676 -5.95234291788e-19)
(3.21930223878 0.811649191344 -2.19411241362e-19)
(3.77604793038 0.865522575633 3.08306906755e-21)
(4.3032119713 0.89966324328 -4.84489151023e-19)
(4.78998466371 0.901760795414 7.33293176622e-19)
(0.0172667629284 0.0344141462179 1.68215418632e-19)
(0.234478175132 0.143219678605 1.83880796508e-19)
(0.620331093531 0.224273177745 1.62737479449e-19)
(1.10925531658 0.275680378057 -9.26162230237e-19)
(1.619987188 0.317112443091 -1.03997573377e-18)
(2.14287345099 0.359634307969 2.32350749556e-18)
(2.66989519789 0.404497733794 -1.79334414261e-18)
(3.19480773441 0.450377057064 -2.06038390978e-18)
(3.711544426 0.493141412625 2.43535049257e-18)
(4.21378381569 0.507180326478 4.02450166803e-20)
(0.00131325377966 0.000688910561884 8.39111857394e-20)
(0.085503047121 0.0253236006362 -8.68109845479e-18)
(0.240494770707 0.0297026580276 4.20953333661e-18)
(0.479623550525 0.0359506935399 2.52377290037e-19)
(0.730087977319 0.0466324633246 -4.54419371668e-19)
(0.996719487781 0.0582228311432 -5.14334899702e-20)
(1.27756429279 0.0704023862293 2.84326166577e-21)
(1.5711932025 0.0856021622097 -1.17657098478e-18)
(1.87267545214 0.100724752783 1.08884003313e-24)
(2.17950062401 0.110212626387 3.42586883088e-18)
(25.2881404206 -3.12408622791 2.53832436418e-16)
(22.3180447831 -2.84340661411 -5.40029457984e-18)
(20.2113344829 -2.40149469514 -7.5498109864e-19)
(18.6065737894 -2.03106296359 5.10759079886e-18)
(17.0780481736 -1.78639096776 -5.08337629115e-18)
(15.632613413 -1.64739974289 -1.35247009381e-18)
(14.3899036129 -1.64442529639 3.1016429339e-18)
(13.3871763411 -1.85893274884 -3.3727761093e-18)
(12.6839865111 -2.35547047703 2.57145697032e-18)
(12.3708945981 -3.21577067668 4.01310111274e-18)
(12.5163294959 -4.44931990889 3.77592641592e-19)
(13.1903134576 -6.02567682317 2.85034763031e-18)
(14.4029252682 -7.87236859252 -1.85013880003e-18)
(16.0996198184 -9.8622693153 -9.75534212752e-18)
(18.1903053823 -11.8278172539 -2.12763867152e-18)
(20.5625339609 -13.594749551 -6.15940548334e-20)
(23.0969415742 -15.0064470484 -1.33122047911e-19)
(25.6776914191 -15.9476745054 -9.32063231585e-18)
(28.2025079702 -16.3503575616 -1.05407477486e-17)
(30.5891750597 -16.1907958496 1.12551958218e-18)
(32.7788568309 -15.4863683026 1.12971734936e-17)
(34.7343518589 -14.2885953364 -1.18228836986e-18)
(36.4364617528 -12.6690177781 -8.08002932526e-18)
(37.8826101885 -10.707220518 -2.09358332759e-17)
(39.0839436017 -8.48365437568 9.49539855181e-18)
(40.0597846813 -6.0736403205 1.95775411675e-17)
(40.8337190268 -3.54293319422 7.47819313182e-18)
(41.4312369204 -0.953624065738 -2.50103709247e-18)
(41.8912237887 1.64310332771 -9.24947345393e-19)
(42.2957087152 4.26199900792 -2.1727463407e-17)
(42.6923157585 6.89390135734 -1.58538873138e-17)
(43.1119595613 9.54535235707 3.71525935289e-20)
(43.5608221517 12.2311279137 1.09960850052e-17)
(44.0137231958 14.9519978003 7.25787377086e-18)
(44.4178823128 17.683746245 -8.94626231615e-18)
(44.7070055394 20.3763264137 0)
(44.8216269326 22.9449006158 2.70342454637e-20)
(44.72569216 25.2464074096 5.77044973071e-18)
(44.4117959598 27.1461467091 5.89448035862e-18)
(43.9135416449 28.7815196638 -1.03489022953e-17)
(43.2796176596 30.1268781458 0)
(42.5416129791 31.0913290859 1.3355207028e-17)
(41.7211949535 31.6255164766 -1.17730766999e-17)
(40.8488851949 31.7698635095 -1.45541524031e-17)
(39.955879586 31.5792185331 3.32462218554e-17)
(39.0684494876 31.1092928712 3.55712068768e-17)
(38.202974259 30.4062133491 -1.47399103029e-17)
(37.3697767095 29.5130583371 -2.3713843878e-17)
(36.5755931488 28.4703746754 -7.28450968317e-19)
(35.8242787952 27.3150374521 -5.60937379275e-18)
(35.1184212603 26.0809831013 2.01689548913e-18)
(34.4559533757 24.7983826663 -6.92436067035e-18)
(33.8329436738 23.4933459734 -8.20414245728e-18)
(33.2481396284 22.1854191134 5.28297862332e-18)
(32.7025009589 20.8860900943 6.520267393e-18)
(32.1954049453 19.5998671209 -5.49130707141e-18)
(31.7260821103 18.3282311209 -6.36526913088e-19)
(31.2923753 17.07595652 3.80351759317e-18)
(30.8843397206 15.8573674437 0)
(30.482787927 14.6957943977 0)
(30.0658854964 13.617134054 -2.78674883166e-18)
(29.6218347978 12.6397668754 -2.41551112928e-18)
(29.1572779473 11.7697857517 1.20351945644e-18)
(28.6898595973 11.0114778564 1.37470599891e-19)
(28.225243302 10.3900071384 3.03367370974e-19)
(27.7327485376 9.96956394877 6.53273566315e-19)
(27.1375193458 9.84701217596 2.61340549394e-19)
(26.3287229312 10.1074220069 -3.73813318531e-18)
(25.1745770521 10.7331147345 -1.0217569683e-18)
(23.5250805387 11.5669395902 -8.39937300898e-18)
(16.7011192243 -1.98058166573 5.22229944977e-19)
(14.0377272555 -1.56892610251 8.88000009466e-19)
(12.1909104795 -1.04229679069 -7.99782515272e-19)
(10.7736732142 -0.773917117637 1.66588268097e-19)
(9.41163222928 -0.723714225634 3.62078207318e-18)
(8.17668530558 -0.806797229622 -3.63732600802e-18)
(7.20700042586 -1.07015972746 8.00948904735e-19)
(6.5773033452 -1.6206548355 -2.0108340707e-19)
(6.35711703516 -2.55478327982 3.36238467237e-18)
(6.60996523622 -3.90156444468 -3.00629296195e-18)
(7.36679558876 -5.64093102238 7.81770856349e-18)
(8.61741124741 -7.70145205364 -8.04721030594e-20)
(10.30929334 -9.9653799338 -1.17103003576e-17)
(12.3601195637 -12.2752399711 -1.28825538678e-17)
(14.6748369048 -14.4520520929 -2.13770197967e-19)
(17.1520691353 -16.3212777153 2.11235667687e-17)
(19.6883190768 -17.7334832921 -4.27906131594e-17)
(22.185491276 -18.5886453669 -2.51031993319e-17)
(24.5630615288 -18.8371543364 4.50790548648e-17)
(26.7599273117 -18.4736550549 3.68460264056e-17)
(28.7353141049 -17.5356457618 -2.30628145445e-19)
(30.4695449171 -16.0925729353 -4.12662452305e-17)
(31.9602157563 -14.2301383636 -4.09579481507e-18)
(33.2173609159 -12.0382623514 3.30083865065e-17)
(34.2597045478 -9.60369655875 2.83667336755e-17)
(35.1106669625 -7.00452438211 -1.36807665687e-17)
(35.7955115734 -4.30762587579 -2.62505621472e-19)
(36.3374641179 -1.57327432255 7.23715649601e-18)
(36.7545098378 1.1373400602 1.10173198685e-17)
(37.0665527851 3.7814620629 -2.3858202421e-17)
(37.3196461125 6.36116178907 -1.21313906483e-17)
(37.5775713208 8.91272397474 -1.40870707684e-17)
(37.8937329942 11.4894966434 4.12225508609e-18)
(38.2860952864 14.1371309118 2.13417341514e-17)
(38.7260231393 16.8685498378 0)
(39.1469441606 19.6487578473 -2.37676331579e-18)
(39.4704472323 22.3819999893 1.25142523768e-17)
(39.627222905 24.9118630396 -1.88682933971e-19)
(39.5607261242 27.0973127084 -1.82770052832e-17)
(39.2762503877 28.9210655022 1.50272727594e-19)
(38.8418041524 30.3824038185 -1.79707592614e-20)
(38.3124958556 31.4465202745 1.5518849918e-19)
(37.710312602 32.0792095259 2.74883693545e-17)
(37.0530191837 32.2918766311 -2.11107338299e-17)
(36.3709510025 32.1397822681 8.8303740236e-18)
(35.6898974347 31.6863446307 1.86416573217e-17)
(35.0241749886 30.9824403734 -1.29883047812e-17)
(34.3843233771 30.076468191 1.68046032472e-17)
(33.7758354934 29.0134931777 -9.63695436545e-18)
(33.1998264311 27.8339854477 -2.70753104394e-18)
(32.655326018 26.5743824297 7.69380998431e-18)
(32.1402686349 25.2662072531 -9.06955695761e-18)
(31.6516992384 23.9364181802 3.91370360035e-18)
(31.188664425 22.6048426656 -5.55411368374e-18)
(30.7540032002 21.2804313281 -2.91340704285e-18)
(30.3513392745 19.9658279115 3.93144196888e-18)
(29.9818520719 18.6654641253 -8.10058173482e-19)
(29.6388672079 17.392736052 0)
(29.3039127193 16.1727796987 -7.06404183368e-19)
(28.9528964906 15.0335099868 0)
(28.5718959801 13.9902017532 -1.7777301602e-18)
(28.1712135274 13.0385672136 -3.75558640176e-18)
(27.7820932818 12.167307029 1.64715181333e-18)
(27.4317034898 11.3877419381 -2.65959375355e-19)
(27.1098240251 10.7621247785 3.37834546307e-18)
(26.7503388165 10.4059244682 6.73788353354e-19)
(26.246134229 10.4544028862 2.39929101891e-18)
(25.4738606846 11.0218335543 -3.58219725116e-18)
(24.3054839846 12.1096989803 -9.39029697676e-19)
(22.5923568514 13.5509949287 -1.29287386666e-18)
(9.8635345737 -0.451543434674 2.70804276686e-20)
(7.68009644407 -0.058006650538 -2.21427354036e-18)
(6.23959375351 0.334972269075 8.98927144423e-18)
(5.11594193059 0.411404392866 -6.11241832698e-18)
(4.04853832562 0.276548686897 3.82922897025e-18)
(3.1546745385 -0.028014677552 6.90569879076e-18)
(2.568009547 -0.598883455565 -1.63483748993e-21)
(2.3638647948 -1.53858103256 4.13376298551e-18)
(2.5878897925 -2.90086466366 -5.05593892981e-18)
(3.25096120493 -4.68751986135 -9.04500542348e-18)
(4.3256560295 -6.84574517412 6.3387627634e-18)
(5.7621964199 -9.27853664841 -1.96424590584e-17)
(7.50200458077 -11.8500952423 0)
(9.48272318835 -14.3977096089 0)
(11.6390940263 -16.7397329947 2.48761938614e-17)
(13.8956591575 -18.695096063 1.01478105124e-17)
(16.169238875 -20.1117643641 -3.68361787927e-17)
(18.3750278788 -20.898850544 -1.85536043058e-17)
(20.448039543 -21.0223004999 3.15567324943e-18)
(22.3425767122 -20.4913295295 2.50127402051e-17)
(24.0290837904 -19.3635237573 -1.32021243142e-17)
(25.4995876636 -17.7243490973 2.4393182375e-17)
(26.7609239844 -15.6711224403 2.47396752175e-17)
(27.827783929 -13.3022723527 1.44357492703e-17)
(28.7205340266 -10.7096461765 -2.47563147008e-17)
(29.4630889062 -7.97329416579 -1.94169691931e-17)
(30.0798597536 -5.16043864462 1.130266651e-17)
(30.5936767298 -2.32808288681 6.18156242832e-18)
(31.0244630503 0.473618294638 3.37186920022e-18)
(31.3778405267 3.20630316994 1.44138101086e-17)
(31.6576232601 5.84633600274 -3.53005125507e-18)
(31.8963875336 8.40060812878 7.1955598932e-18)
(32.1507748468 10.920697635 -2.71558737453e-17)
(32.471061955 13.4867189887 5.70167020159e-18)
(32.8718393514 16.1631052224 2.19773648675e-17)
(33.3206613116 18.9549563688 -1.04960083642e-17)
(33.7500200713 21.780739872 -4.17820367597e-18)
(34.0769282762 24.4799237085 5.79697277233e-18)
(34.2236585256 26.8824577043 6.84657878699e-18)
(34.16897108 28.8992228956 -7.73560557947e-18)
(33.9619452912 30.5006795701 1.23308219748e-18)
(33.6586719136 31.6649635032 -1.99122437418e-17)
(33.2869402435 32.3728896035 -6.88948490442e-18)
(32.8669307952 32.654599855 1.91680870869e-17)
(32.4327155274 32.5237976186 2.65134106318e-18)
(31.9956249168 32.0831267722 1.56281508814e-17)
(31.5618800737 31.3755927691 8.59540827686e-18)
(31.1453916993 30.4614744171 -1.13404929085e-17)
(30.7517467547 29.3892497387 -6.81068395277e-18)
(30.3797093023 28.1991807057 -1.25878136297e-19)
(30.024476341 26.9276502216 -5.05429967751e-18)
(29.6816995387 25.6076758628 9.33082316564e-18)
(29.3493372494 24.2650120897 -2.34394564735e-18)
(29.0280693545 22.9174173817 -1.06102354511e-17)
(28.7231463472 21.5734756148 4.29350742378e-18)
(28.4404772631 20.2366240619 2.34340879136e-18)
(28.1773819232 18.9177593893 3.94318951971e-19)
(27.9174978329 17.6413885629 2.26310069347e-18)
(27.6354557581 16.4387093088 -9.24111266131e-22)
(27.3148136021 15.3288894378 2.48251909126e-21)
(26.9678935265 14.3044416867 4.94664139423e-19)
(26.637118592 13.3399322314 -3.45226253823e-18)
(26.3699199084 12.4259213116 1.29093754159e-22)
(26.1810806246 11.6070685261 -5.00477647756e-19)
(26.0221945995 10.9968943519 2.31148480405e-18)
(25.7739369208 10.7521494928 3.78090654706e-18)
(25.30991567 11.0299165205 7.79405805752e-18)
(24.5170258994 11.9456577921 -9.92138544857e-19)
(23.2971633258 13.4945505979 1.48959845549e-18)
(21.5488525859 15.4904319218 -3.72386989742e-18)
(4.60356249457 0.785919382803 6.53820724496e-18)
(2.97767528938 1.08744031286 -2.11552614616e-18)
(1.92734637217 1.33839846224 6.39634080292e-19)
(1.07962128468 1.28021876822 8.76601851486e-19)
(0.327887644508 0.98927271031 -5.64002323521e-18)
(-0.200585241664 0.440271710439 2.18106622889e-19)
(-0.412808585279 -0.459765571303 5.62241676554e-18)
(-0.271819107709 -1.77061201466 -7.08441594785e-18)
(0.22222869782 -3.50599780811 -1.23789382884e-17)
(1.03634565871 -5.63678212437 -9.81583754259e-20)
(2.11934326146 -8.09568668508 -2.67732946149e-18)
(3.43070739569 -10.786442487 1.95262837174e-18)
(4.94025584956 -13.5772813104 -2.85449118281e-18)
(6.61959911057 -16.3045081466 1.68178175971e-17)
(8.43351683066 -18.7758449849 -5.32855351602e-21)
(10.3264322037 -20.7957692947 -2.23688806028e-17)
(12.230058591 -22.2031099394 1.47417553767e-17)
(14.067325038 -22.9167584358 -1.47115281075e-17)
(15.7839221467 -22.9228171551 -1.37434826585e-17)
(17.3507135998 -22.2402591389 4.22409478865e-18)
(18.741790071 -20.9482197648 3.5519566823e-21)
(19.9586631611 -19.1456009962 1.75588751539e-17)
(21.0117064281 -16.9376426159 1.56772333017e-17)
(21.9138950433 -14.4281839596 -9.82179526801e-22)
(22.6822387748 -11.713056125 -4.4094299254e-17)
(23.337901304 -8.87401645055 -2.33034035886e-18)
(23.9038016686 -5.97795863002 2.1796221244e-18)
(24.3994280444 -3.07868969359 -3.61062057006e-18)
(24.848580507 -0.217999740996 -2.36898634902e-18)
(25.2672281612 2.56719542333 7.13563707029e-18)
(25.6413243716 5.24921328358 3.77043898492e-18)
(25.9658011575 7.82667657839 6.0576814676e-18)
(26.2681770436 10.3322850769 3.36802675896e-18)
(26.5927701217 12.843402308 -2.89817629724e-17)
(26.9721425896 15.4525919987 9.81730902137e-18)
(27.4077060449 18.2078420424 1.8080751639e-17)
(27.8637698145 21.0613687313 -2.34711459172e-17)
(28.2760937425 23.8656467784 -1.98016737087e-17)
(28.5750952957 26.4338626335 1.72405605005e-17)
(28.7266924367 28.6242291566 1.8044583766e-17)
(28.7504277947 30.3634830066 -4.2151199157e-17)
(28.6840588116 31.6321810634 1.55131739305e-17)
(28.5557619016 32.4221756675 4.41525093764e-17)
(28.3955424862 32.7268528092 -1.0515255357e-17)
(28.2306690412 32.6271435313 -3.07307634288e-17)
(28.0643918294 32.2257431098 -3.72879970149e-22)
(27.8933377311 31.5276195961 8.99773769046e-18)
(27.7294754671 30.6152487038 8.03138138506e-18)
(27.5749102836 29.5448386502 1.07859466004e-21)
(27.4248293192 28.3580290236 6.18026467658e-18)
(27.2745825381 27.0914380714 -3.45192052952e-19)
(27.1197775861 25.7773054885 -9.60082557146e-18)
(26.9591384811 24.439528694 -1.41061814188e-19)
(26.7976616275 23.0914883291 -2.70083777032e-20)
(26.6403271985 21.7398754458 2.99857103422e-18)
(26.4863080595 20.3960871234 -2.35530681775e-18)
(26.3233021017 19.082272043 -4.41078283495e-18)
(26.1261718288 17.8320844527 2.52551638458e-18)
(25.8741209196 16.6704287688 1.77771878165e-18)
(25.5766563696 15.5908368376 -1.20841267251e-18)
(25.2836376269 14.5554792851 1.51386805545e-18)
(25.0641546125 13.5309976094 -5.61084396489e-20)
(24.9596564116 12.5320547108 1.50313377693e-18)
(24.9473805349 11.6578162879 2.73026860594e-18)
(24.9286229435 11.0899320008 -3.03968469333e-18)
(24.7611082405 11.0461087137 4.1266010092e-18)
(24.3205876448 11.6031051392 -3.22500877171e-18)
(23.5135599324 12.8901125516 -1.73678060086e-18)
(22.2883462107 14.8756224947 6.62190068388e-18)
(20.6219693533 17.3406089162 6.77235085902e-18)
(0.834153107847 1.66420913824 -2.04140928226e-18)
(-0.346120657307 1.95721140766 -1.2735257536e-18)
(-1.06942710789 2.06686248531 8.65502757338e-19)
(-1.65768033595 1.87701003447 2.40793338962e-18)
(-2.09013889327 1.40276622176 -2.01869640266e-18)
(-2.2861300264 0.597482558712 -6.77667194633e-18)
(-2.20984023944 -0.594117742216 -6.34767265653e-20)
(-1.87075455049 -2.19042656042 -1.00043911121e-17)
(-1.30583626723 -4.17739771074 6.03738773856e-18)
(-0.564739388655 -6.51741152998 2.31777776345e-17)
(0.309665142983 -9.15308232668 2.1385291847e-19)
(1.30519362903 -12.0042162229 -7.6900546477e-18)
(2.4252398145 -14.9521383542 -7.20575463347e-18)
(3.6731451797 -17.826287091 1.78481331541e-17)
(5.03808717097 -20.4148518308 -3.23483248807e-18)
(6.48289132536 -22.5016378413 -5.97086197739e-18)
(7.95404395565 -23.9121590327 -1.61030039358e-17)
(9.38349604257 -24.5727777539 -3.82287935725e-18)
(10.7206752022 -24.497468769 2.41588189183e-17)
(11.9609574673 -23.7022864425 -4.25434539243e-21)
(13.0679542898 -22.292294224 -4.58131468683e-17)
(14.054961185 -20.3750071065 -3.3986892571e-17)
(14.9299932457 -18.0584233756 3.18171320968e-17)
(15.7000800398 -15.4490371893 3.69199366104e-17)
(16.375579315 -12.6466798534 -1.27589922509e-17)
(16.9718288303 -9.73619475349 -2.27026278374e-17)
(17.5095339571 -6.78297748273 1.14374288754e-18)
(17.9943385586 -3.84388672543 8.50310611857e-18)
(18.4380920733 -0.972740111115 9.07141282245e-20)
(18.9207911553 1.84914380638 -8.04328764701e-18)
(19.3905102883 4.57595348831 -1.09781300204e-18)
(19.829303431 7.16770962348 -2.0107839693e-18)
(20.229243139 9.67219095421 4.51655837541e-18)
(20.6117377791 12.1603645214 1.22107944428e-17)
(21.0077563946 14.7257302829 -3.57854168641e-18)
(21.4354317902 17.4393425625 -1.85645126085e-17)
(21.8884014245 20.2846764216 -2.07706700611e-18)
(22.3353154313 23.1368196884 -7.36263036728e-22)
(22.7313936789 25.8078598081 3.21943030615e-18)
(23.0474068193 28.124436587 1.16185223512e-18)
(23.2870549766 29.9781320123 2.62896393944e-17)
(23.4650393171 31.331544135 -4.22957948121e-19)
(23.6029500929 32.1748716758 -4.93026672013e-17)
(23.7291435853 32.5324421014 -1.26688484989e-17)
(23.8431622665 32.4701110674 2.18356197901e-17)
(23.9573070388 32.0759623197 1.09739591927e-17)
(24.0729643582 31.3987174732 0)
(24.1849137666 30.5029027552 0)
(24.2894133825 29.4464206245 -6.03550941449e-19)
(24.3807023211 28.277280464 -1.18658979644e-17)
(24.4530855662 27.0342569637 -1.43610790846e-18)
(24.5029443171 25.746025818 9.40384264823e-18)
(24.5308208515 24.431851118 0)
(24.541117096 23.1010894976 0)
(24.5375681173 21.7635386377 8.36795032066e-20)
(24.5090922003 20.4405902668 2.70576526249e-18)
(24.4281283764 19.1689418284 -3.64558127249e-18)
(24.2695991148 17.9803024252 -2.73744002522e-18)
(24.0349962408 16.8735163732 3.12107743166e-18)
(23.7733735626 15.8032548372 -1.56519944214e-18)
(23.5696386775 14.7087820179 8.73523007477e-19)
(23.499500652 13.5711898127 -5.68481317703e-20)
(23.5744975594 12.4688239666 1.17911306471e-18)
(23.7205386383 11.5678539182 -4.13366105362e-18)
(23.8073396832 11.1081494942 -6.15174586654e-18)
(23.709464468 11.2701241991 4.27451355598e-19)
(23.3162428909 12.1374654704 -7.51072293989e-18)
(22.5616118303 13.8019874395 4.58251170087e-18)
(21.4442069943 16.1658488094 -5.86032458904e-18)
(20.0133812282 18.9734492707 2.09431207419e-18)
(-1.65392834383 2.35564909028 -6.63540194977e-18)
(-2.48379881043 2.57714206933 -6.26147821644e-19)
(-2.96049291541 2.54852401855 -4.24475295804e-18)
(-3.28565475531 2.21406540424 5.79610554299e-18)
(-3.43448263012 1.55252557294 -6.73259669818e-18)
(-3.38290125334 0.52948077523 0)
(-3.14653190138 -0.866334139478 -7.22582126151e-19)
(-2.76674780131 -2.62729966212 8.92252050447e-18)
(-2.29718325219 -4.73393156414 1.36864271336e-17)
(-1.78442492898 -7.15891134431 -2.54189995214e-18)
(-1.25026384635 -9.86976514061 -6.05931440717e-18)
(-0.681103287183 -12.8109139942 7.37308998789e-18)
(-0.0448145022369 -15.8749134559 1.09391294359e-17)
(0.69011990554 -18.8795528661 -2.03892520679e-17)
(1.53551126423 -21.5882450374 -1.10397447596e-17)
(2.47573467577 -23.7603820628 1.00079960911e-17)
(3.47354293869 -25.2064451002 2.82451484492e-17)
(4.47697644035 -25.8493484854 1.32641572246e-17)
(5.42567130592 -25.7428667405 0)
(6.34898592897 -24.8814664525 -5.83780185443e-18)
(7.18413051318 -23.406630355 0)
(7.96158460867 -21.4276985224 3.5497430469e-17)
(8.68180901596 -19.0508110387 3.62736539016e-18)
(9.34594831355 -16.383148923 -5.58243430292e-17)
(9.95689246242 -13.5280160788 -1.36475321571e-20)
(10.5218485122 -10.575230743 9.0910751028e-18)
(11.0558568307 -7.58988495761 6.81333859643e-18)
(11.5451839775 -4.62768976868 2.64475066189e-18)
(11.9030344384 -1.89897062172 1.98342452793e-17)
(12.658168983 0.714532448869 1.20165806523e-18)
(13.1183584553 3.63115616616 -4.5792972329e-19)
(13.5740996784 6.35649657389 -1.58490661384e-17)
(14.0636392748 8.91768498644 1.22948373582e-17)
(14.5230144263 11.4216288387 5.87755869273e-19)
(14.9559592113 13.9798381166 -1.74471964342e-17)
(15.3881336624 16.6734258684 -2.01232087335e-17)
(15.8350855166 19.5017113057 -3.9082977102e-21)
(16.2982118847 22.358789518 2.51655984888e-17)
(16.7663347 25.0657323607 5.47603022092e-19)
(17.2215177862 27.4413748815 3.39468909241e-20)
(17.6532938856 29.3619561021 0)
(18.0734622061 30.7640835069 2.07466078885e-17)
(18.495217979 31.6421009129 -2.80607473453e-21)
(18.9219743799 32.0340003801 -1.05691455328e-17)
(19.3423247488 32.0004048203 1.26967539817e-18)
(19.7596616026 31.6307041114 -2.62671886247e-18)
(20.1746172505 30.9840494212 -2.23905139504e-18)
(20.5751224621 30.1202438833 0)
(20.951719599 29.0981067165 1.12804083166e-17)
(21.2970024348 27.9678810726 -5.09988262837e-18)
(21.6044526321 26.7672672355 -8.99244777793e-18)
(21.8716800488 25.521051573 5.04135466996e-18)
(22.1009758249 24.2436048667 1.9413086281e-18)
(22.2947821323 22.9466024422 -6.86284873001e-18)
(22.4434105881 21.6507808388 4.35560129806e-22)
(22.5212034337 20.3901299474 1.09110070626e-18)
(22.4969744041 19.204799008 2.57198708041e-18)
(22.3594912648 18.1041076155 9.40365777616e-19)
(22.1479637096 17.0433029754 -2.19157841933e-19)
(21.9524320003 15.9390717159 4.42821173544e-19)
(21.8750936138 14.7289537435 -1.40047842347e-18)
(21.9724280835 13.4460316103 -8.07995978467e-19)
(22.213383131 12.2472134835 -2.23744586166e-20)
(22.4873919576 11.362493627 -5.22002339589e-18)
(22.6648587528 11.0290496465 2.73736411463e-18)
(22.6415770831 11.4160511338 3.78342495709e-18)
(22.3375229447 12.6007037776 4.11433317224e-18)
(21.7275914065 14.5807860242 -4.31264991476e-18)
(20.850355961 17.2184746184 2.90175968376e-19)
(19.7979783838 20.221900765 4.24948828471e-18)
(-3.10902941878 2.87040688782 -2.05198812386e-18)
(-3.6500254752 2.99286467029 4.14077786556e-18)
(-3.90095763255 2.82499696013 7.88087443566e-21)
(-3.98761430049 2.30739718834 7.64498469611e-21)
(-3.92866177618 1.47426573858 -4.91577657799e-18)
(-3.73944878752 0.329210983403 7.94459914021e-18)
(-3.46686840532 -1.15224479928 0)
(-3.16596428145 -2.95664512019 1.48577209463e-17)
(-2.89695454373 -5.06230939436 -1.57666769929e-17)
(-2.69805993939 -7.4644947683 -7.74659538458e-18)
(-2.57165329936 -10.1646601165 1.2359697055e-17)
(-2.48525569551 -13.1363237744 2.72369568556e-18)
(-2.38464169087 -16.2796845529 -3.15198305772e-18)
(-2.21506902534 -19.4006067493 -3.37544351848e-18)
(-1.93928500893 -22.2380373839 -2.15192278214e-17)
(-1.54747163841 -24.5265194748 -2.36016125797e-17)
(-1.05646266063 -26.0576191418 2.61586037608e-17)
(-0.490420956392 -26.7266324847 2.06166799704e-17)
(0.0669890002114 -26.649103151 -3.14758359576e-17)
(0.670384705146 -25.7741534731 4.80231944982e-19)
(1.2384127614 -24.2917703415 6.47751566976e-17)
(1.8102802344 -22.305567774 -1.4371552889e-21)
(2.38035578986 -19.9186354348 -2.85793604107e-17)
(2.94677435108 -17.2368445994 2.28181828971e-17)
(3.50585384722 -14.3646115792 -3.14483892018e-18)
(4.05438637305 -11.3969047021 1.94837949227e-17)
(4.59304754585 -8.40639933587 -1.84622829052e-18)
(5.10065169885 -5.42088778211 -2.5182444491e-17)
(5.55799958893 -2.35436293078 4.26325740885e-17)
(6.36714319418 0.506512360019 -1.7232454494e-16)
(6.80759836478 2.94081403544 2.59954330229e-18)
(7.28740565743 5.52225229996 3.1598182843e-18)
(7.83077768765 8.08665209657 -1.04443577892e-17)
(8.33747185651 10.6212926987 -1.86213770698e-18)
(8.798540686 13.2044363992 1.77808670282e-17)
(9.23921388328 15.9023440672 0)
(9.68902354068 18.7132910093 6.56863164771e-18)
(10.1753422162 21.5427888943 1.3208838043e-17)
(10.7147048138 24.2264704643 -1.24473397076e-21)
(11.3064227958 26.5913777756 -1.58975758155e-17)
(11.9394096446 28.5168637432 2.07698702839e-17)
(12.613126873 29.9318336805 2.47053778368e-18)
(13.3259739307 30.8235775229 -9.58615235611e-18)
(14.0630920214 31.2337054568 -4.34492883691e-18)
(14.8055088735 31.2276648152 2.19395407933e-17)
(15.54360244 30.8886218861 -1.8063937864e-17)
(16.2684138064 30.2798982779 -1.95338345014e-17)
(16.9651553981 29.4618932781 1.72702906373e-17)
(17.6212360342 28.4929585612 1.51370283811e-17)
(18.2274105108 27.421145717 3.53869662982e-18)
(18.7783145468 26.280165409 -8.18858920021e-18)
(19.2734624694 25.0909441414 -4.87916147096e-18)
(19.7132185807 23.8680574475 6.26350286645e-19)
(20.0886307764 22.6323732016 -4.07141467452e-19)
(20.3739670827 21.4181876385 8.35523156849e-19)
(20.5330036552 20.2701850622 4.61647909153e-18)
(20.5430072172 19.2096743919 7.64375958686e-19)
(20.4263766748 18.2029253452 -1.46071525893e-18)
(20.264911713 17.1566974784 -2.19087446309e-18)
(20.1739646748 15.9669689344 1.56813270536e-18)
(20.2462552866 14.6030637686 3.35637486046e-19)
(20.5009920111 13.1673787343 3.27510917445e-18)
(20.8710275903 11.896984229 0)
(21.2402617611 11.0545942411 2.26859141712e-18)
(21.4989706945 10.8644587318 3.08434155299e-18)
(21.5709929567 11.4683678553 6.19045629624e-18)
(21.4174770876 12.903571441 4.97717731037e-18)
(21.0496129749 15.1083073128 -1.28524206081e-18)
(20.5278300398 17.9021750877 8.26087736277e-18)
(19.9585936505 20.9660604735 -3.22990448071e-19)
(-3.73835705112 3.17111467262 7.35679869589e-19)
(-3.9908225565 3.16273007139 1.1801784475e-18)
(-4.01792807668 2.86219402476 3.84160518433e-18)
(-3.93801894413 2.2682210554 -1.98226962343e-18)
(-3.78253006186 1.35389733028 6.00882392088e-18)
(-3.56002232994 0.135259877537 -4.28568475554e-18)
(-3.33848141138 -1.35712854353 -8.11859862965e-19)
(-3.18735980679 -3.10292270984 -1.78963381516e-18)
(-3.1659921081 -5.10693544654 -6.90257739275e-18)
(-3.30603458483 -7.3960763986 8.67829932205e-18)
(-3.60075736019 -10.0084188809 -7.94516452519e-19)
(-4.00918412711 -12.947221003 -9.85418513028e-18)
(-4.46437946456 -16.1263776412 -1.26667750836e-18)
(-4.89055311686 -19.3459850215 1.55489696597e-17)
(-5.2213816826 -22.3225364645 -1.79538909443e-18)
(-5.41735345569 -24.76494652 -1.25864741016e-17)
(-5.46713919027 -26.4408783177 -9.00910039966e-18)
(-5.36466658185 -27.1623025037 -1.94738774148e-17)
(-5.1937052078 -27.2091418258 4.15328401521e-17)
(-4.93584084533 -26.381228856 4.18300302402e-17)
(-4.63786924396 -24.9507182491 -3.54213801076e-17)
(-4.28787302731 -23.0111900283 -1.54383201172e-17)
(-3.885325591 -20.6662330358 -4.09287092284e-17)
(-3.43373376841 -18.0178285987 1.21833368756e-17)
(-2.94028983305 -15.1677254859 4.36588938401e-17)
(-2.41632103249 -12.2123872928 -9.12838987684e-18)
(-1.87290300869 -9.23378495799 -2.27641252858e-20)
(-1.31712950683 -6.29332326769 3.88886228492e-18)
(-0.736707848703 -3.42974180562 9.16216841718e-18)
(-0.133589349936 -0.675607988279 1.04392394259e-17)
(0.421813292551 2.01509864907 8.93089018732e-18)
(0.974929907351 4.66042598012 -8.95186338507e-18)
(1.52344886727 7.23817398633 -1.9035459743e-17)
(2.03563679238 9.80348894315 2.1323954265e-17)
(2.50818516638 12.4185068566 -1.94071425748e-17)
(2.96302081251 15.1235183928 -6.07727262669e-18)
(3.43965424458 17.9044742452 -8.18589311264e-18)
(3.98275165951 20.6719442712 -1.13826497324e-17)
(4.62546952446 23.2802256247 9.3078776011e-18)
(5.37818668288 25.5778461956 4.19603495325e-17)
(6.23424636218 27.4518627371 1.72827315341e-17)
(7.17959116089 28.8325658333 -3.99893330553e-17)
(8.1947777056 29.7088931627 -4.92810598284e-17)
(9.25188931617 30.1245981012 4.04264569428e-17)
(10.3229479636 30.1446578119 5.07305766573e-17)
(11.386429001 29.8421625229 -3.60196055863e-17)
(12.424474496 29.2817786335 -2.01900257074e-17)
(13.419447761 28.5246259776 0)
(14.3569598905 27.6259209978 -1.55005967148e-17)
(15.2280360182 26.628799101 1.24684728745e-17)
(16.0291930479 25.5624579623 9.80481997618e-18)
(16.7584610521 24.4471052033 -4.50209130797e-18)
(17.4065576504 23.3050239791 -4.17611113669e-18)
(17.9475596923 22.1714554176 4.61326487101e-18)
(18.3419808309 21.092882004 1.49358584054e-18)
(18.5569903618 20.1034560833 -5.34351062592e-18)
(18.5978720149 19.1865261334 4.05803371564e-18)
(18.5290710975 18.2550942204 3.47353074845e-18)
(18.4622539087 17.1803799894 -7.64400298538e-19)
(18.5100842219 15.8668263815 -9.85167414941e-19)
(18.7332346657 14.3383665213 1.38202417902e-18)
(19.1115831384 12.7744068193 -1.09527206767e-18)
(19.5640338717 11.4606097443 1.43056072514e-18)
(19.9964624154 10.6687657445 -2.30406681113e-21)
(20.3358355201 10.6037405389 -2.81683735349e-18)
(20.5401298808 11.3708246733 3.80509758533e-18)
(20.6018898147 12.9672369601 -9.79286740461e-20)
(20.5583659023 15.2919969269 -1.11704316118e-18)
(20.467038432 18.1326494807 -4.24555640912e-18)
(20.4351283366 21.1555628393 -1.10953326628e-18)
(-3.68746359818 3.3046337981 -6.26485927245e-19)
(-3.72763286459 3.19967410196 3.8534740373e-18)
(-3.61474001267 2.78537441297 -7.89304409783e-18)
(-3.4275405151 2.10816778985 3.86921097028e-18)
(-3.20112387981 1.16010946929 -2.78244177381e-18)
(-2.9938048367 -0.0319982036434 -1.54606297076e-18)
(-2.87015643671 -1.4358901982 1.53798297739e-18)
(-2.89380365964 -3.03944240696 -5.01791969977e-18)
(-3.11863407745 -4.861943333 7.09956977481e-18)
(-3.5749522725 -6.9605889583 0)
(-4.2598625729 -9.4092040772 1.96544136204e-18)
(-5.13546521574 -12.2440118172 9.23589687621e-18)
(-6.13239997907 -15.4012385713 2.34312099118e-17)
(-7.15979791592 -18.6864321566 8.08527960004e-18)
(-8.12202091358 -21.8024178171 -3.48245668579e-17)
(-8.94148179067 -24.4294871242 2.6180367364e-17)
(-9.56711203033 -26.3085859212 -4.78373711749e-21)
(-9.9758645566 -27.24091979 -4.5009765432e-17)
(-10.2107562712 -27.412656856 -2.683272464e-18)
(-10.3294028121 -26.6865494597 5.96895980636e-17)
(-10.3212592239 -25.3631372754 -9.87291473823e-18)
(-10.2195450819 -23.5213503244 -6.2309266917e-17)
(-10.0194003849 -21.2698802975 2.4034123599e-17)
(-9.72304649571 -18.7060333851 -3.17622401227e-17)
(-9.33726456997 -15.9255901069 4.77994530949e-18)
(-8.87683352207 -13.0215292216 3.54477677045e-17)
(-8.36133557429 -10.0766617381 -6.33131273403e-18)
(-7.80959540259 -7.15564965585 -3.92166670355e-17)
(-7.23348678044 -4.29991968739 2.05666509352e-18)
(-6.64320595574 -1.52713293097 1.63954422821e-18)
(-6.05657833083 1.16618284546 -2.09342035575e-17)
(-5.48701302012 3.80098255766 -3.51425995803e-17)
(-4.94265311374 6.3966680049 -9.95717908998e-18)
(-4.42814195357 8.99345451359 -1.67614769233e-18)
(-3.93669899897 11.6295359281 -1.00648066326e-17)
(-3.43939133136 14.3223074608 2.63890661441e-17)
(-2.88821503107 17.0441704074 1.88432815438e-17)
(-2.23079919258 19.7106804732 2.43253351141e-17)
(-1.42815458369 22.1976152799 3.0133751245e-17)
(-0.467713967066 24.3770299151 -1.89250667371e-17)
(0.643287801745 26.1499314675 -5.45080907305e-17)
(1.87999670147 27.4564983237 -3.90780354822e-17)
(3.2083057924 28.2938921797 1.67780949402e-17)
(4.58911381632 28.7054754656 1.39760355681e-17)
(5.98591770314 28.7496816137 1.41212907914e-17)
(7.36903095808 28.4912770374 -3.6217970624e-17)
(8.71461088989 27.9925614458 -1.91759753112e-17)
(10.0028594043 27.3115291718 -1.57988942065e-20)
(11.2196930731 26.497676724 1.66620190725e-17)
(12.3575033441 25.5885130814 2.97289662331e-17)
(13.4112120224 24.6116693699 -1.19607754464e-17)
(14.3697534394 23.5937581593 -1.23304429131e-17)
(15.2074867273 22.5712293132 -3.56881318569e-21)
(15.8836653892 21.5919834975 1.01568638359e-18)
(16.3588467244 20.6988829584 -6.30716914285e-18)
(16.6239902756 19.8946750121 4.92740488121e-19)
(16.7237969754 19.1121494223 -1.3456730744e-19)
(16.7567059259 18.2199112948 6.49396495975e-19)
(16.8381005399 17.0805100167 1.28190757678e-18)
(17.048919266 15.6343180737 -6.6579599757e-19)
(17.4063287722 13.9651334611 -1.54411630448e-18)
(17.8654009658 12.3118597395 -1.18542722722e-18)
(18.3578765144 10.9759324631 2.55490241385e-19)
(18.8309037508 10.2200176277 -3.95694217346e-18)
(19.255902289 10.2276309622 -3.88896791374e-18)
(19.6238148656 11.0775485712 2.16312769014e-18)
(19.9473064777 12.7387260931 -3.9348308443e-19)
(20.2635142729 15.0811556085 1.10131849388e-18)
(20.636791454 17.872379254 9.58400984643e-18)
(21.1548146946 20.7672664831 -4.90450382153e-18)
(-3.13319981785 3.28717886268 1.41179473758e-19)
(-2.96299556412 3.08071252202 4.27248328595e-19)
(-2.7555512869 2.61717412843 3.52018884198e-18)
(-2.51928972649 1.91441451536 3.03468588263e-18)
(-2.29501839729 0.99309409754 -7.76757237088e-18)
(-2.14540898839 -0.1128636611 1.41461344284e-17)
(-2.13318658434 -1.37208516628 -5.37679748031e-18)
(-2.31812564066 -2.77652414003 2.90968916117e-22)
(-2.75117079459 -4.35980736534 6.68399023318e-19)
(-3.46635054775 -6.20357154722 2.51743775567e-18)
(-4.47266099539 -8.41396143206 1.27471692275e-17)
(-5.7474294801 -11.0630343924 2.27863658358e-19)
(-7.23201062641 -14.1199491754 -1.56098491902e-18)
(-8.83221189182 -17.4125377175 -1.3562509066e-17)
(-10.4286319974 -20.6455226763 9.44633787245e-18)
(-11.8999728928 -23.4717051829 1.18564090486e-17)
(-13.1493629305 -25.5895240561 -2.1341096439e-17)
(-14.1247350672 -26.8272990819 -2.68342383653e-18)
(-14.8363652513 -27.1545938134 1.34831324548e-17)
(-15.3492747642 -26.6525217111 -1.2191349082e-17)
(-15.6708802762 -25.4845777869 5.00292298912e-17)
(-15.8528963809 -23.784210965 -3.4425654578e-17)
(-15.9001440625 -21.6692750115 -5.01400399262e-17)
(-15.8144689009 -19.2356961751 2.5605527641e-17)
(-15.599927726 -16.5722821051 3.81623722661e-18)
(-15.2695910586 -13.7648556185 -3.25521586564e-18)
(-14.8450701414 -10.8920711789 1.90247137581e-17)
(-14.3519633228 -8.01776302297 -7.13698444121e-18)
(-13.8136336342 -5.18555541302 -4.00253024411e-17)
(-13.2488602576 -2.41846075446 8.12583037226e-18)
(-12.6750737509 0.280138639571 -1.86093723274e-17)
(-12.1118289376 2.92690604194 -1.71161675792e-17)
(-11.5644873577 5.54429975592 2.02554644213e-17)
(-11.0258836182 8.15852421752 3.83007497662e-17)
(-10.4776445414 10.7897587596 2.1353913672e-17)
(-9.88257389628 13.4371612672 1.02398682003e-17)
(-9.18984842586 16.0638232906 6.59948811415e-18)
(-8.34887243006 18.5929288559 -1.23767711177e-18)
(-7.32512981768 20.9214272089 -7.71739600045e-18)
(-6.10907774908 22.9447062834 4.73720573092e-20)
(-4.71257908359 24.5836945067 -5.97519635551e-17)
(-3.17001601943 25.7947922579 -3.38528669549e-17)
(-1.52618511093 26.5822661597 1.36375468928e-17)
(0.171685015614 26.9849544911 3.22131816216e-17)
(1.88099731947 27.0550505783 6.56217629394e-18)
(3.56875336017 26.8494260326 -3.82812479e-17)
(5.20849935823 26.4242040023 1.23221197272e-17)
(6.78048835176 25.8308067337 2.82030166194e-17)
(8.27158058882 25.1121841949 4.42676892261e-18)
(9.67197088778 24.3031438951 -1.70771299487e-17)
(10.9674179375 23.4363800315 -1.52643304914e-17)
(12.1311729888 22.551311355 4.75521215913e-18)
(13.1229292344 21.697367916 7.40965020171e-18)
(13.9011985728 20.9222381351 -3.06521163929e-18)
(14.4475884786 20.2440207981 2.39283428274e-18)
(14.7918928887 19.6198642501 4.08094497631e-19)
(15.0155862979 18.9365849975 -3.76224479051e-18)
(15.2263544723 18.0448102022 2.05403975504e-18)
(15.5122801973 16.8282993397 8.61126452402e-19)
(15.9065724222 15.2762142341 4.76935299145e-19)
(16.3854341134 13.5206463918 -7.65752077571e-20)
(16.8970330645 11.8237471556 3.76471757906e-19)
(17.4031616079 10.4764258484 1.54595621604e-18)
(17.8992910622 9.72172137453 -1.61872709326e-18)
(18.4025731057 9.72954309634 -4.63374922723e-19)
(18.9360462035 10.5685876086 1.8407496789e-18)
(19.5253434464 12.195454943 -1.01975538819e-18)
(20.2035097812 14.4627596954 -3.72103362724e-18)
(21.018956196 17.1238570298 -4.84968695066e-18)
(22.0402452428 19.8349529472 5.65725782047e-18)
(-2.13994042673 3.16836600452 3.25723543532e-18)
(-1.86771395834 2.89265324453 9.39560029533e-19)
(-1.6118889105 2.4056628292 1.91878075402e-18)
(-1.36450795169 1.72187533354 -1.38608312504e-17)
(-1.17090889438 0.871961075387 5.94001137544e-18)
(-1.08966489142 -0.106792286919 2.27991588675e-19)
(-1.17748216761 -1.18391830017 -3.60505551196e-18)
(-1.48757127176 -2.35508864445 2.75364826921e-18)
(-2.06800699819 -3.66241557416 -4.39176699197e-18)
(-2.95875340772 -5.20294373049 4.51915282678e-18)
(-4.18581203543 -7.10752137193 -4.23636841142e-18)
(-5.75156575189 -9.48302208303 -9.15951163404e-18)
(-7.62233504594 -12.3405473316 3.19840712912e-18)
(-9.71776573144 -15.5486189968 -9.19159536163e-18)
(-11.9106844416 -18.8377004482 3.16253559693e-18)
(-14.044727656 -21.8567931351 1.0676631124e-17)
(-15.9695214671 -24.2644468641 1.78869438991e-18)
(-17.5843480066 -25.8248751515 2.16507844726e-17)
(-18.8594557157 -26.4626351024 2.01182963843e-17)
(-19.8188364919 -26.2264688524 -4.72900472372e-17)
(-20.5236087245 -25.2701937809 -3.78733591492e-17)
(-21.029111655 -23.7514311009 3.74293899317e-17)
(-21.3652391872 -21.8048713274 -3.50177696995e-17)
(-21.541798158 -19.5337186203 1.07460640482e-17)
(-21.5620670633 -17.0231198512 3.96666119337e-18)
(-21.4344514167 -14.3506588699 2.09295767967e-17)
(-21.17651281 -11.587794706 -3.99912186977e-17)
(-20.812828725 -8.79501938875 4.12193525927e-18)
(-20.3699070013 -6.01664814553 -1.98205809873e-18)
(-19.8711450095 -3.27947072964 -1.87372512173e-17)
(-19.3353786487 -0.593294163148 7.29825938666e-18)
(-18.7792979393 2.04817553485 -1.47435416656e-17)
(-18.2064358066 4.65993019652 2.86984168941e-17)
(-17.6019880624 7.25491930912 -9.06437395276e-18)
(-16.9402516237 9.83850501604 -2.2415792778e-17)
(-16.1819246836 12.3970361321 -2.17558886322e-17)
(-15.2806867656 14.8900159284 -4.6352818485e-18)
(-14.1948655059 17.2502630426 1.06610277022e-17)
(-12.899587084 19.3947140016 -2.05871953615e-19)
(-11.3931562662 21.2429750804 -3.29336092556e-17)
(-9.69635348616 22.7365287889 -6.39794936558e-17)
(-7.85067991686 23.8476648249 6.94757803134e-18)
(-5.90651777599 24.5852182286 3.32091699887e-17)
(-3.91333164223 24.981975474 2.24271747065e-17)
(-1.91426918798 25.0830937676 -3.58183880942e-17)
(0.0565942434597 24.937227771 -3.064759214e-17)
(1.97299146907 24.5927373946 4.69408716906e-18)
(3.81549351938 24.0933414578 2.42165065759e-17)
(5.56762583734 23.4786706469 -6.76061791214e-18)
(7.20997446691 22.7875134385 3.15050025756e-18)
(8.71344802821 22.0632053949 0)
(10.0384960273 21.3564549867 2.03392339292e-18)
(11.1449976132 20.7172583107 -1.04209358704e-18)
(12.0124725745 20.1734282661 0)
(12.6610385881 19.7031978039 6.3711393997e-18)
(13.1583510796 19.2200258111 -7.06994782864e-19)
(13.6013597709 18.5875462154 -4.04831837861e-18)
(14.0778830821 17.6694827097 2.69396776559e-19)
(14.6294481977 16.392918662 -1.54005342017e-19)
(15.239267465 14.7930279998 -1.02091140222e-19)
(15.8538626777 13.0243424139 -1.85671260153e-18)
(16.4249402182 11.3373963881 2.96276924237e-18)
(16.9437599541 9.99021864508 1.20069218814e-19)
(17.4461152724 9.20281921674 -3.17257325478e-18)
(17.9920526928 9.13849765107 2.67925682941e-18)
(18.6412633639 9.87218917894 -1.08161084713e-18)
(19.4377691691 11.3680608049 -3.52604215159e-19)
(20.4125180185 13.476569774 3.26319029167e-18)
(21.5941711853 15.9449223905 1.6859627957e-19)
(23.0221579839 18.4370665618 -2.64956649994e-18)
(-0.925322675315 2.96729239035 3.30989700948e-18)
(-0.584436825204 2.66149717394 -2.10193640718e-18)
(-0.304464512057 2.18243944047 -6.06389506562e-18)
(-0.0656750495452 1.55094229255 -2.99066469648e-18)
(0.0904860424821 0.802551987231 9.7539447103e-18)
(0.112082896063 -0.0255609802455 -5.34662420113e-18)
(-0.0483100604132 -0.904418646139 1.37843030649e-18)
(-0.434950754616 -1.83115627738 -2.67455213506e-18)
(-1.09095031619 -2.84941178973 9.43078660281e-22)
(-2.06044512557 -4.06042973602 -2.03953376926e-18)
(-3.38645724714 -5.60816318711 -1.06760945715e-17)
(-5.10096705319 -7.62760359381 3.78078049983e-18)
(-7.20712280118 -10.1750101613 -8.43362587826e-18)
(-9.65826876724 -13.1746293961 -7.70638918041e-18)
(-12.344505344 -16.4071115963 -2.32405655417e-18)
(-15.0984099549 -19.5456943427 9.62539056637e-20)
(-17.7256917776 -22.2320871701 2.85542184503e-17)
(-20.056851644 -24.1717544348 1.11335269746e-17)
(-21.9924127034 -25.2046540992 1.60746640808e-17)
(-23.5176109186 -25.3280822317 7.05969473178e-18)
(-24.6839435126 -24.6630862197 -3.40672428441e-17)
(-25.5673937821 -23.3775315206 1.5465980394e-17)
(-26.2295744663 -21.6303767782 1.5232066153e-17)
(-26.7034571721 -19.544746007 -2.52201422438e-17)
(-27.0009359633 -17.2119109822 3.25150462475e-18)
(-27.1281316217 -14.7050604983 3.31159889353e-17)
(-27.095802122 -12.0880371563 5.64504299178e-18)
(-26.9213547353 -9.41592581305 -1.13601914531e-17)
(-26.6260300161 -6.73140921517 -3.44853005991e-17)
(-26.2306207165 -4.06340494873 4.82055678028e-18)
(-25.7514845012 -1.42986232645 -3.35012082112e-18)
(-25.1994466078 1.16472612841 1.31154268731e-17)
(-24.5768333983 3.72475087706 -1.55153832249e-20)
(-23.8675219959 6.25077310433 4.12275946003e-19)
(-23.0452154562 8.73682166823 -2.6606994357e-17)
(-22.0758596708 11.1619816015 -1.66893223097e-17)
(-20.9236231923 13.4867831948 4.57791000911e-18)
(-19.560193355 15.6550788774 -1.39824285123e-17)
(-17.9736201257 17.6027989414 -9.36906556482e-18)
(-16.1729692697 19.2715665067 -2.69403995847e-18)
(-14.1875980009 20.6214767958 8.64083724964e-18)
(-12.062271795 21.6372641153 -6.25297423632e-18)
(-9.84709905785 22.3291892108 -6.50875990518e-18)
(-7.58925725947 22.724508586 -3.33519838272e-17)
(-5.32940548874 22.8601162512 1.43320794845e-17)
(-3.10108411045 22.776712819 2.34997874067e-17)
(-0.931570991174 22.5153470317 1.04049221609e-17)
(1.15525285277 22.1166567349 -2.30425638429e-18)
(3.13351882984 21.6222489326 1.81799542432e-18)
(4.97068325309 21.078894221 0)
(6.62791142833 20.5382220856 -5.65159592679e-18)
(8.06912755755 20.0498107669 2.04899965997e-18)
(9.27658605756 19.64574805 3.56597077744e-18)
(10.2670740142 19.3192850712 -3.32497039078e-18)
(11.0987398329 19.0094739871 1.9725766081e-18)
(11.8576322487 18.605777176 -5.50231078526e-18)
(12.6277803121 17.9788330378 -1.17276683018e-19)
(13.4569523076 17.0295193033 1.95695999536e-18)
(14.3380013898 15.733663352 8.7621003927e-20)
(15.2164919131 14.1596287311 -1.99624266126e-18)
(16.0219554016 12.4584953552 1.94689904395e-18)
(16.7085872223 10.8458153884 5.84653518999e-18)
(17.280024213 9.53584075802 -2.2402212471e-18)
(17.7889873678 8.71414742353 -8.40762462145e-19)
(18.3240277217 8.53402550353 1.8006081107e-18)
(18.9855409568 9.08594871262 -2.50860593139e-19)
(19.8549531188 10.3608164324 1.38323177152e-18)
(20.9803618037 12.2301799097 -5.04762588851e-19)
(22.3798397179 14.4526597407 2.41085666575e-18)
(24.0625457477 16.7019617073 -1.1031450658e-17)
(0.393672900849 2.70858306714 1.45591664533e-18)
(0.782977487824 2.40118693597 -5.89410792108e-19)
(1.07327889975 1.95868194687 1.98729894202e-18)
(1.29779455404 1.40384922627 2.7422471998e-18)
(1.42302308114 0.774374375843 2.60720809029e-18)
(1.405112424 0.105623333982 2.59060574171e-18)
(1.20718672013 -0.575627411253 0)
(0.79565089962 -1.26643989532 -3.11187921111e-18)
(0.135549783054 -2.00586583844 -9.11264187209e-19)
(-0.816294483153 -2.88808965867 -5.89371242331e-18)
(-2.11426327015 -4.05602764838 6.80890415193e-18)
(-3.81678321674 -5.65931304542 -5.50265743203e-19)
(-5.96836116911 -7.79281758769 -8.46200537199e-18)
(-8.57258406987 -10.4423089761 2.7786523219e-18)
(-11.5656216544 -13.4596402303 1.69751424637e-18)
(-14.8038135865 -16.5756361562 -7.6368061157e-18)
(-18.0799285931 -19.4502354628 1.05702786755e-17)
(-21.1672723879 -21.7528600715 1.42005880605e-17)
(-23.8793717107 -23.2443616191 5.54123745326e-18)
(-26.1185002678 -23.8318996233 7.30473710823e-18)
(-27.8851773815 -23.5685257232 -1.44444678694e-17)
(-29.2479570956 -22.6016422021 -2.66407468557e-17)
(-30.2951159518 -21.1060359413 5.29545299419e-18)
(-31.0963523744 -19.2342514371 -4.31155492522e-19)
(-31.6898022341 -17.0992085318 -1.72930955276e-17)
(-32.0907793773 -14.780964684 -9.98042061082e-18)
(-32.3070266665 -12.3403633703 4.00650136328e-17)
(-32.3479155066 -9.82792990436 1.16726106309e-17)
(-32.2260807318 -7.28483192496 8.82393568179e-18)
(-31.9548063992 -4.74018288962 1.00333520112e-17)
(-31.5433237617 -2.21532975831 -2.98483669319e-18)
(-30.9958427364 0.276158102533 3.83855324864e-17)
(-30.3133128086 2.72716169704 -4.2550148229e-21)
(-29.4834360766 5.12902493641 1.06597784138e-18)
(-28.4849813189 7.46817255646 -2.50780644937e-17)
(-27.2943097816 9.72083096863 5.05886941635e-17)
(-25.8894993232 11.8514958801 -1.9202322653e-17)
(-24.2573403009 13.8153627389 9.36493210895e-18)
(-22.3992638635 15.5651333843 3.93163582348e-19)
(-20.3339953159 17.0603961105 1.87960996309e-17)
(-18.095835381 18.2755485081 1.3206724859e-17)
(-15.7291085656 19.2030989131 -2.32091673841e-17)
(-13.2806026321 19.8528307322 -4.13779585793e-17)
(-10.7941131101 20.2470237184 -1.98463722565e-17)
(-8.30872571398 20.4159749268 7.40570953832e-17)
(-5.85949072323 20.3948149673 6.93571260565e-18)
(-3.47904290762 20.2221409869 -3.42094293092e-17)
(-1.20082962911 19.9400219501 9.00546720099e-18)
(0.940179118067 19.5943378611 1.07041121852e-17)
(2.90811023424 19.2347300172 -5.72027653046e-18)
(4.6723087995 18.9080897373 3.53790895593e-18)
(6.22030398557 18.6466821567 3.21254394767e-18)
(7.56997022606 18.4525825336 -1.8732679136e-18)
(8.77271620569 18.28552749 -1.59329047215e-21)
(9.90426642595 18.0626887099 -3.17952400825e-18)
(11.0415044631 17.67640858 -1.9092013915e-18)
(12.2348258936 17.02728089 4.58536188513e-18)
(13.4881775924 16.0614277379 -1.45020893197e-18)
(14.7579100552 14.7949777566 1.11273516636e-18)
(15.9701538185 13.3141192425 6.19275707568e-22)
(17.0486799867 11.7564297983 3.95980523407e-18)
(17.9442804157 10.2926588416 -1.79647444766e-18)
(18.6522570643 9.09285793202 -4.13747365299e-18)
(19.2146611972 8.2974904508 2.91025315593e-18)
(19.7190811082 8.0286353967 1.1688106608e-18)
(20.2891863195 8.37794661142 -1.09623467086e-18)
(21.0532025972 9.36937573972 -1.00122214122e-18)
(22.1065458053 10.921790381 3.03525378102e-18)
(23.4894601011 12.8355614377 -7.41670563494e-18)
(25.2002075173 14.8109689667 6.20710785188e-18)
(1.72961722616 2.40793280141 -2.76232361224e-18)
(2.13773212237 2.12198447122 6.34158349235e-18)
(2.44130985494 1.73463380281 -2.48273013818e-18)
(2.65712887409 1.27091930271 -3.39996780794e-18)
(2.76637789215 0.766254469578 3.56392039589e-18)
(2.73496178797 0.254520506889 -1.36471393309e-18)
(2.53615572324 -0.241733030604 -6.94517065007e-18)
(2.14742856345 -0.719237194137 1.08413254847e-21)
(1.54467368226 -1.20991194759 -1.46726234195e-18)
(0.692471555021 -1.79249441158 4.77917963013e-18)
(-0.464317529515 -2.5934256872 -9.44034100529e-19)
(-2.00024428662 -3.76062579037 -5.35606110493e-18)
(-3.99425549972 -5.41014291693 7.17076511786e-18)
(-6.5043208717 -7.57997395083 5.73827979818e-18)
(-9.53437238699 -10.1996462075 0)
(-13.0055440768 -13.0853866057 0)
(-16.7459648107 -15.9612553535 -2.36802296206e-18)
(-20.5130593019 -18.5075736787 -5.20178686014e-18)
(-24.0493286425 -20.4349270133 6.62903511475e-18)
(-27.1508411306 -21.5552069844 3.84018257342e-17)
(-29.7143875745 -21.8190077456 6.03106147323e-18)
(-31.7425473068 -21.3036788742 -5.86571342077e-18)
(-33.3101640286 -20.1634783516 -1.14564989276e-17)
(-34.5143431462 -18.5698193808 5.81515121033e-18)
(-35.4343271904 -16.6685783165 -4.10879445752e-18)
(-36.1161881791 -14.5650033785 -2.50451429977e-17)
(-36.5793340309 -12.3298460493 0)
(-36.8303676288 -10.0134092645 -7.90070709105e-18)
(-36.8749711554 -7.65634708799 3.34489599747e-17)
(-36.727409817 -5.28852799794 -1.55058078588e-17)
(-36.3847727087 -2.93105663046 1.85577548036e-18)
(-35.8481624911 -0.604188929053 3.89092202347e-18)
(-35.1145553604 1.67783072975 -1.06878579131e-17)
(-34.1768870909 3.90156282851 -5.18647925369e-21)
(-33.0222152086 6.0493072304 3.03115517774e-17)
(-31.638948603 8.09768432735 -1.94555850517e-17)
(-30.0192295436 10.0164224455 -3.06262173669e-17)
(-28.1634874016 11.7707892623 4.20779113141e-17)
(-26.0838871729 13.3265452979 1.66740509962e-17)
(-23.8055156108 14.6562586384 8.1405978888e-18)
(-21.3647049186 15.7441432386 -9.37642054649e-18)
(-18.804669829 16.5874787656 7.19640987513e-18)
(-16.1702131597 17.1956468325 -2.88430406222e-17)
(-13.5044013122 17.588080051 2.09314248228e-17)
(-10.8480141252 17.7920812029 6.52245457963e-18)
(-8.24028755441 17.8410526962 -2.70953359616e-17)
(-5.71953805905 17.7735809072 9.08478634576e-18)
(-3.32298657597 17.6322426441 3.02312817886e-17)
(-1.08346810036 17.4617351809 -1.22930518533e-17)
(0.977089912797 17.3020640603 -3.23993759816e-18)
(2.85400721962 17.1817163307 6.47439454051e-19)
(4.56610030341 17.1071972487 -5.36990301548e-22)
(6.15871353944 17.0539864118 3.28519909747e-21)
(7.69620097747 16.9642656867 -2.76613457008e-18)
(9.24462552695 16.7563461359 -2.74120861481e-18)
(10.8511007367 16.3452135271 4.56617254708e-18)
(12.526816239 15.6690894667 3.72867549736e-19)
(14.24116573 14.7130880526 1.39876960713e-18)
(15.9301363046 13.5195648127 -1.56841220792e-18)
(17.5152920174 12.1807159676 3.3206255913e-18)
(18.9230063767 10.8195129683 -2.86570075613e-18)
(20.1009886595 9.57362750855 4.06181162846e-19)
(21.0323433347 8.57083638979 2.44493497676e-18)
(21.7370945911 7.90959920477 -5.24986990186e-18)
(22.2745469143 7.66529235719 -2.33274066111e-18)
(22.750716906 7.89607126882 2.0798617369e-19)
(23.3082546572 8.63037952665 5.48777221348e-18)
(24.0890918088 9.83493269409 -9.26146810032e-19)
(25.1873853378 11.3809525981 -1.91132308613e-18)
(26.6327930343 13.0310083877 1.05734550335e-17)
(2.98959725474 2.07164472575 3.30706341835e-18)
(3.40621489016 1.82642133237 -2.99356414458e-19)
(3.72386831572 1.50456340616 -9.60073623037e-18)
(3.9435095689 1.1379911555 1.50755494857e-18)
(4.05637660573 0.757392248646 2.16972845747e-18)
(4.03810400862 0.391125865693 -1.94825697909e-18)
(3.87099064086 0.0578791016197 -7.04199510637e-20)
(3.54482344909 -0.23901653492 1.10933143928e-18)
(3.04738010436 -0.523361619408 3.80805122491e-18)
(2.35466328136 -0.857109099815 7.11170163845e-18)
(1.42018675465 -1.34145648199 -3.13262002351e-18)
(0.171112282616 -2.10214103469 5.86587542163e-18)
(-1.48908047811 -3.25588095911 1.91907084874e-18)
(-3.66005543956 -4.86974962782 0)
(-6.41409372695 -6.93578553121 0)
(-9.76143675953 -9.36129323308 8.57420247641e-18)
(-13.6180113629 -11.9683778338 2.73491872946e-19)
(-17.79390705 -14.5087971395 -2.19823581682e-17)
(-22.0204914182 -16.70471921 -4.03374242051e-18)
(-26.0135524265 -18.3105246205 1.2065148165e-17)
(-29.544930552 -19.1717615298 1.2931529236e-17)
(-32.489328274 -19.2546396087 7.34100452684e-18)
(-34.8315920025 -18.6348289979 7.31132752693e-18)
(-36.637386763 -17.4559372754 3.17329014702e-18)
(-38.0058289095 -15.8793157779 3.63840107144e-17)
(-39.0273909774 -14.0455905199 1.6589917367e-18)
(-39.7625440439 -12.0577534659 -2.4519994595e-17)
(-40.2365019835 -9.98114389494 9.68488450202e-18)
(-40.4300161055 -7.85214087234 -9.8651689969e-18)
(-40.3970171888 -5.7040288155 -9.08653940931e-18)
(-40.1199571368 -3.56263183115 1.64418402201e-17)
(-39.6028682637 -1.45268177621 1.08708493067e-20)
(-38.8407539137 0.607940059381 2.85698896685e-17)
(-37.8279853288 2.60687052262 -1.00207320605e-17)
(-36.560821801 4.52608091692 1.26720512612e-17)
(-35.0383937664 6.34502304166 -1.25196545649e-17)
(-33.2647124514 8.03858675523 6.21306598759e-17)
(-31.2506003262 9.57990677647 1.49421174237e-17)
(-29.0155935305 10.9440023079 -1.78395413497e-17)
(-26.5886697701 12.1124101919 -3.46362458329e-17)
(-24.0078523504 13.0768718323 -7.65202756466e-20)
(-21.31746786 13.8393121541 2.21489349582e-17)
(-18.5633618964 14.4099880633 -1.29439606504e-17)
(-15.7896108696 14.8074783678 -3.63756294784e-17)
(-13.0379467388 15.0579243885 -4.89740414373e-18)
(-10.3474756344 15.1929940821 2.58287749711e-17)
(-7.7531544388 15.2479332091 7.12235755154e-18)
(-5.28278964329 15.2587518974 1.83975909465e-17)
(-2.95257638356 15.2583845822 -2.58122863163e-18)
(-0.761959437869 15.2700194692 -2.31220627964e-18)
(1.3098020088 15.3000666271 8.43898238695e-18)
(3.30096163394 15.3345210153 2.06327692653e-17)
(5.26106123163 15.337080507 -3.79104190788e-18)
(7.24148179291 15.2514868105 -5.60967647247e-18)
(9.28031882245 15.0129879414 4.31982136215e-18)
(11.3894575699 14.5654621469 2.67824551698e-18)
(13.5480632233 13.8798292818 -7.86648800191e-18)
(15.7045147303 12.9680890622 7.05218548669e-20)
(17.7865683862 11.8861187318 -1.26966896796e-18)
(19.7171671104 10.7244168881 1.03890658507e-18)
(21.4291993409 9.59145213828 -3.89210772989e-19)
(22.8770632787 8.60015714385 2.25812587586e-18)
(24.0439750479 7.85092739124 -1.023106626e-18)
(24.9397585723 7.41428392381 -1.94116146092e-18)
(25.5992077707 7.32633234244 2.52801459747e-18)
(26.0906041716 7.59771857025 0)
(26.5215159305 8.2235138228 4.6861291731e-18)
(27.0243978211 9.17780237729 -9.20127775899e-18)
(27.7183382932 10.388558709 -4.59214646178e-18)
(28.6745745528 11.6996742179 -6.24900605202e-18)
(4.08708533931 1.70300353534 8.15418395618e-19)
(4.50770232546 1.50843161515 -6.50737880515e-18)
(4.84037172416 1.25910695543 1.11563285109e-18)
(5.07659386209 0.990045685611 9.80290625961e-18)
(5.209552926 0.726516543534 -2.540554361e-18)
(5.22469287926 0.488935494823 -6.3140072517e-18)
(5.11509700781 0.291776264318 4.31285287317e-18)
(4.88106868093 0.137823868311 2.70280594335e-18)
(4.52188430937 0.00996644327275 1.05885250691e-18)
(4.02586979816 -0.137265175341 -1.98121268756e-18)
(3.35979344079 -0.37768330404 -7.23606186075e-18)
(2.46316620954 -0.807236308946 -5.28552224677e-18)
(1.24575128267 -1.52032403523 -4.85447228415e-22)
(-0.404951949864 -2.58534185118 2.49002028992e-18)
(-2.60645866173 -4.02651642238 0)
(-5.44766009751 -5.81810551384 -5.57869394817e-18)
(-8.95399434975 -7.88131670166 3.70132272121e-18)
(-13.0503721152 -10.0781219501 7.96692561701e-18)
(-17.5476733449 -12.2133649359 -1.63219745497e-17)
(-22.1690807182 -14.0617310478 -3.07091334483e-18)
(-26.6139832187 -15.4168438066 1.30212407304e-17)
(-30.6249198176 -16.1415795783 0)
(-34.0350735486 -16.1952115765 0)
(-36.7845733975 -15.6298251457 -4.89664345396e-18)
(-38.9041756254 -14.5621620968 9.01687663454e-19)
(-40.4771460809 -13.1333071383 4.11179954705e-17)
(-41.5991233133 -11.4760666999 6.37119740914e-18)
(-42.3520739117 -9.70187159808 -5.95444432514e-18)
(-42.8102841255 -7.85645383754 -1.12809609344e-17)
(-42.9322007885 -5.97429207283 -3.19489170144e-19)
(-42.7610854804 -4.09397397378 -6.37971082701e-18)
(-42.2818754143 -2.24529293451 1.5997305503e-18)
(-41.5312945303 -0.448023955898 -9.44231848279e-18)
(-40.4912217363 1.28815877591 4.55941507387e-18)
(-39.1680152749 2.94994194681 1.21543719968e-17)
(-37.5706634434 4.52136430947 2.70296645876e-17)
(-35.7132635395 5.98092002162 -1.98314078803e-17)
(-33.6141857209 7.30737969705 -2.96783078368e-17)
(-31.2977633785 8.48224150402 2.18767494693e-17)
(-28.7949120381 9.49332520783 -4.28254086353e-17)
(-26.1446407246 10.3393869565 -3.84446975657e-18)
(-23.3933076515 11.0285077871 1.86036268495e-17)
(-20.5876667663 11.5714929275 -1.62016392989e-17)
(-17.7688842999 11.9843289911 -5.96800726262e-18)
(-14.9724205459 12.2895490265 3.62075396882e-17)
(-12.2280712097 12.5128868613 -3.7110318321e-18)
(-9.55799614353 12.6806610667 2.37924376939e-17)
(-6.9738566985 12.8162608877 4.21274495456e-18)
(-4.47440890099 12.937257718 -1.20338580187e-17)
(-2.04462229445 13.0510992783 7.76800574445e-18)
(0.343883505813 13.1510042449 2.0055589086e-17)
(2.72723202553 13.2150869722 -1.32790573907e-17)
(5.13883222309 13.2093223428 -1.42508124701e-17)
(7.6025323513 13.0903843364 3.32340367832e-18)
(10.124751727 12.8145819326 4.47852897447e-18)
(12.6886439624 12.3506895499 2.00316438974e-19)
(15.2535212221 11.6925984519 2.6150759692e-18)
(17.7580746627 10.869208142 -1.27662795739e-18)
(20.1277820039 9.94227549314 -5.9693158695e-18)
(22.2879818663 8.99530312049 -4.40116556034e-18)
(24.1796130845 8.11932378143 2.18020469441e-18)
(25.7725277134 7.40239899409 0)
(27.0673633863 6.92297561759 -6.4948432955e-19)
(28.086301571 6.73529266455 0)
(28.8655822842 6.85772822597 -2.21321330917e-18)
(29.4561418089 7.27466115002 2.18901338142e-18)
(29.9249658071 7.95105998897 1.37930053983e-18)
(30.3501432999 8.84452991175 -1.67776260349e-18)
(30.8024578674 9.89806433298 2.51449134899e-18)
(31.3222075029 11.0019452186 -4.43269961725e-18)
(4.90802233201 1.30540907354 1.7181161594e-19)
(5.32503804313 1.1652528505 4.65002427368e-19)
(5.66894950218 0.990535486741 1.55413917273e-18)
(5.92541450318 0.81386374954 4.26159679616e-18)
(6.08723259895 0.654415780972 2.08704344473e-19)
(6.14877253875 0.525732133095 -4.12889138808e-18)
(6.11331271848 0.436539794708 -3.17355751144e-18)
(5.98978460742 0.386849788352 4.37498874532e-19)
(5.78717089908 0.36561120503 5.31054366956e-18)
(5.50511349391 0.339838072426 -9.82022162119e-18)
(5.1217583711 0.259853285631 -5.49615009759e-18)
(4.5922993244 0.063637745166 7.33591882167e-18)
(3.84457996602 -0.310034102003 8.65332396821e-18)
(2.78122645793 -0.913148604728 0)
(1.28142431946 -1.77280922034 3.64537459871e-18)
(-0.777603760295 -2.89108942296 -5.3981912937e-18)
(-3.4972082704 -4.2487063394 -1.09281100041e-17)
(-6.92172403136 -5.80505244545 4.76185565245e-18)
(-11.0072890937 -7.48211226964 1.35722075668e-17)
(-15.5963389816 -9.15264380843 -9.36989450877e-18)
(-20.4375996414 -10.6473874197 -5.61341025431e-18)
(-25.2418515262 -11.7988037988 1.1267330883e-17)
(-29.7298835769 -12.481032124 -5.01256459183e-18)
(-33.6833652353 -12.6363919619 0)
(-36.9709941671 -12.283271817 -1.18271443151e-17)
(-39.550766391 -11.4948269163 -2.23030212263e-17)
(-41.4515182702 -10.3686644351 1.87637716588e-17)
(-42.7503136518 -9.01029997301 -3.46714019514e-18)
(-43.5941856114 -7.52982619584 1.12330908557e-17)
(-44.0221245387 -6.00287061873 -7.86837906732e-18)
(-44.1540267639 -4.47151897136 1.18966967617e-18)
(-43.8171942821 -2.94200074243 -1.16298754912e-17)
(-43.1940128654 -1.43870848544 -3.37579673671e-19)
(-42.209520101 0.00801673548845 1.19527573e-21)
(-40.910824376 1.3967118836 -7.71338024841e-18)
(-39.3167002071 2.71063214548 0)
(-37.4527683132 3.93062160808 -1.15052931626e-17)
(-35.3428243469 5.04059443683 2.75652584922e-18)
(-33.0137198421 6.02623758184 -5.89461876068e-17)
(-30.4948569419 6.87996560545 -1.08471995486e-17)
(-27.8218751208 7.60679912496 4.59632192118e-17)
(-25.041986289 8.22402594572 2.39754342851e-17)
(-22.2023516535 8.74025045554 2.1023917992e-17)
(-19.3364913405 9.16163658844 -1.35508802846e-17)
(-16.4681020961 9.50379731078 -3.33027169938e-17)
(-13.6150410745 9.78383344357 -1.8911899593e-18)
(-10.7885685358 10.0183215587 2.43214695036e-17)
(-7.99153861542 10.2184113748 -1.7052181872e-17)
(-5.21755242354 10.3903178025 -8.31450874446e-18)
(-2.45294996871 10.5334756762 3.19314247907e-18)
(0.321096901112 10.6390822877 -2.97801200119e-18)
(3.12328323246 10.6880662314 -1.88366226829e-18)
(5.96272854516 10.6550390066 3.02370936562e-18)
(8.83481067082 10.511472717 4.77862557309e-18)
(11.7196084675 10.2311855234 1.82418715435e-18)
(14.581129083 9.79956585163 1.66848754321e-18)
(17.3701935677 9.22163181501 1.32901683126e-18)
(20.024540928 8.53657993242 2.60886493022e-18)
(22.4706401225 7.80977184826 -1.55966562898e-18)
(24.637535539 7.11326189195 1.54060143925e-18)
(26.4779420808 6.51260961159 5.63488232791e-19)
(27.9874500119 6.07245202832 -4.21538033893e-18)
(29.2022918047 5.8553213223 8.18722846463e-19)
(30.1778654148 5.89896621149 -2.8396486679e-18)
(30.9728496467 6.20991301734 3.4307464999e-18)
(31.6458888961 6.76789261608 -3.84030090859e-19)
(32.2513536159 7.53875077735 2.47454614203e-18)
(32.8248887351 8.47989418035 1.60642788495e-18)
(33.3671846979 9.574970908 1.52304330334e-18)
(33.7892456405 10.7272740851 2.93805594973e-18)
(5.2336398843 0.888962534905 2.53957676273e-18)
(5.63170021691 0.800018660864 1.54026480364e-18)
(5.97234723436 0.695796971576 -2.57283760298e-18)
(6.23811499785 0.600510910222 1.13140322931e-18)
(6.42422011145 0.52978581304 2.85769999753e-18)
(6.53488841798 0.484983611047 -4.63461787033e-18)
(6.5830650881 0.46510348727 1.95708061315e-18)
(6.57570428783 0.473778918399 1.02493321317e-18)
(6.53323304002 0.505153706236 -3.83728542081e-18)
(6.45987032621 0.548521454704 3.09201209151e-18)
(6.34323468501 0.582295482306 4.81031436458e-18)
(6.15457877331 0.545620464119 -3.74887511928e-18)
(5.84089928975 0.390436109111 1.48669751064e-18)
(5.3276640618 0.102517234594 -5.92165652945e-18)
(4.5109480638 -0.313780095334 -2.10359302208e-18)
(3.286526222 -0.863860264972 2.45044420667e-18)
(1.56289963552 -1.54636518889 3.16351685529e-18)
(-0.749858061338 -2.36521129328 -8.14545615454e-18)
(-3.7268965813 -3.3258007893 -1.09602279005e-17)
(-7.38317334062 -4.42172517031 1.07278008542e-17)
(-11.6144733638 -5.57168563662 9.64180477105e-18)
(-16.2598968967 -6.66599581809 5.81215379302e-18)
(-21.0811958321 -7.59021998243 5.74796906372e-21)
(-25.8258567109 -8.24157917472 -1.79178099932e-17)
(-30.2467536926 -8.55941026566 1.05530159586e-17)
(-34.1431853126 -8.53042524311 9.32179427914e-18)
(-37.3981906205 -8.17166400227 -2.13734141525e-17)
(-39.9611592068 -7.49441681468 -4.70345462852e-18)
(-41.7572740147 -6.57554238868 4.20214374945e-18)
(-42.8739067964 -5.53032242754 -1.11391816976e-17)
(-43.4065641008 -4.41728136292 -4.29605853714e-18)
(-43.4504929998 -3.26876760398 -4.63034721594e-18)
(-43.0802823336 -2.13597231307 -1.10347270005e-17)
(-42.3309602867 -1.06280071574 -1.14864485087e-17)
(-41.2237897061 -0.0256200570453 0)
(-39.7845535198 0.989466532999 -1.15503252844e-17)
(-38.0397685954 1.94160070585 -1.43746810625e-17)
(-36.0216877895 2.81440119438 1.14968501563e-17)
(-33.7599911974 3.59355438242 2.11816895728e-17)
(-31.2802133559 4.28042599942 9.61431408997e-18)
(-28.6090351195 4.87502656355 1.77175102953e-18)
(-25.7981300182 5.40762228034 2.57954856819e-17)
(-22.9072461673 5.88314315075 -2.44066760028e-17)
(-19.9651299233 6.27977115978 -3.36882159634e-18)
(-16.9848490434 6.61537292826 6.4342156724e-18)
(-13.9783639394 6.89812444466 -6.86775803704e-18)
(-10.9564073959 7.14222485779 1.09065734426e-17)
(-7.92565723806 7.34821514458 -3.42051354865e-18)
(-4.8858021223 7.51868279767 -2.9599309936e-18)
(-1.83374041453 7.65075954349 4.80442498921e-18)
(1.23208583491 7.74214502253 2.1436193031e-17)
(4.30753287172 7.77773794931 -3.9109886709e-18)
(7.37821884114 7.73908063108 -1.03300096097e-17)
(10.4168673899 7.61071500005 -4.88203894126e-19)
(13.3823221307 7.377222576 2.15507587772e-19)
(16.2238026593 7.04165601734 2.51821024908e-18)
(18.8916060943 6.62173648163 2.75928149696e-18)
(21.3376056591 6.16135091808 -7.6331184658e-18)
(23.4994750677 5.7117575777 -2.63970321623e-18)
(25.3187112907 5.33787241911 -1.5080328835e-18)
(26.7812396682 5.06410391801 3.12086039413e-18)
(27.9351990941 4.90270682511 1.25815765355e-17)
(28.8618845717 4.88662959843 9.05394570904e-19)
(29.639460494 5.05737537883 1.56448325432e-18)
(30.3481475861 5.43824885851 -4.3008520266e-18)
(31.0679322733 6.00622630929 -1.08686438263e-17)
(31.8654623991 6.75413157731 1.13436134635e-17)
(32.7568277292 7.69763733604 -8.08321470638e-18)
(33.6388088438 8.92520603931 -1.67589760024e-18)
(34.4087242598 10.4408190664 -4.32265885704e-19)
(4.64230867563 0.499959405491 -1.50836522053e-18)
(4.98429584737 0.451279897517 4.58884740873e-22)
(5.28277361894 0.409252726796 3.58790229571e-18)
(5.52192493983 0.380785539114 1.7994002416e-18)
(5.70501314379 0.372235480714 -4.87185682942e-18)
(5.84630496594 0.380798699814 -4.35514245533e-18)
(5.9600459992 0.406477419185 2.11424617919e-18)
(6.05691694202 0.445203410797 1.17752937251e-17)
(6.14951240729 0.490072861424 9.58444392976e-19)
(6.24752794628 0.527323868524 -1.02659598475e-17)
(6.35333861848 0.555981339952 -6.95158452685e-18)
(6.44724450373 0.554478109808 7.14515314599e-18)
(6.47965068175 0.519589849197 3.99587352098e-23)
(6.39236138266 0.447281106382 -8.28846375552e-18)
(6.11127231629 0.34762382902 5.21806313036e-19)
(5.57959594712 0.19731890923 2.65080658711e-19)
(4.75262820864 0.00596686613821 1.92714352637e-17)
(3.58381885747 -0.242452387514 -5.51629161844e-18)
(2.00212454055 -0.548148083847 -1.04854508644e-17)
(-0.042702920865 -0.97200848281 8.0627974262e-18)
(-2.63434704576 -1.51027569925 0)
(-5.78449031169 -2.0989020289 0)
(-9.40192910217 -2.71120384179 1.21940130687e-17)
(-13.3916351155 -3.29713593205 -5.76322936427e-21)
(-17.5947719177 -3.81275336846 -2.258693081e-17)
(-21.7567928899 -4.20477828601 1.2946810845e-17)
(-25.6871208819 -4.43568733005 8.38468836956e-18)
(-29.2016548422 -4.49379347993 -2.00809932408e-18)
(-32.1807957588 -4.36331362628 -1.01509466231e-18)
(-34.5519352227 -4.06733043344 2.32391792611e-17)
(-36.3186385716 -3.64353306077 -4.65444211867e-18)
(-37.4747354383 -3.05356830166 -5.2245367917e-21)
(-38.0008608295 -2.39187689801 -2.42629319513e-18)
(-37.9794059239 -1.68965763645 4.56925410287e-18)
(-37.4547548895 -0.990687055015 -1.38960167992e-21)
(-36.5150320516 -0.293057121667 -3.53949040128e-18)
(-35.2159168742 0.351684037532 9.64962888445e-18)
(-33.5880891969 0.962876328136 1.55628234629e-17)
(-31.6631837533 1.50282893962 -3.20894210861e-17)
(-29.4779543813 1.96831271423 -1.53855701624e-17)
(-27.0362216878 2.32099482075 3.08077102856e-17)
(-24.3877576013 2.67892406768 -3.03169707582e-17)
(-21.6426193561 3.07530212814 -1.04196987467e-17)
(-18.8275085854 3.39582141533 2.64267982617e-17)
(-15.9451478799 3.67457539159 -2.32801589766e-17)
(-13.0118171 3.90539261518 1.99967931625e-17)
(-10.0456731401 4.11488542181 2.55001189483e-17)
(-7.06757472165 4.29334563367 -3.52856240395e-17)
(-4.08562181869 4.46376251411 -1.14967459733e-17)
(-1.10867338276 4.60887429661 2.12990205106e-17)
(1.848995887 4.72137122334 -1.25955263804e-17)
(4.75716847154 4.79186248658 -1.35724623278e-17)
(7.58595945357 4.81681148868 5.66835384461e-18)
(10.3057643035 4.80032439891 3.31185241195e-18)
(12.8469290416 4.71396684792 -1.47692806944e-18)
(15.1873318205 4.54857271538 -5.31471559893e-19)
(17.2616409971 4.29361224583 -1.71226604134e-20)
(19.0425764401 4.01697057079 -1.31402297276e-18)
(20.4884325668 3.8226393207 3.50607479851e-18)
(21.5950364874 3.76049329422 -1.17756545135e-18)
(22.4103703834 3.74739581195 -2.69648221086e-18)
(23.066599002 3.78212226455 5.17570948085e-18)
(23.6551991123 3.91793957512 -1.06961208973e-18)
(24.2345071523 4.15182640266 -3.8061634141e-18)
(24.8963362919 4.50873889797 -5.24319503349e-18)
(25.7185389113 4.97038217926 3.37282506246e-18)
(26.7721225127 5.57462572948 2.48463983802e-18)
(28.0982751517 6.37387131701 3.33186720645e-18)
(29.6834868669 7.5554304732 -1.07429940619e-17)
(31.337778665 9.4156688358 -3.34519726299e-17)
(2.42820990177 0.121605555964 4.03123180836e-20)
(2.61172686739 0.118156448559 -6.08081442914e-18)
(2.77786364724 0.121241267666 -3.7919460616e-18)
(2.91335925164 0.129292749232 1.96372376243e-19)
(3.02763672514 0.144295018413 5.20245895736e-18)
(3.13215734594 0.162309378443 -1.30811110579e-18)
(3.23782270391 0.191604642568 1.45932193348e-18)
(3.35276465973 0.229793355201 1.20872145532e-17)
(3.48625954421 0.274240195295 -3.06895439615e-18)
(3.63869175428 0.310955977631 -9.47654398795e-18)
(3.80733243978 0.349959177101 -1.3871778729e-23)
(3.97637660771 0.383031700623 1.56826701098e-19)
(4.13281342943 0.419069887598 -2.05991254104e-19)
(4.25835841951 0.443494960149 1.89735877387e-19)
(4.33174122843 0.46347408441 0)
(4.32472023122 0.44033723912 2.73924536406e-19)
(4.20029534661 0.350853740786 0)
(3.93881394621 0.214687091983 -7.26215368659e-18)
(3.51245484501 0.14807985632 -6.24343253246e-18)
(2.92293865174 0.130914558157 6.32226961808e-18)
(2.14967410716 0.157190038397 7.17155295461e-18)
(1.1634668491 0.10433340487 0)
(-0.0995522669296 -0.00450623273746 -1.16608617381e-17)
(-1.62501259186 0.0353466872946 -1.73175862236e-17)
(-3.36008961517 0.0372048263122 9.95232971396e-18)
(-5.29460727079 -0.0588077885281 1.28969904248e-17)
(-7.42623204864 -0.203059383081 1.27224819861e-19)
(-9.65244863568 -0.369425261196 0)
(-11.9518814745 -0.507406071908 4.68849334013e-19)
(-14.1130926798 -0.584630070666 1.30931678641e-18)
(-16.0735928118 -0.619866228262 1.28255141716e-18)
(-17.8364554556 -0.649854901202 2.01760414182e-18)
(-19.2379701361 -0.671721549468 -9.16511820798e-18)
(-20.3390364972 -0.663282982079 -3.54791478845e-18)
(-21.0440981708 -0.607816105304 8.18154987095e-18)
(-21.3833420508 -0.416306947937 9.20187776271e-18)
(-21.2516712741 -0.208250379656 1.32518524411e-17)
(-20.7745246978 0.0151233801792 -8.41790565208e-18)
(-19.9712808611 0.190927915016 -1.4781975155e-17)
(-18.9032916969 0.380389405226 -6.02987636725e-18)
(-17.5959021119 0.509101353845 -1.32629740438e-17)
(-16.0121390187 0.687284999002 -1.92407637396e-18)
(-14.3446933204 0.960523378926 2.85829097738e-17)
(-12.6502282231 1.11384519956 2.66858941149e-17)
(-10.8628566996 1.29248526252 -1.83335789178e-17)
(-9.02881393636 1.43862494194 -4.76686016343e-17)
(-7.15175503908 1.62302647532 3.19240273888e-17)
(-5.26602330799 1.75300214768 9.46000599782e-18)
(-3.38042703433 1.80117931607 -2.23274376333e-17)
(-1.53407103404 1.79494955017 -7.39134284722e-18)
(0.257283619451 1.88619964358 2.00770610687e-17)
(1.98265153281 1.98999650749 1.62237401866e-17)
(3.62327820255 2.08764392359 -1.84959924047e-18)
(5.14873419814 2.17745818804 -1.81587287028e-17)
(6.47556817593 2.24209045029 1.99243477164e-17)
(7.69062866124 2.29077169751 1.23866939131e-18)
(8.66632067729 2.33590752334 2.55994264739e-18)
(9.40234555388 2.39749247248 -6.36366312984e-18)
(9.90669522623 2.46298847018 -4.08221312131e-18)
(10.2239404397 2.58965330809 -2.86436858905e-19)
(10.3826626646 2.65477825644 8.91618150128e-20)
(10.6247652484 2.69366835778 0)
(10.9275574164 2.78125783713 -2.83369908046e-19)
(11.2570750131 2.87628971127 -9.95128602861e-18)
(11.7418859491 3.01821550186 -8.13401882554e-19)
(12.3918039228 3.16785487322 1.18719357687e-17)
(13.3559067537 3.3889461886 1.38612006318e-17)
(14.6766310003 3.67664601233 -1.48273460085e-17)
(16.7739898136 4.33559417907 -3.97763074961e-17)
(19.3140393346 5.73960626046 3.15050805206e-17)
(21.6152032526 12.3554097848 -4.40031928196e-18)
(19.5829695182 13.0945903169 1.47036493025e-17)
(17.2100777536 13.9877139536 -8.8702562761e-18)
(14.5857704103 15.075579246 -7.68504294484e-18)
(11.9296272641 16.1870564505 -2.42428932406e-18)
(9.5627598985 16.7505838464 -2.09730922944e-17)
(7.7663641988 15.779376385 -1.37950631166e-17)
(6.72288584748 13.0005630807 -3.45943323813e-17)
(6.25876654957 8.92587743232 -5.25978381049e-17)
(6.19948183622 3.75433298554 1.26182700893e-17)
(6.54318851114 -1.77211656133 1.47196302408e-17)
(7.41649682045 -7.31751037995 1.21477535462e-18)
(8.74681793052 -12.5723728583 -1.86671099099e-17)
(10.4037241499 -17.226388344 -1.37457378278e-18)
(12.2242759823 -21.0721921303 -2.25062316263e-17)
(14.0393250375 -24.0733208149 -4.17295968319e-18)
(15.6957896206 -26.3481964291 -2.9644128008e-19)
(17.1233117037 -28.0912993959 1.69345097387e-18)
(18.3229263035 -29.5206933184 7.80683400868e-18)
(19.3242840315 -30.7885821997 -4.49175260053e-18)
(20.1646855461 -31.9858356703 1.16905008265e-18)
(20.8637046166 -33.1512900385 1.03301443834e-17)
(21.4290514886 -34.2997206324 -4.7502062526e-19)
(21.8698477913 -35.4312108433 -6.72460394591e-18)
(22.2100243029 -36.5285855257 4.91798579693e-18)
(22.4920517213 -37.549766834 2.72139209355e-18)
(22.766725327 -38.4244085651 -4.34247076969e-20)
(23.0960835834 -39.0603137286 -8.56582240573e-19)
(23.5473467908 -39.3285133089 -3.61588670651e-18)
(24.1614286527 -39.0663362101 -7.74296604247e-18)
(25.0143230216 -38.1582206688 -7.27358664172e-18)
(26.1675061598 -36.429797855 -1.25259208953e-18)
(27.6549381517 -33.7558697855 9.49146769771e-18)
(29.519053765 -30.0491099217 1.19948217787e-17)
(31.7712008494 -25.2629709953 -2.3514084773e-18)
(34.3687096204 -19.3788753528 -4.16396624748e-18)
(37.2351802026 -12.5206159746 8.86713300999e-18)
(40.3620372243 -5.03566836963 -5.15182238729e-18)
(43.6052924556 2.8863287452 8.32368763666e-18)
(46.3952602037 10.4765336065 -4.63089162125e-19)
(48.8804179691 17.713985279 -3.90553055008e-20)
(50.9420472342 23.9002807681 -3.40260809686e-18)
(52.3932723697 28.5650615502 2.12380014483e-18)
(53.1891173945 31.5964472918 -5.72087854474e-19)
(53.3954201297 33.1395328028 -3.47103043116e-18)
(53.1202269448 33.523060184 2.20991372875e-18)
(52.5031205324 33.0724561336 -6.22064012055e-20)
(51.6352939535 32.0531153463 0)
(50.5864280794 30.7279781125 0)
(49.4367644915 29.2833218765 -1.2864825979e-18)
(48.2220165369 27.8357485624 -6.64750268075e-18)
(46.9459447834 26.4549004153 -2.51173950396e-18)
(45.5982135153 25.1685093589 1.26491340533e-18)
(44.1715243692 23.9447994988 6.03091226867e-18)
(42.6657051819 22.7129791495 -6.80848295602e-18)
(41.0354203573 21.4557822803 7.75433810219e-20)
(39.1358072918 20.239248308 8.49766852562e-18)
(36.8622626888 18.9818368097 1.21601939223e-17)
(34.4578513678 17.1616182057 -7.79950744246e-19)
(32.5857092431 14.0008965914 -9.79981221281e-18)
(31.7846451035 9.22733572064 -2.07246555722e-17)
(32.049862947 3.45798380303 4.57558975828e-17)
(33.0777584765 -2.30890672575 -1.86919094404e-17)
(34.6116553271 -7.31525404224 0)
(36.434306107 -11.188431965 9.04587192127e-18)
(38.3260010525 -13.8752399527 1.44764848835e-17)
(40.0895422714 -15.5421014088 1.45440991012e-17)
(41.609190332 -16.4734811251 9.19696367857e-18)
(42.8510497801 -16.9754576152 6.24692536968e-18)
(43.7885343261 -17.3705027475 2.28508106094e-19)
(44.3267255849 -18.0037412467 -1.50624894409e-18)
(44.2939804628 -19.0934584834 1.40830723884e-18)
(43.6847885296 -20.3464063321 -1.88662871194e-19)
(42.8212614532 -20.7461880337 1.2534628689e-19)
(42.2214825342 -19.0237987845 7.93577473645e-18)
(42.5610295692 -13.4250363083 -9.13582070072e-19)
(44.1569327155 -4.75063849312 -9.72337203095e-19)
(46.4196810007 4.43402543243 -1.05072365673e-18)
(48.7322435714 11.6618922785 -1.5694983568e-18)
(50.0416599256 14.1274151893 -5.44559848787e-18)
(20.5856585536 14.9239330577 -4.4740069842e-19)
(18.461243496 16.1245452891 6.15995116792e-18)
(16.0346638451 17.3149018975 -1.36225528749e-17)
(13.4565669017 18.3777345582 1.00125351329e-17)
(11.0054411725 19.0292003482 -1.75709720974e-17)
(9.01516394119 18.7574920264 -1.66264432236e-17)
(7.65370364919 16.9945126472 -1.4149842386e-17)
(6.88295819857 13.6876086994 -2.6549856502e-17)
(6.58656534051 9.11228195408 -2.09853611125e-17)
(6.71995607754 3.61636512678 5.06996439388e-17)
(7.31167204479 -2.33164023441 -5.20635813327e-18)
(8.38584788489 -8.32258881877 1.94320407371e-17)
(9.89246842126 -13.9368702254 1.78452248711e-17)
(11.6921969337 -18.7958846715 -3.52572538423e-17)
(13.5892218431 -22.6641083853 -2.3141651595e-17)
(15.387735277 -25.5318481754 -6.11155881174e-18)
(16.9462559566 -27.5838633292 -1.66003577373e-18)
(18.2199125299 -29.0923547977 -9.45592987888e-18)
(19.2467943714 -30.3205194336 4.2278575402e-19)
(20.0926583029 -31.4322792238 3.02027680668e-18)
(20.8076557909 -32.5025877482 7.55336411495e-18)
(21.4090696791 -33.5536533456 3.99884298532e-18)
(21.8905946502 -34.5938993589 -1.29881499186e-17)
(22.2460913335 -35.6295028259 2.74003344404e-18)
(22.4853085285 -36.655095838 6.43523143625e-18)
(22.6379876956 -37.6404860697 -7.83026694368e-19)
(22.7510086448 -38.5208506023 -6.64102867013e-18)
(22.8875972471 -39.2087065312 6.58358180078e-19)
(23.1150458163 -39.5736293958 4.2220192681e-18)
(23.479986303 -39.42620461 -4.12137421434e-20)
(24.0701896519 -38.6803313574 8.69155827475e-18)
(24.9393418364 -37.1296689218 5.84774515233e-19)
(26.1272196578 -34.6530694916 -1.48198894103e-17)
(27.6812703023 -31.1510631101 3.77909440831e-18)
(29.6264513023 -26.5619728971 1.18145642285e-17)
(31.9691526364 -20.8752965222 -4.90142308376e-18)
(34.6792854497 -14.1907071307 1.40053837901e-17)
(37.6428379675 -6.75512785743 -1.24250978796e-17)
(40.6817626548 1.12861630869 -2.4446297671e-19)
(43.6164933986 9.06860360924 2.10721601991e-18)
(46.2943971645 16.5336224334 1.21972241623e-18)
(48.5779974291 22.9435025524 8.62544368229e-19)
(50.3258999092 27.8892979806 3.39924029037e-18)
(51.4494918452 31.2210156632 3.79061443909e-18)
(51.9507264908 33.0604418895 -6.0955028387e-18)
(51.9211660847 33.6246782385 -3.59258975125e-19)
(51.5369488617 33.2916781096 2.15761541812e-18)
(50.8718891987 32.37632083 0)
(49.971207615 31.1104123475 6.74005812899e-20)
(48.933741626 29.6976433022 9.44235892676e-19)
(47.8055303892 28.27044465 -1.60565863816e-18)
(46.5925605128 26.907692684 9.99866613439e-19)
(45.2879670107 25.6394179346 -2.85279710968e-18)
(43.8921323988 24.432476776 8.43031108382e-18)
(42.4056656268 23.2256015958 -4.30830814782e-18)
(40.761075019 22.0274991833 5.68358484874e-18)
(38.7870371845 20.907122741 2.29065091854e-17)
(36.4100821757 19.7067916779 -8.03937699458e-18)
(33.9586135481 17.7870355862 -3.74758336118e-20)
(32.1454167115 14.3605657204 6.76692781746e-20)
(31.399921641 9.28347776179 -3.70236639381e-17)
(31.6445254631 3.29240708172 4.11639883326e-17)
(32.6278430648 -2.62182322947 -1.30216764672e-17)
(34.1527791686 -7.72092640969 3.75918081592e-19)
(36.013580532 -11.6347133884 9.04735002482e-18)
(37.9687363265 -14.3090532536 1.71254438586e-17)
(39.7939471929 -15.9237212206 -6.97534358557e-20)
(41.3572093614 -16.78434988 -6.47830311608e-20)
(42.6188986719 -17.2115246835 3.58663312383e-18)
(43.5615422375 -17.5234102748 -2.98516097013e-18)
(44.1083093653 -18.0509206088 -5.67727055853e-18)
(44.0856796479 -19.0191593209 -3.62008211281e-18)
(43.4609531307 -20.1872957533 -1.1698048618e-19)
(42.5346654574 -20.5814882707 -1.8313767332e-19)
(41.821513054 -18.9827636614 2.75500575621e-18)
(41.9891952285 -13.5728304106 -4.21565921441e-18)
(43.5363946577 -5.06263645154 1.14893371147e-17)
(45.7989920141 4.04410010896 8.77793193405e-18)
(48.1698347107 11.3433725787 -2.85368081312e-18)
(49.6814246321 14.0086788424 -4.53008398551e-19)
(19.5666625254 17.3608942104 1.75742088117e-17)
(17.5471651715 18.9096198968 8.73684952546e-18)
(15.3323717019 20.266412755 6.76942493866e-18)
(13.085634669 21.2122731113 -1.70163570854e-17)
(11.0564489142 21.4314001026 -9.6594868427e-18)
(9.48990896619 20.5248995913 2.82978458645e-17)
(8.4650960753 18.1707148723 -1.57425250395e-18)
(7.91174645469 14.362784895 4.21812744584e-17)
(7.79195825594 9.31822211102 2.4271512095e-17)
(8.12482858598 3.36396414641 -5.59259999573e-17)
(8.90215338843 -3.07444161885 1.33089222632e-17)
(10.1248316317 -9.51835625432 -6.18033990492e-19)
(11.7391400053 -15.4592367639 2.54471806049e-17)
(13.5909622204 -20.4591046479 2.12174557236e-17)
(15.4632255694 -24.2713738452 -1.88323509293e-17)
(17.144503124 -26.9259352253 5.82087472248e-19)
(18.504751897 -28.6943125619 0)
(19.5351721611 -29.9436174018 -7.83051138139e-18)
(20.3190847261 -30.9804882383 -6.39117955865e-18)
(20.9583573971 -31.9674148729 8.45014935492e-18)
(21.5156134533 -32.9459809029 -2.30231342395e-18)
(22.0011972047 -33.9096163108 -7.48862797118e-18)
(22.3940262925 -34.8555563864 -9.6480795268e-18)
(22.6709388879 -35.7963656251 6.9755433773e-18)
(22.8247170225 -36.7408276934 1.99957864187e-18)
(22.8701433996 -37.6737514486 -6.13654214392e-18)
(22.8481555534 -38.5394431842 -8.7064168004e-19)
(22.8193205805 -39.2566116134 3.47082729055e-18)
(22.8337298509 -39.6846720449 1.306449408e-19)
(22.9811571032 -39.6417268927 -6.44118374333e-18)
(23.3285842149 -39.061139035 -1.04090876339e-18)
(23.9275789295 -37.6730418031 1.83849434502e-17)
(24.8348865057 -35.3842010652 -5.48258774832e-18)
(26.0962227056 -32.0827617744 -1.58978875957e-17)
(27.7451496959 -27.6929320816 2.57845657346e-18)
(29.8002657307 -22.1903974535 1.17503859895e-17)
(32.2536633403 -15.6466903908 3.1569538127e-18)
(35.0297096651 -8.26958995827 1.77526214128e-17)
(37.9814844917 -0.360432599323 -1.68251931367e-17)
(40.9418480799 7.67624788874 9.32424106498e-18)
(43.745267946 15.3058318635 -1.02499664205e-17)
(46.2305413717 21.9539512939 -2.58146987052e-18)
(48.2463577601 27.1855523949 -2.29157670938e-18)
(49.6654971004 30.8096938921 3.08038298408e-18)
(50.4521456424 32.9015426186 -3.83453002817e-18)
(50.6842746066 33.676052921 -4.96376048481e-19)
(50.5402765627 33.4498562754 5.71285648946e-18)
(50.080211114 32.6587572297 -4.8183859478e-20)
(49.336841567 31.4597946322 -9.9656692418e-19)
(48.4203402328 30.0856332092 -3.85958722625e-18)
(47.3849443493 28.6836384526 -1.36317998313e-18)
(46.2401758158 27.3431619162 2.37631588037e-18)
(44.9840893233 26.096066355 -7.50832713961e-19)
(43.6251990717 24.908592924 -6.53849330335e-18)
(42.1610416767 23.732825512 -2.24344845211e-18)
(40.497329169 22.6043007796 -2.03468537961e-19)
(38.4436668047 21.585931529 3.25156286772e-18)
(35.9748559167 20.436032569 -6.47350061214e-19)
(33.5003507627 18.4106753242 -1.46528905596e-17)
(31.7377711168 14.7371665669 1.2137139071e-17)
(31.0092106445 9.38396410011 2.71172539366e-17)
(31.2090468401 3.1672723813 -2.35396676554e-17)
(32.1500659234 -2.91562776895 3.3975909565e-17)
(33.6820702576 -8.12685270383 -3.4581443056e-17)
(35.5965533539 -12.0912322212 -9.7626615881e-18)
(37.6247640214 -14.7547809306 -3.50302953201e-18)
(39.5169389348 -16.3152737543 -2.09591491492e-17)
(41.126955613 -17.1018021102 -9.21097814317e-18)
(42.409328792 -17.4503665144 -3.71477393231e-18)
(43.356117129 -17.6782275801 5.42775275125e-18)
(43.9087460097 -18.1022397899 -2.04696515853e-18)
(43.8972605295 -18.9468946696 -8.75404781561e-19)
(43.2598959607 -20.0242594993 1.97224050185e-19)
(42.2800172462 -20.4211238314 -1.42030273239e-19)
(41.4686108666 -18.9079063346 -8.13628047333e-18)
(41.5085160952 -13.698825555 -6.09062602685e-18)
(42.9440903909 -5.36949565789 -5.84263933857e-18)
(45.2104298151 3.65628425252 -3.77223932396e-19)
(47.6415622376 11.007067003 -4.81709408079e-18)
(49.3371921352 13.8950455574 2.81536636609e-18)
(18.8369319708 19.5909716786 1.31723034769e-17)
(17.1124914806 21.3624831754 -1.08745994232e-17)
(15.3086399418 22.7665452559 -2.19451982832e-17)
(13.5600637892 23.5316387237 -1.15313642158e-17)
(12.0401601514 23.3592375212 5.23319480548e-17)
(10.8967078744 21.9501245571 1.60355609281e-17)
(10.1738333749 19.1081927332 7.57520967877e-18)
(9.84690053013 14.8483255762 -4.693218351e-18)
(9.91444792384 9.36419480629 2.31843514341e-17)
(10.3978186041 2.9663451068 -1.96972237777e-17)
(11.2971804805 -3.91807966501 3.11478687547e-18)
(12.595765136 -10.7639368959 8.52127154986e-18)
(14.2291375751 -16.9835995537 -3.73744367591e-17)
(16.0297630571 -22.068882817 2.92946898299e-17)
(17.7667313133 -25.7551919432 6.46370218381e-18)
(19.2238930215 -28.1287556598 -1.23769578168e-17)
(20.2910143435 -29.5712895464 7.58466278226e-18)
(21.0033543255 -30.5553822221 0)
(21.4925783135 -31.4307657436 -5.84633240222e-19)
(21.8917498215 -32.3384851777 2.73083977328e-18)
(22.2695695629 -33.270420044 -1.54738323881e-19)
(22.6258559218 -34.1805207203 1.59390240749e-18)
(22.9249916811 -35.0522947369 -1.45236323781e-19)
(23.1277491065 -35.9045409478 -3.30647486127e-18)
(23.2096738502 -36.7620654685 -4.12781707253e-18)
(23.1698631022 -37.6273564435 -1.82404103056e-18)
(23.0363776725 -38.4603651398 2.37471736371e-18)
(22.8549303817 -39.1843793485 3.78863104625e-18)
(22.6837750448 -39.6704168769 -2.89583201185e-18)
(22.6334557437 -39.7216708072 1.19140977257e-18)
(22.748270499 -39.2809985633 -1.10818506751e-18)
(23.0905246327 -38.058109977 -1.85480251644e-18)
(23.7323867828 -35.9562633316 8.12990537523e-18)
(24.7147608424 -32.8544931696 -9.98828797092e-18)
(26.0758810906 -28.6688884163 -1.16020785179e-17)
(27.8465502178 -23.3649512848 -7.4087268622e-18)
(30.0361933511 -16.9916395113 -6.30251668575e-18)
(32.6027067011 -9.72013391898 1.6922567871e-17)
(35.4376942716 -1.837476975 9.22109658451e-18)
(38.3879227446 6.24737971433 -2.70448445669e-17)
(41.2782780862 14.0068262716 -9.74003542698e-18)
(43.93205537 20.8669507619 9.03644954675e-18)
(46.1779456669 26.3658059567 -3.67872530218e-18)
(47.8630073332 30.2791950689 -3.70762004121e-18)
(48.9272065095 32.6368814144 2.09006012625e-18)
(49.4331652688 33.6216785313 4.37354145998e-19)
(49.5259847108 33.5363157701 2.22745964911e-18)
(49.2647480946 32.8866614748 3.16904039092e-18)
(48.6885746154 31.7620231931 1.04961884272e-18)
(47.9015336077 30.4371599784 9.41849245889e-19)
(46.964418507 29.0699535062 -4.09263088863e-18)
(45.892635602 27.7593095275 -8.23167110885e-19)
(44.6908233744 26.5384396482 -5.55926285002e-18)
(43.3749097362 25.3748975138 -7.97263899913e-18)
(41.9344239036 24.2393926686 1.28907468982e-20)
(40.2468237256 23.1950684341 -6.00499907779e-18)
(38.1147840437 22.2868597356 -2.45919712034e-17)
(35.5722886601 21.1795345694 1.26163925786e-17)
(33.092491137 19.0393190306 2.04308192583e-17)
(31.355168602 15.1199191585 4.40943032298e-17)
(30.6075694382 9.49761320033 3.74899928721e-17)
(30.7518011873 3.05346889116 -1.59854430549e-17)
(31.6582070622 -3.20643936259 -6.80987043003e-18)
(33.2097928574 -8.54150768059 -5.0778022064e-19)
(35.1882186028 -12.5645495746 8.97902022351e-18)
(37.2951837067 -15.2181663451 -3.63416103289e-18)
(39.256499723 -16.7199878728 4.565230879e-20)
(40.9143066387 -17.427298237 -1.279762399e-20)
(42.2191848521 -17.6927667319 7.22226845743e-18)
(43.1697806793 -17.8344148012 -2.93970617443e-18)
(43.7256023041 -18.1552946553 3.80429178151e-18)
(43.7261005242 -18.8757727348 2.04720722681e-18)
(43.0809158662 -19.8555919673 -7.50806285492e-20)
(42.0501605255 -20.2435856056 -9.0684181596e-19)
(41.1479701825 -18.816372102 3.09881042535e-18)
(41.0832070338 -13.8088957617 3.39115644881e-18)
(42.3916817101 -5.66970037424 -2.46733195384e-17)
(44.6523497535 3.26375281021 -1.50451679007e-17)
(47.1461086731 10.6495997303 5.66117226337e-18)
(49.0060625158 13.7737254951 -3.24346081247e-18)
(18.5771872509 21.4549376478 -1.4273735096e-18)
(17.2702318662 23.3243808005 -3.76797014072e-18)
(15.9723677711 24.6892723576 -1.77915498365e-17)
(14.7761065277 25.2508432413 3.04408260207e-17)
(13.7846863412 24.7531429076 3.48575086565e-17)
(13.0800319309 22.9563810602 -3.87022575037e-17)
(12.6952326268 19.7322810603 -4.2128536606e-17)
(12.6330338259 15.1110269629 -7.39848389609e-18)
(12.9065669876 9.2668913521 2.75917544032e-17)
(13.5354324215 2.49092687361 8.50392160077e-18)
(14.5156530797 -4.7845271611 -3.01467881747e-17)
(15.8184591525 -11.9831054612 1.34404550849e-17)
(17.3651406068 -18.4213223203 -1.50462474552e-17)
(18.9877659745 -23.5273935841 -2.47207208681e-17)
(20.4557714562 -27.0195764279 8.77582838452e-18)
(21.5637372164 -29.0551474202 -8.74672719113e-18)
(22.2383076415 -30.1476390468 -4.31070127818e-18)
(22.5667814178 -30.8830215931 -1.60731771152e-18)
(22.7257323608 -31.6445442827 -9.00660970556e-18)
(22.8673258887 -32.5310288442 -2.54755681016e-18)
(23.0544092536 -33.4680827958 3.16820778739e-18)
(23.2719052522 -34.3638631884 2.29919079414e-18)
(23.4712795994 -35.1880493412 2.73595210431e-19)
(23.601532842 -35.9652456013 -1.53621459346e-18)
(23.6232640076 -36.736207021 3.05147055595e-18)
(23.5175553701 -37.522580965 3.65278130576e-18)
(23.2955600539 -38.3030129349 -2.06089580571e-18)
(22.991246914 -39.0174137563 9.78637216958e-19)
(22.6700941413 -39.5286074863 1.49897208095e-18)
(22.4246040311 -39.7198543768 3.46956149204e-18)
(22.3155272536 -39.3534581805 5.76712080404e-18)
(22.4244176547 -38.294848836 6.27972247465e-18)
(22.8168749295 -36.375048234 3.28590935247e-18)
(23.5354788674 -33.4696084706 5.62896818668e-18)
(24.6229047883 -29.4899566581 -2.06993041944e-17)
(26.1175391855 -24.3928337912 -1.43747717445e-17)
(28.0435669692 -18.2095187982 -1.74392380322e-18)
(30.3870185626 -11.0817450344 -1.63917654371e-17)
(33.0752129613 -3.27658777617 -2.11390845904e-17)
(35.9780835193 4.80626583074 -2.73350851762e-18)
(38.917706411 12.6493965228 1.70669107697e-17)
(41.7022460871 19.6799789194 -3.75124921893e-18)
(44.1436023853 25.4213308593 -7.97564078687e-19)
(46.0726227309 29.6187942201 7.90520542603e-18)
(47.4091960064 32.2526537422 4.41876878363e-18)
(48.1835833842 33.4572320325 -2.66303607158e-18)
(48.4964021955 33.5289918048 -1.39442652923e-18)
(48.4295911008 33.0253577989 2.38021601821e-18)
(48.0318075022 32.0036645006 1.78739201773e-18)
(47.3819541784 30.7430943268 2.64742753742e-18)
(46.5474757428 29.4225123624 2.18558637278e-18)
(45.5527702113 28.1509324154 7.19923939863e-18)
(44.4108273742 26.9624354215 -1.63216136623e-18)
(43.143261467 25.8288990888 -6.51401495314e-19)
(41.7267455624 24.7456306325 4.98804739102e-18)
(40.012198309 23.8015898834 -1.44356177003e-17)
(37.807616915 23.0106662465 9.96164572046e-21)
(35.2083610329 21.9346915701 -2.20383682588e-17)
(32.7317942403 19.6651804743 1.67152036937e-17)
(30.9939873337 15.4994556116 6.24185217886e-18)
(30.2022954575 9.61822243111 -7.5807630647e-18)
(30.2843628514 2.95017772993 -1.89931088405e-17)
(31.1619042597 -3.49587317409 -2.42437422297e-17)
(32.7433845059 -8.96750501024 7.22731407279e-17)
(34.7938183835 -13.0563514626 -1.84080825868e-19)
(36.9834727792 -15.7001697788 -3.21611860362e-17)
(39.0151605766 -17.1390877639 6.73283064348e-18)
(40.7207913818 -17.7610416013 -9.54370090951e-18)
(42.0497811659 -17.9382829732 -3.69828423196e-18)
(43.0043911615 -17.9926985201 -5.34363602496e-18)
(43.5603971366 -18.2095787273 5.93475965199e-20)
(43.5712281998 -18.8063486569 -3.67432120602e-18)
(42.924324287 -19.6831331171 1.77632457348e-19)
(41.8509785873 -20.0534600895 2.6706104748e-18)
(40.8593716412 -18.7083679747 2.81138197598e-18)
(40.7110922304 -13.9000041204 9.86997680266e-20)
(41.8837186404 -5.96000760609 6.24219334404e-18)
(44.1313417572 2.86548854156 8.35580085263e-19)
(46.6834300312 10.2748053484 4.06126765018e-18)
(48.6918915337 13.6318783059 3.10323794131e-18)
(18.8216588895 22.7883024798 -1.06704698484e-17)
(17.9953958187 24.646177966 -1.9210182496e-17)
(17.225789578 25.9212414949 1.93285308419e-17)
(16.6099427801 26.3246728819 2.75444023051e-17)
(16.162341592 25.5801740024 -1.04652573749e-17)
(15.9224558862 23.5113870879 -1.4535303727e-17)
(15.9211810869 20.0198522641 -3.4432214758e-17)
(16.1729082229 15.1345913063 3.55166988806e-18)
(16.6907868286 9.0148358456 3.49621849981e-18)
(17.4807782904 1.94467195818 -9.00645767372e-18)
(18.510959537 -5.66677367313 -9.68854870545e-20)
(19.7295621128 -13.0971926341 5.07463697214e-18)
(21.0687254161 -19.6550597624 2.69851562961e-17)
(22.3731898446 -24.7016627944 -1.74193573488e-17)
(23.4257976548 -27.9386885097 -4.17923445083e-19)
(24.0540055874 -29.6031730404 -3.50568613102e-18)
(24.2440609076 -30.3546967261 -4.42637229746e-18)
(24.1435316303 -30.8906104573 4.15236718163e-18)
(23.9627589963 -31.6074450368 -1.533926225e-18)
(23.8521315377 -32.5388256006 -6.25808230141e-18)
(23.8523351027 -33.5330969319 -3.67565035914e-18)
(23.9290724251 -34.4532537988 -2.16609327741e-18)
(24.0244364356 -35.2586909337 1.86432199414e-18)
(24.0817919629 -35.9803294186 4.96025257576e-18)
(24.051376993 -36.6716668756 6.528826097e-19)
(23.8972280861 -37.3728582866 -1.4024169748e-18)
(23.6096302327 -38.0844795535 -2.27531565404e-18)
(23.2118733424 -38.7588821058 4.89972057497e-19)
(22.7630349629 -39.2948998964 -1.73900962863e-18)
(22.3408048944 -39.5293004616 -1.41166039417e-19)
(22.0312132797 -39.2879867757 4.52660214604e-18)
(21.9230265691 -38.3954016038 1.56239234133e-17)
(22.0786267929 -36.6494712733 4.59464366924e-18)
(22.549829665 -33.9373865947 1.76397387561e-18)
(23.3807597036 -30.1638982825 4.38848845309e-19)
(24.613222244 -25.2789400452 2.24225477103e-17)
(26.2822637341 -19.300847379 -5.58527662349e-18)
(28.3968653395 -12.3473400724 -9.74677848903e-18)
(30.9159749614 -4.66129992491 -1.24968834565e-17)
(33.7356809961 3.37521481087 1.10511300068e-18)
(36.6849881095 11.2573459846 1.84877881549e-17)
(39.5627375218 18.4230011061 -1.01546817527e-17)
(42.1671819546 24.3828411096 4.7509906584e-18)
(44.3163141837 28.846760492 -1.59232777826e-18)
(45.912764899 31.7482888798 -2.11655408607e-18)
(46.9483656139 33.200730921 -2.5975104767e-18)
(47.4721124151 33.4585286852 1.54205751396e-18)
(47.5908536825 33.0728145724 -1.36024211345e-18)
(47.3708293244 32.1777411696 9.56442444288e-20)
(46.8633373494 31.0023198807 1.80049173812e-18)
(46.1366855876 29.741154851 8.29974309816e-19)
(45.2234688334 28.5170526348 5.92040399575e-18)
(44.146836567 27.3664496102 1.61044861405e-17)
(42.9321416998 26.2697612907 -1.19816836681e-19)
(41.5392158034 25.251780989 3.08668429366e-19)
(39.7968234769 24.4229704909 -2.16032024512e-19)
(37.5288102959 23.7509099397 1.45876289972e-17)
(34.8870326124 22.6956176496 -2.68304623969e-17)
(32.413552091 20.2889603853 1.20567826402e-17)
(30.6565531673 15.8853444808 -4.90822328273e-17)
(29.8027314328 9.75645986631 -8.13671231695e-18)
(29.8162829572 2.86013330971 1.73273760291e-19)
(30.6699347202 -3.78580367624 7.71472142594e-18)
(32.2901566358 -9.40711245885 -1.80554684101e-19)
(34.4183870872 -13.5680039417 -2.10418246618e-17)
(36.6929494217 -16.2010183873 -2.95246495364e-17)
(38.7952111247 -17.5725293373 -4.6622956164e-20)
(40.5481933046 -18.1038139847 4.74287149915e-20)
(41.9020129614 -18.1875018397 -1.87766033991e-17)
(42.8619507178 -18.1515823465 5.54373476772e-18)
(43.4146542487 -18.2677145749 -2.00540064796e-18)
(43.4301887562 -18.7362392699 -1.48487271137e-18)
(42.7902441829 -19.5076380737 1.95996983042e-19)
(41.6824058357 -19.8530106427 1.55661657498e-18)
(40.6130623916 -18.5840764738 -2.91988156842e-18)
(40.3762996587 -13.9727453723 2.51867321978e-19)
(41.4292924085 -6.24026575919 2.52880130801e-17)
(43.657724052 2.4633671187 5.09665840737e-18)
(46.2539421329 9.88224698321 -9.04135838796e-18)
(48.4002553697 13.4732451122 3.60500113275e-18)
(19.5045894176 23.5143291485 4.05993442574e-18)
(19.1903647798 25.3351187539 1.32830124047e-17)
(18.9768919893 26.5134865799 -3.97851730011e-18)
(18.922011548 26.6402881539 -1.73713540005e-17)
(19.0209521599 25.8274812348 6.84414158644e-18)
(19.2743078575 23.5858497192 -4.49738310614e-17)
(19.6976524716 19.9167617037 -2.14664287033e-17)
(20.2988733578 14.8466368184 3.58642716904e-17)
(21.0904771807 8.5278652367 1.85228736429e-17)
(22.0239837205 1.29005848711 -4.33255965416e-18)
(23.1096475851 -6.61360684627 1.53919181597e-18)
(24.1535870389 -14.009788061 -9.10666371335e-18)
(25.1593819688 -20.551693474 1.9106782752e-17)
(26.0141747864 -25.4573013525 1.35115571645e-17)
(26.5093468874 -28.3867410203 1.92767793333e-18)
(26.5418920723 -29.6797141765 6.77161161758e-18)
(26.1817102405 -30.1435234313 -2.0078158985e-18)
(25.6403191214 -30.5674915911 -2.28660211416e-18)
(25.1431447638 -31.3293013684 3.53495283424e-18)
(24.8106834203 -32.3742204835 1.16160617921e-18)
(24.6441025757 -33.4712429247 -1.12670780307e-18)
(24.5875118447 -34.448922998 -5.50842621912e-19)
(24.5793752984 -35.2635309633 2.95079372942e-18)
(24.5631867452 -35.9522740478 -1.17440764265e-18)
(24.485474116 -36.5773232546 -3.03492331464e-18)
(24.2962213445 -37.192374466 2.71684182558e-18)
(23.9666959671 -37.8221173159 1.85853940381e-18)
(23.5021675935 -38.4429649174 -1.26899174993e-18)
(22.9463536776 -38.9685203009 -9.61089308646e-19)
(22.3762833566 -39.2544916796 -8.11561459686e-18)
(21.8896143282 -39.1130714112 -3.59665646982e-18)
(21.576294859 -38.3601416434 -1.43533666993e-17)
(21.5084374455 -36.7874514576 3.98492703182e-18)
(21.7490858149 -34.2676663648 7.42602974062e-19)
(22.3412609505 -30.6998396229 1.96501626434e-17)
(23.3282328023 -26.0297604611 1.60627668884e-18)
(24.7521284498 -20.2672098571 2.64332828797e-17)
(26.6391419205 -13.5105540923 1.14896511061e-17)
(28.9747085726 -5.97786012696 2.61093155168e-17)
(31.6812014125 1.97170648324 2.15155562094e-17)
(34.6027651154 9.85259525114 5.17206577488e-17)
(37.5367461049 17.1190410171 -8.60157136848e-19)
(40.2714971691 23.2691242871 -1.19015786979e-17)
(42.6135550739 27.9790563363 0)
(44.4459123749 31.1343480709 0)
(45.73039444 32.8296961854 1.10299810128e-18)
(46.4669613951 33.3067847212 1.20143637103e-18)
(46.7655283009 33.0712815763 -1.64002948275e-18)
(46.712938424 32.2965513176 2.87623119492e-19)
(46.3485414351 31.213768643 0)
(45.7337821157 30.0247660793 -2.20064892154e-18)
(44.9070036753 28.8566379055 -4.34409690234e-18)
(43.9012146032 27.7493414496 8.62693874337e-19)
(42.7430672668 26.6971260746 5.06394985962e-19)
(41.3735359997 25.7576651192 3.6622066951e-21)
(39.6044171063 25.0563106537 2.6862977577e-17)
(37.2840844579 24.5033482817 -3.74450434168e-18)
(34.6124402929 23.4599915023 1.02075431861e-17)
(32.1370366693 20.9165204835 4.78311215289e-19)
(30.3376321012 16.2860980277 6.81302788162e-18)
(29.4198657034 9.91612477249 -2.77518068404e-17)
(29.3579827086 2.78370736986 2.2665923967e-17)
(30.1911517032 -4.07783897318 1.72230854226e-18)
(31.8569505804 -9.86199291816 -8.53482475404e-18)
(34.066713532 -14.1003962678 2.29224794544e-17)
(36.4270610648 -16.7208513589 2.15118982911e-17)
(38.599089704 -18.0202233564 -1.33159867756e-19)
(40.3986934644 -18.4555621003 1.62980551053e-19)
(41.7767828196 -18.4412572674 3.694109584e-18)
(42.7439944648 -18.3108720331 -4.1057642288e-20)
(43.2913886486 -18.3254494144 -1.59907419954e-18)
(43.3027769423 -18.6682291227 1.92225308537e-18)
(42.6787104106 -19.3299937555 -6.40264734754e-19)
(41.5387560635 -19.6441877481 -1.26964327644e-18)
(40.4134803266 -18.4456245429 -6.45193773949e-18)
(40.0711308531 -14.0284051823 4.56122231705e-18)
(41.0330477137 -6.51207617681 -6.26767558477e-18)
(43.2387360543 2.058973667 1.07074300148e-17)
(45.8600740821 9.47134176324 -2.71979336023e-18)
(48.1335239007 13.304265905 1.94234534446e-19)
(20.5210857354 23.5992521857 -1.75449527379e-18)
(20.7237492515 25.2811683554 -8.92568463322e-18)
(21.0782889381 26.327546969 -1.31730372555e-17)
(21.552938617 26.3939562925 2.93131546724e-19)
(22.1673817146 25.4240251318 -1.52584740695e-17)
(22.9182100982 23.1120691616 9.60273723416e-18)
(23.7890808429 19.3731125269 3.12189277973e-17)
(24.7242508711 14.2203284168 7.43501084665e-19)
(25.6981753501 7.83311075271 5.27496272196e-18)
(26.78981963 0.610560435538 -3.6449169164e-18)
(27.9652378084 -6.85447386735 1.69313582679e-18)
(28.7508369526 -14.4932009882 7.79164234466e-18)
(29.3496918765 -21.0076207434 -4.88490729033e-18)
(29.6444854862 -25.6807241661 -2.95916311011e-18)
(29.4731999127 -28.2604877315 1.32297747068e-17)
(28.8380497552 -29.2194290252 -5.73312451371e-18)
(27.911746756 -29.4977777361 8.30127542561e-19)
(26.9647600441 -29.9346554963 1.60122549982e-18)
(26.2108415845 -30.844700029 -1.31624286996e-18)
(25.7101104176 -32.065689675 4.88821445378e-19)
(25.4106049995 -33.2981511369 1.32959965928e-18)
(25.2371511684 -34.3563339319 -6.64120204055e-19)
(25.131468352 -35.2033052789 -2.88990863848e-19)
(25.0441449328 -35.8819754937 -1.90521565962e-18)
(24.9214859584 -36.4574485337 2.19980271296e-18)
(24.7065274447 -36.9928659303 1.1537108895e-18)
(24.3535470714 -37.5322219297 -6.87119069781e-18)
(23.8465979308 -38.0777899612 2.28539912502e-18)
(23.2133158392 -38.5698408877 3.53513394586e-18)
(22.5236967757 -38.8790955378 6.40560386027e-18)
(21.8762030433 -38.826339395 -1.37398978664e-18)
(21.3735200912 -38.1992285846 -1.11276329598e-17)
(21.0979244234 -36.7987013238 6.42897209714e-19)
(21.1238872108 -34.4700961101 1.49114548088e-18)
(21.4937897057 -31.1073351625 9.79798757107e-19)
(22.2529282327 -26.6534923725 -4.12255833265e-17)
(23.4468002326 -21.1132034299 2.67180140693e-17)
(25.1129175299 -14.5697940087 -1.01207651555e-17)
(27.257401905 -7.21825818493 2.7674041128e-17)
(29.827876589 0.608423724524 2.5046235563e-17)
(32.6890237755 8.45124846143 -7.93450633271e-18)
(35.6437873416 15.7818197888 1.12053938933e-17)
(38.4756814479 22.090959905 -8.80797215258e-20)
(40.9818979471 27.0250654517 -8.46792962574e-18)
(43.0221969228 30.4291609449 6.96317996162e-18)
(44.5310243917 32.3638201275 -2.17740686143e-18)
(45.4787379058 33.0790794911 -3.32606491073e-18)
(45.9557623536 32.990013728 1.50891071818e-18)
(46.0643074104 32.3686339686 6.98658988348e-19)
(45.8429391805 31.3810335061 6.21574021006e-19)
(45.3421644436 30.2722157967 -1.04035679874e-18)
(44.6057267247 29.1676541149 -4.90643151277e-18)
(43.6759638495 28.109571704 -5.50579919451e-18)
(42.5773980972 27.1103723305 3.69580240615e-18)
(41.2314658077 26.2626506525 2.31418497611e-18)
(39.439307545 25.698367663 2.16932357663e-19)
(37.079028992 25.2655493648 -2.5861612049e-19)
(34.3877448876 24.2279441686 2.41109815961e-17)
(31.9029357266 21.5518696891 -5.06434681486e-17)
(30.0565531863 16.7049001741 -1.64173414442e-17)
(29.0467827727 10.0980942918 1.86665287968e-17)
(28.9105016157 2.72004135115 6.90751903801e-20)
(29.733259115 -4.37404991985 5.03469999389e-17)
(31.450129287 -10.3335589133 -1.69101534261e-17)
(33.7438126255 -14.6539159688 3.42802867832e-19)
(36.1895849137 -17.2603694658 -1.25156881939e-17)
(38.4295864666 -18.4816174298 1.94905386157e-19)
(40.2748468074 -18.8158771853 5.27404322511e-18)
(41.6749778216 -18.6991420463 1.51091501537e-17)
(42.6501592502 -18.471006258 2.74279754633e-18)
(43.1906337904 -18.3825543175 1.53376852765e-18)
(43.1920666089 -18.6029853921 2.58550679544e-18)
(42.5897785278 -19.1511831982 -3.11109450341e-19)
(41.4207007112 -19.4266645147 1.43801101175e-19)
(40.2320057423 -18.2947368126 1.01396085116e-17)
(39.8127190351 -14.0703035745 -8.85210481741e-20)
(40.6942744722 -6.77659106435 -3.65421769268e-17)
(42.8734183299 1.6534950287 -1.20064467495e-19)
(45.5028580246 9.05366298354 1.28495143671e-19)
(47.8940531277 13.1208307831 4.4069514597e-19)
(21.7682465572 23.0568886065 -1.3672419392e-17)
(22.4501595005 24.5916056925 1.82435739221e-17)
(23.2990677222 25.5180432021 1.5303962811e-17)
(24.2776254878 25.5319411936 -3.31036635148e-17)
(25.3764975313 24.4528183883 -3.69950841173e-17)
(26.5916938363 22.0975177929 -3.99241721493e-18)
(27.8765007075 18.3582718214 4.35213414611e-17)
(29.1692493139 13.3045856013 -3.40513996928e-18)
(30.4300701008 7.08416120415 -1.67702599448e-17)
(31.5642558331 -0.0583718862561 -7.74220751189e-18)
(32.4589305106 -7.62637496821 1.58556094733e-18)
(33.0492381618 -14.8864316014 3.55141188161e-18)
(33.2443107231 -21.0125389182 -1.96392347804e-17)
(32.9220430914 -25.3060971797 1.24448199107e-17)
(32.0465559404 -27.5103313121 -7.10356269672e-18)
(30.7437195569 -28.2131765492 -5.54446354156e-18)
(29.3028191913 -28.450457828 7.34327283987e-18)
(28.0417210988 -29.0511294194 -9.91004377006e-19)
(27.1249176802 -30.212153373 -1.24565191644e-18)
(26.5250122982 -31.6548713887 -9.18498138837e-20)
(26.13460766 -33.0377896356 2.41812985513e-19)
(25.8682466436 -34.1869532619 -1.63704996439e-19)
(25.677681904 -35.0825522717 1.01340351191e-19)
(25.5242070845 -35.7711283097 -2.64708251743e-19)
(25.3591806722 -36.3154448251 -1.20647881869e-18)
(25.1232599141 -36.7816617703 3.41836703699e-18)
(24.7595576811 -37.2284923928 8.37701556632e-19)
(24.2331704235 -37.6840711944 -4.94650179967e-18)
(23.5508900572 -38.1184043801 2.61888026231e-18)
(22.7692151046 -38.4263179343 9.6643483729e-18)
(21.9840019041 -38.4338170114 -2.03985149647e-18)
(21.3084262775 -37.9284918239 2.33303593887e-17)
(20.8389479333 -36.6919612892 -4.64738409955e-18)
(20.6642752625 -34.5531991982 -3.26549005622e-18)
(20.8262701063 -31.3953838903 1.43254935208e-17)
(21.3751662125 -27.1589862408 -2.19835347695e-18)
(22.3555343738 -21.8451917692 -4.02439363184e-17)
(23.8111807599 -15.5262177688 6.03276463197e-18)
(25.7628803103 -8.37675687717 3.52096274538e-17)
(28.1815822068 -0.703133833041 -2.50393318501e-17)
(30.9553331237 7.06728821448 -4.74902646365e-17)
(33.8980792451 14.4250567974 1.46125722125e-19)
(36.7944145654 20.8607656019 -1.34532940606e-17)
(39.4345321041 25.99553461 1.39193160653e-17)
(41.6553766889 29.6401521729 -2.13422873539e-18)
(43.361890951 31.8212094048 -2.47594911992e-18)
(44.511247008 32.7684094829 2.49361690557e-18)
(45.165689588 32.8589603362 3.0456454655e-18)
(45.4312905211 32.3624515465 -2.01371367968e-19)
(45.3516209694 31.4983624764 1.18881022519e-18)
(44.9654941882 30.4827688716 8.17961784328e-19)
(44.3223367664 29.4487613085 -5.82693840949e-19)
(43.4729996914 28.4457740776 5.92355466018e-18)
(42.4364821747 27.5089898714 -7.43707402388e-21)
(41.1152963745 26.765527923 7.02953316136e-18)
(39.3059379436 26.3472479413 -2.09965379047e-17)
(36.9183785588 26.0340743437 3.68925813168e-18)
(34.2150046921 24.9991477653 1.4895097735e-17)
(31.7144548631 22.1962750782 -2.76447268023e-19)
(29.8142858166 17.1435160352 -1.52417216335e-17)
(28.6977973151 10.3034980203 -4.18657914568e-17)
(28.4919986017 2.66835298412 -2.39434211669e-17)
(29.3058871434 -4.67565042306 2.02355905013e-17)
(31.0758551514 -10.8224839692 -4.97359797935e-17)
(33.4550947322 -15.2287947399 -2.4450492271e-17)
(35.98473635 -17.8193988902 3.92797984878e-20)
(38.2902975629 -18.9564774607 -5.28797191359e-19)
(40.1791370233 -19.1843689519 4.63618321047e-18)
(41.5976904485 -18.9610153513 7.02021936117e-18)
(42.5790274972 -18.6312003822 2.64723793158e-18)
(43.111131754 -18.438052792 1.2825875078e-18)
(43.1002648476 -18.5425164577 1.09758276439e-18)
(42.5219260075 -18.9707437094 7.01974363465e-19)
(41.3302556318 -19.2010047985 -1.73785704147e-18)
(40.0679282693 -18.1310920072 1.30711411302e-17)
(39.5970734204 -14.1005963149 2.13028408141e-19)
(40.4045523946 -7.03403521209 6.02317077156e-18)
(42.5543362566 1.24860975697 -1.098398592e-17)
(45.1810910775 8.63126095376 5.49841045437e-18)
(47.6807712641 12.9236077528 -5.63091682673e-18)
(23.1193191101 21.9412999646 7.64786420498e-18)
(24.2081082453 23.3171017151 -1.39798821218e-17)
(25.4653672947 24.1031083299 8.62627984074e-18)
(26.8709493853 24.0440300636 2.66091663812e-17)
(28.3901179609 22.9292765245 -3.88724474318e-18)
(29.9883404665 20.5890806462 -6.18895995516e-18)
(31.6034430521 16.9422767152 -1.11262047085e-17)
(33.1566963995 12.0302602213 1.8384848766e-17)
(34.5639181085 6.00258806388 1.17110064641e-17)
(35.7138823911 -0.831561435823 -9.85527170898e-18)
(36.4769739551 -7.98195935358 -5.75047052768e-18)
(36.7525223912 -14.7931711616 -2.23139850199e-17)
(36.4572306698 -20.4780023964 5.11297478936e-18)
(35.5232425767 -24.3194927909 -4.36828041316e-18)
(33.9815683773 -26.1680895545 -1.21755724313e-17)
(32.0870792112 -26.7211276359 7.61217961733e-18)
(30.2595027478 -27.0910584688 2.22122775281e-18)
(28.8303490961 -28.0127664563 -1.78772622405e-18)
(27.8669817937 -29.5071300315 -4.7065144696e-20)
(27.2405904432 -31.1898442257 5.19799189551e-19)
(26.8029172395 -32.7185219897 3.37199467968e-19)
(26.4725492246 -33.9574541224 -5.48073853907e-19)
(26.2158010468 -34.9098084068 1.79180035666e-19)
(26.0055352151 -35.6229408387 6.21279658748e-19)
(25.8008306154 -36.1528231799 3.40596266146e-19)
(25.545930913 -36.5632332965 -1.45356720046e-18)
(25.1791181988 -36.9214625985 2.0082376079e-20)
(24.6505199423 -37.2773818133 -1.068804812e-18)
(23.9453445296 -37.631852882 2.40933152875e-18)
(23.1003537169 -37.9097828668 -4.6123757757e-18)
(22.2039906141 -37.955418878 -2.5319191641e-18)
(21.3737189997 -37.5532086434 -5.61694336084e-18)
(20.7247128044 -36.4740856541 -6.82386563466e-19)
(20.3601781548 -34.5239225436 -1.68132192527e-17)
(20.3262894718 -31.5722866823 -1.40604185939e-19)
(20.6819715903 -27.5552781309 -1.92512784069e-19)
(21.4649857729 -22.4705192308 -1.92031052853e-17)
(22.7229287062 -16.3827221969 2.30517396364e-17)
(24.485060001 -9.44960962487 -2.20971442775e-17)
(26.7426439454 -1.9536194189 1.65280894008e-17)
(29.4078484099 5.71358354711 0)
(32.3093960052 13.0634692341 -2.6173884233e-17)
(35.2385459291 19.5927282118 -2.50053285251e-17)
(37.9814290337 24.9035243043 1.52412846551e-17)
(40.35513755 28.7740548526 -1.22184858901e-17)
(42.2378750232 31.2014182627 4.2064498535e-18)
(43.5735338896 32.3790191099 8.30882916106e-19)
(44.4042572292 32.6571802006 -3.25804238872e-18)
(44.8223173809 32.3092668472 2.15401155598e-18)
(44.8774520496 31.5702496752 -9.85493822668e-19)
(44.6054206093 30.6545315574 1.15167200445e-19)
(44.0590256811 29.698295933 -9.34747642236e-19)
(43.2941787806 28.7568167081 -2.29535032729e-20)
(42.3218180234 27.8921698344 3.22769304075e-18)
(41.0275479707 27.2651421077 4.47953633983e-18)
(39.2085819745 27.0001281975 8.82498902315e-18)
(36.8059335403 26.8057556397 6.58668798616e-19)
(34.0969387568 25.7729956418 4.89546443882e-18)
(31.5752349664 22.8511095093 1.35503384278e-17)
(29.6106287893 17.6057958604 1.77562658478e-17)
(28.3727235698 10.5338449116 -1.07253459701e-17)
(28.128906349 2.62702642392 -4.12662828584e-17)
(28.9182103598 -4.98207769034 -1.06758164783e-17)
(30.7417438403 -11.3289815782 -1.65166961125e-17)
(33.2066424831 -15.8257527017 -1.38453817974e-17)
(35.8179046165 -18.3945803151 1.34837888733e-17)
(38.1854274955 -19.4458775739 1.41934945989e-17)
(40.1135481703 -19.5607832199 -1.57273104628e-17)
(41.546681525 -19.2258843272 -3.89278064598e-18)
(42.5287399947 -18.7924930226 -7.45552234184e-18)
(43.058186607 -18.4886449069 -2.53006056211e-18)
(43.0373004561 -18.4831657706 -1.19762086e-18)
(42.4748685131 -18.7938650765 4.74493622505e-19)
(41.2647134734 -18.9681635218 4.88483516139e-18)
(39.9337005832 -17.9565672186 -6.38687940861e-18)
(39.4174794606 -14.1198238178 -4.43981538361e-18)
(40.1490676864 -7.28419853002 4.07251821062e-17)
(42.269134809 0.845257530464 5.91517054373e-18)
(44.8914391392 8.20110793436 1.06172338398e-17)
(47.4911250553 12.7161584357 -3.74850510898e-18)
(24.4664638773 20.3470036111 9.1621352419e-18)
(25.8673216167 21.5658800205 1.17265415288e-17)
(27.4322842855 22.2248455141 -1.21940941895e-17)
(29.1445278026 22.096003733 -5.35597273553e-18)
(30.9618556114 20.9747405567 -5.6120664581e-18)
(32.8252167892 18.7055839343 -3.81355766337e-18)
(34.6543792583 15.2181067133 0)
(36.3518173359 10.5580058494 -1.29788740402e-17)
(37.8067178903 4.89636034886 -8.23363902303e-18)
(38.8804000613 -1.4727415206 7.60160342155e-19)
(39.4504659025 -8.10566436275 0)
(39.4155774134 -14.3709897115 4.38831053807e-18)
(38.6808954879 -19.4910055462 9.00502485732e-18)
(37.1994970721 -22.8037954087 -2.22015596083e-17)
(35.08256305 -24.3064049519 -5.02971820519e-18)
(32.756114117 -24.8605606352 0)
(30.749539756 -25.5639319273 -1.49130435388e-18)
(29.3358453733 -26.9428616887 -4.89063982904e-18)
(28.4424447233 -28.8091604727 -1.40182940315e-20)
(27.8527865739 -30.7167726443 -1.49060523848e-18)
(27.40770612 -32.3695086286 2.19084867395e-20)
(27.0445901035 -33.6878032572 -1.77559470179e-19)
(26.7448212323 -34.6971582675 -4.40117145816e-19)
(26.4908071559 -35.4426534603 -1.77029364721e-18)
(26.2509493838 -35.9709559088 2.83757712164e-18)
(25.9773499084 -36.3393614659 -1.05212955084e-18)
(25.6101609394 -36.6173904669 -3.43920147013e-19)
(25.0905735302 -36.8704011214 -2.42392261446e-18)
(24.3839937981 -37.1278424826 2.45646648286e-18)
(23.5043450114 -37.3488605415 -4.65371480432e-18)
(22.5240472489 -37.4032799398 8.08191641838e-18)
(21.5614166642 -37.0844864131 -8.46940413645e-18)
(20.7492976383 -36.15182159 -5.04058062327e-18)
(20.2007945108 -34.3883590302 -1.4865812164e-18)
(19.9828812869 -31.646191082 -2.63141487126e-17)
(20.1607046307 -27.8505883018 -1.98746815892e-17)
(20.7604663303 -22.9964921449 1.58771889882e-17)
(21.8341523982 -17.1439689142 -2.04912214337e-17)
(23.4134016102 -10.4370963727 -6.64770068868e-17)
(25.5064995803 -3.13679652331 -1.64835984986e-17)
(28.0482666224 4.4010245582 2.40945171761e-17)
(30.8837732416 11.7104810481 -1.73034433347e-17)
(33.8160674 18.3010857612 1.86552783483e-17)
(36.6310553991 23.761783941 -9.88501970392e-18)
(39.1298340812 27.8425091564 -6.01886906419e-18)
(41.1687008283 30.5076572147 2.31196909078e-19)
(42.6753627072 31.9224046189 -5.76338707732e-18)
(43.6735100498 32.3896196525 -2.69958853174e-18)
(44.2391653107 32.2026914071 4.88201219481e-19)
(44.4236302553 31.5980920408 -3.51522225171e-19)
(44.2651165703 30.7886951631 1.0174586129e-19)
(43.8183988245 29.9153089581 -2.89623979145e-19)
(43.1411687828 29.0416351743 -2.36963477048e-18)
(42.2350115139 28.2592627391 -5.80812544067e-20)
(40.9708141787 27.7595668731 -6.61069923349e-18)
(39.1510226144 27.6536431979 8.64998188748e-18)
(36.7448374865 27.5777885816 -8.44038449601e-18)
(34.0373575034 26.5490231268 -1.57142794913e-17)
(31.4887030466 23.5185538236 -4.28074772493e-17)
(29.4499970373 18.0931338387 -8.35569071747e-18)
(28.1154466362 10.7882335027 4.69915160212e-17)
(27.8010801809 2.59602337079 2.75735839877e-17)
(28.5768593608 -5.29360331344 5.51785836786e-20)
(30.4580036458 -11.8537852191 3.89559059533e-17)
(33.0055418669 -16.4447970036 -2.69963479047e-17)
(35.6946734968 -18.9880861564 -6.87423953656e-19)
(38.1183306293 -19.9465264385 1.42687101862e-17)
(40.0797761166 -19.9435787533 5.26866785691e-18)
(41.523936258 -19.4922444033 -6.75979532906e-18)
(42.4971203034 -18.9549478135 -4.81901935913e-18)
(43.0302565345 -18.5437463124 -4.00560997442e-19)
(42.9961301778 -18.4222902996 9.34157076495e-19)
(42.4456876457 -18.6153339038 -1.12862053588e-18)
(41.2209577614 -18.7285919739 -7.13379157539e-19)
(39.8415160361 -17.773379367 -3.01568760869e-18)
(39.2726748898 -14.1279957088 8.61701419936e-18)
(39.9273768103 -7.52615584271 1.04475629095e-19)
(42.0089308205 0.443685029782 1.1742823547e-17)
(44.6298383745 7.76426382089 2.09725809135e-18)
(47.3232174894 12.4988394652 2.98821926589e-18)
(25.7353876996 18.4144776055 4.80876167627e-18)
(27.3256607923 19.4872521749 9.37322604271e-18)
(29.067979108 20.0341977182 1.01256881091e-17)
(30.9428813244 19.8496296629 1.38407034736e-17)
(32.9057933614 18.7488511965 -1.29310523327e-17)
(34.8856866242 16.5942462819 -1.16149331757e-17)
(36.7892716918 13.3286080172 -6.95174992758e-18)
(38.4974400276 9.00733354048 1.88414504543e-17)
(39.8895285665 3.80150900599 -4.67209601352e-18)
(40.8114214201 -2.02213331357 7.61207458019e-18)
(41.142481637 -8.04767389702 1.76409874873e-17)
(40.8227878159 -13.661151666 0)
(39.7521363879 -18.1108721077 -1.29266036294e-17)
(37.7942163282 -20.8369809542 -8.53844052541e-18)
(35.2499612267 -22.0750473866 1.60566939024e-18)
(32.7420319623 -22.8326882209 -1.27860163399e-18)
(30.8210332407 -24.0580568931 -4.67589744483e-18)
(29.60664353 -25.9685669432 -1.4880665104e-18)
(28.8747824298 -28.1865855226 1.35502699431e-18)
(28.3661436543 -30.2732447552 -9.04929793333e-19)
(27.9474147863 -32.0180643098 9.91608788116e-19)
(27.582808031 -33.3998037824 5.02851925073e-19)
(27.2652377548 -34.4593956417 7.10155685073e-19)
(26.9833073992 -35.2373994469 -1.63664742672e-18)
(26.7144157811 -35.7714107606 -1.52840222451e-19)
(26.4220133248 -36.1100203256 1.3351383882e-18)
(26.0535950149 -36.3190842783 1.67530157238e-18)
(25.548067648 -36.4719128621 -5.28048446916e-18)
(24.8559054986 -36.6212869865 -4.22271343555e-18)
(23.9671099517 -36.7609102857 -1.03569263614e-17)
(22.9323469335 -36.7943527123 2.07633742767e-18)
(21.8635993575 -36.533218533 8.14941929092e-18)
(20.9011529284 -35.7321164556 1.64778873748e-18)
(20.1769318768 -34.1532215751 1.21486247979e-17)
(19.7932197143 -31.6231381977 2.62188067063e-18)
(19.7982396593 -28.0510295669 1.81350456624e-17)
(20.2272053523 -23.4296685004 3.30403397513e-17)
(21.1285210051 -17.8159458955 4.14172721681e-17)
(22.5342228401 -11.342039903 2.27136277868e-17)
(24.4647710563 -4.24867870362 1.57488169419e-17)
(26.8738172061 3.13768421939 3.54875580253e-17)
(29.6233289054 10.3775480403 -2.99160113994e-17)
(32.5323481033 16.9989414145 1.23670732565e-17)
(35.3901534333 22.58313336 5.5511773278e-18)
(37.9868406397 26.8568359594 -6.0359613838e-18)
(40.1603966598 29.7509642868 2.38522369337e-19)
(41.8226270289 31.3974792715 8.83416870212e-18)
(42.9768774506 32.0664682638 -5.57223397129e-18)
(43.6837270465 32.0442479358 -2.46634261288e-18)
(43.9939011307 31.5788470665 9.66474578615e-22)
(43.9477423556 30.8849210113 2.681174957e-22)
(43.6023729275 30.0990710527 9.44766500205e-19)
(43.0156005321 29.2993712388 -2.49495620919e-18)
(42.1775902301 28.6091292256 -5.6909876819e-18)
(40.9474117321 28.2468486273 -6.29205375651e-18)
(39.1366506608 28.3044858561 -8.93630606975e-18)
(36.7379137417 28.3473469145 -7.52170344436e-18)
(34.0400941396 27.3273003987 -5.78302518066e-18)
(31.4614991574 24.2003717969 -1.53047711966e-17)
(29.3371769286 18.6032662996 -1.88920936373e-17)
(27.9281928427 11.0636016903 -3.77837386849e-17)
(27.5358016955 2.57746434354 4.66542025747e-17)
(28.2996178941 -5.61035424313 -6.51725007421e-17)
(30.2346228769 -12.3966602956 3.88449699465e-17)
(32.8596997403 -17.0837352927 -1.27452906382e-17)
(35.6208939568 -19.5967368963 -1.10845344312e-18)
(38.091235641 -20.4588174342 -1.90772721208e-20)
(40.079678071 -20.3324088942 1.99979235075e-17)
(41.5307322339 -19.758968759 1.00375636701e-19)
(42.4865876114 -19.1143329471 6.53444975202e-18)
(43.0129022396 -18.6003580473 1.1571962786e-18)
(42.9764204315 -18.3622536552 -5.25126670766e-19)
(42.435304666 -18.4377563073 -1.17901876856e-18)
(41.204909382 -18.4854408946 1.54002543639e-18)
(39.79756896 -17.5816633373 -3.12351438298e-19)
(39.1559169092 -14.1239042391 -4.20787729746e-18)
(39.7376821853 -7.75910826459 -5.51667944814e-18)
(41.7734791547 0.0445036268862 -5.70354739334e-18)
(44.3935658515 7.31948349583 -1.61262919479e-17)
(47.1752539499 12.2723982818 -1.38166940728e-18)
(26.913728515 16.322776487 5.46790887543e-18)
(28.5367881754 17.2613137673 -1.08867390438e-17)
(30.2979092283 17.7145837777 4.51762295999e-18)
(32.1736980347 17.4945719016 2.40323026132e-17)
(34.1184076502 16.4387893526 5.16562424021e-18)
(36.0568775305 14.4315260277 5.36693167656e-18)
(37.8905320134 11.4335313699 -4.26198736835e-18)
(39.4830827337 7.50185173309 -6.17755880318e-18)
(40.7203488279 2.80380620592 3.3036022292e-17)
(41.4701866011 -2.41169235232 -8.76154136972e-18)
(41.5835361764 -7.79004210533 -2.42415240655e-17)
(41.1203939867 -12.7086356026 -1.45868343577e-18)
(39.6523009973 -16.3943893495 -2.01052211606e-18)
(37.2672767846 -18.5278071277 1.9926133886e-18)
(34.5221336406 -19.6789777379 1.44094131752e-17)
(32.1599180124 -20.8842479325 3.41199466988e-18)
(30.5946411029 -22.7659231898 -2.74373524469e-19)
(29.7166585872 -25.1927882131 -2.36246083992e-18)
(29.1943733914 -27.6841870343 -1.25936764468e-18)
(28.7920008749 -29.8856722876 3.73217838319e-18)
(28.4273495584 -31.6883198998 0)
(28.0902233089 -33.1150237709 -5.58130146855e-19)
(27.7792339169 -34.2123179772 5.54194548664e-19)
(27.4861751228 -35.0158612201 2.85567778083e-18)
(27.1964414244 -35.5565332085 -1.98793441768e-18)
(26.8855738634 -35.8741370166 4.69352883062e-18)
(26.5128708074 -36.0263646189 2.84014760673e-19)
(26.0214191261 -36.0866741398 -1.93451269977e-18)
(25.3526164303 -36.1237040948 -5.56075965519e-18)
(24.4759536631 -36.1630001845 4.19809926538e-18)
(23.4160971757 -36.1462354828 -1.11065867807e-18)
(22.2691075825 -35.9123714759 -8.4734135747e-18)
(21.1744567442 -35.2231779639 2.50901587026e-17)
(20.2919387514 -33.823362776 -1.58121508529e-17)
(19.7418830605 -31.507475615 2.10653471597e-17)
(19.5725272976 -28.1624163063 1.13863110468e-17)
(19.8519437511 -23.7761362701 -1.4641844114e-17)
(20.5880597071 -18.403885784 6.77259973916e-19)
(21.8319654803 -12.1670782826 1.3964067574e-17)
(23.6058150185 -5.28848696747 4.79814036807e-17)
(25.877285404 1.92856006721 -2.94605183825e-17)
(28.5261201846 9.07424792802 1.04354944638e-17)
(31.3894854391 15.697971399 3.51220335875e-18)
(34.2630385163 21.3794907814 -7.04537561221e-18)
(36.9314754891 25.8267450693 5.669856875e-18)
(39.2180320147 28.9390627436 3.19035056028e-18)
(41.0188613376 30.8125546442 9.00797764018e-18)
(42.3180006707 31.6857795086 7.49557491265e-19)
(43.159644223 31.8351746431 -1.96908804437e-18)
(43.5912896704 31.5163271689 2.80630291955e-19)
(43.6554347489 30.9421085366 -6.75989177439e-19)
(43.4130119882 30.2485157468 6.76970775227e-20)
(42.9189486763 29.5292390258 -1.23565490191e-18)
(42.1511758199 28.9401945044 -2.5578547793e-18)
(40.9597610352 28.7250345616 -5.9863949083e-18)
(39.1681053476 28.9493736728 -1.72903682219e-17)
(36.7879434407 29.1116944652 -2.28895100235e-20)
(34.107117475 28.1045080214 1.08259537957e-20)
(31.5017253532 24.8997104038 7.39654813138e-17)
(29.2845664277 19.135277561 -2.99000533195e-17)
(27.8092134484 11.3576472035 -3.95627723037e-17)
(27.3494003132 2.57022258453 6.50937248244e-17)
(28.1007100973 -5.93167004205 4.88861456299e-20)
(30.0806235251 -12.9565542447 -1.12252268303e-17)
(32.7777814477 -17.7405265083 2.90652525291e-17)
(35.600366893 -20.2254873082 -1.22415453637e-18)
(38.105805174 -20.9755279135 -8.13670912532e-18)
(40.1154920368 -20.7249915303 3.41498771591e-19)
(41.5680835605 -20.0246969906 1.3199381949e-19)
(42.5011166105 -19.270003957 4.18290142991e-18)
(42.9952219504 -18.6541080486 1.19635072251e-19)
(42.9732171756 -18.3015206464 -1.4256033442e-18)
(42.4443069916 -18.2671988537 1.89801758187e-18)
(41.2306105488 -18.2417760073 -5.33462666355e-18)
(39.79072559 -17.3802755841 6.57518910032e-18)
(39.0600384328 -14.1065610807 -1.62484074624e-17)
(39.5751738695 -7.98329750009 5.38668480088e-18)
(41.566857231 -0.353013484746 -2.30455647519e-17)
(44.1812936873 6.87289128805 -1.3479300505e-17)
(47.0454790677 12.0352857285 6.03823504411e-18)
(28.1352039185 14.3170215577 -6.52179967822e-19)
(29.5854461877 15.117411994 -5.58923586432e-18)
(31.1673840169 15.4835562595 -3.67787729554e-18)
(32.8567944226 15.2383762944 -4.14283740223e-18)
(34.6096029775 14.2384346574 1.25070159268e-18)
(36.3536880529 12.3907415051 3.38013627647e-18)
(37.9852972608 9.67553382977 1.15388860836e-17)
(39.3802460363 6.15769177574 -4.99073238295e-18)
(40.4335159913 1.97023272451 7.73970679979e-18)
(41.047108322 -2.68010241666 -1.35964990677e-17)
(41.0840504513 -7.39563709191 -1.67396265348e-17)
(40.2313457934 -11.4870075269 8.33010414837e-19)
(38.3147790577 -14.3306941561 5.62764306269e-18)
(35.6689854701 -16.0260192105 8.96444434025e-18)
(33.0844320346 -17.403069587 -6.64131616466e-18)
(31.2344869514 -19.2867308998 2.57546714259e-18)
(30.2273166603 -21.8417100897 4.21473998522e-18)
(29.7391719098 -24.6698518474 -8.99564676285e-19)
(29.4312228986 -27.3193036368 -3.10268032871e-18)
(29.1471868807 -29.5710339082 4.92521797731e-18)
(28.8596680468 -31.4008361322 -2.30343531454e-18)
(28.5742637386 -32.8527713918 -1.76469171563e-19)
(28.2906340226 -33.9709099493 -1.58802663347e-19)
(28.0023643509 -34.7874558328 6.52268151579e-19)
(27.7012324869 -35.3298320293 -1.45433451489e-19)
(27.3738770438 -35.6305669621 -1.49030626672e-18)
(26.9930088829 -35.7369393927 4.84254098327e-18)
(26.5115456731 -35.7158481685 -3.85527014791e-19)
(25.869669609 -35.642897965 -3.6844422035e-18)
(25.0194997695 -35.5694654299 5.86539630495e-18)
(23.9602300723 -35.476338137 -1.22204724988e-17)
(22.764534367 -35.2386529831 -8.45237441139e-19)
(21.5657247007 -34.635467314 7.08957239852e-18)
(20.5373073838 -33.4010393424 3.13781598746e-19)
(19.8157944465 -31.3001420617 1.91116293011e-17)
(19.4911918404 -28.1904851507 1.92896119212e-18)
(19.6273823278 -24.0418840052 -3.29309518956e-19)
(20.1939232505 -18.911003931 -3.85386414796e-17)
(21.29068914 -12.9156100278 -1.3770612687e-17)
(22.9153734138 -6.2581102116 -6.21924517098e-17)
(25.0482069904 0.776656300447 -1.82735659207e-17)
(27.5866248357 7.80819980614 1.55137179223e-17)
(30.3861041577 14.4084594295 -1.03938427183e-18)
(33.2514521351 20.1617687411 -2.82018592814e-17)
(35.9670257369 24.7618603024 7.72345891626e-18)
(38.3453981378 28.0788685024 1.70866011409e-17)
(40.267856824 30.1731993132 -1.9325430741e-17)
(41.700105881 31.2514756151 7.10401385767e-18)
(42.6695191522 31.578607912 2.00699053159e-18)
(43.2176995056 31.4114408437 5.40786658812e-19)
(43.3912004906 30.9605385839 -6.74871122605e-19)
(43.2523816002 30.3631424029 4.24341863346e-19)
(42.8524878644 29.7304584808 5.37117942933e-19)
(42.1571353573 29.2515646338 -1.09282362518e-19)
(41.0099924842 29.191301093 -2.26820810132e-18)
(39.2478001181 29.5849764408 1.49669693946e-19)
(36.8974089357 29.8680063809 1.67655973231e-17)
(34.2394823184 28.8803864433 -1.96533596177e-17)
(31.6138251702 25.614161547 1.45715580012e-17)
(29.3081223358 19.6900062426 5.09952580383e-17)
(27.7468633438 11.6694481919 -5.35661280064e-17)
(27.2607745956 2.57698176802 -2.37480545919e-19)
(27.9877976721 -6.25554202624 4.29331221083e-17)
(30.0045101625 -13.5312289049 -1.7161695748e-20)
(32.7672299561 -18.4157556318 1.54670515148e-17)
(35.6360694669 -20.8639009698 2.08173657846e-17)
(38.1652968032 -21.4998838795 -1.36113365691e-17)
(40.1891759361 -21.120449468 -9.2311911999e-18)
(41.6356176226 -20.2886237298 3.20315930446e-18)
(42.5452613562 -19.4205754342 -1.79939668785e-18)
(43.0014243578 -18.704753461 1.00168714914e-19)
(42.9847120433 -18.2522464859 -4.00701128871e-19)
(42.4655382776 -18.0929453944 -1.55830672241e-20)
(41.2760960533 -17.9962787281 -6.79173776929e-18)
(39.8054317167 -17.1687947357 -5.71645330953e-20)
(38.984452828 -14.0760245769 7.85439226639e-18)
(39.4439648727 -8.19914333307 -1.00527459654e-17)
(41.3871678015 -0.747901247283 -5.02520858737e-19)
(43.9906489166 6.42428770899 5.34695006999e-18)
(46.9346072334 11.7881518469 6.59418466302e-18)
(29.7181161535 12.7328819386 -6.15488585404e-18)
(30.7620404453 13.3693655078 -2.42000602689e-18)
(31.927215395 13.6229033136 2.32270193301e-18)
(33.2074362933 13.32611349 -4.93983410293e-20)
(34.5743907245 12.3538533845 -1.13174119988e-18)
(35.9650511156 10.6373596391 -5.94241289065e-20)
(37.2801350872 8.17120169803 1.15580201184e-17)
(38.4145614244 5.00440610188 5.29393853348e-18)
(39.2724097565 1.24535359534 -1.14681932529e-17)
(39.7008617734 -2.84919232568 5.56241884403e-18)
(39.4039609119 -6.7646411219 1.72788451802e-17)
(38.0716056222 -9.88630182788 1.76555823122e-18)
(35.7928790788 -12.0062276835 -6.24157014601e-20)
(33.2583501895 -13.641497055 8.84913068426e-18)
(31.2983780763 -15.604986619 1.09047034141e-19)
(30.245264291 -18.2615014364 -8.55325061118e-19)
(29.8558772211 -21.3508018703 1.04400318642e-18)
(29.7252917112 -24.3973970964 2.43393950839e-18)
(29.6118872101 -27.0904611548 -2.1279911254e-18)
(29.4543227776 -29.3411256398 -6.78302868079e-19)
(29.2620618017 -31.1720970132 2.66952742885e-18)
(29.0457492508 -32.6282052629 1.08398825484e-18)
(28.8047532163 -33.7476726696 -2.0164967618e-18)
(28.5346168166 -34.5612850095 -2.06364748053e-18)
(28.2318374833 -35.0957908166 -3.89621666085e-19)
(27.8916435701 -35.3789067547 -3.19580685179e-18)
(27.499542145 -35.4474499444 5.2783297607e-18)
(27.0216610712 -35.3574281632 2.78398154574e-18)
(26.4039288074 -35.1826453446 3.07972452243e-18)
(25.5890651443 -34.9914107311 -3.52837122186e-18)
(24.5514429131 -34.800806123 3.47532451389e-18)
(23.3343016928 -34.5287361196 2.17310644091e-17)
(22.0607286756 -33.9814765912 -6.28614596988e-18)
(20.8988008298 -32.891800436 1.28642267103e-18)
(20.008522105 -30.9997515415 -7.96886794503e-18)
(19.5092294372 -28.1337530747 -2.87148983663e-17)
(19.5216658088 -24.2316545247 -1.04329859486e-17)
(19.9386726605 -19.3431435349 1.08166373337e-18)
(20.8960306346 -13.5925445004 5.64380142681e-17)
(22.3781832332 -7.1597417691 -4.45361191651e-17)
(24.3738971003 -0.3162879595 6.96630922806e-19)
(26.7962749968 6.58484464358 -3.37834792999e-17)
(29.5178536034 13.1390043499 -9.53165865234e-19)
(32.3547702908 18.9399305869 2.91671162403e-17)
(35.095158406 23.6716676303 1.12962831273e-17)
(37.5450943946 27.1780477629 -1.21830622964e-18)
(39.5725464026 29.4851023451 -6.02275431284e-18)
(41.1256535544 30.7679507234 1.31183786043e-18)
(42.2147228605 31.2767168637 1.16164194643e-17)
(42.8748456372 31.2650489827 1.32957927016e-18)
(43.1566131275 30.9404313202 3.70287927947e-18)
(43.1274611132 30.4424985667 -2.15929023653e-18)
(42.8194119019 29.902670434 7.52026784639e-19)
(42.1970022205 29.5422050131 9.71750282481e-19)
(41.099872854 29.642913655 5.19071443383e-18)
(39.3779004068 30.2079826238 2.68262274765e-17)
(37.0684248508 30.6135612245 6.91863443214e-18)
(34.4398855473 29.6529575724 -7.50996965004e-19)
(31.8005096559 26.34134607 -2.79847644802e-17)
(29.4207852983 20.266123788 4.11404685072e-17)
(27.7841501357 11.9984778438 -2.75424706854e-17)
(27.2492842812 2.58074014866 -3.46075187883e-17)
(27.9696540166 -6.58342579805 -3.02908527661e-17)
(30.0166538494 -14.1184718879 6.50504621028e-17)
(32.8340400715 -19.1066049937 -1.94796026529e-19)
(35.7350471582 -21.5018856792 -1.65095684707e-17)
(38.2750897696 -22.0360988348 -5.94671246574e-18)
(40.3016002565 -21.5169891218 -6.9954445604e-19)
(41.7324987189 -20.5497562133 6.02026301048e-18)
(42.6188661811 -19.5660826566 -1.55883075134e-18)
(43.0353861124 -18.7519292526 -9.4215390282e-19)
(43.0139089025 -18.1976369453 1.9825799889e-20)
(42.4997439571 -17.9277254441 4.32139248155e-20)
(41.3384411529 -17.7516767446 5.04830110792e-18)
(39.8433410122 -16.9476582405 -6.02817710742e-18)
(38.9335239052 -14.0320451868 7.6403991189e-18)
(39.3370043592 -8.40623594761 -4.81319486569e-18)
(41.2259276855 -1.13923646739 1.55565992366e-17)
(43.8175138721 5.9720264361 7.5848630151e-18)
(46.8411194933 11.5324769561 -4.06921065683e-18)
(31.8420183005 11.8605959525 8.90275579066e-19)
(32.3394207468 12.3530935632 2.44888172522e-18)
(32.8962787158 12.4591545414 -1.09249877323e-18)
(33.5604749456 12.0392409039 -1.47939432251e-18)
(34.3550015858 11.0121872508 6.64557321931e-18)
(35.2427250202 9.34035353545 7.75888438536e-18)
(36.1405454471 7.02317444658 -1.6984099888e-18)
(36.9427340336 4.10833000851 -8.20555078235e-18)
(37.4923312141 0.75163072002 -5.53580168772e-18)
(37.4841012474 -2.67260822122 4.96887192932e-18)
(36.5617578933 -5.64660592854 -6.67579409569e-19)
(34.6833435868 -7.89564166714 -2.6673439831e-20)
(32.3978552216 -9.72599361572 -1.01624227044e-17)
(30.5474226609 -11.8183312461 -4.61499635042e-20)
(29.6036420493 -14.5912287953 2.24948457644e-18)
(29.4147902471 -17.8872167132 -8.85185500312e-20)
(29.5518057483 -21.2552244752 2.63558999841e-18)
(29.7030768852 -24.337970526 -1.02336528561e-18)
(29.7644295081 -26.9911028835 -8.77806236489e-20)
(29.7409097047 -29.2052337714 -4.10087197918e-18)
(29.655111466 -31.0133421461 1.50187571924e-18)
(29.5172966423 -32.4512164267 1.2052869936e-18)
(29.3280657478 -33.5516406734 7.24240692573e-19)
(29.0857402888 -34.345185389 -9.03510500361e-19)
(28.790036289 -34.8594254855 3.07050644341e-18)
(28.4419223692 -35.1198328207 2.30768474558e-18)
(28.0372756948 -35.1545986867 -1.29338822364e-18)
(27.556146467 -35.0071897377 3.58557493398e-18)
(26.9557588774 -34.7426794771 1.1086179341e-17)
(26.1775104285 -34.4361912244 5.19418706233e-18)
(25.1767771568 -34.1339268409 6.8500464363e-18)
(23.9657026774 -33.7985297233 4.94191098625e-19)
(22.6409199452 -33.2743072973 -2.63685779278e-18)
(21.3711893337 -32.305170894 6.7217099734e-20)
(20.3447371859 -30.6128154947 -2.67294674817e-17)
(19.694459041 -27.9913966641 1.52129733411e-18)
(19.4994741225 -24.3448285887 -3.39144132837e-17)
(19.8178031623 -19.7067545956 -2.15074399248e-18)
(20.6331527581 -14.2008533364 -1.37203552156e-17)
(21.9780775568 -7.99515317492 2.84777972615e-17)
(23.840244574 -1.35000259743 -1.7015715328e-17)
(26.1442828979 5.4076478092 1.52015825837e-17)
(28.7780288387 11.8963181895 1.68972722629e-17)
(31.570230957 17.722546075 2.97082569498e-17)
(34.3159683159 22.5647902658 1.29452447549e-17)
(36.8185963057 26.2440793304 -2.89385798013e-17)
(38.9348933816 28.7540482219 8.94609841729e-18)
(40.5963795708 30.2390863809 1.06405904149e-18)
(41.7969268275 30.931654538 -1.21603900353e-17)
(42.5656098419 31.0780821663 -1.62699174436e-18)
(42.9531910566 30.8814704351 -1.87337855605e-19)
(43.0268224599 30.4860623367 -6.69783811178e-19)
(42.8122306087 30.0457017301 1.61854422597e-18)
(42.2698119469 29.8108822996 -1.84502323979e-19)
(41.2304537438 30.0769992224 2.30232978084e-18)
(39.5600236596 30.814939801 3.86220650226e-20)
(37.3031750275 31.3455038405 -5.30884170673e-18)
(34.7124805493 30.4198278149 3.21436974492e-17)
(32.0678516372 27.078042317 -2.32227796279e-17)
(29.6280175883 20.8612350439 -9.95814951441e-17)
(27.9211486793 12.3437768441 2.81131770369e-19)
(27.3271472082 2.60176904156 -2.28539916363e-19)
(28.0584081226 -6.91535430286 -1.07053956333e-18)
(30.1275339312 -14.7166148944 -6.68351735582e-17)
(32.9835569531 -19.8114779148 5.4155541679e-17)
(35.9018069432 -22.1459766167 -4.90943107685e-18)
(38.4389177524 -22.5714750151 -5.10363568385e-19)
(40.4535747547 -21.9111265548 -9.38501853106e-18)
(41.8608907921 -20.8066238885 -3.06277792061e-18)
(42.7163401881 -19.7058073518 3.3906784759e-19)
(43.0955892529 -18.7955089687 7.99099256283e-21)
(43.0654415894 -18.1448907495 -8.27070411378e-20)
(42.550391597 -17.7638684022 9.96839382204e-19)
(41.4141632299 -17.5072106377 2.03489529979e-21)
(39.902330667 -16.7184729055 2.99375386245e-18)
(38.9141139321 -13.9748470706 1.10721782337e-17)
(39.2499540836 -8.60331317042 -4.5580697151e-18)
(41.0769442859 -1.5262907806 9.64553063029e-18)
(43.6581051144 5.51612814862 4.72706737856e-18)
(46.7621402712 11.2679146144 -2.24771663914e-18)
(33.9957493402 11.6328918268 3.02829735612e-19)
(33.9993769989 12.1624999729 1.96187455797e-18)
(33.8703061104 12.2144176916 4.51061084799e-18)
(33.8040871647 11.6399777171 9.70199284371e-18)
(33.9254923696 10.4458886947 1.03501679153e-18)
(34.2245952008 8.67934230977 -1.22173644965e-17)
(34.5962502308 6.38764730372 -2.39143060538e-17)
(34.8715300326 3.67401845951 -5.3166167611e-18)
(34.763821503 0.814138887331 0)
(33.9304696424 -1.79225436237 -3.48981334783e-18)
(32.2934760833 -3.92008489071 1.57138948609e-18)
(30.3211819351 -5.81851660937 -7.83675189854e-18)
(28.7876454955 -8.05553659636 1.79277081549e-19)
(28.1616520812 -10.9837710164 -7.64668732332e-18)
(28.3178385707 -14.4609612375 0)
(28.8221873694 -18.0704796732 -2.86833875972e-18)
(29.3267573633 -21.4575280306 1.46391866151e-18)
(29.6950419326 -24.452591705 1.15709003442e-18)
(29.9217904384 -27.0184363841 -8.60314122765e-19)
(30.0359290162 -29.1692071989 -2.23885397429e-18)
(30.0591723695 -30.9297126855 7.54042448092e-19)
(30.0018290014 -32.3264548203 -2.26440432877e-18)
(29.8678037733 -33.388164302 8.18974865958e-20)
(29.6587952513 -34.1450091912 4.37348559969e-19)
(29.3767343775 -34.6256288576 3.16841289107e-18)
(29.0259199933 -34.8550933371 3.83304692657e-18)
(28.609385366 -34.8559382386 -5.53161753843e-18)
(28.1193849617 -34.6600458589 -6.69975425111e-18)
(27.5274207123 -34.3195040067 -1.77985464583e-18)
(26.7813209324 -33.9067559595 2.58659183385e-18)
(25.8253347306 -33.4870525614 -3.86708649978e-18)
(24.6426257393 -33.0643633529 -1.70349770184e-17)
(23.2977580002 -32.5291718364 3.4838448605e-20)
(21.9430839759 -31.6521824807 -3.29036118664e-18)
(20.7778316191 -30.1446370619 7.428854402e-18)
(19.9747892446 -27.7627844431 3.05173607254e-17)
(19.6416687318 -24.3787278982 -2.89320338757e-20)
(19.8150347922 -20.0015873772 0)
(20.4827069517 -14.7405003105 -1.91726025146e-17)
(21.7000797442 -8.76639873182 1.31343657485e-17)
(23.4334592722 -2.32542786431 7.82492345493e-19)
(25.6189069576 4.27851475026 1.24300928746e-19)
(28.1582253339 10.6853675726 7.52480074931e-19)
(30.8932159242 16.5166406419 -3.66615277008e-17)
(33.6279640778 21.4488072801 -3.30475165135e-17)
(36.1662247505 25.2838862232 -1.28766566517e-17)
(38.3559617591 27.9857037126 5.63730103613e-18)
(40.1135156089 29.6688281362 -1.24768396973e-18)
(41.4176042268 30.5456025656 -1.33918185439e-17)
(42.2905186628 30.8517273576 4.89769198783e-19)
(42.7810695732 30.7849187786 -7.58807406297e-18)
(42.9496151671 30.494668084 -6.1847805213e-19)
(42.8380480983 30.158262454 9.34850935572e-20)
(42.3841642618 30.0555469315 1.3942829244e-18)
(41.4044370278 30.4910520781 -7.00450679823e-18)
(39.7951952973 31.402324436 -4.43748551868e-18)
(37.6033523369 32.0604250397 6.3987486347e-19)
(35.0618676959 31.178051919 -1.23399790599e-17)
(32.4223943449 27.8203346242 -3.40856472032e-18)
(29.9417993756 21.4725640641 -2.10707046969e-17)
(28.1648422154 12.7046553074 7.51591832777e-17)
(27.5323037877 2.62443113002 1.82989646523e-17)
(28.2636326255 -7.25166245203 1.90972615972e-17)
(30.3461667799 -15.3230333793 -7.89282137676e-17)
(33.2215654586 -20.5232109548 2.08143216787e-17)
(36.1390407864 -22.7902342859 1.27133163317e-18)
(38.658951234 -23.1058997478 3.74163297807e-19)
(40.6466993071 -22.3013815202 -4.05857001872e-18)
(42.0222225017 -21.0571287867 -5.76377128003e-18)
(42.8350756161 -19.8389453369 -8.34154601326e-20)
(43.1839953662 -18.8345946479 7.25281560257e-19)
(43.1291214705 -18.0907469337 0)
(42.6137304127 -17.602804284 -1.05821782168e-18)
(41.5031194726 -17.2642474281 3.3293681357e-18)
(39.980587142 -16.4827294477 2.58764106644e-18)
(38.9159144913 -13.903981067 -3.50403061107e-18)
(39.1808226874 -8.78849106113 -4.4864324977e-18)
(40.9389125904 -1.90879684733 1.69198684481e-19)
(43.5095491769 5.05768188933 -2.3731621329e-19)
(46.6950289199 10.9942710902 -3.6676570213e-18)
(34.4439351908 11.8566518691 -1.40334606633e-17)
(34.1094670761 12.6722751336 -1.1861660088e-17)
(33.4111963738 12.7221042513 -1.30171634192e-17)
(32.7396093591 11.9663059069 -9.6965846732e-18)
(32.2841591852 10.5684469365 7.6292911384e-18)
(31.9830988264 8.67660797048 -2.10584840078e-17)
(31.6906385729 6.41950972196 -2.54175149831e-18)
(31.1547226466 4.02869580757 9.5844454144e-18)
(30.097325853 1.81412861072 4.85682927767e-18)
(28.5241262066 -0.126044768384 2.28165622272e-18)
(26.917122565 -2.06846917712 -1.27158068213e-18)
(25.9199754547 -4.49096242271 1.58482659649e-18)
(25.8525271829 -7.62351319377 -3.8556458272e-18)
(26.5245490439 -11.2677955542 2.75674253721e-19)
(27.4989901078 -15.0390538794 7.87766509776e-19)
(28.431684228 -18.626267106 1.59612943175e-18)
(29.1801581568 -21.8701161812 -3.52303746006e-18)
(29.7328424724 -24.7198530134 -3.51215250284e-19)
(30.1186859423 -27.1708427142 2.54772319041e-18)
(30.3654635254 -29.2325688445 -1.25515083419e-18)
(30.4922361965 -30.9202047915 -1.21208731496e-18)
(30.5115411828 -32.2539501601 9.01814713819e-19)
(30.4314453977 -33.258985858 1.72126170837e-18)
(30.2571071222 -33.9640812131 -1.82624238965e-19)
(29.9923572968 -34.3984098646 -3.26600782134e-18)
(29.6433446871 -34.5869559783 9.43109498296e-19)
(29.2170252332 -34.550409738 -7.75867854663e-18)
(28.7146535794 -34.311276846 4.21727428316e-18)
(28.1221568628 -33.9076700485 -5.09071985817e-18)
(27.3995144913 -33.4019848621 -3.99205336735e-18)
(26.4889376456 -32.867245279 -8.39957866231e-18)
(25.3507913931 -32.3411578631 -7.40639704004e-18)
(24.0138584849 -31.7630557337 6.67922675381e-18)
(22.6040215707 -30.9430635299 -3.80474439902e-19)
(21.3207548021 -29.59785521 2.15558785284e-17)
(20.3639065723 -27.4524531666 1.47261277621e-18)
(19.8736156493 -24.3360693318 1.92676687486e-17)
(19.9019362009 -20.2238837762 -1.10120187988e-18)
(20.4414356728 -15.2139516785 -2.39768027122e-17)
(21.5332462175 -9.47595426262 -1.8547599114e-19)
(23.1405242831 -3.24318227241 -7.03012234123e-19)
(25.2082491692 3.19864591844 1.42149911525e-17)
(27.6491239009 9.5096494075 1.30475761497e-17)
(30.3177178687 15.3276453371 -2.63422798117e-18)
(33.0282028614 20.3301089827 -2.28823632393e-17)
(35.5871355201 24.3037183962 2.88481478344e-18)
(37.8359664109 27.1854616131 8.08982353898e-19)
(39.677782564 29.0610468115 -4.65887750587e-18)
(41.0773305132 30.120850037 1.17150346069e-17)
(42.0502318703 30.5870657088 4.22820748907e-18)
(42.6443937993 30.6518954159 -1.29837857866e-19)
(42.9170969904 30.4695398878 -1.72726245305e-18)
(42.8963786756 30.2397428257 -4.81088308901e-19)
(42.5257461051 30.2713140967 7.48005079234e-19)
(41.6195977314 30.8831165675 -3.63605608908e-18)
(40.083723718 31.9672195339 1.45480707328e-18)
(37.9700428625 32.7544150838 5.64483658909e-18)
(35.4920312724 31.9242541053 -1.06198539925e-17)
(32.8690159808 28.5634990158 2.29621176598e-17)
(30.3712054686 22.0957438655 1.11531886327e-16)
(28.5309243813 13.0806005113 7.87902859199e-17)
(27.8686232789 2.65233217251 1.73272655356e-20)
(28.6020595871 -7.5898539142 9.92308251792e-19)
(30.6817426128 -15.9338193852 6.60726998099e-17)
(33.5541140743 -21.2386919373 -6.14633978975e-18)
(36.4517931759 -23.4325571098 -1.44649105934e-17)
(38.9372361583 -23.6329680761 -2.44716414762e-19)
(40.8825781429 -22.6847294323 8.48561708908e-18)
(42.2152492474 -21.2993432548 -2.09277116747e-19)
(42.9781639459 -19.9643024856 7.52209924516e-20)
(43.2931456738 -18.8681073427 -5.4728232503e-19)
(43.2080694264 -18.0344689959 3.19868818399e-19)
(42.6906682107 -17.4449786393 5.35872645408e-20)
(41.6067815812 -17.0214659397 1.72971601164e-18)
(40.0783345181 -16.2425338838 -2.63794311311e-18)
(38.9479155769 -13.8201200158 -7.43931497468e-18)
(39.1337443254 -8.96045532715 3.78096955306e-19)
(40.8105154197 -2.28561804233 4.09110840117e-18)
(43.3691757389 4.5973477203 -2.75056407519e-18)
(46.6377401109 10.711267138 7.5506497313e-18)
(31.9961868239 12.1155750802 -4.58501269209e-19)
(31.3258868829 13.6318714141 -2.27680261467e-17)
(29.9978695547 13.8259423781 -3.35869700138e-17)
(28.7028135938 12.9769779318 -2.74378262478e-18)
(27.6506482797 11.417458999 5.10820637296e-18)
(26.7229358283 9.44722387248 7.91898672613e-19)
(25.7034237522 7.35537898044 2.14563663023e-18)
(24.4903673035 5.39087017988 7.2880519097e-18)
(23.1252063405 3.56117365367 -1.99801176913e-16)
(22.0346599594 1.37963854472 -4.44293993494e-17)
(21.9485949878 -1.38099389349 3.09807268517e-18)
(22.7399334165 -4.76589459618 -1.97758841116e-18)
(24.0880790722 -8.53113508239 2.06873700427e-18)
(25.6100318025 -12.3618768056 -1.46815772141e-17)
(27.0198125693 -16.0284681 -9.09902039438e-18)
(28.1981708655 -19.4082594506 5.93624090021e-18)
(29.1344362024 -22.4480010662 5.09211006105e-18)
(29.8539085263 -25.1273505045 -1.10577606404e-18)
(30.3847506137 -27.43970357 1.33791649152e-18)
(30.7501285068 -29.3869052838 1.43693224026e-18)
(30.9690842691 -30.9783082772 -1.5249651686e-18)
(31.0571309159 -32.229663927 1.60522082096e-18)
(31.025985983 -33.1623676088 1.12743108707e-18)
(30.8839135051 -33.8027999058 6.28278788873e-19)
(30.6372090944 -34.1795919703 -3.12562091954e-18)
(30.2928644795 -34.3179440962 -2.99520341967e-18)
(29.8592558499 -34.2384013455 1.17265577048e-18)
(29.3434316569 -33.957610106 6.59968597883e-18)
(28.7431042173 -33.5012904447 3.27244346302e-18)
(28.0332684515 -32.9176649372 9.08852874551e-18)
(27.1624900283 -32.2770344525 1.8540218046e-19)
(26.0774456114 -31.6400277458 9.00140359277e-18)
(24.7728497076 -30.9922284509 -8.79703113158e-18)
(23.3385251675 -30.1932263419 1.83142060553e-17)
(21.9604320096 -28.9812457599 -6.86338994155e-18)
(20.8589372373 -27.060153066 -7.64974937178e-18)
(20.205840467 -24.2143164198 9.48025998656e-18)
(20.0842696948 -20.3777237528 -2.99927094698e-17)
(20.5042633958 -15.6271398857 -1.72111608582e-17)
(21.4653244038 -10.1269733397 1.91757649226e-17)
(22.9484785651 -4.10483866698 -4.11370783589e-19)
(24.9004266247 2.16893901101 2.89306918416e-17)
(27.2410964033 8.37254282418 5.49707277235e-21)
(29.8368838449 14.1606468324 -6.29949656015e-19)
(32.5126056367 19.2147165052 1.46327446496e-17)
(35.0794323771 23.3096359447 -5.91705030579e-18)
(37.3743520026 26.358586757 -2.45412282903e-17)
(39.289285584 28.4196439476 -8.0025667145e-18)
(40.7758844354 29.6597928894 6.48105453637e-18)
(41.8445175484 30.285108155 -6.91533804872e-18)
(42.5377787795 30.4815029221 1.63705570715e-18)
(42.9264676172 30.4078788268 2.05482226242e-18)
(42.9847141674 30.2876577996 -9.26306750989e-19)
(42.7012470724 30.4676914609 -1.49737211078e-18)
(41.8772037185 31.2450953912 2.65389533689e-18)
(40.4251429403 32.5042944496 3.8804287405e-18)
(38.403823562 33.4229381994 6.15765123114e-20)
(36.0047361495 32.6522367724 1.88757996118e-17)
(33.4131930514 29.3032790296 -1.32609610208e-17)
(30.9165238967 22.7246127267 2.11926047778e-17)
(29.0439984438 13.4667411992 -1.11656568674e-18)
(28.3455220703 2.68540369533 -6.14175981751e-17)
(29.0828216807 -7.92807032037 1.50757690443e-17)
(31.1394368206 -16.5465686419 -2.48854744658e-17)
(33.987494098 -21.9488262548 -2.13444405998e-17)
(36.8457686232 -24.0704460412 1.64853607914e-17)
(39.2751913089 -24.1508746 -7.03729343156e-19)
(41.1618700434 -23.058616012 4.08420898361e-19)
(42.4391154439 -21.5318065984 -1.07267093043e-20)
(43.1503438036 -20.0809295346 2.46574799167e-18)
(43.4186765932 -18.894137593 1.38860541551e-18)
(43.3029703388 -17.9751388836 -4.68199936686e-19)
(42.779796852 -17.2903312434 -5.66012060859e-21)
(41.722038702 -16.78033543 -1.62130031137e-18)
(40.2005375421 -15.9964754019 -5.045469333e-18)
(38.997842399 -13.7247199192 3.41285644308e-18)
(39.1111191635 -9.11821463152 4.1013415529e-18)
(40.6878447205 -2.65493282578 -1.20117688854e-17)
(43.2421021962 4.13390690134 4.09012521239e-18)
(46.5907070407 10.4186785591 1.22789383165e-18)
(22.2806217077 11.8382267958 6.34724383872e-17)
(21.440095845 14.6712158083 2.82524971774e-17)
(19.6958452253 15.1913951937 -3.1133065967e-17)
(18.4332315821 14.3183264173 -3.85494031423e-18)
(17.543741794 12.6788757468 2.71208124376e-17)
(16.7623852216 10.7437870454 -1.18983829744e-17)
(16.097325562 8.73592155322 -4.86228541317e-19)
(15.7882706624 6.54361993041 -2.65704447912e-17)
(16.1049830444 3.95644466731 -6.54577033458e-17)
(17.2522315044 0.897294686981 5.1262507068e-18)
(19.0596118041 -2.65708539685 -1.57982138e-18)
(21.1631553844 -6.43779798036 6.82820398468e-18)
(23.2566526833 -10.2072745353 -7.77437551674e-18)
(25.1549870381 -13.8294812715 -9.97845894289e-18)
(26.7825433505 -17.2260860917 1.32154570883e-18)
(28.1331060879 -20.3485047023 5.8908713912e-18)
(29.2270568976 -23.1652756994 3.90718270685e-18)
(30.0886147085 -25.6551575075 -2.87542874769e-18)
(30.7407547077 -27.8066268942 -5.99955806411e-19)
(31.2049696027 -29.6174632787 6.4777346442e-20)
(31.5012063873 -31.0934192097 2.12101069225e-19)
(31.6472230386 -32.2463368453 -3.10844416123e-19)
(31.6573472414 -33.0936895705 -2.46569515227e-19)
(31.5424708618 -33.6588939847 1.62622105922e-18)
(31.311434703 -33.9691087661 1.52997202629e-18)
(30.9724047761 -34.0496977286 -1.77122119739e-18)
(30.5339219999 -33.9209057931 4.72670525127e-18)
(30.0054065726 -33.5972459565 -4.0889724054e-18)
(29.3927555316 -33.0952746465 -3.94422087886e-19)
(28.6855421997 -32.4480821775 3.54167421408e-18)
(27.8445854965 -31.7154656336 1.33107783244e-17)
(26.8133034508 -30.9683018607 9.05568238902e-18)
(25.5589223268 -30.2313328636 -1.36323343849e-18)
(24.1300732267 -29.4184135975 4.96549242208e-18)
(22.686136202 -28.3053540277 -1.30735792656e-17)
(21.454284759 -26.5894615341 -1.17167313555e-18)
(20.6416874858 -24.0129712298 -2.45422268758e-17)
(20.3652758525 -20.4617134824 -6.09121549678e-18)
(20.6485515215 -15.9803694607 1.41686163498e-17)
(21.4844485469 -10.7233871375 3.59792592454e-18)
(22.8470096245 -4.91709362567 -4.60429953871e-19)
(24.6853876594 1.18223552642 2.29309077343e-17)
(26.9253276507 7.26980313575 -2.41873175453e-18)
(29.443702066 13.0147474839 -1.55072829236e-17)
(32.0762224673 18.1042803051 4.43987721363e-18)
(34.6399804932 22.3048753313 1.22412288743e-17)
(36.9693533363 25.5089177878 -1.05877699392e-17)
(38.9469259651 27.74833067 3.28345467824e-18)
(40.5132409612 29.1654406533 -1.96224776621e-18)
(41.6726149231 29.948088518 -9.28307929105e-18)
(42.4645284471 30.2746068097 -3.96354797437e-18)
(42.9522909511 30.3134209939 -7.60823993509e-20)
(43.1189708656 30.3169166048 9.69224771378e-19)
(42.9156404275 30.6207905074 -8.37867051893e-19)
(42.1767179311 31.5827160083 3.5104707253e-18)
(40.8184655948 33.0119904679 1.85262949962e-18)
(38.9042157911 34.0621554221 -1.38311103068e-17)
(36.6019784882 33.3643631829 9.6573996966e-19)
(34.0632417334 30.030464713 -4.26121092461e-18)
(31.5856916281 23.3534310472 -4.33259099038e-17)
(29.7134672382 13.8587217116 -1.7193767978e-17)
(29.0074791082 2.72499006068 -5.1881574563e-17)
(29.7126297194 -8.26150949788 7.24179790871e-19)
(31.7251684243 -17.157111225 9.87511801014e-18)
(34.5293387269 -22.6452983807 -3.83194516696e-17)
(37.3253440791 -24.7011162275 1.49552356677e-17)
(39.6737294834 -24.6573156762 4.27415522438e-19)
(41.484709942 -23.4195731642 -5.45520483257e-18)
(42.6943135815 -21.7526675438 -6.20304156005e-19)
(43.346105679 -20.1876786656 -7.82666138564e-19)
(43.5627283615 -18.9125597304 3.61617324501e-19)
(43.4148600053 -17.9126436145 -4.62611279236e-19)
(42.8808705787 -17.1379977676 -1.47976426972e-18)
(41.8472706577 -16.543268738 -3.61558823052e-18)
(40.3457764826 -15.7457243522 4.53944631267e-18)
(39.0679074352 -13.6167743335 -3.36532211204e-18)
(39.1030885962 -9.26145773152 3.49569141094e-18)
(40.572818389 -3.01638969085 -1.20736999964e-17)
(43.1172813542 3.66687037809 -6.49515194459e-18)
(46.5528671206 10.1157426389 -6.08778441546e-19)
(18.5558475263 42.1047494616 -8.35545953081e-17)
(8.28278770141 13.461090035 8.90817913022e-16)
(0.327561884261 0.831793644643 -5.57103578306e-18)
(-4.53259612337 -1.25414146394 -8.82643964144e-18)
(-5.88918940614 -1.04053455309 1.52029895708e-17)
(-5.72906849815 -1.01648185008 1.86840130163e-18)
(-5.16267179793 -0.878579999585 -9.66964870198e-18)
(-4.65453348449 -0.653073531365 2.29429592388e-18)
(-4.37828033744 -0.406848741657 2.39217167175e-19)
(-4.16686394713 -0.20004502746 -1.7227125547e-18)
(-4.10394147263 -0.0677666506964 3.6769044417e-19)
(-4.116150461 -0.00976024630206 9.94810144751e-20)
(-4.09329886634 0.00106929653031 2.06703749536e-18)
(-3.99328348761 -0.0202223362624 2.33943431592e-18)
(-3.81261017036 -0.0726473503563 -1.63926576648e-18)
(-3.6134820271 -0.119737265116 -1.26348860458e-18)
(-3.40078171617 -0.0710475574625 0)
(-3.29048929568 0.391031454043 -4.7039857349e-19)
(-3.49275088588 1.78479414398 8.4397785268e-17)
(-4.48843548293 4.33913802661 -6.02020064045e-17)
(43.8561106934 58.3463683001 1.14906349875e-16)
(38.1074903815 46.7832954351 -1.25622045339e-18)
(25.6399471082 26.4035569281 -2.53285439221e-18)
(13.3086691927 9.6103013658 -3.81014503824e-17)
(3.28088552273 1.09179051899 2.09172406304e-18)
(-2.79261244971 -0.998443708882 3.07443151005e-18)
(-5.40219509411 -0.752894439354 1.57039242584e-19)
(-6.44647357378 -0.468450321548 -4.99077913421e-18)
(-6.9365262293 -0.310094900038 -3.52013439915e-18)
(-7.19723250663 -0.111648197207 3.41114767693e-18)
(-7.42175719008 0.0391468918789 3.17657892982e-18)
(-7.61066892433 0.0435406218852 -1.02216710829e-18)
(-7.72440522755 -0.0888694341231 -8.21275217453e-19)
(-7.81559113588 -0.279294154936 -4.1454885851e-19)
(-7.77770215739 -0.388690061434 -1.85098804452e-18)
(-7.66846548292 -0.377285783261 1.05188713381e-19)
(-7.63303436916 0.209287673666 -2.35720158511e-18)
(-7.80218861797 1.55673164509 3.97795204028e-18)
(-7.72065255602 3.46032973581 -7.48504015521e-18)
(-7.41152317866 5.32356709803 1.79278411046e-17)
(44.6027695465 44.1452089357 -3.80241462341e-18)
(49.9648548083 48.8445147037 -5.69199213737e-17)
(48.1946375487 43.5069532727 7.56234232108e-17)
(39.5927842475 31.1305469753 -1.86557278256e-17)
(27.0894786502 17.7824671883 -4.80321770115e-18)
(14.2312469496 7.49383097024 -9.91443460435e-18)
(4.56342281697 2.11097946539 -5.3282841773e-18)
(-1.04684272378 0.599007768136 4.21320714013e-18)
(-3.78270224755 0.255066290668 1.0208432967e-18)
(-5.35534965338 0.255642786393 -4.35503073481e-18)
(-6.38338882957 0.307261597734 5.97435074201e-19)
(-7.19586637027 0.311075453657 -5.5297555585e-19)
(-7.87305959252 0.16880610184 -1.39805296432e-18)
(-8.44752850777 -0.0863911712467 0)
(-8.86843357031 -0.22909963754 8.65214084433e-19)
(-9.10118710725 0.021655366612 2.91254367967e-18)
(-9.1714300084 0.898029462168 7.76247851255e-18)
(-8.98622074045 2.28152890689 1.56683728723e-18)
(-8.15723659954 3.65103245936 -3.03043407745e-18)
(-6.51369017211 4.46629710484 6.40568433045e-18)
(43.2729729001 34.7863694931 3.86067607987e-16)
(48.8644414869 41.785814662 -4.07883692627e-18)
(55.2673918546 44.9116728457 4.19282587075e-17)
(55.4381049509 41.5653593414 3.48615712018e-17)
(49.8904603933 32.956821999 8.38173488971e-18)
(38.7004773113 22.4717445309 -5.2093539369e-17)
(26.0471718504 12.9981796086 4.60367069242e-20)
(14.9691101016 6.45800990345 5.87937931626e-19)
(6.97223066128 3.00864026345 -1.20648560007e-17)
(1.94427174802 1.74523577904 -1.5397724172e-18)
(-1.05839546796 1.34650218114 1.46759638546e-18)
(-3.07160092442 1.10000053055 -1.20154087582e-18)
(-4.54848853889 0.792660751361 -3.27088899123e-19)
(-5.85640062024 0.418721541422 1.49340678174e-18)
(-6.92708214163 0.226337201559 1.42933456411e-18)
(-7.6819941466 0.456751406715 1.27358901474e-18)
(-7.92986271686 1.25169076908 3.59864588855e-18)
(-7.48708789551 2.46431282623 -6.26010502411e-18)
(-6.164349004 3.47731794607 4.98524062821e-18)
(-3.94643013093 3.53259112899 1.00945000302e-18)
(44.7393820345 31.0301959121 -5.90717710591e-18)
(47.929825064 35.3313735054 -3.96320096698e-17)
(53.7419601537 39.8294483456 2.07072267902e-18)
(58.503559533 41.208801097 -9.68850949644e-18)
(60.2743870998 38.526536307 -3.58366856312e-17)
(56.9103099577 32.4043052998 1.87634221302e-17)
(48.036665922 24.3912428981 6.63588579681e-18)
(36.8265257789 16.5314747782 -1.07679155707e-17)
(25.8863974849 10.3005894495 -1.8212356562e-16)
(16.8367448481 6.13384320746 1.03874025078e-18)
(10.2379962355 3.86236724343 4.2237358423e-18)
(5.75259734208 2.72272933124 -1.02039675894e-20)
(2.78925864793 2.06079769319 8.25389796548e-19)
(0.402772783787 1.49351608779 3.42642082566e-20)
(-1.53236973214 1.11843732785 -2.00023970509e-18)
(-2.95610678582 1.10274920918 7.51999235707e-19)
(-3.70538352015 1.50038207316 -4.53728522568e-18)
(-3.65216449767 2.2676111788 3.59071706787e-18)
(-2.69130487615 3.14801472102 -2.05753131561e-19)
(-0.233094312284 2.63291436013 1.76384216774e-19)
(46.2413599577 28.3193642933 1.51192183716e-17)
(48.1828723308 31.0899526942 4.22458059259e-17)
(52.0833379928 34.276096483 -4.04063154945e-17)
(57.4754966678 37.1595897855 -1.53702232517e-17)
(61.7688826704 37.6416737088 -2.84208268846e-17)
(64.1055094937 35.4074576507 -9.47864485687e-18)
(62.3276897426 30.8915121534 2.51646876443e-17)
(55.6055762209 24.7227259766 4.77972720037e-17)
(46.32349506 18.3196224642 3.52082365782e-17)
(36.4511538536 12.7959174144 9.26407881906e-18)
(27.4598218043 8.77053223037 7.73974850807e-17)
(20.1446085087 5.99740887721 2.52790401305e-19)
(14.7807075804 4.25804146663 -2.99850332238e-18)
(10.7922588942 3.16224437528 -1.6133411838e-18)
(7.68380125564 2.44628728018 -1.25078156659e-19)
(5.32823901626 2.11472145792 2.40993578965e-18)
(3.80590318864 2.17365215521 2.95327024273e-18)
(3.12444603108 2.30891928694 -1.40813941033e-18)
(2.78266753343 2.90330634082 -1.05011824372e-17)
(4.9543559537 1.75286640302 4.20690562115e-18)
(47.3823417727 26.06284029 -2.15184413799e-17)
(48.9668499302 28.5415688587 1.83469760044e-17)
(51.5421703264 30.8555881744 1.14151586424e-17)
(55.7090545296 33.1008964185 1.83157539556e-17)
(60.6566340143 34.5516479187 -5.5636863572e-17)
(64.4214883131 34.2930355215 -3.96331006783e-17)
(67.2666475396 32.3673469752 -8.57240915769e-18)
(66.2033717682 28.8293329539 2.83210266194e-17)
(61.4785630202 24.0524943563 4.14970180622e-17)
(54.2880353134 18.9471949107 1.86699987211e-17)
(45.9947687097 14.3006682947 -5.02240812968e-18)
(37.8855033501 10.477079503 -2.03016769908e-19)
(30.8973860752 7.62730162839 -6.6784096556e-18)
(25.2678957732 5.68953170854 2.54203695457e-18)
(20.7934875294 4.36742070956 1.25070244601e-18)
(17.3393986118 3.52845519103 -2.33246687485e-18)
(14.7788136621 3.13969290568 -1.41129207388e-18)
(13.1274031052 2.84615985364 -1.83124497372e-18)
(11.7452449569 2.94294381621 1.48833968257e-18)
(12.5722142464 1.25926496705 4.84170905023e-18)
(48.3844173738 24.1810315363 1.23857197656e-18)
(49.804245074 26.5174494525 5.89705086997e-18)
(51.7744761212 28.4645564302 2.2184364649e-17)
(54.7275537894 30.1400417155 -1.4665417138e-17)
(58.8900826934 31.4971039915 3.00029810013e-17)
(63.2471726626 31.8858489666 -3.77321891663e-17)
(66.7867695248 31.1313338255 -4.64180017008e-17)
(69.6141487713 29.3234830084 -6.04897445575e-17)
(69.2980608217 26.4662099885 -1.69776851409e-17)
(66.3101290725 22.7723318277 -1.57785962472e-17)
(60.9573330175 18.6863207375 1.17494803861e-17)
(54.4200609036 14.7324829189 -3.63643090152e-18)
(47.7804749871 11.3099414032 1.57534401658e-17)
(41.7328055571 8.67509934676 2.09229135788e-19)
(36.4813478154 6.77672169098 -7.30730346968e-18)
(32.1703874532 5.40692275192 4.36291569142e-18)
(28.7169683219 4.48661369829 -6.53463756058e-20)
(26.2125034037 3.75705991354 -3.49506872724e-18)
(23.9836914464 3.55657978791 3.48574859414e-18)
(23.5031083412 1.46827230331 -3.79764832288e-16)
(49.2047983624 22.3633666436 -2.73058906263e-18)
(50.3481682858 24.6126724345 -5.54748879581e-18)
(52.1375879913 26.5754683346 2.0500920988e-17)
(54.5946258477 28.1026802313 -4.47931540813e-18)
(57.8288848259 29.1838977733 1.28841404855e-17)
(61.7206770067 29.6492331406 5.87488850105e-17)
(65.4753402427 29.2672596732 1.66488058591e-17)
(68.8257597646 28.1751506783 -8.77551503661e-20)
(70.7851630149 26.4015820857 6.68150399782e-18)
(71.6002075951 23.9657972202 1.98193420522e-17)
(69.907491643 21.0259455557 -5.963299472e-17)
(66.2628420504 17.6658723101 0)
(61.6048530096 14.2984760006 -4.54487789737e-18)
(56.6875428495 11.3623326708 1.95414443552e-17)
(51.8797065355 9.05638341631 1.18589970779e-17)
(47.5127695709 7.32311747731 6.70214238848e-19)
(43.7125455827 6.03706368682 -1.30973759483e-18)
(40.680048549 4.99687530725 7.99440301003e-18)
(37.8921838238 4.49221069778 1.50791196336e-18)
(36.574196434 2.50856813972 -4.83335253972e-19)
(50.0962662964 20.6851708902 6.99976692845e-19)
(50.9824147905 22.7684397738 4.629447232e-19)
(52.3930942916 24.7432923087 -5.55641440702e-18)
(54.5458528041 26.2255971522 1.09290458465e-17)
(57.3281556483 27.1969603344 -1.8568282337e-17)
(60.6523622797 27.6583181597 1.9611475785e-17)
(64.1516797219 27.4349731279 3.84206473896e-17)
(67.4699566792 26.6224322616 -4.01806905185e-18)
(70.2754895667 25.2878634437 3.94398897589e-17)
(71.9089391864 23.4818418678 2.74548589866e-17)
(73.0924642712 21.3346303963 -2.74963464274e-17)
(72.7312106712 18.8202562159 1.07827393811e-18)
(70.0937568027 16.0793058966 -9.51247925714e-18)
(66.8479441905 13.3694111417 1.70283424556e-17)
(63.2800760922 10.9881104741 1.98116218733e-17)
(59.7108461419 9.07128700658 -1.56177681602e-17)
(56.3465170424 7.54978613977 2.3132311087e-18)
(53.4385523747 6.3136008509 1.05921054572e-17)
(50.6774637502 5.53547201544 -4.36889371147e-18)
(49.2426305631 3.68313002442 -6.31549019976e-19)
(0.00509752951672 -0.00164906165562 -5.90972099752e-20)
(-0.0245493422766 0.0103351617524 -3.42776641324e-19)
(-0.128199922723 0.0157927793755 -2.06207197864e-19)
(-0.255542295046 0.0220497276617 -8.21925764253e-20)
(-0.399476022127 0.0279559541649 3.22039521891e-18)
(-0.551543535497 0.0286614815845 7.48516856789e-19)
(-0.71588573621 0.03419576918 -1.15300198288e-19)
(-0.887498640217 0.0407590063176 1.9409489148e-19)
(-1.06723009973 0.0478390282742 -3.51302796762e-20)
(-1.26242595361 0.0538133198342 -5.12685605243e-19)
(-0.00459347754754 0.0088896891644 8.22681752701e-20)
(-0.128855427821 0.0809386016043 -1.20557280337e-19)
(-0.397909910635 0.130850030885 -4.08046225714e-19)
(-0.726932605758 0.15821207927 -5.95846880574e-19)
(-1.07680534648 0.177703979832 -4.43324666202e-19)
(-1.43267196631 0.195508005886 -1.94647642577e-19)
(-1.78642531722 0.213450505705 5.37400514332e-20)
(-2.12969366032 0.230502017675 1.84630882629e-19)
(-2.46159001591 0.246935931808 5.06252076302e-19)
(-2.79041223533 0.259600391125 -4.82385154145e-19)
(-0.016374585904 0.0514673626492 1.28148075804e-19)
(-0.238797600421 0.214793573217 2.59901866707e-19)
(-0.634483104438 0.324651725818 1.89659891404e-19)
(-1.09820549148 0.381569643432 -2.28355188035e-19)
(-1.56968853826 0.413777074431 -4.09493967203e-21)
(-2.02650252801 0.434770641919 2.28152443584e-20)
(-2.45456510761 0.44843145665 8.89083885766e-20)
(-2.84437930785 0.455993801829 -1.18381591168e-19)
(-3.19976297689 0.459948296374 -1.71767056275e-19)
(-3.53370221618 0.459538790771 3.85282332966e-20)
(-0.0296466456024 0.12265481355 1.17768381398e-19)
(-0.333914837001 0.403747068321 -1.66635586955e-19)
(-0.821970637432 0.584121024929 9.80791895128e-20)
(-1.37182783777 0.670802809404 -2.35270827114e-20)
(-1.91058704675 0.708340005083 -2.01276463358e-20)
(-2.41465089706 0.720952667156 -6.38319983745e-21)
(-2.87186392475 0.717793116572 1.10841442262e-19)
(-3.27852816237 0.703752019902 -1.12094512874e-19)
(-3.64970727766 0.686532725231 -3.25249689783e-19)
(-4.00886623495 0.66803061173 5.47145051614e-19)
(-0.045341205864 0.215153192933 -7.8656535638e-18)
(-0.411567437732 0.632033165922 1.26323875787e-20)
(-0.969096753816 0.886708109128 -6.02288846104e-20)
(-1.58048030121 0.998566149517 -1.84603218331e-20)
(-2.16673064764 1.03334111057 -6.2342875123e-21)
(-2.70957320824 1.03068473541 -1.20101456721e-19)
(-3.20429773624 1.00479317574 4.20455548135e-19)
(-3.65587750915 0.968356491784 2.65815422136e-19)
(-4.0895516056 0.932479198542 -4.60400586775e-19)
(-4.53764509459 0.904124867954 -2.73373145311e-19)
(-0.0513200893169 0.324770839495 2.11667632949e-19)
(-0.47759730927 0.894111289143 1.89651980459e-20)
(-1.09465302122 1.22226525498 1.19692523935e-19)
(-1.76422062771 1.35395977197 1.3254073163e-19)
(-2.4021684648 1.38101067011 -2.73596599302e-19)
(-3.0012494788 1.36257579894 9.16851425893e-20)
(-3.56140147314 1.3143856303 3.26096250648e-20)
(-4.09462321385 1.2622254674 -5.64751818233e-19)
(-4.62991291337 1.21928024957 6.57307845891e-19)
(-5.19874709351 1.19442229457 -1.25798278217e-18)
(-0.0523175596716 0.461618562479 1.69108229695e-18)
(-0.540315450379 1.1860541151 2.12340071974e-19)
(-1.22075769103 1.58750679575 -2.89468509201e-19)
(-1.95765288143 1.7346569708 4.6040063429e-19)
(-2.66144366923 1.75182621594 8.40731714127e-19)
(-3.33831048507 1.71937064775 -6.93986510812e-19)
(-3.98531672782 1.6533531041 -6.45394972646e-19)
(-4.61404496648 1.5959067273 -4.34917881421e-19)
(-5.25565301262 1.5601386078 1.09848671131e-18)
(-5.92323258915 1.55040898381 -7.52109363092e-19)
(-0.0591489107032 0.622603737456 1.00145167303e-18)
(-0.605648769317 1.50608886019 -9.4978635053e-19)
(-1.36518054954 1.98357973035 9.52410477423e-21)
(-2.18558905836 2.14173020648 -4.4582281018e-19)
(-2.96882329425 2.14750162268 -2.9851901861e-19)
(-3.73427530563 2.10157276051 4.96275018099e-19)
(-4.4664137762 2.023359418 1.51666647085e-19)
(-5.1726824238 1.97245744812 1.15263324446e-18)
(-5.88438148958 1.94761592751 -2.15392688814e-19)
(-6.58190048617 1.95755834572 -6.76216387536e-19)
(-0.0654469717222 0.785424253216 -7.3216635742e-19)
(-0.683519254836 1.85916385817 -4.02023397547e-19)
(-1.5440317089 2.41273254834 1.90073487161e-18)
(-2.46239430407 2.5745157617 -4.492656107e-19)
(-3.33022760714 2.56688982357 -2.32937404264e-18)
(-4.17626674172 2.50607008745 -7.46688140247e-20)
(-4.96419557938 2.42075629988 8.89050102906e-20)
(-5.70307370664 2.37918246863 2.05754156959e-20)
(-6.41735801212 2.35651139866 8.90618781615e-21)
(-7.0277020744 2.38938007719 1.44897522765e-18)
(-0.0714005920274 0.978160262133 5.88496930017e-20)
(-0.787311980741 2.25134897345 2.95785578117e-19)
(-1.77065290104 2.87431829317 1.98603430475e-18)
(-2.79314913248 3.02844378581 -9.49618468774e-19)
(-3.73641456393 3.00285560829 2.79395655305e-19)
(-4.63279150826 2.92282020405 3.40747912954e-19)
(-5.42353633324 2.83087774866 -1.79042542925e-19)
(-6.125366196 2.78605311336 7.60798693753e-19)
(-6.74487333989 2.75440299899 1.73108393503e-19)
(-7.12829561336 2.8236071824 1.11959156691e-19)
(-0.0849919517813 1.1991187942 -1.02482558438e-18)
(-0.930427642618 2.68572405444 -4.44338409432e-19)
(-2.05475230005 3.36297889671 -1.16533333268e-18)
(-3.17534752465 3.49428328992 -8.56816011415e-19)
(-4.16627992775 3.44079292641 2.21081828875e-18)
(-5.05954751257 3.3336094739 1.5627401617e-18)
(-5.77882518433 3.22864405492 -1.45424362937e-19)
(-6.3453837061 3.16852590802 1.78613089564e-18)
(-6.73092932346 3.1485495322 2.21014330942e-18)
(-6.78712196333 3.21107903401 -8.06830815536e-19)
(-0.111028560888 1.45712593946 2.00962771526e-19)
(-1.1289617375 3.16376208637 -9.36622344292e-19)
(-2.40289994233 3.86798786133 -4.25560779792e-18)
(-3.59962904652 3.95627148574 3.30184595527e-18)
(-4.58933178718 3.85894154436 -1.47903573011e-18)
(-5.40339356317 3.71335149162 -2.35844003096e-18)
(-5.95765091227 3.5884824508 1.67886938629e-18)
(-6.27343358053 3.50646525641 2.32316072329e-18)
(-6.38728594493 3.47458870132 1.59330297236e-18)
(-5.85048501924 3.53243052079 -4.27117616313e-19)
(-0.162357944018 1.76634316847 1.73038573383e-18)
(-1.40302330543 3.68316180486 2.54470222711e-18)
(-2.81702973278 4.37217207707 -7.46078043676e-19)
(-4.04946999012 4.3910920899 -4.1049187929e-20)
(-4.96959302402 4.22827789507 -3.07892744482e-19)
(-5.61070068573 4.03036691179 2.04718978953e-19)
(-5.89824147143 3.88848519677 -1.29196349207e-19)
(-5.8862963455 3.75744510019 -1.21682977212e-18)
(-5.5960657526 3.71859414711 -2.12310085423e-18)
(-4.26413366342 3.69417888779 -1.37498715929e-18)
(-0.264189709664 2.13194161978 3.13072851667e-19)
(-1.7659074867 4.23408104417 3.2678957336e-18)
(-3.29462941313 4.85145193021 2.54574375511e-18)
(-4.50377381386 4.76746921169 -1.92967855529e-18)
(-5.27156259656 4.51391627342 -2.02391109971e-20)
(-5.61584693384 4.27468943503 1.04632571223e-18)
(-5.58966239695 4.08683037494 1.80519342393e-18)
(-5.07003644432 3.91603501158 -2.39528719272e-18)
(-4.28639875592 3.83518133202 -6.53458811327e-19)
(-1.96226427607 3.62088339935 -3.19090857062e-17)
(-0.447954035983 2.57080175225 1.9208568276e-19)
(-2.21990998275 4.78792183664 -1.65457278789e-18)
(-3.83111571523 5.27752774749 -1.49865243223e-18)
(-4.93612586926 5.05765699661 -1.08664920291e-18)
(-5.40788323003 4.71217395522 -6.81936880353e-19)
(-5.40413072013 4.40892230519 5.71808146609e-19)
(-4.90962845333 4.18759472233 -1.82267970001e-18)
(-3.74714824306 3.96544083351 -5.06647785484e-19)
(-2.44321112477 3.80044627134 -1.17331659373e-18)
(1.15030440665 3.31049149983 -1.0377162072e-18)
(-0.710091970426 3.1322586707 -2.25944226336e-18)
(-2.78565149316 5.30746213525 -1.70102644465e-19)
(-4.39965321037 5.61812637594 -5.77170580222e-18)
(-5.25169007312 5.23832257504 -9.13194719932e-19)
(-5.34845297859 4.80113855662 5.56806901007e-19)
(-4.90165864726 4.43015447873 2.39052858757e-21)
(-3.78820845658 4.16786813554 -2.42426568282e-18)
(-1.83823025587 3.89177116019 9.54678221641e-19)
(0.280502866108 3.57990721742 1.8200657305e-17)
(5.58730597844 2.80994857151 1.21586017443e-18)
(-1.02431488523 3.78405592775 5.96169647877e-19)
(-3.48556070045 5.76770977479 -3.9548185802e-19)
(-4.95766264654 5.84550667004 -6.83455996225e-18)
(-5.41727788594 5.28154951876 1.40766175004e-18)
(-5.09666536932 4.7353995921 6.88061804778e-19)
(-4.01631119187 4.3251671607 2.74706719716e-19)
(-2.15493616159 4.0125858118 1.01283606963e-18)
(0.73826675798 3.69249717554 6.75066790014e-19)
(4.13547394783 3.3061618127 -9.30419583402e-19)
(11.6200228447 2.47764126944 -2.32197515284e-17)
(-1.54028321306 4.64302144096 1.15919947026e-17)
(-4.32475066312 6.09925905494 -5.87903076995e-18)
(-5.4696797884 5.90716040819 3.86259715941e-18)
(-5.43910875403 5.21407112578 9.24338059272e-19)
(-4.51521789756 4.57500275068 -3.32576833212e-19)
(-2.65974954092 4.13078652238 3.10093667975e-20)
(0.104331476029 3.81097342236 1.11645392673e-18)
(4.23677348008 3.47730682765 1.05767671994e-16)
(9.64714073439 3.15297435249 7.23934811876e-19)
(19.6506759265 2.63142662576 -1.94937265039e-18)
(-2.55402022998 5.38142731808 3.1122765828e-17)
(-5.29656617189 6.25256760883 -5.33665415811e-18)
(-5.88826291476 5.80433882831 6.926182897e-18)
(-5.17968680586 4.93396232952 1.29396101557e-19)
(-3.40438051507 4.32570342111 -4.56005330979e-19)
(-0.575083905672 3.85928705568 1.21537123494e-19)
(3.51234125037 3.54623145245 3.48510508529e-20)
(9.68111042165 3.21290956608 4.01649327843e-16)
(17.9749031958 2.97039173431 -7.9007193602e-18)
(30.1830777196 2.7657212985 5.40920324756e-16)
(-4.24449802121 5.78461118412 -2.03197439264e-17)
(-6.28853103599 6.20118870111 9.12440384387e-18)
(-5.78806680904 5.43011810062 3.5224790747e-19)
(-4.14889445126 4.42165765962 4.86404656243e-19)
(-1.25234156788 3.76568647695 3.34457443694e-19)
(3.19034296537 3.20073233132 3.35050715959e-18)
(9.7309360014 2.68001705352 -2.30585248823e-18)
(18.6930537068 2.18839429167 -4.13883819757e-18)
(29.8865060864 2.03345264169 -3.29988021387e-18)
(42.6839685559 3.06824630924 -1.09277830519e-17)
(-1.43499605044 0.0629621650433 -3.40939207177e-19)
(-1.57322867297 0.0736212193938 4.51225832122e-19)
(-1.72044138294 0.0852522411375 1.11631974391e-18)
(-1.87312723895 0.102026206413 -1.3362882231e-18)
(-2.03321121316 0.118993401219 8.54527482368e-20)
(-2.20005149441 0.139724200945 -1.07348278154e-18)
(-2.37284373774 0.159019112457 -1.57968273708e-18)
(-2.5467033187 0.172509566365 2.51027431554e-18)
(-2.71555471482 0.179121395489 1.77163551417e-18)
(-2.87206761038 0.185361075848 1.13925740509e-18)
(-3.00564992283 0.180753037 -2.95423878515e-18)
(-3.10757573146 0.174959359329 4.95173282082e-20)
(-3.16449237597 0.153714148968 0)
(-3.16442347474 0.134646134172 8.51886838398e-18)
(-3.08995557782 0.103998272049 -4.42000472212e-18)
(-2.93839230562 0.0758852930119 -1.88992678059e-17)
(-2.69958457634 0.060026796912 1.10130839505e-18)
(-2.37011313421 0.0770095052804 7.62716336545e-18)
(-1.94314788405 0.0794717849171 1.5242921295e-17)
(-1.42885943867 0.12843576526 5.19201265943e-18)
(-0.83004693215 0.19755660605 -3.29613808488e-17)
(-0.170377158482 0.220172688349 7.30016026663e-18)
(0.530003329448 0.260777565665 3.83037762857e-17)
(1.23743445415 0.330475845977 -1.71788276261e-17)
(1.93184548383 0.393541812354 -1.19092837385e-17)
(2.57988131072 0.443523372388 1.05281898e-17)
(3.16917712386 0.50102604453 -1.80715903585e-20)
(3.67510991521 0.553515557021 2.92660253889e-18)
(4.11116885203 0.610358874566 4.49781683195e-18)
(4.47967458276 0.672019258765 -3.45769877822e-18)
(4.76100024427 0.729174633436 -8.64055745833e-20)
(5.01780549532 0.781665671484 2.78766023743e-20)
(5.20896362095 0.833825204311 -8.51658337289e-19)
(5.41839554961 0.877679071677 3.05302939457e-19)
(5.6369156986 0.9211461734 2.03954020866e-18)
(5.91960974039 0.957560272829 -2.7674068225e-19)
(6.26118362001 1.00328581909 3.59477929094e-19)
(6.686082924 1.04793314239 0)
(7.14368665846 1.11015126344 2.51964347097e-18)
(7.63480429137 1.16730049948 1.64951783614e-18)
(8.08842138692 1.24960096716 -4.42407540812e-18)
(8.54630282833 1.33687881753 -3.43376021342e-18)
(8.94702854693 1.31283414836 -6.35650511312e-18)
(9.16771359547 1.24937531903 1.44388370741e-19)
(9.28473787182 1.20644406923 1.95620298674e-17)
(9.27239713734 1.30827135486 1.01082989913e-17)
(9.07800170191 1.56731953775 -6.82012333165e-18)
(8.60490426508 1.94956286562 -1.37687004018e-17)
(7.7611214331 2.26347964134 -2.00300529868e-17)
(6.5660844188 2.40341408325 -1.68330035163e-18)
(5.06448602839 2.35409210836 2.59643498583e-17)
(3.31678992628 2.29589142701 2.82774767227e-19)
(1.33915986383 2.25431281944 3.64870483875e-19)
(-0.849450422957 2.26671740518 -2.16118762607e-17)
(-3.15302078607 2.16621699736 2.60899181193e-19)
(-5.48802750175 2.11470908741 1.55537454752e-17)
(-7.80436232261 2.1313657509 -2.9150570373e-19)
(-10.0815690886 2.14094846011 -1.37914997976e-17)
(-12.224531383 2.1039378085 -1.18616399378e-17)
(-14.3922450061 2.08840750654 5.67400137376e-18)
(-16.2917369569 2.15895778609 -2.62387143926e-18)
(-17.8097488564 2.20299549281 7.9714796656e-18)
(-19.0265018866 2.1556755876 8.71413049436e-19)
(-19.8354579224 2.02960363077 -2.60785113332e-17)
(-20.2516169049 1.82527100773 1.7791314135e-17)
(-20.1940243018 1.70819479394 6.42802402333e-18)
(-19.6394889525 1.73843060383 1.17005719893e-17)
(-19.0319507555 2.22805527374 1.8268621514e-17)
(-19.2692449853 3.56652473321 -9.73865512763e-18)
(-20.0536761089 6.72065946978 5.04351211602e-17)
(-3.04647628048 0.264509002816 -1.12618499153e-18)
(-3.24009895436 0.264412109581 7.73132543459e-19)
(-3.43552307679 0.270769062175 8.0024239799e-19)
(-3.62298921085 0.280579288984 1.5490845114e-19)
(-3.80158963405 0.289957803014 5.336801723e-19)
(-3.96869154628 0.296499023805 3.05880007327e-19)
(-4.11753517509 0.298401707624 -6.55900371453e-19)
(-4.24005223199 0.294213825124 2.16358992171e-18)
(-4.32727795314 0.280473811969 2.74097216196e-18)
(-4.36384135519 0.25758873217 2.56979520116e-18)
(-4.33830451196 0.220932330257 -1.05102923816e-17)
(-4.23904923468 0.173802464731 -5.59160204813e-18)
(-4.0462955839 0.110618263202 1.70877205034e-17)
(-3.7468746892 0.0320517067728 -5.0976738271e-18)
(-3.33106220319 -0.0676023712805 -1.71589444985e-17)
(-2.78335621759 -0.181538164205 -9.54243128491e-18)
(-2.0904072702 -0.305975145455 -1.26818066262e-17)
(-1.24764620697 -0.427787042206 1.23828184186e-17)
(-0.257442074459 -0.542123913778 -1.68581224948e-17)
(0.871840444712 -0.622394915988 -1.33440917874e-18)
(2.12994691392 -0.671702892977 3.41632400672e-17)
(3.48001269088 -0.684139414182 -1.28983695538e-17)
(4.87898701659 -0.643387108795 -5.9867127249e-18)
(6.28680438572 -0.548961493562 7.85940701498e-18)
(7.65833440053 -0.405036857041 -1.97138562275e-19)
(8.93768089831 -0.21475919982 7.23378429648e-18)
(10.0847547584 -0.00226164300208 -8.09573206869e-20)
(11.0673081077 0.217568038967 1.08461187284e-18)
(11.8743240424 0.425549984624 2.69854026972e-18)
(12.5034429645 0.616312291816 -3.10333084861e-18)
(12.9837247901 0.778589582183 -7.79409271785e-19)
(13.3320105323 0.89931136237 -1.21447326437e-24)
(13.5915505786 0.981545113846 9.59262891789e-19)
(13.8155333003 1.00869337507 1.23800150596e-19)
(14.0630446992 0.989293978093 -3.78535850471e-18)
(14.3901125675 0.930729298719 2.34095934686e-18)
(14.8243616413 0.871508435053 2.46251138741e-18)
(15.3695500605 0.838235584632 -4.88053351018e-18)
(15.9732063203 0.873328814514 -2.12314160128e-18)
(16.5769319302 0.974337210121 -1.80152723673e-18)
(17.0819578044 1.15996073513 1.24702011365e-20)
(17.3899042788 1.41191348441 1.41625254213e-18)
(17.3922866072 1.67020612631 3.25215246237e-18)
(16.9869716953 1.98977946692 8.57843185e-18)
(16.1177851322 2.34766305711 2.33480156254e-19)
(14.7161968468 2.67407302867 -1.55230357835e-17)
(12.7662490618 3.01507375008 8.93274318694e-21)
(10.2365896512 3.4813559223 2.84691182359e-18)
(7.13086759688 3.99058149081 1.59740539912e-17)
(3.49065156438 4.4913102244 6.06409788039e-18)
(-0.600799774532 4.90354414573 -1.46818287719e-17)
(-4.98687249681 5.2061654571 -5.10884376931e-19)
(-9.46368937062 5.36281252487 -1.85532911008e-17)
(-13.824320108 5.39141369633 -2.03430138631e-18)
(-17.9278994758 5.2837668432 -3.83497738416e-18)
(-21.6925120038 5.06506051195 1.87676033707e-17)
(-24.9698291399 4.75073601946 1.28458661098e-17)
(-27.7384653161 4.34777638583 -1.54404927912e-17)
(-29.9883330963 3.84205152957 6.73889076124e-18)
(-31.6966271961 3.28040692742 6.39113503321e-18)
(-32.8104087756 2.76940221738 0)
(-33.3582671035 2.23811199122 -7.68915056067e-18)
(-33.4172363703 1.68340709467 -8.19055239093e-19)
(-33.0667974644 1.1499977009 3.16434715369e-18)
(-32.3799404137 0.648419709195 -1.65218334007e-17)
(-31.3602197387 0.22299554788 1.04487226905e-17)
(-30.0474929492 -0.159257828821 8.74307043886e-18)
(-28.6161576576 -0.345908691011 -5.58281571672e-18)
(-27.2192417564 0.139159753933 -1.24787828731e-17)
(-25.2647766569 2.22057641315 -8.91316238934e-17)
(-3.77881901405 0.444204628293 -2.70001226138e-19)
(-3.95875570499 0.428047330655 -2.78961690588e-19)
(-4.13744351027 0.421414933486 2.28420328434e-19)
(-4.30301278812 0.418491568795 -4.98910645705e-19)
(-4.45469197244 0.413198449334 7.43506102684e-19)
(-4.5895682763 0.40074735657 3.00785634613e-18)
(-4.70197641702 0.375549917541 -1.22278587207e-18)
(-4.78284904867 0.333136283128 3.0241220549e-18)
(-4.82397843933 0.272431758668 -4.30189228445e-19)
(-4.81487279603 0.183463323346 1.05692550547e-18)
(-4.74256299662 0.0711828510462 1.68238587991e-17)
(-4.59495192875 -0.0645997345188 -6.08697430637e-18)
(-4.35535980608 -0.243187270979 -1.23548785256e-17)
(-4.00845050471 -0.44507400727 1.56237716619e-17)
(-3.53619248844 -0.667473990053 6.7440995893e-18)
(-2.91888067576 -0.916390061698 -2.76555081194e-21)
(-2.13952612105 -1.18143726123 6.59646173121e-21)
(-1.18327333721 -1.44871773344 -1.81084870007e-17)
(-0.0405079093034 -1.70425284371 7.90785236294e-18)
(1.29253049289 -1.92386586643 -6.22499887195e-18)
(2.80898228968 -2.09062186996 -2.23016616506e-20)
(4.48281341726 -2.18686532882 -1.3563852967e-19)
(6.27373839388 -2.19175365062 -1.78316126288e-17)
(8.13344041108 -2.09291894619 5.96282710198e-19)
(10.0041368773 -1.88896818027 -5.28951624947e-19)
(11.8212417577 -1.57904993585 4.79087966252e-22)
(13.525829267 -1.1890925915 -5.68846543022e-18)
(15.0608877575 -0.75475874913 4.92400770954e-22)
(16.3816215901 -0.293272721931 -6.37917872695e-19)
(17.4754904047 0.142037668171 -5.27292782196e-19)
(18.3265363243 0.506744587687 1.61318816106e-18)
(18.9416476692 0.796789178381 -2.19745313213e-19)
(19.3497763158 0.989263577073 -5.29934695535e-19)
(19.6008922966 1.07193468627 2.22428638024e-18)
(19.7746476983 1.02984060146 1.44168616224e-18)
(19.9466947595 0.898230699136 -1.14374596514e-18)
(20.1653053769 0.727979090197 -2.58795805433e-18)
(20.4552665746 0.599536624603 -9.88343575491e-19)
(20.7733016367 0.611023752305 1.07466524855e-18)
(21.0274208701 0.761715208896 3.32630377054e-18)
(21.0696144309 1.14429993736 3.28157293406e-18)
(20.7536729618 1.74420939319 -7.66553048465e-18)
(19.9345706466 2.42206937436 9.0541590343e-18)
(18.4845014265 3.12612039644 6.86154969008e-18)
(16.3116588324 3.94414892763 -4.6340639938e-18)
(13.3621086039 4.89412581942 8.61260077616e-18)
(9.59269597345 5.9410601569 -2.60889198309e-17)
(5.10916319016 7.0135486014 -1.40307514264e-17)
(0.101840574359 7.9850844175 7.22166036116e-18)
(-5.17704430842 8.75865600376 -3.68878830791e-18)
(-10.4545071409 9.251374781 1.61390119046e-17)
(-15.4866134015 9.43457360448 1.68106363289e-17)
(-20.0726912131 9.30879428559 1.53953412519e-17)
(-24.0736225698 8.90844827068 4.84271234869e-18)
(-27.4186708286 8.27295093651 1.26164450897e-17)
(-30.0741780746 7.47755976785 1.86380920829e-17)
(-32.0902241249 6.59308327789 -2.0169971828e-17)
(-33.5274155224 5.65361814572 -3.80918181493e-18)
(-34.4656793634 4.6968335956 1.5439770492e-17)
(-35.0051094667 3.76129791026 0)
(-35.1548123754 2.88551801348 -1.62593096229e-17)
(-34.9033301149 2.04106060996 -5.60445634963e-18)
(-34.3033193231 1.20962527772 -9.74816148467e-18)
(-33.3732778597 0.41206101529 -1.02140273489e-17)
(-32.1474937125 -0.333075700167 -1.84037762822e-17)
(-30.6505729215 -0.984829874171 -4.99389847061e-18)
(-28.9303043226 -1.51532228723 3.53875779777e-17)
(-27.0386119523 -1.84786053037 -1.03131896245e-17)
(-24.8646425021 -1.76251292593 -3.32299819539e-17)
(-21.9547891193 -0.948197252833 8.61080952431e-18)
(-4.27702758024 0.62852428702 2.5207847827e-19)
(-4.47234241125 0.598137094127 1.72414246918e-19)
(-4.67521013137 0.578599951795 -3.53704246284e-19)
(-4.87095871675 0.563331031383 -1.53800385486e-18)
(-5.06032956628 0.544324739931 -3.52455715905e-18)
(-5.24178375172 0.513885247062 2.74640242193e-18)
(-5.41161112388 0.464921067251 3.22661733239e-18)
(-5.56431051799 0.391420764126 -6.59328680343e-18)
(-5.69339451419 0.287570040561 4.367204106e-18)
(-5.79159541215 0.14960674224 -1.98833743627e-18)
(-5.8486102946 -0.0267297127944 -2.59553572538e-18)
(-5.85087591839 -0.245111596846 1.49479609859e-17)
(-5.78273014362 -0.510395028277 5.39503692855e-18)
(-5.62393104536 -0.825599454483 -1.72438408787e-17)
(-5.34629270896 -1.1897571357 -1.09899772733e-20)
(-4.91978382967 -1.60024614906 -2.7720589599e-18)
(-4.3136674206 -2.04758161249 1.37429858844e-17)
(-3.49711770247 -2.51555631981 1.28929442249e-17)
(-2.44253612548 -2.98176506168 0)
(-1.13040212774 -3.41596675613 -4.29345927138e-21)
(0.444061001021 -3.78504102023 9.09714321703e-18)
(2.2665898457 -4.05358571715 -9.52707580996e-19)
(4.3021695572 -4.18700178508 -1.25391199819e-17)
(6.49799935478 -4.15970503459 1.58952309075e-17)
(8.78691519554 -3.9589957367 6.55953151353e-18)
(11.0949068917 -3.58681114134 -9.72888238898e-18)
(13.3467405569 -3.06669221242 5.71521951793e-20)
(15.4675326783 -2.43959681045 -3.24000216593e-19)
(17.3893542362 -1.75570623671 0)
(19.0587557888 -1.06023429913 3.04030685914e-18)
(20.4346259887 -0.390603663233 -2.0374095682e-19)
(21.4965169009 0.200065936447 -3.81908203158e-19)
(22.2495122698 0.691022285054 -2.25964494395e-19)
(22.7405033334 0.97881840946 1.00109646178e-18)
(23.0223157744 1.05317331824 -2.62755349872e-19)
(23.1649610007 0.955832519779 -9.84444465228e-19)
(23.217290555 0.764446177804 2.46873926154e-18)
(23.2065528696 0.599516293215 8.00421816977e-19)
(23.112827704 0.651109055065 -5.91587799126e-18)
(22.8379167759 0.966986766546 2.61876907179e-18)
(22.2212899828 1.65636596953 4.0403849595e-18)
(21.0807465631 2.65651716422 1.14232228833e-18)
(19.2542567067 3.91561869057 2.97957974404e-18)
(16.589208955 5.37122913378 -4.47401223416e-18)
(13.0101053126 6.98343363509 -4.54770072658e-18)
(8.56377245574 8.68774922205 -7.90625966208e-18)
(3.41591424769 10.361675256 -7.90433079162e-19)
(-2.13057403789 11.8385886861 4.714898875e-18)
(-7.7110353145 12.9502225906 -8.96012953033e-18)
(-12.9983817452 13.5947555444 1.20265537345e-17)
(-17.7467259035 13.7337037714 1.72161770258e-17)
(-21.8064796682 13.3985597903 3.74460084342e-17)
(-25.1246940937 12.6691734102 -2.47835162327e-17)
(-27.728200734 11.6490146748 -3.82931696858e-17)
(-29.7010242236 10.441752315 2.73876910968e-17)
(-31.1650465921 9.141223559 4.0325848649e-18)
(-32.1827907254 7.81236762141 -1.01772998441e-17)
(-32.8174747741 6.49751057145 1.76520801295e-17)
(-33.1280602926 5.19625391931 -3.24712274356e-19)
(-33.0999730345 3.92720179263 -5.5901416126e-18)
(-32.7637187875 2.71561420699 -6.01197564932e-18)
(-32.1253105099 1.54966989824 -5.24618269739e-18)
(-31.2128261374 0.428023784677 2.00236901011e-17)
(-30.0420302938 -0.640518432917 2.07845419716e-17)
(-28.612251118 -1.63666739687 -2.29565386586e-17)
(-26.9259585675 -2.53682692866 -2.22089500909e-17)
(-25.0010129505 -3.30880551035 1.93830713951e-17)
(-22.840945238 -3.87462827632 -6.5902041438e-19)
(-20.3356635637 -4.10748785184 -8.4837681668e-18)
(-17.2335624611 -3.96896362564 -3.12038816951e-17)
(-4.88524379158 0.852912058046 3.8023113246e-19)
(-5.13962767988 0.814595905589 -5.29013169197e-19)
(-5.41784925526 0.790205695916 1.17563087562e-18)
(-5.69960767606 0.772053906552 -7.68626711205e-19)
(-5.98798518053 0.750169400396 -4.30039716428e-18)
(-6.28403941452 0.714956947782 -1.64936245601e-18)
(-6.58743668705 0.657763561368 1.76268159526e-18)
(-6.89706398489 0.571076494516 2.75471626903e-21)
(-7.21061840025 0.448336380637 -1.02396962296e-17)
(-7.5249436499 0.283369886507 -9.86261305676e-19)
(-7.83323094557 0.0696075106626 -2.49286608725e-18)
(-8.12233163493 -0.2016764933 -4.58611409528e-18)
(-8.37363861398 -0.541370885463 8.14437560667e-18)
(-8.55756935606 -0.95828638448 7.51447963255e-18)
(-8.63444642826 -1.45899706545 -1.68038408781e-18)
(-8.55720306391 -2.04560101305 -2.29936514571e-17)
(-8.27428461965 -2.70991303892 -6.38980395847e-18)
(-7.73380695941 -3.43218450113 1.34258194562e-17)
(-6.889092549 -4.1812210887 3.09530449881e-18)
(-5.7042969882 -4.91542564294 9.32420116477e-18)
(-4.16167072221 -5.5817033202 -2.52442513784e-17)
(-2.26711547707 -6.12325374003 -1.29729967404e-17)
(-0.0523234332044 -6.48654987786 3.10311051987e-17)
(2.42717488823 -6.62879545185 1.39664855114e-18)
(5.09479896892 -6.5242755028 -3.90775511626e-18)
(7.86136539773 -6.16742951039 6.51091824494e-18)
(10.6301399488 -5.57635396664 -1.97812177784e-17)
(13.3060387141 -4.7905753217 -1.61651890849e-18)
(15.800160352 -3.86397292242 6.3106557002e-18)
(18.0345642983 -2.86269498008 0)
(19.9552823218 -1.85750274775 -1.49465059637e-18)
(21.5244969666 -0.92146874945 -8.35883109379e-19)
(22.7367707345 -0.12510441894 -1.02020577266e-18)
(23.6064637446 0.460327549439 -2.06757356714e-18)
(24.1318302466 0.787048159124 1.05960289954e-18)
(24.414350739 0.905338062203 2.0274664168e-18)
(24.4051786693 0.891282442788 8.58593468359e-19)
(24.2510250367 0.878336219414 5.13045587449e-19)
(23.8136793202 1.0787746438 1.74385550357e-18)
(22.9870881524 1.69468550477 -2.92730455404e-18)
(21.6136823239 2.83322399739 -2.04046588645e-18)
(19.5304322013 4.47340051629 -3.92449222332e-20)
(16.601631796 6.50256943014 -7.19664300778e-20)
(12.7623498651 8.78102014141 1.28877475155e-17)
(8.07370469249 11.1616684504 -5.70022492598e-20)
(2.75888511203 13.4560028648 -4.16224332128e-18)
(-2.82378370261 15.4381220536 -1.15747354275e-20)
(-8.25564545976 16.8939317638 -2.47669002501e-17)
(-13.2019159238 17.6912884889 1.13622979274e-17)
(-17.4452004178 17.8016540569 2.25081786284e-17)
(-20.8994947031 17.2919775697 1.08220439466e-17)
(-23.5924446164 16.2932289992 -1.41433673183e-17)
(-25.625280051 14.9574269376 -5.64379143216e-17)
(-27.1259521756 13.4243105845 9.38578190668e-18)
(-28.2106057601 11.8007762152 8.99804838038e-18)
(-28.9611826097 10.1553148735 -2.35098472077e-17)
(-29.4230025105 8.52596585458 -2.30446010231e-17)
(-29.6269444948 6.93169075678 -7.49351501976e-20)
(-29.5676252444 5.37766761411 -1.321139072e-17)
(-29.2917652831 3.87058260799 -5.68647830435e-19)
(-28.7698326335 2.4126200468 2.57580145616e-17)
(-28.0027685926 0.998225796907 8.64993370508e-21)
(-26.9953320189 -0.371708814632 -8.09347269541e-18)
(-25.7412702314 -1.68835392977 1.99271622359e-17)
(-24.2347810484 -2.9336515207 2.51703629248e-17)
(-22.4732523834 -4.08777872639 -3.30706178589e-17)
(-20.4562157837 -5.12363496906 4.55954055696e-17)
(-18.165813196 -5.98854254241 -5.06038399769e-17)
(-15.527514897 -6.62011130971 8.10708709129e-18)
(-12.4331731507 -7.0448649498 -4.28299177817e-17)
(-5.64848884375 1.15358114124 -4.41479902076e-21)
(-5.9843205732 1.11497823223 -1.18779423632e-18)
(-6.36178036129 1.09612395445 1.77751789318e-19)
(-6.75460289669 1.08746936074 2.32727338764e-18)
(-7.16961163743 1.07757940988 -9.76037630979e-19)
(-7.61205787007 1.05585246524 -2.0735050961e-18)
(-8.08695610168 1.01293100531 1.13093889509e-18)
(-8.59924023359 0.940874244632 3.98774985944e-18)
(-9.15305293518 0.832017630826 -7.38800068637e-19)
(-9.74974119719 0.677298343952 -2.34452888673e-18)
(-10.3851490866 0.464512136023 -2.21753931691e-18)
(-11.0450588474 0.17642435496 -5.33578864165e-18)
(-11.7011560454 -0.208050241992 -1.18950012637e-19)
(-12.3126719898 -0.710499399363 0)
(-12.8239651454 -1.3492451134 2.36325523972e-17)
(-13.1672095116 -2.13463373979 6.27209773279e-18)
(-13.2689259169 -3.06122541867 -1.52267488432e-17)
(-13.0568818401 -4.10468058909 1.04157907159e-17)
(-12.4673319098 -5.22173899991 -1.32751002659e-17)
(-11.4544022662 -6.35295133639 2.60769241385e-17)
(-9.99050391105 -7.42206405298 2.12989454836e-17)
(-8.07303433943 -8.34776527507 -5.80889772338e-18)
(-5.72907107921 -9.05053955095 2.74134732003e-18)
(-3.01464243506 -9.46209645844 1.75824351149e-17)
(-0.0137242478675 -9.53759636931 -2.13520779854e-18)
(3.17066858938 -9.25826640636 -5.85417979658e-18)
(6.42040625329 -8.63993296675 -1.24861291341e-17)
(9.6168922363 -7.72773122076 8.54132532046e-18)
(12.6512106455 -6.58464166916 2.98859909074e-18)
(15.4290180346 -5.29112490884 7.69563568932e-19)
(17.8785033105 -3.93707336139 -8.45425612167e-19)
(19.9499023403 -2.61488651761 -4.83511295178e-19)
(21.619422228 -1.41693369082 -7.12485669618e-19)
(22.8829268046 -0.426362813624 9.80981217266e-19)
(23.7446825771 0.282292761316 -2.24189711158e-18)
(24.22988574 0.70506732541 -2.82978060442e-18)
(24.3459994013 0.945797260116 -2.18518533257e-18)
(24.0583640907 1.22846902656 1.5233680799e-21)
(23.2784294673 1.84070015436 3.19333947232e-18)
(21.8826619488 2.99436847317 2.4965266875e-18)
(19.740058772 4.79459135555 -8.114249253e-21)
(16.7529665286 7.19467407152 2.66344178975e-18)
(12.897056839 10.0204384438 -2.08327672014e-18)
(8.26123255177 13.0262697397 -8.32367624442e-21)
(3.07862349136 15.9341413791 -3.22317022335e-18)
(-2.27590131472 18.4451074505 -1.30648432354e-17)
(-7.37628123455 20.2898332685 -6.07576507452e-18)
(-11.885670352 21.3057505035 -1.30961479566e-20)
(-15.6187443764 21.4676082789 4.69616684984e-18)
(-18.5365233496 20.8761265538 -9.53566582266e-18)
(-20.7188133865 19.7079187316 4.56615421288e-18)
(-22.3078129887 18.1573112106 -9.37231539717e-18)
(-23.4521226756 16.3919983103 0)
(-24.2704048861 14.5327635924 2.45062573225e-17)
(-24.8390793905 12.6531367271 -9.31162500593e-18)
(-25.1990529772 10.7909227549 -3.63878655407e-18)
(-25.3692442823 8.96262716449 -1.46565920872e-17)
(-25.3550183652 7.17362560507 1.71101176587e-17)
(-25.1515803313 5.42493089872 -5.51258413038e-18)
(-24.752306486 3.71532643059 0)
(-24.1405360384 2.04281521175 2.34005080294e-18)
(-23.3083391593 0.401343221369 -4.74737645116e-18)
(-22.2496868221 -1.20429254853 -4.04959088351e-17)
(-20.9549074052 -2.76272846959 -3.85837197778e-17)
(-19.4153623496 -4.25798694995 2.39521703415e-19)
(-17.623423181 -5.67003162411 -8.02937978394e-17)
(-15.5716506174 -6.97318921037 6.28458356823e-18)
(-13.2409819165 -8.13206693176 8.29527197215e-17)
(-10.5892968926 -9.12104284478 -4.07776664121e-17)
(-7.58412096615 -9.97293074234 7.88693704814e-18)
(-6.45421278807 1.53986691491 -7.89411014973e-19)
(-6.87097105216 1.5093516075 9.05760403478e-19)
(-7.34385788655 1.50738397206 -2.24475143435e-18)
(-7.84475370213 1.52257017822 3.35548845907e-18)
(-8.38591286715 1.54333949855 1.19264958155e-18)
(-8.97825711249 1.55934255853 -3.71239515659e-18)
(-9.63315078689 1.56148107765 3.90094195168e-18)
(-10.3617747677 1.54132948433 4.20801331183e-18)
(-11.1732152698 1.48885333428 -7.379076192e-21)
(-12.0712207797 1.38943644395 -2.01086390749e-18)
(-13.0492935237 1.22083433139 8.32861409979e-18)
(-14.0860022205 0.952042814976 2.12791704147e-19)
(-15.1428964897 0.545940397816 -2.37147974845e-18)
(-16.1622040867 -0.0347885408704 -4.19355894631e-18)
(-17.0733298458 -0.821776068257 7.31393221494e-18)
(-17.7980919176 -1.83572503755 1.07020560186e-17)
(-18.2457048777 -3.07404882289 0)
(-18.3298476012 -4.5038534688 0)
(-17.9751362372 -6.0592457698 -1.61780849244e-17)
(-17.1482400671 -7.66242141051 -4.19028375485e-17)
(-15.8118361573 -9.22158114618 2.35275888438e-17)
(-13.9506016243 -10.6298890232 -4.31417660436e-18)
(-11.5849797631 -11.7783135299 -5.04022454962e-18)
(-8.75705789346 -12.5669889839 1.60760389063e-17)
(-5.54637434588 -12.9222155579 1.13798602206e-17)
(-2.06010198871 -12.8026850638 -2.64515799991e-18)
(1.57434368801 -12.2126900403 1.38464818428e-18)
(5.21943058769 -11.2050431309 1.18035294002e-17)
(8.7447472642 -9.85506071437 1.71992036808e-18)
(12.0287493944 -8.26108738968 -2.89002594485e-18)
(14.9760518782 -6.53683334711 -1.56489171607e-18)
(17.5203046731 -4.80138393253 5.96232482285e-18)
(19.6225969913 -3.17266117931 -2.49654886185e-18)
(21.2686770328 -1.75589283738 9.4494727702e-19)
(22.4518452164 -0.620005720725 8.84189489609e-19)
(23.1559058416 0.247247664362 -1.48262584429e-18)
(23.3366480212 0.97227743153 -2.94604670516e-19)
(22.913600941 1.79554262274 1.86141356027e-18)
(21.7816736764 3.01727799779 -3.70241233243e-18)
(19.8417015593 4.87645839181 -3.23517994002e-18)
(17.033508259 7.45175221669 4.38237617748e-18)
(13.3742230587 10.6263339242 1.00799436303e-17)
(8.986600364 14.1275729395 -1.74088147976e-18)
(4.11621073403 17.5970060952 -2.23382086381e-17)
(-0.876106249904 20.6542186522 -1.86013438384e-17)
(-5.57949094761 22.9627738404 1.31107986652e-17)
(-9.65707700233 24.3097892373 1.09889570644e-17)
(-12.9391934376 24.6551925814 -8.17543421206e-18)
(-15.4136451084 24.1143967611 -4.98671848636e-18)
(-17.1880326186 22.8986569569 5.77552772026e-18)
(-18.4265681494 21.2395298933 1.26174361811e-17)
(-19.2885941561 19.3331336702 -2.52912588943e-17)
(-19.8935016275 17.3165300058 1.04671429975e-17)
(-20.3134266598 15.2707270975 1.04504306842e-17)
(-20.5831066777 13.2363842062 -7.68612707625e-18)
(-20.7138933144 11.230233075 -2.00371851131e-17)
(-20.7037625261 9.25640012034 2.20443650378e-17)
(-20.5434500494 7.31308747294 1.58872839905e-17)
(-20.2205917056 5.39702325482 -3.0047434332e-18)
(-19.7211498201 3.50502099481 8.01380496302e-20)
(-19.032549669 1.63502923275 -2.20209730465e-17)
(-18.1461981235 -0.215317950708 1.55351115447e-17)
(-17.0530343189 -2.0413928605 7.0924459086e-18)
(-15.7399607509 -3.83201399218 -7.86179557039e-18)
(-14.1949084093 -5.57078814962 1.08156802632e-17)
(-12.4070493986 -7.23692021238 -1.27863721317e-17)
(-10.3665136263 -8.80511110942 -6.42677900525e-17)
(-8.05985961104 -10.2478191275 1.70686315355e-17)
(-5.46720207186 -11.5506865293 -3.48050321119e-17)
(-2.59566134968 -12.7321276628 -5.60014527039e-18)
(-7.14381492476 2.00074976804 -1.7889191918e-18)
(-7.62136435102 1.98591994784 3.60798099813e-19)
(-8.16548386529 2.0127995108 1.19486126385e-18)
(-8.7501597059 2.06821096803 -1.71162782751e-18)
(-9.39323161912 2.14160278602 4.30989357443e-19)
(-10.1107524521 2.22346766943 2.85629844409e-18)
(-10.9186948826 2.30467611324 3.03292165386e-19)
(-11.8310095341 2.37461069149 1.5718073783e-18)
(-12.8566162841 2.41792288713 2.28671101539e-18)
(-13.9954538032 2.41044956855 -6.35591405948e-18)
(-15.2342169684 2.31584165069 -4.26767729595e-18)
(-16.5417630238 2.08526763481 7.92809579585e-18)
(-17.8660586157 1.66370498516 -5.71869186563e-18)
(-19.1390868198 0.999426806842 -9.76239254628e-19)
(-20.2853250015 0.0474652129762 -1.69164594074e-17)
(-21.2190911387 -1.21581940902 -1.66214241534e-17)
(-21.8597135177 -2.78886365072 0)
(-22.1226932944 -4.63005059081 -1.44758024674e-17)
(-21.96343828 -6.63963837227 3.32775721507e-17)
(-21.3349230245 -8.74449281896 -3.18851715756e-17)
(-20.1938906773 -10.8420180842 -1.3974902009e-17)
(-18.5048110921 -12.7907470834 -1.03864745449e-17)
(-16.2995420804 -14.4576290582 5.10803457554e-18)
(-13.5836440539 -15.7167985866 -2.81978290038e-18)
(-10.4146508825 -16.4566563823 1.70315494843e-20)
(-6.87961183452 -16.6041903887 7.97809568948e-19)
(-3.09350871877 -16.1417657818 6.73134980403e-18)
(0.806364682039 -15.1150313405 -1.38685390593e-17)
(4.67497856512 -13.6040046248 2.66189827373e-19)
(8.36321475709 -11.7277873788 3.66976297423e-18)
(11.7418615358 -9.62795327481 2.34036642385e-18)
(14.7142003247 -7.45313526979 2.42838855815e-18)
(17.2145277611 -5.34831845246 7.02185937646e-19)
(19.2035867494 -3.43478516169 -3.51346439764e-18)
(20.6471130512 -1.77735258111 -1.90919079331e-18)
(21.4934861234 -0.349887789748 1.4665443485e-18)
(21.6647127941 1.00006668867 -1.54858093626e-18)
(21.0609033611 2.53559657025 7.58124371324e-19)
(19.5906655419 4.5484658238 4.32081680064e-18)
(17.2123475481 7.23354923971 -1.46441747005e-18)
(13.9685428676 10.5956173573 -6.00373643379e-18)
(10.0056756888 14.4265709828 -6.08503538142e-18)
(5.57857490876 18.3568788678 -6.43558760076e-19)
(1.03466846867 21.9462894211 3.35056851497e-18)
(-3.24148319977 24.7868016224 -1.54091740305e-20)
(-6.9133753971 26.5912512812 1.80303335548e-17)
(-9.80878111249 27.2755461374 0)
(-11.9206808481 26.9408785797 -7.01978651409e-18)
(-13.3643749037 25.8136200761 8.49552327405e-21)
(-14.3126288132 24.1559090698 7.32092594382e-18)
(-14.9304290795 22.1947366861 -3.39643586549e-17)
(-15.3380121584 20.0897867861 -1.99299475434e-17)
(-15.6050042904 17.9353832067 4.50679851199e-17)
(-15.7620743619 15.7788672489 -4.66089549969e-18)
(-15.8162505207 13.6398153898 -2.89489449995e-17)
(-15.762597958 11.52353521 3.43410982769e-20)
(-15.5909197892 9.42884439224 3.79608103696e-17)
(-15.2894135563 7.35188307587 -1.43865208413e-20)
(-14.8459445258 5.28828291147 5.19125863713e-18)
(-14.2479632569 3.23475287703 -1.58930915647e-18)
(-13.4866065651 1.19202111706 1.12108248694e-17)
(-12.5539179164 -0.845449108577 -6.31926049506e-18)
(-11.4374773673 -2.87195690195 2.29272182232e-17)
(-10.1219970268 -4.87721328686 3.60476944079e-17)
(-8.59324702352 -6.84482957019 2.34134341668e-17)
(-6.83813108423 -8.75239696493 3.48618668097e-18)
(-4.84644549323 -10.5725972663 2.59518189528e-18)
(-2.61128788092 -12.278826915 1.73490551045e-17)
(-0.124567580549 -13.8542964055 -4.06373732956e-18)
(2.58510570963 -15.3005351427 -9.89324673492e-17)
(-7.54956123935 2.50958234743 1.13776240291e-18)
(-8.06332632665 2.51591086673 1.03254039307e-18)
(-8.63562580202 2.58238289801 1.47371144659e-18)
(-9.2578700243 2.69312280751 -2.2573851499e-18)
(-9.95050683019 2.83866704762 3.62845708757e-18)
(-10.7314207944 3.00945330536 1.32227117685e-18)
(-11.6167332319 3.19426491907 3.26283828014e-19)
(-12.617784258 3.37737237552 -3.4725050599e-18)
(-13.7377936037 3.53490477024 3.39302021821e-18)
(-14.9688051592 3.63079769398 2.80989478949e-18)
(-16.288582898 3.61376221912 -1.58058092171e-17)
(-17.6565414441 3.41846909819 1.10442209738e-17)
(-19.0128611156 2.97307302246 4.47961138349e-21)
(-20.2882083263 2.21176932599 3.58746608721e-19)
(-21.4068001919 1.09099128695 -4.83720404253e-19)
(-22.3077000206 -0.410352560299 -1.1657338895e-17)
(-22.9436362039 -2.29185186151 5.24832569565e-18)
(-23.2343491939 -4.50013916374 -3.26053257127e-17)
(-23.2511333056 -6.94199172772 -7.36765774659e-18)
(-22.7222894388 -9.53261361137 3.87935407027e-17)
(-21.8069591991 -12.1463208801 -3.0208437112e-17)
(-20.3943080295 -14.6129943119 -1.11591111483e-17)
(-18.5454937231 -16.7985204933 -3.15381383714e-17)
(-16.2185302679 -18.5688279702 8.75588125045e-18)
(-13.4329251455 -19.7705661328 -1.37454250912e-18)
(-10.2339996286 -20.2967801208 -6.91970099264e-20)
(-6.68502428067 -20.0973835988 -3.87111466567e-18)
(-2.89170073262 -19.1917128383 -1.74488131627e-21)
(1.01111905168 -17.6376804771 -5.88113402779e-18)
(4.86421720788 -15.5580902327 6.07250101796e-19)
(8.50191056134 -13.1229268587 -2.62222980555e-18)
(11.7824286118 -10.5097421584 -6.17530584956e-18)
(14.5913374088 -7.89386224959 1.51318986973e-18)
(16.8444329317 -5.41332434576 -4.92093538293e-18)
(18.4683214666 -3.13607029113 -4.91581660713e-18)
(19.3780407925 -1.01829345554 -2.57378101674e-18)
(19.4826860477 1.10610373684 -1.66525686148e-18)
(18.6964689096 3.48869573148 -5.77598502315e-18)
(16.978918776 6.37234953198 -7.92323759436e-19)
(14.3708966114 9.87594799616 6.81288868516e-18)
(11.0180873837 13.912637312 -2.69766448203e-18)
(7.17113592976 18.1839260066 3.39971148934e-18)
(3.16223846812 22.2527405006 2.20060423197e-17)
(-0.641317413861 25.6552088385 -2.87972653309e-17)
(-3.91787466285 28.0316738752 -1.60733443904e-17)
(-6.46996119278 29.2118950486 2.04981734853e-17)
(-8.27615380874 29.2511602409 3.14408417368e-17)
(-9.44259521563 28.3629349943 0)
(-10.138496704 26.8268907495 4.43478131351e-18)
(-10.5304703003 24.9013471698 -6.43702746122e-18)
(-10.7410251556 22.7759725712 -8.27506805693e-19)
(-10.8402543067 20.5663275281 3.73105050934e-17)
(-10.8577878239 18.332172062 4.07695791154e-17)
(-10.7994134769 16.0998967562 -2.88182998623e-18)
(-10.6596428704 13.8787529245 -1.99924181649e-17)
(-10.4291183923 11.6699535846 -1.16292194076e-18)
(-10.0980038261 9.47163155571 2.79345338906e-17)
(-9.65699963596 7.28073422894 -4.84785840163e-17)
(-9.09644421139 5.0940324512 -9.26916295318e-18)
(-8.4019206208 2.90821863842 0)
(-7.57102765888 0.715711233097 -6.12799167975e-19)
(-6.5970221301 -1.48197749608 0)
(-5.46441156738 -3.68208367654 -5.02762854187e-18)
(-4.15783011081 -5.87787522166 -2.18679684926e-20)
(-2.66129977771 -8.05349378124 2.41434285561e-17)
(-0.959746962582 -10.1846048391 -8.1729728834e-18)
(0.956352757617 -12.2408716359 -6.97677524878e-18)
(3.08849027371 -14.1889493054 4.63084163402e-17)
(5.43704208255 -16.0022257192 -3.81345605965e-17)
(7.96417173123 -17.6658101618 -1.80952636748e-17)
(-7.52579227063 3.02364481335 7.11048764205e-19)
(-8.04270287664 3.05376597005 -3.93194810832e-19)
(-8.58417733699 3.16552792321 -1.56926732507e-18)
(-9.17608569442 3.33892876662 -3.91784240485e-19)
(-9.83702286077 3.56476655087 1.74161234907e-18)
(-10.5825588679 3.83174115966 -2.5120289871e-18)
(-11.4249523892 4.12419626885 4.33105235573e-19)
(-12.3698007787 4.41921564466 -4.48874054836e-18)
(-13.4132880261 4.68324251645 -2.03198247214e-18)
(-14.5406197607 4.86873652553 4.36284381839e-18)
(-15.725311759 4.91056615603 1.99441821411e-17)
(-16.9294181444 4.72625923103 4.18571988443e-18)
(-18.1035425062 4.22731094157 2.60668726785e-18)
(-19.1837661901 3.34949218603 -6.46819886675e-18)
(-20.1180384531 2.05907703689 -6.24274176935e-18)
(-20.8351938352 0.334037541801 3.6347353085e-17)
(-21.2631107096 -1.81484284225 -2.51602507168e-17)
(-21.3691196602 -4.33208825562 2.35419085777e-17)
(-21.1619782889 -7.13002294405 -4.31874522115e-17)
(-20.6567569371 -10.0775566048 2.99798720084e-18)
(-19.8621040826 -13.059507261 3.44530517653e-17)
(-18.8188149538 -15.9258762331 4.22774743921e-18)
(-17.4157116435 -18.5405613013 -3.33985528678e-17)
(-15.671620986 -20.7663836251 9.93990342912e-18)
(-13.5730225129 -22.4300145933 -4.5347014735e-21)
(-11.1031191356 -23.4065351367 9.73866237305e-18)
(-8.24916055162 -23.5960841611 -9.25891227249e-18)
(-5.04871094878 -22.9828952732 -1.0646774759e-17)
(-1.57989151463 -21.5727075478 5.60367229999e-18)
(2.03079431714 -19.4496440091 7.12718204114e-19)
(5.60108973019 -16.7966941042 -1.9262811627e-18)
(8.94234171461 -13.8072222229 3.95930052961e-18)
(11.8791391937 -10.6849159367 7.42220666225e-18)
(14.2612463894 -7.5912944919 8.50617575973e-18)
(15.9668181751 -4.6066500614 1.99171581872e-18)
(16.8885977344 -1.69357682849 -1.88472225928e-18)
(16.9365157399 1.29757219482 7.52986685353e-18)
(16.0578426274 4.57566080876 7.22730712352e-19)
(14.2779317047 8.30938937617 -1.01842323011e-17)
(11.7186123409 12.527532915 -4.33142396431e-19)
(8.60496898921 17.0547631902 5.01354508259e-18)
(5.24583399637 21.5265109943 1.71914950158e-18)
(1.98497927527 25.4839689104 -2.10899973032e-17)
(-0.859992222438 28.5034493019 1.67630621691e-17)
(-3.07895518446 30.3252230163 2.46990667929e-17)
(-4.60927125301 30.90546878 6.40394506586e-18)
(-5.53041513885 30.4231682133 6.49264644837e-18)
(-5.99784965035 29.1487918781 -3.50136454279e-17)
(-6.17431558483 27.3648266189 6.4123415991e-18)
(-6.18501297011 25.2960109021 2.21627572635e-17)
(-6.10361351236 23.0883711701 1.16518646361e-17)
(-5.96178057457 20.8221025915 1.85957231924e-18)
(-5.7659487161 18.5355633482 2.1309206437e-17)
(-5.51119601313 16.2452317198 -3.17454391669e-17)
(-5.18916511447 13.9574507173 -3.7473586232e-17)
(-4.79117957307 11.6735942865 9.54983480158e-18)
(-4.30939877934 9.39289246588 -2.14709821154e-17)
(-3.73565752508 7.11274686146 -1.52122108408e-17)
(-3.0611849191 4.82913672156 7.54305178283e-18)
(-2.28095194362 2.53683383697 -2.52601682941e-17)
(-1.38898596738 0.224461504215 6.80239184205e-18)
(-0.372703920064 -2.10833372581 -9.58126066336e-18)
(0.77374025733 -4.46130264211 -2.19822793834e-17)
(2.06548617853 -6.82785875005 -1.16985076855e-17)
(3.52059535226 -9.19193394943 -3.08010965651e-17)
(5.1547797513 -11.5270042374 5.73065269501e-18)
(6.97805234434 -13.7978787467 -3.02603494928e-18)
(8.99001535591 -15.9621479031 3.46122169264e-17)
(11.1845326255 -17.9802132696 -2.48122077437e-18)
(13.517289644 -19.8205511853 -2.4778980151e-17)
(-6.95787003941 3.48941765239 1.13717776519e-19)
(-7.43248954268 3.54226892189 3.65882775336e-22)
(-7.87632957767 3.69446987924 -1.92567189069e-18)
(-8.35853898955 3.92423860544 -7.66762456925e-21)
(-8.89157126055 4.22106486216 1.03151862448e-18)
(-9.48530744708 4.57091002575 -1.60304557773e-18)
(-10.1460968502 4.95270739929 -3.62587064798e-18)
(-10.8739439938 5.33565688939 -4.62864474319e-18)
(-11.6598695163 5.67598905051 1.06320724285e-19)
(-12.4859158203 5.91595662107 1.39397713667e-18)
(-13.3249799772 5.98742026896 9.1684732913e-18)
(-14.1378272056 5.79927565472 -2.12174232867e-17)
(-14.8774747207 5.24963247235 -3.42494353953e-18)
(-15.4907847217 4.26590103176 -1.87567405083e-17)
(-15.9039651413 2.79830136582 -3.96645996853e-18)
(-16.0788781089 0.841105897953 9.6860198323e-18)
(-16.0312335076 -1.55097547802 -3.19221721563e-17)
(-15.8155569345 -4.28032358295 2.263151436e-17)
(-15.4730369133 -7.25527947033 8.26697492537e-18)
(-15.024741344 -10.3831094682 -1.62097846334e-17)
(-14.4542539462 -13.5543850924 3.21234456318e-17)
(-13.7197706568 -16.6564479552 3.30704518934e-17)
(-12.7985925564 -19.5538083995 4.23145470712e-17)
(-11.6969624579 -22.0855426284 -1.33174107296e-17)
(-10.4007809152 -24.0974370297 7.07974503631e-18)
(-8.87508572578 -25.4773607207 2.60241517281e-17)
(-7.05303183222 -26.1207010335 8.17741625341e-18)
(-4.89537677119 -25.9155823543 -1.91376424467e-17)
(-2.36712550639 -24.8557247481 1.22456955986e-17)
(0.487877638481 -22.9155444681 1.13803095222e-19)
(3.53268791154 -20.2524140423 -6.88822868574e-18)
(6.5617212005 -17.0391394079 3.54268360991e-18)
(9.34715606183 -13.4944654335 -8.92397938354e-18)
(11.6677560237 -9.81175753409 1.01361020391e-17)
(13.349162904 -6.09833764109 -2.43096867745e-18)
(14.2576939146 -2.35697877368 7.63802780387e-18)
(14.3087286857 1.51156829255 4.37193385884e-18)
(13.4853887194 5.64610688021 1.80131040484e-17)
(11.8666958638 10.1291664031 9.55871776938e-21)
(9.63319678238 14.9016145732 -3.95734473111e-18)
(7.05169952963 19.7193027095 -9.4058349487e-20)
(4.43734434918 24.1879251291 2.8229068653e-18)
(2.09487295217 27.8703314545 2.59221414136e-18)
(0.248753128987 30.4255479671 1.1079182925e-17)
(-1.01429452391 31.7150830178 -3.45361298293e-18)
(-1.69647719663 31.8344425508 -5.93262278309e-18)
(-1.94474759885 30.9921839785 -2.39796868003e-17)
(-1.91127645228 29.4842239579 1.48864428165e-17)
(-1.72037981777 27.571151175 1.66414539059e-17)
(-1.45022477462 25.4371013881 -4.80651314348e-18)
(-1.1369187729 23.1925609358 -9.86675720316e-18)
(-0.78925803206 20.8951433108 5.18896500779e-18)
(-0.403142584196 18.5728044297 1.1872084014e-20)
(0.0295298079911 16.2387798987 1.95676150889e-17)
(0.516837748658 13.8994773465 -6.62247180742e-18)
(1.06659601018 11.5578736888 8.48758395743e-18)
(1.68497142163 9.21351116374 4.61636817417e-18)
(2.37814647037 6.86286687496 2.89837866832e-17)
(3.15261736534 4.49882022431 2.5197485402e-18)
(4.0137037551 2.1118217777 6.58627067908e-19)
(4.96352605644 -0.301344897127 1.47114970858e-17)
(6.00927440334 -2.74752293752 1.39381225917e-17)
(7.16268999232 -5.22993297319 2.20912072148e-20)
(8.43801697201 -7.74363076571 8.11079560493e-18)
(9.85152462736 -10.2724298087 -1.48654543963e-17)
(11.4181291386 -12.7873795099 -1.15632952471e-18)
(13.1465563144 -15.2455451297 7.26270730419e-18)
(15.0331193151 -17.5942649346 8.4208883112e-18)
(17.066598976 -19.781095238 -2.18564653941e-17)
(19.1976036757 -21.7599016188 -5.1882407749e-17)
(-5.75377023988 3.85795224714 -1.88068825679e-18)
(-6.13733260215 3.92251553371 1.88757186318e-20)
(-6.42619854933 4.09758858595 3.01861012092e-19)
(-6.72774863836 4.36211799351 4.15640750327e-18)
(-7.0483236676 4.70199609944 -4.10647890768e-18)
(-7.38870931103 5.10083569445 -4.33018797649e-18)
(-7.74805642266 5.53318548995 -4.57088502991e-18)
(-8.12165031697 5.96220903661 4.54957920518e-18)
(-8.49586881975 6.33994921069 -4.15236238789e-18)
(-8.85291695034 6.60813774945 3.58656084358e-18)
(-9.16626160304 6.66450894614 -1.11642583281e-17)
(-9.40516482066 6.40214529978 1.42680098811e-21)
(-9.52088516944 5.75845421785 2.06801405121e-18)
(-9.49503745015 4.63958192534 2.52826940111e-18)
(-9.30213731763 3.02194202355 -4.92484471921e-18)
(-8.95796823405 0.942098602228 -1.63775249901e-17)
(-8.52014147956 -1.51921458032 -4.56401920944e-21)
(-8.05612990121 -4.28329483346 -3.74613088038e-18)
(-7.59937363003 -7.27822375916 -1.62861271889e-17)
(-7.14695161714 -10.4370940416 -2.27384709337e-17)
(-6.67461599522 -13.6815871013 -1.97874329719e-17)
(-6.16211472712 -16.8891553901 -3.44927748296e-17)
(-5.59118116965 -19.9055711143 3.97164164236e-19)
(-4.9769390479 -22.5698660336 6.92064389726e-17)
(-4.34768380043 -24.7362237715 1.68765534928e-17)
(-3.69860363438 -26.3060736975 -1.43920679529e-17)
(-2.96630700972 -27.238257023 -1.37168571725e-17)
(-2.04335941881 -27.4220407067 -2.15638494729e-17)
(-0.808134998747 -26.886524491 5.0274349725e-18)
(0.828516546114 -25.4035487486 -3.28482599243e-18)
(2.8622744955 -23.0036211924 -4.08158549444e-19)
(5.14921873399 -19.8161441481 2.60180286635e-18)
(7.45243414639 -16.0334839463 -6.90124521629e-18)
(9.47669134977 -11.8782647571 -4.81367869659e-18)
(11.0107478221 -7.5155120932 -1.9219951007e-18)
(11.8821833984 -3.01243594252 2.29887580051e-18)
(12.0021378287 1.6528402933 -8.24231189639e-18)
(11.3758515818 6.52942654994 -1.11992340937e-17)
(10.1111683566 11.6119285724 9.47159884388e-18)
(8.41416118691 16.7657574482 -7.22691130324e-18)
(6.55036386617 21.7030763241 -4.70205533772e-18)
(4.79779251345 26.0383558883 -1.40360946945e-17)
(3.39111638331 29.3995499569 7.67485679783e-18)
(2.46079861669 31.5604748978 2.40018833712e-17)
(2.015092961 32.4837906214 -1.33016064159e-18)
(1.99065021565 32.1759327567 0)
(2.23447521866 31.120200416 2.29189346199e-18)
(2.62620774531 29.493497761 3.19326126581e-18)
(3.08962330247 27.5288439195 -2.66044295652e-17)
(3.58133523584 25.3745274534 1.55402412786e-20)
(4.08857440876 23.1177027518 3.96172929726e-17)
(4.61403936003 20.8037993289 9.56490372067e-18)
(5.1655300089 18.4573973206 -1.19988045654e-17)
(5.75144654843 16.0910993071 -1.19271044322e-18)
(6.380110641 13.7113733204 1.64312885325e-17)
(7.05921763184 11.3223577469 -1.11496268809e-17)
(7.79423716938 8.92437357365 -1.71432747058e-17)
(8.58939569854 6.5130058579 1.11316623936e-17)
(9.44840744448 4.08105368376 6.20083626166e-18)
(10.3760710552 1.6202409061 -1.42737089129e-18)
(11.3761550628 -0.879690296844 -9.84044324248e-18)
(12.4516605578 -3.41897407064 -3.56420358051e-21)
(13.6108866872 -6.00531214686 1.89526509264e-17)
(14.8696710746 -8.63847411821 1.06847973691e-17)
(16.2447444166 -11.3044102896 -6.54706703199e-20)
(17.7489008745 -13.9710008488 -2.00553760158e-17)
(19.387404642 -16.5867189297 3.80473597796e-17)
(21.1508224829 -19.0864363522 2.22115157547e-17)
(23.0215897274 -21.4040720235 5.12207487246e-18)
(24.9451860775 -23.4811556612 -1.18470543784e-17)
(-3.79649627615 4.1032093161 -1.5694762322e-18)
(-4.08590615979 4.15002477659 2.83197335126e-18)
(-4.18765342269 4.32075005405 -3.66703251768e-20)
(-4.26858740708 4.58910493812 -5.08912935687e-18)
(-4.33292001673 4.93282442959 -3.92356378868e-18)
(-4.36963953495 5.33306200541 4.61813060099e-18)
(-4.36891203315 5.76275651725 9.69295865589e-18)
(-4.32156683246 6.18254137876 3.35016371978e-18)
(-4.2176682641 6.53544072471 -3.68149313347e-18)
(-4.03575906523 6.73063042338 1.75887615235e-18)
(-3.75658215993 6.7307201065 -5.8017814229e-18)
(-3.3757627822 6.42338820229 2.41932269385e-17)
(-2.88274847311 5.69442245574 -1.23763328566e-17)
(-2.27926176645 4.50396511586 -1.71414665417e-17)
(-1.59249016826 2.84913328241 1.08011005692e-17)
(-0.854469353762 0.772085153598 -6.41482680775e-21)
(-0.134862256429 -1.64940134718 1.56460212134e-17)
(0.506074780961 -4.36006230696 -7.89779355525e-18)
(1.06240987165 -7.28751103517 9.77755293886e-18)
(1.54883324618 -10.4068392754 -1.57916015322e-17)
(1.99909223489 -13.642084443 2.69858818025e-18)
(2.44537214905 -16.8645984485 1.29972698159e-21)
(2.87950646241 -19.8956482375 -5.89575838124e-17)
(3.26456712299 -22.5428673497 -3.6709495596e-18)
(3.52034630642 -24.6725301589 2.18205960379e-17)
(3.58736015816 -26.228732372 3.40949758119e-17)
(3.47129835256 -27.2417284115 -8.28148825885e-20)
(3.25503071976 -27.7334363963 -2.4189171957e-17)
(3.13570999623 -27.4731629247 4.14421219908e-18)
(3.34201367424 -26.4966372761 -5.07311659433e-18)
(4.02254950978 -24.6022423225 1.74262103763e-17)
(5.18340326241 -21.744799555 -9.16253764743e-18)
(6.67111529184 -18.0080023567 1.26172478866e-17)
(8.14962457334 -13.6064723721 9.32216539678e-18)
(9.40061388109 -8.77812040341 -1.52829318871e-17)
(10.1957307604 -3.67069101088 -1.77686232613e-17)
(10.4203030794 1.63705902199 2.62039856552e-17)
(10.0817466217 7.09287318251 1.3287324865e-19)
(9.28918240268 12.6080741851 1.49875036495e-17)
(8.23853776635 17.988758904 1.85594351668e-17)
(7.15909780865 22.9319531568 0)
(6.26534790841 27.0792607355 -4.69272051848e-18)
(5.70972469844 30.1274491562 -2.22502846254e-17)
(5.55549512601 31.9085331068 -4.05313164887e-17)
(5.78286913673 32.4554279109 2.03057068706e-17)
(6.25048072329 32.0745122069 5.79177919577e-17)
(6.8441290454 30.9137644572 -2.04247416272e-18)
(7.50041954212 29.2500771791 -4.40953967342e-17)
(8.17603550391 27.2819240068 2.18177703648e-20)
(8.84842289085 25.1327407219 3.31423557302e-17)
(9.51768881494 22.8789127124 -1.92268387303e-17)
(10.1925197765 20.5580046522 -3.1024262641e-17)
(10.8825384962 18.195613792 9.67310110621e-18)
(11.5955675413 15.8050691656 4.46851772562e-17)
(12.3405439152 13.392111661 -1.60937214434e-17)
(13.1261351852 10.9623983926 -4.15638852063e-17)
(13.9578423115 8.52010655011 3.64594902804e-17)
(14.8389345667 6.0609396447 1.04345303413e-17)
(15.7694588912 3.57309288266 -1.61879315769e-17)
(16.7476004339 1.05016380218 -4.89046601141e-19)
(17.7829408416 -1.50757642862 -1.97621816869e-18)
(18.8772812901 -4.11093764213 -7.3313690288e-18)
(20.0380275448 -6.78188174659 -8.94090309054e-18)
(21.2832374726 -9.5145298581 1.25679161469e-17)
(22.6275261275 -12.2955921563 1.5834953409e-17)
(24.07931679 -15.088519689 -2.28852575066e-17)
(25.6364095082 -17.8307504085 -6.7873200185e-18)
(27.2805734142 -20.4439574691 1.90059962178e-17)
(28.9860165032 -22.8495469303 -4.18067883168e-18)
(30.6934559269 -24.9804306069 -5.04458248553e-18)
(-0.928504043824 4.21775105685 4.0044076628e-18)
(-1.19884056866 4.22923397478 -2.59070984095e-20)
(-1.11741001787 4.34865734986 -5.53422110638e-18)
(-0.976833109639 4.58740601365 4.34392547614e-18)
(-0.792786108404 4.89442726886 6.11909785486e-18)
(-0.542242970311 5.24339139036 2.78351260236e-18)
(-0.204236034549 5.61134658471 5.86916761614e-20)
(0.235153178545 5.96291656874 3.04218595623e-21)
(0.785338297121 6.24219117131 1.1603484335e-18)
(1.45198246318 6.38225827793 2.14695244767e-21)
(2.22794632911 6.29893800993 6.12330801815e-18)
(3.12667511301 5.89736291889 -1.50653334319e-17)
(4.11285502853 5.11725022503 -1.89328527892e-17)
(5.15374226752 3.91641512197 1.84860303247e-17)
(6.19181793019 2.29068536022 1.211781189e-17)
(7.18808748059 0.27343680364 -3.71313913451e-18)
(8.09548487452 -2.08466752955 1.0858887368e-17)
(8.8809231787 -4.68573281903 5.30905555179e-17)
(9.52284572723 -7.43983363903 2.91835820695e-18)
(10.1015665522 -10.4741081309 -1.47193731769e-17)
(10.6437748267 -13.668027206 -4.89022426235e-21)
(11.1513958965 -16.8671672517 5.7487484311e-17)
(11.6036501695 -19.8499777491 1.5353053903e-17)
(11.9352212077 -22.3786836136 6.94958132321e-18)
(12.044463092 -24.2967859763 -3.8291291814e-17)
(11.824940219 -25.5886009649 -2.39053831585e-17)
(11.2128068926 -26.3250775025 1.63012381725e-17)
(10.2227394283 -26.6685047527 -5.59535363327e-18)
(9.03045494202 -26.6026896674 -1.27760275479e-18)
(7.91357787599 -26.0554051611 -4.03893151148e-18)
(7.15606190867 -24.7566477936 2.93175748741e-18)
(6.95791589451 -22.4832802007 -3.14061067008e-18)
(7.28562806265 -19.133283186 1.09887839404e-17)
(8.0466060639 -14.8200004001 -1.09852609368e-18)
(8.87147610689 -9.80498243382 -1.16367219341e-17)
(9.52829171048 -4.32275761505 -1.49711957122e-17)
(9.85038091519 1.42302600847 1.38287471349e-17)
(9.82745825277 7.27086881089 -1.30255214465e-17)
(9.54439286904 13.0555550169 -3.16627337694e-17)
(9.15314497745 18.5382915023 -1.58448271375e-18)
(8.82982805815 23.4162128801 1.41165687942e-17)
(8.71893184671 27.3738370826 0)
(8.89869489814 30.1756000563 2.81730952795e-17)
(9.37446036773 31.7285530481 1.84611176421e-18)
(10.0802849249 32.1432873432 -3.93628448098e-17)
(10.9018542445 31.6480114182 -4.03611003238e-17)
(11.7714258651 30.4595543841 6.71573911316e-18)
(12.6417265531 28.8099618639 3.60857508041e-17)
(13.4842338343 26.8651562084 1.54972432208e-17)
(14.3031353605 24.7377287464 -2.85163578673e-17)
(15.1037750142 22.4950191208 -1.44157612741e-17)
(15.8981755479 20.1799999299 2.52839827391e-17)
(16.7001822182 17.814117204 -1.50399472406e-17)
(17.516475124 15.4089157117 1.85823911828e-17)
(18.3553949075 12.9708311624 1.71363672216e-17)
(19.2251263451 10.5078518847 1.15307522397e-17)
(20.1315214453 8.03005703495 -1.97003469764e-18)
(21.0804160423 5.53707761368 -1.39572745778e-17)
(22.065967136 2.98963772637 4.56651501474e-20)
(23.0508712541 0.345238519569 -3.38635403415e-17)
(24.1422529539 -2.23828581265 1.79855708971e-18)
(25.2392358425 -4.83872342375 1.50978673231e-18)
(26.391196242 -7.56347666041 -9.15873865875e-18)
(27.6305173612 -10.3792764072 -4.03275479275e-18)
(28.9548429749 -13.2574949115 1.2013630933e-17)
(30.3638638897 -16.1515427836 9.77013684586e-18)
(31.8448543806 -18.9856767955 -3.05425173898e-18)
(33.3671251676 -21.668613323 -5.95336108095e-18)
(34.8961520763 -24.1127946427 -1.30863810678e-18)
(36.3704047429 -26.2482899689 2.89319131179e-17)
(2.94277104961 4.15299554035 2.24752717079e-18)
(2.67467539234 4.19058435903 -8.25146642987e-19)
(2.85803590861 4.21337418732 2.47427520444e-18)
(3.20369678742 4.38158331471 2.09959931931e-18)
(3.60367368419 4.62731025188 -3.81553271438e-18)
(4.08267956924 4.89256608017 3.10731381133e-18)
(4.67461772916 5.15597939189 3.99021532434e-18)
(5.39775163891 5.39206016937 -1.0090206865e-18)
(6.25942072397 5.55356389405 -4.24231689731e-18)
(7.25726266445 5.57843031596 5.33724345497e-18)
(8.37984257597 5.39432783419 -1.45783441588e-17)
(9.60665480134 4.92817813798 -1.19606446015e-17)
(10.8968234307 4.12226358673 1.3861808759e-17)
(12.2018014725 2.94303718779 1.21570871598e-17)
(13.4763463041 1.38736403107 -7.45525313981e-20)
(14.6445415767 -0.543270282949 5.74602261724e-18)
(15.6810458325 -2.75778382103 -1.35308399274e-16)
(16.7933414465 -5.15133526757 1.61750272783e-18)
(17.5380119124 -7.82699174935 -2.94974066567e-18)
(18.2987623682 -10.7755528382 6.65222800317e-18)
(19.0511968893 -13.9014176958 1.0961058558e-18)
(19.721089928 -17.0244845043 -1.66633948109e-17)
(20.2489596529 -19.8892169317 -9.07857253333e-18)
(20.5495191652 -22.2247896243 2.06687410879e-17)
(20.5333819277 -23.8480770149 5.39122765491e-18)
(20.1134967545 -24.7344632207 -1.55201354232e-19)
(19.2257083041 -25.0275226641 2.42143102506e-17)
(17.8448016081 -24.9611663782 1.18791778386e-17)
(16.0321273444 -24.7147333311 -1.13006448981e-17)
(13.9920073338 -24.2862008682 -6.53387357579e-18)
(12.0333242748 -23.4492806264 1.32989835103e-17)
(10.4978583904 -21.8440613628 -6.71436253703e-18)
(9.61568575895 -19.1687953689 1.18667690858e-17)
(9.38901848832 -15.3272773825 -2.12748041361e-17)
(9.61703091412 -10.4777956255 -7.57194687873e-19)
(10.023966316 -4.9178134381 2.44140521009e-17)
(10.4087697317 1.02708937357 -1.46816909475e-17)
(10.6815469393 7.06999877678 2.03102699927e-17)
(10.8772995057 12.9732150686 4.20992506071e-19)
(11.0931080284 18.462222765 -2.11953609925e-17)
(11.4359851767 23.2407736638 -1.69497031511e-18)
(11.9852183182 27.036494994 -1.51347366977e-17)
(12.7595910303 29.6727341934 4.48304689245e-18)
(13.7176451438 31.1027154062 3.30313497961e-17)
(14.7781170093 31.4641136793 -2.52805133393e-17)
(15.8702673416 30.9634511011 2.28849493766e-17)
(16.9483099606 29.8159619944 2.4966992792e-17)
(17.9814651236 28.2159316248 -2.15697623695e-17)
(18.9602027976 26.3176710737 -2.73652219591e-17)
(19.8972168603 24.2277325822 -1.21945796292e-17)
(20.8064647514 22.0095643954 2.28365351335e-17)
(21.7008683992 19.7077309026 1.3699873901e-17)
(22.587928748 17.3443344227 -1.61039574048e-17)
(23.4818393101 14.9322817487 1.78209883657e-17)
(24.3950372977 12.4781360884 2.28484659301e-17)
(25.3253371042 9.99095726432 -1.43844564304e-17)
(26.2807532188 7.48024109979 6.95858559078e-18)
(27.278094529 4.94925057407 -2.47226276898e-19)
(28.2607437137 2.41923006021 -8.33405807359e-18)
(29.2699318969 -0.177884612653 4.08823600597e-17)
(30.4698894709 -2.76247782831 -2.03260069665e-18)
(31.5289490128 -5.5155854868 -6.7641136386e-19)
(32.6606059009 -8.33863861505 1.54527016897e-19)
(33.8964385154 -11.2374697283 2.92585748262e-18)
(35.20751381 -14.1994206199 1.26772877932e-17)
(36.5759498062 -17.1666921588 -3.78742750708e-18)
(37.9739142624 -20.0511289062 -2.29190314504e-17)
(39.3566834574 -22.7520754072 4.20621837932e-18)
(40.6832993454 -25.1792171902 -1.26253441716e-17)
(41.8964387291 -27.2677393014 4.25048273719e-17)
(7.96758835227 3.85944483227 2.51930099673e-19)
(7.62668665368 4.04854376542 2.4792032574e-20)
(7.87832471572 3.96170133204 2.65938425118e-19)
(8.41543878703 4.01663168262 -4.26068584625e-19)
(9.00330407367 4.18594866 1.19963304195e-18)
(9.65125263236 4.36148654679 -5.11063068767e-18)
(10.4121831612 4.50714078592 2.52923432604e-18)
(11.3088966786 4.61068903575 4.8978069958e-18)
(12.3442088491 4.63950154465 4.96553818686e-18)
(13.5121087483 4.541387065 -1.28642508219e-18)
(14.7982730509 4.25562055275 -9.92950254535e-18)
(16.1763023635 3.72366049898 1.20746325128e-17)
(17.6078382706 2.90089771722 8.05360257166e-19)
(19.0499454897 1.76175068143 -2.61544379078e-18)
(20.4570873249 0.295153226736 8.02643030105e-22)
(21.7769254175 -1.41742111178 4.95913610025e-19)
(23.0394386247 -3.47186981004 4.8205275476e-18)
(24.2263889099 -5.84595414027 5.65446354992e-18)
(25.3591135642 -8.48205393506 -1.96450832192e-18)
(26.4608395922 -11.3488266531 -5.48420023742e-18)
(27.4781297022 -14.3599328264 -1.63662148489e-19)
(28.3146448008 -17.312993525 -1.24834222471e-18)
(28.8623729571 -19.9378736078 1.71091377725e-17)
(29.0242941658 -21.9688136031 2.72604788298e-17)
(28.7476958288 -23.2323851274 -3.27692122721e-17)
(28.0247105611 -23.7098012627 4.15719513558e-18)
(26.8618740204 -23.5445567709 2.60683938442e-17)
(25.2526334842 -22.9951975099 -2.6600278865e-17)
(23.1887233281 -22.3257513652 -4.04754776391e-18)
(20.7255468385 -21.6870917656 7.88064219522e-18)
(18.0542781214 -20.9934700307 -6.95961517351e-18)
(15.5127339501 -19.9140447028 5.17268520221e-18)
(13.4809018189 -18.0012561957 -7.62806182423e-21)
(12.2021318918 -14.9226804149 -8.15345160018e-18)
(11.6783790547 -10.6281068564 3.61414628042e-17)
(11.7155732483 -5.35617837001 1.09768826947e-17)
(12.0694993692 0.498287694808 -1.15086245415e-17)
(12.5732593554 6.54144958806 -5.82316753619e-18)
(13.1782883289 12.4308700794 2.78539797721e-18)
(13.9048537955 17.8543671096 1.19082832823e-17)
(14.7941214041 22.5212993762 1.63061890123e-18)
(15.8663406228 26.1941702481 1.4367122961e-18)
(17.0977677615 28.7376049234 -2.59788758956e-17)
(18.422044812 30.1376874793 4.95121356781e-19)
(19.7639136284 30.5209641226 8.55057282245e-18)
(21.0713316126 30.0811690994 -2.57141860407e-18)
(22.3137082741 29.0148276647 2.05006084492e-17)
(23.4773065549 27.4967537534 0)
(24.5668085298 25.6692127259 -1.25333246105e-17)
(25.5985816039 23.6321055959 7.51673209113e-18)
(26.5898335352 21.4515758515 -2.65531931763e-17)
(27.556221308 19.1672575794 -1.06323951617e-17)
(28.5094143723 16.8068662306 4.43758664712e-17)
(29.4637081696 14.3871184391 -1.39884953343e-17)
(30.4290011882 11.9189104663 3.69758182576e-18)
(31.4078025869 9.41873366836 8.94430860106e-18)
(32.4031116798 6.89714605345 9.41655074148e-19)
(33.4150456092 4.35295185409 1.02577119321e-17)
(34.4385513625 1.78296843226 6.56636671405e-18)
(35.4821149089 -0.839052087525 -1.48569612871e-18)
(36.5514566116 -3.52970786376 4.88428113808e-21)
(37.6590460508 -6.29270260045 3.93833350395e-18)
(38.8347693654 -9.14719941428 1.52502539712e-18)
(40.0809542731 -12.1047664568 1.08873786392e-17)
(41.3785488359 -15.1247091954 1.28203524333e-17)
(42.6939336397 -18.1274212942 1.40536421721e-18)
(43.9800730991 -21.010422565 -7.28619380082e-18)
(45.1833478756 -23.669681756 -1.60098135594e-17)
(46.264727049 -26.0217757521 -1.67499285509e-17)
(47.1811386534 -28.0157930139 3.33714740052e-19)
(14.8737604367 3.66430286631 2.51862292943e-18)
(14.2620649164 3.79510673651 -2.56710788254e-18)
(14.3812766163 3.59341269787 -2.40387485337e-18)
(15.0079468139 3.52229062872 -1.92154197135e-18)
(15.7189633954 3.60770844349 1.28724291819e-18)
(16.4647219142 3.70502617652 2.38864452961e-18)
(17.3197496838 3.75009938145 1.17374411951e-17)
(18.312377696 3.73707118386 -4.96156589079e-18)
(19.4339953872 3.64891621692 -6.55013479216e-18)
(20.6708234881 3.44527456107 -9.29308053535e-18)
(22.0089759474 3.07310481861 1.5562252206e-17)
(23.4291355756 2.48420875204 8.92775275822e-18)
(24.9050520794 1.63854342331 -1.50780212482e-17)
(26.4057003808 0.514641235625 0)
(27.9029421898 -0.89408277714 -3.38821358056e-18)
(29.3787420863 -2.5951477229 3.70425015787e-18)
(30.8382897848 -4.59765950416 -3.73113959773e-19)
(32.2879828174 -6.88780884246 -3.07555734205e-18)
(33.7076392187 -9.43609629556 -2.41250022597e-17)
(35.0455348174 -12.1847236821 -3.12743565573e-18)
(36.2001408186 -14.9955580645 1.52761580276e-17)
(37.0294374789 -17.6413380877 4.66291735899e-19)
(37.3933336009 -19.8630423568 -1.1438204755e-17)
(37.2098814626 -21.4452937295 9.97419790265e-18)
(36.4886768434 -22.2739661906 -2.37551079841e-17)
(35.3130856222 -22.35995024 2.55902813495e-17)
(33.7833053315 -21.8310458403 9.4454236721e-18)
(31.9554705657 -20.9003660454 -2.00928020889e-17)
(29.8139465354 -19.8189666311 -3.28453881296e-18)
(27.307681525 -18.8044443668 3.74129180685e-18)
(24.451790619 -17.9350154939 -6.92331033182e-18)
(21.4330094414 -17.0491818739 7.96734293876e-18)
(18.6157131286 -15.7415409315 -7.0276305697e-18)
(16.4014083695 -13.5284763431 1.36900225207e-17)
(15.0426919565 -10.1035619618 6.83071060012e-18)
(14.5439692551 -5.49959050907 -3.19489148137e-17)
(14.7151493265 -0.0477278573421 -1.58482999248e-17)
(15.3327234936 5.78145420294 2.63474464203e-18)
(16.244364709 11.5299512536 -1.58084525976e-17)
(17.3740634545 16.8278134701 8.62108343783e-18)
(18.6913103899 21.3773433425 -3.77103270807e-18)
(20.1669013481 24.9627520496 -1.98685792117e-17)
(21.7478916042 27.4726862504 2.17042827358e-17)
(23.3591945338 28.9068360908 3.01050986616e-17)
(24.9299592561 29.3721262132 -7.9985507631e-18)
(26.4159439291 29.03802878 -3.71083305008e-17)
(27.797475888 28.0831357201 -2.07009595499e-17)
(29.0732127998 26.668771992 1.25647544828e-17)
(30.2556545344 24.9268856605 1.34112035231e-17)
(31.3645004436 22.953685898 -2.65371800682e-18)
(32.4202647586 20.8165373371 -9.91012274998e-18)
(33.4416139843 18.5590547168 -2.93457282875e-17)
(34.4442772619 16.2113313504 1.43383334427e-17)
(35.4419293215 13.7936374192 2.59109760421e-17)
(36.4431611661 11.3223367712 -1.09212695166e-17)
(37.4506687019 8.81337906363 -8.9640445799e-18)
(38.4649724948 6.27741809047 3.35127234707e-19)
(39.4870567026 3.71921230433 7.44367335985e-21)
(40.5178429104 1.13367087953 5.50345280605e-18)
(41.5647513886 -1.50277728666 4.72405472762e-18)
(42.6417572534 -4.21663849982 7.50793856352e-18)
(43.7682917263 -7.02956161056 1.44951752809e-18)
(44.9591734093 -9.95353476182 1.228074562e-17)
(46.2032831707 -12.9700519047 1.51878151166e-17)
(47.4619116336 -16.017722512 -1.77433484424e-17)
(48.6784379752 -19.0030942741 -3.41355055455e-18)
(49.7924784846 -21.820818057 -6.26680461864e-18)
(50.7533934626 -24.3756207919 -7.19254200371e-18)
(51.5365498444 -26.6008588956 5.46310353369e-21)
(52.1211259041 -28.4655973369 2.49878352696e-17)
(24.0576940359 3.75999697285 9.43083746989e-18)
(23.2180636141 3.69293239012 1.49389392566e-16)
(23.1032288071 3.31707566488 -5.24736108323e-19)
(23.6439591861 3.07677104958 -1.4523864071e-18)
(24.3164630226 3.02294574517 -2.40876960214e-19)
(25.013978592 3.00669093809 9.92897593268e-18)
(25.8321251526 2.94553627097 -4.03627824976e-18)
(26.8089690803 2.82769073698 -1.25844111877e-17)
(27.9218268441 2.63859616122 5.08313780611e-18)
(29.1423202097 2.34925007122 3.78225451974e-18)
(30.4561545658 1.9087177014 -4.39659405231e-18)
(31.8548474333 1.27222559829 1.00726181803e-17)
(33.3249549533 0.405043121093 3.36594970426e-18)
(34.8511791194 -0.72117542845 -5.04016059328e-18)
(36.4214535215 -2.12788250817 -3.10508731074e-18)
(38.0288217846 -3.82577626924 -7.00544040202e-18)
(39.6594906804 -5.81075442582 -6.61438937888e-19)
(41.2712806431 -8.06209739105 -1.73049920707e-17)
(42.7871635587 -10.5246520895 -9.27974422663e-18)
(44.0989932864 -13.0887114959 1.6881839535e-17)
(45.0672868489 -15.5785062654 -6.1254439162e-18)
(45.5415592532 -17.7679746882 -1.46975284932e-17)
(45.4097556433 -19.4475254276 3.02039564162e-17)
(44.6540302328 -20.4900846556 1.60540025571e-17)
(43.3635934695 -20.8650101008 -4.73088665232e-17)
(41.6907894355 -20.6210458804 -3.19749062601e-17)
(39.786832883 -19.8643350679 6.73505251966e-18)
(37.7489243907 -18.7357775398 1.59638488179e-20)
(35.5862337069 -17.4014774045 4.69113593794e-18)
(33.2180215191 -16.0482930571 -7.53415298185e-18)
(30.5439757384 -14.8441269882 1.97718669555e-18)
(27.5690370701 -13.8249326203 1.64412950285e-17)
(24.4977466356 -12.772870143 -4.89404371337e-18)
(21.706700565 -11.2408747806 1.52442182389e-18)
(19.6057660995 -8.75754763907 -1.39684318695e-17)
(18.4641744244 -5.10936806053 3.2435914183e-18)
(18.2595335183 -0.427853891607 -3.24380168852e-18)
(18.799564155 4.89118948433 9.34794843403e-18)
(19.8595627639 10.3485792363 -3.77012868472e-18)
(21.2655653845 15.4646626741 -2.96000281002e-18)
(22.903108087 19.894683631 2.4773027614e-17)
(24.6902462367 23.4225955496 2.04874442671e-17)
(26.5472989651 25.9438882373 -8.93592164715e-18)
(28.393300601 27.4564421963 -1.0232711082e-17)
(30.1599618889 28.0458146481 1.85829605635e-17)
(31.8060233234 27.8539049559 1.3363102563e-20)
(33.3172246803 27.0394973216 -3.1396144469e-18)
(34.6986241308 25.750690628 -1.24783444191e-17)
(35.96718335 24.1114169523 -6.88096639474e-18)
(37.1455544896 22.2164840325 -9.43912865323e-18)
(38.2571409587 20.1346440279 3.79042002197e-18)
(39.3232438034 17.9135492184 1.3186216447e-17)
(40.3621393248 15.5861479874 -2.95106352086e-17)
(41.3890227014 13.1765802713 1.02637808973e-17)
(42.4141909052 10.7066716618 1.76887691898e-17)
(43.4413323658 8.19657729089 -8.79842596742e-18)
(44.4707810194 5.65960042066 -1.12919452861e-17)
(45.5020344505 3.10081709993 8.84040289095e-19)
(46.5373860957 0.50302179482 -1.25920126478e-17)
(47.5945630095 -2.16319314355 9.78519051848e-18)
(48.6934928006 -4.92683337996 -1.52392254996e-17)
(49.8456628975 -7.80165039777 -2.94383275609e-19)
(51.044512102 -10.7775680019 8.72775162299e-18)
(52.2506572817 -13.8112462078 -1.97556080452e-17)
(53.4027515001 -16.8258545073 -9.07104461364e-18)
(54.4340850189 -19.7244499736 8.30887345729e-18)
(55.2900747789 -22.4107714183 -1.82465612889e-17)
(55.9388365121 -24.8087486728 -3.39004670034e-18)
(56.379138895 -26.8742963619 1.55508435425e-17)
(56.6150947578 -28.5961412173 -4.22369541065e-17)
(35.5162209502 3.85865619604 -1.17456848412e-17)
(34.5054841267 3.70184718135 -1.45692485455e-16)
(34.1755475215 3.25888055678 -4.64643444232e-18)
(34.537492224 2.91573352193 -2.55877006915e-18)
(35.026408252 2.7030398987 3.50002576277e-18)
(35.5183477368 2.51672397559 1.97008880676e-18)
(36.1333195487 2.30133861468 -7.1830633282e-18)
(36.9238603236 2.05785594296 -1.13216849301e-18)
(37.8775785181 1.76389294926 -2.07927516982e-18)
(38.9687099449 1.37549722459 -1.43498835834e-18)
(40.1891141527 0.844942148702 4.17442212955e-18)
(41.5410588267 0.125465811768 -3.76401262795e-18)
(43.0183039876 -0.819046062665 2.1424182615e-18)
(44.6003789788 -2.01220745884 7.51118200865e-18)
(46.2524177298 -3.46503113548 0)
(47.9232493282 -5.17321020516 -8.6231985888e-18)
(49.5388816654 -7.11210774586 -5.20288922545e-18)
(50.9966339426 -9.23141103595 -2.87836980265e-17)
(52.182288229 -11.4554261002 1.51900482735e-17)
(52.9836872015 -13.6631564656 -2.01312229781e-17)
(53.2900596298 -15.685235249 -6.25725481859e-18)
(53.0181555188 -17.3247530711 8.34243095859e-18)
(52.1462273199 -18.4355428127 5.81323729907e-18)
(50.7342673592 -18.9792197911 -2.42629109906e-17)
(48.92602253 -18.9914167293 -2.52856247915e-17)
(46.8893680307 -18.5342027852 2.25107326773e-17)
(44.7589609121 -17.6824513111 2.5475539357e-17)
(42.6153890947 -16.5127687811 -2.59597602219e-17)
(40.4778814021 -15.1049242658 -1.39921567035e-17)
(38.2870756359 -13.569262569 2.07868428662e-17)
(35.9323500283 -12.0731298226 2.25776134736e-17)
(33.3278812817 -10.7712319254 -7.17806209934e-18)
(30.5012374679 -9.64912618134 -3.78191426632e-19)
(27.6504451658 -8.43355207482 5.48242912414e-20)
(25.1475532261 -6.66258002192 -3.70624512171e-21)
(23.4500858923 -3.88520973306 -1.00429744038e-16)
(22.6693630388 -0.118951448345 3.49208221843e-18)
(22.8892634099 4.31138578058 -4.50657143667e-18)
(23.8774075016 9.18940621538 4.81365773209e-18)
(25.3848642873 13.960802592 2.07246088676e-18)
(27.2250715764 18.2015507727 5.26154648105e-18)
(29.2483343912 21.6563802299 -1.66511642164e-17)
(31.3345167753 24.1966736431 1.69930461172e-17)
(33.3870259094 25.803046108 -2.61826999814e-18)
(35.3355645491 26.5338250988 9.2250129192e-18)
(37.139204438 26.504025832 7.22765261497e-18)
(38.7839083613 25.8498310575 2.47452432502e-17)
(40.2761794337 24.7043031428 2.46984608349e-17)
(41.6350556118 23.1836319256 -4.80523733022e-17)
(42.8851723461 21.3808389178 -3.3233664538e-17)
(44.0519417565 19.3658145284 1.49724836485e-17)
(45.158998525 17.1887925691 1.94387411527e-17)
(46.2273025544 14.8854514507 -1.26120865241e-17)
(47.2750633955 12.4835630235 -2.01576590991e-17)
(48.3143540102 10.0131274287 9.74687194074e-18)
(49.3490826175 7.50116258993 7.31218121898e-21)
(50.3861911844 4.95575080212 2.92473330365e-18)
(51.4337423368 2.38696042601 -8.73043038505e-18)
(52.4997307539 -0.228482946932 -9.92169677363e-18)
(53.5994993253 -2.92471318094 3.95365522201e-18)
(54.7398675931 -5.72541095739 -1.3694021469e-17)
(55.9039446297 -8.62475464611 3.92961567113e-18)
(57.0507590775 -11.5916707748 -5.97331646935e-18)
(58.1208131538 -14.5667054761 -1.74608565185e-17)
(59.0504175217 -17.4690203684 7.35949811309e-18)
(59.7872526961 -20.2112379962 -1.53584195956e-17)
(60.3018068517 -22.7166335328 -5.80200460585e-18)
(60.5903544294 -24.932285658 7.54385271091e-18)
(60.674833445 -26.8339080732 -5.59644481741e-18)
(60.5774970684 -28.4231390319 -1.12852207569e-17)
(48.5083489196 3.33758349009 5.74559893263e-16)
(46.7748388011 3.29847514519 -2.39617606354e-17)
(45.9927854572 3.05523912358 -3.46954417741e-18)
(46.0228676192 2.79397680009 -1.29059301552e-17)
(46.2121807858 2.52378319692 8.22507778229e-19)
(46.4234778455 2.21015352074 1.01067497465e-17)
(46.7715439928 1.83693216421 3.09575635604e-19)
(47.2953626843 1.41468875005 -7.72199913537e-18)
(48.1166495588 0.940937704286 -3.69100148624e-18)
(49.2513821164 0.378636863463 -4.68348340281e-18)
(50.6270975819 -0.302958144172 5.03481784153e-18)
(52.1636302051 -1.13824761447 -3.12394544959e-18)
(53.7850468216 -2.15485849255 -9.12739863252e-18)
(55.4108743118 -3.36904172764 9.55235723811e-18)
(56.9548971073 -4.78289651531 -8.29278674858e-19)
(58.3276829535 -6.38047279344 8.03591367576e-19)
(59.4367132964 -8.11928783784 -1.60994669453e-17)
(60.1895661241 -9.93000082942 -7.41657014739e-18)
(60.5111397089 -11.7732656891 5.96009534886e-18)
(60.3514365669 -13.5179826977 -1.28778002677e-17)
(59.6779234238 -15.0172140423 1.68560953441e-17)
(58.5240134477 -16.1178726311 1.51092908223e-17)
(56.9845727346 -16.7405632828 5.87649234452e-18)
(55.1198854551 -16.9262694538 -8.68904255894e-18)
(53.0514758478 -16.7324795662 2.50676113122e-18)
(50.9068003709 -16.195874557 1.86530386365e-17)
(48.7670159152 -15.3522195399 6.45694630245e-19)
(46.6700737813 -14.2325451282 -1.20828408271e-17)
(44.6290122547 -12.8608368233 1.58881609996e-18)
(42.6160962703 -11.2886031027 1.42679484351e-17)
(40.5684654466 -9.65164638628 -6.58426346146e-18)
(38.4154756549 -8.12459965839 -1.03264987199e-17)
(36.1005958662 -6.80179578085 4.87972562924e-18)
(33.6404063981 -5.58313032886 6.03559155998e-19)
(31.2846891021 -4.28012510946 0)
(29.3372550173 -2.55323282014 4.11148933595e-19)
(27.8884475251 -0.0235907333718 9.04229834164e-19)
(27.595881743 3.58200159149 9.84915790719e-19)
(28.2400872636 7.83521679572 -9.19165337452e-20)
(29.5896601582 12.2005944502 5.94888371304e-18)
(31.445706473 16.2388997787 -8.34556079654e-18)
(33.5933030145 19.6486185621 -1.91286658042e-17)
(35.851778535 22.2554047294 1.44392260403e-18)
(38.088270953 24.0039726039 2.1767647193e-18)
(40.2160151896 24.9217708431 -2.10610220811e-17)
(42.1875929117 25.0952354062 2.27715796716e-17)
(43.9823622718 24.6374325568 2.37087415362e-17)
(45.6030387226 23.6663685112 2.0777583566e-18)
(47.0671502154 22.2910307672 1.29511901076e-17)
(48.3990901327 20.6031209559 -2.03688799269e-17)
(49.6250957306 18.67460621 5.40627157288e-18)
(50.7703790125 16.5592568275 2.27906582807e-17)
(51.8571284696 14.296055044 -9.02275364732e-19)
(52.9060339853 11.9149139735 -2.50119906258e-18)
(53.9322331479 9.44872140751 1.30233840493e-17)
(54.9480496373 6.92935610206 -2.24347447273e-17)
(55.999344074 4.37035038003 1.89239845074e-17)
(57.1368653115 1.78647518937 -1.85127900114e-18)
(58.3126991703 -0.852797750127 -3.08310501424e-18)
(59.4897486473 -3.57930911318 -1.58182451896e-17)
(60.6406128298 -6.4006127823 1.69265531909e-17)
(61.7241696294 -9.29242469495 3.89971545925e-18)
(62.6912051756 -12.2060367024 5.21122498416e-18)
(63.4924803858 -15.0753651212 -1.39090989959e-18)
(64.0889475246 -17.826442089 5.19057023867e-19)
(64.4595567842 -20.389777409 -1.14560590027e-17)
(64.6047354824 -22.711267003 7.38437333922e-18)
(64.5435573395 -24.7584763778 7.89131584312e-19)
(64.3102977342 -26.5210426347 -1.37029211632e-18)
(63.9337713931 -28.0068095348 7.10553831814e-18)
(3.15354693507 11.837972816 -8.22186651122e-16)
(0.343605987198 15.3969867497 8.85138087159e-17)
(0.999872472238 15.4341710855 3.19184667653e-17)
(2.14068954782 14.5345460178 4.00357338361e-17)
(3.42459322877 12.7289042187 2.99430447839e-17)
(4.97459224184 10.4398816678 -5.02191429455e-18)
(6.89896752313 7.77814831437 -2.56035689342e-17)
(9.29281254649 4.78599388919 3.02810208267e-18)
(12.0669473344 1.51155672969 3.08176400197e-18)
(15.0021680616 -1.951447889 1.0349635454e-17)
(17.8834112116 -5.49197461143 -3.88519975702e-18)
(20.5579591824 -9.00751787954 -7.84828582899e-18)
(22.946518586 -12.4223636543 -4.39116231148e-18)
(25.0279216114 -15.6826448721 6.79635444428e-18)
(26.8084300364 -18.7428676911 -5.50214928774e-18)
(28.3033314678 -21.5636847588 3.46770630312e-18)
(29.5309616709 -24.1136913959 8.23742212372e-19)
(30.5111701876 -26.3700153469 -5.4996925299e-20)
(31.2645904484 -28.3188565908 7.33559832292e-19)
(31.8119155716 -29.9555242069 -1.24092522527e-18)
(32.1735562691 -31.2828549972 2.07876571682e-19)
(32.3686050419 -32.3087518783 -8.33201326154e-19)
(32.4130270587 -33.0465178628 4.1553042087e-19)
(32.3197947411 -33.5161790635 -2.07321671529e-18)
(32.1006079842 -33.7430355865 -6.39982117761e-19)
(31.7654857338 -33.7509493243 -5.06798921333e-19)
(31.3226642705 -33.559739884 2.34876182458e-18)
(30.7816595736 -33.183858051 -8.36263713327e-18)
(30.1531776233 -32.6346155324 3.07683999101e-18)
(29.4393987188 -31.9311080436 -1.26341595196e-17)
(28.6177703052 -31.1161647066 8.40932582989e-18)
(27.6389863751 -30.2563130531 -1.68030461889e-17)
(26.4516398056 -29.407541239 8.18430725675e-18)
(25.0602744905 -28.5410313138 -3.51726778264e-18)
(23.5813196921 -27.4899086073 2.51237307823e-19)
(22.2307287635 -25.9671888117 1.9961445014e-17)
(21.244871505 -23.6797519946 8.48947454393e-18)
(20.7877585609 -20.4536180516 2.99341618436e-17)
(20.9115046179 -16.2852392289 8.87275176237e-21)
(21.6052108937 -11.3089914578 5.66830155676e-18)
(22.8333644908 -5.74915158842 2.06930140816e-17)
(24.5450794402 0.146411639275 5.95351006066e-20)
(26.6720147303 6.0904687377 -2.73392980838e-17)
(29.1014636256 11.7695768672 2.08717827867e-17)
(31.6792584634 16.8786172921 8.28787370363e-18)
(34.2292477509 21.1774320417 1.31211511099e-17)
(36.5849177402 24.5384715114 1.09710194699e-17)
(38.6207772183 26.9661737626 9.38052045557e-18)
(40.2679689604 28.5744865564 7.24150787248e-18)
(41.5238560171 29.529238748 1.45788746162e-17)
(42.4241266242 29.9994386599 6.53614882707e-18)
(43.0204869684 30.1650217 4.10053439881e-18)
(43.3062153396 30.2957689525 1.08908988783e-18)
(43.1998644151 30.7681301993 -3.68971466712e-19)
(42.5610572999 31.9221827008 2.64547910771e-18)
(41.321232308 33.5377662862 -1.60292313938e-17)
(39.5441853198 34.7328787692 -5.29199185418e-20)
(37.3764641686 34.1249665474 -3.86436942697e-18)
(34.927604675 30.8227079217 2.25567369169e-17)
(32.4975468351 24.0438772051 0)
(30.6534919371 14.2911233183 -1.91234215817e-17)
(29.9518730256 2.76845502921 5.16626567686e-20)
(30.6178382502 -8.62569757887 2.89374959182e-17)
(32.551549835 -17.8273951256 -2.07325800206e-19)
(35.272341508 -23.4173585377 1.09087277125e-18)
(37.9654358361 -25.3785502449 9.98172874344e-18)
(40.194228566 -25.199734599 -8.47991068719e-18)
(41.8997476863 -23.8017350954 -1.50268774708e-19)
(43.0174724614 -21.9813206569 -2.97598808517e-19)
(43.5924454476 -20.2920491096 -1.53915223234e-18)
(43.7458628618 -18.9229599994 -1.15285710741e-19)
(43.5570139549 -17.8378334436 -2.13171205504e-19)
(43.0089639157 -16.9697387432 -6.96372447422e-18)
(41.9997220286 -16.2834777793 -9.18296495556e-18)
(40.5269850917 -15.4611808087 2.65262009299e-18)
(39.1753114782 -13.4770309676 -3.79306111373e-18)
(39.1032044753 -9.39952712447 -1.52867117827e-17)
(40.4602726253 -3.40929397886 2.01078671794e-17)
(42.9772126357 3.14377503854 -1.45755668808e-17)
(46.5168386363 9.76309418498 -1.80126674152e-18)
(-18.7360790799 11.1156993514 -8.21809310423e-17)
(-15.7821501642 12.285249342 -6.53588511286e-17)
(-11.877920402 12.0223835281 -4.66299705096e-18)
(-7.94939677987 10.6703564056 4.5568034957e-17)
(-4.00330989607 8.68785446447 8.31599974244e-17)
(-0.042570595066 6.23033325609 9.25384282626e-18)
(3.90373395558 3.46387200288 -1.23365340552e-17)
(7.71999830248 0.533520053518 1.64462942793e-18)
(11.3376728848 -2.48295979414 -3.05814476635e-17)
(14.715108699 -5.56812593274 -1.77932824078e-18)
(17.8109904159 -8.68116397831 -1.16644677863e-17)
(20.6028755742 -11.7712463028 3.20420475078e-18)
(23.0839948658 -14.7841061179 -4.49942264171e-18)
(25.2580030425 -17.6702829069 4.08263343375e-18)
(27.133326473 -20.3862130189 3.42522384264e-18)
(28.7211567386 -22.8943375531 2.79955790897e-18)
(30.0357899706 -25.1639063077 -4.87452044944e-18)
(31.0943707759 -27.1716944823 -3.37039736575e-20)
(31.9157576496 -28.9026544195 1.80110494672e-18)
(32.519330141 -30.3501985881 -6.11615518797e-19)
(32.9251358632 -31.5150303605 -6.85852047361e-20)
(33.1527557169 -32.4016154241 -1.15393704545e-20)
(33.2189092211 -33.0193509841 -1.96209334575e-18)
(33.1376319885 -33.3852111069 -1.68136262097e-18)
(32.9232669839 -33.5228250387 -1.50220418307e-18)
(32.5881117234 -33.4530674907 -4.76073240337e-18)
(32.1401863195 -33.1943679749 -4.84951541882e-18)
(31.5880520827 -32.762008979 -2.57022754849e-18)
(30.9435923353 -32.166040255 2.0020921609e-18)
(30.217023507 -31.4164016571 -4.13730558909e-18)
(29.4026762949 -30.538225959 -6.36139354706e-18)
(28.464725117 -29.5845332163 1.14180276854e-18)
(27.3459736621 -28.623795918 4.96732957313e-18)
(26.0157508272 -27.6757594095 6.54523104576e-18)
(24.5393382445 -26.6395688012 1.21013923978e-17)
(23.102726624 -25.2669839124 -2.11339215935e-18)
(21.9561508846 -23.247943281 5.14472609617e-18)
(21.3115715289 -20.3482646403 4.08263404561e-19)
(21.2647398401 -16.5073844804 6.07073583351e-18)
(21.8123165171 -11.82348051 5.69907896984e-18)
(22.9087354038 -6.51461642625 1.80463616484e-17)
(24.4973680887 -0.826512388808 -3.20504433903e-17)
(26.5104531924 4.96480118243 1.62698309298e-17)
(28.8458320446 10.5620587137 4.60485979606e-19)
(31.3614134696 15.6714493247 -1.38595835144e-17)
(33.8881647562 20.0494632683 3.2498772461e-18)
(36.2596912674 23.5515118449 -6.74890507251e-18)
(38.3443587579 26.1557476935 -1.67836296937e-17)
(40.0656628088 27.9470946994 7.75036797905e-18)
(41.4139745078 29.0698493691 -6.55068664276e-19)
(42.4206111487 29.6815615708 1.15513413049e-18)
(43.1268633226 29.9720127136 -9.4049030822e-19)
(43.5245969756 30.235139698 1.32780316433e-18)
(43.52051158 30.8790475133 -3.59629364453e-19)
(42.9906631972 32.2186748155 -1.71622244861e-18)
(41.8806502387 34.0143184861 -4.88075576289e-18)
(40.2556958274 35.3554372268 -2.86492404415e-18)
(38.2452841876 34.8349725934 -4.51100710248e-18)
(35.9201972346 31.5909351725 -1.84086547838e-18)
(33.5742668475 24.7157167146 3.76036303858e-17)
(31.7950558949 14.7187663397 3.21957170885e-18)
(31.1160989419 2.82594290352 4.9351624735e-17)
(31.7286314808 -8.96658222763 -4.95996888735e-18)
(33.5489702507 -18.4708684101 -1.76657175858e-17)
(36.1461626179 -24.1670044557 2.57435966084e-17)
(38.7018938028 -26.0207119899 -8.49737018855e-19)
(40.786608818 -25.7104757455 2.75965961544e-18)
(42.3663869609 -24.1613636239 1.00035435612e-17)
(43.374806931 -22.1893835025 1.42552687023e-18)
(43.8635359792 -20.3799833776 -9.74005338956e-20)
(43.9500027478 -18.9203108565 -3.08402301101e-20)
(43.7137379552 -17.7568743863 -6.5894135949e-19)
(43.1510931737 -16.8032638083 4.19537199597e-18)
(42.1647103274 -16.0287926614 2.38701773207e-19)
(40.7188991773 -15.1745005137 -4.72790028816e-18)
(39.3196613795 -13.3206061617 6.73071405824e-19)
(39.1153451436 -9.51415970034 -7.0762593943e-18)
(40.3608558666 -3.78855680868 3.60451052263e-18)
(42.8373924093 2.61962680822 5.3675156251e-18)
(46.4852911769 9.39689501977 4.70778990591e-18)
(-22.0192361487 5.07207028471 5.20959775308e-17)
(-18.0363292703 5.86573975683 1.02903809845e-16)
(-13.5114750762 5.65627746053 -3.76064495861e-17)
(-8.847092541 4.66399045244 -3.51066198918e-17)
(-4.27545885827 3.09865860679 3.46008386494e-17)
(0.112402957938 1.1273213405 4.6681731333e-17)
(4.27102845252 -1.11417834123 -9.41668471825e-18)
(8.18304984421 -3.5545925268 1.64223156829e-17)
(11.8324764087 -6.14399663035 -1.17429941796e-17)
(15.2079394809 -8.83174657105 -1.37259867234e-17)
(18.2987990266 -11.563117195 1.07736319314e-17)
(21.096582937 -14.2851930198 5.40919896472e-18)
(23.5964384004 -16.9466504834 -3.35419834355e-18)
(25.7983264889 -19.5026613758 3.69045601711e-18)
(27.7069677427 -21.9117812474 -6.40113768405e-18)
(29.3304909649 -24.1382627463 -4.27430323048e-18)
(30.6806580657 -26.1527127317 1.51147756249e-18)
(31.7726179063 -27.9323398884 1.95693380242e-18)
(32.6236396746 -29.4614304927 -8.78068115978e-19)
(33.2516620734 -30.7322204093 -1.09299674648e-18)
(33.675932708 -31.7442186441 -6.16072816779e-20)
(33.9157914661 -32.499216515 -3.80793181038e-19)
(33.9882227967 -33.0032524682 1.26113681845e-19)
(33.9075398933 -33.2717326723 1.54066469838e-18)
(33.6900663328 -33.3266788795 8.66850978083e-19)
(33.3496767789 -33.1851703149 -5.10247896954e-19)
(32.8945056249 -32.8636843107 -6.45428700459e-18)
(32.3326214208 -32.3781484219 5.88405922223e-18)
(31.6750786623 -31.739440915 -2.5446538099e-18)
(30.9347417355 -30.9535555966 2.82069574157e-18)
(30.1168003673 -30.0330577653 -6.75425405433e-18)
(29.2018067362 -29.0153576137 2.37867213215e-18)
(28.139156813 -27.9647405794 -4.55058703553e-18)
(26.8771171971 -26.9309622314 -2.4083437987e-18)
(25.4354633104 -25.8684660948 4.34955487906e-20)
(23.9578960539 -24.5860528215 -1.6301063135e-17)
(22.6886522449 -22.7791439747 -1.42831282404e-17)
(21.8747925859 -20.1671533955 -7.5104708069e-18)
(21.6616099858 -16.6300564931 -1.73753762505e-17)
(22.0679494167 -12.2239232867 -3.74207781954e-17)
(23.0429172348 -7.1503105608 4.1200245324e-18)
(24.5226773061 -1.65439600659 -1.24032878479e-17)
(26.4362670707 3.99441378308 1.23167340574e-17)
(28.6873827324 9.50978536381 -1.94709931889e-17)
(31.1432563425 14.6064597092 1.64457175492e-17)
(33.6422797864 19.04053297 -1.40189493404e-17)
(36.019782542 22.6551869849 9.59537046787e-18)
(38.1405888622 25.4070762137 -4.33530869607e-18)
(39.9230909076 27.3544564675 -3.85739991433e-18)
(41.3507529484 28.6226229797 -8.90915488975e-18)
(42.4505535313 29.3586891902 -2.44394009399e-18)
(43.2554767227 29.7615413237 -5.47386312893e-18)
(43.7492298719 30.1479249586 1.15845210705e-18)
(43.8387951301 30.9394264722 -1.76583886499e-18)
(43.4152972777 32.4439195894 -2.05005648121e-18)
(42.4327142718 34.396965584 5.82628790436e-18)
(40.957879861 35.860615971 2.09698245941e-18)
(39.1078805887 35.4277706782 -6.61732770896e-19)
(36.9266260194 32.239938083 -1.40098551986e-17)
(34.6932645468 25.2920097625 -3.60043248813e-17)
(32.9986736838 15.0900044775 2.86250704266e-17)
(32.3488414288 2.88437732486 -7.39795729832e-17)
(32.9110716081 -9.25050086039 -5.6931570737e-17)
(34.6039082569 -19.0136278458 -1.00702746328e-17)
(37.0519050029 -24.8020817018 2.39927455832e-17)
(39.4497853842 -26.5616583325 5.05483407409e-18)
(41.3837096588 -26.1346663893 5.927672448e-18)
(42.8300876914 -24.4574433608 2.39712245606e-18)
(43.7248157846 -22.3546469649 5.02350717279e-19)
(44.1282135902 -20.4431430503 3.59181266618e-19)
(44.1507364237 -18.9061923641 6.08919635581e-19)
(43.8692687387 -17.6785299842 1.64671812891e-18)
(43.2887777637 -16.6555743571 1.20791788459e-17)
(42.3211934926 -15.8051671378 7.01171848857e-18)
(40.8995839425 -14.9181615652 1.583501527e-20)
(39.4755795228 -13.1675788878 -9.99296581377e-18)
(39.14356553 -9.59550756254 1.6126638521e-17)
(40.2767124761 -4.11498555045 -2.60990130889e-18)
(42.7099498658 2.14787764141 2.20627592187e-18)
(46.4511039634 9.0574257737 -1.10996439698e-17)
(-18.413209323 0.0966745926684 1.29282421733e-17)
(-14.6853767986 0.393889477355 8.77613019789e-17)
(-10.6240149361 0.11858637633 -4.81264508785e-17)
(-6.44389142222 -0.683020405853 -7.25650908837e-17)
(-2.28458972119 -1.92560969097 2.13551846495e-18)
(1.78357214654 -3.52140295851 -3.68398215919e-19)
(5.70765641783 -5.39043973456 2.600691563e-17)
(9.44335971783 -7.4718279444 1.09286808941e-17)
(12.9579021173 -9.70481646834 1.67720025544e-17)
(16.231253522 -12.0342358387 3.3775183327e-18)
(19.2467604107 -14.4093804373 2.7827885516e-18)
(21.9916521729 -16.7825593285 9.18274324274e-19)
(24.4556777807 -19.1064861508 6.91105392703e-18)
(26.6343691788 -21.3421327907 -6.70094772925e-18)
(28.5300548873 -23.4504533646 -2.50680647262e-18)
(30.1476930865 -25.3983678419 1.8822591933e-18)
(31.496556738 -27.158509504 2.34044393115e-18)
(32.5897504769 -28.7090824392 -3.41338459663e-19)
(33.4428853794 -30.0341144732 -6.94460935816e-19)
(34.0724381562 -31.1249537597 2.05277968746e-19)
(34.4963923923 -31.9806336895 4.50550097437e-19)
(34.7331568662 -32.6005551649 -2.7490038122e-19)
(34.7991889934 -32.9875754994 -3.27397341322e-19)
(34.7096917652 -33.1552027967 5.4474903437e-19)
(34.4828851615 -33.1265383278 1.39602076779e-18)
(34.1318342396 -32.912355808 2.09413944131e-18)
(33.6655053798 -32.527321942 1.38698375842e-18)
(33.0927008895 -31.9875092562 5.72708853815e-18)
(32.4232384799 -31.3047757153 -6.18656601644e-18)
(31.6695869498 -30.4841713388 2.98572723786e-18)
(30.8430899353 -29.530233411 -2.48721635161e-19)
(29.9390306467 -28.4643987631 -3.86285058858e-18)
(28.9204821488 -27.3393725223 4.24353991441e-18)
(27.7296790406 -26.2187231723 -9.46361269894e-18)
(26.3461967845 -25.1051821077 -1.63085099681e-17)
(24.8622423248 -23.8695378126 1.12357785914e-20)
(23.4993001651 -22.2362620374 6.66915653614e-18)
(22.5250681086 -19.8993241776 -3.85745743956e-18)
(22.1358326832 -16.6690881593 -1.63109310867e-20)
(22.3884992517 -12.5546773303 5.43348171974e-18)
(23.236851262 -7.726614795 -1.86161281306e-17)
(24.6075530412 -2.42955340615 9.26563112118e-18)
(26.4225088539 3.06893492789 -1.25716080356e-17)
(28.5886555518 8.49156108091 5.78924787075e-19)
(30.9816399098 13.5624244253 1.43229281494e-17)
(33.4474127289 18.0385621572 -1.86144093866e-17)
(35.8244293257 21.752573477 1.59641696466e-17)
(37.975338411 24.6407998721 1.74118462194e-17)
(39.814735546 26.7378306279 -2.19841055938e-20)
(41.3192570504 28.1447782324 8.75380177888e-18)
(42.5101505103 29.002486016 2.44680945467e-18)
(43.4121357336 29.5184861721 -3.03667362299e-19)
(43.9999478082 30.028559675 -3.47221139095e-19)
(44.1854832335 30.9655591759 -1.08614072658e-19)
(43.87366866 32.6297738157 -1.1273295856e-18)
(43.0308000278 34.7350290546 4.78600745544e-18)
(41.7186177263 36.3175370003 2.4896390669e-18)
(40.0462103468 35.9702823767 -4.13643965733e-18)
(38.0388379555 32.8445779864 -1.86151494401e-17)
(35.9525322244 25.8309673567 -3.08043007231e-17)
(34.3710217368 15.43662728 -3.74004547306e-17)
(33.7683881748 2.93990594888 2.04673860967e-19)
(34.2735499381 -9.51555618903 2.74803387598e-17)
(35.8112523255 -19.52278859 5.09607082204e-18)
(38.0705208691 -25.4029427198 -2.08868352937e-17)
(40.2778326057 -27.0642767499 1.63056418544e-18)
(42.0393130928 -26.5339454683 9.69857444077e-19)
(43.3333496911 -24.7181861858 -4.48638098815e-18)
(44.1020943654 -22.49755289 -1.11498345242e-18)
(44.4124578025 -20.4914371213 0)
(44.3673141512 -18.8816880412 -2.82439322546e-19)
(44.0381649057 -17.5941826969 1.17429048235e-18)
(43.4366673295 -16.508015038 2.77347746314e-18)
(42.4831083804 -15.5855606583 6.95903519736e-18)
(41.0915877213 -14.6626515906 6.86982565111e-18)
(39.6476699813 -13.002234179 3.27744168996e-18)
(39.1931570579 -9.65502413055 6.12683253264e-18)
(40.1975398154 -4.42584393158 -7.65112048313e-18)
(42.5709027593 1.67569863666 5.63003536322e-18)
(46.4063889957 8.70656825201 -8.99349234674e-18)
(-13.892059793 -3.8100523708 6.47494350358e-17)
(-10.617941347 -3.9727373049 4.31484877213e-17)
(-7.06856644691 -4.45321423468 3.47249121731e-17)
(-3.36983669582 -5.26836697836 -4.0202669681e-17)
(0.380994894457 -6.39241197363 2.40546721531e-17)
(4.10926538252 -7.78205023865 -6.61687196335e-17)
(7.75242285767 -9.39441998407 -9.65475478568e-18)
(11.2580509291 -11.185920042 1.79631863683e-17)
(14.5867174815 -13.1082934554 1.75082685321e-17)
(17.708955331 -15.1153969291 -1.70033712212e-17)
(20.6009140485 -17.1635695228 -2.00784530572e-17)
(23.2460996295 -19.2106440127 -7.55722674127e-18)
(25.6286988939 -21.2174019442 -4.73419404321e-20)
(27.7405059057 -23.1462590652 3.17077578952e-18)
(29.5829613352 -24.9639409801 1.35207637932e-18)
(31.157897145 -26.6410462925 -4.29046973109e-18)
(32.4724062721 -28.1523676647 -3.04014024383e-18)
(33.5376531573 -29.4774295928 1.15024089497e-18)
(34.3674793216 -30.6004480996 -3.44891957418e-19)
(34.9770699411 -31.5118795899 2.71618933151e-18)
(35.3826887199 -32.2109296898 3.44288099183e-19)
(35.6017100855 -32.6948295548 -2.82960587757e-19)
(35.6482471659 -32.9663613507 -1.67157885815e-18)
(35.5416617357 -33.0293303237 -1.30151178604e-19)
(35.2995185819 -32.9182390135 -1.80943281635e-18)
(34.9319375312 -32.6315310258 -7.12850873655e-19)
(34.450055849 -32.1837366451 4.41262850903e-18)
(33.8642394344 -31.5903393558 -1.61702118938e-18)
(33.1832277945 -30.8633838902 -6.86557223308e-18)
(32.4175876897 -30.0086061655 4.9780935404e-18)
(31.5806217244 -29.0269355266 -1.22048626015e-19)
(30.678535077 -27.9271325352 2.04316941562e-19)
(29.6910446457 -26.7453060302 4.42419401042e-18)
(28.565299187 -25.5445574973 -4.93428576533e-19)
(27.2548570027 -24.36470856 -1.24200374896e-17)
(25.7992833168 -23.1357764163 5.94517831597e-18)
(24.3761231741 -21.6336083343 1.23719789882e-17)
(23.2583387492 -19.5465551001 6.49346799027e-18)
(22.6887319581 -16.6249893697 1.49930438582e-17)
(22.7727462459 -12.8153827159 1.23207359398e-17)
(23.4851014193 -8.2469395554 -1.75043291359e-17)
(24.7443002903 -3.1575359346 1.02524735761e-17)
(26.4614459578 2.18419160451 9.01441156695e-18)
(28.5425386758 7.50588194787 1.72981867501e-17)
(30.8701154405 12.5395100804 -7.73847113986e-19)
(33.2979568334 17.0445395172 1.90928803182e-17)
(35.6688478214 20.8453178395 1.01961290164e-17)
(37.8456098411 23.8582747723 8.83882511842e-18)
(39.7385916902 26.0968611763 3.61073869414e-18)
(41.3175454913 27.6367866789 4.02209805817e-19)
(42.5974266541 28.6133306544 -2.2594434822e-18)
(43.5937478563 29.2424851011 2.04245753935e-18)
(44.27438903 29.876577546 -4.44881902312e-18)
(44.5579093589 30.9569844981 1.89912501965e-18)
(44.3616815669 32.7736168069 -2.78651504109e-18)
(43.6723440686 35.0182580621 -2.15371492717e-18)
(42.533581749 36.7227853431 -6.07342460378e-19)
(41.0550067747 36.454807685 -7.90713227375e-18)
(39.2511126252 33.398620961 2.03346511515e-17)
(37.3451890261 26.3259608163 5.86049136913e-17)
(35.8911446438 15.7570265329 -5.28000814264e-17)
(35.3667287141 2.99650868015 6.26034710658e-17)
(35.8135381871 -9.75334730322 -4.88840847746e-17)
(37.1678946641 -19.9870833386 4.41590626153e-17)
(39.1962106113 -25.9560981928 1.55047463725e-20)
(41.1829109445 -27.5201744542 -9.5663435657e-18)
(42.7506385638 -26.8939539365 0)
(43.8735793957 -24.9492545407 1.77203540107e-18)
(44.504843754 -22.6165149243 -7.66800622617e-19)
(44.7148335763 -20.5215055334 1.44611622037e-20)
(44.598612846 -18.845089876 -3.69256886279e-22)
(44.2195579816 -17.5030328478 -7.09038342867e-19)
(43.5940859313 -16.3597844683 -8.44044047356e-18)
(42.6498812132 -15.3702877931 1.69577834184e-18)
(41.2948456346 -14.4082120208 -1.67213869561e-20)
(39.8237750616 -12.8254628266 1.52845174966e-17)
(39.2662816317 -9.69288368104 -8.942273164e-18)
(40.1279117162 -4.71913445156 -7.35852313001e-18)
(42.4226711051 1.20495409771 1.26235351181e-17)
(46.352288977 8.34270083321 2.52270487804e-18)
(-9.31923602968 -7.41796549462 -2.08154332309e-17)
(-6.37977612079 -7.87991425819 3.42715631692e-17)
(-3.2112359169 -8.52479479825 2.95501908918e-17)
(0.107666845236 -9.37834203784 1.04532491191e-18)
(3.50446487443 -10.4374649095 1.34858274569e-17)
(6.91270983282 -11.6869341518 1.29860692601e-17)
(10.2717830745 -13.1039730178 -3.71517643002e-17)
(13.5298673387 -14.6577759655 2.73255042147e-17)
(16.6447073805 -16.3130966462 1.89302871438e-17)
(19.5819050965 -18.0339420303 -6.7085993001e-18)
(22.3136927936 -19.7847118569 -2.91157691467e-18)
(24.8186845549 -21.5303810867 -7.55156288333e-18)
(27.0807183974 -23.2397023226 -3.98226382371e-19)
(29.0900799053 -24.8786466634 -1.97841530544e-18)
(30.8438663218 -26.4197722861 6.97243222523e-19)
(32.3433076357 -27.8375537234 -2.55167120197e-18)
(33.5939727874 -29.1092115871 -2.91413792163e-19)
(34.6050970653 -30.2158282605 3.11471096061e-20)
(35.3886732525 -31.142321306 -4.48443848315e-19)
(35.9586023521 -31.8782456871 -1.06627978837e-19)
(36.3287309894 -32.4231456793 1.49902601118e-18)
(36.5154244533 -32.7713705514 -1.70109639339e-18)
(36.533034615 -32.9223440124 3.95637726634e-19)
(36.4019888179 -32.8964956314 9.55115341176e-19)
(36.1362706198 -32.6986054025 -7.4295225364e-19)
(35.7460567612 -32.3390699472 7.19968517498e-19)
(35.2446676866 -31.8305709557 -6.87362072463e-20)
(34.6433322632 -31.1857127236 -3.61535743524e-18)
(33.9501980601 -30.4155645928 3.97208065929e-18)
(33.1738747366 -29.5269460474 5.49790932652e-18)
(32.3267844363 -28.5204733297 2.14138593962e-18)
(31.4211790325 -27.3969484717 -3.01734163129e-19)
(30.4522377899 -26.1759144667 -7.25512974483e-18)
(29.3805974076 -24.9094987595 7.90170446375e-18)
(28.1483761512 -23.6562607655 1.19661346477e-17)
(26.7486215347 -22.4024858112 1.0668243276e-17)
(25.3040998132 -20.9864948511 -2.73573696457e-18)
(24.0691907426 -19.1133200088 3.01008988504e-18)
(23.3210962426 -16.4939068519 -3.14844125423e-20)
(23.2234128391 -12.9992751979 -1.1378429382e-17)
(23.7860028914 -8.70659871377 1.23245300027e-17)
(24.9273520981 -3.83676945924 -8.55542289468e-18)
(26.5460290341 1.34028100763 -8.59594670124e-18)
(28.5422685022 6.55289730357 8.50551885961e-18)
(30.8027774714 11.5387311521 1.44637258898e-17)
(33.1891433547 16.0598571452 2.32665227276e-17)
(35.5492681532 19.9339175033 5.13882996417e-18)
(37.7478879407 23.0620182327 4.37625464515e-18)
(39.691968114 25.4310636863 3.81853838919e-18)
(41.3438555705 27.0986129061 6.84434260156e-18)
(42.7105516938 28.19158694 2.49717085199e-18)
(43.7981153556 28.9338419636 -2.0334792174e-18)
(44.5702773131 29.6919720134 -2.23701976363e-18)
(44.9538991372 30.9122073986 -1.36284900439e-19)
(44.8765163374 32.8748224484 -3.27803195824e-18)
(44.3503311185 35.2486330288 -1.6629001419e-18)
(43.3977237861 37.0797923764 1.36889550444e-18)
(42.1300317202 36.8677507943 5.37518876946e-18)
(40.5549470629 33.8918007496 1.72235176802e-17)
(38.8621068811 26.7697497925 1.4688133412e-17)
(37.5850647243 16.0447287167 1.02850711674e-17)
(37.1556097751 3.0519150277 -2.89018212903e-17)
(37.5303258317 -9.95854288824 -6.63462827001e-17)
(38.6653204084 -20.3972986831 -6.96458870595e-18)
(40.421931664 -26.453076885 -3.32872720321e-18)
(42.1610889329 -27.9244742748 1.85597069757e-18)
(43.5163322298 -27.2101778431 -5.85536484117e-19)
(44.4490572219 -25.1464623381 -2.40613212815e-18)
(44.930946555 -22.7097018901 6.09078513583e-19)
(45.0337335312 -20.5321593899 -1.92515373253e-19)
(44.8430963333 -18.795956672 5.71739066999e-19)
(44.4126825359 -17.4045853083 -2.33063626325e-19)
(43.7601005181 -16.2102256276 -4.44873304541e-18)
(42.8226416349 -15.1591534239 -1.62976949159e-18)
(41.5025985003 -14.154979389 -6.75876338778e-18)
(40.0132922139 -12.6382975529 3.13093887394e-18)
(39.3580107735 -9.70893618542 5.50930967574e-18)
(40.070210532 -4.99201352365 2.71326274576e-19)
(42.2694282226 0.737536790405 -1.78240984328e-18)
(46.2777858001 7.96651009381 3.38277209616e-18)
(-4.67046270734 -10.7046030533 -2.09269504788e-17)
(-1.98228133412 -11.3896207896 2.00143505193e-17)
(0.892030806352 -12.1711412278 -2.0060718064e-17)
(3.9018381921 -13.0722226382 2.04979460412e-17)
(6.99041045335 -14.0997205756 1.73931202075e-17)
(10.1015251015 -15.2510751731 1.5053337516e-17)
(13.1822729176 -16.5141349305 -4.66628273312e-18)
(16.1846842742 -17.8693356361 -9.18403690779e-19)
(19.0667835444 -19.2927942734 8.17497442319e-18)
(21.7930229144 -20.7583934745 1.91073581111e-17)
(24.334289967 -22.2391781177 1.02361207717e-17)
(26.6678421738 -23.7082635356 1.16319051933e-19)
(28.777026183 -25.1397750093 5.30629846815e-18)
(30.6513837406 -26.5080415767 -1.09217625828e-17)
(32.2864542036 -27.7895795649 3.88672327692e-18)
(33.682524223 -28.9624905157 4.23162394372e-18)
(34.8438257237 -30.0067355954 -2.92302628063e-18)
(35.7779279524 -30.9050174941 -9.03672238049e-19)
(36.4951179896 -31.6431973722 -1.1410044653e-18)
(37.0078679227 -32.2102401188 -1.23759238991e-18)
(37.3273458976 -32.6054596392 -1.94455698502e-19)
(37.4671265401 -32.8272110463 3.23432214553e-20)
(37.44826008 -32.8590596184 -1.22605372442e-18)
(37.2855977563 -32.7397414707 -9.69132460167e-20)
(36.9883634252 -32.4602106017 2.01179047558e-18)
(36.5703434818 -32.0317720262 4.26679418579e-19)
(36.0460102912 -31.4657773221 -3.48665115816e-19)
(35.4264600263 -30.7724464106 7.6727386691e-18)
(34.719818725 -29.9613554419 4.237495457e-18)
(33.9334777983 -29.0399323347 -5.62234224991e-18)
(33.077721035 -28.0101529679 2.07272859414e-18)
(32.1664698574 -26.8694610362 2.88438392304e-18)
(31.2063050884 -25.6241519737 9.54424390332e-19)
(30.1750697278 -24.3098007488 4.01814838645e-19)
(29.0173607412 -22.9878979316 1.06889075906e-17)
(27.6927935803 -21.6868706809 -1.75237840623e-19)
(26.2647771469 -20.3116508495 5.31389698761e-18)
(24.9472457765 -18.6107193735 -6.16712607304e-18)
(24.0330621731 -16.273526344 -6.04618805116e-18)
(23.744235078 -13.099764457 3.42326099673e-18)
(24.1407365271 -9.10013093793 -6.98656176077e-18)
(25.1536695665 -4.46493656814 1.47955185854e-17)
(26.6706159578 0.537669942972 -8.14335737142e-18)
(28.5816746393 5.63295339656 9.42479119987e-18)
(30.7738934355 10.5609021218 -6.64014033137e-18)
(33.1157803117 15.0862448841 -8.65559651399e-20)
(35.4623398875 19.0205340146 -1.97435652011e-17)
(37.6795926294 22.2521949878 -1.27615288428e-17)
(39.6719423279 24.7418036127 -7.54767565125e-18)
(41.395687317 26.5310550898 7.46430859603e-20)
(42.8473409009 27.7382088156 -1.75674238008e-18)
(44.0232547206 28.5935717242 -6.13750771911e-18)
(44.8852796653 29.474772332 1.30961373106e-19)
(45.3701951065 30.8299786267 2.91331815686e-18)
(45.416916965 32.9295489192 1.78608016414e-18)
(45.0576747957 35.4196713542 -2.0665408697e-18)
(44.3042087099 37.3735543483 6.63791469495e-19)
(43.2671985351 37.211735629 4.66403985422e-18)
(41.9427015136 34.3166365848 2.4467084287e-18)
(40.4859191266 27.153843027 -2.17517705274e-17)
(39.4151917742 16.2921213653 3.00195580537e-17)
(39.1501298996 3.10064457723 -2.22829813543e-17)
(39.409148675 -10.126307445 1.71602994623e-17)
(40.2864347714 -20.7435171196 -2.72758134369e-17)
(41.7400107294 -26.8844136031 -1.62444849936e-17)
(43.2069512928 -28.2766099793 -4.57502677486e-19)
(44.3308042195 -27.4768038336 -2.43793839943e-18)
(45.0564849596 -25.304688325 -9.34921955044e-19)
(45.3780370998 -22.7755641126 -4.78068375804e-19)
(45.3677224694 -20.5242087875 -2.47854091015e-19)
(45.0996479505 -18.7339024 8.71653302576e-19)
(44.6165768122 -17.2983349998 2.15859637099e-18)
(43.934291115 -16.0587800694 4.68398143936e-18)
(43.0009063965 -14.9515873603 -1.72382076662e-18)
(41.7112010248 -13.9042170601 1.59548023384e-19)
(40.2251981948 -12.4423005851 5.52263431281e-18)
(39.4618461848 -9.70288616065 -2.38732768492e-18)
(40.0353398845 -5.24246169224 2.48736734865e-18)
(42.0983213814 0.276549665759 5.87735282557e-18)
(46.1860634373 7.57897653299 8.23400580607e-18)
(0.128336356162 -13.7227418727 6.34841506566e-17)
(2.60687663472 -14.5741374682 4.58019380085e-17)
(5.23246382269 -15.4630010445 3.63863371037e-17)
(7.97222972624 -16.4076108263 -6.27652758787e-17)
(10.7805319244 -17.4162405224 -6.57514185703e-18)
(13.6109958627 -18.4902637494 -3.1656831498e-18)
(16.417939167 -19.6244557632 1.57718209096e-17)
(19.1581045545 -20.8082099668 -4.26467434324e-18)
(21.7923348952 -22.0269378395 -3.94662910404e-18)
(24.2866404945 -23.2634266204 -1.24949818165e-17)
(26.6127915065 -24.4990421175 1.05022741786e-17)
(28.7486353642 -25.7146240373 1.31433843798e-17)
(30.6781045987 -26.8910217107 3.51005811587e-18)
(32.3909870139 -28.008985512 4.60158227817e-19)
(33.8823872569 -29.0495777039 -2.56768948049e-18)
(35.1518112645 -29.9943741361 7.72064411579e-18)
(36.2023196713 -30.825863495 8.27372297218e-19)
(37.0399693028 -31.5283905462 -5.67192426997e-19)
(37.6735027303 -32.0887261832 -3.00290861242e-18)
(38.1132711779 -32.4958623905 1.42087201894e-19)
(38.3694957788 -32.7446642736 2.45115957171e-19)
(38.4543759719 -32.8408158623 -2.41257726466e-18)
(38.3891128645 -32.7770438223 3.60881744894e-19)
(38.1846269984 -32.561405256 3.44429239759e-18)
(37.8500627436 -32.2014145077 5.45634802349e-19)
(37.4007971406 -31.7073086463 -1.85742912181e-18)
(36.8506111847 -31.0873329984 1.98354608949e-18)
(36.2102651093 -30.3490714764 -2.59362072821e-18)
(35.4883337465 -29.5002684012 -2.39807480677e-18)
(34.6918489129 -28.5481375542 1.07309696142e-18)
(33.828983507 -27.4962598435 -2.24971495511e-18)
(32.9124040083 -26.3420690278 2.63999082591e-18)
(31.9549250391 -25.083581235 3.43954117348e-18)
(30.9507174585 -23.7392494905 -7.26315023616e-18)
(29.8570929462 -22.3611621757 8.99597917193e-21)
(28.6166882217 -21.0022418053 -1.3257238496e-17)
(27.2384262771 -19.6295325327 -7.58601855897e-18)
(25.8788080649 -18.0524996212 -5.87408106997e-18)
(24.8217109833 -15.9663135443 6.25118495081e-18)
(24.3389393124 -13.1112863292 1.31502952939e-20)
(24.5528405281 -9.42071110384 3.48686113526e-18)
(25.4230428441 -5.03805980031 1.76332194209e-20)
(26.8316856681 -0.222338380035 8.2597293033e-18)
(28.6558615988 4.74664351061 1.96759067999e-19)
(30.7789540944 9.60722494412 -1.34285487531e-17)
(33.074290045 14.1252694022 -2.17476677638e-17)
(35.4043426176 18.1076404581 -4.8237283437e-18)
(37.6375737835 21.4287232032 -4.37992755434e-18)
(39.6762116589 24.0298747405 -1.13810232868e-17)
(41.4703572687 25.9349696167 -1.2752109321e-17)
(43.005136209 27.2542228314 -7.96041682972e-18)
(44.2669742479 28.2226131493 8.90619857516e-18)
(45.2169958374 29.2252803711 3.44606553646e-18)
(45.8036190038 30.7099314514 -6.7389187326e-20)
(45.9778707497 32.937134533 5.2127996148e-18)
(45.787656418 35.5273433933 -5.55152845245e-19)
(45.2464680332 37.6049780519 -1.24693996305e-18)
(44.4590481084 37.4804946951 -8.37056747621e-19)
(43.4063754269 34.6696155856 8.39944238661e-18)
(42.1917844591 27.4732884208 -2.87076142623e-17)
(41.3288434948 16.4955559568 6.25790541738e-18)
(41.2445218412 3.14120029291 -1.78137627672e-17)
(41.3933839251 -10.2551672162 4.49296500896e-17)
(42.0096196015 -21.0202698841 -3.39546654131e-17)
(43.1427759322 -27.2415482942 1.93847749396e-18)
(44.3139622299 -28.5727143195 1.36563393015e-18)
(45.1869503556 -27.6907846512 5.62500397241e-20)
(45.6917595085 -25.4224528586 4.99939779696e-19)
(45.8438066258 -22.8088069681 0)
(45.7152925905 -20.4958648289 -1.04632507862e-18)
(45.3671185656 -18.6584821905 -7.06106019489e-19)
(44.8302122771 -17.1839264322 -2.5743876702e-18)
(44.1164170372 -15.9048466977 -1.71122435265e-18)
(43.1829990411 -14.7471025877 -1.88946801128e-18)
(41.9231210838 -13.6571072987 8.66493122032e-18)
(40.4526199145 -12.2387692893 -5.70268860165e-18)
(39.5772297326 -9.67482886748 -1.24645338174e-17)
(40.0139538537 -5.46839836489 4.42241158808e-18)
(41.9170229659 -0.174881588012 2.869412424e-17)
(46.0811732687 7.18018278238 1.80440954623e-18)
(5.11688830864 -16.4892580742 1.0761211167e-18)
(7.40091438505 -17.4680641607 9.7660627089e-18)
(9.79782004897 -18.4399324345 -1.076153561e-17)
(12.2863355531 -19.4177628457 3.7587023812e-17)
(14.829125419 -20.4075642795 -1.90148730509e-17)
(17.3866706747 -21.4126163407 -3.02409736277e-17)
(19.919607616 -22.4326405963 -1.53555516857e-17)
(22.3900073905 -23.4637106437 1.33740556343e-17)
(24.762918027 -24.4987761845 1.50947484258e-17)
(27.0076259595 -25.5284519968 -1.03635778269e-17)
(29.0984475095 -26.5417847619 -1.91690965521e-18)
(31.015223532 -27.5268439403 -4.0842601102e-18)
(32.7434555334 -28.4709283108 -1.85789402662e-18)
(34.2738714285 -29.3603249023 6.91776804257e-18)
(35.6016810975 -30.1803384202 -3.87929539248e-18)
(36.7258297379 -30.9156168144 -1.24325213362e-19)
(37.6483089046 -31.5508756206 6.13809327207e-18)
(38.3737775371 -32.0720475095 3.8944766408e-18)
(38.9094484217 -32.4668528288 -1.46222056466e-18)
(39.2632237391 -32.724542056 -1.55529171403e-18)
(39.4453667666 -32.8401551605 -6.69145039851e-19)
(39.4703959227 -32.8164036135 2.13780162598e-18)
(39.3489083426 -32.6579936845 6.89960495015e-19)
(39.0928142043 -32.3518785292 -5.48271185816e-19)
(38.7165207951 -31.9182888292 -2.09134190284e-18)
(38.2332985827 -31.3635889833 -7.19404212042e-19)
(37.6547445026 -30.693576747 -1.14391856114e-18)
(36.9914193919 -29.9142027437 -2.22618071943e-18)
(36.2524582349 -29.0315311479 3.87058977187e-18)
(35.4451064467 -28.0518055449 2.62804286324e-18)
(34.5761630986 -26.9795579921 1.85276537949e-18)
(33.6558263099 -25.8138959216 4.69081278553e-18)
(32.6985220362 -24.5494005034 6.1485743348e-18)
(31.7105908786 -23.1906270661 -6.61327616666e-18)
(30.66699681 -21.7733748396 -4.12779955859e-18)
(29.5095448382 -20.3573968177 -6.35579275968e-19)
(28.2057454389 -18.9587288496 2.15033205724e-18)
(26.846434908 -17.4566979763 -2.02061747867e-18)
(25.6802331834 -15.5799354544 5.22155704216e-18)
(25.0102494721 -13.0305404388 -8.69013909543e-18)
(25.0273551874 -9.66100925028 1.52608283469e-17)
(25.7377799498 -5.55064980461 -1.31092783802e-17)
(27.0282475715 -0.937384758746 -6.81164485582e-18)
(28.762015468 3.89479342133 -7.9033411479e-18)
(30.8145065886 8.67802289687 5.90469411254e-18)
(33.0615283314 13.1767130217 4.42287437705e-21)
(35.3725968495 17.196060241 -4.78485789524e-18)
(37.6194819102 20.593530262 8.28206356135e-18)
(39.7025598304 23.2961755154 7.0919557034e-18)
(41.5652128097 25.3110606613 5.57057235751e-19)
(43.1810259885 26.7404294201 2.20766614388e-18)
(44.5267003556 27.8216920401 4.28046991304e-18)
(45.5628849646 28.9438161955 3.1863337377e-18)
(46.2507738545 30.551875227 -7.27941298406e-18)
(46.5560971279 32.8971186592 -5.12819623049e-19)
(46.5375051186 35.5773456001 -2.35447449238e-18)
(46.2160070374 37.7565881432 2.84192034434e-19)
(45.6913870221 37.6688318008 5.44866480689e-18)
(44.9301240256 34.9429991868 -7.15637886624e-18)
(43.9665111483 27.7257167294 -4.39394930411e-18)
(43.2892309469 16.6563394467 -1.80582576896e-17)
(43.3777300217 3.17660030448 1.32398024876e-17)
(43.4458541068 -10.3457937675 4.5855892261e-17)
(43.8156961571 -21.2265208494 9.18639380909e-18)
(44.6199597856 -27.520863576 -4.08549126939e-18)
(45.474170586 -28.8059576212 4.508301689e-18)
(46.0780837035 -27.8520542127 -1.50748736096e-18)
(46.3510863744 -25.4969557476 2.63540927104e-19)
(46.3257350467 -22.809183138 6.99062255892e-19)
(46.074067297 -20.4462037313 1.57568092963e-18)
(45.6441566106 -18.5693140097 -2.24082635266e-18)
(45.052628391 -17.0610642264 -9.97998588606e-20)
(44.3058270285 -15.7478185372 -1.47545932666e-18)
(43.3685009161 -14.5454056342 5.77217269861e-18)
(42.1389992746 -13.413847327 -1.31683160631e-19)
(40.6800242998 -12.0281686792 -1.3179463486e-17)
(39.7065932497 -9.62557277266 4.796291397e-18)
(40.0169360894 -5.6676847819 7.86228304367e-20)
(41.7345545673 -0.613831446865 1.3497730129e-17)
(45.954567075 6.77167101006 -8.6599535682e-18)
(10.2990240679 -19.0104476828 1.10985698929e-17)
(12.389793622 -20.087403099 4.06799043045e-17)
(14.5647336285 -21.1200573361 4.70251386425e-19)
(16.8085073378 -22.1165616135 6.02063058641e-18)
(19.0897190255 -23.0815114693 -4.47970973724e-18)
(21.3743676843 -24.0194161468 -2.59628060923e-17)
(23.6288462908 -24.9335842831 -1.24623837346e-17)
(25.8207830131 -25.8253576879 -1.13870433954e-17)
(27.9201795932 -26.6939478935 1.02675142082e-17)
(29.9006022712 -27.5367211306 1.02049411304e-17)
(31.7400087362 -28.3495663006 4.04729891512e-18)
(33.4212201921 -29.127061611 1.13908207805e-17)
(34.9319795147 -29.862202398 1.39413998879e-18)
(36.2642892951 -30.5458665704 -8.0191489645e-18)
(37.4136523886 -31.1669233552 -3.1062343733e-18)
(38.3785284418 -31.7125594976 -3.49456557333e-18)
(39.1598801514 -32.1694317525 -2.2670250834e-18)
(39.761117112 -32.524963336 4.86131604268e-18)
(40.1876248758 -32.7681624181 2.73996530015e-18)
(40.4455850477 -32.8879981303 -7.4984242e-19)
(40.5466219943 -32.8790362492 2.75769408124e-19)
(40.5007891819 -32.7564060101 4.26897193109e-20)
(40.3152615592 -32.4928583085 1.51910734843e-18)
(40.0048438421 -32.1087508043 -1.30052863343e-18)
(39.584086106 -31.6091617693 -1.82692477263e-18)
(39.0638069517 -30.998789292 1.2518659756e-18)
(38.4545189125 -30.2829940348 2.60943542121e-18)
(37.7665726799 -29.4666530258 3.93436607988e-18)
(37.0092212946 -28.5543045978 3.56922669862e-18)
(36.1900516943 -27.5508152964 -8.60612460856e-19)
(35.315361039 -26.4607743683 5.57111664304e-18)
(34.3930289043 -25.2851989584 5.09660814417e-18)
(33.436051123 -24.0187613653 -1.10558304434e-19)
(32.4574797666 -22.6572097072 -1.1930197114e-18)
(31.4495843896 -21.2187241508 -4.49451103921e-18)
(30.3656650999 -19.7557758705 4.57330701279e-18)
(29.1498763513 -18.3150305335 -3.18793375598e-19)
(27.8300794991 -16.8437038402 1.32986061609e-17)
(26.5972235441 -15.1271029309 -1.48018199068e-17)
(25.7586316024 -12.8577067242 8.20598410919e-18)
(25.5699812488 -9.81410327405 -1.36362500967e-17)
(26.1020096676 -5.99603660413 -6.19092542291e-18)
(27.2613448022 -1.60394544098 -7.438178956e-21)
(28.8991262467 3.078295224 7.94018893459e-19)
(30.8787667548 7.77395829698 -6.17412774838e-18)
(33.0764404528 12.242845887 -4.69658701986e-20)
(35.3661402736 16.2860292992 -2.53839410457e-19)
(37.6235886497 19.7476248424 -5.55184704816e-19)
(39.7490069735 22.5415774216 3.79436829689e-18)
(41.6778098435 24.660129481 -5.97914854213e-18)
(43.372128411 26.1975962541 5.6751741434e-18)
(44.7995296451 27.3915243434 -7.61150385727e-18)
(45.9201653464 28.6308055339 3.65383466913e-18)
(46.7079872485 30.3556488045 2.3673148859e-18)
(47.1470041064 32.8074306476 -8.56212522398e-18)
(47.2998678335 35.5688954349 1.50653547566e-18)
(47.2058068928 37.8444373202 -5.78529929637e-18)
(46.9534730623 37.7831407689 1.72985050926e-18)
(46.4936164235 35.1395185092 -8.01613362136e-19)
(45.8032500573 27.9130383943 4.21540048054e-18)
(45.2902534756 16.774832163 1.59107569622e-17)
(45.523543438 3.20323885442 1.80780380821e-17)
(45.5413556699 -10.4035081651 -1.17852621766e-19)
(45.6875983115 -21.3639463074 6.03275247588e-18)
(46.1587044817 -27.7236664324 -2.45700330033e-18)
(46.6773340698 -28.9737327319 2.6519857577e-18)
(46.9974100926 -27.9518193457 9.18834860083e-19)
(47.029629062 -25.5212357512 5.37004114522e-19)
(46.8207440482 -22.7780692203 2.0416309996e-18)
(46.4426875737 -20.3749677101 1.2744411675e-18)
(45.9295300742 -18.4660945561 -3.57536489401e-20)
(45.2828164019 -16.9295040474 3.08774884005e-18)
(44.5017506651 -15.5872193478 1.70817941841e-18)
(43.5577516826 -14.3460391159 -1.84752742178e-18)
(42.3554910381 -13.1742214572 -2.25361628754e-18)
(40.9100407043 -11.8113805297 -1.00614797027e-17)
(39.8595533919 -9.55717188525 7.02379664464e-18)
(40.0371036157 -5.83822578321 -1.93467054417e-18)
(41.5452011237 -1.03579966864 -2.06029083318e-17)
(45.8064088219 6.35454458801 -2.40846194156e-19)
(15.6492183833 -21.2868288902 -3.74797622293e-19)
(17.5428397588 -22.4355321876 1.09730548133e-18)
(19.4945385215 -23.5071912365 8.72522560983e-19)
(21.4920469682 -24.5066604522 5.52436802166e-18)
(23.5086932715 -25.4379901542 4.34093013799e-17)
(25.5155523851 -26.3070200782 6.12641879552e-18)
(27.484598499 -27.1201509913 1.28644585632e-17)
(29.3891986444 -27.8831566917 -1.42507637195e-17)
(31.2047710807 -28.6005031497 -2.00790424436e-17)
(32.9096893629 -29.2752430014 4.53829240986e-18)
(34.4860966484 -29.9091446947 -4.67112405329e-18)
(35.9203881139 -30.502406818 3.30495737085e-18)
(37.2028981301 -31.0526453972 1.65288587602e-17)
(38.3267899766 -31.5541516928 7.99562312483e-18)
(39.2877757102 -31.998596296 -4.77403194871e-18)
(40.0838562634 -32.3752494425 -2.57042671638e-18)
(40.71499152 -32.6724133584 -2.89569472382e-18)
(41.1833162288 -32.8789807729 -9.44861801859e-19)
(41.4920124668 -32.9853953393 1.39364476833e-18)
(41.6478571135 -32.9765496786 -3.02975935961e-18)
(41.6604932956 -32.8647771472 2.35852202387e-18)
(41.5351982203 -32.632468718 4.95390031199e-18)
(41.2823093437 -32.2876377599 -1.72112549054e-18)
(40.9158763752 -31.8324793803 -2.94974320271e-18)
(40.4475647882 -31.2718750106 8.54180906201e-19)
(39.8875588728 -30.6110876721 1.14826055457e-18)
(39.2459569815 -29.8544464054 -1.4451862994e-19)
(38.532424646 -29.0056209633 -1.15554492508e-18)
(37.7558494793 -28.0679052153 -3.50293900666e-19)
(36.924037738 -27.0448298624 -1.44055923705e-19)
(36.0434066476 -25.9403530716 -3.12033785157e-18)
(35.1203756342 -24.7567588608 -1.43721843506e-18)
(34.165286341 -23.4905818847 -1.01255472637e-17)
(33.1929842692 -22.1338177812 6.41195027821e-18)
(32.2089024889 -20.6899744864 7.96655615179e-18)
(31.1842513042 -19.1958702204 -1.06087808893e-17)
(30.0583275855 -17.7095655621 -1.28506928343e-18)
(28.8089822505 -16.2341192555 2.04613663555e-17)
(27.5564601061 -14.6253389117 -1.26413823427e-19)
(26.5809141191 -12.5976663001 7.51069409871e-18)
(26.1863269198 -9.87447589413 9.82406294215e-18)
(26.5212503012 -6.36675818932 -1.07383147832e-17)
(27.5331233116 -2.21747658235 1.71355028549e-17)
(29.0679349545 2.29941950007 5.95520630756e-18)
(30.9727254741 6.8970184528 -5.66744387615e-18)
(33.1188136165 11.3250249124 -5.14977870023e-18)
(35.3841995506 15.377571555 -1.28624881696e-17)
(37.6494025483 18.8917037239 -1.26681116478e-19)
(39.8141837029 21.7670845939 1.08118169161e-17)
(41.8060033956 23.9832244774 -2.89282698493e-18)
(43.5757197535 25.6266461042 -5.42586423771e-19)
(45.0824186234 26.9328295518 -1.05325404268e-19)
(46.2858031314 28.2868342756 -1.12558206735e-17)
(47.171394869 30.1213168344 1.1246879432e-17)
(47.7440979246 32.6695461518 5.59565422916e-19)
(48.0699389822 35.5011335522 1.14991955657e-18)
(48.2118122863 37.8194232162 -6.92527701383e-18)
(48.2346797463 37.8109513262 1.58081941804e-18)
(48.0728697993 35.2508956419 -3.22430366931e-18)
(47.6793980488 28.0374000351 3.07769059695e-18)
(47.3307578831 16.810003326 4.90674104025e-18)
(47.6891165551 3.16654157908 -8.98505474868e-21)
(47.6658618303 -10.4380454103 -8.8687564817e-18)
(47.6088578719 -21.4344542599 1.12012694675e-17)
(47.7444359476 -27.8465005423 -6.52102934947e-18)
(47.9125464603 -29.0609045387 -3.1316767768e-18)
(47.9380569824 -27.9826734141 -6.58100399735e-19)
(47.7221849925 -25.4967357028 2.26754027792e-18)
(47.3253066266 -22.7131783579 -4.82706010117e-18)
(46.8192865607 -20.2813759668 -2.59485485576e-18)
(46.2219054451 -18.348624142 -6.184933897e-22)
(45.5196983258 -16.7890786812 -6.08433668906e-18)
(44.7035928895 -15.4226580559 4.89122128704e-18)
(43.7502688583 -14.1483819349 -9.13059248167e-18)
(42.5712497848 -12.938622277 1.98966980153e-18)
(41.1514792274 -11.5901636944 9.32640423807e-20)
(40.0221614845 -9.47109347348 4.9153485294e-18)
(40.07837597 -5.97975830691 -5.51005005592e-18)
(41.3642545812 -1.43721273396 -1.74968850037e-18)
(45.615492232 5.9315008026 -2.88207843768e-18)
(21.1204423698 -23.3152309458 6.24137947938e-17)
(22.8105823813 -24.5100733886 4.02304902245e-17)
(24.5333797495 -25.5989472263 -3.62924986358e-17)
(26.2786257119 -26.5848863437 -1.93641006123e-17)
(28.0240329739 -27.4724822327 -9.82932590055e-18)
(29.745970233 -28.2694035772 -2.17554793595e-18)
(31.4222115734 -28.9849948483 1.07637620612e-17)
(33.032065115 -29.628818872 1.8497633844e-17)
(34.5565880049 -30.209664189 -2.66478808936e-18)
(35.9791065319 -30.7351764243 -2.74180394843e-19)
(37.2860690287 -31.2120410702 -3.02844710307e-18)
(38.4676497526 -31.645009335 -2.91716564988e-19)
(39.5167035157 -32.0349348446 -1.10169102287e-18)
(40.427086081 -32.3782058475 5.85107903364e-18)
(41.1944204939 -32.6687282212 -8.03904038937e-19)
(41.8162938942 -32.8973625895 -1.28461333864e-18)
(42.2917954452 -33.0539376472 -1.40587652981e-18)
(42.6215769719 -33.1288465828 -1.55167413929e-18)
(42.8079991387 -33.1102891156 1.2292523779e-18)
(42.8570578604 -32.9961783638 2.18671953103e-18)
(42.7742084117 -32.7784905042 -1.99762914638e-18)
(42.5666344076 -32.4596972593 -1.26500258092e-18)
(42.2446404311 -32.038763118 1.10000491665e-18)
(41.8192612598 -31.5187490427 -1.56206320227e-18)
(41.3011021964 -30.9043586322 -6.93967132656e-20)
(40.7000415292 -30.199495288 -1.51109743813e-18)
(40.025365135 -29.4073555577 -7.20480027685e-19)
(39.2858203538 -28.5306923641 -1.25173508598e-18)
(38.4897042917 -27.5719154636 -3.21968377345e-18)
(37.6447949716 -26.5334919125 0)
(36.7578489 -25.4184304568 6.36109072622e-19)
(35.8347607866 -24.229382785 -5.15815901824e-18)
(34.8834056596 -22.9650044442 -8.77696008252e-18)
(33.9171815837 -21.6172553879 1.30521289801e-18)
(32.9489691124 -20.1801027691 -4.19178354311e-18)
(31.968283995 -18.6724383666 2.9730839692e-18)
(30.9241876789 -17.1477886797 -1.35413844204e-18)
(29.7641730487 -15.6462805307 -7.510114981e-18)
(28.5376142522 -14.0957821093 7.218277993e-18)
(27.4687701417 -12.2609886804 2.59232935515e-18)
(26.8807861495 -9.83930756754 1.9113406322e-18)
(27.0024750037 -6.6546976249 -5.80464161702e-18)
(27.8467859174 -2.7720346353 4.06974737356e-19)
(29.2691297262 1.56091616047 5.37215351723e-18)
(31.0967412235 6.04773801534 5.3157181457e-18)
(33.1895680348 10.4226937182 8.98114336456e-18)
(35.4278029676 14.4728047316 4.55030585418e-18)
(37.6970773263 18.0273200231 -1.48873642957e-18)
(39.8971239215 20.9740564364 -9.79507919667e-18)
(41.9478987424 23.281667598 1.20551963762e-18)
(43.789235096 25.0287115921 -3.00163787493e-19)
(45.3722864277 26.4464264364 1.13035858573e-18)
(46.6564662596 27.9127728414 -2.24839031724e-18)
(47.6369408939 29.8497018471 -4.1188683608e-18)
(48.3406273044 32.4820596495 6.1520516618e-18)
(48.8447943784 35.370092345 -3.47891567003e-18)
(49.2279077615 37.7376241785 -6.71135572323e-19)
(49.5166536974 37.7635787962 -3.72961142548e-18)
(49.651509119 35.2501359476 -2.27645874931e-18)
(49.5748178319 28.0822110745 -1.42792710795e-18)
(49.4020153867 16.9213748019 8.68917535318e-18)
(49.8360491473 3.28382710869 -3.14383574826e-20)
(49.8030496331 -10.4200076035 -3.00180926341e-18)
(49.5635727161 -21.4413173739 3.37766469859e-19)
(49.3640874629 -27.8790838299 5.97820276833e-18)
(49.1703925244 -29.0817780198 -1.5967668978e-18)
(48.890215434 -27.95409155 2.39168520214e-19)
(48.4226378157 -25.4255765651 -2.95144836383e-18)
(47.8367639546 -22.6139859697 -6.71224058065e-19)
(47.2020067968 -20.1651961227 2.16542729964e-20)
(46.5199249217 -18.2167970907 2.68725012416e-18)
(45.7622082493 -16.6396895774 -1.31054907604e-18)
(44.9106963954 -15.2537849405 -1.68702245588e-18)
(43.9454283183 -13.9519013229 3.58929161183e-18)
(42.7872303609 -12.7074480739 -3.9211135519e-18)
(41.3977814832 -11.3657367436 9.23271817389e-18)
(40.1960532396 -9.36759386837 3.69048184111e-21)
(40.1221184093 -6.09236549806 3.62309053918e-18)
(41.208728762 -1.81550215385 -2.21962761889e-17)
(45.3916762682 5.50717481897 6.03323331169e-20)
(26.6516686758 -25.0915390656 5.40802949704e-18)
(28.1299570622 -26.3059741082 2.68927376335e-18)
(29.6154099554 -27.3895398556 6.07965589229e-18)
(31.1000601245 -28.3451230495 -1.3709459145e-18)
(32.5663477347 -29.1789223874 -3.04948100344e-17)
(33.9965122084 -29.9008591615 2.73248160406e-18)
(35.3744652625 -30.5229747724 1.63917943155e-17)
(36.6854793178 -31.0578344415 -7.06493068315e-18)
(37.9161695814 -31.5175151441 -1.09244272552e-17)
(39.0546097824 -31.913175045 1.04145673003e-17)
(40.0914315048 -32.2555404988 -1.06891191564e-18)
(41.0203850241 -32.5525306011 -5.45976677418e-18)
(41.8360701835 -32.8068874896 1.782231582e-18)
(42.5325657086 -33.0156882485 1.14790964278e-17)
(43.1052104026 -33.1751685434 2.46127528919e-18)
(43.5512450754 -33.2763226121 -3.11947907231e-18)
(43.869093157 -33.3110867248 -2.79045128723e-18)
(44.0583820401 -33.2696512794 -5.19133078338e-19)
(44.1204904188 -33.1460067778 2.51943636235e-18)
(44.0588627475 -32.9322895748 1.25719373832e-18)
(43.8787263006 -32.6278154326 -2.17287839993e-18)
(43.5875020439 -32.2307086183 -6.11105049601e-19)
(43.1942276404 -31.7427325617 1.16924948074e-18)
(42.7084206404 -31.1668063307 2.85911429557e-20)
(42.139768844 -30.5061342526 -2.9412984901e-18)
(41.4972954744 -29.7635746798 -9.47787966114e-20)
(40.7893448481 -28.9414537047 2.77999656272e-20)
(40.0238058804 -28.041744489 -3.45948719285e-18)
(39.2082982838 -27.0662074723 -2.20649943179e-18)
(38.3503034836 -26.0165791368 1.39866138752e-18)
(37.4568127245 -24.8949480935 -3.61618286455e-18)
(36.5338175584 -23.7036261058 -2.32454722745e-18)
(35.5876211344 -22.4427476888 5.36556969417e-18)
(34.628858813 -21.1061490823 -6.3665317035e-19)
(33.6726306913 -19.6834989321 -8.68297762855e-18)
(32.7227631955 -18.178270428 8.07828892521e-18)
(31.7461874728 -16.6295362472 -9.53454216873e-18)
(30.680999613 -15.0939125558 -1.115813825e-17)
(29.518210946 -13.560953857 2.09067374737e-18)
(28.4075940519 -11.864277387 1.2760643366e-20)
(27.6545358447 -9.71023748897 -1.05937227398e-17)
(27.554115523 -6.85177198269 1.33323268736e-17)
(28.2066953631 -3.26029475012 -3.84979992296e-18)
(29.501939375 0.865177818288 -4.88506281707e-18)
(31.2496498803 5.2258974512 5.20463939274e-18)
(33.2895105484 9.53705103758 8.78419649635e-18)
(35.4985621332 13.5735803184 2.28809372844e-17)
(37.7672932834 17.1563097599 -6.39643863558e-18)
(39.997189914 20.1642671928 -1.23282295683e-17)
(42.1017279879 22.5570871819 1.44833190166e-17)
(44.0101409972 24.4051487916 -3.35417777622e-18)
(45.6659074059 25.9333139562 -1.75024771345e-19)
(47.0284304636 27.5095673131 9.76824235448e-18)
(48.1007278119 29.5419241142 2.20236066098e-20)
(48.9313613412 32.2455624893 -4.89145932774e-19)
(49.6151346399 35.1758443168 -2.09014476598e-21)
(50.2422975615 37.5748454714 5.08067851885e-18)
(50.7954075844 37.6472936579 1.71671697837e-19)
(51.2240282258 35.162959701 6.30988743087e-18)
(51.4613326501 28.0687570375 -2.03751954483e-17)
(51.499069587 16.9096352577 -2.69892564715e-18)
(52.0113952708 3.23226051085 -7.78330336148e-20)
(51.9534435225 -10.4085212622 -4.61156286648e-18)
(51.5324813183 -21.3853908117 8.42716783532e-18)
(51.0001668018 -27.8132568784 -4.46287793894e-18)
(50.4397342095 -29.0119704406 2.05483738305e-18)
(49.8478262708 -27.8639090665 -1.9201984899e-18)
(49.1263671686 -25.3049341618 4.40573668741e-18)
(48.3518348667 -22.4801889096 -1.53187613657e-18)
(47.5888479226 -20.026418728 -1.28701101224e-18)
(46.8222398243 -18.0705701848 1.47266463099e-18)
(46.0092834159 -16.4812937781 3.09935657971e-18)
(45.1223018418 -15.0803260396 -3.23306635717e-18)
(44.1430859272 -13.756139252 3.78913482699e-18)
(43.0029605286 -12.4805273513 -3.33282418491e-20)
(41.6416526255 -11.1389259423 4.28439326864e-18)
(40.3880386006 -9.24726666583 -4.74275655106e-18)
(40.1825210118 -6.1759325119 3.53430024677e-18)
(41.0701217555 -2.16740888404 -1.12923650906e-17)
(45.1390530923 5.08612814312 -3.97490889415e-18)
(32.1728097695 -26.6091200815 6.52901227985e-18)
(33.4282565368 -27.8152700162 -1.11394582199e-17)
(34.6659088732 -28.8708476855 9.22694895688e-18)
(35.8809197518 -29.7801559547 2.33698690556e-17)
(37.061190832 -30.5517827805 -2.14164349004e-17)
(38.1953639038 -31.1979530412 -3.03797271966e-17)
(39.2736011029 -31.7329157353 1.17244373414e-17)
(40.2867903854 -32.1711316302 1.99765774635e-17)
(41.2266089434 -32.5266923436 4.88766419681e-18)
(42.085311245 -32.813104161 -8.9084396296e-18)
(42.8575882618 -33.04448508 -1.08040058206e-18)
(43.5397058049 -33.2301802071 1.073792193e-17)
(44.1263810605 -33.3726216344 -6.38977783646e-18)
(44.6124090507 -33.4692184751 -4.02045548058e-18)
(44.9934038205 -33.5196139438 8.1273434594e-18)
(45.2659888683 -33.51233412 2.8338627283e-18)
(45.4277822455 -33.4431883756 1.89983577937e-18)
(45.4770713321 -33.3036799525 -9.63152868255e-19)
(45.4139938929 -33.0865148896 0)
(45.2408696563 -32.7884722196 2.93401903198e-18)
(44.9636016071 -32.4078922685 1.24388487171e-18)
(44.5889585456 -31.9442203867 -2.06268090546e-18)
(44.1240308646 -31.3996109453 2.62528794267e-19)
(43.5778991166 -30.7764054443 -2.77265815019e-18)
(42.9591334926 -30.0769308742 -3.49456410659e-20)
(42.2756207651 -29.3032055183 -1.88030885241e-19)
(41.53478806 -28.4567527266 -3.88679683259e-18)
(40.7437202331 -27.5388829945 1.85902299023e-19)
(39.9093627961 -26.5508890989 2.18378814716e-18)
(39.0387373463 -25.4940620105 -6.10285319646e-19)
(38.1388195676 -24.3697962606 -1.95767835817e-19)
(37.2158964654 -23.1797259543 1.84556013797e-18)
(36.2756448515 -21.9245677222 3.41471184907e-18)
(35.3260997523 -20.6003907689 -1.34781830384e-18)
(34.3810996236 -19.1964991793 2.36807692121e-18)
(33.4528746647 -17.7059940842 3.66799369958e-18)
(32.5275405299 -16.1501679176 -2.17316497018e-20)
(31.5508669037 -14.5845746073 -7.08693325373e-19)
(30.4766387917 -13.0417320123 4.5114004594e-21)
(29.3766464127 -11.4291978305 -6.77238216485e-18)
(28.5027903748 -9.49518225728 1.6165977495e-19)
(28.1848661819 -6.95146195216 7.85386421263e-18)
(28.6201435221 -3.67274912704 -4.46963820942e-18)
(29.7654246582 0.216548907777 -8.84175429724e-18)
(31.4275280805 4.43192446079 -4.33137140979e-18)
(33.4168751678 8.66864067462 -4.15404344228e-18)
(35.596856223 12.6812060036 2.76101373111e-19)
(37.8606694805 16.2807578295 -1.24244746107e-19)
(40.1138699734 19.33996691 7.63125451737e-18)
(42.2656645636 21.811481576 3.30606125852e-18)
(44.2357002853 23.7575754921 -1.49266332341e-18)
(45.959758108 25.3947183263 -3.32580676343e-19)
(47.3975908277 27.0781942609 0)
(48.5588452396 29.1994774586 4.30622363373e-18)
(49.5124066662 31.9611954294 -1.88661299207e-18)
(50.3707512622 34.9190599037 -1.15209836881e-18)
(51.2397872292 37.3256573387 4.5796026693e-18)
(52.0625875992 37.452955282 6.94229079638e-18)
(52.7815405113 34.998009078 6.66131568937e-18)
(53.3228661373 27.9807382954 3.45722564718e-18)
(53.6060297287 16.8485445483 8.9642992424e-18)
(54.1791969573 3.22195705608 2.11499348836e-17)
(54.0872202759 -10.3511644788 -1.28986099562e-17)
(53.4953499452 -21.265195964 -4.15725721263e-18)
(52.6366658104 -27.6730796288 1.01944298318e-17)
(51.708467425 -28.876803613 -7.57707296064e-18)
(50.8028536116 -27.7041775409 8.06825942612e-18)
(49.8283950154 -25.1335463095 -2.49151450818e-18)
(48.8674711281 -22.3120176956 1.64878003887e-18)
(47.9778620095 -19.8651335472 -1.35462994339e-18)
(47.1275048328 -17.9099692839 -6.78979842609e-18)
(46.2598405898 -16.3138921696 1.94840174041e-19)
(45.3376913004 -14.9020835285 6.95128681945e-18)
(44.3430017476 -13.5605892411 -5.51287654104e-18)
(43.2172481962 -12.2577008557 -9.63395170093e-18)
(41.8871385198 -10.911604733 6.3707040537e-18)
(40.6090237187 -9.11237137416 -2.28507263231e-18)
(40.2514416653 -6.23071914656 -3.75385730563e-18)
(40.9546469766 -2.49022172168 7.3878381772e-18)
(44.8588700262 4.67254456051 2.09052219563e-17)
(37.606426282 -27.8564406479 -3.31547256065e-18)
(38.6255035132 -29.0267891335 -3.82945455072e-17)
(39.6041660316 -30.0336181059 -2.01907091449e-17)
(40.5419501965 -30.8838541933 5.03155004173e-18)
(41.4326961343 -31.588466314 4.17936667892e-17)
(42.2714403144 -32.1614821377 -1.0188538977e-17)
(43.0541175021 -32.618386248 -2.48468079793e-17)
(43.776685198 -32.9745221799 1.98684646258e-17)
(44.4350704733 -33.2451244289 -6.5849485535e-18)
(45.0248716341 -33.4438400802 3.36644824555e-18)
(45.5444828093 -33.587623213 -2.83498408804e-18)
(45.9905498247 -33.6864058564 -4.08930352671e-18)
(46.3565475867 -33.7396776381 4.54122939229e-18)
(46.6391006468 -33.7433898441 -1.35548072319e-17)
(46.8355988463 -33.6993439869 5.15952555949e-18)
(46.940881469 -33.6066288698 1.01547024836e-17)
(46.9501890471 -33.4518528593 -3.04700608325e-18)
(46.8615094383 -33.228958975 1.29662501431e-19)
(46.6746441951 -32.9338147203 -1.04458907663e-18)
(46.3921085391 -32.5648227076 3.56828654125e-18)
(46.0193947788 -32.1197657965 3.80279297794e-18)
(45.5623414687 -31.601006178 1.70342446006e-18)
(45.0275331257 -31.0098173106 -2.98584042259e-18)
(44.4226775 -30.3479550476 -5.12794801432e-18)
(43.7551208079 -29.6171880988 3.22664656529e-18)
(43.0317037685 -28.818778058 -1.25058474136e-18)
(42.2589583875 -27.9535988793 1.60025772983e-18)
(41.4432441679 -27.0224571006 3.99965572469e-18)
(40.5909085269 -26.0263003014 4.30055238197e-20)
(39.7084690412 -24.9661562532 3.95179134053e-18)
(38.8026472185 -23.8429865616 4.33699160908e-19)
(37.8799040664 -22.6577375086 -4.31188242254e-18)
(36.9458940574 -21.4110018247 -1.71817390166e-18)
(36.0069373959 -20.1005159369 -3.88072717855e-18)
(35.0741495182 -18.7173281716 9.35110811342e-18)
(34.1626387269 -17.2495142218 1.58996696375e-18)
(33.2739824009 -15.7025268488 3.80572032495e-18)
(32.3715734839 -14.1195095054 5.87202690099e-19)
(31.3953925609 -12.5543984026 -6.86026310153e-18)
(30.3510559067 -10.9799907023 -4.65332670263e-18)
(29.4122917593 -9.20939770921 6.04334502134e-18)
(28.9005055563 -6.95141112951 -1.08983160199e-17)
(29.098395825 -3.99783986896 7.28626198537e-18)
(30.0614948431 -0.376943548942 -7.46171234863e-18)
(31.6237303387 3.66731136569 -4.83247460926e-19)
(33.5648157679 7.81636589519 3.7586094277e-18)
(35.7195135748 11.7960056079 3.57992666418e-18)
(37.9763620905 15.4027478757 5.98070823719e-18)
(40.2461797429 18.5038389895 -1.40823995444e-17)
(42.4375391125 21.0472718093 -1.04578324955e-17)
(44.46269368 23.0879298294 -7.98586866161e-18)
(46.2498722658 24.8321230873 -3.36416773084e-19)
(47.7594140117 26.6197449798 -7.70925769913e-18)
(49.0068444343 28.8236194302 2.76938751595e-18)
(50.0801801127 31.6303799912 7.94938492684e-18)
(51.1055146104 34.602304197 3.49194054422e-18)
(52.2068879629 36.9973149399 -8.32664586799e-19)
(53.299045751 37.1832375691 2.90357059564e-19)
(54.3072022317 34.7455331327 -8.07698001253e-20)
(55.1490616261 27.8180282567 4.68710756563e-18)
(55.7118723863 16.7665411073 3.39110717549e-17)
(56.2886892945 3.21573665397 7.16581606682e-20)
(56.1874250224 -10.2701102293 4.58948639658e-18)
(55.440191838 -21.0867705891 -1.20238207947e-17)
(54.2578352532 -27.4437525842 -2.95859622597e-18)
(52.9634080039 -28.6593830009 3.40895276573e-18)
(51.7469976008 -27.4794373395 7.053245616e-18)
(50.5239528743 -24.9134211719 4.57560246065e-18)
(49.3805798701 -22.110035486 4.22167128e-18)
(48.3670438045 -19.6816135499 -7.5211984656e-19)
(47.4343803445 -17.7351442315 6.72398901333e-22)
(46.512821408 -16.1375723438 4.91144939382e-19)
(45.5561374118 -14.7189363116 5.64302338423e-20)
(44.5447246889 -13.3647853233 -3.49378655024e-19)
(43.430315485 -12.0389502015 1.6565388604e-19)
(42.1339955763 -10.6851363441 -3.95523516495e-18)
(40.8296654762 -8.96459042405 2.17376752331e-18)
(40.3462332379 -6.25804717854 -3.82139975085e-18)
(40.8671128262 -2.7817317582 1.01225768845e-17)
(44.5538417064 4.27139597398 -2.25268928595e-17)
(42.8674828044 -28.8172300943 1.71457780129e-17)
(43.6358689467 -29.9280959329 -2.99893780964e-17)
(44.3465729704 -30.8708973912 9.54885216366e-18)
(45.0041705783 -31.6550929864 -2.72094030828e-17)
(45.6082845959 -32.2933667921 -4.64325144374e-17)
(46.1594318382 -32.8001511554 1.16294679718e-17)
(46.6578069868 -33.1909282881 2.09618911562e-17)
(47.1032629839 -33.4802142845 1.30142371306e-17)
(47.4955161856 -33.6845470023 6.46121285179e-20)
(47.8334613633 -33.8156127683 -2.63638301639e-18)
(48.1165513354 -33.8935088434 1.22482273813e-17)
(48.3401129331 -33.917992615 -1.34566007859e-18)
(48.499741146 -33.8986203849 -5.2660650663e-18)
(48.5919612082 -33.8425680246 -6.20532611063e-18)
(48.612597045 -33.7338037402 -4.87998037371e-18)
(48.5564998535 -33.5681683935 5.26866695058e-18)
(48.418365828 -33.3414507326 9.36520893503e-20)
(48.1961041717 -33.0498998209 -2.09585278856e-18)
(47.8895252558 -32.6914081835 1.70559283386e-19)
(47.5018569453 -32.2632492114 2.82847851669e-18)
(47.0377044103 -31.7666183661 2.93681096426e-18)
(46.5014302737 -31.203572975 -8.19655087989e-20)
(45.8995502925 -30.5753027464 -5.04578513791e-18)
(45.2384571634 -29.8831702216 1.15336333484e-18)
(44.5242289939 -29.1283341098 8.70461453405e-19)
(43.7626837694 -28.3114645655 -2.91002166411e-19)
(42.9595130314 -27.4329729803 -5.46205905471e-19)
(42.1204326805 -26.4933217742 -1.44575601854e-18)
(41.2512863997 -25.4932115578 1.64924066768e-18)
(40.3581253561 -24.433498535 2.82867211142e-19)
(39.447274918 -23.3149036158 -2.90287374923e-18)
(38.5251177986 -22.1378505447 1.30459369681e-18)
(37.5974629565 -20.9024609116 -4.97026057932e-19)
(36.6698403731 -19.6073052156 -2.59142057139e-18)
(35.7507174568 -18.2457028109 1.34853267039e-18)
(34.8543338084 -16.8048234318 -2.69542228282e-18)
(33.9917039218 -15.2791331777 3.9601968224e-18)
(33.1461889669 -13.6950198796 5.42336270962e-19)
(32.2634762075 -12.1088784857 -5.35638514653e-18)
(31.3054826928 -10.5400590987 -3.0987733378e-18)
(30.3606898984 -8.87474048861 -3.69282811691e-20)
(29.6991031235 -6.8563674508 -1.73645520172e-19)
(29.654712378 -4.22452653835 3.8676802109e-19)
(30.3981273154 -0.902955234396 -9.41932813181e-20)
(31.832246916 2.93629210856 -3.63192145388e-18)
(33.7211869657 6.97889190462 6.6672835789e-18)
(35.8572393271 10.9169030622 -8.76741221049e-18)
(38.1096838172 14.523611371 -2.04167677587e-18)
(40.3914059035 17.6586508956 -2.46393195997e-18)
(42.6143369395 20.2672699095 -7.71310681343e-18)
(44.6871305777 22.398500439 2.30839944167e-19)
(46.5316327951 24.2472184604 2.06259131627e-18)
(48.108800986 26.135438214 -1.22284024593e-17)
(49.4395090824 28.415427364 -2.6936390489e-18)
(50.6301461035 31.2549897041 -2.63154823241e-18)
(51.8153127891 34.2282368117 1.10490912483e-17)
(53.1341638378 36.5953347731 -5.7732569531e-18)
(54.4859297589 36.8351203049 -2.3643005559e-18)
(55.7832578599 34.4078631103 -2.72499696225e-17)
(56.922806634 27.5819204987 -2.34566530915e-18)
(57.7698995892 16.6400225418 1.45948850938e-17)
(58.36133169 3.1998994464 2.63703641861e-19)
(58.263648252 -10.1594829113 -2.87128119523e-17)
(57.3507639648 -20.8483307619 3.72979110042e-21)
(55.8442327645 -27.1302539028 -9.75780137504e-18)
(54.1934244074 -28.3646725596 1.17062544266e-17)
(52.6738099808 -27.1902308559 -6.38971576677e-18)
(51.2081554201 -24.6452443688 -3.4500627939e-18)
(49.8878685189 -21.8751906798 -3.457357255e-18)
(48.7543947873 -19.4765796427 2.30036737762e-18)
(47.7415775593 -17.5465159644 7.77750857746e-18)
(46.7672263628 -15.9525924202 3.84312127758e-18)
(45.7768432978 -14.5309138664 -5.270180971e-18)
(44.748033011 -13.1683905038 3.61189102873e-18)
(43.6419189517 -11.8240807159 7.31267613592e-18)
(42.3783146975 -10.4598571384 -9.92743396721e-18)
(41.0571886012 -8.80439195216 1.41237584104e-21)
(40.4583738354 -6.2595784366 3.82163996606e-18)
(40.8100492645 -3.03756750593 7.48409441455e-18)
(44.2388641729 3.88760185994 -4.37370475607e-18)
(47.8643944739 -29.4767736831 2.07522835566e-18)
(48.3706678168 -30.5118485258 -1.9294221138e-20)
(48.8110357928 -31.3831642005 -8.42563460173e-18)
(49.1939071034 -32.1019501151 4.08404430817e-18)
(49.5232172888 -32.6809131784 1.70516231304e-17)
(49.8036125789 -33.1328358527 -4.37928816539e-18)
(50.0379863259 -33.472433148 -5.36151566013e-19)
(50.2276051212 -33.7124397667 2.21077549617e-18)
(50.3742618728 -33.8668384832 7.35387841406e-18)
(50.4812712139 -33.9491299989 -5.98296690377e-18)
(50.5461443096 -33.9901892385 -5.39040854815e-18)
(50.5631794778 -33.970254215 4.78330238695e-18)
(50.5311802187 -33.9045396939 -8.32851182888e-18)
(50.4466567558 -33.7894532614 2.8452937065e-19)
(50.3030842645 -33.6228953514 8.27258070026e-18)
(50.0946310596 -33.4006090269 -2.68374513614e-19)
(49.8168936064 -33.1180712795 -2.0210429717e-19)
(49.4677414413 -32.7720907114 -1.55701026698e-20)
(49.0487520039 -32.3621750855 1.31364211369e-18)
(48.5623023957 -31.8879749538 -2.38397079296e-18)
(48.0110918858 -31.3519971777 -2.88940773125e-18)
(47.4004409018 -30.7552739385 1.39834145542e-18)
(46.7356332037 -30.0990977803 6.44050255323e-20)
(46.0216977154 -29.3846037291 -1.91193242218e-18)
(45.2635974084 -28.612477667 6.89668710222e-19)
(44.4662341872 -27.7830015293 -1.65457636074e-19)
(43.6345668001 -26.8963214892 3.76872339205e-19)
(42.7737641802 -25.952709342 1.20933514186e-18)
(41.8892476868 -24.9527042008 1.72597370462e-18)
(40.9866664173 -23.8970259988 -3.1456203795e-19)
(40.0719098589 -22.7862479195 4.82907501484e-18)
(39.151060115 -21.6204601729 5.76354729741e-19)
(38.2299611499 -20.3992720263 1.11013194959e-18)
(37.3139293084 -19.1214234376 3.04368233079e-18)
(36.4095918848 -17.7820817206 -2.53910275092e-18)
(35.5286576367 -16.3698262425 1.04501643021e-18)
(34.6857961955 -14.8735410263 -4.36501975343e-18)
(33.8809459418 -13.3042825529 3.50433656552e-18)
(33.0771961796 -11.7082313068 3.9626435528e-18)
(32.2184225097 -10.1285268626 -1.79719106529e-18)
(31.3188680839 -8.51690964868 -5.94156194933e-18)
(30.5668623418 -6.67961890894 7.88662276025e-18)
(30.2989591903 -4.34612727617 -6.07268839824e-18)
(30.7906456377 -1.3461502685 1.17247222485e-17)
(32.0535501951 2.24826951515 -9.30555368285e-18)
(33.871941283 6.15701666361 -5.94548664841e-18)
(35.9935542395 10.0416396027 -2.78124263115e-18)
(38.2493502022 13.6429980903 -3.10741711884e-19)
(40.5430555563 16.8064513735 1.75126434852e-17)
(42.7912456364 19.4743422408 5.13441078661e-18)
(44.9039134244 21.6917951907 3.32911515728e-18)
(46.7995625046 23.6418141119 1.31357505779e-18)
(48.4399438393 25.6265874137 2.94084032426e-19)
(49.8509534403 27.9757948608 -1.60130141168e-17)
(51.1561973261 30.836760819 -1.06625795869e-17)
(52.4950203113 33.7996364 -9.90264079419e-18)
(54.0150266954 36.124617979 4.99659709497e-18)
(55.6112674035 36.410097994 -1.4441939707e-17)
(57.1936749539 33.9889318917 -1.05601748573e-17)
(58.635039659 27.2691536391 6.92940213763e-18)
(59.7491560801 16.4618239054 -3.90457022483e-17)
(60.3910730142 3.17649203544 -4.5701159288e-17)
(60.2949002738 -10.0168339302 -1.21192123077e-17)
(59.2004861283 -20.5465528031 2.72663546982e-18)
(57.3770422691 -26.7310125274 -1.63728355649e-17)
(55.388065665 -27.9944454369 -1.54615416305e-17)
(53.5761549844 -26.8395888164 1.30168148048e-18)
(51.8759483935 -24.3312171086 -9.79081667255e-18)
(50.3863220769 -21.6088193841 3.28986918786e-18)
(49.1381223161 -19.2508368762 2.84426980768e-18)
(48.0479021317 -17.3445325119 1.36208205259e-19)
(47.0221226766 -15.7592298474 -1.96539590443e-19)
(45.9990310012 -14.3381154962 1.61934122603e-18)
(44.9526669888 -12.9711153367 -1.79523657243e-18)
(43.8517791167 -11.6127824073 -6.37121712016e-20)
(42.6197952263 -10.2369839455 3.72857483108e-18)
(41.3058588366 -8.63437318205 -6.44275399431e-18)
(40.5787421827 -6.2367402187 4.02980168492e-18)
(40.7856037671 -3.26052074935 -7.60744817348e-18)
(43.9184160861 3.52491324838 3.91039668087e-19)
(52.5030674462 -29.8214108307 -5.62525960748e-18)
(52.747867175 -30.7762288167 -8.64032963482e-18)
(52.9260281643 -31.5789828422 1.47077655118e-17)
(53.049669333 -32.2410414274 8.97798200352e-18)
(53.1255839774 -32.7729638992 -1.967938786e-17)
(53.1602127299 -33.1844685942 -1.55379469849e-17)
(53.1578488714 -33.4871698492 1.34350295975e-17)
(53.120221353 -33.6971994804 -1.61575420063e-17)
(53.0483270854 -33.8292289503 3.11646642091e-18)
(52.9435567731 -33.8968185021 2.55342888748e-17)
(52.8066110489 -33.8890721714 -8.65681966033e-18)
(52.6375955235 -33.8334966238 1.10058761391e-18)
(52.4330994616 -33.7327055174 -5.97474483292e-18)
(52.1869072996 -33.582644755 -3.50417838733e-18)
(51.8917600385 -33.3772609095 8.08394441427e-18)
(51.541890513 -33.1124080933 -1.24260270076e-18)
(51.1342191769 -32.7862757216 1.48513754046e-18)
(50.6680270598 -32.3986559414 1.9694073541e-18)
(50.1442129665 -31.9501095976 -2.99494126829e-18)
(49.5652215907 -31.4431081333 -2.03634421678e-18)
(48.9343152301 -30.8785768678 -2.35778061654e-18)
(48.2553950653 -30.2578854169 9.73822217205e-19)
(47.5325109861 -29.5824237495 -2.68651009752e-21)
(46.7697008283 -28.8530476798 1.45080663397e-18)
(45.9709997665 -28.0701163046 3.97479685847e-18)
(45.1405353181 -27.2337084044 -2.92549104488e-19)
(44.2826704928 -26.3438635995 -2.46457680983e-19)
(43.4021188885 -25.4007851235 -6.10399695076e-19)
(42.5039357625 -24.4049185463 2.95201026804e-18)
(41.5934176891 -23.356857418 1.80340387899e-18)
(40.6760376188 -22.2570452555 -1.92604430924e-18)
(39.7574578591 -21.1053653053 -1.02549819706e-19)
(38.8433414096 -19.9010288218 2.6234855785e-18)
(37.9389636417 -18.6426023973 -1.17855993651e-18)
(37.0499556835 -17.3263751013 3.73144457919e-18)
(36.1854036978 -15.9430436584 -6.09456109116e-18)
(35.3596209882 -14.4801584434 8.74560766785e-19)
(34.5829693934 -12.9381822019 6.76360616967e-19)
(33.8391253953 -11.3480694746 2.66037812166e-18)
(33.0755978242 -9.75649344796 -1.8794206054e-18)
(32.2559692604 -8.16126872427 6.22882038143e-19)
(31.4773069613 -6.44270535788 4.40472017773e-18)
(31.0306262231 -4.36341904111 2.40287179751e-18)
(31.258454309 -1.69068944235 -1.18225710972e-19)
(32.300177251 1.61899207123 5.52072107846e-18)
(34.0085306361 5.35594367496 -5.15765773241e-18)
(36.1075041696 9.16829436932 4.57849009923e-18)
(38.3759099767 12.7587655468 1.83189333577e-18)
(40.6883481445 15.9478401011 3.90068453823e-18)
(42.9600881032 18.6709759474 3.45738507752e-18)
(45.1063094634 20.9704793927 2.74823761794e-18)
(47.047160577 23.0179693397 -6.75228827275e-18)
(48.7463131082 25.0947697671 1.09920205512e-17)
(50.2347686777 27.505772305 -3.61456038408e-18)
(51.6508880198 30.3777662142 1.24090649507e-17)
(53.137564967 33.319639792 -1.74092601429e-19)
(54.8427189495 35.5908983917 4.87118492384e-18)
(56.6694575144 35.913351178 1.64624670677e-19)
(58.5257856802 33.4890654602 4.18649015942e-17)
(60.2701654483 26.8783649492 8.82774623561e-18)
(61.6350403329 16.2333121094 3.21814194191e-18)
(62.3774879489 3.14299454746 -9.32391402983e-17)
(62.2487026985 -9.84419021613 5.22153316249e-17)
(60.9587120857 -20.1835812053 -8.92867591659e-18)
(58.840094642 -26.2511433228 -9.78647754234e-18)
(56.5374740519 -27.551302429 3.36447431742e-18)
(54.4459812869 -26.4269433334 -5.86084352551e-19)
(52.5226713728 -23.97153186 7.14548066945e-18)
(50.873512473 -21.3112477353 6.1886077938e-18)
(49.5166559263 -19.004383404 -4.71784794073e-19)
(48.3522159252 -17.1289489936 -4.05177168436e-18)
(47.2766184753 -15.5572277924 -5.66446389102e-18)
(46.2219653322 -14.1402982906 -6.00213305933e-20)
(45.1582242013 -12.7724643533 -1.73307956546e-18)
(44.0600388129 -11.4046368948 5.31544854011e-18)
(42.8584900017 -10.0174534428 3.56635450622e-18)
(41.554533585 -8.45594161356 8.39741497972e-18)
(40.7204456297 -6.19154047805 -3.9858582635e-18)
(40.7862237719 -3.45039487784 7.06926249304e-18)
(43.5961690808 3.18701465963 -8.45770199011e-18)
(56.6993984581 -29.8463581006 9.62644769729e-18)
(56.6973565005 -30.7288885492 3.45505661472e-17)
(56.6356713355 -31.4754241518 -2.85346580262e-17)
(56.5276973412 -32.0952459656 6.7084444502e-18)
(56.3807245023 -32.5955467454 2.06388123066e-17)
(56.2006666245 -32.9829268221 -1.36198315369e-17)
(55.9909922132 -33.2651756474 6.54837084899e-19)
(55.7529598477 -33.4529237281 3.0504996458e-18)
(55.4881073887 -33.5601321004 -5.53725532436e-19)
(55.1986373052 -33.6017436471 -3.61733694571e-18)
(54.8874117007 -33.5906180539 9.55511881876e-18)
(54.5549927673 -33.5273342425 1.17538967752e-18)
(54.195806403 -33.4095634018 -7.12470563014e-18)
(53.8020140384 -33.234455666 -3.60951164565e-18)
(53.3671925955 -32.9994378005 4.50518707618e-18)
(52.8873522463 -32.7034739851 3.871334337e-18)
(52.3608244099 -32.3468142733 -1.82467687824e-19)
(51.7875970939 -31.9309899463 1.53726111762e-18)
(51.1688935081 -31.4576921676 -4.91244656826e-18)
(50.5068085791 -30.9287794308 -4.77925204278e-18)
(49.803865129 -30.3459393824 2.12205135672e-18)
(49.0629912016 -29.7107319635 4.71821041046e-18)
(48.2873163418 -29.0243176943 -9.44436510282e-19)
(47.4800128199 -28.287334537 -1.17807069021e-18)
(46.6443563496 -27.5000019206 1.06959097147e-18)
(45.7838750269 -26.6623495561 -8.87185770946e-19)
(44.9024731998 -25.774430816 -1.56958086564e-18)
(44.0044877714 -24.8364614389 2.54081310958e-18)
(43.0946382885 -23.8488390895 -3.95410414538e-19)
(42.1778872469 -22.8120354262 -3.80215642296e-18)
(41.2593208952 -21.7263528973 -3.56598841758e-18)
(40.344154601 -20.5915225236 1.26397861646e-18)
(39.4377011448 -19.4064920145 -2.84815275657e-18)
(38.545117531 -18.1695760178 -1.18533615968e-19)
(37.6715720223 -16.8775846866 8.07734554988e-19)
(36.8242024402 -15.5230613295 -7.77319067042e-18)
(36.0150763614 -14.0945839522 3.72774593864e-18)
(35.2587573534 -12.587247214 -3.31855930899e-18)
(34.5559287114 -11.0179987413 4.50922554946e-18)
(33.870949569 -9.42436873387 4.40534428642e-18)
(33.1448831082 -7.82753461741 -9.54649732755e-20)
(32.3952211488 -6.1743574853 1.18110888717e-19)
(31.8344954084 -4.28936991727 -4.03720010995e-18)
(31.8178900777 -1.9224822593 -2.47469108061e-18)
(32.5976296062 1.07374303051 7.05728640893e-18)
(34.1369439448 4.58986771041 -2.23322616906e-18)
(36.1818212231 8.2979104388 -1.03360848149e-19)
(38.4638910015 11.8667095743 -8.1607824892e-18)
(40.8065358354 15.080073262 -5.34421141843e-18)
(43.1072940442 17.8573185083 -3.56899927822e-18)
(45.2849383184 20.2359822606 3.79722183465e-18)
(47.2665608052 22.3769878277 -1.90927082417e-18)
(49.0206056726 24.5408626537 6.2636111774e-18)
(50.5839592014 27.0061683255 1.09841100356e-17)
(52.1060382929 29.8796259743 4.62699861169e-18)
(53.7344296626 32.7908024124 4.12005271749e-18)
(55.6099866202 35.0001126197 1.31620678144e-17)
(57.6537317083 35.3402204966 1.94093516683e-17)
(59.7686210449 32.9184217237 -2.65423763314e-17)
(61.7983681133 26.4158850406 2.77305808348e-19)
(63.3910284154 15.9581653315 -4.45358333465e-17)
(64.2328038379 3.09699154929 5.90032088096e-17)
(64.047341049 -9.64995246586 3.90038859573e-18)
(62.5977002332 -19.7703226415 -1.8089967216e-17)
(60.2222149002 -25.7013424812 2.07286559241e-17)
(57.6315381322 -27.0401844771 1.01550735934e-18)
(55.2750332368 -25.9503275186 2.63541831393e-18)
(53.1440935617 -23.5659806306 -2.93483503614e-18)
(51.3471210722 -20.9827129801 3.0659884296e-18)
(49.8882773223 -18.7370517517 -2.91544340841e-18)
(48.6532400901 -16.8993141758 -2.53418443429e-18)
(47.5297434136 -15.3461067391 -8.8847614414e-21)
(46.4448656413 -13.9370364876 -5.38687406877e-18)
(45.3642527271 -12.5718353475 2.43912822184e-19)
(44.2666840508 -11.1989976687 -1.71727025993e-18)
(43.0932220736 -9.80171191152 -2.60725313289e-20)
(41.8069245659 -8.2701441266 8.01449927015e-18)
(40.8809067475 -6.1245659056 1.33023115693e-19)
(40.8071987827 -3.60320730195 3.85720846567e-18)
(43.3015707893 2.87929147516 -1.4623747733e-17)
(60.3921691696 -29.5828765252 1.65367750667e-17)
(60.1743052123 -30.4089786009 5.24824251746e-18)
(59.9072958276 -31.1160933252 -1.11590387011e-17)
(59.6035266012 -31.709979206 3.39511260616e-18)
(59.2690289074 -32.1933678276 1.02451714479e-17)
(58.9079158231 -32.5685329474 -8.15899014713e-18)
(58.5221385236 -32.8409262637 5.85471221423e-18)
(58.1125801023 -33.0215503495 3.45681874803e-19)
(57.6825300228 -33.127083488 -7.05873040345e-18)
(57.2372418812 -33.1706724455 1.17378564447e-19)
(56.7785666528 -33.1564353074 1.60697225527e-17)
(56.3030955466 -33.0847670602 8.92295037221e-20)
(55.8045595115 -32.9545639363 -8.91165568379e-18)
(55.2771991559 -32.763723619 1.45206436678e-18)
(54.716824409 -32.5107270228 4.43331646273e-19)
(54.1210117642 -32.1960022934 8.66309970234e-19)
(53.4890210935 -31.8212597049 -2.07502666744e-18)
(52.8212234322 -31.3888304372 -1.63798446942e-18)
(52.1186790164 -30.9009998062 -3.03769351117e-18)
(51.3829623229 -30.3599776828 3.97218381724e-18)
(50.6159866498 -29.7676745726 2.39333226948e-18)
(49.81991033 -29.1256245135 -5.37940319985e-18)
(48.9970829632 -28.4349048134 -1.06133327366e-18)
(48.149999348 -27.6961120909 2.30111610676e-18)
(47.2813892654 -26.9094905467 8.34200019037e-19)
(46.3943565117 -26.0751542565 -2.79304297145e-19)
(45.4924595019 -25.1932659168 4.11593136744e-19)
(44.5797156875 -24.2641144486 -1.67128102066e-18)
(43.6605205798 -23.2880884459 -2.57072850236e-18)
(42.7394970019 -22.26555113 -1.24845084344e-18)
(41.8213594839 -21.1966595163 1.54385809644e-18)
(40.9108924442 -20.0810093516 2.78798510866e-18)
(40.0129798369 -18.9173773022 -3.85994153822e-18)
(39.1325210816 -17.7038711528 5.28521677843e-18)
(38.2744274111 -16.4374875043 -3.85472452957e-18)
(37.4446710239 -15.1120595375 2.2488346594e-18)
(36.6528775954 -13.7180010844 2.6626644473e-18)
(35.913350259 -12.2489149315 -3.14896830486e-18)
(35.2363879145 -10.7116846 4.02514158221e-20)
(34.6060686545 -9.12897335284 2.98192865125e-18)
(33.9662292166 -7.52628543876 -2.29041884962e-18)
(33.2836320453 -5.90237720419 -9.51352354064e-18)
(32.6824751818 -4.15363005254 1.67672915143e-18)
(32.4749282185 -2.04650688443 2.15586229163e-19)
(32.978465685 0.638184994714 -4.30706145024e-20)
(34.2829052019 3.89173550364 3.98496986299e-18)
(36.2138420023 7.44952292933 9.30865231561e-18)
(38.488647769 10.9723266496 1.19205673855e-19)
(40.869770181 14.2041159052 -7.48443094856e-19)
(43.2126257026 17.0354742116 5.46756838472e-18)
(45.4272996833 19.4920431612 8.39453535037e-18)
(47.4492312454 21.7230245045 4.31933181728e-18)
(49.255921748 23.9687556918 2.15256334605e-18)
(50.892144817 26.4808850031 -3.28036711145e-18)
(52.5145852411 29.3470850748 -8.40898499354e-18)
(54.2780963831 32.2179515948 -1.01863477351e-17)
(56.3109390657 34.3566942731 -5.08735192341e-18)
(58.5562418904 34.7003417992 4.76904989682e-18)
(60.9134960749 32.2760804777 -2.86946800771e-17)
(63.1991433721 25.8821241948 -9.62334518525e-18)
(64.9924234121 15.6309479621 -4.86423743302e-17)
(65.927349366 3.03479857731 1.43802350053e-17)
(65.6809576314 -9.42844160311 -1.27616780232e-17)
(64.1084417016 -19.3013561065 1.84138945146e-17)
(61.5123870662 -25.0890029153 1.34967446752e-17)
(58.6600815344 -26.4679809726 1.40542745435e-17)
(56.056041291 -25.4228739532 -9.89050856376e-19)
(53.7355723722 -23.124083566 -6.30937529867e-18)
(51.804013153 -20.629540523 -5.8701205821e-18)
(50.2507887709 -18.4532188112 -6.01967259724e-19)
(48.9494514387 -16.6587099887 4.39053145556e-18)
(47.7803874201 -15.1280138773 3.83218302194e-18)
(46.6668340788 -13.7297671561 -7.09385973688e-18)
(45.5702430244 -12.3699625743 1.65578482636e-18)
(44.4714818734 -10.9958974536 -4.94906716417e-18)
(43.3234201595 -9.5904384041 2.090310975e-20)
(42.0675414876 -8.08075810904 -3.85912075416e-18)
(41.0628863783 -6.03848364812 9.64581231927e-21)
(40.8396214054 -3.72123125542 1.71096159738e-17)
(43.0384159491 2.59851087109 2.0364616099e-18)
(63.5298086386 -29.1025482759 -4.33386515409e-18)
(63.1398216028 -29.8938045901 2.58811713556e-18)
(62.7096664415 -30.5804829168 7.12624089795e-18)
(62.2494553646 -31.1642249007 6.31050928174e-18)
(61.7636510998 -31.6427112947 -1.01290493968e-17)
(61.2553861404 -32.0156128436 -7.70548058287e-18)
(60.7265390166 -32.287093324 6.11688549198e-18)
(60.1789156059 -32.4688258855 6.69080668027e-18)
(59.6161261412 -32.5832726151 1.23097000899e-18)
(59.0423920858 -32.6375105247 1.62367001038e-18)
(58.4580224367 -32.632611036 1.2579562309e-18)
(57.8591536608 -32.5657186554 -8.8178479775e-18)
(57.2406830593 -32.4344744027 8.71800701891e-20)
(56.5987983655 -32.237677999 -2.34796738037e-19)
(55.9310105878 -31.9757144942 -5.66012782247e-20)
(55.2361650331 -31.651028628 -1.8647445413e-19)
(54.5142442698 -31.2665456711 7.69832800882e-18)
(53.7657216491 -30.8252116299 2.74800500952e-18)
(52.9913963268 -30.329729503 -6.66826170685e-18)
(52.1924086164 -29.7825122331 6.93288575805e-20)
(51.3701508309 -29.1856512131 9.42126552476e-19)
(50.5262129092 -28.5408025042 -2.81356589467e-18)
(49.662405134 -27.8491300368 8.24016914271e-19)
(48.7807784339 -27.1113397996 2.54961763129e-18)
(47.8837089393 -26.3278352116 -3.21941827349e-18)
(46.9740094549 -25.4989247975 -5.23837158188e-19)
(46.0549732163 -24.6249584586 7.77408836341e-19)
(45.1303406993 -23.7063500636 0)
(44.2041945073 -22.7435214745 3.84198996179e-19)
(43.2808191869 -21.7367519145 1.58148952703e-18)
(42.3645666696 -20.6860735945 2.76660520666e-18)
(41.4598159843 -19.5909539162 -7.46433174857e-19)
(40.5710238095 -18.4500560608 -7.72012449528e-19)
(39.7027508414 -17.2613532409 3.84767530601e-18)
(38.8596655221 -16.0219160767 -1.55475990624e-18)
(38.0470769653 -14.7264638071 4.21512541449e-18)
(37.2727979451 -13.3672896957 3.3956099062e-19)
(36.5490655478 -11.9387646888 -3.75122340578e-18)
(35.8889643935 -10.4419589931 -3.2157933168e-18)
(35.2906288856 -8.88261775781 -3.45412809585e-19)
(34.7148718033 -7.26996898261 -2.61785647237e-18)
(34.1122236052 -5.64531005673 -6.55068011534e-18)
(33.5332266556 -3.99164269652 5.21187460646e-18)
(33.2087529479 -2.11961481646 -1.22658621353e-18)
(33.4616249169 0.254275433746 -1.51954381622e-18)
(34.4899128743 3.23509558651 2.97575275047e-18)
(36.2265791408 6.609849455 7.01734279355e-18)
(38.4300443052 10.0600545146 6.43359222542e-18)
(40.8279746921 13.3021855342 2.81744152862e-18)
(43.2209619869 16.1903301373 -5.65647000042e-19)
(45.4878932349 18.7275940108 6.89546508456e-18)
(47.5610036306 21.0473599035 3.95579019426e-18)
(49.4260915351 23.3708578322 4.60341860548e-19)
(51.1374293651 25.9238832849 -2.32437229494e-18)
(52.8556897303 28.7768867782 -5.86340829242e-18)
(54.7455714656 31.6024005791 6.21050174284e-19)
(56.9238872208 33.6778734056 -1.26648210455e-17)
(59.3525502375 34.0067211728 -9.20100712429e-19)
(61.929885664 31.5932533419 3.1289078914e-17)
(64.4314010925 25.3278215237 -1.75346437835e-17)
(66.3809683927 15.3223987242 5.27175017074e-17)
(67.3939362281 3.04752258283 -3.52857019468e-17)
(67.1646471793 -9.1053592968 1.41585886279e-18)
(65.4742022677 -18.7341550059 3.88651671724e-17)
(62.6873857014 -24.4021992745 -7.20203604943e-19)
(59.6083294892 -25.8534284895 1.16247371016e-17)
(56.7806041157 -24.8721647419 -1.34024108671e-17)
(54.2918037805 -22.6661983281 2.93240655304e-18)
(52.2408140685 -20.2668702183 -5.2915100888e-18)
(50.6020468056 -18.1642654734 2.89874274965e-18)
(49.2394864867 -16.4157242104 6.56487834675e-18)
(48.0277090184 -14.9094806683 3.90141882649e-19)
(46.8872473829 -13.5234059754 -4.73305982464e-18)
(45.7759408716 -12.1703514018 1.83244996152e-18)
(44.6747352934 -10.7975140185 -5.4863330354e-19)
(43.5489989952 -9.38485263316 4.31398928217e-19)
(42.3241866583 -7.89049353179 -1.61398846376e-18)
(41.2741385667 -5.94195628197 2.09979663605e-19)
(40.8797248139 -3.81112290363 1.02217148802e-17)
(42.8200528217 2.33524064403 -8.48455489253e-18)
(51.297503041 0.123604833217 1.82585636219e-18)
(51.2817119673 0.381049193553 -2.77598223456e-18)
(51.244658656 0.660798066744 -1.97213805028e-18)
(51.1886637417 0.964715673786 -1.24674075835e-18)
(51.1146389279 1.29473578087 1.43606490101e-18)
(51.0218799303 1.65330358898 -2.54516680479e-18)
(50.9092800676 2.0436337819 4.32527150535e-19)
(50.775929146 2.47001817215 2.28629274275e-18)
(50.6211263311 2.93831141448 -1.54452781449e-18)
(50.4444570483 3.45659926545 4.16818532192e-18)
(50.2461806761 4.0359628805 5.09570892228e-18)
(50.0280086602 4.69136525398 -3.97214013212e-19)
(49.7941666167 5.442678697 2.76527425994e-20)
(49.553746813 6.31623403723 -9.49237217646e-20)
(49.3222003368 7.34573384047 -1.15957949799e-18)
(49.1317719513 8.57541726434 -5.58831793357e-18)
(49.0224124519 10.0547545976 3.90887165702e-18)
(49.107809357 11.8571820676 -2.5711651241e-18)
(49.4305529914 13.995291126 4.40064805223e-18)
(50.3717987892 16.6202323312 -1.5677223149e-17)
(51.2983425197 0.134616163976 4.02190018232e-19)
(51.2875834038 0.413491067982 1.32319930424e-18)
(51.2618250551 0.713756689551 8.00776950651e-19)
(51.2230305001 1.03772630776 7.11437923466e-19)
(51.1725987811 1.38767337002 -8.6053873422e-19)
(51.1109048677 1.76620924931 6.48756990007e-19)
(51.0381870738 2.17655715529 5.03164188032e-19)
(50.9551229337 2.62280649764 -3.97600005545e-18)
(50.863014392 3.11026114834 -1.47912820129e-18)
(50.764045533 3.64594994523 -1.83836354659e-18)
(50.6617768901 4.23907303324 8.08054621586e-19)
(50.5619675052 4.90139269379 -6.24511346393e-19)
(50.4739106762 5.64755784977 -1.96300975859e-18)
(50.4122133153 6.4955563847 -3.63758131875e-18)
(50.3986518539 7.46611661687 4.12811253137e-18)
(50.4675617294 8.58294969203 2.05126026826e-18)
(50.665073121 9.86571689066 6.4729084803e-18)
(51.0669857063 11.3378992938 3.88672029722e-18)
(51.7514566778 12.9723822902 -1.84179270622e-18)
(52.9124916572 14.7993690322 0)
(51.2989810381 0.141196223649 -1.53831760025e-18)
(51.2924272217 0.432669981388 1.12546547675e-18)
(51.2771809512 0.744439070152 -8.77789202433e-19)
(51.2550047126 1.07900058722 9.34597205977e-19)
(51.2274859776 1.43865444132 -7.83435358381e-19)
(51.195760384 1.82579353979 -9.20977008632e-20)
(51.1610961376 2.24325979352 -1.44288109307e-18)
(51.1253355556 2.69456911055 1.41244490244e-18)
(51.0912087139 3.18380364913 -2.67961723396e-19)
(51.0626301139 3.71638001262 -1.3179700306e-19)
(51.0450586721 4.29902934237 7.81424244961e-19)
(51.0462133126 4.93976907247 -1.46461921048e-19)
(51.0772414449 5.64787136769 -1.29470553777e-18)
(51.1539842382 6.43341204806 5.32796387082e-19)
(51.2981112208 7.30631951046 -2.08317467931e-18)
(51.5398874702 8.27495831882 7.52447649788e-18)
(51.9178074036 9.34178692288 -1.45700955816e-18)
(52.4886346807 10.5020321561 -6.59472874938e-18)
(53.3040690252 11.7284793592 -4.52763986353e-18)
(54.5062161501 12.9731029182 1.54860661987e-17)
(51.2997391756 0.144509658535 -3.90785581986e-19)
(51.2972212754 0.442314132692 1.6528458502e-18)
(51.292001083 0.759321826436 -1.27554099634e-18)
(51.2855433641 1.09774160964 -4.66193658547e-19)
(51.2793965173 1.45963458429 5.29491643272e-20)
(51.2752272152 1.84699237518 1.91682456775e-18)
(51.2751781121 2.26201429945 -5.57144866021e-19)
(51.2816241624 2.70726092263 1.66774934832e-18)
(51.2980176149 3.18574865044 1.82329568269e-18)
(51.3293486739 3.70108559497 -4.64078270468e-19)
(51.3817681945 4.25744500243 2.16630636307e-18)
(51.4634696718 4.85945266678 -6.3190985055e-20)
(51.5855134415 5.5118797548 4.91173120475e-18)
(51.7624970428 6.21888326815 2.91483709306e-18)
(52.0131151635 6.98295893541 1.56049527029e-18)
(52.361514449 7.80337637554 2.23387074495e-18)
(52.8360545776 8.67336308752 -1.04507164212e-17)
(53.4747937499 9.5770850715 -2.4816984795e-18)
(54.3052787091 10.4840032806 5.67237285014e-18)
(55.4019796272 11.3375958214 1.0703430328e-17)
(51.3002081339 0.14499024128 -3.91966805859e-19)
(51.3017933959 0.443050367104 -8.05284004317e-19)
(51.3055792125 0.758933700269 8.29544251636e-19)
(51.3131259031 1.09452239128 -1.23881674895e-18)
(51.3259851702 1.45144830343 5.86421455537e-20)
(51.3460301425 1.83123898493 1.44517536947e-18)
(51.3757034526 2.23541863852 1.87485746611e-18)
(51.4180001338 2.66556113454 1.69030033693e-18)
(51.4767411319 3.12366395037 -2.39233081286e-18)
(51.5568174102 3.61166008803 3.51186119686e-19)
(51.6643482601 4.13155585426 -3.32532907736e-18)
(51.8071127773 4.68529651294 1.13308644392e-18)
(51.9949441868 5.27426685072 7.40862321417e-19)
(52.2400814663 5.89860314262 -4.57006453631e-18)
(52.5573229105 6.55625533954 4.31522099516e-18)
(52.9644256358 7.24172923604 1.00922857304e-18)
(53.480666585 7.944198838 -3.19054168687e-18)
(54.1292163134 8.64542758245 2.58844429615e-18)
(54.9240608821 9.3179793171 6.07197747699e-18)
(55.9056772627 9.9167705988 -6.47714109499e-18)
(51.3007429171 0.142818618188 7.83001048867e-19)
(51.305396869 0.435762607362 -1.5943846958e-18)
(51.3171882198 0.745003827683 2.05288267965e-18)
(51.3369281067 1.07207778224 -2.18501558524e-18)
(51.3659722341 1.418124539 -2.04740499113e-19)
(51.4064021942 1.78414750521 -1.17247996849e-18)
(51.4608611006 2.17105732898 -2.66117810041e-19)
(51.5324439479 2.5796762973 8.13216297318e-19)
(51.624851649 3.01078052887 -1.34400962637e-18)
(51.7426482609 3.46499675239 -7.12161925693e-20)
(51.8914313474 3.94274367409 1.61642506798e-18)
(52.0779853801 4.44399672869 2.13320255743e-18)
(52.310449379 4.96786389205 -4.39123845334e-18)
(52.5984419474 5.51203257711 2.17300158284e-18)
(52.9529618287 6.07204627433 6.66190619103e-18)
(53.386325181 6.64043192674 -6.17728089049e-18)
(53.910901158 7.20562082125 -6.53523087702e-18)
(54.5401912886 7.75076572322 7.17489818531e-18)
(55.2801599061 8.25395046426 -6.05758441798e-18)
(56.1526341396 8.68076400643 2.00670373797e-18)
(51.30115639 0.138287417435 1.12424956779e-18)
(51.3085245811 0.421671622395 5.14264087146e-20)
(51.326940356 0.71973698706 1.67309769881e-19)
(51.3567642851 1.03359494778 2.13947265978e-18)
(51.3991184061 1.36402160531 4.97801935537e-19)
(51.4561034793 1.71154954182 -8.82100547264e-19)
(51.5303520191 2.07650569666 2.05695266352e-19)
(51.6248094612 2.45900347224 -1.68867516166e-18)
(51.7428630704 2.85894571434 1.6820451855e-18)
(51.8885458996 3.27597753417 1.62466622231e-18)
(52.0666388648 3.70935850247 4.46269973039e-18)
(52.2827165015 4.15774884226 -3.06055473675e-18)
(52.5431736023 4.61888662718 -1.72375395045e-18)
(52.8551962568 5.08916917553 1.21598278583e-18)
(53.2265509678 5.56315240937 -2.4376747882e-18)
(53.6653538421 6.03300556988 -3.41469720692e-18)
(54.179037686 6.48796141128 1.01067468695e-18)
(54.7748470063 6.91365826544 5.05314168596e-19)
(55.4539632147 7.29307525967 3.43591154788e-20)
(56.2272973384 7.60024562472 2.15786536552e-18)
(51.30150138 0.131916131699 -3.57901969085e-19)
(51.3110802107 0.401964852503 1.85686819001e-18)
(51.3348076778 0.685103824653 -9.25378295156e-19)
(51.3727003296 0.982056619693 6.29139280646e-19)
(51.4256076299 1.29324360799 -8.51535523537e-19)
(51.495518016 1.61878505177 5.84816362183e-19)
(51.5849314948 1.95852737958 4.26777262974e-19)
(51.6965238034 2.31203927023 -1.2504914046e-18)
(51.8332400786 2.67859833017 3.12724650806e-22)
(51.9984682866 3.05714622965 3.02831062196e-18)
(52.1961001949 3.44618265553 -2.45322428227e-18)
(52.4305089294 3.84359308385 -4.62689353291e-18)
(52.7064899397 4.24640572637 1.0223117544e-18)
(53.0291584683 4.65049862636 -2.58029286474e-18)
(53.4037138092 5.05028161385 -5.36050137217e-19)
(53.8351722906 5.43838337382 2.08015111991e-18)
(54.3275661993 5.80541252547 4.47003242827e-19)
(54.8841963946 6.13962085038 -3.91558804905e-18)
(55.5036736849 6.42808874255 3.17927203473e-18)
(56.1910219048 6.65149538435 2.35110056577e-18)
(51.3017710019 0.12406097676 -6.55860181204e-19)
(51.3130750887 0.377790306245 3.76931140358e-19)
(51.3409282234 0.643085889816 1.04306120816e-19)
(51.3850440911 0.920329688903 -1.64343269609e-18)
(51.4459957057 1.20962724136 1.63560903156e-18)
(51.5255953222 1.51077078122 -4.12780313192e-19)
(51.6261348099 1.82324476032 -2.38261154667e-19)
(51.7499522337 2.14622265832 -3.76887168471e-19)
(51.8995011902 2.47855599833 -3.97898403157e-19)
(52.0775122611 2.81874310009 6.20308176008e-22)
(52.2870247824 3.16484971473 -3.96792573817e-18)
(52.5313215139 3.51437695432 1.50253570843e-18)
(52.8138304248 3.86408869035 -1.46184365937e-18)
(53.1379992873 4.20982088328 -2.71535035971e-18)
(53.5070771641 4.54629488857 3.31917722658e-18)
(53.9238722122 4.86695746538 2.6042104573e-19)
(54.3901576412 5.1639200047 6.59232531288e-19)
(54.9068329886 5.42780509983 6.51504580322e-23)
(55.4712390303 5.64892813137 -5.6072772853e-18)
(56.085104487 5.8128715533 8.3190742836e-18)
(51.3019729714 0.115061449328 9.87289920008e-19)
(51.3145710934 0.35019820951 -1.51419607964e-18)
(51.3455071316 0.595462726884 -4.20731392343e-19)
(51.3942321708 0.850955909624 8.67983611356e-19)
(51.4610564879 1.11653197869 -3.34371221614e-19)
(51.5475857418 1.39173834957 -1.12140397386e-18)
(51.655865953 1.67580574629 2.57954776929e-19)
(51.7878787487 1.96764908528 -9.65997021237e-19)
(51.9455939143 2.26586613599 3.26060807959e-19)
(52.1311255809 2.5687194998 -9.77268470373e-19)
(52.3467482586 2.87408054133 1.17594228416e-18)
(52.5948112934 3.17933562072 -1.73287234748e-19)
(52.8776284288 3.4812706135 -2.75143845215e-18)
(53.197355236 3.77595416017 2.14614386944e-18)
(53.5558056118 4.05863889351 2.36187883472e-21)
(53.9542556308 4.32369581534 6.20915896316e-19)
(54.3930138052 4.56464535536 1.94328949107e-18)
(54.8715443574 4.77409266835 2.21645135795e-18)
(55.3866313447 4.94479270283 3.31598520193e-18)
(55.9381579128 5.06591150849 -4.93833742531e-18)
(51.3021176801 0.105217260187 -9.00200205312e-19)
(51.3156439783 0.320094611718 -2.01830371783e-18)
(51.3487812161 0.543760665506 -1.19229459486e-18)
(51.4007605074 0.776099253341 -1.28837891587e-19)
(51.4716530784 1.01677958868 -1.78012692995e-19)
(51.5628509518 1.26518272465 4.38287916506e-19)
(51.6761465563 1.52038301824 1.57847949925e-20)
(51.8131776771 1.78115394596 6.2274947112e-19)
(51.9754686627 2.04597616611 3.45096672867e-19)
(52.1645862703 2.31303149043 1.13233941937e-18)
(52.3821505982 2.58016707319 -1.53598031088e-19)
(52.6297433311 2.84483288864 -3.07599232928e-18)
(52.9087991584 3.10400825804 -3.15201574544e-19)
(53.2204981677 3.35413553051 2.39995634584e-18)
(53.5656212845 3.59107680276 7.2310512212e-19)
(53.9444012209 3.81010216087 4.19757948263e-19)
(54.3562193205 4.00596239463 -1.55469172038e-18)
(54.7997079791 4.17286178054 -6.47334978359e-19)
(55.2714926304 4.30537965858 -2.70782125335e-19)
(55.7704533222 4.39531467963 -3.1562968317e-18)
(51.302215797 0.0947789989048 -1.09473259296e-18)
(51.3163721409 0.28823327314 6.4132659826e-19)
(51.3509938539 0.489241018895 2.03366891298e-19)
(51.4051335644 0.697530845174 3.96167644729e-19)
(51.4786534051 0.91264955245 -6.15412026452e-20)
(51.572740431 1.13388254339 4.15169520232e-19)
(51.6889445342 1.36023083937 1.33301959149e-18)
(51.8285899149 1.59042118602 -2.85293586821e-20)
(51.9928095018 1.82292171239 6.3943618143e-23)
(52.1827033783 2.05594564291 -6.73589701729e-19)
(52.3993508087 2.28743122465 -1.11497195076e-18)
(52.6437201885 2.51500246374 -8.41252280985e-19)
(52.916569171 2.73592513405 1.4442899809e-18)
(53.2183560095 2.94707343274 2.31124803746e-18)
(53.5491309049 3.14491972561 1.46108273453e-18)
(53.9084280836 3.3255501428 -3.02543118674e-18)
(54.2950562366 3.48475096979 -8.59583253406e-19)
(54.7071881098 3.61799763602 2.77621740442e-18)
(55.1414862663 3.72123168144 -1.7982680894e-18)
(55.5963065467 3.7881904576 9.03715654343e-18)
(51.3022775016 0.0839476995512 7.27254493079e-19)
(51.3168306099 0.25521731201 1.14698177793e-18)
(51.3523772488 0.432905608879 -6.77880103588e-19)
(51.4078294721 0.616643083697 1.38737452915e-19)
(51.4828728917 0.805909995632 -3.67033446373e-19)
(51.5785081539 0.999956174403 1.13674451194e-18)
(51.6960650284 1.19777668129 -7.60738857269e-19)
(51.8365932561 1.39812564239 -8.72284628531e-19)
(52.0008933431 1.59953730747 -2.37133517435e-19)
(52.1896789146 1.80033631017 9.7416496552e-19)
(52.4035933214 1.99862852087 7.22184653159e-19)
(52.6431254951 2.1922778923 -1.5766365124e-18)
(52.9085213425 2.37888171268 3.52154119308e-18)
(53.1997138589 2.5557575777 -8.36740903226e-19)
(53.5162444043 2.71995223521 -4.66836350591e-18)
(53.8571873162 2.86826817164 7.70391246143e-19)
(54.2210090565 2.99734792587 2.63004683734e-18)
(54.6056441732 3.10366976754 -3.46796275142e-19)
(55.0078876632 3.18419540798 -2.70610327063e-18)
(55.4257944008 3.23412880675 3.83955366671e-18)
(51.3023119837 0.0728780847183 6.22376225419e-19)
(51.3170873037 0.221509506718 -1.62200541733e-18)
(51.3531417434 0.375515878873 8.34618863288e-19)
(51.4092798906 0.534480577185 2.82246663863e-19)
(51.4850422997 0.697867491473 2.09498751631e-19)
(51.5812662201 0.864941915115 -4.06545972492e-19)
(51.6990899244 1.03474543542 -1.3458774085e-20)
(51.8393324699 1.20611285147 1.25305573704e-18)
(52.0025219155 1.37769720491 -2.07001251083e-19)
(52.1890610648 1.54798456271 9.96938520425e-19)
(52.399250054 1.71529285427 1.98695809392e-19)
(52.6332095043 1.87775925808 -2.56127404547e-18)
(52.8908034613 2.03332693843 -5.2522005133e-19)
(53.1715876808 2.17974430559 -9.49122811711e-20)
(53.4747538188 2.31458246561 -9.16272164125e-20)
(53.7990781278 2.43526513595 4.94275143722e-18)
(54.1428295029 2.53914357378 -3.64826986807e-21)
(54.5038393345 2.62349055584 -3.14921006422e-18)
(54.8790718497 2.68602994266 2.14498096159e-22)
(55.2665227645 2.7230687315 5.50103009576e-18)
(51.3023270757 0.0616837626832 9.89230773628e-20)
(51.3171998547 0.187449702318 1.6554680119e-19)
(51.3534665266 0.317625280421 6.93858685991e-19)
(51.409856248 0.451785824649 -6.37400712975e-19)
(51.4857951184 0.589420160542 3.63685076856e-19)
(51.581978403 0.729855082477 9.61592514462e-19)
(51.69937812 0.872228823335 9.77135607999e-19)
(51.8386213924 1.01550688815 -1.26334835948e-18)
(52.0000173296 1.15850636029 -1.58807513393e-18)
(52.183725569 1.29991248974 2.32488600295e-18)
(52.389783693 1.43828265278 6.72180950683e-19)
(52.6180365354 1.57204018333 -2.88168043596e-18)
(52.8680702785 1.69947016604 -4.61737050083e-19)
(53.1391756026 1.81872525154 -6.26495443343e-19)
(53.4303092814 1.92784309973 -8.81672235671e-19)
(53.74006007 2.02477757461 1.58963813483e-18)
(54.0665911293 2.10746298278 1.07049324808e-18)
(54.4076910744 2.17380343746 7.51871380095e-20)
(54.7604855667 2.22210944598 1.51556023165e-18)
(55.122766844 2.24957563284 1.53197881147e-18)
(51.3023301933 0.05044233436 -2.87335318127e-19)
(51.3172188986 0.153267170813 9.94388207034e-19)
(51.3534966156 0.259611967681 -5.87158592558e-19)
(51.4098477026 0.369080649075 4.28094949857e-19)
(51.4856220406 0.481201980325 7.7688316967e-19)
(51.5814067549 0.595370425996 -1.03243496378e-19)
(51.6980411185 0.710834596358 -1.88883749811e-18)
(51.8359975634 0.826714180684 -4.02193709359e-19)
(51.9954095542 0.94201872314 1.54850444063e-18)
(52.1762447313 1.05566033602 -5.55799563031e-19)
(52.3783378249 1.16645691286 -2.18207720824e-18)
(52.6013266149 1.27313044859 2.41820083049e-19)
(52.8445955907 1.37430866133 1.51836487009e-18)
(53.1072482301 1.46853080084 3.57843091275e-20)
(53.3880824195 1.55426253401 1.51506219463e-18)
(53.6855717808 1.62992443948 1.29946237004e-19)
(53.9978254266 1.69394329046 -7.25517263206e-19)
(54.3226540178 1.74474270825 0)
(54.657342902 1.78107051339 -2.20704579942e-18)
(54.999977445 1.80078406561 8.50847724753e-18)
(51.3023273977 0.0392103122175 1.48601528277e-19)
(51.3171934082 0.119085931238 -2.10141959374e-19)
(51.3533933458 0.201612190209 -2.00770746422e-19)
(51.409559715 0.286540923864 9.66787644219e-20)
(51.4849570639 0.373524975987 3.86081148265e-19)
(51.5800841204 0.462068774212 -1.12284821344e-18)
(51.6956942739 0.551549457252 -6.80528988678e-19)
(51.8321613168 0.641246400747 7.14463349962e-19)
(51.9894998016 0.730359463551 -6.03032905857e-19)
(52.1675420051 0.818018760604 1.20005786146e-18)
(52.365979027 0.903287621606 1.16502949581e-18)
(52.5843047647 0.985165019932 -1.31988611635e-19)
(52.8217651457 1.06258894725 8.9465576534e-20)
(53.0773365296 1.13444168281 -1.02782751323e-18)
(53.3497132776 1.19956342645 -5.02614829725e-21)
(53.6372974505 1.2567735406 -5.07529450997e-19)
(53.9381777008 1.30491052349 -1.066315469e-19)
(54.2501501473 1.34282327119 -8.05661211408e-19)
(54.5706053216 1.36963277344 -4.05836857119e-23)
(54.89713266 1.38380859995 7.52009357563e-19)
(51.3022905526 0.0280808937421 -2.94032274727e-20)
(51.317007392 0.0851494033843 -4.91318992384e-19)
(51.3531116267 0.143805363572 3.3494192426e-19)
(51.4092462114 0.203893562987 5.71981248343e-19)
(51.4845372739 0.265209443921 -7.69251035842e-19)
(51.5793488954 0.327445608444 -1.53534078939e-18)
(51.6943374884 0.390194277148 1.11330746524e-18)
(51.8297898763 0.452966136805 1.55488203777e-18)
(51.9856262435 0.515209487886 -5.22964595145e-20)
(52.1615771072 0.576322024262 6.9281209593e-19)
(52.3572306862 0.635654600039 1.58139197405e-19)
(52.5719823438 0.692513015983 -4.65776341343e-19)
(52.804986502 0.746160768019 -2.50057347768e-19)
(53.0551395832 0.795824947545 -4.31939763106e-19)
(53.3210738248 0.840707560751 1.60699616475e-18)
(53.6011557823 0.880000720432 -1.30542326789e-18)
(53.8934684575 0.912913597251 -3.70873296789e-18)
(54.1958839247 0.93866676649 1.3013980862e-18)
(54.5059110624 0.956658795151 2.00604901178e-18)
(54.8218603768 0.965830759211 1.21033455456e-18)
(51.3021750684 0.0169997867214 -6.18014027544e-20)
(51.3163691404 0.0518484121044 2.05244982913e-19)
(51.3517390723 0.0882172522791 1.56464092471e-19)
(51.4070943931 0.125721270769 -1.75262213068e-19)
(51.4815932139 0.164024576966 -6.93325804367e-20)
(51.5755727518 0.202859336147 -3.472917655e-19)
(51.6896300059 0.241945483884 1.24211307692e-19)
(51.8239827653 0.280957019125 5.06223548495e-20)
(51.9784834097 0.319531671665 4.42722453681e-19)
(52.152794632 0.357283743692 3.80665802329e-19)
(52.3464352683 0.393806800214 -9.89634218395e-19)
(52.558732047 0.428672369963 -4.89115583004e-19)
(52.7887756472 0.461430468997 9.69647773897e-19)
(53.0354074037 0.491613310491 5.65842335884e-19)
(53.297218125 0.518742158532 -2.23197486396e-18)
(53.5725459883 0.542336226599 5.20853062485e-19)
(53.8594722136 0.561928360262 6.17333704886e-19)
(54.1558209507 0.577061446885 -1.28013410357e-18)
(54.4591369347 0.587381698929 1.33349045757e-18)
(54.7669395725 0.592235871439 1.26575155171e-18)
(51.3025074454 0.00384953571254 -1.81979025476e-22)
(51.318030254 0.0119825034363 -4.21621089637e-20)
(51.3547382009 0.0209613246999 1.77426570047e-19)
(51.4109449043 0.0305999132548 -2.69388308233e-19)
(51.4859192824 0.0407374283424 -9.74162017152e-19)
(51.5801340089 0.0512678296427 1.76722189148e-19)
(51.6942060083 0.0620966377556 8.09422251741e-19)
(51.8283271565 0.0731186219147 1.23430358719e-18)
(51.9823262935 0.0842186655818 -3.02251028267e-19)
(52.1558469807 0.0952760830722 -1.96768855362e-18)
(52.3483864403 0.106165367157 4.106736717e-19)
(52.5592469273 0.116755330179 1.41806529417e-18)
(52.7874949831 0.126908857059 2.31314308015e-20)
(53.0319513606 0.136483703981 -6.1521241511e-19)
(53.2911919012 0.145334352704 0)
(53.5635508971 0.153314076617 -2.37314406173e-18)
(53.8471147726 0.160280515945 -1.25192779971e-18)
(54.1397683629 0.166093616081 2.58139276307e-18)
(54.439107267 0.170659071968 3.28162570462e-18)
(54.7432153762 0.17382994122 -1.57068064181e-18)
(51.5494879106 18.3493311169 -7.45133052729e-18)
(52.6904805371 19.5156690079 -3.53065891932e-17)
(54.1817349817 20.7491535955 4.46507522793e-17)
(56.0825685079 21.8793964127 -1.65161611422e-18)
(58.3039915835 22.667687333 -6.73122745597e-17)
(60.6973298952 22.995820121 2.51045864994e-18)
(63.1447565722 22.823087229 5.3503046713e-17)
(65.5230035016 22.2230340441 4.46241091451e-17)
(67.7789174388 21.3117005177 -1.4783778964e-17)
(69.7483772934 20.1300265964 -1.86018341256e-17)
(71.392917559 18.7654431299 -6.06216883773e-18)
(72.6461407267 17.3502729615 -1.10321214264e-19)
(73.4745000169 15.8918715914 2.29600391081e-17)
(74.0399672838 14.3697561173 -1.47765337902e-17)
(73.9707842685 12.8367536717 4.1234187252e-20)
(73.7136797265 11.4533396101 1.00816228714e-17)
(73.3026868174 10.2445233312 1.25522113745e-17)
(72.829224053 9.24529727459 -7.57834240428e-17)
(72.3869836042 8.32474245792 -7.99299196926e-18)
(71.9529004484 7.91441998172 3.7034296056e-17)
(54.1189400694 16.1410337791 -6.79873813998e-18)
(55.1851959113 16.9501843532 2.00193324472e-17)
(56.4188454305 17.645253154 7.47254001952e-19)
(57.8031511546 18.1827292624 -7.5754370456e-17)
(59.3189216142 18.5024317513 -5.55108714755e-17)
(60.9145337108 18.5645684916 4.35834425957e-17)
(62.5338908682 18.366252697 3.23379529322e-17)
(64.1211029584 17.9280202787 8.76522361213e-18)
(65.6318264349 17.2938521381 3.87784716033e-17)
(67.0521883342 16.5027657327 2.54910717255e-18)
(68.3342993204 15.5847929662 -7.29922586133e-18)
(69.458829709 14.5795826077 -6.82257696784e-18)
(70.437505 13.5039650595 4.70168336428e-18)
(71.1715034291 12.3817656045 -1.17328590353e-17)
(71.7065088158 11.2415891864 1.43035834104e-20)
(72.0792619118 10.097289374 1.07610944254e-17)
(72.3060308945 8.96776997269 -2.16917060475e-18)
(72.4126222874 7.85508113719 6.37232994599e-18)
(72.4302603181 6.76084789112 -2.75224497281e-19)
(72.3974393527 5.6620482121 -6.71239019081e-19)
(55.6356993759 13.8590414523 -1.0041342913e-19)
(56.5325992832 14.3721954708 -1.36951982488e-17)
(57.512595426 14.7935784415 6.72911803641e-18)
(58.5689395394 15.1003938655 8.38525988784e-18)
(59.6957204967 15.2737487232 6.95341547667e-18)
(60.8708956246 15.2979875361 -1.92853842157e-17)
(62.0583166364 15.1638963178 -4.68223110399e-19)
(63.2193417345 14.8697979018 5.91093429415e-18)
(64.319449587 14.4234980153 -2.99635903362e-17)
(65.3379600073 13.8433708859 6.61454724395e-20)
(66.2614786554 13.1531512134 -1.13435586261e-20)
(67.0837131877 12.3792784677 -1.64975797215e-17)
(67.8124506865 11.5551362533 6.53491594916e-18)
(68.4511579217 10.7135596802 1.32579156961e-17)
(69.0097304148 9.87238870413 -4.23265212695e-18)
(69.4909200153 9.0380325771 6.95592350707e-18)
(69.8970999667 8.21832889551 -3.44096000487e-18)
(70.2404808953 7.41936355189 -2.34450451317e-18)
(70.5315587368 6.64403501281 -1.8029161197e-18)
(70.7718077928 5.88571517822 4.66555494821e-18)
(56.3715928656 11.9064966427 -5.66155285371e-18)
(57.1095679423 12.2143297154 -6.54967076654e-19)
(57.9014699633 12.4571193419 1.7051651868e-17)
(58.7412540364 12.6250294701 6.67629627573e-20)
(59.620572934 12.7071917919 -1.18623075048e-17)
(60.5240020449 12.6937078564 7.4433627146e-18)
(61.4320546329 12.5786587326 -3.64794124387e-19)
(62.3254151506 12.3617079451 4.76672532928e-19)
(63.1868113775 12.0476581964 5.40017749005e-18)
(64.001582284 11.6456587836 -6.37442125791e-18)
(64.7586221677 11.1679938174 -1.93551219174e-17)
(65.4500711727 10.6282010677 -1.4056894895e-17)
(66.0707795488 10.040548372 5.61060804511e-19)
(66.6192592002 9.41786517913 6.19241745847e-18)
(67.0965310195 8.76972113126 7.3554513247e-18)
(67.5050738643 8.1036329344 8.26515207467e-18)
(67.8476613423 7.42572908808 5.38727898543e-18)
(68.1256314131 6.74055476022 -5.21444801071e-18)
(68.3419704648 6.0509137792 -5.34172939749e-19)
(68.4889166553 5.35677396531 -7.1125425676e-18)
(56.7394412915 10.3019622016 -1.68283140854e-17)
(57.3532175239 10.50054497 -1.08591171268e-19)
(57.9988871312 10.6486828056 9.39692338353e-18)
(58.6716611732 10.7404947297 -4.81288235033e-18)
(59.3663927481 10.7701456155 5.2139782942e-18)
(60.0743752075 10.7331268304 4.94893582397e-18)
(60.7850421334 10.6272751304 1.01109041236e-17)
(61.4876451939 10.4529945167 -9.92309734186e-19)
(62.1718807613 10.21291924 -8.85389144522e-18)
(62.8280738779 9.91142198578 4.28138908063e-19)
(63.4476827798 9.55421109156 -2.56627828024e-19)
(64.0238255952 9.14795129777 -1.87181228491e-18)
(64.551457913 8.69988886103 3.12830765583e-18)
(65.0277679161 8.21760141096 -1.99399557327e-17)
(65.4520602298 7.70876376088 5.72004462873e-18)
(65.8251416163 7.1807172387 1.62773988105e-17)
(66.1486580676 6.64015330616 2.02154200719e-18)
(66.4243746246 6.09316410531 -3.25555712602e-18)
(66.6553993216 5.54552049467 1.32835503727e-18)
(66.8419647841 5.00243110984 6.24918768361e-19)
(56.8723585894 8.94435908049 -9.18555254242e-19)
(57.3888217777 9.07187835627 7.42152748388e-18)
(57.9242856029 9.15979599924 1.52604518298e-17)
(58.4755300783 9.20508285087 -1.94001042768e-17)
(59.0393513633 9.20480486806 -8.19605523115e-18)
(59.6102483639 9.15669818824 1.21612717788e-17)
(60.1814314177 9.05959429965 1.17254983331e-17)
(60.7460151724 8.91356685929 1.47520338978e-18)
(61.2974595391 8.71993157172 -1.16577667816e-17)
(61.8297081077 8.48117436865 0)
(62.3373791071 8.20081226651 0)
(62.8159718258 7.88318864731 -5.49678833377e-18)
(63.2619561733 7.53319809691 -4.7632903653e-19)
(63.6727261057 7.1559902341 3.10643393869e-18)
(64.0464801355 6.75667323117 -1.05309700154e-17)
(64.3820336199 6.34005303636 4.40065857569e-18)
(64.678766698 5.91052559509 1.21642475817e-17)
(64.9360264411 5.47206673089 5.77850188042e-19)
(65.1543300119 5.0282786985 -6.07414261136e-18)
(65.3298722397 4.58195419288 1.59713848949e-18)
(56.8517792437 7.78203725273 -1.04097172026e-17)
(57.2921341335 7.86373004251 6.36551791707e-18)
(57.7443206165 7.91434166191 1.5908187408e-17)
(58.2059967531 7.93236157704 8.2979133591e-20)
(58.6750847585 7.91614717004 -1.68281082798e-17)
(59.1476710722 7.86438018839 -3.51681292035e-18)
(59.6191007107 7.77640657162 -2.95378024804e-18)
(60.0848444843 7.65235162506 1.38422081324e-18)
(60.5406548883 7.493108191 1.24039805676e-17)
(60.9825284014 7.30027323857 -3.05394711472e-18)
(61.4067628017 7.07605740826 -5.87158608374e-18)
(61.8100753478 6.82317526996 2.44905094638e-18)
(62.189690586 6.54470710756 4.56017758091e-18)
(62.5433685971 6.24395368543 -3.92044542013e-18)
(62.869412408 5.92432549104 -1.87872522473e-18)
(63.1666438135 5.5892708014 -1.21596355571e-18)
(63.4344442174 5.24223412579 5.98215397835e-18)
(63.6724223945 4.88661588295 4.57137445935e-18)
(63.881243208 4.52586038815 -2.90425842002e-18)
(64.0594522341 4.16319857747 -1.72813843779e-19)
(56.7373229512 6.77809115112 1.57093548791e-18)
(57.1174945561 6.83021316415 -8.00459260461e-18)
(57.505225419 6.85758403787 -5.35545627419e-18)
(57.8986666938 6.85948850434 1.09343969143e-17)
(58.2962311237 6.8349458716 5.67743826748e-18)
(58.6951966524 6.78318735623 -8.75359656147e-18)
(59.0923700217 6.70389773198 -1.62746098644e-17)
(59.4846430723 6.59724608662 2.27204805263e-18)
(59.869075277 6.46385825272 1.06950675603e-17)
(60.2428526507 6.30478355509 -5.73545536165e-19)
(60.6033217482 6.12145665647 2.18696022533e-18)
(60.9480736959 5.91566228621 2.5796208201e-19)
(61.27501414 5.68948344765 6.73141607403e-18)
(61.5823972827 5.44522650694 -3.12194907238e-18)
(61.8688405087 5.18534751453 -7.78868767305e-18)
(62.1332965239 4.91239122255 1.50742887123e-18)
(62.3750751582 4.62894356823 1.92590263781e-22)
(62.5935683365 4.3375565178 2.59834757993e-18)
(62.7889437549 4.04076950744 1.06479654956e-18)
(62.9594226143 3.74077059179 3.60652930686e-18)
(56.5670425564 5.90138563896 -5.20942293839e-18)
(56.8990177168 5.93386219783 -7.07752038807e-18)
(57.2358152112 5.94639534113 1.61248089199e-17)
(57.575968751 5.93865866774 4.92330353791e-18)
(57.9182959502 5.9101099866 1.93493294472e-19)
(58.2608324583 5.86032273977 4.84467831467e-19)
(58.6012829209 5.78915643833 -9.54685088626e-18)
(58.9374169255 5.69677951846 -3.76667812787e-19)
(59.2671312357 5.58365456156 7.03652619202e-18)
(59.5884098775 5.4505255023 4.98654543061e-18)
(59.8993353605 5.29840016915 -1.0708000812e-17)
(60.1981376247 5.12853159248 -4.069146641e-18)
(60.4832376525 4.94238820653 -1.89720751567e-18)
(60.7532798304 4.74160984365 5.97331251162e-19)
(61.0071551314 4.52796051402 7.40321022835e-18)
(61.2439850154 4.30328488168 -2.83890224575e-23)
(61.4631572564 4.06948855076 -2.21182820199e-18)
(61.664168368 3.82849279545 -1.43008249512e-18)
(61.8471484227 3.58227367774 4.1770775806e-18)
(62.0109874281 3.33255471242 1.71772110962e-18)
(56.367013201 5.12784291546 -2.64596201387e-18)
(56.6601055796 5.14724941482 2.01794517798e-18)
(56.9562985923 5.15044788505 -4.04491979107e-18)
(57.2543846871 5.13732797202 -4.19541729271e-18)
(57.5534175617 5.10759502177 -4.05487543323e-18)
(57.8519198081 5.06101531872 2.47815914546e-18)
(58.1482017763 4.99753772163 6.0176745411e-18)
(58.4406257209 4.91731910169 -4.24784587595e-18)
(58.7276433134 4.82071701159 -3.9888894213e-18)
(59.0077649435 4.70828018474 4.05248741727e-18)
(59.2795648307 4.58073751016 6.16099832119e-18)
(59.5417095984 4.43898812993 -1.07714938938e-18)
(59.7929888416 4.28408434997 3.2057997434e-18)
(60.0323462841 4.11720569339 -5.93647208078e-18)
(60.2588957374 3.93963218946 -3.49685339953e-18)
(60.4719059129 3.75271569973 6.02836225403e-18)
(60.6708369722 3.55786414439 4.46520562581e-19)
(60.8552093729 3.35650074375 -2.99564833876e-18)
(61.025028188 3.15009895765 -8.82693125162e-19)
(61.1792413002 2.93986914456 2.31159334051e-18)
(56.1555279109 4.43854729818 3.80216181985e-18)
(56.4170577037 4.44927975577 -3.44391925146e-18)
(56.6804959403 4.44675886018 1.82608555762e-18)
(56.9448647083 4.43098793315 8.7656589933e-18)
(57.2094406339 4.40180903488 -5.50240590292e-18)
(57.4730704784 4.35909794805 -1.76065134785e-18)
(57.7344463128 4.302854842 5.41217122409e-18)
(57.9923249961 4.23322324154 -9.11313222378e-20)
(58.2455380087 4.15048306676 -3.70621299903e-18)
(58.4929557104 4.05504654086 -2.05838100314e-18)
(58.7334902682 3.9474544209 6.72524801773e-18)
(58.9661143001 3.82836788076 3.16598071504e-18)
(59.1898884199 3.69855962273 -6.1595301402e-18)
(59.4039851077 3.55889732073 1.15788020707e-18)
(59.6076924601 3.4103257596 -5.19073018902e-19)
(59.8004080868 3.2538498641 -5.45298694411e-18)
(59.9816756684 3.09052021973 1.39215817585e-18)
(60.1510829326 2.92140067316 -2.58697544779e-19)
(60.3086068186 2.74761420968 -1.2396877955e-18)
(60.453399872 2.57005404456 -1.68271348072e-18)
(55.9452078508 3.81814928959 -9.2119443982e-18)
(56.1810066031 3.82314297363 -8.03027445572e-18)
(56.4179606085 3.81726241826 4.76521190273e-18)
(56.6552261768 3.80057817979 2.16100632275e-21)
(56.892185819 3.77300609266 -4.76641523363e-18)
(57.1279245482 3.73447808494 -4.69671247403e-20)
(57.3614279915 3.68502013847 4.65897684101e-18)
(57.5917283723 3.62475990655 1.46530196814e-19)
(57.817913695 3.55391934203 -1.73406631915e-18)
(58.0391041898 3.47281419639 -1.4455343655e-18)
(58.2544463732 3.38185074675 4.79979142989e-18)
(58.4631274505 3.28152218861 2.16453044598e-18)
(58.6644007733 3.17240431946 1.6998000594e-18)
(58.8575982006 3.05514211537 -3.93706079841e-19)
(59.0421305636 2.93043738111 -2.09761908717e-18)
(59.217486972 2.79903940487 -4.38790728711e-19)
(59.3832658973 2.66173258684 8.41494272539e-20)
(59.5390857408 2.51930758275 1.52838143413e-19)
(59.6848809834 2.37260709786 -1.63918308736e-18)
(59.8198367605 2.22226444258 1.75410576639e-18)
(55.744833943 3.2547500845 -3.3684407322e-19)
(55.9596084896 3.25615365466 -1.45956345304e-18)
(56.1750105392 3.24864537918 4.24041865741e-18)
(56.3903028681 3.23231209565 1.37075522698e-18)
(56.6049630561 3.20711685261 -2.83534090454e-18)
(56.8182491569 3.1730315784 -1.65176335336e-19)
(57.0293454913 3.13009146902 1.01731981686e-19)
(57.2374746109 3.07840332047 1.70487315747e-18)
(57.4419067117 3.01814407765 8.59407411047e-20)
(57.6419339553 2.94955663486 -8.38614059911e-18)
(57.836864346 2.87294779323 -4.22913425033e-18)
(58.0260390833 2.78868915175 2.73046311679e-18)
(58.208849029 2.69721299748 7.59439589526e-18)
(58.3847392671 2.5990030793 1.26519557349e-18)
(58.5532128206 2.49458643821 -3.38051754149e-19)
(58.7138311815 2.38452644105 -1.94650464994e-18)
(58.8662410242 2.26941566332 -2.79185861883e-18)
(59.0100949944 2.14985162527 5.16393042611e-18)
(59.1453152874 2.02647888504 -8.94864570861e-19)
(59.2711355937 1.89975930558 -5.47880577676e-18)
(55.5612044019 2.7369344293 -5.50370619627e-18)
(55.7589382126 2.73604303584 -1.06353359708e-19)
(55.9569041648 2.72788048645 3.91858081862e-18)
(56.1544650722 2.7125483457 -3.8888942164e-18)
(56.3511767533 2.69003857131 1.36423595921e-18)
(56.5464171233 2.66034215202 -2.70113842646e-18)
(56.7395112198 2.62349515592 -5.20452374263e-18)
(56.9298212571 2.57958822057 2.6154309262e-18)
(57.1167445508 2.52876119753 5.26791270933e-18)
(57.2996911804 2.47120008423 -2.47773633875e-19)
(57.4780858329 2.40713968877 -3.99056242537e-21)
(57.6513803546 2.33686237998 -3.04436636101e-19)
(57.8190621313 2.26069427752 9.40371200505e-19)
(57.9806569984 2.17899977451 3.50792698395e-18)
(58.1357358399 2.0921770488 -3.46737815048e-18)
(58.2839132596 2.00065210575 -5.5683908508e-18)
(58.4248690772 1.90487335464 3.46336223441e-19)
(58.5582756818 1.80529457736 2.46045286411e-18)
(58.6840396184 1.70241003169 -2.51278682291e-18)
(58.8013973547 1.59656147428 7.56928772273e-18)
(55.3974196282 2.25896831132 -2.3902951018e-18)
(55.581295547 2.25706925562 -2.40550335013e-18)
(55.7651928986 2.24931461304 9.94756624919e-20)
(55.948516188 2.23579492424 1.7046780711e-20)
(56.1308510443 2.21651314485 1.16001308944e-18)
(56.3116609219 2.19147039743 -1.28872560775e-18)
(56.4903781652 2.16070122376 -1.38972077842e-18)
(56.6664624624 2.12427778313 1.2440053351e-18)
(56.8393969368 2.08230708573 4.69151826284e-18)
(57.0086766299 2.03493189615 -4.48859175448e-18)
(57.1738102207 1.98233109058 -3.21179164993e-18)
(57.3343270826 1.92471782779 4.27234977991e-18)
(57.4897828424 1.86233771539 2.0191892983e-19)
(57.6397627334 1.79546530622 1.26472755302e-18)
(57.7838886024 1.7244005067 -3.78239974786e-18)
(57.921815475 1.64946376159 2.72723655368e-18)
(58.0532528181 1.5709925009 5.13174966113e-18)
(58.1778953644 1.48932702553 -2.64657157903e-18)
(58.2956543067 1.40484098135 -2.52813877264e-18)
(58.405784362 1.31777314661 -1.06459609609e-18)
(55.2591230312 1.80659142354 -4.04139460545e-18)
(55.4321310954 1.80399940683 -4.65033407137e-18)
(55.6049061417 1.79682379609 1.15744046061e-18)
(55.7769530609 1.78515289359 -1.1577327625e-18)
(55.9479090185 1.76899459221 4.57499858162e-18)
(56.1173016134 1.7483536901 3.4054474435e-18)
(56.2846342568 1.72325911918 -7.95143498831e-18)
(56.4494339039 1.69376609642 -3.37818644834e-18)
(56.6112484045 1.659955709 4.24067774662e-18)
(56.7696363274 1.62193548446 -4.11288088051e-18)
(56.9241663178 1.57983865516 1.97432547058e-18)
(57.074422872 1.53382387142 1.9757780542e-18)
(57.2200103487 1.48407324627 -3.11129984886e-18)
(57.3605565574 1.4307915056 2.25139236064e-18)
(57.4957176212 1.37420323376 1.01512589549e-18)
(57.6251730593 1.31454880882 1.83758131835e-18)
(57.7486471126 1.25208462498 1.13860804053e-18)
(57.8658336732 1.18707160353 -1.38712230289e-18)
(57.9766278963 1.11980159384 -5.82374225243e-19)
(58.0802266094 1.05047404799 1.41376544574e-18)
(55.1436241723 1.38775546826 -1.09637008049e-18)
(55.3081984212 1.38552698171 -1.34647405515e-20)
(55.4725604111 1.37979759022 1.10820959776e-18)
(55.6361384091 1.37062451662 3.20402379869e-18)
(55.7985610903 1.35802471112 -1.13314407122e-21)
(55.9594028156 1.34200987123 -3.1364069882e-18)
(56.1182219846 1.32260527473 2.22706954924e-18)
(56.274593836 1.29985493037 4.02937172357e-18)
(56.4281099878 1.27382099905 -3.14170971799e-18)
(56.5783712424 1.24458397484 -4.02869048927e-18)
(56.7249874453 1.21224244726 2.98752841262e-18)
(56.8675817926 1.17691272673 9.97870739834e-19)
(57.0057948605 1.13872754915 -5.77688036617e-18)
(57.1392882626 1.09783524911 -9.82954784572e-19)
(57.2677485888 1.05439787117 1.70591338308e-18)
(57.3908857764 1.00858792111 -4.48749018743e-20)
(57.5084536434 0.960587057392 5.22048388832e-20)
(57.6201847173 0.910575866066 -1.40600979891e-18)
(57.7260061089 0.858751687285 1.47589241888e-18)
(57.8252200478 0.805224846437 1.44061200708e-18)
(55.0600272182 0.967983854845 4.68269980684e-19)
(55.218422381 0.966057844324 -9.90001040586e-19)
(55.3762757573 0.96176772242 1.05794211303e-18)
(55.5332562174 0.955159276741 -6.56228887431e-22)
(55.6890723458 0.946230740803 -3.04264955517e-18)
(55.8433136974 0.934980698717 1.24761123847e-20)
(55.9955588342 0.921422499042 5.12496984e-18)
(56.1454141977 0.90558301819 -9.94003592095e-19)
(56.2925040392 0.887501374395 -5.83356839037e-18)
(56.4364589994 0.867229082506 -8.93885010335e-19)
(56.5769157809 0.844830287939 3.73648470003e-18)
(56.7135214003 0.820381142155 1.89819632828e-18)
(56.8459374579 0.793970224636 -1.77354212076e-18)
(56.9738418917 0.765697664332 -1.40203588285e-19)
(57.0969307834 0.735673829017 7.00530544434e-19)
(57.2149134495 0.704019485362 7.79581711744e-19)
(57.3275292521 0.670864638872 -3.10113260407e-18)
(57.4344634686 0.63634301016 -1.41031917027e-19)
(57.5356019256 0.600610214088 1.97299344786e-18)
(57.6300260789 0.563777111032 5.77425293247e-19)
(54.9988753953 0.592892998017 -3.09133949867e-18)
(55.1536142331 0.591212705401 -9.80183939467e-19)
(55.3080442016 0.588052124079 2.07072943015e-18)
(55.4615633134 0.583453482435 -2.05564927044e-18)
(55.6138197589 0.577425452123 -1.03464442159e-18)
(55.7644547369 0.569972925563 2.02803476084e-18)
(55.9130947156 0.561107508781 1.02217699854e-18)
(56.0593705146 0.550848358663 -1.90129744402e-18)
(56.2029232204 0.539221586386 -2.9162657177e-18)
(56.3434015687 0.526260264706 3.80274166782e-18)
(56.480461498 0.512003763348 2.77144035701e-18)
(56.6137701964 0.496497685595 -1.83341087447e-18)
(56.7430102597 0.479795443839 8.53150941631e-19)
(56.8678812994 0.461956528697 3.46202260217e-18)
(56.9881049896 0.443045020839 -8.36864482221e-19)
(57.1034251678 0.423130563996 -4.02927752409e-18)
(57.2136238865 0.402287348373 1.63519944775e-18)
(57.3184710588 0.380591931263 3.05081007951e-18)
(57.4179124546 0.358132039628 -7.03931302283e-19)
(57.5113361003 0.334968620812 -2.56518526517e-18)
(54.9721069493 0.175573867652 1.79926354678e-18)
(55.1242586421 0.176198572217 -1.04198544145e-18)
(55.2758572619 0.176370807671 -3.14099132073e-18)
(55.4265466727 0.176085666222 2.09220201958e-18)
(55.5760306229 0.175353304834 1.03952989068e-18)
(55.723927156 0.174180584292 -2.07515554843e-18)
(55.8698502587 0.172571233581 -1.02455902565e-18)
(56.0134377146 0.170529822106 1.01498180059e-18)
(56.1543418773 0.168063208026 -5.05798870978e-21)
(56.2922196217 0.165180392619 -8.78666680833e-21)
(56.4267325157 0.161891410346 6.73100314401e-21)
(56.5575532631 0.15820759893 0)
(56.6843678712 0.154142532895 -1.75941504173e-18)
(56.8068741094 0.149710499212 -8.01694563646e-19)
(56.924786191 0.144925519354 2.54347931783e-18)
(57.0378297002 0.139800961115 -1.56851339471e-19)
(57.1457542471 0.134347508857 -3.21282562864e-18)
(57.2482611967 0.128569633238 2.40230820583e-18)
(57.3452594398 0.122465776281 1.47135975407e-18)
(57.4358560446 0.116009135847 -8.24554677824e-19)
(71.7242970454 6.9754864774 -3.44880429815e-19)
(71.3756651307 6.49779649519 5.18416105332e-18)
(71.1180307315 6.13744321306 -7.01055811905e-18)
(70.9697232658 5.69011976892 -7.21576627239e-18)
(70.8437723078 5.10265119518 -1.85887465024e-18)
(70.7122585138 4.43836231352 -6.77336748842e-19)
(70.5976925677 3.71940873135 4.39257059278e-18)
(70.5220118074 2.93553396101 3.10483156054e-18)
(70.4626422168 2.07538046468 -1.78920631838e-18)
(70.3949429692 1.12884505403 3.10563507615e-19)
(70.3172475376 0.0934242297385 -7.48696186728e-18)
(70.2250800833 -1.02505297972 2.76235545844e-18)
(70.1035084504 -2.21559800203 9.4272732248e-18)
(69.9298928203 -3.46557532818 -8.1900163055e-18)
(69.6784909621 -4.75278002737 1.43777216398e-17)
(69.3224096867 -6.04015510703 1.18021248491e-17)
(68.834851455 -7.2797467208 -4.00127093429e-17)
(68.1912847972 -8.43170599238 -1.75616270479e-18)
(67.3725256444 -9.45034528324 5.82889369408e-17)
(66.3651952432 -10.2807830302 3.1250096488e-18)
(65.1698949859 -10.8423554002 -3.9219783353e-17)
(63.8007768749 -11.0695998211 2.598661878e-17)
(62.2862108151 -11.039792008 -1.55396462066e-17)
(60.6852236769 -10.9610977308 -1.12629788608e-16)
(59.0520339442 -10.7315672734 -2.87974379282e-17)
(57.4223757566 -10.2658170382 8.52817106611e-17)
(55.8181259507 -9.55613095232 2.53532053965e-17)
(54.2579024248 -8.61275810435 0)
(52.7641815605 -7.44115189148 -2.93670429871e-19)
(51.3635167924 -6.06884694806 -5.01944905406e-19)
(50.0805593092 -4.64142325126 2.06088726692e-17)
(48.9117337495 -3.25790113189 -1.70920520564e-17)
(47.8283964674 -1.81439958423 -2.78884080122e-17)
(46.7901952148 -0.412327350889 1.37772620408e-17)
(45.7734152241 0.802737926729 1.54318637063e-17)
(44.8206114092 1.76221848611 -1.7275999095e-17)
(44.0626168257 2.49228417434 1.3977743225e-17)
(43.6790923234 3.2637908779 -8.47461649872e-17)
(43.7881138976 4.44528424439 -1.28429750604e-17)
(44.442924306 6.239754512 1.8286148406e-16)
(45.6047209926 8.6381595619 2.00504996726e-17)
(47.1693649824 11.2225454809 -1.80578967346e-16)
(49.0134777582 13.6760477887 7.87561676249e-19)
(51.0117347187 15.8009066882 -3.9988877337e-17)
(53.0714390107 17.4031477201 -2.11641862419e-19)
(55.1234792297 18.4186385938 4.02740639419e-17)
(57.1081568844 18.855458732 -4.39233582226e-17)
(58.9864066404 18.7557204359 -4.15275449264e-17)
(60.7377484132 18.1802887313 1.19479427044e-16)
(62.3538353104 17.1951053848 7.01760351581e-17)
(63.8343373573 15.8640725837 -1.44361673774e-16)
(65.183356535 14.24546768 -8.95427106109e-17)
(66.407577419 12.3924556163 -2.32294894796e-17)
(67.5122231242 10.3509633221 2.39406651422e-17)
(68.5037791526 8.14605173568 7.6409264745e-17)
(69.3943764489 5.79475193374 2.23525295878e-17)
(70.1886158343 3.31870281943 -4.16947343846e-17)
(70.8830095557 0.735312896758 1.24975091074e-17)
(71.4860538853 -1.9233236223 1.2814185474e-17)
(71.9998295825 -4.61861679863 4.21641759292e-20)
(72.4070207679 -7.30902877979 1.83227275613e-17)
(72.6908758693 -9.95181681166 7.85109279171e-18)
(72.8317611569 -12.5092583619 -4.25854306523e-17)
(72.8180415504 -14.9456709266 -3.17657320492e-17)
(72.6465516932 -17.2287501002 4.43678770572e-17)
(72.3229927734 -19.3329909543 1.26796807895e-17)
(71.8613911875 -21.2414675537 2.04726870789e-17)
(71.2816037414 -22.9458278539 3.2912798979e-18)
(70.6078816296 -24.4456964199 2.08485353781e-17)
(69.8560233799 -25.7461366505 6.74802785167e-18)
(72.4196689279 4.90634324838 -6.44976045568e-18)
(72.4943874957 4.39842876434 4.73645288446e-18)
(72.5795366682 3.89991991888 5.4567485816e-18)
(72.6614705387 3.40062831432 -7.18965026657e-18)
(72.7440306832 2.89567132277 -4.01027583291e-20)
(72.8227561139 2.3859940236 1.09824587119e-17)
(72.8870032004 1.87146982505 -1.22910344021e-18)
(72.9289977214 1.35083058263 4.52363828918e-18)
(72.9444484936 0.823245891691 1.24033678243e-20)
(72.9258809169 0.293576513183 -3.6633975364e-18)
(72.864980259 -0.237078884443 9.95273245361e-19)
(72.7490651704 -0.767803516649 2.68374474392e-18)
(72.5707142889 -1.29721286334 1.66896412423e-18)
(72.320587393 -1.82221523872 5.02599157277e-19)
(71.9896865396 -2.33674420264 -7.14880586283e-21)
(71.5709937607 -2.83256801166 4.88921348389e-18)
(71.0613932253 -3.29896772326 1.78155587394e-20)
(70.4622350782 -3.72281644441 -1.81928044296e-17)
(69.7790543902 -4.08948426674 -7.87630241023e-19)
(69.0213371924 -4.38260621341 -1.05085083276e-18)
(68.2044009012 -4.58612983201 2.46978625916e-17)
(67.3522592231 -4.68674849345 2.64686392668e-19)
(66.4949829719 -4.67326587961 -2.67795362225e-17)
(65.6559385392 -4.53296434914 0)
(64.841590233 -4.24783678809 1.30354846968e-17)
(64.0562322112 -3.80434997967 -2.5556685376e-17)
(63.3130690384 -3.2247112483 -1.21491165163e-17)
(62.6317717094 -2.56712536461 4.67352679146e-17)
(62.0342911601 -1.928423745 3.65329925485e-17)
(61.5363988682 -1.24190634214 4.66929441729e-17)
(61.148289792 -0.464527779007 3.73322995837e-17)
(60.8713173923 0.388967910027 -2.04722186374e-17)
(60.6939153998 1.30086252774 -4.34399762603e-18)
(60.6111427671 2.2647080845 -4.35343253284e-18)
(60.6324558483 3.26404646873 -1.43122366948e-17)
(60.7454763825 4.2720791373 -1.15927103234e-17)
(60.9159689925 5.26382213469 -3.63083718767e-18)
(61.1247455046 6.21612711067 -1.93449344436e-18)
(61.3833854921 7.10772670416 2.34165760619e-17)
(61.7317777089 7.93889175437 -5.62352349537e-18)
(62.2249239987 8.70937485026 -4.83994271674e-17)
(62.9057239396 9.43609056213 -4.85096601255e-19)
(63.7883819284 10.1169805535 2.91654829469e-17)
(64.8645632965 10.6270683448 6.68264050913e-19)
(66.1011878244 10.9636192168 -5.85166228813e-22)
(67.4506125373 11.1160896112 -1.30568373384e-19)
(68.8652634143 11.0656579676 -1.51875659306e-20)
(70.3025916369 10.7975656801 -3.60038798659e-19)
(71.7260203919 10.3088307574 2.30545148107e-21)
(73.1019913367 9.60193208415 -6.53194010352e-21)
(74.4072434358 8.68263543171 3.36686486753e-17)
(75.6232982722 7.56401690821 -3.09195482883e-17)
(76.7359386488 6.26287891946 -2.92461542289e-17)
(77.7339521361 4.79870121837 4.63147842324e-17)
(78.611832427 3.19940847146 1.8435104532e-18)
(79.3613048876 1.496958142 -1.67097278324e-17)
(79.9777520822 -0.281257284493 4.59474097741e-18)
(80.4544948198 -2.10938630451 -6.82892419468e-18)
(80.7817934988 -3.96503419054 -2.80462767002e-18)
(81.003619227 -5.82556561625 1.0001433233e-18)
(80.9979097301 -7.66947053736 -4.3047364661e-18)
(80.9065405202 -9.4795676849 -2.24535651074e-18)
(80.6611870652 -11.2399605167 -1.72968453776e-17)
(80.2758790482 -12.9353678658 2.12704256444e-17)
(79.768971846 -14.5511698772 3.06249244447e-17)
(79.1510891893 -16.0748590001 8.63448175828e-19)
(78.4331550669 -17.4963340892 -5.24505883137e-17)
(77.6283909274 -18.808044464 -2.5606532662e-17)
(76.7519989636 -20.0047729233 2.46587097177e-17)
(75.8174223038 -21.0833433969 -3.8655444638e-17)
(70.9055341827 5.33013769522 1.24767883272e-18)
(70.9519242612 4.95830571747 -1.65891010494e-18)
(70.9746721399 4.57953878468 -2.29575382237e-19)
(70.9794774095 4.19489522684 1.13819687272e-18)
(70.9666165156 3.80387659239 -1.48562030824e-18)
(70.9331743419 3.40554175038 -1.76755279344e-19)
(70.8762788672 3.0000283953 1.59065609828e-18)
(70.7946090923 2.58834608493 1.61353298784e-18)
(70.6860623046 2.17195125904 2.34848314013e-19)
(70.5508497154 1.75104066782 9.44296587362e-20)
(70.3886705142 1.32772789664 3.83239422639e-18)
(70.1977557613 0.90502806349 1.01479182287e-18)
(69.9769564544 0.487366841083 -2.94812647826e-18)
(69.7264637383 0.0804401861249 -3.45949340468e-20)
(69.4460346473 -0.30962045293 -8.31708804237e-18)
(69.1356062378 -0.675833386941 4.94793178482e-18)
(68.7963552487 -1.0105357752 -1.49177785477e-17)
(68.4303251911 -1.30589480121 -1.68069885664e-17)
(68.040412806 -1.55432979526 1.19383969342e-17)
(67.6305794422 -1.74884403525 1.92375213861e-17)
(67.2059817956 -1.88337608156 1.38626993632e-17)
(66.7728345318 -1.95347089349 -2.86659579254e-17)
(66.3380619008 -1.95756058466 -7.5044923152e-18)
(65.9092409686 -1.89760488688 2.91802288609e-17)
(65.4952665763 -1.77719861302 2.15003983549e-17)
(65.107456993 -1.59856158027 -2.12291666359e-17)
(64.7591557513 -1.36274665239 -2.62374248133e-17)
(64.4622560428 -1.07175867521 -1.67719231285e-20)
(64.2211837234 -0.729658854509 2.49355874227e-19)
(64.0331362123 -0.343924155991 9.68795138487e-18)
(63.8968783861 0.0770983973492 4.58847858807e-18)
(63.8176346768 0.524051632271 1.24362274994e-19)
(63.8036583491 0.988307788178 2.66146362466e-18)
(63.8628280385 1.46274378429 3.06300301997e-18)
(64.0007028685 1.938560248 -2.04948642028e-18)
(64.2211111733 2.40543309416 -2.12710729873e-19)
(64.5254229474 2.85586638749 -4.97210808348e-18)
(64.9109107303 3.28819694285 8.29337887076e-18)
(65.3727793927 3.70211477748 1.13566718328e-17)
(65.9068791584 4.10217925867 -1.34268276769e-17)
(66.5088631705 4.48073230949 5.72518468204e-18)
(67.177803469 4.81689786427 1.92880218381e-17)
(67.912477461 5.092096179 -4.46156422191e-17)
(68.7089979004 5.28520887142 -8.31098824072e-18)
(69.5581392268 5.3815040969 3.60727607378e-17)
(70.4457687484 5.37109173467 3.70738469747e-19)
(71.3581821041 5.24668116524 -9.65859991652e-18)
(72.2809103149 5.0047867311 -9.79749064567e-18)
(73.1981046746 4.64436676078 1.7640190414e-17)
(74.095349392 4.16696464525 8.93939029393e-18)
(74.9566760642 3.57752609039 -1.83316232754e-17)
(75.7663335136 2.88264239576 4.3450698648e-19)
(76.5118456991 2.08890765847 -8.32463351621e-18)
(77.1821124721 1.20117623933 -1.79095194779e-17)
(77.7665956588 0.227785304112 6.00449844193e-18)
(78.255072136 -0.818398752 2.04583687261e-17)
(78.6414007375 -1.92495881181 -2.41226266452e-18)
(78.9230833392 -3.07926987172 -3.61315648797e-18)
(79.0976936159 -4.26930469425 6.51768372045e-19)
(79.1630852881 -5.4809711055 -3.46236895098e-20)
(79.1223147907 -6.70262925057 1.47593637002e-18)
(78.9778053038 -7.92480573553 -2.69367941113e-18)
(78.7323859946 -9.13280403687 -5.70231824736e-18)
(78.3904294402 -10.3126117328 9.44531290782e-18)
(77.9574039872 -11.4528835274 3.34061740133e-18)
(77.439088398 -12.5434435937 -4.20030617571e-18)
(76.8421271179 -13.5749058881 -2.43204916812e-17)
(76.1744263045 -14.5399769814 1.06702600409e-18)
(75.442027644 -15.4333999094 -7.56412224895e-18)
(74.6516894984 -16.2494267857 1.01586646942e-17)
(68.5685597276 4.83323623754 5.32631809526e-19)
(68.6094806117 4.4854560381 -2.36309634501e-19)
(68.6450534897 4.13959630037 -4.04076708723e-18)
(68.6701186097 3.79708141173 2.02881729722e-18)
(68.681849578 3.45824491563 1.84074864169e-18)
(68.6798586526 3.12366090272 -4.87636942336e-19)
(68.6642954672 2.79426017309 5.30460889914e-19)
(68.6345029994 2.47117163644 -5.13263839052e-19)
(68.5893698416 2.15559747001 -5.31652719979e-19)
(68.5282507553 1.84900094818 -1.60398330787e-18)
(68.4505390425 1.55309849647 1.76676392423e-18)
(68.355419519 1.26992320314 2.30086970078e-18)
(68.2422526044 1.00141803275 -3.13039224757e-18)
(68.1106879489 0.749480419575 -3.58605257707e-18)
(67.9608232918 0.516235972786 1.31403525492e-19)
(67.7932924366 0.303824928387 6.36017721001e-18)
(67.6092569248 0.1144482963 5.16559367569e-18)
(67.4104614114 -0.0497368547272 -8.18897368923e-18)
(67.1993128377 -0.186682796222 -1.33146897002e-17)
(66.9788866453 -0.294486268066 4.54747545253e-19)
(66.7528798825 -0.371554918598 7.90642120602e-18)
(66.5255444962 -0.416416858164 -3.88883826158e-18)
(66.301565763 -0.428532556684 5.9064922936e-19)
(66.0858178882 -0.408041644114 3.85348667244e-18)
(65.8829389575 -0.354446914229 -1.24909804386e-19)
(65.6972131503 -0.268614489494 7.36654920753e-18)
(65.5324785469 -0.153657096331 3.60738027332e-18)
(65.3924552199 -0.0129337111272 -1.29091056279e-17)
(65.2806735744 0.150808578904 2.74012705359e-18)
(65.201010179 0.335954522547 9.96021778747e-18)
(65.1570768444 0.541202198188 -4.09002251418e-18)
(65.1511552596 0.743051037825 -3.43437592755e-18)
(65.1852584947 0.933787523889 2.29386324566e-18)
(65.260249796 1.11325190075 7.31034417715e-18)
(65.3759427445 1.28835145794 -3.83126850002e-19)
(65.5316390321 1.46884220602 -2.00734037566e-19)
(65.7264135719 1.66453200989 2.57196428679e-19)
(65.9594456626 1.86646900101 5.58605674567e-20)
(66.2303229799 2.06221528449 4.77938545673e-18)
(66.5389881908 2.237853486 2.07494159033e-18)
(66.8865768111 2.37055990118 -1.04708316745e-17)
(67.273150215 2.45392467138 -6.2225893927e-18)
(67.6964647941 2.48326113278 7.36142440656e-18)
(68.1518264417 2.45518239314 3.78425855229e-18)
(68.6329477626 2.36740990592 3.88689614893e-18)
(69.1328356941 2.21740750448 -1.30569057135e-17)
(69.6436219113 2.00292629596 -1.78373604459e-17)
(70.1568490947 1.72235438571 3.55419603999e-17)
(70.6639728671 1.3749895255 1.23252872886e-17)
(71.1565139395 0.961272515429 -1.26350040757e-17)
(71.6262826627 0.482936204124 -2.58594398226e-19)
(72.065694923 -0.0571299338027 -7.22617944631e-18)
(72.4677705421 -0.655046886171 -1.25809022465e-17)
(72.8260295493 -1.30594295376 3.1028228501e-18)
(73.1345283848 -2.00388415598 1.0256704126e-17)
(73.3879606556 -2.74192808346 5.20263378811e-18)
(73.582894101 -3.51278986309 -1.59421448841e-18)
(73.7153189628 -4.30841467266 -3.67337807369e-18)
(73.7816402392 -5.12179914395 1.06874872784e-20)
(73.7813844961 -5.94494478992 -1.6354149078e-18)
(73.7145247189 -6.7697874787 1.99426754802e-18)
(73.5807763764 -7.58867881209 2.02085687901e-19)
(73.3802416462 -8.39426888321 -1.16326859008e-17)
(73.114413586 -9.17957690848 -2.22296841963e-19)
(72.7861026397 -9.93815902694 3.60163216483e-18)
(72.3986355986 -10.664260455 1.04641448747e-17)
(71.9558845959 -11.3529908165 1.62188513063e-17)
(71.4623282463 -12.0003774135 -1.74657622886e-17)
(70.9229355648 -12.6035153609 3.453874177e-19)
(70.3429308958 -13.1606464444 -2.87084485821e-18)
(66.95582534 4.60097318241 -4.68190620194e-18)
(67.0128489542 4.33772226484 1.21938295252e-18)
(67.0589850989 4.07645267335 4.19719308464e-18)
(67.0935306323 3.81767686453 -2.28443929623e-18)
(67.1158161898 3.56179147403 -3.36410424583e-18)
(67.1256796011 3.30930469403 -5.0671984424e-19)
(67.1232308358 3.06074544408 -5.9323565379e-20)
(67.1085331426 2.8166619565 1.29610613385e-18)
(67.0816428839 2.57776419654 -1.07746636229e-18)
(67.0426491029 2.34484855346 1.032261607e-18)
(66.9917648965 2.11887682609 3.87371252388e-18)
(66.9293864029 1.90071942315 -4.06895809953e-19)
(66.8561674328 1.69137749292 -1.42006202586e-18)
(66.772987735 1.49205563036 5.39524106994e-19)
(66.6805885938 1.30394955621 -1.01516938471e-17)
(66.5800645119 1.12832722576 -1.60933442987e-18)
(66.4728447839 0.966577879413 1.39882457197e-17)
(66.360329601 0.819965026929 1.76515451105e-18)
(66.2441328301 0.689619571325 -2.3430419054e-18)
(66.1261007764 0.576487480188 4.722522675e-18)
(66.0082343922 0.481268101606 -6.5214700949e-18)
(65.8926510809 0.404369042196 2.62537466001e-18)
(65.7816143459 0.34587460269 6.54174642507e-18)
(65.67741712 0.305517007196 -8.72979511538e-18)
(65.582353401 0.282604395808 -2.01603507101e-18)
(65.4987925798 0.276339548428 4.47319674411e-18)
(65.4291435036 0.285698816099 -2.03965243178e-18)
(65.3755878831 0.308769138348 -2.20231942086e-18)
(65.3400177706 0.343587238376 3.37569227307e-18)
(65.3241567988 0.388075257825 -5.50534113942e-18)
(65.3297945539 0.43963568283 -1.15878339107e-18)
(65.3587650066 0.49904084569 6.41687517251e-18)
(65.4115270038 0.568593882722 3.88759949236e-18)
(65.4867482683 0.642100980152 1.55627715508e-18)
(65.5829774907 0.712760102255 -1.86521166285e-18)
(65.6996968862 0.775559073654 1.95063282019e-18)
(65.837543823 0.823824393309 -3.3597123446e-18)
(65.9978987413 0.853379894 -8.53465046906e-19)
(66.1818584868 0.860994244287 7.31602454121e-20)
(66.3894795736 0.843954543048 9.94537633531e-19)
(66.6196263933 0.809288408348 5.23451660273e-20)
(66.8698899738 0.754275637526 -1.28716602904e-18)
(67.1366637262 0.67603700302 -7.07379326108e-20)
(67.4159804113 0.571120838413 7.10659889719e-18)
(67.7039392453 0.435892336511 2.97394546149e-19)
(67.9965987791 0.267786653153 -5.4204141556e-18)
(68.2897812517 0.0650295088672 3.12551781369e-18)
(68.5791345704 -0.173463145266 1.92482016978e-18)
(68.8602280426 -0.448107423621 1.23185737995e-18)
(69.1286008937 -0.758671224073 -1.7228059432e-18)
(69.3798218365 -1.10429984349 -2.93162771495e-18)
(69.6096143439 -1.48359910873 -3.11850596879e-18)
(69.8138510021 -1.89459686294 -3.2289131247e-18)
(69.9886584036 -2.33488518527 1.48640242842e-19)
(70.1309758707 -2.80195901454 1.0025808632e-18)
(70.2372230589 -3.29259777425 4.84671744302e-19)
(70.3064655116 -3.80320335191 1.01831732073e-18)
(70.3345103635 -4.33030181782 0)
(70.3181476191 -4.86992606433 -2.69256964488e-19)
(70.260115491 -5.41799130738 -5.53263104532e-19)
(70.1600008276 -5.97057495446 -2.98542025932e-18)
(70.016921709 -6.52379472124 3.26928441729e-18)
(69.8313574219 -7.07375212194 4.20678356838e-18)
(69.6047260535 -7.6166016243 -3.15128785881e-18)
(69.338791821 -8.14872409436 -2.78360683251e-18)
(69.0356118759 -8.66676983915 -5.23360605608e-18)
(68.6976063102 -9.16765882525 2.62628647496e-18)
(68.3275000557 -9.64861924291 1.0285960757e-17)
(67.9282068767 -10.1072741527 4.43772162943e-18)
(67.5027560866 -10.5413210868 -1.33086447307e-17)
(65.4386343904 4.24744545327 -3.63671184998e-20)
(65.4976478766 4.02585812161 -1.87226805731e-19)
(65.5499812946 3.80545014723 4.32615464914e-18)
(65.5942983379 3.5871270617 1.14962090402e-18)
(65.6298415777 3.37141593304 -2.37903126881e-18)
(65.6567306317 3.15889580777 1.27400768413e-19)
(65.6753889988 2.95016573866 -2.41928175339e-18)
(65.6861439581 2.74583822383 -5.18038738508e-20)
(65.6891616411 2.54654149183 1.39882112326e-18)
(65.6850898425 2.35292086646 2.46085966698e-19)
(65.6737377932 2.16562401682 -3.9690641936e-19)
(65.6551147256 1.98530848318 -6.91647907708e-19)
(65.6303915364 1.81260020957 1.30779995695e-18)
(65.6000559995 1.64829223232 -3.12158236396e-19)
(65.5645284627 1.49288832699 -1.71682028336e-18)
(65.5244377947 1.34684897904 1.92630616601e-18)
(65.480539482 1.2106263222 8.10108753151e-19)
(65.4337082301 1.08460619348 -3.93366864697e-18)
(65.384908844 0.969074693387 8.72314225051e-19)
(65.3351869723 0.864201451591 1.64152754727e-18)
(65.2856792237 0.770030397818 -5.10865025118e-19)
(65.2375914271 0.686471490286 -2.0468278972e-18)
(65.1921736617 0.613283493491 2.1393561581e-18)
(65.1506870443 0.550060380631 4.67684111224e-18)
(65.1143654025 0.496238042364 -1.98952036649e-18)
(65.0844118853 0.451090635905 -3.40951007942e-18)
(65.0619620051 0.413695211282 -6.45891260044e-18)
(65.0480920351 0.382956337318 3.91640983796e-18)
(65.0437449879 0.357651551743 1.72826354046e-18)
(65.0497072055 0.336445795532 -2.87858841714e-18)
(65.0666298084 0.31788793088 1.74223367181e-18)
(65.0949209156 0.300331496231 5.61761608855e-20)
(65.1349235486 0.281963864413 -1.74646809766e-19)
(65.1872358582 0.261080396803 4.07724990777e-19)
(65.2525106332 0.23616564746 -2.68775686852e-19)
(65.3309957926 0.205781888796 -4.78465086522e-20)
(65.4224210594 0.168491407668 4.55037632329e-19)
(65.5260086996 0.122663033188 -4.9257709853e-19)
(65.6406124648 0.0664626109161 1.30993055224e-18)
(65.7649245368 -0.00211263290985 9.83559579423e-19)
(65.8973725704 -0.0848617336849 -2.80839607821e-18)
(66.0364044549 -0.183819193213 -4.19492157642e-21)
(66.1807486822 -0.300658936996 3.66756439638e-18)
(66.329064994 -0.436750580458 -2.14687044896e-18)
(66.4796255116 -0.593159435357 -2.86716937157e-18)
(66.6303496903 -0.770674715498 4.8593086288e-18)
(66.7789970258 -0.969797371952 1.62090674459e-18)
(66.9231953692 -1.19071796713 -3.63898154752e-18)
(67.060556162 -1.43367684975 8.58454872161e-19)
(67.1887130636 -1.6982153354 6.50752167484e-19)
(67.3051906972 -1.98356081059 2.62360344081e-19)
(67.4080060939 -2.28872572695 1.42071801841e-18)
(67.4952322891 -2.61248349948 4.80694048811e-19)
(67.5630407267 -2.95333515138 1.66610897945e-20)
(67.6097035832 -3.30949832471 2.25485945778e-19)
(67.6354720735 -3.67902691981 1.60107544792e-18)
(67.6384529862 -4.05962399751 0)
(67.6167908113 -4.44938399578 7.64662573482e-19)
(67.5696080778 -4.84530027794 -2.25450138367e-18)
(67.4963876073 -5.24493095631 -3.30951236601e-18)
(67.396747948 -5.64594545209 2.95346652257e-18)
(67.2705197092 -6.04587630321 4.0099064607e-18)
(67.1177595278 -6.44223908698 2.90209126757e-18)
(66.9388084208 -6.83266372829 8.1342521314e-21)
(66.7342396291 -7.21492231186 -6.30234267861e-18)
(66.5048276239 -7.58693861166 -5.75810349965e-19)
(66.2515343832 -7.9468084732 -2.55958170829e-18)
(65.9754737655 -8.2928307019 3.09483475322e-18)
(65.6779248828 -8.62353215402 3.12016418452e-18)
(65.3602218456 -8.93764675262 -5.11560385721e-18)
(64.1759695956 3.89227480589 -1.08759027162e-18)
(64.242623848 3.71329029168 -6.69142536405e-18)
(64.3036834519 3.53542765539 2.36583724194e-18)
(64.3582983 3.35923802516 5.68216431362e-18)
(64.4060077439 3.18506349989 -2.84236373068e-19)
(64.4469015517 3.01327882219 -3.33322022165e-18)
(64.4813015834 2.84424497634 -5.51317770763e-19)
(64.5094768744 2.67830628956 5.98547793011e-19)
(64.5316415332 2.51579900614 5.25503333215e-19)
(64.5480388076 2.35706901216 8.44582051334e-19)
(64.5589828856 2.20236244648 -1.26521606333e-19)
(64.5647733862 2.05210821631 -5.44758314614e-19)
(64.5663740058 1.90660612946 -1.33303657938e-19)
(64.563667563 1.76610101472 -8.68746632144e-19)
(64.5564315648 1.63081679455 -4.30989009482e-19)
(64.5459644108 1.50097675083 -2.48380588445e-19)
(64.5331143959 1.37677774594 3.48059583521e-19)
(64.5184188632 1.25847380645 -4.57499405861e-19)
(64.5024241214 1.14599295202 -6.99822506748e-19)
(64.4857602676 1.039404991 -5.68843941003e-19)
(64.4691513802 0.938672102061 2.1763314136e-18)
(64.4533529294 0.843661185407 1.63803420628e-18)
(64.4390793808 0.754187711925 -3.46147381357e-19)
(64.4270329461 0.669965827213 -2.94248005483e-19)
(64.4179132081 0.590600568535 -9.24628897118e-19)
(64.4123928985 0.515617209215 4.81535735949e-19)
(64.411102388 0.444467880444 -1.16287661672e-18)
(64.4146020144 0.376513203514 -2.31633001055e-18)
(64.4233882869 0.311032336165 -1.61896288485e-19)
(64.437916148 0.247243279182 9.00323753623e-19)
(64.4585352473 0.184306922218 1.95563240037e-18)
(64.4854769021 0.121340782313 2.66046724348e-19)
(64.5188960436 0.0574378213089 -6.58726930048e-19)
(64.5588676931 -0.00834948574311 2.10914677814e-19)
(64.605242474 -0.0770551688568 -5.03720234724e-19)
(64.6578959249 -0.149773756869 9.27588401404e-19)
(64.7164943761 -0.227624926195 -1.17308020467e-18)
(64.7804350508 -0.311706018678 -7.61160510654e-19)
(64.8489375298 -0.40304013536 7.69141582881e-19)
(64.9222252576 -0.502557123248 3.11987104864e-19)
(64.999116945 -0.611108806791 -2.11315913593e-19)
(65.0778104527 -0.729430530314 -3.32953742438e-19)
(65.157930113 -0.85816978268 3.31621545537e-19)
(65.238452953 -0.997921732436 1.87871413549e-19)
(65.3183279784 -1.1492013885 -9.17621813503e-20)
(65.3963588624 -1.31240271547 -2.64414478667e-19)
(65.4712482586 -1.48778100713 5.10625867482e-19)
(65.5398374418 -1.67545657021 -2.70310158819e-19)
(65.60089289 -1.87537446049 -3.44049548321e-19)
(65.6550229301 -2.08730374073 -4.24505532678e-19)
(65.7004193402 -2.31087376925 8.01837624737e-19)
(65.7350422907 -2.5455462757 1.99499847294e-18)
(65.7573996991 -2.79072039395 5.24518926141e-19)
(65.7664285384 -3.04561080137 -1.94682258303e-18)
(65.7611430022 -3.3089730667 7.24076713666e-19)
(65.740512641 -3.57981645472 4.16152566722e-21)
(65.7036040202 -3.8570787496 -1.90445451789e-18)
(65.649670525 -4.13948960796 -7.16526619915e-19)
(65.578142947 -4.42569707197 2.05188390416e-18)
(65.4886166032 -4.71433115348 1.86391739174e-18)
(65.3808521526 -5.0039933199 -1.13057618891e-18)
(65.2547591019 -5.29327535249 -3.03694197408e-18)
(65.1103950081 -5.58076582043 -1.82250863427e-18)
(64.9479741295 -5.86507191761 9.53090040267e-18)
(64.7678597111 -6.14483732149 -8.13767169163e-18)
(64.5705491006 -6.4187542674 -8.9992978814e-18)
(64.3566568938 -6.685577043 9.37346352488e-18)
(64.1268974365 -6.94413098536 2.77826870653e-18)
(63.8820749997 -7.19334800409 7.18821857536e-18)
(63.623087285 -7.43218857178 -3.0869263088e-19)
(63.0734411956 3.51540480657 -7.25813767137e-20)
(63.1408865155 3.36561909044 -2.58865537131e-18)
(63.2041787974 3.21621500557 -5.41177606696e-19)
(63.2624956216 3.06764653726 -4.27502085043e-18)
(63.3154679219 2.92018695125 -9.08379961032e-19)
(63.3632203661 2.7741279001 4.47968828277e-18)
(63.4060596853 2.6297502622 2.27326249813e-18)
(63.4442347757 2.48731856129 -1.99220807218e-18)
(63.4779409695 2.3470879136 -3.19232305974e-18)
(63.507389711 2.20930384683 8.11748481209e-19)
(63.5328316059 2.07419895835 1.33176157259e-18)
(63.5545413232 1.94198755508 5.91528455489e-19)
(63.5728127193 1.81287660563 6.46106038527e-19)
(63.5879454682 1.68692413841 1.10740634716e-19)
(63.6002793597 1.56440752344 -1.95014902833e-19)
(63.610201207 1.44548232301 -2.89022450523e-19)
(63.6186142599 1.33020657828 6.13301779e-20)
(63.6250424728 1.21858924234 -1.85270821418e-19)
(63.6295351911 1.11062096124 5.91983105997e-19)
(63.6333358646 1.00626022357 2.25599757015e-19)
(63.6365652833 0.905445096154 -2.00309576953e-19)
(63.639715092 0.808095137022 3.5330392777e-19)
(63.6432926932 0.713861275135 -3.81055099874e-19)
(63.6475094593 0.622548859757 -5.55186581928e-19)
(63.652663983 0.533883366845 2.4096078448e-19)
(63.6591887363 0.447506913603 5.6570477359e-19)
(63.6674341391 0.363042114626 -1.13322321259e-18)
(63.6776225588 0.280062011683 4.87580024304e-19)
(63.6899525779 0.198076742183 2.02417202943e-18)
(63.7046365022 0.11656435097 -1.78449605847e-19)
(63.721829688 0.0349811677605 -1.97401196352e-18)
(63.7415960069 -0.0472431059739 -1.46359888614e-18)
(63.7639405105 -0.130712458975 1.94391880565e-18)
(63.7888212393 -0.21604311085 6.72026296744e-19)
(63.8161559844 -0.30385703543 -1.19795068856e-18)
(63.845769403 -0.394757351091 5.15200359458e-19)
(63.8773903406 -0.489376258773 -1.81651193942e-19)
(63.9107264932 -0.5882895273 7.55235370142e-19)
(63.9454185544 -0.692051185604 6.93573158721e-19)
(63.9810031034 -0.801133235059 -1.16020699233e-18)
(64.0169274568 -0.916199531384 -8.56359141521e-19)
(64.0525859738 -1.03755472673 1.54203682233e-18)
(64.0873631341 -1.16557645882 1.30775168006e-19)
(64.1205869067 -1.30057768416 7.45061546548e-20)
(64.1515296204 -1.44281862847 -5.20203873268e-19)
(64.1794166771 -1.59249415323 -1.16589761115e-18)
(64.2034397576 -1.74972207702 -5.05348952091e-19)
(64.2227780971 -1.91453562292 -4.06426894372e-19)
(64.2366475187 -2.08651019236 3.08575008791e-20)
(64.2442756921 -2.26553575188 1.57273285739e-18)
(64.2448229268 -2.45142107838 8.03295411989e-19)
(64.237470553 -2.64378719093 -9.96051165184e-19)
(64.2214777557 -2.84212233941 -9.09052643571e-20)
(64.1961521777 -3.04583884568 7.15045634647e-19)
(64.160839621 -3.25429907656 -1.01341883417e-19)
(64.1149597284 -3.46679816423 -2.23922478164e-18)
(64.0580130218 -3.68256146233 2.23736773716e-18)
(63.989566998 -3.90075827878 -1.2614651679e-18)
(63.9092634024 -4.12051801648 -4.76492821431e-19)
(63.8168288435 -4.34094018518 1.38425239441e-18)
(63.7120782402 -4.56110680671 -4.50579139906e-21)
(63.594911546 -4.78009309152 1.20302973038e-19)
(63.46531072 -4.9969762169 -2.84221791379e-18)
(63.3233407054 -5.21084548865 1.79483971899e-18)
(63.1691474015 -5.42081290213 -1.9994723775e-18)
(63.0029536187 -5.62602208118 -1.666627101e-18)
(62.8250527955 -5.82565630559 2.29668560837e-18)
(62.6357977463 -6.01894587654 -6.47472111396e-18)
(62.4356120726 -6.20518014576 -2.5054969347e-18)
(62.2249694623 -6.38373105798 7.25842767194e-18)
(62.122994501 3.14454112953 -1.7603293531e-18)
(62.1907551048 3.01922976976 -1.56054313152e-18)
(62.2552126489 2.89398181065 1.1066424203e-18)
(62.3157174543 2.76912703717 9.92222616736e-20)
(62.3719853475 2.64486474096 -4.1348609288e-19)
(62.4240924036 2.5214011892 -2.12504077238e-18)
(62.472255832 2.39892779748 -1.92537207755e-18)
(62.5166515807 2.27761792017 2.76682231977e-18)
(62.5574128787 2.15763310446 1.91515095099e-18)
(62.5946820505 2.03912323558 -2.20237993957e-18)
(62.6286283974 1.92222449587 -2.3511655508e-18)
(62.6594395569 1.80705734906 6.55888737964e-19)
(62.6873137567 1.69372572528 1.13244771547e-18)
(62.7124593052 1.58231578209 -2.87124009086e-19)
(62.7350889285 1.472890971 1.0656027372e-19)
(62.7554128161 1.36548985405 7.69340945804e-19)
(62.7736712194 1.26012876508 -1.79695208655e-19)
(62.7901152327 1.15669610871 2.6693221883e-19)
(62.8049838615 1.05533016158 -4.42706088974e-19)
(62.8186816388 0.955935281318 -3.07572042336e-19)
(62.83177318 0.858429880894 1.86178936012e-19)
(62.8435622173 0.762711223534 -1.10840711447e-19)
(62.854217265 0.668623377318 1.4732355128e-20)
(62.8648441739 0.575997368956 4.33830931458e-19)
(62.8753178304 0.484738586862 2.81383943206e-19)
(62.8858106905 0.394505886065 8.63096857641e-20)
(62.8966228136 0.305085465383 -5.72260037211e-19)
(62.9077564351 0.216204810522 2.42905367368e-19)
(62.9192359055 0.127580210942 7.66673053554e-20)
(62.9312562563 0.0389194605993 -7.03281116077e-19)
(62.9439329655 -0.0500928159565 0)
(62.9571977486 -0.139787095906 1.44992240214e-19)
(62.9709789492 -0.230503703858 7.72740592059e-19)
(62.9852667658 -0.322584753282 -2.1913860215e-19)
(62.9999766286 -0.41637295163 -7.71384945253e-19)
(63.0149315788 -0.512213317869 -5.45744207448e-19)
(63.0299296101 -0.610436687307 2.74677171484e-19)
(63.0447494463 -0.711359806372 1.55006669814e-18)
(63.0591212379 -0.815286808745 6.79791299671e-19)
(63.0727249331 -0.922499285413 -2.33292841833e-18)
(63.0852084413 -1.0332499378 -8.90372603123e-19)
(63.0961891306 -1.14775319132 9.77051901043e-19)
(63.1052516047 -1.2661893836 -2.05518636057e-19)
(63.1119521772 -1.38870126599 9.67962070817e-19)
(63.1158235515 -1.51538909816 -2.08575257051e-18)
(63.1163811184 -1.64630640927 7.89318025491e-20)
(63.113125724 -1.78145636917 2.73541681362e-18)
(63.1055431439 -1.92078986416 -1.59152330823e-19)
(63.0931131081 -2.06420562337 2.29878022926e-18)
(63.0753342494 -2.21155971274 -1.6449039972e-19)
(63.0517291539 -2.36265449861 -3.84741314544e-18)
(63.0218280597 -2.51723439751 2.42638030869e-18)
(62.9851714759 -2.67499332135 1.52546370501e-18)
(62.9413300349 -2.83558065047 -3.48667475542e-18)
(62.8899153197 -2.99860135856 -1.17980979013e-18)
(62.8305787896 -3.16361915552 2.42446395347e-18)
(62.7630125329 -3.33016376955 -8.42659270376e-20)
(62.6869539857 -3.4977350144 -7.42020677947e-18)
(62.6021909601 -3.66580662231 1.53849843578e-18)
(62.5085647865 -3.83383136249 6.88303272297e-18)
(62.4059706947 -4.00124687919 1.24895170222e-18)
(62.294356974 -4.1674815338 2.9266084311e-18)
(62.1737253318 -4.33195935505 -3.0678778611e-18)
(62.0441315172 -4.4941049698 9.85451142798e-20)
(61.9056837141 -4.65334880063 -1.70070622907e-18)
(61.7585407687 -4.80913168589 -1.71431996125e-18)
(61.6029076013 -4.96090980411 8.64102897737e-20)
(61.4390308327 -5.10815750952 -4.10552437441e-18)
(61.267192009 -5.25038426798 3.05862777772e-19)
(61.0877436977 -5.38712006398 -1.09585343168e-18)
(61.2860091984 2.7809733123 5.83094086534e-18)
(61.351586372 2.67460060468 1.30137665822e-18)
(61.4145178058 2.56796039492 -4.67047753264e-18)
(61.4741987514 2.46130107043 2.27704731694e-20)
(61.5303780264 2.35476773891 2.05962741082e-18)
(61.5831120894 2.24850872153 1.1278180319e-18)
(61.6325694423 2.14266167122 -1.95565899435e-18)
(61.6788795921 2.03735060273 -8.13545778723e-19)
(61.7221342838 1.93269031837 6.51090100077e-21)
(61.7624307113 1.82878666043 -8.32112857783e-19)
(61.7998857194 1.72573514714 2.04644855263e-18)
(61.8346278818 1.62361962851 1.63899314225e-18)
(61.8667905762 1.52251148524 -3.15218930098e-18)
(61.8965101535 1.42246805852 -7.53109992986e-19)
(61.9239313812 1.32353781541 8.61964259887e-19)
(61.9491982677 1.22575187025 -3.56964765944e-19)
(61.9724541615 1.12912740594 7.90927657346e-20)
(61.9938468181 1.03366146914 4.9949362936e-19)
(62.0135194435 0.939335886046 2.93374820749e-19)
(62.0316134019 0.846113580524 -3.49696757727e-19)
(62.0482614884 0.753910136572 -1.27241452004e-19)
(62.0635959522 0.662590022364 -1.51181931184e-19)
(62.0777539351 0.572220773031 1.76083169929e-19)
(62.0912912533 0.482645393332 -2.48936769489e-20)
(62.1036553975 0.393718754252 1.98541175895e-19)
(62.1146820844 0.305319873876 -2.9049758038e-19)
(62.1250874354 0.217351858057 -4.21920501662e-20)
(62.1347507703 0.129537958208 3.11845949456e-19)
(62.1437754453 0.0416992100441 -6.69305753553e-19)
(62.1522203479 -0.0463256753123 -5.43609302791e-19)
(62.1600569104 -0.134724649604 5.25906184629e-19)
(62.1672277116 -0.223696608655 -2.08379251859e-19)
(62.1736791289 -0.31344151665 2.47100011243e-19)
(62.1793589974 -0.404164084356 2.59093544569e-19)
(62.1841744725 -0.496070741206 -6.96559952176e-20)
(62.1880109039 -0.589360502918 -5.19083699305e-19)
(62.1907367327 -0.684221102139 9.52610240768e-19)
(62.1921948899 -0.780830538878 7.81704075555e-19)
(62.1922041725 -0.879354570227 -1.23862229042e-18)
(62.1905602253 -0.979941991666 -4.58641579914e-19)
(62.1870390573 -1.08272195366 1.23997253867e-18)
(62.181399665 -1.18780236763 5.42397987346e-19)
(62.1733844186 -1.29526710751 2.84083390025e-19)
(62.1627207234 -1.40517404153 7.62572936512e-20)
(62.1491243521 -1.51755302233 -5.01005378878e-19)
(62.1323026631 -1.63240430492 -2.46552606463e-19)
(62.1119573133 -1.74969735135 -2.40544215765e-18)
(62.0877873457 -1.869369515 -2.06267845878e-18)
(62.0594935648 -1.99132459896 7.45352074945e-20)
(62.0267821388 -2.11543295683 3.02360357479e-18)
(61.9893646743 -2.24153388652 2.53162719704e-18)
(61.9469604739 -2.36943618175 -2.59720814659e-18)
(61.8993037129 -2.49891792479 1.54826810179e-18)
(61.8461483135 -2.62972776453 1.78886619323e-18)
(61.7872688207 -2.76158766302 2.04519963182e-18)
(61.7224614826 -2.89419536767 -1.22507135198e-18)
(61.6515471308 -3.02722657884 -4.67248232135e-18)
(61.5743738943 -3.16033755164 2.29585352501e-18)
(61.4908189638 -3.29316803727 4.09326892782e-18)
(61.4007902593 -3.42534457572 -2.74632719796e-18)
(61.3042270973 -3.55648407244 -1.28353688278e-18)
(61.2010998335 -3.686197286 2.4554276112e-18)
(61.0914102844 -3.81409207239 -2.99506816987e-18)
(60.975192463 -3.93977669425 -1.72900852134e-18)
(60.8525119112 -4.06286308324 -2.13433742759e-19)
(60.7234649937 -4.18296973791 1.75787247332e-18)
(60.5881770714 -4.29972480681 -5.22530043941e-18)
(60.4467982282 -4.41276875718 -4.92703755566e-20)
(60.2995085658 -4.52176154391 3.49295785375e-18)
(60.1465243601 -4.62640575197 3.85847622482e-18)
(60.5546525498 2.43551430304 1.25497521935e-18)
(60.6174683264 2.3451718704 3.69355063768e-18)
(60.6780629127 2.25440549058 -8.43450561882e-19)
(60.735924076 2.16340178802 -1.06481083042e-18)
(60.7908363152 2.07227133233 -1.37445264204e-19)
(60.842828859 1.98112464527 1.37391557559e-19)
(60.8920208707 1.89006284066 9.02615699259e-19)
(60.9384991236 1.79917598306 8.37121724491e-19)
(60.9823182742 1.70854671985 2.42291560285e-18)
(61.023535559 1.61825055758 2.41383323454e-18)
(61.0622223782 1.5283548836 -2.83864167399e-18)
(61.0984579239 1.43891808493 -2.18457373239e-18)
(61.1323236118 1.3499893708 1.00066263418e-19)
(61.1639017051 1.26160668038 -1.4211885092e-18)
(61.1932735944 1.17379819048 1.21261599845e-18)
(61.220526534 1.08658171517 8.74272367433e-19)
(61.2457517202 0.999965203101 -2.30997689265e-20)
(61.2690356751 0.913945847965 1.33217407449e-19)
(61.2904628867 0.828509894339 -1.27682264725e-18)
(61.3101169116 0.74363350854 3.287047027e-19)
(61.3280791499 0.659281961923 8.97473079237e-19)
(61.3444248633 0.57541175352 -1.32377360599e-19)
(61.3592207179 0.491968136893 -1.82868576374e-19)
(61.3725342834 0.408884929819 -4.44835559958e-19)
(61.3844329119 0.32600092625 -4.4012581941e-20)
(61.3953178593 0.243368016783 1.53483343229e-19)
(61.4047231254 0.160850103635 6.63444497889e-20)
(61.4122409286 0.0784272844471 1.28684937644e-19)
(61.4184868901 -0.00407308803672 -5.26451888446e-19)
(61.4236252726 -0.0868011750863 4.25328445533e-19)
(61.4275894731 -0.169862268203 4.5800651997e-19)
(61.4302510251 -0.253342172025 -2.82319654242e-19)
(61.4315109475 -0.33733904625 4.89541826235e-19)
(61.4313326054 -0.421969772141 -1.19641491601e-19)
(61.4296643338 -0.507346742942 -1.63343675139e-18)
(61.426424626 -0.593571623515 -5.45996719909e-19)
(61.4215183486 -0.680740765525 1.77643367751e-18)
(61.4148360425 -0.768943355265 1.29217345944e-18)
(61.4062548703 -0.858259800848 -5.88113356019e-20)
(61.3956378249 -0.948759758984 -2.62746752847e-20)
(61.3828367991 -1.04050046551 -4.56895657634e-19)
(61.3676952374 -1.13352557239 2.07623008945e-19)
(61.3500475309 -1.22786381754 -6.19067280225e-20)
(61.3297192807 -1.32352784559 -9.06963289382e-19)
(61.3065298397 -1.42051324933 -6.24801983297e-20)
(61.2802948915 -1.51879774589 7.10734229118e-19)
(61.2508282076 -1.6183405066 1.39057130192e-21)
(61.2179432201 -1.71908172642 -4.73522373141e-19)
(61.1814558184 -1.82094256662 2.41121050113e-18)
(61.1411865831 -1.92382517834 1.40315821279e-19)
(61.0969590781 -2.0276121845 -3.15757661511e-18)
(61.0486019857 -2.13216693822 -6.91961433567e-19)
(60.9959562402 -2.23733514977 1.27527282606e-19)
(60.9388776001 -2.3429461099 -1.27293726268e-19)
(60.8772358087 -2.44881349302 -2.17325888511e-18)
(60.8109151901 -2.55473647428 -2.19851959076e-18)
(60.7398149247 -2.66050053228 3.18172007238e-18)
(60.6638488842 -2.76587797028 2.12638701089e-18)
(60.5829491893 -2.87062983855 -1.18314827147e-18)
(60.4970703913 -2.97450882662 1.03552872243e-18)
(60.4061893332 -3.0772615745 -2.32769245101e-18)
(60.3103036455 -3.17863044289 -3.01547015344e-19)
(60.2094318752 -3.27835516573 2.85721409273e-20)
(60.1036134331 -3.37617421869 -2.94418899137e-18)
(59.9929082307 -3.47182637714 5.55667958525e-18)
(59.8773972599 -3.56505253468 -1.29776785632e-18)
(59.7571811466 -3.65559773901 -1.47297064511e-18)
(59.632379006 -3.74321221462 1.58652699798e-19)
(59.5031228846 -3.8276604888 1.54862375632e-18)
(59.3695889497 -3.90872449205 8.22132483701e-18)
(59.9147761349 2.10804167983 -5.40587714246e-19)
(59.9740551886 2.03110996724 -3.16174986813e-18)
(60.0314066611 1.95365954653 5.56183571576e-20)
(60.0863819504 1.87583341179 5.05583344307e-18)
(60.1387848172 1.79771487915 -1.13392752065e-19)
(60.1886261668 1.71938601001 -1.93701317639e-18)
(60.235992316 1.64092204785 -1.12599070406e-19)
(60.2809411926 1.56239013114 -8.16972749267e-19)
(60.3235028032 1.48385198294 -2.92123664346e-18)
(60.3637085176 1.40536423031 1.73058644983e-18)
(60.4016007874 1.32697777622 2.85132473289e-18)
(60.4372279142 1.24873728336 -8.62712972866e-19)
(60.4706391619 1.17068086523 1.76964757311e-18)
(60.5018851981 1.09284156968 -2.29093022642e-18)
(60.5310161304 1.01524462462 -1.51462529209e-18)
(60.5580819816 0.937908742934 1.81792695413e-18)
(60.5831338464 0.86084486703 -7.81309575766e-19)
(60.6062222664 0.784056736793 -3.0090417563e-19)
(60.6273962868 0.70754124308 -6.36800608641e-19)
(60.6467027664 0.631288423825 -2.2992402445e-19)
(60.6641855825 0.555281485044 1.41469161693e-18)
(60.6798852244 0.479496912131 1.3616813479e-21)
(60.6938387515 0.403905190948 1.31038576981e-19)
(60.7060773224 0.32847129004 4.25611664912e-19)
(60.7166408948 0.253153908076 -4.34356316349e-19)
(60.7255117439 0.177904519526 -9.33844484828e-20)
(60.7330604091 0.102606538116 -1.86565143673e-19)
(60.738966691 0.0272892271839 -6.11908022306e-20)
(60.7426852998 -0.0479864336406 -1.90740822611e-19)
(60.7446305615 -0.123436215354 1.68902741343e-19)
(60.745107 -0.199140514059 -1.05412817293e-19)
(60.7440955752 -0.275125514407 0)
(60.741387557 -0.351432772203 3.77152017282e-19)
(60.7368624657 -0.428124881653 -2.20055657358e-19)
(60.7305074597 -0.505263495802 -3.56922531281e-20)
(60.7222913121 -0.582900853787 5.61385044111e-19)
(60.7121474663 -0.661083768959 -9.79175119863e-20)
(60.7000007376 -0.739855123058 -4.66234451186e-19)
(60.6857693079 -0.819251525879 5.23533048763e-20)
(60.6693659198 -0.899301717243 -1.10503563451e-19)
(60.6506974559 -0.980026034371 -1.43299893148e-18)
(60.6296661156 -1.06143579044 1.64777442365e-19)
(60.606169961 -1.1435324452 -1.43608062172e-19)
(60.5801025041 -1.22630686313 -1.43769340219e-21)
(60.551354156 -1.30973874167 3.52964039143e-18)
(60.5198142075 -1.39379617049 1.73154170624e-21)
(60.4853718983 -1.47843528213 -2.30859918161e-18)
(60.4479171893 -1.56360005973 -5.82098499509e-20)
(60.4073422525 -1.64922220375 -1.67188330465e-19)
(60.3635427867 -1.73522104591 2.12887507625e-18)
(60.3164175469 -1.82150354979 1.61301185377e-18)
(60.2658692981 -1.90796477873 -2.4102842004e-18)
(60.2118082353 -1.99448874436 -1.59143880568e-18)
(60.154153729 -2.0809490239 -3.54488880795e-18)
(60.0928354198 -2.16720973356 9.47603476851e-19)
(60.0277944994 -2.25312643116 3.07434137662e-18)
(59.9589806862 -2.33854525128 -2.00850011341e-18)
(59.8863492963 -2.42330228935 3.18338960597e-18)
(59.8098660698 -2.50722626602 1.1062480698e-18)
(59.7295130735 -2.59014176358 -1.08920916941e-18)
(59.6452885757 -2.67187085111 -3.58426173172e-18)
(59.5572043894 -2.75223327435 -1.02304332399e-18)
(59.4652850855 -2.83104673716 2.23514869934e-18)
(59.3695677981 -2.9081279445 -2.43680579753e-18)
(59.270101464 -2.98329265002 1.40418303449e-18)
(59.1669482157 -3.05635720709 5.47508927968e-18)
(59.0601845773 -3.12714148171 8.74444029297e-20)
(58.9498987495 -3.19547004606 -2.80345378188e-18)
(58.8361941707 -3.26117668735 -5.63922119923e-18)
(58.7191871471 -3.32411853923 1.71063760324e-18)
(59.3600678493 1.80330726539 2.12315478275e-18)
(59.4158748042 1.73820150806 3.22334985498e-18)
(59.4699674971 1.67255751745 -3.05941145849e-18)
(59.5219533735 1.60648514337 2.01939320526e-18)
(59.5716533516 1.54005012384 4.68852794926e-18)
(59.6190663275 1.47331616622 -1.72482086208e-21)
(59.6642546598 1.40634153742 -1.37602246016e-18)
(59.7072550682 1.33917845438 -1.53757907392e-18)
(59.7480797574 1.27187525528 -1.50143083663e-18)
(59.7867416065 1.20447666647 -1.41003198212e-19)
(59.8232623051 1.13702332026 3.35014059333e-18)
(59.8576680288 1.06955140036 -4.28456840815e-19)
(59.8899850092 1.00209199334 -4.99254666841e-19)
(59.9202387578 0.934671775465 3.29792127051e-19)
(59.9484564501 0.867312789008 -1.2466754142e-18)
(59.9746665192 0.800032585921 5.79282770531e-19)
(59.9988961723 0.732844074948 4.69853313054e-20)
(60.0211719209 0.665755500608 2.59459070059e-22)
(60.0415195635 0.598770519596 0)
(60.0599636221 0.53188833581 -9.64894640764e-20)
(60.0765267232 0.46510390065 2.96619255038e-19)
(60.0912292978 0.398408151338 -3.82614926475e-19)
(60.1040888912 0.331788240604 -3.150085196e-19)
(60.1151218866 0.265227743195 4.46725828512e-19)
(60.1243344188 0.198707468972 3.22919122803e-19)
(60.1317601726 0.132202024293 2.54004058844e-19)
(60.1373307882 0.0656972726059 -8.5326477264e-20)
(60.1415369412 -0.000914483152951 -1.45802916271e-19)
(60.143758711 -0.0675394562752 -9.78928497327e-20)
(60.1434605302 -0.134235539708 7.36264484147e-20)
(60.1415412672 -0.201045508299 1.92423084873e-19)
(60.1380697537 -0.268005670449 0)
(60.1327642076 -0.33514750456 -3.14173652481e-19)
(60.1254900054 -0.402494632702 4.82647107837e-19)
(60.1162517245 -0.470069186898 7.74163389785e-19)
(60.105045508 -0.537893345576 -5.5871196295e-19)
(60.0918253847 -0.605985711151 -6.58497836528e-19)
(60.0765351886 -0.67436157999 3.79838076576e-19)
(60.0591246539 -0.743031377754 -7.31229470827e-20)
(60.0395394873 -0.812000307736 -1.18560544612e-18)
(60.0177197682 -0.881268297776 1.66113798106e-18)
(59.9936042067 -0.950829415714 4.58576416489e-19)
(59.9671301395 -1.02067141505 -1.53072130605e-18)
(59.9382324411 -1.09077536077 1.26087634607e-18)
(59.9068445353 -1.16111529146 9.13429196182e-22)
(59.8728999108 -1.23165798743 -4.2602505453e-18)
(59.8363328021 -1.30236280925 -5.78116973784e-19)
(59.7970786193 -1.37318159019 1.99199670183e-18)
(59.7550746224 -1.44405854543 6.90537930371e-19)
(59.7102607215 -1.51493034364 2.91558504417e-18)
(59.6625802761 -1.58572634883 5.32293157807e-19)
(59.611980718 -1.65636871 -4.54175716422e-20)
(59.558414093 -1.72677242869 -7.7906130324e-19)
(59.5018377033 -1.79684573422 -1.73074395565e-18)
(59.4422161991 -1.86649104502 -7.71824306271e-19)
(59.3795230249 -1.93560549945 -8.47387809069e-19)
(59.3137382405 -2.00408041096 1.96925972807e-18)
(59.244846793 -2.0718013695 1.00006070009e-18)
(59.1728408284 -2.13864981572 -1.07179138304e-18)
(59.0977228288 -2.20450441654 0)
(59.0195059526 -2.26924167097 1.01447051194e-18)
(58.9382128869 -2.33273619529 -3.26327951947e-18)
(58.8538748736 -2.39486083058 -1.12475534847e-18)
(58.766532133 -2.45548744913 2.27012151437e-18)
(58.6762342091 -2.51448732265 4.9167156029e-18)
(58.5830395789 -2.57173201565 1.25146540047e-18)
(58.4870161142 -2.62709523801 -6.37531002498e-18)
(58.388241619 -2.68045375284 7.86922097322e-20)
(58.2868003604 -2.73169220603 -2.49714121167e-18)
(58.1827919516 -2.78070833436 3.80772011106e-18)
(58.8845516117 1.5158766507 -3.03323214049e-18)
(58.9368552378 1.4613252819 -4.87483356332e-18)
(58.9875720821 1.40626308385 5.81716329682e-20)
(59.0363771883 1.35077402345 7.94782884665e-19)
(59.0831069642 1.29490916579 8.46824008356e-19)
(59.127748958 1.23871754232 -3.21622836909e-18)
(59.1703474194 1.18224411728 9.23862243432e-19)
(59.2109252751 1.12552942525 3.54998017262e-18)
(59.2494840474 1.06861126588 -6.84494848297e-19)
(59.2860253512 1.01152496394 -7.64230793898e-19)
(59.3205579636 0.954302977404 -1.90179157491e-18)
(59.3530947195 0.896975008384 8.05019589541e-20)
(59.3836487496 0.83956775353 4.91764681536e-19)
(59.4122322143 0.782104430994 9.86663725593e-19)
(59.4388573864 0.72460532147 -8.41427687902e-20)
(59.4635376381 0.667087399731 -8.58349230946e-19)
(59.4862866042 0.609564501946 3.77405239153e-19)
(59.5071174445 0.552047459747 -2.462290181e-20)
(59.5260426553 0.494544180742 6.38592289379e-20)
(59.5430739101 0.437059745254 -3.08393208754e-19)
(59.5582217487 0.379596541149 7.95801990074e-19)
(59.5714953654 0.322154435551 4.02268787325e-20)
(59.582902379 0.264730941238 -4.67161566887e-19)
(59.5924492652 0.207321536892 4.84216024949e-19)
(59.6001376924 0.149919392611 1.70307072265e-19)
(59.6059815751 0.0925177831598 1.20338543236e-19)
(59.6099459281 0.0351010003919 7.83264201846e-20)
(59.612261575 -0.02232210121 7.17667202972e-20)
(59.6126256263 -0.079877634891 4.21732608431e-20)
(59.6107675885 -0.137366334323 3.03743614367e-19)
(59.6071253891 -0.194887419508 -7.18997367904e-22)
(59.6017364821 -0.252505151409 -4.38210212454e-19)
(59.5944524087 -0.310216861548 4.13658584676e-20)
(59.585202157 -0.368011210037 3.95803761052e-19)
(59.5739846868 -0.425893720209 -1.20331452414e-19)
(59.5607896231 -0.483875034648 -6.91597837587e-19)
(59.5455871111 -0.541961024865 2.53412343646e-19)
(59.5283449354 -0.600151497711 -7.36775610828e-19)
(59.5090336236 -0.658443561585 -3.65543296968e-19)
(59.4876198726 -0.71683194389 3.51588834383e-19)
(59.4640674288 -0.775307621444 -1.02339650314e-18)
(59.4383404143 -0.833857363992 -9.37874475707e-20)
(59.4104027977 -0.892463741861 2.4637068131e-18)
(59.380217348 -0.951104947864 5.03941469569e-19)
(59.3477463805 -1.00975453649 -1.21926944262e-18)
(59.3129528756 -1.06838127188 1.09881206143e-18)
(59.2758009153 -1.12694905911 8.34053478402e-19)
(59.236255902 -1.18541690091 -1.81126926464e-18)
(59.1942849647 -1.24373888705 -1.28642716316e-18)
(59.1498574727 -1.30186423481 -4.25478309558e-20)
(59.1029454974 -1.35973735993 1.32909778574e-18)
(59.0535242695 -1.41729799388 7.29895048551e-19)
(59.0015724967 -1.47448132216 -6.26016620346e-19)
(58.9470726721 -1.531218205 -8.32857862816e-19)
(58.8900119579 -1.58743555614 2.52770523174e-18)
(58.8303828527 -1.64305665335 9.15282946486e-19)
(58.7681830415 -1.69800148555 -3.47549365096e-18)
(58.7034152976 -1.75218715751 1.05255310071e-18)
(58.6360878377 -1.80552815263 1.03677266875e-18)
(58.5662149235 -1.85793652012 -2.22674274582e-18)
(58.4938168783 -1.90932203484 -2.74337310879e-21)
(58.4189198615 -1.95959302888 2.10862328088e-18)
(58.3415560347 -2.00865734285 -4.25430723145e-18)
(58.2617648649 -2.05642311408 2.21076498048e-18)
(58.1795937092 -2.10279941223 4.61278471596e-18)
(58.0950954637 -2.14769557095 -3.52178139375e-18)
(58.0083285568 -2.19102137565 2.98469135344e-20)
(57.9193554023 -2.23268796836 3.05471687045e-20)
(57.8282502145 -2.27261189423 -2.99419552093e-20)
(57.7350760474 -2.31072129513 6.81254855139e-18)
(58.4840150589 1.25130763362 1.96600875881e-18)
(58.5333583486 1.2062967835 6.50328333634e-20)
(58.5812190555 1.16082048311 -1.75344712005e-18)
(58.6273129397 1.11494494448 3.40352493424e-20)
(58.6714890064 1.06871083924 9.71349648436e-20)
(58.7137311799 1.02215672477 9.40677570714e-20)
(58.7540724842 0.975318288788 2.92840720534e-18)
(58.79252596 0.928228070249 -1.4665571946e-18)
(58.8290855876 0.880916657132 -2.02562920019e-18)
(58.8637454747 0.833412946421 2.62318465965e-18)
(58.896505943 0.7857437447 -3.78686197003e-20)
(58.927369722 0.737934710966 -1.31761228353e-18)
(58.9563402772 0.690007891783 1.11752137396e-18)
(58.9834220014 0.641983188179 4.21961710637e-19)
(59.0086196769 0.593878901601 -1.32680620342e-18)
(59.0319377474 0.545711369684 -1.57474137756e-19)
(59.0533806517 0.497494787149 -6.46357011158e-20)
(59.0729529892 0.44924126513 -1.14838150381e-18)
(59.0906593117 0.400960950136 -9.44813984193e-22)
(59.1065037857 0.352662120638 5.5695715007e-19)
(59.1204899177 0.304351291194 3.28624107332e-20)
(59.13262041 0.256033344037 1.02508888421e-19)
(59.1428972033 0.207711668023 -1.08210139052e-18)
(59.1513209657 0.159388342671 -2.46806433231e-19)
(59.1578924997 0.111064123359 4.65646253866e-19)
(59.1626064254 0.0627395541622 2.88998884087e-19)
(59.1654778636 0.0144106987408 1.72512774042e-19)
(59.1664534827 -0.0339139102287 -1.16920355655e-19)
(59.1658615407 -0.0822929747374 1.49727600603e-19)
(59.1633007743 -0.130617705334 -2.13596285218e-21)
(59.1583703724 -0.17893846504 -1.39965004131e-19)
(59.1516505116 -0.227287294858 1.29269791323e-19)
(59.1432350986 -0.275654612357 -1.23393871199e-19)
(59.1329505278 -0.324025923779 -1.55895762349e-19)
(59.1206953305 -0.372398791119 -4.89645161126e-19)
(59.1064665063 -0.420773366765 3.40699963849e-20)
(59.090273973 -0.469145702726 3.64371646918e-20)
(59.0721070405 -0.517507697307 5.83039538543e-19)
(59.0519423976 -0.565849916086 1.09983028325e-18)
(59.0297576026 -0.614161477343 6.44037655897e-19)
(59.0055334782 -0.662428912878 4.16677166286e-19)
(58.9792516106 -0.710636004665 -7.3815776987e-19)
(58.9508929154 -0.758763931056 6.90815809875e-20)
(58.9204378402 -0.806791159496 -1.52163737743e-18)
(58.8878672556 -0.854693250714 -3.63263428772e-22)
(58.8531630495 -0.902442768896 1.03892862715e-18)
(58.8163082928 -0.950009260837 3.5383478903e-20)
(58.7772873933 -0.99735923959 -1.29562814691e-18)
(58.7360863816 -1.04445617718 -3.08553009876e-20)
(58.6926932391 -1.09126052775 7.26943298446e-19)
(58.6470982065 -1.13772978527 -6.21755745879e-19)
(58.5992940732 -1.18381857459 3.57104286663e-18)
(58.5492764517 -1.22947876511 1.44350446329e-18)
(58.4970440706 -1.27465961864 -3.16260886215e-18)
(58.4425990266 -1.31930792241 -7.69513822397e-19)
(58.3859470703 -1.36336817859 7.40493327963e-19)
(58.3270978652 -1.40678285126 9.39966043031e-19)
(58.266065119 -1.44949253951 1.77023758419e-21)
(58.2028667824 -1.49143616172 -5.48520413997e-18)
(58.1375252947 -1.53255119279 -1.98529509201e-18)
(58.0700675368 -1.57277392405 7.7186470583e-18)
(58.0005244777 -1.61203978879 -4.92350132415e-18)
(57.9289316642 -1.65028397749 -3.06132314243e-18)
(57.8553303349 -1.68744211052 1.14253349702e-17)
(57.7797673445 -1.72345030334 -7.23940555607e-20)
(57.7022941077 -1.75824449732 -5.33976498733e-18)
(57.6229663314 -1.79176071146 2.47562168699e-20)
(57.5418428102 -1.82393550164 -2.34001870083e-18)
(57.4589861911 -1.85470906946 2.19623330527e-18)
(57.374455834 -1.88403548688 4.36017687796e-19)
(58.1538567852 0.997550722363 -4.16765824892e-18)
(58.2003528489 0.961701095384 -1.87167386724e-18)
(58.245445328 0.925465404358 8.57541422557e-19)
(58.2888900934 0.888889284778 -1.63933561929e-18)
(58.3305412133 0.852004653029 -7.51832959111e-19)
(58.3703774181 0.814841604562 1.58099237792e-18)
(58.4084241347 0.777427386059 2.84479102773e-18)
(58.4446887746 0.73978681761 7.90166920801e-19)
(58.4791613954 0.70194354582 -8.08040428819e-20)
(58.5118313069 0.663920112926 2.65760012051e-20)
(58.5426999988 0.625737649137 6.35480447406e-19)
(58.5717634023 0.58741459664 5.99993833657e-19)
(58.5990107031 0.548970131376 -2.67543501971e-20)
(58.624441706 0.510422196905 -1.42076492284e-18)
(58.6480577108 0.471786689719 -4.7255878714e-19)
(58.6698583606 0.433077876083 1.73956691201e-18)
(58.689842825 0.394308759568 -7.63574779228e-19)
(58.7080105171 0.355491173166 -8.11199423914e-19)
(58.7243610819 0.316635772946 6.34061077853e-19)
(58.7388941395 0.277752069288 -5.98697710537e-19)
(58.7516091017 0.238848509841 -5.79803768982e-19)
(58.7625051086 0.199932577042 4.69933627803e-19)
(58.7715810613 0.161010888677 6.29084257083e-19)
(58.7788352943 0.122089258252 -2.87479714629e-20)
(58.784266506 0.083172847636 -3.66349276471e-20)
(58.7878698038 0.0442659583363 -3.03517408812e-19)
(58.78965373 0.00537336415716 1.15146602601e-19)
(58.7895841141 -0.0335051855126 -2.44205263455e-20)
(58.787856875 -0.0723565262756 -1.67767216666e-20)
(58.7842390296 -0.111249278841 -3.64801559713e-20)
(58.7784770884 -0.150090630221 5.88668949075e-20)
(58.7709201298 -0.188871903003 -6.25583092709e-23)
(58.7616455314 -0.22762044608 -1.14679613842e-19)
(58.7505458031 -0.266346035436 5.97365027601e-19)
(58.7375509991 -0.305041262598 1.76979657566e-19)
(58.7226618322 -0.343697264157 -4.92534292212e-19)
(58.7058914271 -0.382307529908 2.24534436561e-19)
(58.6872362675 -0.420865492323 6.12721062584e-19)
(58.666682136 -0.459362317569 -8.88985051359e-19)
(58.6442171637 -0.497786799838 -9.45817981917e-19)
(58.6198328441 -0.536125830872 -4.90707825179e-19)
(58.5935209595 -0.57436452387 3.87816779766e-19)
(58.5652727861 -0.61248612635 3.67924438395e-19)
(58.5350797761 -0.650471909454 -5.03105400496e-19)
(58.5029342258 -0.688301107864 5.53506696541e-20)
(58.4688295168 -0.725950913147 1.52696271232e-18)
(58.4327601907 -0.763396481526 -1.2271718175e-19)
(58.3947221052 -0.800610940842 -2.8272651804e-18)
(58.3547126484 -0.837565406854 7.43037589005e-19)
(58.3127309432 -0.874229016478 1.81960716811e-18)
(58.2687780396 -0.910568978512 6.51656038738e-19)
(58.2228571011 -0.946550639612 -6.61989255947e-19)
(58.174973584 -0.982137564733 -1.51478821011e-18)
(58.1251354096 -1.01729163206 -1.39921350279e-19)
(58.0733531263 -1.05197314356 6.91070567208e-19)
(58.0196400612 -1.08614095428 8.11141701352e-19)
(57.9640124565 -1.11975261516 -8.0603548111e-19)
(57.906489592 -1.15276452396 -8.59682319169e-19)
(57.8470939316 -1.18513209177 -2.62706960359e-18)
(57.7858512754 -1.21680993273 1.07559975606e-19)
(57.7227907134 -1.24775207928 1.8622744892e-18)
(57.6579444759 -1.27791217735 -2.17176397037e-20)
(57.5913480596 -1.30724358118 1.97252744444e-18)
(57.5230404764 -1.33569946129 -5.92039634514e-20)
(57.4530643366 -1.36323305836 -9.93579656568e-20)
(57.3814655691 -1.38979791854 1.04432538456e-18)
(57.3082938908 -1.41534810167 -4.03601868527e-18)
(57.2335991775 -1.43983810501 -2.12232051578e-18)
(57.157443448 -1.46322612966 4.18690999659e-18)
(57.0798553361 -1.48547558174 4.99362894812e-18)
(57.8958445001 0.764273531595 8.90600982468e-19)
(57.9404307384 0.736487919836 -1.72963546369e-18)
(57.983604498 0.708393024301 3.6555739184e-20)
(58.0251977189 0.680027248083 1.5728025904e-18)
(58.0650896256 0.651412463809 -7.75535553701e-19)
(58.1032540416 0.622569590903 1.45823739045e-18)
(58.1397064431 0.593519046618 -7.12680153805e-19)
(58.1744496924 0.564279870875 -6.66028650506e-19)
(58.2074719092 0.534870242374 5.76010447609e-19)
(58.2387597568 0.50530767909 -1.16576653093e-19)
(58.268298465 0.475611921491 3.38883665831e-22)
(58.2960883252 0.445796547919 1.10728763711e-19)
(58.3221369647 0.415874641465 -1.00950199934e-18)
(58.3464383096 0.385859506487 -1.05511990825e-20)
(58.3689844769 0.355763765723 1.37894932917e-18)
(58.3897710493 0.325598996868 -4.37301036803e-19)
(58.4087957793 0.29537583529 8.31962695442e-19)
(58.4260568501 0.265104045877 -4.34484185289e-19)
(58.4415523675 0.234792530497 -9.8625854074e-19)
(58.4552804713 0.204449381126 6.24917818152e-19)
(58.4672393415 0.174081970459 -8.43568074144e-20)
(58.4774270921 0.143697000938 -2.06164240465e-19)
(58.4858416333 0.11330053006 -8.95720883933e-19)
(58.4924804563 0.0828979812604 2.0638529395e-20)
(58.4973406754 0.0524942785968 7.36163482351e-19)
(58.5004187083 0.0220937577639 -2.23405495734e-19)
(58.5017102229 -0.00829902715812 -1.12367856491e-19)
(58.5012085988 -0.0386824954694 1.81770029334e-19)
(58.4989049175 -0.0690460335064 -6.34806763612e-20)
(58.4947896646 -0.0994268186606 -4.20327459711e-20)
(58.4888517102 -0.129766139244 0)
(58.4810845013 -0.160051382112 -2.3556239095e-20)
(58.4714874678 -0.190292926863 -4.18127982592e-20)
(58.4600585592 -0.220490260636 -5.78547379095e-20)
(58.4467911309 -0.2506309168 -1.47215755095e-19)
(58.43168025 -0.28070153582 -2.12903262256e-20)
(58.41472586 -0.31069106992 -4.38410690829e-20)
(58.3959296125 -0.340589193684 1.68236026763e-19)
(58.3752920067 -0.370384555885 -1.2385928764e-19)
(58.3528126487 -0.400065024027 -6.03641787537e-19)
(58.3284913443 -0.429618091637 -2.58921706082e-19)
(58.3023283658 -0.459030669246 7.80708707519e-19)
(58.2743242268 -0.488288769676 2.78419443672e-21)
(58.2444797114 -0.51737737469 -4.2349932218e-19)
(58.2127962237 -0.546280405518 4.29388219231e-19)
(58.1792760776 -0.574980684461 1.89218559705e-20)
(58.1439226204 -0.603459882131 -6.24874848699e-19)
(58.1067403474 -0.631698482384 1.07153168553e-18)
(58.0677350599 -0.659675772134 1.23069646218e-18)
(58.0269140295 -0.687369847953 -1.15514586664e-18)
(57.9842861476 -0.714757634923 -1.8677613042e-18)
(57.9398620654 -0.741814918141 -6.88123438177e-19)
(57.8936543298 -0.768516387339 -6.1862416867e-19)
(57.8456775125 -0.794835693829 7.54343379884e-19)
(57.7959483336 -0.820745518557 1.45320444678e-18)
(57.7444857759 -0.846217650444 -1.8695751062e-20)
(57.6913111916 -0.871223074006 7.57464399059e-19)
(57.6364484033 -0.895732064537 -5.32039761234e-20)
(57.5799238268 -0.919714292469 -1.73933490728e-20)
(57.5217665956 -0.943138938044 1.77424146222e-18)
(57.4620085293 -0.965974802034 1.73718344883e-18)
(57.4006840292 -0.988190410481 -3.50546769023e-18)
(57.3378302096 -1.00975413925 -1.80731311248e-18)
(57.2734871039 -1.03063436259 5.55107917108e-18)
(57.2076977039 -1.05079960829 -1.82905867816e-18)
(57.140507875 -1.07021868391 -2.85678970609e-18)
(57.0719665188 -1.08886085946 1.90708641409e-18)
(57.0021243293 -1.1066960245 -1.90217712036e-18)
(56.9310354256 -1.12369544995 5.11796104667e-18)
(56.8587330725 -1.13984028944 -2.60748492065e-18)
(57.6972569664 0.535659692844 -3.06706573925e-18)
(57.73990918 0.516590873751 -3.35247175024e-18)
(57.7812977065 0.49728903655 1.58278602092e-18)
(57.8211782822 0.477775022085 1.13297691974e-20)
(57.859403959 0.45806996053 7.28278958701e-19)
(57.8959595338 0.438192123048 1.37000421187e-18)
(57.9308685086 0.418156472207 -7.0782676685e-19)
(57.9641334462 0.397976224938 3.25502563324e-18)
(57.9957398961 0.377664369807 1.89782246421e-18)
(58.0256890431 0.357226552412 -2.43086356743e-18)
(58.0539666395 0.336674201898 -1.65482648096e-18)
(58.0805394213 0.316024801352 4.1447618603e-20)
(58.1053998119 0.295292177586 5.17861092522e-19)
(58.1285497466 0.274486943536 -1.06044879727e-18)
(58.1499863438 0.25361870334 -2.95661407459e-20)
(58.1697037114 0.23269708755 1.33398860945e-18)
(58.1876962178 0.211731700072 7.34214924794e-19)
(58.203958707 0.190731957027 -1.03605073771e-18)
(58.2184864095 0.169707191819 -1.04645605697e-18)
(58.231275135 0.148666485396 1.18402640699e-18)
(58.2423209671 0.127619531481 -8.1433259929e-19)
(58.2516198999 0.106575841003 -8.56572672044e-22)
(58.2591676555 0.0855463833372 8.29877181323e-19)
(58.2649598546 0.0645418435029 -2.3759117277e-19)
(58.2689924725 0.0435740732609 -1.45995964013e-20)
(58.2712611983 0.0226598539127 -2.05470843263e-19)
(58.271763219 0.0018141753614 -1.82175995679e-19)
(58.2704965152 -0.0189546399498 1.83891712094e-19)
(58.2674679821 -0.039646801388 9.72697061803e-20)
(58.2626836614 -0.060266145747 6.01549954013e-21)
(58.2561395406 -0.0808252223304 -3.63120440162e-20)
(58.2478456607 -0.101344711129 -1.57237730233e-19)
(58.237822043 -0.121844593956 5.54356459221e-19)
(58.226076136 -0.142336253289 -1.24850959201e-19)
(58.2126032773 -0.162827375251 -4.52465025217e-19)
(58.1973989417 -0.18332139841 3.55419094822e-19)
(58.1804627793 -0.203813539059 -4.38210930859e-19)
(58.1617939033 -0.224295541981 -5.11022546988e-19)
(58.1413878721 -0.244752541386 5.24843734942e-19)
(58.1192393022 -0.265168075831 2.03960352345e-18)
(58.0953451898 -0.285526935474 3.19949862937e-19)
(58.0697053332 -0.305814857499 -1.38538774386e-18)
(58.0423211234 -0.326017574795 -1.22960278537e-18)
(58.0131948626 -0.346120478382 6.81355878779e-20)
(57.9823299736 -0.366108693767 8.93100571973e-19)
(57.949731329 -0.385967109779 -4.80504624629e-19)
(57.9154053094 -0.405680291921 -2.71485726899e-20)
(57.8793597594 -0.425232392582 1.0427898456e-18)
(57.8416040022 -0.444607100388 -6.57992282041e-20)
(57.8021489056 -0.463787612305 -4.809601491e-20)
(57.7610069567 -0.482756615072 -6.24867980433e-19)
(57.7181923257 -0.501496275794 1.29875002616e-18)
(57.6737209262 -0.519988244782 1.97744427592e-18)
(57.6276104756 -0.538213670818 -1.98509351993e-18)
(57.5798805555 -0.55615322704 -2.0847985752e-18)
(57.530552667 -0.573787145887 1.20136905309e-20)
(57.4796502818 -0.591095262093 -2.2686391944e-18)
(57.427198888 -0.608057062754 -7.71536293017e-19)
(57.3732260573 -0.624651743372 6.24207342918e-18)
(57.31776151 -0.640858272369 8.38885143498e-19)
(57.2608370498 -0.656655463175 -4.94849893431e-18)
(57.2024864349 -0.672022041145 8.55840243162e-19)
(57.1427454451 -0.686936709192 2.60220466138e-18)
(57.0816519852 -0.701378225007 1.08914849957e-20)
(57.0192461157 -0.715325483699 -9.68543373301e-19)
(56.9555696945 -0.728757574514 -9.15971374207e-19)
(56.8906673288 -0.741653918425 -9.37871435828e-21)
(56.8245821542 -0.75399412955 -1.90511538451e-18)
(56.7573712278 -0.765759914866 3.58379526918e-20)
(56.6890400602 -0.776933292429 1.89678464474e-18)
(57.5778030489 0.317274046084 -3.66626830054e-19)
(57.6196056446 0.305285323243 -2.40186973536e-20)
(57.6599631112 0.293169347853 2.44382354855e-20)
(57.698857019 0.28093811096 3.81977755106e-18)
(57.7361942959 0.268599571778 1.41706119881e-18)
(57.7719253371 0.25616189059 -3.52912555666e-18)
(57.8060450153 0.243632917495 1.27488625728e-18)
(57.8385502565 0.231020112051 -6.54723234702e-19)
(57.8693976833 0.218330569787 -4.99021875434e-19)
(57.8985707069 0.205577755654 -5.80609349277e-19)
(57.926115778 0.19276286123 -3.39754290639e-18)
(57.9520481214 0.179888935901 1.61848239155e-18)
(57.9763440402 0.166961579891 2.52113752706e-18)
(57.9989794825 0.153986129232 9.71061465337e-19)
(58.0199447624 0.140967275242 -1.39395205761e-18)
(58.0392385783 0.127909117746 4.18473022515e-19)
(58.0568606309 0.114815030404 -2.17422311682e-22)
(58.0728109231 0.101687752145 -6.58376162044e-19)
(58.087087847 0.0885294885015 9.98649628723e-19)
(58.0996955952 0.0753420086549 -2.76697124579e-20)
(58.1106277035 0.0621279137279 -5.61935132188e-19)
(58.1198959597 0.0488902115251 -5.33684532932e-19)
(58.1275209203 0.0356329379829 2.83755336481e-20)
(58.13349665 0.0223481460238 1.74217392229e-19)
(58.1378483313 0.00902534198845 -1.56040053e-19)
(58.1405939665 -0.00434234966748 -2.8511440491e-19)
(58.1416926953 -0.0177560706619 -4.32825904776e-19)
(58.1410650934 -0.0312089275528 6.8786526401e-20)
(58.1386483769 -0.0446862778669 2.29354255938e-19)
(58.1343715941 -0.0581707513881 1.92645988806e-20)
(58.12813121 -0.0716460667843 -5.41509593881e-20)
(58.1198826609 -0.0850841021803 1.97353423578e-20)
(58.1096760207 -0.0984516588397 1.75708361292e-19)
(58.097572995 -0.111721525373 -2.05901992193e-20)
(58.083606631 -0.124877778828 2.86050016677e-20)
(58.0678293793 -0.13790949336 -2.01346963307e-19)
(58.0502961521 -0.150813947374 -6.28196781384e-19)
(58.0310623926 -0.163594238392 2.4386483145e-19)
(58.0101711176 -0.176256316815 5.69906871158e-19)
(57.9876248246 -0.18880559863 -9.06091736553e-19)
(57.9634130766 -0.201244373754 2.85431373913e-19)
(57.9375317926 -0.213572477715 -3.0943006961e-20)
(57.9099833866 -0.225788501146 1.48950863592e-18)
(57.8807717551 -0.237890150635 1.6648990621e-18)
(57.8499008419 -0.249874113183 -2.13506147763e-18)
(57.8173757852 -0.261736023112 -1.41233148332e-18)
(57.7832036367 -0.273470586622 3.71452895022e-20)
(57.7473932797 -0.285071702798 -5.12279608542e-19)
(57.7099552683 -0.296532536497 4.7893364387e-19)
(57.6709018255 -0.307845574226 5.62784945733e-19)
(57.6302469016 -0.319002681476 -6.68762973879e-19)
(57.5880062104 -0.329995160127 1.81006905412e-18)
(57.5441972454 -0.340813801254 6.99567115184e-19)
(57.4988392984 -0.351448933049 -7.4138974549e-21)
(57.4519534829 -0.361890466035 4.53447949094e-22)
(57.4035627624 -0.372127937091 -4.9037405286e-18)
(57.3536919781 -0.382150552964 -2.75246685175e-21)
(57.3023678803 -0.3919472334 4.48570862963e-18)
(57.249619185 -0.401506656372 1.52048349118e-18)
(57.1954766354 -0.410817304739 -8.24860574747e-19)
(57.1399729587 -0.419867503838 1.30820923616e-22)
(57.0831427828 -0.428645455395 8.52936126967e-19)
(57.0250227273 -0.437139282767 -8.64999517357e-19)
(56.9656515449 -0.445337077394 -8.50542144213e-19)
(56.9050701649 -0.453226936335 -8.4958222259e-19)
(56.8433215947 -0.46079699448 9.69782466931e-19)
(56.7804512282 -0.46803544581 -1.8157365181e-18)
(56.7165054192 -0.474930711704 2.71601186884e-18)
(56.6515342648 -0.481471120963 1.9036639224e-18)
(56.5855571822 -0.487651817451 -2.87377070753e-18)
(57.5004457791 0.110957075071 3.77895142628e-19)
(57.5414804915 0.107482913303 0)
(57.5812694276 0.103967715006 0)
(57.619588914 0.100419811889 -7.79127490616e-19)
(57.6563038501 0.0968366887139 -2.17075799023e-18)
(57.6914039446 0.093217400239 7.33397784505e-19)
(57.7249126125 0.0895636935651 1.32650130107e-18)
(57.7568291936 0.0858781402936 -1.20262993456e-18)
(57.7871678862 0.0821624048961 6.40866498643e-19)
(57.815901482 0.0784261076685 1.73027389219e-18)
(57.8429674012 0.0746694409214 -7.32390610298e-21)
(57.8683569293 0.0708877528268 5.43505350734e-19)
(57.8920755895 0.0670778916925 -2.18664289686e-21)
(57.9141226395 0.0632389625492 -5.29432561353e-19)
(57.9344909327 0.059370762392 -8.74826983042e-19)
(57.9531697865 0.0554730501951 7.91880536146e-20)
(57.9701485561 0.0515421964546 -7.91851745767e-19)
(57.9854172143 0.0475865752741 -3.94309068622e-19)
(57.998969944 0.0436153218388 1.32611518347e-18)
(58.0107969408 0.0396166022957 6.46476063712e-19)
(58.0208798648 0.0355776510115 2.75591522686e-19)
(58.0292078016 0.0314871265347 -7.58137983107e-19)
(58.0357903301 0.0273596036632 2.1519634365e-19)
(58.0406142217 0.0230808862731 1.73110474494e-19)
(58.0436248688 0.0191986828945 -1.42401348064e-19)
(58.044817606 0.0159548595158 -3.97368371916e-20)
(58.0442458376 0.0133725393047 -3.13669224617e-19)
(58.0419779642 0.0114509970302 -9.49864597047e-20)
(58.0380970036 0.0102090036536 2.30103070533e-19)
(58.0326675347 0.00955017712928 -3.76236238756e-22)
(58.0257553295 0.00860529612984 2.01222924842e-19)
(58.0174015875 0.00716448473212 1.29489271772e-19)
(58.0075746568 0.00514768131916 3.89990543187e-19)
(57.9962171962 0.00250713051429 2.27166229024e-19)
(57.983278891 -0.000774156174244 -2.68408792713e-19)
(57.9687042599 -0.00472533864169 4.72856280794e-20)
(57.9524466986 -0.00926778639054 3.74897167933e-19)
(57.934461864 -0.0138876690175 -2.15275189041e-19)
(57.9147135418 -0.018475683049 -1.00416127813e-18)
(57.8932085978 -0.0230089011799 8.22574567704e-19)
(57.869970045 -0.0274779810487 1.2511261336e-18)
(57.8450159501 -0.0318812939424 -6.59880864457e-19)
(57.8183586499 -0.0362200060176 9.04855682304e-21)
(57.7900103577 -0.040495955311 -1.17387694748e-20)
(57.7599852578 -0.0447112661847 -1.69077972e-18)
(57.7282984905 -0.048868084568 -1.02053304615e-20)
(57.6949654073 -0.052968309948 1.91035562886e-18)
(57.6600017733 -0.0570134488394 -9.80653441892e-19)
(57.6234241107 -0.061004515682 1.95672991653e-21)
(57.5852498539 -0.064941980116 1.03513070909e-18)
(57.5454974235 -0.0688257568294 5.04611564472e-21)
(57.5041863159 -0.0726552231842 6.76874548866e-19)
(57.4613372141 -0.0764292511542 6.45155603004e-19)
(57.4169720921 -0.0801462477362 -6.66028327759e-19)
(57.3711143052 -0.0838042025902 5.84507334058e-20)
(57.3237886669 -0.0874007419821 3.40959735915e-21)
(57.2750215189 -0.0909331874346 -2.94902674779e-18)
(57.2248407926 -0.0943986172971 7.55093447558e-19)
(57.1732760822 -0.0977939295809 2.29266472367e-18)
(57.12035871 -0.101115904889 -8.12799565325e-19)
(57.066121681 -0.104361268797 2.39195219015e-21)
(57.0105995879 -0.107526751832 -4.5608655219e-21)
(56.9538286704 -0.110609144443 4.35488213154e-18)
(56.8958468986 -0.113605345553 1.18829379338e-20)
(56.836694012 -0.116512407488 -4.54548388116e-18)
(56.7764112022 -0.119327563551 -9.28548616097e-19)
(56.7150420053 -0.122048288303 -2.84249088401e-18)
(56.6526285435 -0.124672195089 3.85195592733e-18)
(56.5892249019 -0.127197707366 2.94321631093e-18)
(56.5248328586 -0.129622418267 -2.97702500242e-18)
(69.1636082611 -26.7344678029 -6.98516275487e-17)
(68.545324379 -27.4696285187 -1.70809882895e-17)
(67.8914217445 -28.1224566526 7.49491518236e-17)
(67.2091413399 -28.6890379354 3.97214428077e-18)
(66.5024218282 -29.1615600867 -4.58163783524e-17)
(65.7742460027 -29.536203508 -2.44200299175e-17)
(65.0282803878 -29.8201097726 1.71096809096e-17)
(64.2678765825 -30.0291262569 -1.49628579694e-17)
(63.4954576918 -30.1953954068 -8.12858345087e-18)
(62.7110702554 -30.3005084968 4.43169822218e-17)
(61.913278469 -30.3324235363 -5.4286302778e-17)
(61.1021043958 -30.2904940144 4.5427131999e-17)
(60.2755952015 -30.1784138305 3.66341235484e-17)
(59.4337166758 -29.9984345398 -1.76516178752e-17)
(58.5770067238 -29.7531689134 1.84785935791e-18)
(57.7061831924 -29.4464462117 9.01878197029e-18)
(56.8222342889 -29.0815849292 2.27842268697e-18)
(55.9260454179 -28.6617110463 -3.17909280016e-17)
(55.0185940059 -28.1897656334 -8.63544324877e-18)
(54.1010470178 -27.6684717 -2.28297744854e-19)
(53.1746747023 -27.1002158363 2.0625602773e-17)
(52.2408693784 -26.4869377601 5.15741358716e-19)
(51.3012165339 -25.8301149035 -1.58518441788e-18)
(50.3575273257 -25.1308635264 3.72766869421e-19)
(49.4118940217 -24.3900834415 -9.23488772079e-18)
(48.4667504415 -23.6085707856 5.36135600731e-19)
(47.5248748287 -22.7870475965 -1.08279083341e-19)
(46.5893091501 -21.9261006284 6.18116614326e-18)
(45.663304127 -21.0261025173 1.11976007078e-17)
(44.7501961957 -20.087056378 -1.83579353968e-17)
(43.853344391 -19.1086262175 -2.13770027853e-17)
(42.976114839 -18.0898857038 1.01685964862e-17)
(42.121865846 -17.0292939424 1.6652571548e-17)
(41.2941128588 -15.9247356885 -4.32071165382e-19)
(40.4966121148 -14.7734595162 -5.78644161288e-18)
(39.7335630392 -13.5715209561 -2.49621289847e-18)
(39.0104760284 -12.3143507077 -8.32795543457e-19)
(38.3351624657 -10.9997412122 -2.70622882993e-18)
(37.7170546472 -9.62691179552 -1.40221308878e-18)
(37.1633452225 -8.18201658267 5.65311007704e-18)
(36.6715481687 -6.60961297582 -2.0601349844e-18)
(36.2241530624 -4.97889316653 6.58336937945e-18)
(35.8041647067 -3.42090191044 2.27737572401e-18)
(35.4477171659 -1.94753324628 -4.24082402964e-19)
(35.296730615 -0.359271797953 5.62866536385e-19)
(35.5834903882 1.62864981696 4.17409798982e-19)
(36.503818684 4.17811543464 -4.78030729825e-18)
(38.0775395771 7.17491699659 -1.98948277017e-18)
(40.1532377515 10.3320853391 -2.14684475263e-18)
(42.5020941246 13.3881221805 1.48201313723e-19)
(44.9042721057 16.2177158646 -1.10335589723e-17)
(47.203850689 18.8492219857 3.23600427862e-18)
(49.3394275971 21.4205750383 9.68237022201e-18)
(51.3539962747 24.0832167455 4.11789212816e-18)
(53.3942980989 26.866758993 -1.98133788516e-18)
(55.6406876375 29.5023741897 -4.20287961823e-18)
(58.2085084302 31.3758859701 1.0522430043e-17)
(61.0874458316 31.6029440126 5.60318911772e-18)
(64.1630369757 29.2375256477 -1.24537776058e-17)
(67.1278990375 23.4623207808 2.22470634966e-17)
(69.4365102114 14.3314216217 -7.11756850516e-19)
(70.5679198124 3.09534778315 1.67106384265e-17)
(70.1699383198 -8.04604827392 1.92828459959e-17)
(68.2294813346 -16.8243211913 -2.09062946195e-17)
(65.1544811004 -22.0073316547 -9.55216229618e-18)
(61.6994227076 -23.6195921742 -9.55822444137e-18)
(58.4634274328 -22.858602296 1.31533364476e-18)
(55.6621770851 -21.011568481 1.41358541527e-17)
(53.3789289828 -18.9740876965 -1.13472930108e-19)
(51.5590672922 -17.1461389786 1.13064189581e-18)
(50.0571904742 -15.5750606731 2.09520525412e-18)
(48.7438708796 -14.174429601 3.17641890612e-18)
(47.5384199714 -12.8507269118 2.7623533666e-18)
(46.3945033429 -11.5380801755 -1.97722025698e-18)
(45.2883255369 -10.1918626044 -5.09360619416e-19)
(44.2033687976 -8.78200543867 3.00568539184e-18)
(43.0729555856 -7.30115879783 1.0659361387e-18)
(41.9966082943 -5.52891070766 5.23329490877e-19)
(41.0132736207 -3.82290792616 -2.19961011963e-18)
(42.2791203148 1.57861073673 9.69538498873e-19)
(74.966541945 -21.9313904923 6.93581022176e-18)
(74.2090366054 -22.5824065528 2.94763229987e-17)
(73.4190206355 -23.1780772959 4.90135457872e-17)
(72.5944914482 -23.7155000785 -3.04925731841e-17)
(71.7381731605 -24.1922936958 -5.44963164822e-17)
(70.8518102788 -24.6058631841 3.78809244357e-18)
(69.9402729766 -24.9537046352 1.378382098e-17)
(69.0055497495 -25.2338577228 1.82823708642e-18)
(68.0504712677 -25.4453197797 1.30038583753e-17)
(67.0756133108 -25.5882875412 6.93720695132e-17)
(66.081607177 -25.6644793868 -7.93409657472e-19)
(65.0692482505 -25.6756089905 -3.64555537553e-17)
(64.0428197999 -25.623478704 -2.45532965186e-17)
(63.0053511474 -25.5106316149 -8.99336122502e-19)
(61.9597632059 -25.3395815445 1.74763280884e-17)
(60.9090741874 -25.1129116472 1.48995938688e-18)
(59.8559966344 -24.833215332 -1.00415305362e-17)
(58.8032489371 -24.5030501317 3.9889463837e-19)
(57.7533950542 -24.1249361305 1.8565215244e-17)
(56.7087722128 -23.7012611731 1.85092917604e-18)
(55.6716038066 -23.2341546274 -3.46381523785e-17)
(54.644015959 -22.7254339934 -7.26196353924e-19)
(53.628040423 -22.1766791051 1.96854171816e-17)
(52.6256945771 -21.5893293205 -2.39873622682e-17)
(51.6390348956 -20.9647039324 -2.01506024772e-18)
(50.6701281152 -20.3039563805 1.61616161154e-17)
(49.7210394276 -19.6079783168 -1.00681886069e-17)
(48.7936963702 -18.87727546 1.07176349503e-17)
(47.8900856398 -18.1118735689 5.54864364332e-18)
(47.0119486211 -17.3113105721 -1.74707180847e-17)
(46.1611438474 -16.4744973338 -1.27685559112e-17)
(45.3396679611 -15.6000760933 1.44827498751e-17)
(44.5491058696 -14.6863050014 1.18895367666e-17)
(43.7913011898 -13.7311141118 -2.96555180828e-18)
(43.0684356878 -12.7321875086 -7.72209216613e-18)
(42.3830703481 -11.6870409808 4.28598421623e-18)
(41.738526726 -10.5933073539 1.03203978354e-17)
(41.1389604651 -9.44935677895 -3.570622165e-18)
(40.5886562605 -8.25317191965 -1.96310332739e-18)
(40.0925102489 -6.99808766576 1.33349224462e-19)
(39.6613397255 -5.67581321004 -2.22460733311e-18)
(39.3129029479 -4.28709938722 2.47777618738e-18)
(39.0472794338 -2.83130673767 6.16527033143e-20)
(38.827764093 -1.29788942604 -1.03300481568e-18)
(38.6244879866 0.251805395732 -2.50807161608e-19)
(38.4838923775 1.72036367923 3.95193504913e-21)
(38.5411634706 3.17724731985 1.67251145875e-19)
(38.9592311372 4.81378847631 -1.56382302991e-18)
(39.8572824785 6.80303145962 8.67980084795e-19)
(41.2636776975 9.17479806017 2.10273037432e-18)
(43.1012040352 11.8309593355 1.33049743233e-18)
(45.2298091747 14.6374341236 -7.14901840039e-18)
(47.5238315615 17.493572261 -2.22085764717e-18)
(49.929818675 20.3274394487 1.26963344511e-17)
(52.4826140616 23.0297102958 5.876756486e-18)
(55.2771960393 25.3519055752 -4.9798044702e-18)
(58.3916170334 26.8333906742 -1.34568126495e-17)
(61.8158421389 26.8046337816 6.37307747474e-18)
(65.4203586446 24.5383815466 6.73586554561e-18)
(68.8523355445 19.5145028019 -9.54947435414e-18)
(71.7261284586 11.8336926777 -2.35920565241e-18)
(73.1805874614 2.554169754 7.63663714732e-18)
(72.9129024008 -6.51453115332 -6.421494191e-19)
(71.299354877 -13.641059456 -1.69783425459e-18)
(68.0975936165 -17.9102687973 1.15316823243e-19)
(64.3282725332 -19.4146098893 1.45387811347e-19)
(60.7067610085 -19.0987248626 8.84695783182e-18)
(57.5835809093 -17.9479293197 -2.12790453562e-18)
(55.0470827967 -16.5845566602 -1.89137463927e-18)
(53.0122018401 -15.2675875255 1.53516925402e-18)
(51.3318324027 -14.0360545923 -3.11159269557e-18)
(49.883465356 -12.8504276702 -1.22415082274e-18)
(48.5904459987 -11.6653106322 -1.03003635214e-18)
(47.4063395185 -10.4480193377 1.09385788076e-18)
(46.2995377527 -9.17475600876 1.9362116891e-18)
(45.259593497 -7.81300531616 -1.78938395305e-18)
(44.2437453364 -6.34713944854 -3.55938795087e-19)
(43.2836125105 -4.65464567852 -4.66745323002e-19)
(42.1434641917 -3.21713656482 -5.71327233301e-19)
(42.1420137218 0.936030972243 -3.87673965376e-17)
(73.9241251884 -16.8981303653 2.59481831445e-17)
(73.2698935864 -17.4039123119 -5.43142282219e-19)
(72.5782598189 -17.8763326593 0)
(71.8496083157 -18.3132649089 -1.87851198039e-17)
(71.082415824 -18.7120686621 -1.11451751757e-17)
(70.2811211538 -19.0690360865 3.80188468381e-17)
(69.4482744491 -19.3814250576 1.2812497107e-17)
(68.5883791922 -19.6482149506 -2.16866647688e-17)
(67.7036172535 -19.8700739264 -8.79778986748e-18)
(66.7969707991 -20.0474721059 1.69640952516e-17)
(65.872220469 -20.1804003023 1.00183499106e-17)
(64.9330458783 -20.2688356186 -1.85805723899e-17)
(63.9828432617 -20.3130412469 -3.06961127581e-17)
(63.0248421354 -20.3134602436 -2.35939301646e-17)
(62.062137225 -20.2706424544 4.98402726974e-17)
(61.0976678939 -20.1852337896 2.27176805748e-17)
(60.1342167454 -20.0579081397 -1.98692117686e-17)
(59.1744032917 -19.8892934233 1.64285596913e-17)
(58.2206727927 -19.6799028597 2.13981478833e-17)
(57.2752867836 -19.430133952 -1.56967747211e-17)
(56.3403286961 -19.1403545405 -1.97432144148e-17)
(55.4177296163 -18.8110044061 2.05792239828e-17)
(54.5092916237 -18.4426335713 1.03981472291e-18)
(53.6167037016 -18.0358532504 -1.93320481599e-17)
(52.7415171385 -17.5912304895 -6.56361128122e-18)
(51.8851368709 -17.1091274676 -5.96433104693e-18)
(51.0488365538 -16.5896219427 1.67670035837e-17)
(50.2336781969 -16.0324995076 8.06871031525e-18)
(49.4406916238 -15.4371196077 -2.9877214751e-17)
(48.6711829767 -14.8027152707 -1.12947578985e-17)
(47.9261026009 -14.1281820573 1.21471984441e-17)
(47.2063597185 -13.4123784181 7.0606864419e-18)
(46.5136499246 -12.6540183431 5.10635476036e-18)
(45.8498736441 -11.851736479 4.65385102893e-20)
(45.2171653075 -11.0041567262 -2.92076050128e-21)
(44.618091893 -10.1098665086 -1.71836425417e-19)
(44.0557214656 -9.16740314014 6.27185650303e-20)
(43.5335872954 -8.17547075025 3.12804372226e-19)
(43.0554978626 -7.13338444485 0)
(42.6258789393 -6.04118415207 1.80724519514e-19)
(42.2513346731 -4.89888529942 -5.78448248105e-20)
(41.9410122515 -3.70509880036 -5.48291471912e-20)
(41.7027910153 -2.45352346108 -3.90229243964e-19)
(41.5436250512 -1.13316476933 -2.66539061483e-20)
(41.4727549311 0.248473803885 3.76553206238e-19)
(41.4842763667 1.67474110001 8.47722518324e-21)
(41.5203307747 3.1531028243 -8.07540908004e-20)
(41.6138442489 4.59734605015 5.57544457409e-18)
(41.8370880321 5.9792891577 -1.17876661547e-18)
(42.3007159067 7.46201440535 -4.39174106047e-18)
(43.1088233917 9.18795060131 4.07751860969e-19)
(44.3310709369 11.2148640098 4.42954829241e-18)
(45.983450686 13.5068141982 -4.61979399938e-18)
(48.0557756081 15.9366433416 -2.09376942805e-18)
(50.5466212171 18.2871845037 4.17840228144e-18)
(53.4674866614 20.2411938065 5.3259822618e-18)
(56.8227431897 21.3642167206 1.76903545488e-19)
(60.544120085 21.1199862275 -1.02475072092e-17)
(64.4663402384 18.9827185065 5.12274916495e-18)
(68.2134886337 14.6766521281 5.79657222171e-18)
(71.3517911942 8.51065926417 -8.82229259155e-18)
(73.0795984726 1.42689995873 -1.22372545329e-17)
(72.8559997906 -5.31946058586 -1.05460282758e-17)
(71.203455688 -10.5379675118 -3.10417189463e-18)
(68.09299652 -13.6513946218 -3.48127049931e-18)
(64.5550470713 -14.9534459457 2.69314393195e-18)
(61.2072389336 -15.1109839991 -1.22638358327e-18)
(58.3178950625 -14.69022287 -3.69210028029e-18)
(55.9220530486 -14.0136900943 2.85758455225e-18)
(53.9348954209 -13.2203099175 -2.04044084317e-18)
(52.2483825885 -12.3547000378 1.9720054028e-19)
(50.7785141219 -11.4255098192 2.07655038105e-18)
(49.4712869114 -10.4291437038 -3.45468543799e-19)
(48.2930371842 -9.35601736387 1.10144281044e-18)
(47.2162844742 -8.19771981596 -1.34915247029e-18)
(46.2280615249 -6.94017730891 -4.13133138658e-20)
(45.3116904691 -5.56645977042 1.86812554349e-19)
(44.5214453053 -3.93405901238 1.57944729936e-19)
(43.7106952367 -2.45200948724 2.38294399656e-19)
(43.0326166784 0.92440022935 1.24280508215e-17)
(69.8099811516 -13.6097834342 -9.93405662817e-18)
(69.3300076176 -13.9664132576 7.86787957476e-18)
(68.8241992633 -14.3059467689 -6.34074749136e-18)
(68.2920052579 -14.626648434 -1.51865602359e-18)
(67.7336619573 -14.9272180679 2.0875013781e-17)
(67.1503337471 -15.2066333395 4.25281030827e-19)
(66.5436919022 -15.4639629833 -4.29522395642e-19)
(65.9154446474 -15.6979777498 0)
(65.2673104582 -15.9070240861 0)
(64.6010640101 -16.0893296566 6.51353219321e-18)
(63.9184837433 -16.2432599775 3.9839304121e-19)
(63.2213611327 -16.3673752674 -6.68499752038e-18)
(62.5115231461 -16.4604132787 5.63039146059e-18)
(61.7908136102 -16.5212818829 6.22781799491e-18)
(61.0610687007 -16.549055066 9.32387995659e-20)
(60.3240997739 -16.5429623501 -9.6964648034e-19)
(59.5816792482 -16.5023765648 -2.02513816598e-17)
(58.8355352334 -16.4268023742 -3.31598434141e-17)
(58.0873569775 -16.3158616627 -7.55970050107e-19)
(57.3388068687 -16.1692694339 5.03505330698e-17)
(56.5915292685 -15.9867966478 1.39375575793e-17)
(55.8471412817 -15.7682271017 -2.36239880652e-17)
(55.1072101229 -15.5133093601 -3.2910144269e-19)
(54.3732387941 -15.2217321092 1.41792987818e-19)
(53.6467044542 -14.8931509851 5.87427240375e-18)
(52.929066947 -14.5271979364 2.97525860772e-19)
(52.2217131148 -14.123461327 -1.51273514482e-17)
(51.5262021407 -13.681485139 -4.59850484394e-19)
(50.8440114927 -13.2007821462 1.70409448098e-17)
(50.1766140403 -12.6808926261 2.89359256487e-19)
(49.5259458987 -12.1214021382 -1.29076070276e-17)
(48.8941223797 -11.5217211485 -4.87432142076e-19)
(48.2834669604 -10.8812357601 4.87230822686e-18)
(47.6965947333 -10.1993150324 1.41775657347e-19)
(47.1364404083 -9.47528110567 2.67833304762e-18)
(46.6062825745 -8.70843124206 1.92697237877e-18)
(46.1097858639 -7.8980640504 -5.68050351682e-18)
(45.6510463784 -7.04346647419 -1.7529887605e-18)
(45.2345687084 -6.14385225334 2.02288245457e-18)
(44.8651031776 -5.1983728067 8.66233965017e-19)
(44.5475584071 -4.20668370078 2.29149698631e-18)
(44.2869327725 -3.16956706594 -2.61163884975e-18)
(44.0892409229 -2.08798661454 -8.70519264072e-19)
(43.9640682846 -0.960472877692 1.04512429189e-18)
(43.9236718463 0.219053800917 2.88307593254e-19)
(43.975328285 1.45341296738 -1.19842087181e-18)
(44.1160961743 2.72333961851 1.04109129604e-18)
(44.3534214544 4.00789060565 6.92067941453e-19)
(44.6579920084 5.32178436843 -1.22861846385e-18)
(45.0406995297 6.6639729738 -1.48025876013e-19)
(45.5508549638 8.05883607479 -1.06658017976e-17)
(46.2736487188 9.54616261521 -1.0736681095e-17)
(47.3253700893 11.1004420643 6.64930436323e-18)
(48.8086002202 12.6817898524 -1.80228541636e-18)
(50.7989198329 14.1668709223 -1.64478508216e-18)
(53.3397913777 15.3278177195 -1.1751279155e-19)
(56.4188333711 15.8231386841 7.01086063333e-18)
(59.9214398617 15.2511417099 -1.04263276083e-18)
(63.5902323714 13.2816112082 -2.67379042893e-18)
(66.9823394947 9.85470673738 7.76395168536e-18)
(69.5453468141 5.35873720613 4.90776124897e-18)
(70.7855384409 0.523413861422 -8.73551981688e-18)
(70.4826458959 -3.93697799748 -4.57603467682e-19)
(68.7993702852 -7.46252617446 -1.25835798849e-17)
(66.2629949247 -9.80854373046 6.94582645634e-20)
(63.4660624183 -11.1483819391 -4.26932066395e-18)
(60.7943518582 -11.7694801007 -1.53758244541e-18)
(58.4040734944 -11.9064780543 3.29958211423e-19)
(56.3146439762 -11.7185285218 3.66125343412e-20)
(54.491193666 -11.3068658227 -1.42446904596e-18)
(52.8885027242 -10.7327063421 2.22157631979e-18)
(51.4673908232 -10.0304682004 5.44509141262e-19)
(50.1976439667 -9.21678353945 -5.45740452311e-19)
(49.0585199683 -8.29537420963 -3.65484382738e-19)
(48.0341399817 -7.26405578871 -3.41037814189e-19)
(47.116071164 -6.11770901023 3.12813240711e-19)
(46.2906507171 -4.85954577081 -1.67748293606e-19)
(45.6048920146 -3.36775493881 8.13253441995e-20)
(45.0583904506 -1.9108799448 -1.13293752031e-19)
(44.6249203988 1.0573588016 -9.35598019368e-18)
(67.1136582354 -10.8990845536 -1.06826614369e-17)
(66.7640215172 -11.1892140752 -2.38298399291e-18)
(66.3956619804 -11.4705520171 -2.22518154738e-18)
(66.0078377221 -11.7414334356 9.54805770076e-18)
(65.6001853058 -12.0003561986 1.77565159795e-17)
(65.1729540716 -12.2457195057 -5.89343141972e-21)
(64.7266735129 -12.4759196887 -5.88080737727e-18)
(64.2618157433 -12.6893953284 1.84237301302e-19)
(63.7788435131 -12.8846373239 1.46324303705e-19)
(63.2783480447 -13.0601994928 -1.5608941146e-19)
(62.7610643969 -13.2146992 -5.08505583662e-18)
(62.2278563623 -13.3468165098 -2.81690121409e-19)
(61.6796999849 -13.4552976653 -8.56118274312e-18)
(61.117668972 -13.5389583638 -8.72978782469e-19)
(60.5429259624 -13.5966839415 1.45713080688e-17)
(59.9567125735 -13.6274276724 -1.70262670127e-17)
(59.3603382542 -13.6302074937 -1.05495518275e-18)
(58.7551700186 -13.6041016744 9.92519445843e-18)
(58.1426228106 -13.5482449692 -3.86858529276e-18)
(57.5241505945 -13.4618268768 -9.34850374386e-18)
(56.9012398315 -13.3440933371 2.48406694506e-18)
(56.2754074464 -13.1943513754 4.70964872909e-18)
(55.6482007699 -13.0119736445 1.3634856643e-17)
(55.0211961982 -12.7963888541 1.22491821248e-17)
(54.3959880227 -12.5470712111 -1.8979703126e-17)
(53.7742737289 -12.2635553536 -2.80526820531e-19)
(53.1579743152 -11.9454389496 4.89642702242e-18)
(52.5490513434 -11.5923492404 -6.93701689765e-22)
(51.9494295689 -11.2039491813 -5.52664404899e-18)
(51.3611813787 -10.7798204924 -1.76749481574e-19)
(50.7865493088 -10.3195447487 1.13338844776e-17)
(50.2279141214 -9.82270261174 1.89236925697e-19)
(49.6878140053 -9.28885760535 -5.70067204571e-18)
(49.1689859933 -8.71756076232 -6.90326661049e-18)
(48.6743992736 -8.10836235676 1.69200792778e-18)
(48.2072865747 -7.46082521549 4.34124838854e-18)
(47.771179897 -6.77454544894 -5.4627008848e-18)
(47.3699508116 -6.04918545116 2.16020400112e-19)
(47.0078647656 -5.28450818731 5.88193770953e-18)
(46.6896643589 -4.48037378431 4.89112803811e-20)
(46.4206655817 -3.63668108029 -3.78497938889e-18)
(46.206628395 -2.7533990924 1.69005920432e-18)
(46.0537721014 -1.83063433134 2.46446226528e-18)
(45.9687492016 -0.869235509558 1.92456385062e-18)
(45.9596767344 0.129257834131 4.43183705699e-20)
(46.0384820574 1.16434605985 -7.80087737533e-19)
(46.2203638902 2.23754405886 -1.20139307316e-18)
(46.517155684 3.34718706345 -5.34697823448e-19)
(46.9296508716 4.48550816367 1.05486790763e-18)
(47.4573892262 5.64504724672 -2.00117003033e-19)
(48.1148629649 6.76529352577 1.09851606395e-19)
(48.9275305406 7.87682801308 1.15061591184e-19)
(49.9609446955 8.98576376209 -1.75019156246e-19)
(51.2936678685 10.0075838616 -1.37316118502e-19)
(52.9822958718 10.834140744 4.32306984931e-19)
(55.0656735611 11.316730175 -1.82029048792e-18)
(57.5212573338 11.2657944878 -5.01895760708e-19)
(60.2222233105 10.4893312355 1.16015772891e-18)
(62.9112368101 8.87447318622 -1.43880201945e-18)
(65.2222522738 6.47545401608 9.47494769413e-19)
(66.7796207383 3.53999248802 6.85478806874e-18)
(67.3515900554 0.422802087476 1.61033528806e-18)
(66.9287246666 -2.53340965709 -4.78804006494e-19)
(65.6911584596 -5.0521876158 -2.25414456962e-18)
(63.9366306529 -6.98368002618 1.12508565482e-18)
(61.9624460351 -8.32629070818 1.70644591109e-18)
(59.9738232437 -9.15926689596 1.66878529946e-18)
(58.0775072848 -9.58187139033 -4.63080064911e-21)
(56.3192674011 -9.68464689521 -2.02792767482e-19)
(54.7134057706 -9.53946391778 1.60143336248e-19)
(53.2573359173 -9.19854661631 1.76433084927e-18)
(51.9409716322 -8.69690500192 -1.88553393844e-18)
(50.7526169372 -8.05618799951 -2.97483490166e-19)
(49.6834969975 -7.28738434046 -4.45949424831e-19)
(48.7276186609 -6.39424066146 -3.72779380275e-19)
(47.8880661984 -5.37700185943 3.27718996512e-20)
(47.1543060015 -4.24099773747 -9.94708391343e-20)
(46.5688656663 -2.93231645574 -4.21462507531e-19)
(46.1387738782 -1.65634959977 2.55775010892e-19)
(46.0438864046 0.981193467805 -7.69182659955e-19)
(65.0689185841 -9.19738343157 3.31549684463e-18)
(64.8064009052 -9.40903777314 5.01317087736e-18)
(64.5286232197 -9.61531079049 4.48589464629e-19)
(64.2345763674 -9.81508490645 -1.34418945089e-17)
(63.9237192536 -10.0073554414 -6.19263084908e-19)
(63.5960246918 -10.191033998 1.18469410653e-17)
(63.2516825174 -10.365006449 -4.007230236e-18)
(62.8908734749 -10.5281439512 4.20165580094e-18)
(62.5138119322 -10.6792920184 1.57797985663e-19)
(62.1208233062 -10.8172750157 -9.51503712649e-19)
(61.7123369195 -10.9409055148 5.22160321328e-18)
(61.2888752836 -11.048993749 1.15323141251e-17)
(60.8510507237 -11.1403563495 9.31107658966e-19)
(60.3995628219 -11.2138241226 -1.58844601643e-17)
(59.9351986398 -11.2682493306 -7.92563083991e-20)
(59.4588316546 -11.302512401 -3.32357739765e-18)
(58.9714194429 -11.3155277685 3.34644895009e-18)
(58.4740019497 -11.3062487354 -5.70863547018e-18)
(57.9677006168 -11.2736711526 2.16315354648e-18)
(57.453718107 -11.2168356362 9.7717891652e-18)
(56.9333380952 -11.1348280474 -5.81377115794e-18)
(56.4079247854 -11.0267784156 -5.27367572161e-18)
(55.8789214881 -10.8918590041 -9.76700378976e-18)
(55.3478510479 -10.7292823445 4.68754004648e-18)
(54.8163451496 -10.5382840102 8.99172741292e-19)
(54.2860991147 -10.3181184786 -4.41118690741e-19)
(53.7587805775 -10.0681030504 7.74827537296e-19)
(53.2362118957 -9.78762061226 -3.37944627299e-19)
(52.7204212784 -9.47606722223 7.21057413173e-18)
(52.2134778071 -9.13286749965 -1.91812010708e-19)
(51.7175278843 -8.75749147207 0)
(51.2348618189 -8.34945900336 2.77266944832e-19)
(50.76793585 -7.90834073907 9.01332505478e-20)
(50.3193838919 -7.43376388825 4.5479062024e-18)
(49.8920417618 -6.92542114636 3.84670850472e-18)
(49.4889781703 -6.38308196894 -3.51711406044e-18)
(49.1135265815 -5.80660723744 -8.98517938619e-18)
(48.7693188758 -5.1959677394 -1.70924792779e-18)
(48.4603210777 -4.55126833623 3.73827972597e-18)
(48.1908731281 -3.8727876964 5.0547769915e-18)
(47.9657431638 -3.1610443535 -4.24496877885e-18)
(47.7902578423 -2.4168897039 -5.33362639951e-18)
(47.6702145815 -1.64153007175 -8.41158654676e-21)
(47.6123341385 -0.836659189528 8.49429017229e-19)
(47.6242866684 -0.00448715553106 2.62791491923e-18)
(47.7141454618 0.851926066186 1.19137365031e-18)
(47.8912486116 1.72816653357 1.47619232085e-18)
(48.1672912621 2.61897427396 -8.68636464393e-19)
(48.5566597687 3.51926099812 -7.33452800305e-20)
(49.0769124943 4.42383634486 7.72398047836e-19)
(49.7477835217 5.31755922166 -1.36212527745e-20)
(50.5829728736 6.17566346417 -4.42352533346e-19)
(51.5961828065 6.96138274726 -2.95019406247e-19)
(52.8109152197 7.61809805139 -2.41460128243e-20)
(54.2441494272 8.07128324536 8.72902982481e-20)
(55.8845377312 8.23590405901 -5.68627466048e-19)
(57.678669168 8.01965206319 -9.63182454118e-19)
(59.5183735075 7.34929993687 -4.87208598958e-20)
(61.2389044729 6.19525759931 5.24716061312e-19)
(62.6461445424 4.59280346085 -1.21152487174e-18)
(63.5698464425 2.64900339289 -9.23460736472e-19)
(63.9168618088 0.528809300987 3.82226949248e-18)
(63.6838883184 -1.57803258755 1.4752132918e-18)
(62.9430531841 -3.49188080486 2.35251145291e-18)
(61.8214382126 -5.08627505313 2.32955728001e-20)
(60.4657902139 -6.31059834238 1.59516341725e-18)
(59.0028762335 -7.17358804975 -9.87943638397e-21)
(57.5210560916 -7.7128349761 8.41299546927e-19)
(56.0776113466 -7.97328340117 -3.29627299555e-19)
(54.7067058838 -7.997887997 -1.16669224012e-18)
(53.4257407803 -7.82373450472 4.33842606408e-19)
(52.2423407258 -7.47932302559 -1.05636344422e-18)
(51.1591660109 -6.98508876994 6.72842054552e-20)
(50.1783234386 -6.35422525144 -3.13734847617e-19)
(49.3018414369 -5.59437500687 2.0473557668e-19)
(48.5414272829 -4.70696121891 -5.54565292506e-20)
(47.8903473145 -3.70962754882 1.62914106377e-19)
(47.409215486 -2.56069932629 8.5661382365e-20)
(47.0173102922 -1.467221793 1.30040680564e-19)
(47.0950470886 0.788978298426 -1.43284893256e-18)
(63.386952158 -7.63140075873 -6.94623632003e-18)
(63.174898256 -7.79511033646 1.88734482578e-18)
(62.95115901 -7.955946729 -5.77961321634e-18)
(62.7150390974 -8.11302129814 -4.86463772183e-18)
(62.4660447399 -8.26553072639 8.39015589613e-19)
(62.2040008071 -8.41259620135 3.50012138334e-18)
(61.9289009061 -8.55330133902 1.01518936764e-17)
(61.6407405799 -8.68670071125 3.17371708775e-18)
(61.3395316066 -8.81181651514 -3.70958355606e-18)
(61.0253564888 -8.92764360109 -7.46659981726e-18)
(60.6983723222 -9.03315516233 -7.38078251566e-20)
(60.3588101802 -9.12730781538 3.27850758528e-18)
(60.0069765547 -9.20904675737 2.88076357119e-18)
(59.6432547552 -9.27731082583 -6.36552084963e-18)
(59.2681085341 -9.33103761062 2.46004037975e-18)
(58.8820846736 -9.3691686055 6.87999369346e-19)
(58.4858140987 -9.39065424434 -9.17944356651e-18)
(58.0800126595 -9.39445878848 5.49852129851e-18)
(57.6654818304 -9.3795650976 7.74168456689e-19)
(57.2431092565 -9.3449793145 -7.73458628807e-18)
(56.8138692715 -9.28973548365 2.27011793815e-18)
(56.3788236749 -9.21290001917 4.87335827774e-18)
(55.9391226746 -9.11357592491 6.61385205963e-18)
(55.4960052499 -8.99090611865 -5.56980563472e-18)
(55.0507923142 -8.84407481828 -3.0563177697e-18)
(54.6048937978 -8.67232099726 1.30858850437e-17)
(54.1598469444 -8.474936442 -8.60851833205e-18)
(53.7173259785 -8.2512464391 -1.03932097213e-17)
(53.2791120928 -8.00063940567 1.06258547549e-17)
(52.8470920458 -7.72256302723 3.47256321253e-18)
(52.4232826109 -7.4165178093 -9.37406906399e-18)
(52.009847059 -7.08206134916 -2.51959724437e-18)
(51.6091068555 -6.71881723331 1.24746684863e-18)
(51.2235544138 -6.32648384454 4.05169289438e-18)
(50.8558703859 -5.90484534722 -1.19861101262e-18)
(50.5089440345 -5.45378714022 1.40254103736e-18)
(50.1858958329 -4.97331616892 3.72852465861e-19)
(49.8901037672 -4.46358689284 5.8129439275e-19)
(49.6252337544 -3.92493514658 2.83176097412e-18)
(49.3952767346 -3.35792105727 -2.45976436619e-18)
(49.2045853015 -2.76338200634 1.20049608734e-18)
(49.0579062289 -2.14249353055 1.018869011e-20)
(48.96042678 -1.49687398788 -3.22189952397e-19)
(48.9178008046 -0.828579787573 -1.42928219366e-18)
(48.9363159911 -0.140490345528 -7.51603129986e-20)
(49.0229246316 0.56358200377 9.95132732548e-19)
(49.1852334587 1.27863047119 1.19339613477e-19)
(49.4317301051 1.99801263328 -1.74007871174e-18)
(49.7719118657 2.71304879508 5.93698747162e-19)
(50.2166100387 3.41272082188 1.19086177207e-18)
(50.7779311378 4.08224121958 3.10434593169e-19)
(51.4670828404 4.70054754365 1.54429925889e-18)
(52.2929435798 5.24139560502 -7.37723852163e-19)
(53.2603182 5.67033861395 -3.40713891336e-19)
(54.3629290563 5.94135630173 -4.82427666143e-19)
(55.5757661202 6.00220197423 6.78082898706e-19)
(56.8513071592 5.80238331841 1.11360820707e-18)
(58.1184974893 5.3018399037 -1.24200331436e-18)
(59.2862935309 4.48172663904 2.13409345742e-21)
(60.2551292212 3.35682244558 6.98447774138e-19)
(60.9333737243 1.98448664848 -1.26332063465e-18)
(61.2549307355 0.463590474705 -6.65139875694e-19)
(61.1945363986 -1.08477246457 1.2058473334e-18)
(60.7729432392 -2.54355690204 6.04173541147e-20)
(60.0493929191 -3.8223376246 6.97856254498e-19)
(59.1053635485 -4.86878612783 -9.16474332074e-19)
(58.0226565432 -5.66683354692 -5.96186523884e-19)
(56.8700293948 -6.22193774136 5.49856163249e-19)
(55.7003231272 -6.55039204617 -9.59378085666e-19)
(54.5506053997 -6.6732705684 9.64449754865e-20)
(53.4460371182 -6.61243586231 3.90285702078e-19)
(52.4040062827 -6.38731475786 2.53796679693e-19)
(51.4362398394 -6.0140109906 9.05205706574e-20)
(50.5522424935 -5.5047475529 2.18641008908e-19)
(49.7602194566 -4.8674228751 1.14928498943e-19)
(49.0739539104 -4.1118522207 1.91113965718e-21)
(48.4994954469 -3.24719950224 -7.94280452685e-20)
(48.0960111093 -2.25065630584 1.45801988564e-19)
(47.7510037475 -1.32337349382 -1.49886265773e-19)
(47.8951716499 0.556364007731 1.63082386185e-17)
(62.0337995241 -6.53265531141 -1.55651329877e-18)
(61.8628228448 -6.6551314426 -6.6244791824e-18)
(61.6826855499 -6.7755661564 -3.09497407131e-18)
(61.4926498213 -6.89331208972 6.72435384875e-18)
(61.2922501848 -7.00779445308 1.17872658335e-17)
(61.0812921999 -7.11837657029 3.70561147087e-19)
(60.8596878617 -7.22438674622 -8.55613890428e-18)
(60.6273351857 -7.32512390775 3.03469518437e-18)
(60.3841442783 -7.41985348763 -2.14592787636e-18)
(60.1300830067 -7.50780920671 -3.68479363117e-18)
(59.8651792692 -7.58819577855 6.4237706824e-18)
(59.5895197924 -7.6601916697 -8.31945537747e-18)
(59.303252303 -7.72295219692 -4.94759386608e-19)
(59.0065886913 -7.77561280815 6.00556479875e-18)
(58.6998098189 -7.81729270528 2.3380836178e-18)
(58.3832695079 -7.84709882058 7.89887116013e-20)
(58.0573975737 -7.86413001756 -2.55443867812e-18)
(57.7227027907 -7.86748144895 4.96709554464e-18)
(57.3797759006 -7.85624903472 9.01508359139e-20)
(57.0292925325 -7.82953401614 3.85308387848e-18)
(56.6720159931 -7.7864475328 4.54376568345e-18)
(56.3087998926 -7.72611521069 -1.36650625513e-17)
(55.9405907275 -7.64768171044 -2.82142743329e-18)
(55.5684292454 -7.55031498339 8.08338506496e-19)
(55.1934447161 -7.43320799922 -5.46095373605e-18)
(54.8168608327 -7.29558265599 6.65049496815e-18)
(54.4400248085 -7.13670351011 3.3989629271e-18)
(54.0644111932 -6.95588729471 8.93492650417e-20)
(53.6916014208 -6.7525011426 -2.52159273193e-18)
(53.3232866575 -6.52596472999 -2.32261328855e-19)
(52.9612823125 -6.27575948704 2.37844256776e-18)
(52.6075376651 -6.00143833306 -3.46578968922e-19)
(52.2641464427 -5.70263621831 5.6062224634e-20)
(51.9333587533 -5.37908167367 -2.53869449903e-19)
(51.6175938569 -5.03061059996 3.32624012774e-18)
(51.3194544637 -4.6571835501 1.50496101728e-18)
(51.0417429388 -4.25890719768 -4.43226505391e-18)
(50.7874788385 -3.83606115688 -1.7548684247e-18)
(50.5599179991 -3.38913171504 5.157372081e-19)
(50.3625718396 -2.91885453978 2.07216072534e-18)
(50.1992311419 -2.42626965285 2.12755186233e-18)
(50.0739809948 -1.91279260028 -1.70784556561e-18)
(49.9912555649 -1.38030013351 -5.61675691074e-19)
(49.9558350771 -0.831262056924 -5.52033258365e-20)
(49.9728416829 -0.268838758029 5.89706918716e-19)
(50.0477989579 0.302932356473 -1.06896044089e-19)
(50.1865858831 0.87899217575 3.01048476029e-19)
(50.3953191998 1.45301052389 -1.54865663832e-18)
(50.6801909731 2.01699661718 -6.04314478483e-19)
(51.0472684116 2.56069757672 1.27723383585e-18)
(51.5023839996 3.07082784652 -1.54920234021e-18)
(52.0504250343 3.53060074101 2.60578011727e-19)
(52.6941038693 3.91967041716 9.71106096957e-19)
(53.4316450352 4.21312716975 -4.15332463961e-19)
(54.253833723 4.3815319425 5.80794040595e-19)
(55.1416809925 4.39319835814 7.28329845939e-19)
(56.0637053571 4.21773681209 -9.5713881037e-19)
(56.9746509496 3.83198208968 -4.25102848513e-19)
(57.8173934942 3.22598578716 1.76389549059e-19)
(58.5279105968 2.41011860678 4.5739376254e-19)
(59.0445666707 1.41997317988 8.39801387404e-21)
(59.319096517 0.315376334598 -9.15717549234e-20)
(59.3272901033 -0.82910890025 6.55900708137e-19)
(59.0737593998 -1.93870102549 -2.85556074956e-19)
(58.5876051772 -2.9499000247 -2.43511841326e-19)
(57.9140983525 -3.81809101579 5.44629519937e-19)
(57.1042927012 -4.51827352111 -3.45866878034e-19)
(56.2065856249 -5.04016676983 2.03729466965e-19)
(55.2630286161 -5.38387046037 3.6708762179e-19)
(54.3077743287 -5.5561679625 3.38419474573e-19)
(53.3674317325 -5.56701776773 -5.90999379542e-19)
(52.4627597829 -5.42788833193 3.46761000132e-19)
(51.610110073 -5.14994685847 1.81302877014e-19)
(50.8236854028 -4.74246851346 -1.66259341315e-19)
(50.1149926654 -4.2160281711 5.27995762555e-20)
(49.5039578966 -3.57704559726 -3.07836981191e-20)
(48.993415897 -2.83879796704 -1.30794580655e-19)
(48.6436520962 -1.9868165299 -1.45222908186e-19)
(48.3466636241 -1.20111652347 -9.1860467512e-20)
(48.4941810818 0.34057895143 -1.49419363765e-19)
(60.9256754288 -5.5015197002 2.42496768569e-18)
(60.7812043925 -5.59587839073 3.33061205192e-18)
(60.6294262709 -5.6889600783 1.42832800426e-19)
(60.4698595079 -5.78026559816 5.59427866723e-18)
(60.3021347749 -5.86935756812 4.43522744573e-19)
(60.1260486191 -5.95574855801 -5.94030924908e-18)
(59.9414860084 -6.03891912768 5.39484512611e-18)
(59.7483314799 -6.11832041987 2.98724241375e-18)
(59.54647662 -6.1933707994 -5.73717643106e-18)
(59.335850069 -6.2634569428 4.69550518566e-18)
(59.116422093 -6.32793550329 -9.17107965253e-18)
(58.8882062532 -6.38613478607 -8.55908150736e-18)
(58.6512620703 -6.43735672906 1.00129500565e-17)
(58.4056981943 -6.48087912838 2.20866274834e-18)
(58.1516771592 -6.51595824577 -1.57906002406e-18)
(57.8894198497 -6.54183182001 -2.50716419454e-18)
(57.6192093704 -6.55772241254 6.37200365534e-18)
(57.3413948861 -6.56284106681 2.21960827572e-19)
(57.0563955346 -6.5563912809 -8.07737059493e-18)
(56.7647043223 -6.5375732826 5.22387235961e-18)
(56.4668919688 -6.50558859348 4.05181948222e-18)
(56.1636107095 -6.45964486122 -5.62216650377e-18)
(55.8555979596 -6.39896089236 1.89889837585e-20)
(55.543679031 -6.32277171305 6.04006911472e-18)
(55.2287636415 -6.23033144438 3.1978535892e-19)
(54.9118527525 -6.1209182725 -6.06572461738e-18)
(54.5940671748 -5.99384874987 1.51211542049e-20)
(54.2766519889 -5.84848721205 2.58982268296e-18)
(53.9609568211 -5.68424432069 3.65969343067e-18)
(53.6484387116 -5.50058163665 -2.38314174714e-18)
(53.3406757834 -5.29702230837 3.75292696231e-18)
(53.0393747782 -5.07316117194 2.28404615957e-18)
(52.746378361 -4.82867566721 -3.41065931318e-18)
(52.4636727296 -4.56333839591 -1.53713258835e-18)
(52.1933956906 -4.27703203016 -3.22202382636e-18)
(51.9378455098 -3.96976723901 1.45888813269e-18)
(51.6994904503 -3.64170449344 2.49594220739e-19)
(51.4809787715 -3.29318056385 -1.24105945715e-18)
(51.2851485963 -2.92474081118 -7.33647947532e-20)
(51.1150383333 -2.53717906525 8.8295517304e-19)
(50.9738922922 -2.13158679444 1.79423670712e-19)
(50.8651740361 -1.70941637441 -4.56089947142e-19)
(50.7925373881 -1.2725526128 -2.16243246435e-18)
(50.7598398661 -0.823420445409 -2.08511169488e-18)
(50.7711774425 -0.365076236312 9.13435785954e-19)
(50.8307660073 0.0986496250611 2.13824239134e-18)
(50.9428626945 0.56296719663 2.10862920337e-19)
(51.1117331073 1.02191673708 -5.81906362319e-19)
(51.341541813 1.46812653826 -6.38033736809e-19)
(51.6361109085 1.89256618995 1.85155213183e-19)
(51.9984425251 2.28433315717 -4.44462090544e-19)
(52.4300932828 2.63035130818 -8.99560959592e-19)
(52.9302664496 2.91521903197 3.26068129686e-19)
(53.4949559881 3.12111998918 -2.40985771931e-19)
(54.1154923189 3.22858080453 5.03529182725e-20)
(54.7759520435 3.21764762 -9.59657040678e-20)
(55.4534563666 3.07011025808 6.37469814953e-20)
(56.1178030146 2.77231703443 3.80993247695e-19)
(56.7308281115 2.31967167369 -8.65583289359e-19)
(57.2502700794 1.71983801197 -4.72028743381e-19)
(57.6349980101 0.994711555576 -2.55655798509e-19)
(57.8515099468 0.179616720158 -1.33195055868e-20)
(57.8803716133 -0.679111398372 -2.47144462034e-20)
(57.7189445246 -1.53127754743 -7.83244301609e-20)
(57.3803389881 -2.33077121878 1.31713912113e-20)
(56.8891433567 -3.04109208522 3.88710495345e-19)
(56.2759280375 -3.63700262795 9.99711764569e-20)
(55.5729975294 -4.10309493425 -2.66079993533e-19)
(54.8118819679 -4.43151964387 4.9841585513e-19)
(54.0213453839 -4.62062266333 2.68145510719e-19)
(53.2262719365 -4.67270014372 -4.21775446636e-19)
(52.4476002541 -4.59338694082 -1.35772528558e-19)
(51.7033062084 -4.38837174158 2.6536547653e-19)
(51.0095690332 -4.06589617934 1.32055521845e-19)
(50.3810257059 -3.63423095938 -3.85260633192e-19)
(49.8367337708 -3.10029660549 -1.75263200477e-19)
(49.3824147307 -2.47885121306 1.11312681631e-19)
(49.0713049925 -1.75846774336 2.61730028253e-19)
(48.8184936516 -1.09389531057 1.23886136645e-20)
(48.9320158326 0.165759867846 -4.51828406454e-18)
(60.0090865658 -4.71381878029 5.73605405446e-19)
(59.8871983819 -4.78583455789 -3.07054514784e-18)
(59.7594864028 -4.85680759284 6.46123397857e-20)
(59.6254716431 -4.92635490917 4.66660877526e-18)
(59.4848379383 -4.99414816633 2.69013154402e-18)
(59.3374179067 -5.05981922224 -6.2708730611e-18)
(59.1830980791 -5.12297361232 -4.63939350271e-19)
(59.0217528846 -5.18319281417 -2.34303793705e-18)
(58.8532600796 -5.24003130375 -6.97222650871e-18)
(58.6775269709 -5.29301674372 2.27954838974e-18)
(58.4944933945 -5.341650623 -1.64291492205e-18)
(58.3041321932 -5.38540900026 -4.08630784043e-18)
(58.1064516909 -5.42374350124 4.46848923143e-18)
(57.9014992043 -5.45608251484 1.1887987461e-17)
(57.6893656645 -5.48183271726 2.50730837383e-18)
(57.4701899331 -5.50038096733 -4.48592533107e-18)
(57.2441627362 -5.51109654175 3.56011281173e-19)
(57.0115306869 -5.51333371014 -7.09444302093e-18)
(56.772600448 -5.50643466537 -1.80980303505e-18)
(56.5277429273 -5.48973281641 3.45341284189e-18)
(56.2773974606 -5.46255645433 -1.453622273e-18)
(56.0220759523 -5.42423277919 -3.17752300653e-18)
(55.7623668873 -5.37409229253 5.97177679573e-18)
(55.4989384446 -5.31147331949 -8.28215653305e-19)
(55.232536057 -5.23572474228 -5.08388174097e-19)
(54.9639889074 -5.14621092166 1.70290162872e-18)
(54.6942353059 -5.04232545077 -5.0484539867e-18)
(54.4243267236 -4.92350097069 2.47162830979e-18)
(54.1554105087 -4.78920888964 2.22823701502e-18)
(53.8887322992 -4.63896463634 5.52582058583e-20)
(53.625647817 -4.47233904423 1.09594210676e-19)
(53.36762882 -4.28896932313 3.55191752088e-19)
(53.1162683623 -4.088570839 3.42612974932e-18)
(52.8732860807 -3.87095032257 -1.48840110399e-18)
(52.6405334512 -3.63602110613 -6.06021349676e-18)
(52.4199989772 -3.3838210399 1.23257305945e-18)
(52.2138131216 -3.11453370429 1.34081573314e-18)
(52.0242526139 -2.82851354312 -6.39245641456e-20)
(51.8537436957 -2.52631590032 1.500453172e-18)
(51.7048636726 -2.20873320766 1.06732974653e-18)
(51.5803396304 -1.87683945444 -1.51211587916e-18)
(51.4830433453 -1.53204177657 -4.75834212289e-19)
(51.4159799085 -1.17614734508 1.52819172359e-18)
(51.382271244 -0.811419413082 2.5636175467e-19)
(51.3851224136 -0.440680245989 -2.2535746594e-19)
(51.4277616132 -0.0674155801873 7.77785234322e-19)
(51.5133698663 0.304132607433 -3.70106131301e-19)
(51.6449758391 0.668843264067 -8.44619195928e-19)
(51.8252800563 1.02057179548 1.48791967468e-18)
(52.0564034558 1.35200035598 5.74593874457e-20)
(52.339573697 1.65448593159 -1.15006452618e-18)
(52.6746772287 1.91794470104 -2.05610739454e-20)
(53.0597170336 2.1308783642 1.10533497745e-18)
(53.490164514 2.28057683559 5.85094491002e-20)
(53.9580653451 2.35349135011 -6.95906819442e-19)
(54.4514442309 2.33627664779 2.38276042011e-19)
(54.9530141347 2.21767434391 2.55440677902e-19)
(55.4408185651 1.989567543 -3.28396946027e-19)
(55.8893159951 1.64933337664 -2.06732542601e-19)
(56.2701564065 1.20232568066 6.17131855931e-20)
(56.5556240891 0.662816537794 -1.96750349338e-19)
(56.722157216 0.0537082237121 3.06806199219e-19)
(56.7536481237 -0.595400301028 5.29811122274e-19)
(56.6439470972 -1.2514075789 -1.56782918547e-19)
(56.3975578185 -1.88131511996 -6.68904225882e-19)
(56.0276627272 -2.4558241918 9.28687497428e-20)
(55.5530247353 -2.9520625038 2.8353218744e-19)
(54.9954610463 -3.35419962605 -3.00491793839e-19)
(54.3778861292 -3.65180354499 -3.52554377431e-20)
(53.7228469244 -3.8385717106 1.27331909495e-19)
(53.0515943951 -3.91169299329 1.40471794657e-19)
(52.3836018378 -3.87180350093 -1.02684775145e-19)
(51.7367614222 -3.72263757029 9.08612916769e-21)
(51.1281469285 -3.46918521877 -1.78732628055e-19)
(50.572865747 -3.11761013893 -1.46331429445e-19)
(50.0886436726 -2.67523660411 4.52009652214e-19)
(49.6836690816 -2.15625093751 2.71058191034e-19)
(49.4016724759 -1.5525616349 -1.56795522986e-20)
(49.1814531593 -0.993729825816 8.23172001148e-21)
(49.2611423284 0.0392188584832 -2.89777140275e-19)
(59.250039745 -3.976458705 -6.01918786894e-18)
(59.1442629019 -4.0322683916 -5.15672330619e-18)
(59.0336719981 -4.08730099592 3.68568709241e-18)
(58.9179624865 -4.14125765667 4.23668170472e-18)
(58.7968892802 -4.19388674824 -7.82299165193e-19)
(58.6702965501 -4.24490538634 -8.88599845951e-18)
(58.5380768861 -4.29400907424 8.37572032911e-19)
(58.400122051 -4.34087274435 6.59303111419e-18)
(58.2563263779 -4.38514821413 1.45383551873e-19)
(58.1066036086 -4.42646412921 -2.059625983e-18)
(57.9508907426 -4.46442620054 5.60534862634e-18)
(57.7891497946 -4.49861748328 3.36963344548e-19)
(57.6213700167 -4.52859885618 -4.21908293294e-18)
(57.447570698 -4.55390969352 1.73763979715e-19)
(57.2678050163 -4.57406883256 -1.81637549114e-18)
(57.0821638804 -4.58857587079 9.67642030374e-18)
(56.890779582 -4.59691278027 5.21023405013e-18)
(56.6938295597 -4.5985458532 -5.31570110874e-18)
(56.4915403416 -4.59292800283 -3.06649768525e-18)
(56.2841915784 -4.57950144132 -4.59806201608e-18)
(56.072120174 -4.55770074123 1.04051972978e-18)
(55.8557243861 -4.52695632468 1.59104988876e-19)
(55.6354678695 -4.48669828487 -2.67714263329e-18)
(55.4118832366 -4.43636048837 -3.67729174084e-18)
(55.1855704992 -4.37538327891 -1.97184376848e-19)
(54.9572030401 -4.30321806057 8.10204037488e-18)
(54.7275504087 -4.21933973937 -3.9740856783e-18)
(54.4974825716 -4.12325586051 -4.6562000189e-18)
(54.2679552728 -4.01450695283 4.21042318091e-18)
(54.0400122432 -3.89267184163 -4.43058050487e-18)
(53.8147953766 -3.75737846968 3.15210272736e-18)
(53.5935496691 -3.60831440565 4.43935559661e-18)
(53.3776271933 -3.44523805739 -3.2658343558e-18)
(53.1684906161 -3.26799113345 1.79357311749e-19)
(52.9677162598 -3.07651283709 1.26113375038e-18)
(52.7769966132 -2.87085632523 -6.99579547387e-20)
(52.5981419965 -2.65120798671 -1.330843806e-18)
(52.4330809783 -2.41791001168 -2.42366181776e-18)
(52.2838590832 -2.17148671689 -8.78116742719e-19)
(52.1526350659 -1.91267531203 2.09176660806e-18)
(52.0416735959 -1.64246216461 -2.1681398411e-18)
(51.9533329676 -1.36212556661 -4.73788483061e-19)
(51.8900459528 -1.07328592585 2.96807766935e-18)
(51.8542906131 -0.777963152198 -6.1558163463e-19)
(51.8485502131 -0.478643224091 -3.16986618677e-20)
(51.8752607683 -0.178349229753 6.81340781095e-19)
(51.9367304955 0.119281025906 -8.85149336384e-20)
(52.035030344 0.409909300529 -4.6300408409e-19)
(52.1718573888 0.688414140669 1.36681305166e-18)
(52.3483518208 0.948824628074 4.03239762718e-19)
(52.5648556557 1.18427922937 2.24622120617e-19)
(52.8206050681 1.38700805483 -1.38413630477e-18)
(53.1133384334 1.5484165916 7.07951745583e-19)
(53.438813866 1.6593615269 7.65742622534e-19)
(53.7903661297 1.71051619608 -4.25961348431e-19)
(54.1584152783 1.69300146038 -5.65348701606e-19)
(54.5303755612 1.59912786563 -1.41268437509e-19)
(54.8903562693 1.42405703837 -2.52817436649e-20)
(55.2199454767 1.16636491371 -1.88289540625e-19)
(55.4996372896 0.829645794879 1.45031159573e-19)
(55.7099382834 0.423195945514 4.60341737727e-19)
(55.8337153341 -0.0380141011823 1.70567409719e-19)
(55.8583555876 -0.53409339852 -7.35756316382e-19)
(55.7772245624 -1.04222093517 -4.37766237148e-19)
(55.5902024741 -1.53882300989 2.4468254026e-19)
(55.3035026018 -2.00164572469 2.17217593907e-20)
(54.9285723877 -2.41129879044 5.82913270514e-19)
(54.4801623099 -2.75221966842 -3.49131760293e-20)
(53.9747583423 -3.01288507975 -2.68543450029e-19)
(53.4295837693 -3.18541967011 1.02522894952e-19)
(52.8621050986 -3.26538981929 1.41666103693e-19)
(52.2895827394 -3.2512652293 6.43705484899e-20)
(51.7286252452 -3.14345245849 4.91131427696e-20)
(51.1953799995 -2.94456481517 -1.33713501799e-19)
(50.7047548435 -2.6598734601 -1.67895978652e-20)
(50.273721378 -2.29583221946 3.18175846539e-19)
(49.9117075103 -1.86552498089 -4.37225780201e-19)
(49.6533653326 -1.36356900843 7.28466287266e-20)
(49.4566096636 -0.897135887502 -2.08555660839e-19)
(49.5080125546 -0.0455200248747 1.13440413095e-19)
(58.6148937115 -3.37659867038 2.44299645017e-18)
(58.5230380046 -3.41975492074 8.50953296894e-19)
(58.4272356356 -3.46223682766 -6.33088406488e-19)
(58.3271813517 -3.50380919559 2.67486866183e-18)
(58.2226698004 -3.5442774079 7.14482127446e-18)
(58.1135823943 -3.58342213604 -3.96398525017e-18)
(57.9998291834 -3.62100680992 -2.65788627711e-19)
(57.8813115076 -3.65677863951 1.45753266138e-19)
(57.7579315262 -3.69046654429 -4.01883999939e-18)
(57.6296076147 -3.72178090137 -1.68884177709e-18)
(57.4962767948 -3.75041351985 -3.40071167486e-18)
(57.357895277 -3.77603768308 1.58495341243e-18)
(57.2144402649 -3.79830834043 6.65262303146e-18)
(57.0659126642 -3.81686243243 3.17060900967e-18)
(56.9123405186 -3.83131943833 -4.536745898e-18)
(56.7537823556 -3.84128218767 -1.69353222743e-18)
(56.5903304263 -3.84633793468 1.25250405967e-19)
(56.4221141109 -3.84605971308 1.13703710421e-18)
(56.2493035144 -3.84000799747 4.18136804028e-18)
(56.0721132059 -3.82773270135 -2.79578738765e-18)
(55.8908060045 -3.80877552298 -2.67613310438e-18)
(55.7056968933 -3.78267270143 -4.70597804302e-18)
(55.5171568739 -3.74895807816 -4.76409391427e-18)
(55.3256159086 -3.70716648649 -7.92672474699e-19)
(55.1315620128 -3.65683601619 1.64999831963e-19)
(54.9355472395 -3.59751173473 7.32570540455e-18)
(54.7382076469 -3.52875693752 5.26465216769e-18)
(54.5402670032 -3.45016124374 -3.80664172001e-18)
(54.3425240535 -3.36134077175 -1.00250634778e-18)
(54.145854327 -3.26194311024 1.728964205e-18)
(53.9512188956 -3.15165733148 3.73368604374e-18)
(53.7596685073 -3.03022365335 -1.11583974507e-18)
(53.5723465211 -2.89744370686 -5.32584548219e-18)
(53.3904910903 -2.7531919659 2.5929975106e-18)
(53.2154367331 -2.5974286888 2.67293530054e-18)
(53.0486151347 -2.43021471107 -1.25350596584e-18)
(52.8915547819 -2.25172851444 -4.94667546331e-20)
(52.7458789735 -2.06228592363 -2.7787635909e-18)
(52.6133017651 -1.86236266268 -2.24911506093e-18)
(52.4956212248 -1.65262014666 2.69002711038e-18)
(52.3947091213 -1.43393524671 1.81692337724e-18)
(52.312495872 -1.20743462289 -1.402416257e-19)
(52.2509489026 -0.974533553023 -7.24771004978e-19)
(52.2120432418 -0.736978478351 8.86196628187e-19)
(52.1977221599 -0.496892091566 1.19850852217e-18)
(52.209841604 -0.256822530467 -1.86556823448e-18)
(52.2500989288 -0.0197965405723 -1.67691260017e-18)
(52.3199419926 0.210635469805 1.10904107936e-18)
(52.4204496061 0.430353571701 4.50636549543e-19)
(52.5521808565 0.634637267264 -1.4419688468e-18)
(52.7149897072 0.818159346776 -1.92615954593e-21)
(52.9078008086 0.975019316522 5.40762780241e-19)
(53.1283458232 1.09884060689 -6.92464398474e-19)
(53.3728806219 1.182953222 3.43459856093e-19)
(53.6359128338 1.22069061695 9.80099527155e-21)
(53.9099685981 1.20584065585 -2.90822813624e-19)
(54.1854877523 1.13328632399 2.18648452634e-21)
(54.4508368947 0.999596650144 -3.74020589696e-19)
(54.6927892528 0.804113248424 -2.9424356315e-19)
(54.8972196878 0.549326008196 2.43023827831e-19)
(55.0499446461 0.2414944958 -1.3347009042e-19)
(55.1381831413 -0.109299436547 -1.70735135716e-19)
(55.1519210011 -0.489557090749 -3.17533073905e-19)
(55.0848950045 -0.883324721759 1.53533165649e-19)
(54.935175949 -1.27344416025 5.57748279052e-19)
(54.7052631024 -1.64282929266 1.36600453156e-19)
(54.401668697 -1.97585526754 -2.21569109555e-19)
(54.0340552196 -2.25922633281 -9.87786719384e-20)
(53.61427357 -2.48200754386 1.93764048056e-20)
(53.1556999158 -2.63570245251 1.7904556992e-19)
(52.6726858591 -2.71451921469 -4.06365509813e-20)
(52.1799813912 -2.71533752382 2.45157353761e-19)
(51.692252329 -2.63740140407 1.31149990289e-19)
(51.224218281 -2.48217402785 -5.56199500155e-19)
(50.7901230312 -2.25336660102 -9.12993380126e-20)
(50.4056192174 -1.9560708732 -7.60093081698e-20)
(50.0805326372 -1.60189293827 3.39291406524e-19)
(49.8423393448 -1.1872091304 4.1191561955e-20)
(49.662983191 -0.801473140571 -1.94729410428e-19)
(49.6826614161 -0.0985052285835 6.55396588847e-19)
(58.0902812357 -2.82153516142 9.23982417318e-19)
(58.008899959 -2.85506792251 -4.12494304415e-19)
(57.9241369197 -2.88805064251 2.0298294845e-18)
(57.8358109964 -2.9202980065 -1.82134117005e-18)
(57.7437631258 -2.95165967858 -3.4731573654e-18)
(57.6478825058 -2.98196590942 -2.02692258582e-18)
(57.5480870266 -3.01103309571 1.70995666755e-19)
(57.4442952584 -3.03866444642 1.85149022455e-18)
(57.3364271706 -3.06464830415 5.29201366752e-18)
(57.2244134885 -3.08875794385 3.07026999167e-18)
(57.1081987059 -3.11075153421 -6.94112493409e-20)
(56.9877425091 -3.13037206228 -3.1832604733e-18)
(56.8630213511 -3.1473472845 -1.61408321752e-18)
(56.7340305432 -3.16138984513 5.44496235489e-18)
(56.600787008 -3.17219757315 5.70884346634e-18)
(56.4633321 -3.17945400825 -5.46020086247e-18)
(56.3217344017 -3.18282914979 -4.4067453367e-18)
(56.1760926692 -3.18198043872 -2.36644757963e-18)
(56.0265389559 -3.17655400144 -3.91958946185e-18)
(55.8732418842 -3.16618618392 4.71667538988e-18)
(55.7164100046 -3.15050541209 2.58396412948e-18)
(55.5562952934 -3.1291343825 -2.33776141195e-18)
(55.3931965689 -3.10169261326 4.14602992509e-18)
(55.2274620945 -3.06779928173 -2.77799313421e-18)
(55.059489843 -3.02707461071 -4.3799681926e-18)
(54.8897317944 -2.97914393392 -5.7556439144e-19)
(54.7187103081 -2.92364714506 -1.94135072293e-19)
(54.5470237537 -2.86024501209 3.72705511765e-18)
(54.3753358868 -2.78861974698 -1.49093480572e-20)
(54.2043759038 -2.70847973767 1.51459941501e-18)
(54.0349457827 -2.61956812328 7.97300136095e-20)
(53.8679243962 -2.52167111965 -1.43521109287e-18)
(53.7042699062 -2.41462709593 -3.33215647955e-20)
(53.5450209031 -2.29833661453 2.41506709142e-18)
(53.391296938 -2.17277363279 2.39771519206e-18)
(53.2442982921 -2.03799821683 -4.40890305447e-18)
(53.1053044134 -1.89417105041 -4.27878474521e-18)
(52.9756705672 -1.74156996943 1.97156255396e-18)
(52.8568223375 -1.58060875158 1.8721347941e-18)
(52.7502474501 -1.41185836553 -1.49576479966e-18)
(52.6574841643 -1.23607082955 -1.37892755911e-18)
(52.5801051919 -1.05420585001 1.47729960551e-18)
(52.5196957266 -0.867460386472 -4.97528421574e-19)
(52.4778246171 -0.677300657733 1.50713763313e-18)
(52.4560059215 -0.48549635134 1.86813849052e-18)
(52.4556484065 -0.294154869519 -1.73974547247e-18)
(52.4780019199 -0.105752869567 -7.16292951196e-19)
(52.5240776336 0.0768303469768 1.14448836954e-18)
(52.5945451864 0.250293670857 2.14166458705e-19)
(52.6896237439 0.410905964897 -1.40749671858e-18)
(52.8089446467 0.554519338011 -6.04765503141e-19)
(52.9513899652 0.67661663124 1.06527437124e-18)
(53.1149157943 0.772405255366 3.22546452764e-19)
(53.2963694403 0.836972000348 -8.68199528307e-20)
(53.4913172273 0.865510206789 -3.87690069828e-19)
(53.6939088417 0.853629190171 -2.53341247127e-19)
(53.8968270211 0.797755542592 -7.5046798408e-20)
(54.091364036 0.695593898525 5.89836180189e-19)
(54.2676745889 0.546671602246 1.34874109717e-19)
(54.4152834244 0.352698612269 -1.41872596807e-19)
(54.523634086 0.117963508452 7.33209305255e-21)
(54.5829614901 -0.150553255762 -3.39006514589e-19)
(54.5852427689 -0.443430966559 -1.13801166162e-19)
(54.5248744821 -0.749307345997 1.30407338855e-19)
(54.3991820687 -1.05561495186 9.58642732653e-20)
(54.2086270486 -1.34941038532 -2.53279572354e-20)
(53.95679084 -1.6182218201 6.72401698956e-21)
(53.6499862185 -1.8507191144 -3.4389795088e-20)
(53.2966633782 -2.03716641854 4.01791225458e-20)
(52.9069860617 -2.16966810316 8.63945788184e-21)
(52.4925002944 -2.24239338767 3.01494991029e-20)
(52.065659139 -2.25161063068 -5.85144682266e-20)
(51.6393555565 -2.19568705545 2.44548886269e-20)
(51.2268587249 -2.07493893557 -1.85314411153e-19)
(50.8412057256 -1.89197867895 -1.57400451883e-19)
(50.4965466114 -1.65096101994 5.42555747871e-19)
(50.2026675026 -1.36179514666 -8.60968168226e-21)
(49.981916434 -1.02166855886 -3.48713691107e-19)
(49.8155233582 -0.70591898261 -8.88431270557e-21)
(49.8050632381 -0.127216399616 -9.28264670205e-20)
(57.6524967822 -2.34240011353 1.21890820412e-18)
(57.580148949 -2.36836623268 -2.14803410436e-18)
(57.5049430835 -2.39386111731 -2.63647380309e-18)
(57.4266791907 -2.41873960836 -1.11676227513e-18)
(57.3452222404 -2.44288519119 1.75301225386e-19)
(57.2604914842 -2.46616550891 -2.59130144912e-18)
(57.17242049 -2.4884363535 -2.1268491509e-22)
(57.0809366276 -2.50954314006 -2.88846994669e-18)
(56.9859686201 -2.52932053154 2.70248437356e-18)
(56.8874556432 -2.54759215987 3.19925743066e-18)
(56.7853483419 -2.5641697847 -3.04662029134e-18)
(56.6796089638 -2.57885281807 -3.41328791493e-20)
(56.5702129658 -2.59142855313 -1.3835136971e-18)
(56.4571511368 -2.60167217858 -4.11038802338e-20)
(56.3404319544 -2.60934689883 1.34685189838e-18)
(56.2200839122 -2.61420447036 -5.36363599485e-20)
(56.0961578611 -2.6159856916 -2.46780405041e-20)
(55.96872958 -2.6144210677 -2.24714623906e-18)
(55.837902521 -2.6092317204 2.07688088309e-18)
(55.7038106645 -2.60013053488 2.49103279571e-18)
(55.5666214649 -2.58682358621 2.85567006589e-18)
(55.4265389929 -2.56901182641 2.76016544757e-19)
(55.283806677 -2.54639316478 -3.3265028027e-18)
(55.1387111361 -2.51866444143 8.93750174832e-20)
(54.9915800076 -2.48552327438 -2.03081939648e-18)
(54.8427845848 -2.44667077507 1.76338067424e-18)
(54.6927595032 -2.40181886487 -3.15057880199e-18)
(54.5420060658 -2.35069595049 -1.96420526915e-18)
(54.3910797197 -2.29304789236 3.26263325093e-18)
(54.240591398 -2.22864176376 0)
(54.0912152022 -2.15727277924 6.18466704536e-20)
(53.9436911488 -2.07877143624 0)
(53.7988263919 -1.99301132583 1.27786297169e-18)
(53.6574961095 -1.89991761035 9.81995293721e-20)
(53.5206436613 -1.79947644072 3.28352460497e-20)
(53.3892795768 -1.69174560939 1.38643415994e-19)
(53.2644792303 -1.57686662341 -1.18850093782e-18)
(53.1473788689 -1.45507829726 -1.9306955399e-18)
(53.0391695734 -1.32673198071 -1.75431810841e-18)
(52.9410886225 -1.1923085554 1.86129070746e-19)
(52.8544076559 -1.05243722155 1.44962366504e-18)
(52.7804168565 -0.907915966506 1.34101154327e-18)
(52.7204043926 -0.759733723405 8.0756258655e-19)
(52.675629522 -0.609093758999 -1.08763787363e-19)
(52.64728952 -0.457437772993 -4.23595892548e-19)
(52.6364798134 -0.306467970212 -1.51922291413e-19)
(52.6441341007 -0.158168034513 -2.34284451701e-19)
(52.670963783 -0.0148238547363 4.15969525844e-19)
(52.7173880729 0.120972902397 7.75583035724e-19)
(52.7834355802 0.246327376022 -6.50263546972e-19)
(52.868641906 0.358059075465 -9.81241711842e-19)
(52.9719376839 0.452746362048 1.163947178e-19)
(53.091524575 0.526805097273 8.58988270419e-19)
(53.2247516916 0.576607336455 6.22262015672e-19)
(53.3680081713 0.598647717271 -3.96398622165e-19)
(53.5166485163 0.589763383457 6.82011609958e-20)
(53.66497569 0.547407745244 -5.10244766435e-19)
(53.8063059458 0.469961635495 -1.97634752653e-20)
(53.9331494036 0.35706565072 3.14329883515e-20)
(54.0375267436 0.209920195754 -3.09093667602e-19)
(54.1113756056 0.0314786448696 3.5484183876e-19)
(54.1470985475 -0.173379170077 -9.13799183318e-20)
(54.1381823432 -0.398004821886 -3.86510874662e-20)
(54.0797294363 -0.634237822855 5.82060964588e-20)
(53.968870309 -0.872851467305 1.62544853738e-20)
(53.8050309727 -1.10405013897 -4.82561729335e-20)
(53.5900242601 -1.31805837154 1.25330849519e-19)
(53.3279351262 -1.50564470153 -4.33402104965e-20)
(53.0248597916 -1.65855193516 -1.97431953187e-19)
(52.6886291333 -1.76976105336 5.53537726684e-20)
(52.3285315971 -1.83375330115 -1.66048065736e-19)
(51.9549754067 -1.84671357893 9.34087515101e-20)
(51.5791188298 -1.80660679531 2.35747985045e-19)
(51.2127321883 -1.71316834525 -1.09944665193e-19)
(50.8676124037 -1.56818585713 -1.31705295125e-19)
(50.5565116313 -1.37485705297 -3.01590174995e-19)
(50.2887644731 -1.14138550109 6.66692683641e-20)
(50.0829688115 -0.865283383155 4.4202857952e-20)
(49.9268484441 -0.609747772746 -5.79705343116e-19)
(49.8914407054 -0.136326197443 3.33982980283e-20)
(57.2996021949 -1.90837415171 -1.79998570519e-18)
(57.2340149864 -1.92829131538 -1.66935560865e-18)
(57.1658768638 -1.94781985379 -1.2275881631e-19)
(57.0950913849 -1.96684579747 4.73696076678e-18)
(57.0215532238 -1.98528004343 1.07424007474e-19)
(56.9451806235 -2.00302070602 -4.74492181271e-18)
(56.8659099386 -2.01995552028 -1.64407429473e-18)
(56.783680373 -2.03596421143 3.00895584084e-18)
(56.6984337654 -2.05091945332 3.42406903796e-19)
(56.610119188 -2.06468633666 -1.66686370569e-18)
(56.518694398 -2.07712075459 2.50391636934e-19)
(56.4241263707 -2.08806808027 -3.91645384034e-18)
(56.326392599 -2.09736304706 3.66485568966e-18)
(56.2254835859 -2.1048310123 4.17092871902e-18)
(56.1214050453 -2.11028886115 -2.61314904535e-18)
(56.0141791342 -2.1135444395 -2.19725278497e-18)
(55.9038462392 -2.11439639312 9.97042131471e-19)
(55.7904674594 -2.1126349585 2.36285019669e-18)
(55.6741270518 -2.10804270676 9.57325448833e-19)
(55.5549348104 -2.1003953801 -9.44233152988e-19)
(55.4330286284 -2.08946302072 -2.24377626721e-18)
(55.308577015 -2.07501127835 1.05369341653e-18)
(55.1817821069 -2.05680299814 -1.84060499463e-18)
(55.0528808874 -2.03459978832 -2.70513984032e-18)
(54.9221448765 -2.00816376145 1.75655393841e-18)
(54.789886175 -1.97725584198 2.66635295704e-18)
(54.6564701728 -1.94164993026 -4.77140986538e-21)
(54.5223167023 -1.90113287623 1.52135668402e-18)
(54.3878917239 -1.85550377087 6.16542842945e-20)
(54.2537097332 -1.80457804242 -4.19263657298e-18)
(54.1203391186 -1.74819382757 -1.40507647948e-19)
(53.9884037636 -1.68621781281 -3.09876942224e-19)
(53.8585844739 -1.61855139619 -1.359276328e-18)
(53.7316196796 -1.54513757857 8.49933051082e-19)
(53.6083050562 -1.46596874363 1.08618729926e-18)
(53.4894921246 -1.38109533856 3.19220015789e-18)
(53.3760856555 -1.29063560748 1.09726901816e-19)
(53.2690395217 -1.19478648636 -1.03638592238e-18)
(53.1693506122 -1.09383571319 -8.34973026016e-19)
(53.0780503841 -0.988175176538 -8.73408410637e-19)
(52.9961935775 -0.878315484084 5.3024353809e-19)
(52.9248434329 -0.764901676483 -1.32562119179e-18)
(52.8650529125 -0.648729775588 -4.28793507176e-19)
(52.8178406041 -0.530763921428 2.16797366789e-18)
(52.7841613203 -0.412153052193 1.53656488646e-18)
(52.7648682 -0.294247639019 -1.77924627415e-18)
(52.7606672021 -0.178612654377 2.24384588678e-19)
(52.7720722829 -0.0670329144603 5.28040904905e-20)
(52.7993442056 0.0384779265425 -8.63233150765e-19)
(52.8424112532 0.135685976437 2.29506647823e-19)
(52.9007920508 0.222159447495 -2.38225610069e-19)
(52.9735166708 0.295308453392 9.01879788437e-19)
(53.0590390444 0.352450773304 -2.30630051467e-19)
(53.1551492094 0.390901028237 -9.85982057832e-20)
(53.2589014457 0.408088780727 6.12397915629e-19)
(53.3665694776 0.401715913221 -6.1032974469e-19)
(53.473641738 0.369947960574 8.83607003757e-21)
(53.5748771029 0.311624806028 2.81603243273e-19)
(53.6644310322 0.226478755824 4.39687225745e-20)
(53.7360674903 0.115335878972 -4.05482342198e-19)
(53.7834586427 -0.0197243392187 -4.91219797881e-19)
(53.8005531797 -0.175271591047 3.08893411312e-19)
(53.7819887524 -0.346566521979 6.04708025573e-20)
(53.723501802 -0.527712434998 -4.04673562848e-20)
(53.6222821458 -0.711914434931 -1.19179147604e-19)
(53.4772119002 -0.891781368343 5.81677773887e-20)
(53.2890384892 -1.05978052926 -3.71587842038e-20)
(53.0603952558 -1.20856128587 -1.23678003752e-19)
(52.7956804362 -1.33133268006 2.17645262562e-19)
(52.500954014 -1.42216138187 -1.02748276769e-19)
(52.1837385663 -1.47621978076 -2.65713129805e-19)
(51.8527673859 -1.4899876985 1.94142036126e-19)
(51.5177032071 -1.46137818698 -1.73015862965e-20)
(51.188973712 -1.38979199178 -1.62254721436e-19)
(50.8771993665 -1.27637730649 -1.66192121137e-19)
(50.5938729176 -1.12352265063 -1.95647871923e-19)
(50.3477098774 -0.937848475157 2.65402791913e-19)
(50.1545987771 -0.71696302498 1.75458616231e-19)
(50.0068769927 -0.513185018739 2.71070532126e-19)
(49.9539242382 -0.130300391127 2.85836222012e-19)
(57.0113660117 -1.50391927673 -8.11519033037e-19)
(56.9516058847 -1.51899181454 -3.24803795481e-18)
(56.8896265656 -1.5337560255 -2.87782967465e-18)
(56.8252820033 -1.54812434484 -2.98170610912e-18)
(56.758476807 -1.56202799827 2.86541056532e-18)
(56.6891560523 -1.57538943435 4.36934468529e-18)
(56.6172710739 -1.58812393251 1.06131616655e-19)
(56.5427670023 -1.60014060607 -1.41903883673e-18)
(56.465590049 -1.6113427373 -8.49140797302e-20)
(56.3856941456 -1.62162755559 2.40769849351e-18)
(56.3030417628 -1.63088554941 -2.14585409583e-18)
(56.2176032481 -1.63899922524 -1.53891545383e-18)
(56.1293570924 -1.64584222074 2.60207948549e-18)
(56.038292535 -1.65128127427 -1.19908289381e-18)
(55.944412149 -1.65517771748 2.21111254493e-18)
(55.847732645 -1.65738608586 1.19872291177e-19)
(55.7482860285 -1.65775349618 -4.39751220883e-18)
(55.6461217658 -1.65612032436 -1.64947613262e-19)
(55.541309098 -1.65232104359 -7.25604841254e-19)
(55.433939147 -1.64618502213 -1.73871031125e-19)
(55.3241269824 -1.63753717693 6.61399539036e-18)
(55.2120139635 -1.62619890132 1.85042574859e-18)
(55.0977701993 -1.61198928566 -3.61140215549e-18)
(54.9815958544 -1.59472654255 -4.15696537078e-18)
(54.8637313883 -1.57422820133 -1.32960777653e-19)
(54.7444360398 -1.55031687203 6.20796527184e-18)
(54.6240050991 -1.52281728777 -2.67163500085e-18)
(54.5028036391 -1.49156483046 -1.17761091158e-18)
(54.3812359829 -1.45640646146 3.06924889107e-18)
(54.2597420551 -1.41720209927 -2.77594624856e-18)
(54.1388070221 -1.37382903441 -2.52776173896e-20)
(54.018964934 -1.32618663853 0)
(53.9007992968 -1.27420142827 -1.14984359014e-18)
(53.784942729 -1.21783252835 -2.17630646267e-18)
(53.6720763684 -1.15707773821 -1.049835322e-18)
(53.5629285116 -1.09198034534 2.01983675427e-18)
(53.4582719063 -1.02263672008 2.85251414303e-18)
(53.3589195475 -0.949204768158 4.54707270839e-20)
(53.2657187338 -0.871913239581 -8.48789031092e-19)
(53.1795430019 -0.79107188595 6.81996071207e-19)
(53.1012815031 -0.707082412163 2.04111004961e-18)
(53.0318253953 -0.620450109471 -3.02779774921e-18)
(52.9720505809 -0.531795959443 -3.06216223657e-19)
(52.9227967336 -0.441868836843 2.49343775877e-18)
(52.8848410906 -0.351557218296 -1.57982524669e-18)
(52.8588686997 -0.261900887156 9.85736634632e-20)
(52.8454361124 -0.174098196472 2.57313543622e-19)
(52.8449195129 -0.089508063337 -7.64205297466e-19)
(52.8574670286 -0.00964740731726 -1.11277233099e-18)
(52.8829485573 0.0638162420172 -7.84193029842e-19)
(52.9208940065 0.129070374645 1.43153453409e-19)
(52.9704359405 0.184190166285 1.11405919309e-18)
(53.0302412113 0.227203699711 8.65090841422e-19)
(53.0984368919 0.256158488931 -9.94901216623e-20)
(53.1725668637 0.26919675259 -1.10947927982e-19)
(53.2495764342 0.264660086758 2.65968238344e-20)
(53.3258106348 0.241224089885 -7.14248729256e-19)
(53.3970457562 0.198049520515 8.62757080456e-20)
(53.4585835522 0.134935207819 4.1227733905e-19)
(53.5054181485 0.0524492941563 4.2471705217e-19)
(53.5324481545 -0.0479629196567 -4.19998347849e-20)
(53.5347272183 -0.163908392598 1.18489948649e-21)
(53.507767164 -0.29204368001 -1.32153100159e-20)
(53.4478479177 -0.428144531625 1.10287152232e-19)
(53.3523377807 -0.567271276148 -2.64027963151e-20)
(53.2198626509 -0.703977308563 1.9922067822e-20)
(53.0505234258 -0.832556655863 -1.30460922434e-19)
(52.846045085 -0.947346008693 0)
(52.6096823105 -1.0429841605 4.94158672698e-20)
(52.3462028272 -1.11466931403 -1.29122706941e-19)
(52.0617847556 -1.15839483333 2.22615824029e-19)
(51.7638459421 -1.17112567117 4.38253485246e-20)
(51.4608096801 -1.15094223111 -5.25840092461e-19)
(51.1619466288 -1.09712635088 -9.40037158459e-20)
(50.876832454 -1.01039006103 2.22828784373e-19)
(50.6159208033 -0.892469049082 4.34081907594e-19)
(50.3872354429 -0.748563790709 4.43005793028e-19)
(50.2048706823 -0.576373491129 -1.43178702666e-19)
(50.0639263938 -0.417865618296 -4.6685462285e-19)
(49.9991262438 -0.115386330331 -1.73171024912e-19)
(56.7948759446 -1.1531926984 -3.05105348626e-18)
(56.7390508596 -1.16407991667 2.03114427493e-19)
(56.6811399165 -1.1747214253 -8.08517420212e-19)
(56.6211052367 -1.18505171549 -1.11458407696e-18)
(56.5588714219 -1.19502091122 -1.2804334814e-19)
(56.4943714876 -1.20457257833 4.87007609374e-18)
(56.4275543925 -1.21364542606 1.32168840157e-18)
(56.3583745019 -1.22217371381 -2.03079141904e-18)
(56.2867876611 -1.23008687899 -3.79380898904e-18)
(56.2127534872 -1.2373094591 1.19423704274e-18)
(56.1362378871 -1.24376100967 5.09876801804e-18)
(56.057214229 -1.24935566759 -4.37862133741e-20)
(55.9756637156 -1.25400171602 -2.47427770946e-18)
(55.8915765693 -1.25760226906 -1.27222813571e-18)
(55.8049539835 -1.26005589038 0)
(55.7158095413 -1.26125620287 -1.36156204329e-20)
(55.6241703797 -1.26109153594 -5.86930152908e-18)
(55.5300787692 -1.25944499384 -3.1364669506e-18)
(55.4335940832 -1.25619531002 5.0278289153e-18)
(55.3347947727 -1.2512176263 7.36337900386e-18)
(55.2337802217 -1.244383688 1.15508023303e-18)
(55.1306726843 -1.23556243944 -4.62166988279e-18)
(55.0256192716 -1.22462111529 6.7854727193e-20)
(54.9187943395 -1.21142601591 -3.0808645252e-18)
(54.810387114 -1.19584231473 -1.63525459515e-19)
(54.7006303167 -1.17774064648 6.15429320941e-18)
(54.5898081628 -1.15699163755 1.61063718481e-19)
(54.4782268075 -1.13347363658 -3.05925977545e-18)
(54.3662282797 -1.10707398775 -1.31872900664e-18)
(54.2541956604 -1.07768969996 -7.8173619492e-20)
(54.1425532035 -1.04523055663 1.32636491232e-18)
(54.0317661211 -1.00962272052 1.15790239348e-18)
(53.9223418035 -0.970812597655 -9.86407915057e-19)
(53.8148304072 -0.928771000075 -2.41713194813e-19)
(53.7098240644 -0.883497651746 1.68328953267e-19)
(53.6079552316 -0.835026288829 -1.86318195531e-18)
(53.5098940593 -0.783430390814 8.3605175704e-19)
(53.4163443783 -0.728829497305 8.52701581595e-19)
(53.3280380792 -0.671396123972 7.82390347276e-20)
(53.2457275329 -0.611363244446 -6.98123771191e-19)
(53.1701757519 -0.549032269399 -2.42993363698e-20)
(53.1021439345 -0.484781386614 -1.58880351597e-18)
(53.0423758846 -0.419073983685 -2.08498508687e-18)
(52.9915787844 -0.352466899156 2.73916053589e-18)
(52.9503993147 -0.285616894754 1.73170460125e-18)
(52.9193958945 -0.219289624386 -4.54058541434e-19)
(52.8990115819 -0.154353573827 1.54871800421e-18)
(52.8895440223 -0.0918471344373 -5.71693929158e-19)
(52.8911117998 -0.0328799152703 -1.52627239455e-18)
(52.9035391622 0.0213351513918 1.70996956504e-18)
(52.9263557244 0.069456681402 -1.2827927673e-18)
(52.9587795953 0.11010593124 -9.2171420123e-19)
(52.9996706307 0.141898618329 1.23176146912e-18)
(53.0474304137 0.163433594485 1.01633972062e-18)
(53.0999593745 0.17337255147 -3.04139531485e-19)
(53.1546689603 0.170546646781 -3.92434383192e-19)
(53.2085034082 0.154034195835 5.00378183498e-20)
(53.2579723235 0.123237325825 -2.34008402427e-19)
(53.2991961943 0.0779772598437 -3.92533429983e-19)
(53.3280078272 0.0186379373815 -2.186660307e-19)
(53.3401338152 -0.0537802144933 1.38083647327e-19)
(53.3314014611 -0.137621070348 1.61224920411e-19)
(53.2979698198 -0.230543352161 -5.46569787302e-20)
(53.2365565677 -0.329569105814 -7.78385241129e-20)
(53.1446817283 -0.431193785831 4.1155424398e-20)
(53.0208979801 -0.531518193966 -1.30461364464e-19)
(52.8649670564 -0.626353825537 -2.95743970761e-21)
(52.6779818806 -0.711505921622 1.47995802825e-19)
(52.4624123997 -0.782948290201 -2.8076744196e-20)
(52.222117194 -0.837009147242 2.9416132012e-20)
(51.9622913885 -0.870561097366 1.45868006226e-19)
(51.6893535244 -0.88117547086 -1.06776049663e-19)
(51.4107528933 -0.867253546332 1.14444300982e-19)
(51.1348275001 -0.828106946225 6.41094297009e-20)
(50.8702923943 -0.764142059212 1.09301480158e-19)
(50.626733967 -0.676540419167 -3.78357970053e-19)
(50.4116516535 -0.569127584334 6.76822083401e-20)
(50.2379729644 -0.440054632746 4.3210676378e-19)
(50.1025668432 -0.321351259945 -1.83670655179e-19)
(50.0313211778 -0.0918028670501 3.33090826332e-19)
(56.6288778448 -0.786184395708 1.32462104292e-18)
(56.5765306184 -0.793732198545 6.830185714e-20)
(56.5223109589 -0.801117366676 -1.36908192186e-18)
(56.4660980579 -0.808295025061 7.21959718478e-21)
(56.4078174592 -0.815230396873 1.34567771301e-18)
(56.3474292761 -0.821884510078 2.54437955029e-18)
(56.2848957048 -0.828215511847 -7.43942985589e-20)
(56.2201727481 -0.834178634478 -3.83831055193e-18)
(56.1532169336 -0.839725720469 -1.36763753803e-18)
(56.0839906532 -0.844805199725 1.38901931563e-19)
(56.0124629714 -0.849362053805 1.03700135799e-18)
(55.9386093258 -0.853337806413 1.31980213845e-18)
(55.8624120352 -0.856670552769 -1.18431616871e-18)
(55.7838614739 -0.859294758123 -1.04675172674e-20)
(55.7029575411 -0.861141240379 0)
(55.6197110806 -0.862137444481 -9.81181477002e-19)
(55.5341451701 -0.862207480967 2.75972132436e-18)
(55.4462964805 -0.861272145047 1.19667234231e-18)
(55.3562168642 -0.8592492874 -5.58543933889e-18)
(55.2639751026 -0.856054257905 -1.40309895229e-19)
(55.1696587736 -0.85160015496 5.2472086311e-18)
(55.0733757098 -0.845798313139 1.03469139805e-18)
(54.9752562685 -0.838558783353 -2.53296943942e-18)
(54.8754571713 -0.829791201736 -9.21413477573e-19)
(54.7741539705 -0.819405863545 -1.36237522466e-18)
(54.6715460233 -0.80730953921 2.68071122379e-18)
(54.5678747784 -0.793417118586 1.55477453566e-18)
(54.4634200428 -0.777648523123 -1.49063454484e-18)
(54.3584915303 -0.759926798324 1.34966954346e-18)
(54.2534308125 -0.740181779367 5.58319860715e-19)
(54.1486158295 -0.718352867766 -1.19931860509e-18)
(54.0444619755 -0.694390657372 -1.84748172944e-18)
(53.9414224393 -0.668259427262 -3.15866177749e-18)
(53.8399881527 -0.63994015342 -1.88271038398e-19)
(53.7406871625 -0.609433631342 3.16630778609e-18)
(53.6440830307 -0.576763969361 3.68018713151e-20)
(53.5507723628 -0.541982587016 -1.1495504354e-20)
(53.4613810862 -0.505172658401 -2.38481909598e-18)
(53.3765589908 -0.466453971737 -1.21533903844e-19)
(53.2969724126 -0.425988047021 3.69151477559e-18)
(53.2232950381 -0.383983646707 -4.85900984402e-19)
(53.1561968245 -0.340702628963 4.61959812687e-19)
(53.0963302725 -0.296465939844 1.08966207667e-18)
(53.044316203 -0.251659485615 -3.25156049521e-18)
(53.0007181181 -0.206740575516 -4.95645857427e-19)
(52.9660371573 -0.162240466603 1.54799944812e-18)
(52.9405683061 -0.118762926757 -3.44080409876e-19)
(52.9245247105 -0.0769389828379 3.27805459093e-20)
(52.9180152972 -0.0374184171829 3.07725127118e-19)
(52.9208665085 -0.000955482309036 5.92205664434e-19)
(52.9326235077 0.0313117465977 -5.72916994613e-19)
(52.9526820002 0.058382992027 -4.47660295214e-19)
(52.9799937548 0.0794765505263 -2.22279393516e-19)
(53.0130622705 0.0937419790205 -2.82645644089e-19)
(53.0500659147 0.100265712743 6.2879725459e-19)
(53.0888083565 0.0982376097096 8.9244678769e-19)
(53.1266438786 0.0870452586971 5.21118459438e-19)
(53.1605023764 0.0663016816873 -4.9305934314e-19)
(53.1870448703 0.0359164584131 -2.43142865266e-19)
(53.2027452481 -0.00389582724469 2.27555231567e-19)
(53.2039246348 -0.0524806966794 -1.14999607681e-19)
(53.1869550756 -0.108782957758 -2.54691695518e-19)
(53.1484494647 -0.171353008214 1.44947337748e-19)
(53.0854156193 -0.238026312461 -8.78412995747e-20)
(52.9955134426 -0.306681718546 2.79331158034e-20)
(52.8772896861 -0.374721193049 7.30431543795e-20)
(52.7302977682 -0.439293404368 1.17195649202e-19)
(52.55524215 -0.497517238475 1.63852117439e-21)
(52.3540835427 -0.54660401857 5.08012096992e-20)
(52.1300687278 -0.583982549855 1.49149326715e-20)
(51.8877076198 -0.607433184681 2.97258698083e-20)
(51.6327013502 -0.615204849314 1.95264303899e-19)
(51.3717864877 -0.606115785451 -2.69999557066e-19)
(51.1126163648 -0.579616931935 -4.2485508368e-19)
(50.8632735374 -0.535934108605 -1.15110361659e-19)
(50.6327627414 -0.475830504072 5.23539782942e-19)
(50.4279602118 -0.401939825351 3.47985563341e-19)
(50.26102495 -0.312821290732 -6.31868646287e-19)
(50.129813768 -0.230568120894 1.56304047486e-19)
(50.0549086226 -0.069275180608 1.73329251774e-19)
(56.5273662717 -0.492734102992 0)
(56.476555867 -0.49685933684 2.64105261548e-18)
(56.4238862371 -0.50087935186 1.51466871206e-18)
(56.3693513311 -0.504767280456 -2.75008812745e-18)
(56.3128896578 -0.508502028739 -3.93875325363e-18)
(56.2544397739 -0.512060335625 -1.25640911297e-19)
(56.1939554345 -0.515417512979 2.64171144483e-18)
(56.1313979079 -0.518547188866 -1.23910606304e-18)
(56.066730042 -0.521420937347 -5.91115888834e-20)
(55.9999169328 -0.524008282166 1.27670493806e-19)
(55.9309284796 -0.526276712486 -1.15589479295e-18)
(55.8597408231 -0.528191651427 1.19678643408e-18)
(55.7863369739 -0.529716418973 -8.67513676377e-19)
(55.7107075719 -0.530812209222 -1.06430452034e-19)
(55.6328520007 -0.531438102444 3.12296274767e-18)
(55.5527796662 -0.531551114344 5.39120667952e-20)
(55.4705113251 -0.531106265499 -3.85219213741e-18)
(55.3860804612 -0.530056718041 -9.60113969864e-20)
(55.2995347352 -0.528353873397 2.94957262988e-18)
(55.2109376248 -0.52594754178 -6.13340764163e-20)
(55.1203699651 -0.522786203315 3.28560642905e-18)
(55.0279319558 -0.518817319052 3.2897712132e-18)
(54.9337444328 -0.51398753213 -3.24003726079e-18)
(54.8379478501 -0.508243276889 -3.16674035053e-19)
(54.7407075793 -0.501531489982 2.96388967975e-18)
(54.6422153828 -0.493798564895 -2.84805685699e-18)
(54.5426928406 -0.484993481252 -1.64302496264e-18)
(54.4423995014 -0.475068135896 6.65560967919e-20)
(54.3416241541 -0.463977421782 -4.23638783695e-18)
(54.2406826243 -0.451679885836 -1.55182353541e-19)
(54.1399257857 -0.438139676901 1.34645211163e-18)
(54.039739942 -0.423327865743 1.51969721936e-18)
(53.9405455871 -0.40722405876 2.77608984315e-18)
(53.8427972546 -0.38981819144 -1.57736836688e-18)
(53.7469830862 -0.371111908317 -9.93217329091e-19)
(53.6536234891 -0.351119830993 0)
(53.563268647 -0.329871996575 7.63259701802e-19)
(53.4764948406 -0.307417497458 5.0741245165e-20)
(53.3938991702 -0.283827983529 -2.94256217243e-18)
(53.3160919505 -0.259200299632 -2.0599246772e-18)
(53.2436874154 -0.233659032374 1.43260556661e-19)
(53.177292964 -0.207359602189 1.81253648008e-18)
(53.117495906 -0.180492748181 1.77164032635e-18)
(53.0648458418 -0.153286703055 -9.69754827162e-19)
(53.0198359562 -0.126009552434 -1.90049834693e-18)
(52.9829090575 -0.0989763093979 -3.23736720711e-20)
(52.9544187566 -0.0725476262013 2.41554988567e-18)
(52.9351958861 -0.0471708899493 8.2343376253e-19)
(52.9232801139 -0.0232966186329 -7.37666937734e-19)
(52.9215742901 -0.00132341820587 -5.54759080468e-19)
(52.9270153926 0.0181859556164 1.7929027268e-19)
(52.9396804129 0.0346660440012 1.33602768943e-18)
(52.9589751795 0.0476268232914 4.59993816721e-19)
(52.9834258558 0.0565035278361 8.16781516875e-20)
(53.0112225416 0.0607688467561 -4.68074449136e-19)
(53.0403892816 0.0599932501471 -1.02506110978e-18)
(53.0685992076 0.0538237071349 -3.34982020955e-19)
(53.093163627 0.0420261182438 2.55850920595e-20)
(53.1110330415 0.0245390279285 -5.4522454123e-20)
(53.1189566195 0.00150363269714 2.1999357852e-19)
(53.1136017346 -0.0267394525513 4.39221472718e-19)
(53.0915503815 -0.0595560041472 -2.03943978945e-20)
(53.0499860418 -0.0960398751652 -1.01541711846e-19)
(52.9860091298 -0.135321153086 -5.24536972627e-20)
(52.8971043498 -0.175799519385 -1.12332574502e-19)
(52.7821322933 -0.215892205436 -1.33953085009e-21)
(52.6406022952 -0.253993195 -3.88452492585e-20)
(52.4729859851 -0.288428706654 -3.90037377876e-21)
(52.280937547 -0.317550933647 7.71935382555e-22)
(52.0673329297 -0.339833558905 1.64487156469e-20)
(51.836255595 -0.353951237308 -1.34661705775e-19)
(51.5929434027 -0.358850553383 -1.03429980566e-19)
(51.3436528142 -0.353813562378 4.39045341565e-20)
(51.0955453937 -0.338495614323 1.81374326837e-20)
(50.8562327168 -0.313012847108 1.56690313222e-19)
(50.6342302509 -0.277787023252 -3.87605362648e-20)
(50.4362077251 -0.234369209444 -1.62182452383e-19)
(50.2744469185 -0.181914311542 6.03515182781e-20)
(50.1443044103 -0.133484433585 3.72993458554e-19)
(50.0711835388 -0.0375985427927 2.45032044418e-19)
(56.4681658384 -0.131654964369 9.18554922299e-20)
(56.4188637966 -0.133323600495 3.26942109381e-18)
(56.3678078444 -0.134958798461 -2.51639432872e-18)
(56.3149169096 -0.136552831777 -3.62701420735e-18)
(56.2601277536 -0.138101849333 7.20188506517e-18)
(56.2034005093 -0.139600028793 2.5028796707e-19)
(56.1446988341 -0.141040029847 -4.71355908115e-18)
(56.0839835479 -0.142413958078 1.27481913127e-18)
(56.0212164312 -0.143713570436 1.22882451325e-18)
(55.9563639313 -0.144930107489 -1.28723968449e-18)
(55.8893981938 -0.146054167227 9.91614502096e-19)
(55.8202970872 -0.147075720684 1.24628620147e-19)
(55.7490447074 -0.147984177125 -1.18605230031e-18)
(55.6756324267 -0.148768433017 6.64542447922e-20)
(55.6000600668 -0.149416907018 -1.21431648358e-18)
(55.5223370384 -0.149917577613 3.83482659583e-18)
(55.4424835076 -0.150258023737 2.12526128391e-19)
(55.3605316523 -0.150425461063 -6.71882939958e-18)
(55.276527019 -0.150406769796 -1.49272222035e-19)
(55.1905299655 -0.150188515294 2.8211084826e-18)
(55.1026171772 -0.149756974957 -1.71036031687e-18)
(55.0128832434 -0.149098131952 7.3290411955e-19)
(54.9214422374 -0.148197775334 1.81824513984e-18)
(54.8284289693 -0.147041403178 -3.78832444208e-18)
(54.7339978588 -0.145613834509 -1.66459224107e-18)
(54.6383252205 -0.143900480868 5.66225561348e-18)
(54.5416206496 -0.14188714365 1.69272250278e-18)
(54.4441275637 -0.139559558738 -2.79465702983e-18)
(54.3461177334 -0.136904321482 0)
(54.2478925355 -0.133908224688 -9.58139517747e-22)
(54.1497824664 -0.130559057307 -1.70928322739e-18)
(54.0521498935 -0.126846389623 -9.10628060916e-20)
(53.9553916206 -0.12276210417 1.7274112288e-18)
(53.8599381571 -0.118301048491 -1.04097646796e-18)
(53.7662521935 -0.113461414875 -5.33614445113e-20)
(53.6748273606 -0.10824478692 1.04069627173e-18)
(53.5861857432 -0.102656887888 -8.25099839035e-19)
(53.5008744215 -0.0967091502351 -3.84942160809e-20)
(53.4194608456 -0.090420078733 -1.32534317726e-18)
(53.3425251602 -0.0838158114199 1.20614669617e-18)
(53.2706552329 -0.0769305285476 2.13831534781e-18)
(53.2044320819 -0.0698088686633 1.0741525413e-18)
(53.1444134859 -0.0625045652496 1.07331669659e-19)
(53.0911289551 -0.0550792591868 -2.735195316e-18)
(53.0450495898 -0.0476017687047 -2.85165695886e-20)
(53.0065762068 -0.040154356931 4.28170316006e-19)
(52.9758952388 -0.0328235560079 -9.16211296457e-21)
(52.9531697339 -0.0258051051111 7.60786517087e-19)
(52.9385840248 -0.0192914599265 -6.54818609829e-19)
(52.9318251606 -0.0134162082299 4.55163945527e-19)
(52.932899846 -0.00817258542025 1.44027824374e-18)
(52.9405692317 -0.0036709687342 -1.00177130216e-18)
(52.954351669 -0.000126295340941 -6.78442095988e-19)
(52.972997369 0.0022677800875 1.43934136626e-20)
(52.994798908 0.00334148185785 1.69246816951e-19)
(53.0178806791 0.00296569132324 2.58086784245e-21)
(53.0400482017 0.00103169500702 -4.75981205306e-19)
(53.0587082222 -0.00254058874 4.47326773314e-19)
(53.071040462 -0.00780817726462 7.43995233201e-19)
(53.0740157104 -0.0147314339804 -3.58364191643e-19)
(53.0644855962 -0.023241231203 -5.30285761312e-19)
(53.039465803 -0.0331411190832 2.0674410528e-20)
(52.9956817835 -0.0441016195429 2.73001474051e-19)
(52.9306741608 -0.0560932713722 1.2062922217e-19)
(52.8427070029 -0.0684166329737 -4.48772537388e-20)
(52.7300137606 -0.0805655330799 -3.32456047738e-20)
(52.5919459524 -0.0920930340738 1.79376247319e-20)
(52.4289648461 -0.102503306972 0)
(52.2426019196 -0.111288166614 -2.97425470773e-21)
(52.0355329008 -0.117967429486 -3.81819153736e-20)
(51.8116018519 -0.122116581187 2.069442331e-19)
(51.5757778502 -0.123392149919 8.85494109716e-20)
(51.3340271113 -0.121554599716 -2.00946942897e-19)
(51.0932075528 -0.116478641778 2.43355208535e-19)
(50.8606288923 -0.108176437353 -1.07202607381e-19)
(50.6445071965 -0.0967352075617 -1.62540992671e-19)
(50.4510630583 -0.0826247023783 1.02557071598e-20)
(50.2920940381 -0.0655272062264 -6.33675774686e-20)
(50.164564016 -0.0498826301964 2.78910799944e-19)
(50.0894653754 -0.0184273219304 2.23587193204e-19)
)
;

boundaryField
{
    front
    {
        type            empty;
    }
    back
    {
        type            empty;
    }
    inlet
    {
        type            calculated;
        value           uniform (51.3 0 0);
    }
    outlet
    {
        type            calculated;
        value           nonuniform List<vector> 
81
(
(55.1418169708 0.0624498989078 -5.84413945249e-19)
(55.2004348462 0.185424387965 5.86012286188e-19)
(55.3042688083 0.324566275833 -5.89779245374e-19)
(55.4583536485 0.475736065669 1.16139057966e-19)
(55.6640432544 0.655668984763 3.15891696871e-19)
(55.9223417063 0.869636726982 6.50427205055e-19)
(56.2339640617 1.13436823317 2.25951609438e-18)
(56.5950674641 1.46509933239 -2.65297131169e-19)
(57.0000040065 1.88619630107 -1.13729786911e-19)
(57.4397688155 2.42934518456 6.60331300064e-19)
(57.9317846693 3.12421154518 4.79621078184e-19)
(58.4198054339 3.99564592873 -3.74685823521e-19)
(58.8209152747 5.12234451168 -1.80438927175e-19)
(59.0981844881 6.59970068997 -1.53008342271e-18)
(59.3586902011 8.36895212516 2.23747345296e-17)
(58.7994873731 10.2780750699 3.66209685734e-18)
(57.6497252327 12.059840228 -5.70569132362e-21)
(55.8587705373 13.3114234214 -5.60908382408e-18)
(53.6357909087 14.0337800162 -1.46501518609e-18)
(51.3143308026 14.2232022398 2.90957917244e-18)
(50.0416599256 14.1274151893 -5.44559848787e-18)
(49.6814246321 14.0086788424 -4.53008398551e-19)
(49.3371921352 13.8950455574 2.81536636609e-18)
(49.0060625158 13.7737254951 -3.24346081247e-18)
(48.6918915337 13.6318783059 3.10323794131e-18)
(48.4002553697 13.4732451122 3.60500113275e-18)
(48.1335239007 13.304265905 1.94234534446e-19)
(47.8940531277 13.1208307831 4.4069514597e-19)
(47.6807712641 12.9236077528 -5.63091682673e-18)
(47.4911250553 12.7161584357 -3.74850510898e-18)
(47.3232174894 12.4988394652 2.98821926589e-18)
(47.1752539499 12.2723982818 -1.38166940728e-18)
(47.0454790677 12.0352857285 6.03823504411e-18)
(46.9346072334 11.7881518469 6.59418466302e-18)
(46.8411194933 11.5324769561 -4.06921065683e-18)
(46.7621402712 11.2679146144 -2.24771663914e-18)
(46.6950289199 10.9942710902 -3.6676570213e-18)
(46.6377401109 10.711267138 7.5506497313e-18)
(46.5907070407 10.4186785591 1.22789383165e-18)
(46.5528671206 10.1157426389 -6.08778441546e-19)
(46.5168386363 9.76309418498 -1.80126674152e-18)
(46.4852911769 9.39689501977 4.70778990591e-18)
(46.4511039634 9.0574257737 -1.10996439698e-17)
(46.4063889957 8.70656825201 -8.99349234674e-18)
(46.352288977 8.34270083321 2.52270487804e-18)
(46.2777858001 7.96651009381 3.38277209616e-18)
(46.1860634373 7.57897653299 8.23400580607e-18)
(46.0811732687 7.18018278238 1.80440954623e-18)
(45.954567075 6.77167101006 -8.6599535682e-18)
(45.8064088219 6.35454458801 -2.40846194156e-19)
(45.615492232 5.9315008026 -2.88207843768e-18)
(45.3916762682 5.50717481897 6.03323331169e-20)
(45.1390530923 5.08612814312 -3.97490889415e-18)
(44.8588700262 4.67254456051 2.09052219563e-17)
(44.5538417064 4.27139597398 -2.25268928595e-17)
(44.2388641729 3.88760185994 -4.37370475607e-18)
(43.9184160861 3.52491324838 3.91039668087e-19)
(43.5961690808 3.18701465963 -8.45770199011e-18)
(43.3015707893 2.87929147516 -1.4623747733e-17)
(43.0384159491 2.59851087109 2.0364616099e-18)
(42.8200528217 2.33524064403 -8.48455489253e-18)
(42.2791203148 1.57861073673 9.69538498873e-19)
(42.1420137218 0.936030972243 -3.87673965376e-17)
(43.0326166784 0.92440022935 1.24280508215e-17)
(44.6249203988 1.0573588016 -9.35598019368e-18)
(46.0438864046 0.981193467805 -7.69182659955e-19)
(47.0950470886 0.788978298426 -1.43284893256e-18)
(47.8951716499 0.556364007731 1.63082386185e-17)
(48.4941810818 0.34057895143 -1.49419363765e-19)
(48.9320158326 0.165759867846 -4.51828406454e-18)
(49.2611423284 0.0392188584832 -2.89777140275e-19)
(49.5080125546 -0.0455200248747 1.13440413095e-19)
(49.6826614161 -0.0985052285835 6.55396588847e-19)
(49.8050632381 -0.127216399616 -9.28264670205e-20)
(49.8914407054 -0.136326197443 3.33982980283e-20)
(49.9539242382 -0.130300391127 2.85836222012e-19)
(49.9991262438 -0.115386330331 -1.73171024912e-19)
(50.0313211778 -0.0918028670501 3.33090826332e-19)
(50.0549086226 -0.069275180608 1.73329251774e-19)
(50.0711835388 -0.0375985427927 2.45032044418e-19)
(50.0894653754 -0.0184273219304 2.23587193204e-19)
)
;
    }
    top
    {
        type            calculated;
        value           nonuniform List<vector> 
190
(
(51.3025074454 0 -1.81979025476e-22)
(51.318030254 0 -4.21621089637e-20)
(51.3547382009 0 1.77426570047e-19)
(51.4109449043 0 -2.69388308233e-19)
(51.4859192824 0 -9.74162017152e-19)
(51.5801340089 0 1.76722189148e-19)
(51.6942060083 0 8.09422251741e-19)
(51.8283271565 0 1.23430358719e-18)
(51.9823262935 0 -3.02251028267e-19)
(52.1558469807 0 -1.96768855362e-18)
(52.3483864403 0 4.106736717e-19)
(52.5592469273 0 1.41806529417e-18)
(52.7874949831 0 2.31314308015e-20)
(53.0319513606 0 -6.1521241511e-19)
(53.2911919012 0 0)
(53.5635508971 0 -2.37314406173e-18)
(53.8471147726 0 -1.25192779971e-18)
(54.1397683629 0 2.58139276307e-18)
(54.439107267 0 3.28162570462e-18)
(54.7432153762 0 -1.57068064181e-18)
(54.9721069493 0 1.79926354678e-18)
(55.1242586421 0 -1.04198544145e-18)
(55.2758572619 0 -3.14099132073e-18)
(55.4265466727 0 2.09220201958e-18)
(55.5760306229 0 1.03952989068e-18)
(55.723927156 0 -2.07515554843e-18)
(55.8698502587 0 -1.02455902565e-18)
(56.0134377146 0 1.01498180059e-18)
(56.1543418773 0 -5.05798870978e-21)
(56.2922196217 0 -8.78666680833e-21)
(56.4267325157 0 6.73100314401e-21)
(56.5575532631 0 0)
(56.6843678712 0 -1.75941504173e-18)
(56.8068741094 0 -8.01694563646e-19)
(56.924786191 0 2.54347931783e-18)
(57.0378297002 0 -1.56851339471e-19)
(57.1457542471 0 -3.21282562864e-18)
(57.2482611967 0 2.40230820583e-18)
(57.3452594398 0 1.47135975407e-18)
(57.4358560446 0 -8.24554677824e-19)
(57.5004457791 0 3.77895142628e-19)
(57.5414804915 0 0)
(57.5812694276 0 0)
(57.619588914 0 -7.79127490616e-19)
(57.6563038501 0 -2.17075799023e-18)
(57.6914039446 0 7.33397784505e-19)
(57.7249126125 0 1.32650130107e-18)
(57.7568291936 0 -1.20262993456e-18)
(57.7871678862 0 6.40866498643e-19)
(57.815901482 0 1.73027389219e-18)
(57.8429674012 0 -7.32390610298e-21)
(57.8683569293 0 5.43505350734e-19)
(57.8920755895 0 -2.18664289686e-21)
(57.9141226395 0 -5.29432561353e-19)
(57.9344909327 0 -8.74826983042e-19)
(57.9531697865 0 7.91880536146e-20)
(57.9701485561 0 -7.91851745767e-19)
(57.9854172143 0 -3.94309068622e-19)
(57.998969944 0 1.32611518347e-18)
(58.0107969408 0 6.46476063712e-19)
(58.0208798648 0 2.75591522686e-19)
(58.0292078016 0 -7.58137983107e-19)
(58.0357903301 0 2.1519634365e-19)
(58.0406142217 0 1.73110474494e-19)
(58.0436248688 0 -1.42401348064e-19)
(58.044817606 0 -3.97368371916e-20)
(58.0442458376 0 -3.13669224617e-19)
(58.0419779642 0 -9.49864597047e-20)
(58.0380970036 0 2.30103070533e-19)
(58.0326675347 0 -3.76236238756e-22)
(58.0257553295 0 2.01222924842e-19)
(58.0174015875 0 1.29489271772e-19)
(58.0075746568 0 3.89990543187e-19)
(57.9962171962 0 2.27166229024e-19)
(57.983278891 0 -2.68408792713e-19)
(57.9687042599 0 4.72856280794e-20)
(57.9524466986 0 3.74897167933e-19)
(57.934461864 0 -2.15275189041e-19)
(57.9147135418 0 -1.00416127813e-18)
(57.8932085978 0 8.22574567704e-19)
(57.869970045 0 1.2511261336e-18)
(57.8450159501 0 -6.59880864457e-19)
(57.8183586499 0 9.04855682304e-21)
(57.7900103577 0 -1.17387694748e-20)
(57.7599852578 0 -1.69077972e-18)
(57.7282984905 0 -1.02053304615e-20)
(57.6949654073 0 1.91035562886e-18)
(57.6600017733 0 -9.80653441892e-19)
(57.6234241107 0 1.95672991653e-21)
(57.5852498539 0 1.03513070909e-18)
(57.5454974235 0 5.04611564472e-21)
(57.5041863159 0 6.76874548866e-19)
(57.4613372141 0 6.45155603004e-19)
(57.4169720921 0 -6.66028327759e-19)
(57.3711143052 0 5.84507334058e-20)
(57.3237886669 0 3.40959735915e-21)
(57.2750215189 0 -2.94902674779e-18)
(57.2248407926 0 7.55093447558e-19)
(57.1732760822 0 2.29266472367e-18)
(57.12035871 0 -8.12799565325e-19)
(57.066121681 0 2.39195219015e-21)
(57.0105995879 0 -4.5608655219e-21)
(56.9538286704 0 4.35488213154e-18)
(56.8958468986 0 1.18829379338e-20)
(56.836694012 0 -4.54548388116e-18)
(56.7764112022 0 -9.28548616097e-19)
(56.7150420053 0 -2.84249088401e-18)
(56.6526285435 0 3.85195592733e-18)
(56.5892249019 0 2.94321631093e-18)
(56.5248328586 0 -2.97702500242e-18)
(56.4681658384 0 9.18554922299e-20)
(56.4188637966 0 3.26942109381e-18)
(56.3678078444 0 -2.51639432872e-18)
(56.3149169096 0 -3.62701420735e-18)
(56.2601277536 0 7.20188506517e-18)
(56.2034005093 0 2.5028796707e-19)
(56.1446988341 0 -4.71355908115e-18)
(56.0839835479 0 1.27481913127e-18)
(56.0212164312 0 1.22882451325e-18)
(55.9563639313 0 -1.28723968449e-18)
(55.8893981938 0 9.91614502096e-19)
(55.8202970872 0 1.24628620147e-19)
(55.7490447074 0 -1.18605230031e-18)
(55.6756324267 0 6.64542447922e-20)
(55.6000600668 0 -1.21431648358e-18)
(55.5223370384 0 3.83482659583e-18)
(55.4424835076 0 2.12526128391e-19)
(55.3605316523 0 -6.71882939958e-18)
(55.276527019 0 -1.49272222035e-19)
(55.1905299655 0 2.8211084826e-18)
(55.1026171772 0 -1.71036031687e-18)
(55.0128832434 0 7.3290411955e-19)
(54.9214422374 0 1.81824513984e-18)
(54.8284289693 0 -3.78832444208e-18)
(54.7339978588 0 -1.66459224107e-18)
(54.6383252205 0 5.66225561348e-18)
(54.5416206496 0 1.69272250278e-18)
(54.4441275637 0 -2.79465702983e-18)
(54.3461177334 0 0)
(54.2478925355 0 -9.58139517747e-22)
(54.1497824664 0 -1.70928322739e-18)
(54.0521498935 0 -9.10628060916e-20)
(53.9553916206 0 1.7274112288e-18)
(53.8599381571 0 -1.04097646796e-18)
(53.7662521935 0 -5.33614445113e-20)
(53.6748273606 0 1.04069627173e-18)
(53.5861857432 0 -8.25099839035e-19)
(53.5008744215 0 -3.84942160809e-20)
(53.4194608456 0 -1.32534317726e-18)
(53.3425251602 0 1.20614669617e-18)
(53.2706552329 0 2.13831534781e-18)
(53.2044320819 0 1.0741525413e-18)
(53.1444134859 0 1.07331669659e-19)
(53.0911289551 0 -2.735195316e-18)
(53.0450495898 0 -2.85165695886e-20)
(53.0065762068 0 4.28170316006e-19)
(52.9758952388 0 -9.16211296457e-21)
(52.9531697339 0 7.60786517087e-19)
(52.9385840248 0 -6.54818609829e-19)
(52.9318251606 0 4.55163945527e-19)
(52.932899846 0 1.44027824374e-18)
(52.9405692317 0 -1.00177130216e-18)
(52.954351669 0 -6.78442095988e-19)
(52.972997369 0 1.43934136626e-20)
(52.994798908 0 1.69246816951e-19)
(53.0178806791 0 2.58086784245e-21)
(53.0400482017 0 -4.75981205306e-19)
(53.0587082222 0 4.47326773314e-19)
(53.071040462 0 7.43995233201e-19)
(53.0740157104 0 -3.58364191643e-19)
(53.0644855962 0 -5.30285761312e-19)
(53.039465803 0 2.0674410528e-20)
(52.9956817835 0 2.73001474051e-19)
(52.9306741608 0 1.2062922217e-19)
(52.8427070029 0 -4.48772537388e-20)
(52.7300137606 0 -3.32456047738e-20)
(52.5919459524 0 1.79376247319e-20)
(52.4289648461 0 0)
(52.2426019196 0 -2.97425470773e-21)
(52.0355329008 0 -3.81819153736e-20)
(51.8116018519 0 2.069442331e-19)
(51.5757778502 0 8.85494109716e-20)
(51.3340271113 0 -2.00946942897e-19)
(51.0932075528 0 2.43355208535e-19)
(50.8606288923 0 -1.07202607381e-19)
(50.6445071965 0 -1.62540992671e-19)
(50.4510630583 0 1.02557071598e-20)
(50.2920940381 0 -6.33675774686e-20)
(50.164564016 0 2.78910799944e-19)
(50.0894653754 0 2.23587193204e-19)
)
;
    }
    bottom
    {
        type            calculated;
        value           nonuniform List<vector> 
190
(
(51.3018515265 0 -8.2957972256e-21)
(51.3132987554 0 -1.78076868675e-20)
(51.3389239609 0 7.60220612464e-20)
(51.3764682089 0 -3.73246080056e-20)
(51.4252492418 0 0)
(51.4851192858 0 -1.65919051714e-19)
(51.5560395515 0 5.6594434568e-19)
(51.6379758763 0 -1.97937910023e-19)
(51.730934328 0 -1.53119601757e-18)
(51.8349934299 0 1.39176114625e-18)
(51.9502814879 0 9.62049663731e-19)
(52.0769263879 0 -1.02022682837e-18)
(52.2150083992 0 -1.10404373128e-18)
(52.3645245465 0 -1.19327283848e-18)
(52.5253551623 0 1.22797175385e-18)
(52.6972439208 0 2.66473077251e-18)
(52.8797407206 0 -1.81911131203e-18)
(53.0722967594 0 -1.46521869319e-18)
(53.2739041015 0 1.52154326019e-18)
(53.4844547738 0 3.76032838268e-19)
(53.6464346804 0 1.86473573399e-18)
(53.7565670777 0 -7.88669356928e-19)
(53.8675285713 0 7.83012511998e-19)
(53.9793918969 0 7.83540516132e-19)
(54.0921299856 0 -2.2888727665e-18)
(54.2055387982 0 7.69380838519e-19)
(54.3193404877 0 -7.67166838195e-19)
(54.4332751393 0 -1.51213977221e-18)
(54.5471055457 0 -6.94095275555e-19)
(54.6605940038 0 1.4617338911e-18)
(54.7734936207 0 -4.64479784028e-20)
(54.8855520375 0 -1.39605851511e-18)
(54.9965175411 0 5.11394298876e-21)
(55.1061400084 0 6.60119247772e-19)
(55.2141681758 0 1.25451609757e-18)
(55.320346924 0 6.00101162366e-19)
(55.4244316494 0 3.07820387623e-20)
(55.5261443102 0 3.33381677395e-20)
(55.6253284258 0 -5.05931093799e-19)
(55.7212550897 0 6.99864178742e-19)
(55.7916538322 0 1.65290163383e-18)
(55.8377354056 0 -5.72054002709e-19)
(55.8830829407 0 -2.71715958787e-18)
(55.9276305254 0 4.67307046806e-21)
(55.9713148278 0 1.96770081293e-18)
(56.014127966 0 -1.38105914123e-18)
(56.0560677843 0 8.68773990897e-19)
(56.0971221893 0 1.22362286076e-18)
(56.1372729905 0 -1.12904420188e-18)
(56.1765030999 0 -2.47076693499e-21)
(56.2147994301 0 6.64370563072e-19)
(56.2521506858 0 -1.18911200195e-20)
(56.2885460417 0 -1.41116749813e-18)
(56.323975411 0 4.87999747085e-21)
(56.3584296778 0 4.42898121112e-19)
(56.3919006493 0 -2.26214164699e-21)
(56.4243807404 0 2.32156663606e-20)
(56.4558622343 0 -1.62581816778e-22)
(56.4863354969 0 -8.14122768727e-21)
(56.5157941894 0 -1.0105382963e-20)
(56.5442568645 0 6.88678456052e-20)
(56.5717723539 0 1.5945284626e-19)
(56.5984001569 0 1.53326104143e-19)
(56.6241977556 0 1.93740348452e-19)
(56.6492278225 0 -2.00235944962e-20)
(56.6735296113 0 2.32295798079e-19)
(56.6970949815 0 2.35437487677e-19)
(56.7198957001 0 8.561716194e-20)
(56.7419048106 0 4.83237010658e-21)
(56.7631009705 0 2.50693921734e-19)
(56.7834630319 0 4.31466012243e-21)
(56.8029721811 0 -4.47404056115e-21)
(56.8216312686 0 -2.62699263227e-21)
(56.8394691493 0 5.99400161857e-21)
(56.856522114 0 7.27124227156e-19)
(56.8728226968 0 -7.93633251082e-19)
(56.8884004835 0 -5.57130701789e-19)
(56.9032857663 0 3.101727786e-19)
(56.9175067996 0 6.27505094037e-19)
(56.9310930781 0 4.21639511693e-21)
(56.9440758374 0 -1.42705559519e-18)
(56.9564825215 0 7.09501274012e-19)
(56.9683402994 0 1.58797988774e-18)
(56.9796756475 0 -7.68431930125e-19)
(56.9905144771 0 -1.28284693511e-18)
(57.0008826643 0 8.87901847098e-19)
(57.0108042319 0 1.77658893162e-21)
(57.0203020124 0 -1.40524231341e-18)
(57.0293983088 0 -7.43161146842e-22)
(57.0381147439 0 1.47874525403e-18)
(57.0464716291 0 2.878265749e-22)
(57.054487859 0 -2.3961125857e-22)
(57.0621811351 0 4.89872879067e-19)
(57.0695677989 0 -6.72848294102e-22)
(57.0766626725 0 -5.0376908796e-19)
(57.0834791545 0 -1.09439088251e-18)
(57.0900292807 0 -5.16990661376e-19)
(57.0963237078 0 -5.59257046146e-19)
(57.1023715533 0 1.09121580609e-18)
(57.1081802877 0 1.66653212511e-18)
(57.1137556497 0 -5.71848674347e-19)
(57.1191012566 0 -1.1132718751e-18)
(57.1242186711 0 1.69383570667e-18)
(57.1291068941 0 -1.6997351327e-18)
(57.1337624928 0 -1.70277537142e-18)
(57.138180534 0 1.70543607153e-18)
(57.1423530472 0 -9.33662138379e-23)
(57.1462680092 0 -5.7780090602e-23)
(57.1499148752 0 5.79633938826e-19)
(57.1532699777 0 -1.8543704066e-19)
(57.1559567291 0 -2.38392789084e-18)
(57.1580709447 0 -1.01957493227e-19)
(57.1600526623 0 2.71784810719e-18)
(57.1618698798 0 1.44246437694e-18)
(57.1634899411 0 3.87758402074e-20)
(57.164878253 0 -2.06928656137e-18)
(57.1659966467 0 -1.40597962857e-18)
(57.1668089658 0 1.21433107539e-18)
(57.167267066 0 1.26663122976e-18)
(57.167313847 0 -5.57750388039e-19)
(57.1668938518 0 -2.22867776915e-18)
(57.1659463691 0 -8.50868627804e-20)
(57.1643892415 0 1.662039343e-18)
(57.1621387487 0 9.58384522349e-19)
(57.1591097513 0 4.97631622615e-20)
(57.1551968264 0 -9.72451350135e-19)
(57.1502843576 0 1.22863413849e-18)
(57.1442459917 0 6.58808280409e-20)
(57.136941103 0 -8.88095443813e-19)
(57.1282129906 0 1.42110225229e-18)
(57.1178889711 0 9.39587362964e-20)
(57.1057784802 0 -1.391977441e-18)
(57.0916719437 0 2.53004650319e-19)
(57.0753404218 0 1.18041049436e-18)
(57.0565356725 0 2.5721212435e-19)
(57.034989852 0 -1.10441836223e-18)
(57.0104165575 0 -1.80957853473e-18)
(56.9825116456 0 -4.75755044421e-20)
(56.95095122 0 7.12614269157e-20)
(56.9153917644 0 3.94618614386e-19)
(56.8754748888 0 9.21612613126e-19)
(56.8308314371 0 -4.37402680668e-19)
(56.7810844013 0 -6.8885696782e-19)
(56.7258530976 0 -3.59330737329e-20)
(56.6647589119 0 6.83999195924e-19)
(56.5974324923 0 0)
(56.5235222521 0 0)
(56.4427039105 0 -2.70911867737e-19)
(56.3546912072 0 -1.29058886108e-20)
(56.2592479022 0 2.57171901163e-20)
(56.1562012166 0 4.29769050815e-19)
(56.0454563107 0 2.61539706368e-19)
(55.9270122236 0 -4.35248289627e-19)
(55.8009771265 0 -4.89967800745e-22)
(55.6675873756 0 6.93665229211e-19)
(55.5272257577 0 6.84896714129e-19)
(55.3804382397 0 2.82886020472e-19)
(55.2279520796 0 -5.78581294005e-19)
(55.0706933485 0 -1.27732763549e-18)
(54.9098024691 0 -1.34304736168e-19)
(54.7466474637 0 8.0407907014e-19)
(54.5828341296 0 3.31401746399e-19)
(54.4202120828 0 -5.76645534829e-19)
(54.260875438 0 4.73691015771e-20)
(54.1071569111 0 1.74863408314e-19)
(53.9616137261 0 -2.04966014461e-19)
(53.8270059045 0 0)
(53.7062537722 0 1.52863368716e-21)
(53.6023844204 0 6.72718119608e-20)
(53.5184703637 0 -5.14564459309e-20)
(53.4575387886 0 9.16802589422e-20)
(53.4224207928 0 -2.51483223837e-20)
(53.4156020671 0 1.52132626558e-20)
(53.4391200966 0 -4.63054921544e-20)
(53.494440623 0 -3.24663009331e-20)
(53.5822493068 0 3.96466905948e-20)
(53.7018525493 0 3.91522492101e-19)
(53.8509572742 0 -2.69493333023e-19)
(54.0257538497 0 -5.79683154221e-19)
(54.220650362 0 4.91508137994e-20)
(54.4281751777 0 -1.53144005789e-19)
(54.6391262188 0 4.00999377224e-19)
(54.8428850626 0 1.08946696723e-18)
(55.0278612125 0 6.49364840829e-19)
(55.1832267668 0 -7.75918110639e-19)
(55.2973799638 0 -9.02032365829e-19)
(55.3663975462 0 8.93743746606e-20)
(55.3690323199 0 8.99551564897e-19)
(55.3574752459 0 -4.50754497897e-19)
(55.1418169708 0 -5.84413945249e-19)
)
;
    }
    flap
    {
        type            calculated;
        value           nonuniform List<vector> 
161
(
(0.000203627143642 0.000208170416647 -3.13596478769e-26)
(0.000639204050339 0.00107827932203 0)
(0.00106553068957 0.00264620783713 0)
(0.00149112694657 0.00509116300584 0)
(0.00191295972317 0.00827051130735 0)
(0.00232679085087 0.012325717297 0)
(0.00273815545925 0.0171051544679 0)
(0.0031340526387 0.0227593792739 0)
(0.00352881744473 0.0291404144568 6.01003134869e-23)
(0.00389781714631 0.0363930615827 -7.36019287633e-23)
(0.0043303736358 0.0467853860758 0)
(0.00477024824634 0.0574351061452 -1.10810580674e-22)
(0.00507703845261 0.0674277262773 -2.54878470761e-22)
(0.00539743249146 0.0781552295382 0)
(0.00565724276729 0.0897319552908 0)
(0.00594255482151 0.102042603759 0)
(0.00614846172013 0.115199718723 0)
(0.00639501209397 0.129090667927 0)
(0.00654057120728 0.143826466308 0)
(0.00674505597165 0.159297509629 0)
(0.00682431757851 0.175613626167 5.56350272108e-22)
(0.00698368759499 0.192668415431 5.95929867509e-22)
(0.00699114339541 0.21057093326 0)
(0.00710246220977 0.229218031905 0)
(0.00703298236283 0.24871845136 0)
(0.0070932681325 0.268972193794 7.50151028908e-22)
(0.00694198450314 0.290088156715 0)
(0.00694798940053 0.311969228681 0)
(0.00641095592057 0.339070705601 -1.72642502742e-21)
(0.00643501140168 0.369239677568 0)
(0.00636620047364 0.393991728294 0)
(0.00593787560728 0.419657639723 0)
(0.00580659740387 0.446123182663 1.99621640634e-21)
(0.00527467452653 0.473521789019 0)
(0.00507506866126 0.501739462487 0)
(0.0044340707675 0.530909851605 2.15005900379e-21)
(0.00415934650158 0.560918275418 -2.19574081102e-21)
(0.00340359491229 0.591897873751 0)
(0.00304615369756 0.623732469481 0)
(0.00216992927741 0.656553720646 -2.30816584675e-21)
(0.00140450531296 0.69348594821 0)
(0.000903270774051 0.728199230319 2.36915251921e-21)
(-0.000169618050073 0.763913910125 0)
(-0.000774110795396 0.800508173719 2.41207103171e-21)
(-0.00197999667287 0.838105217014 0)
(-0.00269560100767 0.876580833177 0)
(-0.0040381210733 0.916052710537 0)
(-0.00487193321479 0.956394582146 0)
(-0.00635361249088 0.997717520063 0)
(-0.00731177919109 1.03989362811 0)
(-0.00893389570007 1.08302613085 0)
(-0.0112794400983 1.13906387338 -4.89495512042e-21)
(-0.0121872627781 1.19244866862 -2.4395846714e-21)
(-0.0139934576107 1.23855294842 0)
(-0.0153638854783 1.28543364459 0)
(-0.0173049537927 1.33315143444 0)
(-0.0188086639435 1.38159858309 0)
(-0.020881685724 1.43082591809 0)
(-0.0225177797922 1.48072626229 0)
(-0.0247181826411 1.53134015089 0)
(-0.0264837948178 1.58256231183 0)
(-0.0288054320833 1.63442267949 0)
(-0.0306957004328 1.68681918502 0)
(-0.033130718704 1.73977139033 0)
(-0.0351385612945 1.79318202349 -2.18879067081e-21)
(-0.037677199831 1.84706125803 -4.32268645017e-21)
(-0.0397932508062 1.90131834886 2.13332564025e-21)
(-0.0424239220781 1.9559557969 0)
(-0.0446367979269 2.01089093549 0)
(-0.0483438074265 2.0763122644 0)
(-0.0510419032123 2.1467754742 0)
(-0.0533426507342 2.20250603385 0)
(-0.0562024502963 2.25840321426 0)
(-0.0585641037048 2.31440541879 0)
(-0.061462191061 2.37051326897 3.78430317011e-21)
(-0.0638706335576 2.42667478809 1.86281217663e-21)
(-0.0667929276172 2.48289529402 0)
(-0.0692343968085 2.53913088713 0)
(-0.0721674501837 2.59539543708 0)
(-0.0751457591248 2.65428250907 0)
(-0.11194213334 2.6551049278 0)
(-0.00516246325488 0.0466790456669 0)
(-0.00580423593977 0.0572970956551 1.10878800327e-22)
(-0.00641793447716 0.0672685102422 0)
(-0.00702286825688 0.0779681291786 0)
(-0.00769441000554 0.0895205519416 -3.25796510875e-22)
(-0.0083455449558 0.101799096325 0)
(-0.00908264029801 0.114928795022 4.00595426103e-22)
(-0.00978469861156 0.128783440727 0)
(-0.0105951562466 0.143488647258 0)
(-0.0113530818598 0.158919212037 -5.17308140206e-22)
(-0.0122447940634 0.175201461401 5.56864940067e-22)
(-0.0130638118495 0.192211615574 0)
(-0.0140447062276 0.210076849608 0)
(-0.0149303568069 0.228675176069 0)
(-0.0160083347718 0.248134731111 0)
(-0.0169664767331 0.268335590195 0)
(-0.0181492932927 0.289406927713 0)
(-0.0191859961858 0.311231036587 0)
(-0.0209784014437 0.33828620686 0)
(-0.0223160824885 0.368371736126 0)
(-0.0234748259153 0.393058820079 0)
(-0.0250094591495 0.418670153301 0)
(-0.0262597405166 0.445066967211 0)
(-0.0279269055871 0.472406756559 2.05117220582e-21)
(-0.029273981221 0.500552208546 0)
(-0.0310775783166 0.529659621254 0)
(-0.0325258618238 0.559592707638 0)
(-0.0344681260159 0.59050539237 0)
(-0.0360208877656 0.622262040763 -2.2744755357e-21)
(-0.0381021583616 0.655012833362 2.3083155693e-21)
(-0.0401929798663 0.691861695732 0)
(-0.0419108394622 0.726494274467 0)
(-0.0442035562321 0.762134131371 0)
(-0.0460282654261 0.798646925867 0)
(-0.0484521793159 0.836167295201 0)
(-0.0503817338934 0.874561601136 -2.43960656464e-21)
(-0.0529300575186 0.913955873954 -2.44853362555e-21)
(-0.0549607798247 0.954217595593 0)
(-0.0576247674881 0.995463020647 -2.45759110418e-21)
(-0.0597512051524 1.03756118302 0)
(-0.0625202609557 1.0806173552 0)
(-0.0662881254281 1.13655884034 4.89002083916e-21)
(-0.0684950650708 1.1898592574 0)
(-0.0713630046267 1.23589189019 0)
(-0.0737681092684 1.28270530424 0)
(-0.0767070562614 1.33035552499 0)
(-0.0791759611213 1.37874093563 0)
(-0.0821706967597 1.42790578139 0)
(-0.0846906783326 1.47775070267 2.33456661538e-21)
(-0.087725531118 1.52830801794 4.62300295406e-21)
(-0.0902832662667 1.57948168464 0)
(-0.093342577477 1.63129206446 0)
(-0.0959246477017 1.68364740567 -2.23685764614e-21)
(-0.098993478694 1.73655662637 0)
(-0.101587224426 1.78993357912 -2.18301538225e-21)
(-0.104652271464 1.8437769648 -4.31050234935e-21)
(-0.107246668438 1.89800772388 0)
(-0.110297001566 1.95261626226 0)
(-0.112883320066 2.00753198702 2.07042331149e-21)
(-0.116954139118 2.07292023877 0)
(-0.119987639308 2.14337094274 0)
(-0.1224998937 2.19909311254 0)
(-0.125524903568 2.25497655347 0)
(-0.12802071708 2.31097511565 0)
(-0.131014987682 2.36707333976 0)
(-0.133496042528 2.42323485183 0)
(-0.136462678653 2.47944871418 0)
(-0.13893365726 2.53568679465 0)
(-0.141878798284 2.59194654634 -3.54169774836e-21)
(-0.14431681376 2.65086072872 1.73983339703e-21)
(-0.000203995602969 0.000207556253591 3.13325597794e-26)
(-0.000642530783407 0.00107546913749 0)
(-0.0010768391981 0.0026394724944 -1.52546033196e-24)
(-0.0015215940877 0.00507877717723 -5.75551882393e-24)
(-0.00197242538157 0.00825010099532 9.18474230944e-24)
(-0.00243758820974 0.0122961948499 0)
(-0.00291133089375 0.0170633665101 3.66321912633e-23)
(-0.00340694737101 0.0227052258765 0)
(-0.00390855681608 0.0290696936923 0)
(-0.00444183065003 0.036306840837 0)
)
;
    }
    squareblock
    {
        type            calculated;
        value           uniform (0 0 0);
    }
}


// ************************************************************************* //
