/*--------------------------------*- C++ -*----------------------------------*\
  =========                 |
  \\      /  F ield         | OpenFOAM: The Open Source CFD Toolbox
   \\    /   O peration     | Website:  https://openfoam.org
    \\  /    A nd           | Version:  13
     \\/     M anipulation  |
\*---------------------------------------------------------------------------*/
FoamFile
{
    format      ascii;
    class       volVectorField;
    location    "11.5";
    object      U_0;
}
// * * * * * * * * * * * * * * * * * * * * * * * * * * * * * * * * * * * * * //

dimensions      [0 1 -1 0 0 0 0];

internalField   nonuniform List<vector> 
15080
(
(51.3011686978 -0.00186353872959 1.87322866687e-20)
(51.3083583125 -0.0057538948228 1.37994456125e-19)
(51.325089259 -0.00997223129533 -8.38088080671e-20)
(51.3503851735 -0.0144604075723 -6.35860730636e-20)
(51.3838587457 -0.0191978161511 -2.12520278768e-19)
(51.4258102733 -0.024210699614 1.24515550266e-19)
(51.4767472255 -0.0295509366528 -1.20581279299e-19)
(51.5371594545 -0.0352832841424 -1.71643255848e-19)
(51.6075779668 -0.041480070532 1.95434589709e-19)
(51.6886575002 -0.0482103014411 -3.91563824318e-19)
(51.7811696218 -0.0555231439983 1.50134342107e-20)
(51.8859381773 -0.063433518692 5.1621565396e-19)
(52.0037656251 -0.0719151659333 1.41873246968e-20)
(52.1353690419 -0.0809007963159 -6.33684008504e-19)
(52.2813169738 -0.0902865132624 1.01198130197e-18)
(52.441996882 -0.0999383104379 7.55912054691e-19)
(52.6175197298 -0.10970215509 -7.64509032872e-19)
(52.8079259061 -0.119415195248 3.96739329636e-19)
(53.0124714014 -0.128937829991 -4.66886813098e-19)
(53.2333030485 -0.138217283829 -4.28369228916e-19)
(51.3010005002 -0.00821665740741 -1.44146776443e-19)
(51.3075035279 -0.0248508947894 -3.72705166517e-20)
(51.3234625098 -0.0418990936188 -7.75668073439e-20)
(51.3481159702 -0.0593275443445 4.83168753918e-19)
(51.3810091149 -0.0772072948266 -9.41683178572e-20)
(51.4223676628 -0.0957116233261 -5.81727891926e-19)
(51.4726867388 -0.115069016828 1.66115668906e-19)
(51.5324755507 -0.135527633293 1.8187955343e-19)
(51.6022899253 -0.157336053104 -2.08918324201e-19)
(51.6828084124 -0.180712599243 -5.63732322157e-19)
(51.7748272358 -0.205802099946 -4.78518674349e-19)
(51.8791995823 -0.23263614901 5.52020938796e-19)
(51.9967649815 -0.261110048211 8.50129942352e-19)
(52.128284398 -0.290978906159 9.46857799354e-19)
(52.2743719678 -0.321869335353 -3.0198042683e-20)
(52.4354502496 -0.353303635665 -2.38657322171e-19)
(52.6116509433 -0.384733698307 3.97904294369e-19)
(52.8029591968 -0.415579286994 4.8263662671e-20)
(53.0085784065 -0.445287385544 -1.80283961437e-18)
(53.2300055823 -0.473374151791 1.14391435571e-18)
(51.3010356093 -0.0135126652011 7.38861908274e-20)
(51.3076603613 -0.0406306072375 1.21247147296e-20)
(51.3236498711 -0.0679907004764 -1.68451161651e-19)
(51.3481751265 -0.0957582737685 -1.45330923487e-19)
(51.3807863202 -0.124203994774 1.19255743414e-19)
(51.4217365747 -0.153672450001 -4.11775376473e-20)
(51.4715611808 -0.184565364359 -2.96696493579e-19)
(51.5308177114 -0.217309237057 6.63146375897e-23)
(51.600114702 -0.25232254826 -3.66990429901e-19)
(51.6801855238 -0.289967704782 -4.4940191472e-21)
(51.7718815888 -0.330488795581 -5.22412219912e-20)
(51.8761105872 -0.373953298385 -8.4912829201e-20)
(51.993765023 -0.42021243197 5.05354713401e-19)
(52.1256567496 -0.468886448079 -3.38706927237e-19)
(52.2724460923 -0.519375966818 -5.56011451971e-19)
(52.4346010266 -0.570898203842 2.67536069501e-19)
(52.6122863669 -0.622542849709 5.72642514002e-19)
(52.8055915985 -0.673340045427 7.86717199098e-19)
(53.0137562084 -0.722347323518 -1.71948478336e-21)
(53.2392092983 -0.768790853724 -7.11720807518e-19)
(51.3010221084 -0.0186983237751 1.68803319691e-19)
(51.3075257764 -0.0562889407336 1.38421170361e-19)
(51.3230925566 -0.0943726968086 1.11516654908e-19)
(51.3468962726 -0.133176850042 1.13526537448e-19)
(51.3785584419 -0.173070561113 0)
(51.4183940499 -0.214530561992 2.73109075815e-19)
(51.4669849985 -0.258123597819 1.17030927275e-19)
(51.5249416883 -0.304459734851 1.07934213752e-19)
(51.5929428928 -0.354139285679 -5.4995961501e-20)
(51.6718117347 -0.407679717638 -1.36126733045e-18)
(51.7625044357 -0.465423752749 1.30309458786e-19)
(51.8660379442 -0.527456375125 8.35991864809e-19)
(51.9834097436 -0.593551838133 5.57025636757e-19)
(52.1155280775 -0.663156514878 -4.59321327308e-19)
(52.2631384879 -0.735406742285 3.12237183929e-19)
(52.4267780003 -0.809177482814 -1.23670176836e-18)
(52.6066612387 -0.883164757609 5.97732496141e-19)
(52.8028665804 -0.955982974661 2.53840529215e-18)
(53.0145798837 -1.026322054 -7.22328246189e-19)
(53.2437024175 -1.09312073441 -8.39065584407e-19)
(51.3009804686 -0.0237522291278 -2.22253496683e-21)
(51.3072269476 -0.0715069995801 3.01424879297e-23)
(51.3221730188 -0.119896724264 1.01091981528e-19)
(51.3450294908 -0.169203662577 -2.18223509593e-22)
(51.3754728901 -0.219915212571 -6.23092939622e-20)
(51.4138685213 -0.272679338219 -3.56239033705e-19)
(51.4608534256 -0.328267420494 3.54038962095e-19)
(51.5171136417 -0.38750587645 -8.9019728685e-21)
(51.5834261421 -0.45120185213 1.60058316396e-19)
(51.6607303908 -0.520046746972 1.66453339006e-19)
(51.7501119567 -0.594501754381 -7.52682145577e-19)
(51.8527240307 -0.674689824098 4.28935593185e-19)
(51.9697014777 -0.760322767279 -2.03973326548e-20)
(52.1020850362 -0.850679396798 1.6690886145e-19)
(52.250743849 -0.944631650226 8.70621454959e-19)
(52.4163270764 -1.04070691019 -9.88083417673e-19)
(52.5991273897 -1.13719346794 -7.51767873611e-20)
(52.7993160272 -1.23227183895 9.6944496566e-19)
(53.0160749689 -1.324191461 -5.85181152741e-19)
(53.2518854186 -1.41151285428 1.77150329705e-18)
(51.3009230736 -0.0285706558198 -2.4619000948e-19)
(51.3068115813 -0.0859867840443 -1.06378465944e-19)
(51.3208917543 -0.144159241761 2.57626555299e-19)
(51.3424160376 -0.203494963615 7.15010284952e-20)
(51.371122981 -0.264651638805 4.21971897876e-19)
(51.4074382487 -0.328483315102 -3.89185293718e-19)
(51.4520696427 -0.395995756204 -4.24718538394e-19)
(51.5058030764 -0.468262682006 2.88036730725e-19)
(51.5695487136 -0.546329349219 -7.04726426356e-19)
(51.64440414 -0.631085313831 -3.83956482692e-19)
(51.7316297818 -0.72312323084 2.46709021344e-19)
(51.8325674762 -0.822607389388 1.91237270296e-19)
(51.9485475407 -0.929181454207 -2.84006953806e-19)
(52.0808014208 -1.04193617842 -1.10898280655e-19)
(52.2303766992 -1.15944150934 4.77478535049e-19)
(52.3980801815 -1.27983325024 -1.42795992844e-18)
(52.5843204169 -1.40094584978 -2.27379340182e-18)
(52.7893462684 -1.52047284609 -1.05680578913e-19)
(53.0123108803 -1.63620269418 2.24428315207e-18)
(53.2556540591 -1.74632463722 1.20380694386e-18)
(51.3008469952 -0.0330690080298 1.74167335379e-21)
(51.3062535904 -0.0994664243239 8.84004546532e-20)
(51.31915195 -0.166750122393 -7.02966821207e-19)
(51.3388555547 -0.235489544055 2.91587768288e-21)
(51.3651972415 -0.306525056098 2.08281511431e-19)
(51.3986835333 -0.380941782151 5.90314376106e-19)
(51.4401073495 -0.460012349568 -1.11213519856e-19)
(51.490375569 -0.545090162054 0)
(51.550564961 -0.637489549472 -7.65948481138e-20)
(51.6219738378 -0.738327080195 1.26229119839e-19)
(51.7060837649 -0.848349726767 4.26008056154e-20)
(51.8044741254 -0.96777967033 -4.90465967984e-19)
(51.9187276882 -1.09620298329 -5.42929060766e-19)
(52.0503356327 -1.23252352736 -7.03142768765e-19)
(52.2005927836 -1.37499461441 3.50364106739e-19)
(52.3705256441 -1.52132858394 1.68534728355e-18)
(52.5607116308 -1.66885513158 6.21248208436e-19)
(52.7715498524 -1.81471335424 -2.26933821385e-18)
(53.0021848483 -1.95613613146 8.31231734271e-19)
(53.2554539955 -2.09082763692 -1.86341252055e-18)
(51.3007630755 -0.0371677655182 3.22824666524e-19)
(51.3055605054 -0.111603422627 8.91713043291e-20)
(51.3168608038 -0.18708498714 -2.81290356144e-19)
(51.3341413593 -0.264404843346 -1.23256479006e-19)
(51.357354896 -0.344567495815 -6.4196430166e-19)
(51.3870768424 -0.428913994546 1.23276131254e-19)
(51.4241931729 -0.519046613968 9.98531169658e-20)
(51.4697579133 -0.616667322356 1.45648352901e-19)
(51.5250516229 -0.723415116941 -4.26683234207e-19)
(51.5916178734 -0.840674495249 1.90369194916e-19)
(51.671209721 -0.969381499383 7.95311489507e-19)
(51.7657055187 -1.1098442656 8.92389291736e-20)
(51.8770176567 -1.26160292258 5.44272904553e-20)
(52.0069854985 -1.42336937127 -1.49412485925e-19)
(52.157243586 -1.59306194853 -1.19778121063e-18)
(52.3291335987 -1.76792849014 -7.78562651871e-19)
(52.5234954605 -1.94472752507 2.64773976482e-18)
(52.7409467881 -2.11995564533 2.24407838918e-18)
(52.9806378308 -2.2901851983 -1.42104117976e-18)
(53.2456871572 -2.45251366287 -6.19478037484e-18)
(51.3007298911 -0.0407014098781 -1.26832879021e-19)
(51.3048821049 -0.122021598586 -2.39829600913e-19)
(51.313957376 -0.204472812422 5.92524680018e-19)
(51.3280052519 -0.289235864747 1.96190712373e-19)
(51.347166873 -0.377548309539 -3.15632539972e-21)
(51.3719995919 -0.470982603116 1.38966537236e-19)
(51.403440526 -0.57150653617 -2.24960121196e-19)
(51.4427200473 -0.681247438097 3.63306138682e-19)
(51.4913868284 -0.802228252395 -5.09396887706e-19)
(51.5512917143 -0.936153295324 -9.63775963844e-19)
(51.6245111265 -1.08420621789 -2.57020497436e-20)
(51.7132884523 -1.24683201346 1.10226949298e-18)
(51.8199579475 -1.42355101774 -4.69465648822e-19)
(51.9468145824 -1.61288809824 -1.29941416073e-18)
(52.0959509278 -1.81240861522 -2.44568703539e-20)
(52.2691533037 -2.01884814058 3.70768125195e-19)
(52.4676479643 -2.22831553264 -3.42285316742e-19)
(52.6924044531 -2.43655976005 1.72153477939e-18)
(52.9426532909 -2.63934405508 2.53573548164e-18)
(53.2220438207 -2.8329577536 -2.31890917866e-18)
(51.3006964127 -0.0434837365104 5.01854813205e-19)
(51.3041384409 -0.130403457871 0)
(51.3104701532 -0.218295603628 -1.377158947e-19)
(51.3202794718 -0.308891741728 -4.02135774091e-19)
(51.3341615195 -0.403918833415 7.18706600925e-20)
(51.3527055345 -0.505196749298 -6.96263925618e-19)
(51.3767955292 -0.615144722269 2.86587542811e-19)
(51.4078413145 -0.736419556519 5.01474444506e-19)
(51.4477224191 -0.871413785095 1.12606566934e-18)
(51.498629928 -1.02217756931 -9.77565919351e-19)
(51.5630024842 -1.19024244957 -3.64333605108e-19)
(51.6435400152 -1.37628166903 5.84820532949e-19)
(51.7431245091 -1.57984765373 1.63486115356e-18)
(51.8646473144 -1.79932324462 -2.50221266587e-18)
(52.0108240644 -2.03193357269 -2.84946238443e-18)
(52.1840681359 -2.27385868571 -2.3658829538e-19)
(52.3861711546 -2.5204623061 2.77329118512e-18)
(52.6186431941 -2.76659484647 -6.54898866057e-19)
(52.8809090777 -3.00700200684 5.80139852071e-19)
(53.1773681438 -3.23690384904 -1.07673574838e-18)
(51.3005579099 -0.0450829916635 1.13441024286e-19)
(51.3030481382 -0.135533571427 -2.6045604969e-19)
(51.306340557 -0.227483121317 1.38477354182e-19)
(51.3108861453 -0.32253287399 -5.70539911869e-19)
(51.3180316175 -0.422509851448 -4.11027454795e-19)
(51.3285376999 -0.529789874411 -8.52769985697e-19)
(51.3430724895 -0.647561726501 -3.20100200686e-19)
(51.363375869 -0.779284136746 5.83242874962e-20)
(51.3918128743 -0.927678578201 1.45760395072e-18)
(51.4308220756 -1.09516420361 2.24144774983e-19)
(51.4831685342 -1.28380451777 -1.85314939574e-19)
(51.5521305581 -1.49457021206 -6.83859050706e-20)
(51.6412818908 -1.72710310417 2.1014564966e-18)
(51.7542623898 -1.979710007 1.85891615434e-18)
(51.8946392714 -2.24931149947 -2.5017316978e-18)
(52.0657318783 -2.53153264367 -1.59440519154e-18)
(52.2701800963 -2.82093062332 1.00577950166e-18)
(52.5103368894 -3.11129962247 7.45689476675e-19)
(52.7860213483 -3.39606232771 -1.56055363202e-18)
(53.1028336182 -3.66893120857 1.15087653402e-18)
(51.3001739029 -0.0455036251132 -5.45345410109e-19)
(51.3003787797 -0.137086108369 7.24903110335e-21)
(51.2992653795 -0.230600625693 1.34649403606e-19)
(51.2980539894 -0.327466444825 7.19431271673e-19)
(51.2979340419 -0.430133038595 -1.56079851187e-19)
(51.2989537557 -0.541902606041 9.99259484267e-19)
(51.3014541783 -0.666325675575 -2.23169410679e-19)
(51.3079359257 -0.807052178395 -6.50673506806e-19)
(51.3216325435 -0.967627893405 -1.19261178196e-18)
(51.3449799953 -1.15106670229 5.41260530679e-19)
(51.3810606794 -1.36041654393 -5.19059495484e-19)
(51.4339843697 -1.59683253769 2.77076890226e-19)
(51.5081431297 -1.8604282155 1.96266898205e-19)
(51.6080893402 -2.14956354165 2.40836129115e-18)
(51.7384867517 -2.46081985299 9.52035182517e-19)
(51.9038793047 -2.78927376254 -5.22948236605e-19)
(52.1081749014 -3.12867909076 0)
(52.3551080219 -3.47162703722 1.58302010045e-18)
(52.6452976543 -3.80985093693 -2.08879283474e-18)
(52.9862648103 -4.13497066168 4.3285865693e-18)
(51.2997494816 -0.0448039208789 1.23211657321e-19)
(51.2975386464 -0.13477136323 1.2683423553e-19)
(51.2920589533 -0.226496789256 -2.07293837884e-19)
(51.2837622787 -0.322076538164 2.37871916186e-19)
(51.273376428 -0.42482614676 2.80281900036e-19)
(51.2615953536 -0.538594169047 4.10736915099e-19)
(51.2496187902 -0.667198174071 1.68680408284e-19)
(51.2397716011 -0.8146199146 -4.64354890534e-19)
(51.2352462796 -0.985596013578 -4.59349493996e-19)
(51.2384022315 -1.18438795021 2.2370298234e-19)
(51.2529855985 -1.41458102076 -9.04266958707e-19)
(51.2841102099 -1.67695169949 -2.74068565163e-19)
(51.336806382 -1.97329021088 3.09214281134e-19)
(51.4172241089 -2.30232619492 -6.95079808471e-19)
(51.5315237142 -2.66045420226 1.24141553434e-18)
(51.6857150499 -3.04235865331 3.99796974599e-19)
(51.8854706179 -3.44099824688 6.0120954353e-20)
(52.136772316 -3.84754115631 2.05200900955e-21)
(52.4417404015 -4.25159622972 4.05002702895e-19)
(52.8110831771 -4.64199598545 2.36404238559e-18)
(51.2992923969 -0.0424567144147 -3.02999966284e-20)
(51.2947541757 -0.127260360152 1.74416094175e-19)
(51.2836161755 -0.213981587152 2.75686467028e-21)
(51.2664923058 -0.305374464379 -1.53468232923e-19)
(51.2442662355 -0.404920909007 3.68179816867e-19)
(51.2178608034 -0.516788131623 -2.76374338085e-19)
(51.1885750799 -0.645685572605 0)
(51.1583841398 -0.796793250837 2.10124172476e-19)
(51.1301336669 -0.975695607191 1.26342628355e-18)
(51.1068838161 -1.18782424266 -7.99502876932e-20)
(51.0945885904 -1.4369764385 3.10702986353e-19)
(51.097498112 -1.72628081989 -4.07686145104e-19)
(51.1202594973 -2.05719350194 8.74768070489e-19)
(51.1721339262 -2.42928770901 -5.80572020899e-19)
(51.2612286446 -2.83940166891 -1.20913580998e-18)
(51.3955454233 -3.2829938774 7.00677807239e-19)
(51.5834300513 -3.75243482135 4.9592597907e-19)
(51.8342992902 -4.23718370967 -2.15010550188e-18)
(52.1527383733 -4.72418467243 -1.51704091797e-18)
(52.5547046487 -5.19854774585 2.00741765512e-18)
(51.2988665197 -0.0380817587724 -3.05743640805e-19)
(51.2915836659 -0.113884773507 2.29492533862e-19)
(51.2738490664 -0.191696171705 2.32560211005e-19)
(51.2465994636 -0.274668496386 -7.60438690187e-21)
(51.2108354286 -0.366695747405 -1.74242640223e-19)
(51.1673555366 -0.47256483058 0)
(51.1172802014 -0.597887216981 2.33708961008e-19)
(51.0624853431 -0.748861879499 2.54214222872e-19)
(51.0057734223 -0.931943762225 1.51686249031e-20)
(50.9508845581 -1.1534936613 -5.38033820284e-19)
(50.9026938108 -1.41873802094 -1.34437497562e-21)
(50.8668255392 -1.73348725884 2.5771311302e-19)
(50.8503538352 -2.09924142916 4.42443290315e-19)
(50.8630275991 -2.5175132413 1.88254668623e-18)
(50.9143989524 -2.98450514653 -1.41639072851e-18)
(51.0152724348 -3.49875544288 -2.07118367682e-18)
(51.1790381976 -4.05285318172 2.47611006465e-18)
(51.4203640941 -4.63479128963 -2.01270063206e-18)
(51.747688392 -5.2285460069 -1.15540217957e-18)
(52.1861122095 -5.81459544573 -1.31822081895e-18)
(51.2983883892 -0.0314792158287 2.94510231835e-19)
(51.2880446623 -0.0938490799499 -1.92800175809e-19)
(51.2629531338 -0.15821114489 -5.2790058928e-20)
(51.2243591443 -0.228070319519 -5.45652379574e-19)
(51.1733223007 -0.307774783309 5.38203847503e-19)
(51.1103902072 -0.402706545805 -9.36096033946e-21)
(51.0363579922 -0.519252990253 -1.8708413328e-19)
(50.9528180576 -0.664574263574 -2.33252453332e-19)
(50.8623106529 -0.84630247636 -7.36523736228e-19)
(50.7683947243 -1.07215837007 -9.32144095918e-19)
(50.6757564761 -1.34943331349 -3.77655267764e-19)
(50.5907824136 -1.68460718828 9.41863495515e-19)
(50.5208283856 -2.08238969679 -2.68485221919e-18)
(50.4794396132 -2.54603776817 -1.19189885109e-19)
(50.4766268346 -3.07681936607 8.50128317722e-19)
(50.5242391343 -3.67192318707 -1.57290940464e-18)
(50.6442483057 -4.32647133784 1.8414295657e-18)
(50.8591353043 -5.02929278966 2.78058933052e-20)
(51.1835292162 -5.76179617528 -2.61090511738e-18)
(51.658109786 -6.49919133029 8.60806661286e-18)
(51.2978694456 -0.0224610214419 -1.12708271994e-19)
(51.2842138628 -0.0664915396773 -4.14697867257e-20)
(51.2511674576 -0.112342538173 -3.84446811867e-19)
(51.2002625231 -0.163818718997 3.66009723349e-19)
(51.1325544446 -0.225646005115 1.06265539376e-19)
(51.0482061149 -0.303707059261 -8.35955195567e-19)
(50.9474715364 -0.405087391848 2.4678025066e-19)
(50.8313702474 -0.537893945962 2.79051536561e-19)
(50.7018440019 -0.710980682903 -8.13809676186e-19)
(50.5618603353 -0.933569741502 -3.01252853097e-20)
(50.4156954831 -1.21483070955 1.38967407124e-18)
(50.2694114543 -1.56342524357 1.52219023622e-18)
(50.131343751 -1.98736534635 -1.91442343646e-18)
(50.0129983226 -2.492795683 -2.69495649482e-19)
(49.9294368158 -3.08756564775 7.49292365484e-19)
(49.8988831367 -3.77151532986 1.50782791135e-18)
(49.9460463411 -4.54323746834 -1.65498778106e-18)
(50.1055162469 -5.39642294146 2.85159861101e-18)
(50.4031628542 -6.31229132998 -4.23612996157e-18)
(50.9047834675 -7.26042230878 -4.71066478827e-18)
(51.297357733 -0.0109729160508 -4.27607594303e-20)
(51.2803634083 -0.0316004828018 -1.02028783354e-19)
(51.2391034147 -0.053535448943 -4.53741055393e-19)
(51.1753697637 -0.0807620073671 6.83250486518e-19)
(51.0901739672 -0.118315047055 -1.49476654029e-19)
(50.9831319894 -0.172478256373 2.11579286617e-19)
(50.8536987868 -0.250860373072 -1.26727249092e-19)
(50.7020030326 -0.362288840223 -5.43841546957e-19)
(50.5290031743 -0.516792349987 9.00068578783e-19)
(50.3365320839 -0.725147641542 7.44585000521e-19)
(50.1275962927 -0.998581238747 1.4382645512e-18)
(49.9070009605 -1.34860254277 -3.26172361057e-18)
(49.6821343134 -1.78691853802 1.95898789345e-19)
(49.4641377913 -2.32535125116 8.73415941647e-19)
(49.2691690888 -2.9757118982 8.96658876745e-19)
(49.1202465565 -3.74910798916 2.65813840904e-18)
(49.0484346423 -4.65243264858 -5.73531481993e-18)
(49.1014530784 -5.69035791244 1.36514877381e-18)
(49.3252377992 -6.85103066898 -2.20802368368e-18)
(49.83821338 -8.11308852954 -4.64629725431e-19)
(51.2969248514 0.00307711822941 -7.53460224351e-21)
(51.2769285675 0.0106887969081 -2.94219864431e-19)
(51.2279249017 0.0173005256895 -1.23517295145e-19)
(51.1518033432 0.0192899761673 9.92506578384e-19)
(51.0494105508 0.0117473360659 4.59368022205e-19)
(50.9197153381 -0.0118160490748 -9.568076748e-19)
(50.7612620723 -0.0595329812784 -1.08501301236e-18)
(50.5728383426 -0.140553466392 2.56151784979e-18)
(50.3537595763 -0.265663829881 3.5118385657e-19)
(50.1040625879 -0.446894851969 -2.96255793913e-18)
(49.8245357171 -0.697305162251 -1.91880789519e-18)
(49.5173800777 -1.03115566982 5.36131043967e-20)
(49.1872238361 -1.46426638661 5.71764117793e-18)
(48.8426654734 -2.01459737443 8.72158692915e-20)
(48.4981347786 -2.70262436341 -1.59760478362e-18)
(48.1777582796 -3.55246295079 -1.61556441527e-18)
(47.9172226476 -4.58744536748 2.05851973413e-18)
(47.7762601836 -5.83770880598 -1.58342392377e-19)
(47.8256880379 -7.29907882836 8.97754011762e-19)
(48.2314553701 -9.02057127092 -1.24972268981e-17)
(51.2962777457 0.0213420545126 2.55681172841e-19)
(51.2725340303 0.064836039407 6.99023845973e-19)
(51.2155679886 0.107534277877 -5.01634398123e-19)
(51.1276844079 0.146507235283 -8.96268886795e-19)
(51.0092391874 0.177331674204 1.89075809208e-19)
(50.858026553 0.193879839081 -3.84195759331e-19)
(50.6716124193 0.188715645815 -3.28084354046e-19)
(50.4474351505 0.151228526638 6.85853452695e-19)
(50.1824487522 0.0713988271819 4.23586698597e-19)
(49.8741181842 -0.0631300773634 3.82170198674e-18)
(49.5200030141 -0.266652160673 -2.47287760886e-19)
(49.118036222 -0.555474850155 7.53229965287e-20)
(48.6674790758 -0.948951232914 -6.42781750823e-20)
(48.1707695173 -1.47126435354 -7.54752113897e-18)
(47.6350511888 -2.15310083264 -1.90448809248e-18)
(47.0797948471 -3.03587037499 5.0382270269e-19)
(46.5332215934 -4.16748033204 3.22732334169e-18)
(46.0768547377 -5.62520782332 -8.80964888153e-19)
(45.7568248164 -7.4277882292 7.68526638263e-18)
(45.846895215 -9.76981486303 1.67796245409e-17)
(53.405748685 -0.145054645757 -7.28618335981e-19)
(53.5241632035 -0.149414664018 -7.52367891325e-19)
(53.6458590892 -0.153623028362 7.5368588905e-19)
(53.7701889363 -0.157618023766 -7.70451087276e-19)
(53.897303831 -0.161406862759 -2.65791125701e-21)
(54.0270863646 -0.164995379616 2.42331211612e-18)
(54.1593393054 -0.168386020157 8.07515021021e-19)
(54.2939166242 -0.17158451955 -1.67982650964e-18)
(54.4307120492 -0.174600855061 -8.23940108653e-19)
(54.5696229774 -0.177447120562 8.33506100954e-19)
(54.7105607461 -0.180102976832 2.02445220558e-21)
(54.8534350806 -0.182580504056 8.06267245763e-19)
(54.998133907 -0.184868512082 1.08828125033e-21)
(55.1445416099 -0.186944757136 -8.63342307662e-19)
(55.2925994235 -0.188788406926 8.74675264432e-19)
(55.442335718 -0.190397660631 9.33257566262e-19)
(55.5937714038 -0.191796560222 -8.75562568552e-19)
(55.7468101603 -0.19302242604 -4.71340792307e-20)
(55.9012359048 -0.194088885921 -8.63250337471e-19)
(56.0576709244 -0.195052775936 -1.42598917574e-19)
(53.4031560376 -0.493194669567 9.51195090559e-19)
(53.5226733317 -0.505396123259 -2.9732565422e-18)
(53.6457809182 -0.517085976141 8.45671556198e-19)
(53.7715402052 -0.528123710215 3.04256600287e-18)
(53.9000373365 -0.538502589198 -1.63498414802e-18)
(54.0311851358 -0.548217784954 5.02047968271e-21)
(54.1648007469 -0.557266270879 1.52587598014e-18)
(54.3007256859 -0.565652085894 -8.28016547733e-19)
(54.4388327573 -0.573384441459 -7.88420376219e-19)
(54.5791432292 -0.580463087314 -7.98372630144e-19)
(54.7215779648 -0.586938384947 -1.66402608217e-18)
(54.8660082643 -0.592839603954 2.48867885344e-18)
(55.0124206666 -0.598202946149 1.69026093973e-18)
(55.1607214446 -0.603048347793 -2.5867194523e-18)
(55.3108034299 -0.607346358538 9.36659546596e-19)
(55.4625116729 -0.611048955288 1.72162332305e-18)
(55.615660134 -0.61415120509 -9.41853338971e-19)
(55.7701669831 -0.616669579216 5.31718895244e-20)
(55.9259849967 -0.618574702012 1.80602140285e-18)
(56.0838520661 -0.620058274066 -3.14564106907e-18)
(53.4155444928 -0.801625121803 2.56580043422e-18)
(53.5367214122 -0.821933711452 7.87912069142e-19)
(53.6613068155 -0.841481009992 -3.83217218431e-18)
(53.7886261582 -0.860032660891 3.18207003046e-20)
(53.9188509281 -0.877568627944 6.95186865181e-19)
(54.0518701925 -0.89406613387 5.12402878895e-21)
(54.1874803074 -0.909518137954 2.48129709977e-18)
(54.3255259309 -0.92393453452 8.49149414058e-19)
(54.4659211285 -0.937334733724 -2.55466935338e-18)
(54.6084582644 -0.949737132696 -1.71292597792e-18)
(54.7529858362 -0.961211120109 -2.51394195747e-18)
(54.8994378121 -0.9717929651 -1.75968101216e-18)
(55.047673573 -0.981507344832 1.74754663362e-18)
(55.1976858336 -0.990294307173 8.25603225581e-19)
(55.3495651123 -0.998139577319 1.7281099131e-18)
(55.503292184 -1.00511342455 -9.07188430397e-19)
(55.6586856266 -1.01125214496 8.99017363013e-19)
(55.8156309457 -1.01651581963 1.86046741425e-18)
(55.9740218864 -1.02083784372 -2.73882418496e-18)
(56.1348326277 -1.02448740601 4.65250428624e-18)
(53.423123029 -1.14061099911 -3.29748149479e-19)
(53.5469232256 -1.17006613101 4.42377076006e-20)
(53.6744928568 -1.19838922164 -1.5692314641e-18)
(53.8049483284 -1.22523175413 -2.08962115607e-20)
(53.9384103238 -1.25058494093 8.75009989881e-19)
(54.0747670824 -1.27444005518 -1.20103659721e-22)
(54.2137982986 -1.29680399149 8.37566018774e-19)
(54.3553169341 -1.31770185205 1.49834973141e-20)
(54.4991873126 -1.33717430082 -4.79440833184e-21)
(54.6452914336 -1.35527701922 -2.05129325371e-20)
(54.7935144327 -1.37201207443 9.48632436023e-19)
(54.9438574208 -1.38740548542 -9.1360897376e-19)
(55.0965060015 -1.40151821479 -1.87739428508e-18)
(55.2513748192 -1.41440063307 9.14317223659e-19)
(55.4079768263 -1.42603582973 -5.65136887202e-21)
(55.5659974336 -1.4364455084 -8.93528100647e-22)
(55.7254631376 -1.44563481721 2.71612507433e-18)
(55.8864834302 -1.45355289904 -1.89772933504e-18)
(56.0489168761 -1.46009385351 -2.77094283103e-18)
(56.2138368507 -1.46569252161 2.66011754389e-18)
(53.4369021049 -1.47345734772 6.62689966003e-19)
(53.5645311796 -1.51183903714 5.41595304438e-20)
(53.6960207167 -1.54878111 -5.05333782224e-20)
(53.83054191 -1.58384452093 -3.11824573531e-20)
(53.9682525694 -1.6170068229 -7.75501284232e-19)
(54.1090269865 -1.64825903984 -3.43303862537e-18)
(54.2526280107 -1.67761181496 8.4297999607e-19)
(54.3988634025 -1.70509331953 6.12038518932e-18)
(54.5476023888 -1.73075073165 2.72060500233e-18)
(54.6987386754 -1.7546434821 -3.61182942205e-18)
(54.8521797983 -1.77683283769 -2.77045237953e-18)
(55.0077039297 -1.7973718725 9.31319538764e-19)
(55.1650630686 -1.816302925 -1.46943457229e-21)
(55.3243287787 -1.83374147488 -9.41047936464e-19)
(55.4855116898 -1.84981829628 2.57917415824e-21)
(55.6484650599 -1.86450154882 1.95067771655e-18)
(55.8131836719 -1.8777175619 9.90588319433e-22)
(55.9797268124 -1.88938599784 -2.89992276728e-18)
(56.1479322828 -1.89938998845 -9.88577795618e-19)
(56.3191897773 -1.90818550578 2.70157433456e-18)
(53.4469956036 -1.82465296576 -2.77339615104e-18)
(53.5793425061 -1.87329869043 2.564087356e-18)
(53.7158891847 -1.92015302959 2.46786837357e-18)
(53.8557211759 -1.96465960448 -4.25939372623e-18)
(53.9989768815 -2.00679512852 2.26713756588e-20)
(54.1455023119 -2.04654800174 8.82433363802e-19)
(54.2950271197 -2.08393543994 1.79701684336e-18)
(54.4473259097 -2.11900303352 7.6160904833e-21)
(54.6022311844 -2.15182437412 4.07030845744e-20)
(54.7596059142 -2.18249391443 3.77855969857e-18)
(54.9193154221 -2.21111125174 -2.89351900149e-18)
(55.0813489178 -2.23779045877 -1.86978476631e-18)
(55.2456877266 -2.26256179206 9.72947349937e-19)
(55.4119074901 -2.28551700301 6.51968254144e-20)
(55.5797528491 -2.30674603879 1.8050773611e-21)
(55.749371045 -2.3262286637 -1.08941356011e-18)
(55.9208312819 -2.343904971 1.90558402853e-18)
(56.0942198553 -2.35972639709 9.25524664038e-19)
(56.2693674061 -2.37359283692 -8.6814408088e-19)
(56.4479079273 -2.38622172469 -5.40669405423e-18)
(53.4552445382 -2.18662169241 -3.90043458851e-18)
(53.5937285005 -2.24611263651 8.01110811924e-19)
(53.7367305508 -2.30340032104 9.84194265734e-19)
(53.8833097536 -2.35782934714 -1.83155062082e-18)
(54.0336092338 -2.40937318906 1.72239685811e-18)
(54.1874386192 -2.45801820896 1.01125265346e-18)
(54.3444785976 -2.50379022331 -1.9082183824e-18)
(54.50446323 -2.54675338717 -2.75720504955e-20)
(54.6671881717 -2.58700044084 1.91827140909e-18)
(54.8324826284 -2.6246494577 1.20226818499e-20)
(55.0001818722 -2.65984135174 2.59530790069e-21)
(55.1701987728 -2.69270635696 1.02057900574e-18)
(55.3422059271 -2.72347572112 1.02304090309e-18)
(55.5159850272 -2.75228904426 -1.0270284573e-18)
(55.6917210868 -2.77913718548 -1.01059631193e-18)
(55.869473381 -2.80401127714 1.0252989988e-18)
(56.0491700632 -2.82689651209 9.82654345982e-21)
(56.2308400946 -2.8477779606 -3.0184555022e-18)
(56.4142878674 -2.86659001907 -1.85159708492e-20)
(56.6015232951 -2.88419603266 1.93892358202e-18)
(53.4555983153 -2.56807087022 3.75872957189e-19)
(53.6015823356 -2.6398836914 2.60854638942e-18)
(53.7525383087 -2.70900944808 9.33768162253e-19)
(53.9074622859 -2.77467496972 3.7933241516e-18)
(54.0664809512 -2.83684381253 -5.91332015913e-20)
(54.2293470317 -2.89549805188 -2.99665808432e-18)
(54.3956671997 -2.95067362683 7.7040607856e-20)
(54.5651075471 -3.00246138312 -1.23137397481e-20)
(54.7374027798 -3.05099114777 0)
(54.9123061129 -3.09642424929 3.21849525546e-18)
(55.0896322651 -3.13896973169 -1.15602761109e-18)
(55.2690281155 -3.17882973807 -1.11581779946e-18)
(55.4503036039 -3.21623379111 -1.10952157088e-18)
(55.6335680613 -3.2513050198 1.30341094179e-19)
(55.8187786566 -3.28418034984 2.17575804486e-18)
(56.00584653 -3.31498690406 -1.10831354397e-18)
(56.1946821572 -3.34379435114 -1.60655567067e-20)
(56.3853596249 -3.37062105018 6.61915511869e-20)
(56.5777311291 -3.39541408341 -9.82387541608e-19)
(56.7741800436 -3.41929627707 -2.85451898618e-19)
(53.4445024289 -2.97081747199 1.9024696854e-18)
(53.5998513785 -3.05645680231 -1.03962965254e-18)
(53.7607341108 -3.13876802116 -3.09538388845e-18)
(53.9260877517 -3.21686184667 1.02738556335e-18)
(54.0960155805 -3.29068247828 -1.00736805526e-18)
(54.2701816811 -3.36019619681 -6.60100095453e-18)
(54.4480747626 -3.42544187004 -1.08335175425e-18)
(54.6292482739 -3.48653828842 5.66839448664e-18)
(54.8133358195 -3.54366209996 2.36096206227e-18)
(54.9999705823 -3.59708679284 -7.42752758533e-21)
(55.1888441308 -3.6470279093 -1.21995948327e-18)
(55.3797087869 -3.6937889008 -2.24822571626e-18)
(55.5723335868 -3.737630312 -1.15230803244e-18)
(55.7665692771 -3.77886224131 -1.37886707605e-20)
(55.9623313397 -3.81778326132 2.23827926241e-18)
(56.1595665723 -3.85464356117 2.16848740191e-18)
(56.3582436216 -3.88960924101 -1.10566020383e-18)
(56.5585161501 -3.92277305789 -2.73893371314e-20)
(56.7602854947 -3.95414708528 -5.19886631917e-20)
(56.9663849871 -3.98514866476 1.37388146978e-19)
(53.4150927537 -3.40065762591 -1.30892862477e-18)
(53.5820363332 -3.5023321353 1.1123671393e-18)
(53.7552858261 -3.59984069793 -1.14431050181e-18)
(53.933693205 -3.69213759069 -1.21993947689e-18)
(54.1173087542 -3.77912200743 1.18702736497e-18)
(54.3056645712 -3.86073166764 -1.15097728323e-18)
(54.498070784 -3.93699766856 -7.45980967222e-20)
(54.6939175877 -4.00805648144 1.23237456704e-18)
(54.8925489363 -4.07421507603 1.33147676058e-18)
(55.0935896112 -4.13570036457 1.31675148757e-18)
(55.2967177095 -4.19287849829 -2.71930257364e-18)
(55.5013652781 -4.24617464686 -6.90590566933e-20)
(55.7071582038 -4.29604973404 -1.09862328137e-18)
(55.9138668133 -4.34298597283 -1.12960978198e-18)
(56.1213393925 -4.38745516842 2.41496189011e-18)
(56.3295166527 -4.42988759954 1.12032556548e-18)
(56.5384025668 -4.4706417879 -1.23189915395e-18)
(56.7482140101 -4.5100023747 -2.26897346627e-18)
(56.958904837 -4.54813890106 1.22798826564e-18)
(57.1736661845 -4.58689273466 -1.10657012438e-18)
(53.3592784174 -3.86329748568 4.59465228381e-18)
(53.5407139694 -3.98384271807 1.13163893065e-19)
(53.7295611118 -4.0990916667 -3.61902894553e-18)
(53.9245638011 -4.20779452974 1.2515951088e-18)
(54.1256723754 -4.30974494639 -1.30341206171e-18)
(54.3321957888 -4.4048030975 -1.35332478474e-18)
(54.5431958988 -4.4929678058 -1.04766663187e-21)
(54.757575697 -4.57436113072 1.40575347735e-18)
(54.9747700295 -4.64939120257 -2.83304903398e-18)
(55.1942432313 -4.71840928447 1.44959263342e-18)
(55.4150095487 -4.78189576443 1.30435167067e-18)
(55.6364091881 -4.840444902 -4.1408707093e-18)
(55.8579020181 -4.89473812916 4.16543315349e-18)
(56.0790589586 -4.94550660247 -7.30915554149e-20)
(56.2996119559 -4.99350041898 -3.97495870514e-18)
(56.5194425495 -5.03945042758 3.97048222603e-18)
(56.738535658 -5.08404310848 1.33246342089e-18)
(56.9571415996 -5.12788993714 -2.34249961115e-18)
(57.1753118598 -5.17146089752 -1.99906451078e-18)
(57.3965771643 -5.21717111806 1.67685222111e-18)
(53.2657400935 -4.36661442202 4.27069097153e-20)
(53.4654429253 -4.51005336993 -2.5952375867e-18)
(53.6741767076 -4.64662872993 -3.53593335696e-20)
(53.8905564089 -4.77481174416 -1.61813587879e-18)
(54.1143853383 -4.8941983933 4.7036441579e-20)
(54.3446464195 -5.00450656228 -1.63595068716e-20)
(54.5799884589 -5.10557221207 -3.05258449459e-18)
(54.8188304518 -5.19791181924 -6.35705299873e-18)
(55.0600521188 -5.28144471687 6.32018481057e-18)
(55.3029405181 -5.3566841352 6.10539103601e-18)
(55.5463150236 -5.42441704463 -3.11702253487e-18)
(55.7888929804 -5.48554733892 4.71794010001e-18)
(56.0297151993 -5.5410565197 -1.69074093073e-18)
(56.2681098014 -5.59200637673 -8.11643444842e-20)
(56.5035784329 -5.63954170652 1.59255918675e-18)
(56.7358059988 -5.68485228571 -1.44195661824e-18)
(56.9646730184 -5.7291236706 -2.30600078201e-19)
(57.1904107412 -5.77348742761 9.82735944783e-19)
(57.4131734156 -5.81893735127 1.74625693949e-20)
(57.6366304221 -5.86867132212 -3.89083278191e-20)
(53.11901276 -4.92046355231 1.42155164744e-18)
(53.3420521068 -5.09267756233 1.56936909201e-18)
(53.5765917504 -5.25587306675 4.78780610682e-18)
(53.8210784298 -5.40806346787 -3.55002751786e-18)
(54.0750325639 -5.54850514228 -6.98635429287e-18)
(54.3371185124 -5.67661384916 8.8114672729e-20)
(54.6042736782 -5.79201585111 -3.55631599126e-18)
(54.8753262511 -5.89484676018 3.73066324393e-18)
(55.1498754943 -5.98544391222 -2.17659433108e-18)
(55.424919941 -6.06441185028 -1.86648673346e-18)
(55.6981238565 -6.13273034108 5.62402337718e-18)
(55.9680677088 -6.19162084655 -3.56186122158e-18)
(56.2335575643 -6.24249782557 -6.54512013753e-20)
(56.493399424 -6.28693091831 1.58461740636e-18)
(56.7465920323 -6.32662342119 -3.23890040086e-18)
(56.9924842214 -6.36341780136 -1.48442952512e-18)
(57.2307278797 -6.39922912864 -1.5086684495e-18)
(57.4613383529 -6.43597344278 1.05616192651e-18)
(57.6844474205 -6.47547554158 1.99520570039e-18)
(57.9033941058 -6.52188479527 4.43566723895e-18)
(52.8976283426 -5.53766428288 2.53201351651e-18)
(53.150623349 -5.74723342968 4.02259858835e-18)
(53.4190143135 -5.94480268325 3.95904599582e-18)
(53.7009854851 -6.12764993309 -1.59322294336e-18)
(53.995741295 -6.29445571308 -1.24686901553e-17)
(54.3009884925 -6.44397461806 -6.3788599425e-18)
(54.6136801143 -6.57609059196 6.12493454806e-18)
(54.9309308866 -6.689644103 -3.97556419856e-20)
(55.249955191 -6.78526111653 1.66868667855e-19)
(55.567901267 -6.86409711023 6.67476435158e-18)
(55.8820000478 -6.92743181658 2.02589296328e-18)
(56.1897030516 -6.9768396979 2.72741796682e-20)
(56.4887510473 -7.01425406143 -3.84752969678e-18)
(56.7771782106 -7.04184637518 -3.56127415933e-18)
(57.0533324716 -7.06196754865 3.42775774645e-18)
(57.3159552226 -7.07721266669 2.13029880442e-18)
(57.5641983491 -7.09044083689 -2.65439516604e-18)
(57.7976076528 -7.1047115009 4.76962594289e-19)
(58.0161890955 -7.12324034015 2.28182653692e-18)
(58.2225641731 -7.15176463392 1.75078902186e-18)
(52.5722087201 -6.23567117806 -3.46267459848e-18)
(52.8641477683 -6.49620164232 6.58558516335e-18)
(53.1776293882 -6.74045775868 2.42978993088e-20)
(53.5104743193 -6.96437137797 -4.64210449423e-18)
(53.8615982967 -7.16552177376 2.71057791497e-18)
(54.2262397566 -7.34167483658 -7.84211590854e-18)
(54.6014143144 -7.49193450316 -2.61795599703e-18)
(54.9841740612 -7.61570113212 8.07654799649e-18)
(55.3678580169 -7.71302998772 5.45138773386e-18)
(55.747647494 -7.78514263879 5.1752411972e-18)
(56.1199323703 -7.83408909402 -3.43616470224e-19)
(56.4812933229 -7.86242468492 -4.76711898768e-18)
(56.8284264281 -7.87302264567 -3.82272576311e-19)
(57.1583391229 -7.86890321296 9.62987370913e-19)
(57.4683022819 -7.85309836098 3.79487912184e-18)
(57.7557886755 -7.82873935241 1.09089640074e-19)
(58.0186066828 -7.79925765477 -3.4463157041e-18)
(58.25473183 -7.76844380594 1.19238687412e-18)
(58.4630340177 -7.74066659895 5.98238900974e-20)
(58.6429250736 -7.7223798853 -6.33055181715e-19)
(52.0957490475 -7.03463395127 -3.89531681394e-18)
(52.438920552 -7.36828863023 -8.65366534581e-18)
(52.8144936907 -7.68045411374 3.20242796998e-19)
(53.2196314843 -7.96442802969 -1.20979329403e-19)
(53.6520624769 -8.21540457175 9.3935078106e-18)
(54.1056424423 -8.42934589192 -8.28720309376e-20)
(54.5738434536 -8.60360267176 -3.22185678633e-18)
(55.0506349785 -8.73790511958 1.26346905469e-19)
(55.5279042744 -8.83287863267 -5.86386322466e-18)
(55.997791005 -8.8901957058 -3.22002171625e-18)
(56.4536542387 -8.91252106477 -3.4684650577e-18)
(56.8898216714 -8.90308180898 -1.36553094691e-20)
(57.3016579714 -8.86545330546 8.29493262055e-18)
(57.6858358387 -8.80356159141 -5.45534093008e-19)
(58.0398067619 -8.72153886268 -1.46806631927e-18)
(58.361006947 -8.62370258685 -2.52766083562e-18)
(58.6465080149 -8.51469620608 -4.93047995934e-18)
(58.8927578807 -8.39983884346 2.95586198646e-18)
(59.0971952036 -8.28577085711 1.56360352035e-18)
(59.255696013 -8.18116482801 1.41313270005e-18)
(51.3990894768 -7.95565382841 6.95204745973e-18)
(51.8072872734 -8.39132331909 6.7597373373e-18)
(52.2672451006 -8.7988241277 -7.15512437475e-18)
(52.7758607332 -9.16878543556 1.511010661e-17)
(53.3284767165 -9.49263489026 4.11101744402e-18)
(53.9144642528 -9.76193079955 -2.55615397196e-17)
(54.5209031981 -9.96937385272 1.40592830192e-19)
(55.1348232756 -10.1133842826 3.01067255549e-17)
(55.7431073485 -10.1965282138 -4.11907681819e-19)
(56.3345532033 -10.2236430997 -2.00766464134e-17)
(56.9004760046 -10.2007501813 9.81308881729e-19)
(57.4341206169 -10.1345034749 4.01661522186e-18)
(57.9320736121 -10.0310603653 -2.92424930786e-18)
(58.3921800625 -9.89394618797 1.23699648942e-18)
(58.8129005054 -9.72493285719 2.96110938238e-18)
(59.191969243 -9.52564012876 -6.21480407842e-18)
(59.5245130468 -9.29805479016 2.27397701937e-18)
(59.8028770776 -9.045246509 5.70725000912e-19)
(60.0157464772 -8.77206987084 -1.12129398661e-18)
(60.1476252748 -8.48391545355 7.31487809315e-19)
(50.4026682249 -9.06979693574 -4.31774837516e-19)
(50.8981321527 -9.68224031962 -3.37463208458e-18)
(51.4684368093 -10.253900075 8.98397828235e-18)
(52.1109295878 -10.7650609008 -4.85218442173e-18)
(52.8215167069 -11.1988104941 -1.08799070339e-17)
(53.5883990594 -11.5379722062 1.0906523234e-17)
(54.3860452686 -11.7723602715 1.57560668192e-19)
(55.1822773189 -11.8988193064 -1.12969180787e-17)
(55.9541521607 -11.9220198423 -1.14059743065e-18)
(56.6862919491 -11.8538145908 1.43889260422e-17)
(57.3749367319 -11.7097714014 -3.75910575444e-18)
(58.0262284066 -11.5176806094 -8.31433733307e-18)
(58.65121336 -11.301784764 -9.30549423686e-19)
(59.2522506331 -11.0729479867 6.22964749729e-19)
(59.8321615118 -10.8264337251 -8.37036715833e-18)
(60.3809188303 -10.5485530392 -2.98622872798e-18)
(60.8881615898 -10.2260401742 6.07947952069e-18)
(61.3389725312 -9.84831022371 -4.44810631792e-18)
(61.7049319383 -9.40973870626 4.50125402771e-18)
(61.9545030406 -8.90577092411 -4.75349376777e-18)
(48.802082393 -10.3778800248 -2.61709943514e-18)
(49.3832002081 -11.2644233704 1.8875047887e-17)
(50.0953824658 -12.1022989156 5.90303693493e-20)
(50.9299370948 -12.8324405737 1.52700751678e-17)
(51.8865321688 -13.4173427201 7.43417356961e-18)
(52.9418453052 -13.8269951971 -3.19031963284e-17)
(54.0488330373 -14.0543912389 -8.64498675072e-18)
(55.1642858064 -14.1196042364 2.34542852492e-17)
(56.2486854527 -14.0514639426 7.70244208018e-18)
(57.2808192917 -13.8916872255 -7.02533402507e-18)
(58.2588822267 -13.6644520072 -6.94125808292e-18)
(59.1898747025 -13.4171419594 -2.95963843794e-18)
(59.9854278858 -13.1130323424 5.12975915988e-18)
(60.661135399 -12.7679929665 1.98711564057e-18)
(61.2580243372 -12.3727564327 2.04200942504e-18)
(61.7871692698 -11.9079220177 4.54630769561e-18)
(62.288049254 -11.3534553834 -9.88736877094e-18)
(62.7403653604 -10.6570496247 1.55171822687e-18)
(63.1221536758 -9.79257842738 6.83732820541e-18)
(63.3640247637 -8.80228185988 -1.19304224755e-17)
(46.2422209162 -11.3592331076 5.81385301074e-19)
(46.8100782386 -12.4089298279 -1.69813841493e-17)
(47.6644619528 -13.563474454 1.40904043504e-17)
(48.8292078769 -14.7766097607 -3.28001042403e-17)
(50.3065910545 -15.8428302671 3.4641950472e-18)
(52.0176983958 -16.5795529266 1.15556267253e-17)
(53.8019132163 -16.949476231 -8.99407715033e-19)
(55.5290797037 -17.0068010796 2.11204397826e-17)
(57.1268943881 -16.8781106826 -2.49223358694e-18)
(58.6307660901 -16.6631179628 8.53805642834e-18)
(59.8474890381 -16.4061767259 -2.79362617638e-18)
(60.8573946184 -16.0807626339 1.42284382775e-17)
(61.4615324448 -15.7370568868 4.61684694105e-19)
(61.9096204895 -15.35178881 1.95578406804e-18)
(61.7575767407 -14.9741884569 -1.99830665839e-17)
(61.5069744123 -14.5977680853 -3.47024553665e-17)
(61.0932176277 -14.1262000386 1.51558665866e-17)
(60.6511712467 -13.3485828307 4.89792645324e-17)
(60.2846713996 -12.4307122942 -3.13911989841e-17)
(59.9596462678 -11.3942305598 1.88229860199e-17)
(56.1752251645 -0.195621469235 4.83539039591e-19)
(56.2533243482 -0.195858381245 0)
(56.3322337957 -0.196100115137 -1.17652867842e-18)
(56.4113548845 -0.196273719567 -3.29280972726e-21)
(56.4907113917 -0.196378486392 2.28049040804e-18)
(56.5702825348 -0.1964115706 3.38051562e-21)
(56.6500366714 -0.196369392578 2.56105474657e-21)
(56.7299489647 -0.196248085563 3.62904904532e-21)
(56.8099960952 -0.196043693998 -1.09748468314e-18)
(56.8901510542 -0.195752189043 2.13148720713e-18)
(56.9703845729 -0.195369431605 -1.08538365525e-18)
(57.0506653733 -0.194891181843 -2.11670957232e-18)
(57.1309598015 -0.194313162932 1.08280383286e-18)
(57.2112328617 -0.19363109473 -1.08028727452e-18)
(57.2914483483 -0.192840958013 -4.58913376954e-21)
(57.3715661231 -0.191938882872 1.06745194783e-18)
(57.4515458336 -0.190920841399 2.18630672566e-18)
(57.5313462993 -0.18978379902 -4.89471960607e-20)
(57.6109211652 -0.188525998799 -1.11623335955e-19)
(57.6902183607 -0.187145992532 1.11045837445e-18)
(57.7691815312 -0.185641502564 -9.16363014295e-19)
(57.847755254 -0.18400937787 9.80265897403e-19)
(57.925882656 -0.182247315139 -1.06725983118e-18)
(58.0035037282 -0.180353679334 -8.99269878243e-19)
(58.0805570193 -0.178326696704 4.54564568479e-21)
(58.1569790387 -0.176164769925 -5.16555352321e-20)
(58.2327042977 -0.173866608576 1.92537548486e-18)
(58.3076654053 -0.17143118981 -9.67420449294e-19)
(58.3817930627 -0.168857754622 4.5966314527e-21)
(58.4550163781 -0.166145910552 7.77816825566e-21)
(58.5272622679 -0.163295842229 4.99732443527e-19)
(58.5984571435 -0.16030817824 3.29209829316e-18)
(58.6685271323 -0.157184504131 -2.25304236049e-18)
(58.7373963912 -0.153926178385 -5.42635970612e-18)
(58.8049883543 -0.15053467928 -9.92147274117e-21)
(58.8712260906 -0.147011774923 3.50453725205e-18)
(58.9360322536 -0.143359579853 4.82952544186e-21)
(58.9993292777 -0.139580557102 3.72764984183e-21)
(59.0610396783 -0.135677503272 7.93172883117e-19)
(59.121086242 -0.131653540162 -1.2398897699e-18)
(59.1793916837 -0.127512214186 -7.52617949596e-19)
(59.2358783182 -0.123257579473 0)
(59.2904702071 -0.118893920377 0)
(59.3430953602 -0.114425566379 -1.48364477071e-18)
(59.3936838658 -0.109857265791 -3.37483011708e-21)
(59.4421661135 -0.105194457425 6.64893942805e-19)
(59.488473856 -0.100443060078 1.69194997971e-18)
(59.5325412208 -0.0956090573598 6.98575012511e-19)
(59.5743048828 -0.0906979195039 -2.85469801781e-18)
(59.6137040701 -0.0857138654767 -1.19077017919e-21)
(59.6506805453 -0.0806593119575 5.63146975813e-19)
(59.6851784796 -0.0755348080823 -1.14536631422e-18)
(59.7171445239 -0.0703402417633 5.74594696269e-19)
(59.7465277818 -0.0650773412167 7.97550161524e-19)
(59.7732808426 -0.0597534145468 5.25484884145e-19)
(59.7973603356 -0.0543866108079 1.17776637742e-18)
(59.8187301991 -0.0490060583632 -4.73471917181e-19)
(59.837362415 -0.0436573797614 -1.70137014907e-18)
(59.8532341145 -0.0383839905129 2.76578824088e-21)
(59.8663352786 -0.0332326997189 7.48035599785e-19)
(59.8766484544 -0.0282061975641 2.88062435585e-21)
(59.8842012414 -0.023236779288 -5.60845522516e-21)
(59.8889874386 -0.0182415182345 0)
(59.8909476646 -0.0130843015319 1.30089360478e-19)
(59.8900675441 -0.00767631054753 7.86332917914e-21)
(59.8863422178 -0.00198581673058 -1.03360898083e-19)
(59.879712011 0.00406826164586 6.30194659186e-21)
(59.8700918271 0.0104879225192 1.5820791271e-19)
(59.8574746024 0.0171506514395 -1.39887934148e-19)
(59.8416950675 0.0236396046091 -6.38024297324e-20)
(56.2025118398 -0.620529423144 -3.2447635687e-19)
(56.2814173097 -0.620379643379 -1.08976137241e-18)
(56.3612319597 -0.620227614466 -4.66984103983e-21)
(56.4412708731 -0.619854767854 1.24445875365e-19)
(56.5215511132 -0.619256418946 -1.25142229123e-18)
(56.6020603803 -0.618422881807 3.33972271379e-18)
(56.6827730577 -0.617343971364 1.24258144697e-18)
(56.7636657582 -0.616009198591 -1.24190388161e-19)
(56.8447153622 -0.61440788783 -1.16520135863e-18)
(56.9258955954 -0.61252924028 -2.14996625689e-18)
(57.0071783999 -0.610362307623 1.1525188053e-18)
(57.088533331 -0.607895970615 2.25363653344e-18)
(57.1699271228 -0.605118981472 -1.02740014249e-18)
(57.2513231848 -0.602019890373 -3.32775033813e-18)
(57.3326827148 -0.598587706015 -1.03108334242e-18)
(57.4139665278 -0.594811005509 2.20467349456e-18)
(57.4951298609 -0.590678146567 2.02368920182e-18)
(57.5761189569 -0.586178828482 1.06551184035e-18)
(57.6568835553 -0.581303463984 1.53950561461e-21)
(57.7373790384 -0.576044188254 -3.27892305458e-18)
(57.8175543701 -0.570393860254 -2.04672557235e-18)
(57.897351548 -0.564345071841 2.11764932535e-18)
(57.9767099552 -0.557890772226 5.02604718534e-18)
(58.0555678138 -0.551025171544 1.25202783143e-20)
(58.1338618109 -0.543743551179 -2.98055145615e-18)
(58.2115263742 -0.536041776087 2.05665877425e-18)
(58.2884937235 -0.527916259746 -2.03198135395e-18)
(58.3646942172 -0.519364364587 -1.05129607707e-18)
(58.4400564227 -0.510384555492 2.00157100443e-18)
(58.5145070638 -0.500976428749 -1.93095027582e-18)
(58.5879710812 -0.491140815164 -1.01347848906e-18)
(58.6603721474 -0.480879074559 2.84907675583e-18)
(58.7316329859 -0.470193885732 9.72350527102e-19)
(58.8016751328 -0.45908925752 -3.26838931048e-18)
(58.8704190842 -0.447570504151 -8.47645547139e-19)
(58.9377847189 -0.435644192174 1.3527810535e-18)
(59.0036915318 -0.423318140843 1.73494933283e-18)
(59.0680588501 -0.410601404618 4.75875631203e-21)
(59.1308060871 -0.397504255459 -2.15744424856e-18)
(59.1918529312 -0.384038185269 1.62585266396e-18)
(59.2511191539 -0.370216196331 1.24382571817e-18)
(59.3085244427 -0.356052978183 -1.56929132768e-18)
(59.3639902417 -0.341563934575 1.17115427407e-18)
(59.4174416844 -0.326764382817 5.83899284263e-21)
(59.4688060464 -0.311670411486 -1.13266118393e-18)
(59.5180111657 -0.296299582002 1.10321282396e-18)
(59.5649863361 -0.280670561826 1.08933759607e-18)
(59.6096632439 -0.264802789074 1.29512880209e-18)
(59.651976278 -0.248716359244 -9.69534656485e-19)
(59.6918628502 -0.232431897542 -2.17126447615e-18)
(59.7292638546 -0.215970464542 7.24107147254e-21)
(59.7641241651 -0.199353521932 2.0832553462e-20)
(59.796393127 -0.182602889513 3.34037976461e-20)
(59.8260247197 -0.165740809606 -8.21356488072e-21)
(59.8529774292 -0.148789713087 4.30787963693e-21)
(59.8772135568 -0.131772338579 3.38621052616e-21)
(59.8986975589 -0.114710450635 -1.87960745213e-20)
(59.9173959142 -0.0976258297722 -9.32556533001e-21)
(59.9332705503 -0.0805393384911 1.93929072649e-20)
(59.9462848643 -0.0634749331574 3.66653624461e-19)
(59.9563980113 -0.0464657036459 -7.00570224052e-19)
(59.9635907929 -0.0295348804665 -3.69200667745e-19)
(59.9678629976 -0.0127301913093 7.56693689332e-19)
(59.9692281118 0.0039381557765 8.24064544832e-19)
(59.9677316292 0.0204804915172 -1.20471619284e-19)
(59.9634226462 0.0369059526091 -2.28768368683e-19)
(59.9563638735 0.0532130212286 8.44158681094e-22)
(59.9466411817 0.0694256939614 1.0078021112e-19)
(59.9343449454 0.0855572152798 -8.67495746031e-21)
(59.9194844274 0.101626447301 -4.01284034601e-19)
(56.2556678415 -1.02632388925 9.58562771932e-19)
(56.3358782046 -1.02679165354 -1.11573703111e-18)
(56.4170527322 -1.02728121365 -1.12939637907e-18)
(56.4984645775 -1.02742108255 6.68927120476e-20)
(56.5801400196 -1.02720338064 5.89650366282e-21)
(56.6620622388 -1.02661128578 -1.18882495202e-18)
(56.7442021738 -1.02562613008 1.05778460628e-18)
(56.826535742 -1.02422823676 2.18676701348e-18)
(56.9090397864 -1.02239754488 -1.11255653676e-18)
(56.9916878613 -1.02011373873 -4.26710392895e-18)
(57.0744520533 -1.01735621685 -2.2334146557e-18)
(57.1573028104 -1.01410423786 2.0803079152e-18)
(57.2402089554 -1.01033707158 3.31269820033e-18)
(57.32313562 -1.00603413331 1.04362514899e-18)
(57.4060480159 -1.00117465832 -1.08250252766e-18)
(57.4889115933 -0.995738973082 -1.02629240619e-18)
(57.5716851173 -0.98970864206 2.22344857368e-18)
(57.6543251465 -0.983065576049 -2.14181634206e-18)
(57.7367820753 -0.975791948427 -3.28015335329e-18)
(57.8189979086 -0.967871292775 2.12274590614e-18)
(57.9009143626 -0.959287921418 1.05915618414e-18)
(57.9824733317 -0.95002713331 -2.03423469582e-18)
(58.0636140275 -0.940075817293 -9.88872344304e-19)
(58.1442716089 -0.929422938349 3.03202803274e-18)
(58.2243790285 -0.918058845123 -1.01884821354e-18)
(58.3038674107 -0.905975021269 -8.93918450763e-21)
(58.3826657528 -0.893164317782 1.94139425003e-18)
(58.4607005875 -0.879620765754 -9.87845195659e-19)
(58.5378964544 -0.865340001195 -5.53426701605e-21)
(58.6141761406 -0.850319705925 -1.99651943404e-18)
(58.6894604031 -0.834559578665 1.77414358634e-21)
(58.7636686469 -0.818061066301 2.91252216542e-18)
(58.8367190929 -0.800827417641 -9.50715234022e-19)
(58.9085286411 -0.782864113196 -9.38922993001e-19)
(58.97901306 -0.764178882365 2.78287424083e-18)
(59.0480874023 -0.744781584198 9.57071832e-19)
(59.1156662824 -0.72468423507 -1.78921530844e-18)
(59.1816641147 -0.703901017881 8.25500580992e-19)
(59.2459953807 -0.682448272781 -7.84752210584e-19)
(59.3085748087 -0.660344506523 3.30029740053e-21)
(59.3693173917 -0.637610895355 7.7519571115e-19)
(59.4281385133 -0.614271594247 -1.58435646348e-18)
(59.4849552646 -0.59035206888 1.45300570236e-20)
(59.5396877846 -0.565877743347 -3.10803327584e-20)
(59.592258324 -0.540875459939 -1.46937017704e-18)
(59.642590297 -0.515374644491 -8.09458704006e-19)
(59.6906090259 -0.489406701782 2.123957366e-18)
(59.7362424932 -0.463004515747 7.50977368765e-19)
(59.7794216357 -0.436202334978 -7.56337127419e-19)
(59.820080589 -0.409035630982 6.1731895367e-19)
(59.8581569451 -0.381540951462 9.2014669211e-19)
(59.893591997 -0.353755770281 6.36974501311e-19)
(59.9263309552 -0.325718317187 -1.38983195706e-18)
(59.9563231297 -0.297467377485 -1.03620456673e-18)
(59.983522079 -0.269042040044 1.26857027768e-18)
(60.0078858039 -0.240481400577 -3.38348669164e-21)
(60.0293766883 -0.21182400974 -1.18116814442e-18)
(60.0479622609 -0.183109124043 -1.87221354964e-21)
(60.0636138732 -0.154373734489 -8.1207757107e-19)
(60.0763053339 -0.125656521485 -3.81888498155e-21)
(60.0860185108 -0.0970072221646 -4.40442711188e-20)
(60.0927426021 -0.0684735853833 6.6706044028e-19)
(60.0964686963 -0.0400928816276 5.51153718807e-19)
(60.0971915221 -0.011899123758 -5.36032213653e-19)
(60.0949128389 0.0160745615084 1.99337070087e-19)
(60.0896430221 0.0437953002342 2.31260478333e-20)
(60.0813999909 0.071228626634 -3.24587836241e-20)
(60.0702055352 0.0983352061545 0)
(60.0561025599 0.125073313019 1.57080365357e-19)
(60.0390453912 0.151410974227 -4.92521950179e-20)
(56.3377550041 -1.46852437829 1.68039443839e-18)
(56.4200993305 -1.46935104545 -2.36125579001e-18)
(56.5036452084 -1.47021467295 -1.22861156318e-18)
(56.58747206 -1.47058880691 2.37165177867e-18)
(56.6715830587 -1.47046130314 6.35971172688e-20)
(56.7559761129 -1.46980745112 -1.14546658548e-18)
(56.8406360672 -1.46860070825 1.20993523856e-18)
(56.9255427648 -1.46681297238 1.14481708619e-18)
(57.0106735405 -1.46441518967 -7.28435292401e-20)
(57.0960029761 -1.46137764974 -2.20483022166e-18)
(57.1815041419 -1.45767000175 -1.12860639666e-18)
(57.2671468059 -1.45326147029 5.71909603136e-18)
(57.3528969908 -1.4481211042 2.04945310514e-20)
(57.4387194571 -1.44221806391 -3.48866424369e-18)
(57.5245724203 -1.43552157141 -2.29868787016e-18)
(57.6104076013 -1.428001991 -5.7467771897e-21)
(57.6961781822 -1.41963067783 2.27700255658e-18)
(57.7818380917 -1.4103802603 -6.49941884251e-22)
(57.8673381937 -1.40022594098 1.09263667269e-18)
(57.9526246112 -1.38914277507 -1.01558054116e-18)
(58.0376397041 -1.37710420318 -2.15770662985e-18)
(58.1223224171 -1.364084559 2.07829837974e-18)
(58.2066082614 -1.35006208763 4.38745291276e-18)
(58.2904290573 -1.33501840354 -1.03294071595e-18)
(58.3737131806 -1.31893755635 -3.26141049241e-18)
(58.4563859234 -1.30180612041 -1.14414950596e-18)
(58.5383703727 -1.28361240776 -1.1527307844e-18)
(58.6195864019 -1.26434673288 1.1307840174e-18)
(58.6999519597 -1.24400248315 1.1406802787e-18)
(58.7793840281 -1.22257568585 1.00365627469e-18)
(58.8577964578 -1.20006420571 1.93077987091e-18)
(58.935100402 -1.17646785291 -1.90670935695e-18)
(59.0112057828 -1.15178949214 -3.73898462432e-18)
(59.0860215869 -1.12603571034 9.55013732906e-19)
(59.1594553807 -1.09921663399 1.75318123288e-18)
(59.2314137044 -1.07134569529 8.93629456577e-19)
(59.3018025181 -1.0424396156 1.89061023805e-18)
(59.3705275458 -1.01251838663 5.6684148752e-20)
(59.4374946148 -0.981605276362 -2.66959596777e-18)
(59.5026098358 -0.949726876927 8.00834982039e-19)
(59.5657799425 -0.916913803937 7.99925152426e-19)
(59.626912837 -0.883201118295 -3.83859886747e-19)
(59.6859180808 -0.8486260484 -1.20523667464e-18)
(59.7427074781 -0.813226123613 -1.19950893432e-18)
(59.797195115 -0.777041165407 -3.16234747775e-20)
(59.8492972136 -0.740114890907 5.7896848725e-20)
(59.8989325922 -0.702494060814 2.85078878243e-18)
(59.9460231987 -0.664227758892 -1.09919021728e-20)
(59.9904944796 -0.625367195757 -3.37264470541e-19)
(60.0322756931 -0.585965464912 4.0628761074e-20)
(60.0713001953 -0.546077286798 -1.58145630733e-20)
(60.1075057021 -0.505758750687 -2.42403303906e-20)
(60.1408345385 -0.465067048556 -3.04265315528e-19)
(60.1712338734 -0.424060194844 4.4871165887e-20)
(60.1986559366 -0.38279671481 -9.78880885813e-19)
(60.2230582703 -0.341335307775 -8.09541345568e-19)
(60.2444038418 -0.299734368883 2.14028163921e-19)
(60.2626614364 -0.258052400526 2.16760077031e-19)
(60.2778047627 -0.216344596772 -1.43657665057e-21)
(60.2898126498 -0.174669183234 -1.47723387158e-19)
(60.2986742587 -0.133097085178 -1.42793406707e-21)
(60.3043871384 -0.0916964202803 -8.39470576997e-20)
(60.3069518934 -0.050522763938 -4.75967030558e-20)
(60.3063750691 -0.0096267519833 5.80705824416e-19)
(60.3026697718 0.030942569362 3.58238053947e-19)
(60.2958564823 0.0711373005979 6.21593569889e-22)
(60.2859575074 0.11091108786 -2.51442926411e-19)
(60.273010146 0.150222539277 -3.37847592146e-20)
(60.2570252633 0.189025036134 -4.43023144762e-20)
(60.2380739803 0.227327809599 5.37189578201e-20)
(56.4477695447 -1.91313342334 2.97289685246e-18)
(56.5330004083 -1.91506799834 4.11630624924e-20)
(56.6195495018 -1.91707905549 -3.54541177527e-18)
(56.7064179236 -1.91848058907 8.50526785512e-22)
(56.7936279263 -1.91925565729 3.53450583748e-18)
(56.8811724939 -1.91937191278 6.25745347733e-21)
(56.9690337276 -1.91879487344 -2.415501081e-18)
(57.0571941019 -1.9174873681 -1.24018355965e-18)
(57.1456335936 -1.91541067644 1.09624502425e-18)
(57.2343282687 -1.91252519164 3.5452780052e-18)
(57.3232530461 -1.90879025924 -1.076864597e-18)
(57.412380134 -1.90416416219 -5.34150209646e-21)
(57.5016781506 -1.89860434653 1.2746475573e-18)
(57.5911124819 -1.89206769213 -2.28347128041e-18)
(57.6806449965 -1.88451115391 -1.88858693378e-19)
(57.770233958 -1.87589097869 1.21571670587e-18)
(57.8598341513 -1.86616349127 1.13028779789e-18)
(57.9493969798 -1.85528659562 -3.49326790997e-18)
(58.0388707589 -1.84322089745 -2.20120525273e-18)
(58.128199775 -1.82992761841 3.3976773348e-18)
(58.217322584 -1.81536657892 5.21282633436e-21)
(58.3061727538 -1.7994984985 -1.09393314141e-18)
(58.3946805615 -1.78228771891 -7.5017686807e-21)
(58.4827728767 -1.76370240221 -2.4504380099e-20)
(58.5703724659 -1.74371481728 -1.1182889939e-18)
(58.6573972714 -1.72230105783 1.08925834823e-20)
(58.7437616388 -1.69944004312 2.23224102722e-18)
(58.8293763796 -1.67511587344 3.27269205945e-18)
(58.9141491229 -1.64931810018 -9.73035410752e-20)
(58.9979859449 -1.62203870742 -4.16787005729e-18)
(59.0807907617 -1.59327201874 2.17802482834e-18)
(59.1624639368 -1.56301526565 1.90139589769e-18)
(59.2429028845 -1.53126906794 -2.14898309849e-18)
(59.3220032967 -1.49803827194 -1.81633943214e-18)
(59.3996593165 -1.46333270133 -8.76751417206e-19)
(59.4757641547 -1.42716738655 8.96282313577e-19)
(59.5502102986 -1.3895624678 1.42288819194e-20)
(59.6228898196 -1.35054295864 -1.76002072007e-20)
(59.6936947303 -1.31013862306 -9.91622987462e-19)
(59.7625172833 -1.26838400179 -8.97286669424e-19)
(59.8292508473 -1.2253193698 8.65706827417e-19)
(59.8937910533 -1.18099133709 8.40010545134e-19)
(59.9560352805 -1.13544981764 -8.47347922575e-19)
(60.015882169 -1.08874559714 -1.61091510877e-18)
(60.0732328303 -1.04093302886 2.31695444948e-18)
(60.1279918202 -0.992072130033 1.54384900247e-18)
(60.1800672768 -0.942227417693 -1.4138508529e-18)
(60.2293711523 -0.891466930602 -1.12980566216e-18)
(60.2758196795 -0.839861935587 1.33037459254e-18)
(60.319333801 -0.787486568071 9.54778455029e-19)
(60.3598395144 -0.734417458836 -1.3460012809e-18)
(60.3972681681 -0.68073336456 -2.59236134292e-21)
(60.4315567448 -0.626514794954 6.3199385252e-19)
(60.4626481146 -0.571843643136 1.11383653232e-18)
(60.4904912654 -0.516802780941 -1.63641049016e-18)
(60.5150414995 -0.46147569039 -9.90979891513e-19)
(60.536260554 -0.405945838297 -1.77732257416e-19)
(60.5541164976 -0.350296385644 -2.59588576212e-20)
(60.5685830926 -0.294606172125 1.06758702759e-18)
(60.5796416231 -0.238959787542 -4.16642868584e-20)
(60.5872858632 -0.183457484147 4.4579815258e-20)
(60.5915186209 -0.128193654645 0)
(60.592346808 -0.0732479035087 4.6044962736e-19)
(60.5897822841 -0.0186931731022 5.69914865577e-20)
(60.58384087 0.0353991860982 -3.47535229327e-19)
(60.5745451281 0.0889592350285 1.37348748705e-19)
(60.5619324334 0.141920471293 -2.49367584068e-19)
(60.5460334418 0.194219452237 -3.96042487023e-19)
(60.5268827359 0.245776977326 1.59716588325e-19)
(60.5045451561 0.296586321265 4.14632452496e-19)
(56.5818717855 -2.39370888482 -4.09427676187e-19)
(56.6706648833 -2.39709099579 1.26816358446e-18)
(56.7611078142 -2.4006259478 2.50437975788e-18)
(56.8519661712 -2.40344890201 1.29543290637e-18)
(56.9432210929 -2.40553781456 -1.21991237055e-18)
(57.0348736118 -2.40684977278 -2.49504270089e-18)
(57.1269256219 -2.40733844621 -1.79271055189e-21)
(57.2193703667 -2.40695415036 2.47870766492e-18)
(57.312190423 -2.40564498862 -2.46566411806e-18)
(57.4053638427 -2.40335735888 -1.83352086951e-20)
(57.4988694582 -2.4000358673 1.17239348496e-18)
(57.5926832976 -2.39562343801 -1.05009527424e-20)
(57.6867766905 -2.39006167872 2.42560582104e-18)
(57.7811167172 -2.38329123348 1.10541515022e-18)
(57.8756663301 -2.37525213279 -1.17964594239e-18)
(57.9703841995 -2.36588413611 -2.21263084822e-18)
(58.0652244709 -2.35512724275 -1.21731277874e-20)
(58.1601371431 -2.3429230007 -1.17432181545e-18)
(58.2550688728 -2.32921564978 3.87179639732e-21)
(58.349961337 -2.3139498363 1.0993851729e-18)
(58.444748386 -2.2970681091 -8.6185495423e-20)
(58.5393571934 -2.27851382638 1.14194653134e-18)
(58.6337109769 -2.25823465112 8.11881010696e-20)
(58.7277289132 -2.23618244301 2.25180470063e-18)
(58.8213252173 -2.21231273174 2.2690612802e-18)
(58.9144086456 -2.1865852561 -3.37323747402e-18)
(59.0068829646 -2.1589646056 -2.23527497548e-18)
(59.0986471585 -2.12942206875 1.14287545503e-18)
(59.1895948168 -2.09793597388 -1.11978282261e-18)
(59.2796157502 -2.06449095002 -3.13772604524e-20)
(59.3685977696 -2.02907775361 2.1087081218e-18)
(59.4564255614 -1.99169112473 -2.20660743852e-18)
(59.5429801503 -1.95232921572 -1.04941455622e-18)
(59.6281392455 -1.91099507408 5.10116280304e-18)
(59.7117777915 -1.86769746151 6.22727834591e-20)
(59.7937686172 -1.82245137424 -9.22558326923e-19)
(59.8739834714 -1.77527888304 8.80849916463e-19)
(59.9522940504 -1.72620942169 -3.86663585373e-18)
(60.0285720223 -1.67527967773 -2.71416747797e-18)
(60.1026892066 -1.62253342996 1.85684110073e-18)
(60.1745189765 -1.56802250269 1.86712548615e-18)
(60.2439382689 -1.51180740361 2.48826361496e-22)
(60.3108259527 -1.45395342591 -2.5092073452e-20)
(60.3750610746 -1.39452764218 2.43311761693e-20)
(60.4365255999 -1.33360243728 -1.5300276311e-18)
(60.4951067775 -1.27125815342 1.53261999264e-18)
(60.5506968599 -1.20758155562 1.49148846359e-18)
(60.6031929834 -1.14266454196 -2.28531624724e-18)
(60.6524977915 -1.07660370546 6.81240101088e-20)
(60.6985200396 -1.00949980611 -2.07066911418e-18)
(60.7411750407 -0.941457206744 1.29223625007e-18)
(60.7803850398 -0.872583328441 2.55554908406e-18)
(60.8160795475 -0.802988067379 2.8264304695e-19)
(60.8481956914 -0.732783226123 -8.55813145918e-19)
(60.8766783556 -0.662082016092 -2.47634516373e-18)
(60.9014806363 -0.590998177522 8.26043856783e-19)
(60.9225635394 -0.519646003636 8.98462646612e-19)
(60.9398960595 -0.448137806781 9.59921503416e-19)
(60.9534541344 -0.376581701463 -5.81050710336e-19)
(60.9632252714 -0.305090353338 -7.40631566594e-19)
(60.9692161825 -0.233797869603 4.61081162233e-19)
(60.9714370673 -0.162835930851 -3.97863244464e-19)
(60.9699041144 -0.0923016081018 6.20613669174e-19)
(60.9646436365 -0.022303655298 3.07765443787e-19)
(60.955685765 0.0470812560068 -4.17315793841e-19)
(60.943064974 0.115653549391 0)
(60.9268309131 0.183441891915 -9.13637560081e-20)
(60.9069794563 0.250413600308 5.83995249205e-20)
(60.88351766 0.316326224434 3.40168677404e-19)
(60.8570210674 0.381304504598 1.87742552812e-20)
(56.7419396605 -2.89524249341 -2.41835458496e-18)
(56.8348979628 -2.90075828152 -4.42400823758e-20)
(56.9297103245 -2.90654782966 3.76077367008e-18)
(57.0250066452 -2.91156888126 -2.50005602294e-18)
(57.1207993882 -2.91579436259 -1.31560120291e-18)
(57.2171018303 -2.91916952266 3.80502170706e-18)
(57.3139218946 -2.92163559267 1.3402171461e-18)
(57.4112606758 -2.92312970022 -2.46571857253e-18)
(57.5091101872 -2.92358542072 -2.61289785486e-18)
(57.6074574531 -2.9229330479 -1.30128080282e-18)
(57.7062897888 -2.92109969889 6.06246563019e-21)
(57.8055910636 -2.91800951641 2.44200538894e-18)
(57.9053395502 -2.91358409067 2.31244304321e-21)
(58.0055083505 -2.90774286444 -1.28981221648e-18)
(58.1060653353 -2.90040354191 2.48451957831e-18)
(58.2069728206 -2.89148260847 1.2944738922e-18)
(58.3081872941 -2.8808960827 -1.21810936523e-18)
(58.4096599483 -2.8685611975 -6.78579368924e-20)
(58.5113377456 -2.85439785719 1.21565164725e-18)
(58.6131609715 -2.83832585224 -1.12194372438e-18)
(58.7150590348 -2.8202618401 -1.19255851721e-18)
(58.8169520897 -2.80012303795 3.56612931964e-18)
(58.9187549706 -2.77783163876 2.35216394787e-20)
(59.020377066 -2.75331477923 5.80343268525e-20)
(59.1217209418 -2.72650396089 -3.04091912999e-20)
(59.222682092 -2.6973355299 -4.70112641111e-18)
(59.3231491094 -2.66575130424 1.09355556961e-20)
(59.4230038545 -2.63169924291 2.24159886611e-18)
(59.5221215755 -2.59513500548 -1.2035213901e-18)
(59.620371849 -2.55602468308 -2.30231345461e-18)
(59.7176187127 -2.51434479212 3.56942315807e-20)
(59.8137210531 -2.4700797656 3.37242186512e-18)
(59.9085333156 -2.42322173801 1.10789165292e-18)
(60.0019067829 -2.3737708973 9.6184998785e-19)
(60.0936904894 -2.32173449819 -2.26106040685e-18)
(60.1837294877 -2.2671268707 -5.31071019607e-18)
(60.27186492 -2.20997070203 3.22789471408e-18)
(60.3579371744 -2.15029795022 4.1201941008e-18)
(60.4417865527 -2.08815033307 -1.0694089996e-18)
(60.5232530972 -2.02357995029 9.98024509248e-19)
(60.6021797506 -1.9566509278 1.4845044527e-20)
(60.6784148485 -1.88744002136 -9.41828446353e-19)
(60.7518087215 -1.81603104287 4.69718122702e-21)
(60.8222105081 -1.742510975 -8.72067015935e-19)
(60.8894730397 -1.66697462009 -8.3454646388e-19)
(60.9534571245 -1.58952794154 5.75287131231e-20)
(61.0140307804 -1.51028608287 7.0955805964e-19)
(61.07106867 -1.42937171086 7.12137926749e-19)
(61.1244529174 -1.34691439908 9.03561554902e-19)
(61.1740739752 -1.2630498862 -6.77133295367e-19)
(61.219831197 -1.17791923748 7.91004319397e-20)
(61.2616333831 -1.09166815054 -1.11200411815e-19)
(61.2993993494 -1.00444593836 1.50970343521e-19)
(61.3330578839 -0.916405061246 -6.80949620178e-19)
(61.3625492885 -0.827699704613 -5.56331680785e-19)
(61.3878222515 -0.738485448762 8.3429544542e-20)
(61.4088395052 -0.648917566484 1.25938094245e-19)
(61.4255702836 -0.559147663697 8.20086335519e-19)
(61.4379990002 -0.469327269503 -1.36428292246e-21)
(61.4461256415 -0.379595621339 -8.8901514589e-19)
(61.4499385161 -0.29014855863 7.57740555783e-19)
(61.4495029776 -0.201161476622 1.04901488174e-18)
(61.4448302001 -0.112763857123 -3.12341740945e-19)
(61.4359963148 -0.0251120275639 -5.83105523197e-19)
(61.4226574467 0.0617518173937 -4.66840098301e-20)
(61.4052202712 0.14714663069 -2.50009358833e-19)
(61.3844461316 0.231677384343 8.1820728346e-22)
(61.3592812093 0.315290397992 2.19908459446e-19)
(61.3301174475 0.39772094093 1.43881647457e-19)
(61.2979615759 0.478832763315 -1.78704411352e-19)
(56.9214854337 -3.43487732143 4.7965226375e-19)
(57.0190113624 -3.44327396849 1.05291291429e-20)
(57.1187108509 -3.45213893802 8.06518799302e-20)
(57.2189984518 -3.46022346762 1.26869411499e-18)
(57.3198911227 -3.4674952413 2.64846459651e-18)
(57.4214266466 -3.47389055705 2.46986911362e-18)
(57.5236360174 -3.47933943482 -2.61636969699e-18)
(57.6265380395 -3.48376507753 -4.92792394307e-18)
(57.7301397 -3.48708505202 -2.5868507367e-18)
(57.8344430881 -3.48921176297 3.70122697342e-18)
(57.9394515121 -3.49005242228 1.28566562139e-18)
(58.0451642302 -3.48950914889 -2.51368182585e-18)
(58.1515735665 -3.48747939656 2.56782110296e-18)
(58.2586653923 -3.48385634527 2.12972037868e-20)
(58.3664184118 -3.47852867017 7.55347664633e-20)
(58.4748030149 -3.47138111408 -2.57523314148e-18)
(58.5837816158 -3.462296751 -1.35457099291e-18)
(58.6933102768 -3.45115951765 2.57904232301e-18)
(58.8033401428 -3.43785568739 9.64474822217e-21)
(58.9138133224 -3.42226979963 -2.89928041169e-20)
(59.0246563709 -3.40428118008 9.89189411155e-21)
(59.1357827006 -3.38376934869 1.23620470129e-18)
(59.2470982974 -3.36061954233 -3.66832014633e-20)
(59.3585015837 -3.33472280784 -3.73124138322e-18)
(59.4698814327 -3.30597541464 -1.26756942186e-18)
(59.5811166597 -3.27427957602 3.60306604446e-18)
(59.692076047 -3.23954429856 1.27076997389e-18)
(59.8026184856 -3.20168600008 -1.16231434699e-18)
(59.9125930947 -3.16062945995 1.23366335064e-18)
(60.0218403679 -3.11630997 -1.22209347885e-18)
(60.1301928676 -3.06867492649 -1.21622922493e-18)
(60.2374741243 -3.01768352897 -1.20467649382e-18)
(60.3434981101 -2.96330808004 -3.58271551576e-20)
(60.4480742444 -2.90553616706 1.24936625266e-18)
(60.5510095084 -2.84436935416 -1.24876056661e-18)
(60.6521067336 -2.77982014697 1.07740337255e-18)
(60.7511639354 -2.71191342951 -2.27643735973e-18)
(60.8479787372 -2.64068676195 2.23024967849e-18)
(60.9423489259 -2.56618841943 4.40034596489e-18)
(61.0340678177 -2.48847912669 -4.27443146439e-18)
(61.1229295244 -2.40763587046 -1.11971384838e-18)
(61.2087368635 -2.32375436049 2.02445618213e-18)
(61.2912970838 -2.23694180717 -1.08262064445e-18)
(61.3704147275 -2.14731160314 1.02826212001e-18)
(61.4458986949 -2.0549890379 9.98303646801e-19)
(61.5175693905 -1.96011514251 -1.78213090684e-18)
(61.5852576188 -1.86284396809 -1.84729405016e-18)
(61.648803621 -1.76334041645 1.68046190578e-18)
(61.7080581551 -1.66177944306 2.43848785828e-18)
(61.7628836851 -1.55834495396 -9.00631361774e-19)
(61.813154587 -1.45322859298 -1.55490702785e-18)
(61.8587585038 -1.34662868262 2.08161864715e-18)
(61.8995960932 -1.23874833023 7.03116357801e-19)
(61.9355831838 -1.12979539889 -2.55538463828e-18)
(61.9666517122 -1.01997726054 1.99490488113e-20)
(61.9927485999 -0.909506842119 2.17111224471e-18)
(62.013846258 -0.798588160818 -3.40074416228e-19)
(62.0298978373 -0.687439582818 -3.73769178446e-19)
(62.0409503323 -0.576258856443 -1.03850256264e-19)
(62.0469652684 -0.465264808748 -4.99981184652e-20)
(62.0478804487 -0.354709095222 4.14631713424e-19)
(62.04387667 -0.244763144388 2.04099017283e-19)
(62.0349337159 -0.135715398142 -2.02866550473e-19)
(62.0214472583 -0.0276713771852 -9.26429315672e-19)
(62.0012671625 0.0792856394773 1.22595334403e-19)
(61.9770445376 0.184799843762 2.27057133903e-19)
(61.9514744587 0.288987132885 -3.07886047068e-19)
(61.9209436061 0.39169018455 1.37785562902e-19)
(61.8848418085 0.492901232755 -1.1240761815e-19)
(61.8438586574 0.591936879545 -8.99010771725e-21)
(57.1207657358 -4.00612605115 -5.14572753252e-20)
(57.2228471134 -4.01809081532 1.23203621499e-18)
(57.3273657501 -4.03082691146 -1.31198132404e-18)
(57.4325780891 -4.04288318352 -7.71030162429e-20)
(57.5385243304 -4.05422399022 -7.99140365334e-20)
(57.645269543 -4.06477781389 -2.54026051871e-18)
(57.7528750902 -4.07446437319 1.33610316833e-18)
(57.8613907691 -4.08319310137 2.57158377028e-18)
(57.9708528519 -4.09086460498 -1.17248641623e-18)
(58.081292071 -4.09737122274 -1.27837133646e-18)
(58.1927411641 -4.10259701208 1.19256077283e-18)
(58.3052284806 -4.10641777333 -2.4767542245e-18)
(58.4187743265 -4.10870150163 1.27818815489e-18)
(58.5333913003 -4.10930889241 2.42209292638e-18)
(58.6490834081 -4.10809368458 -1.28850736119e-18)
(58.7658442246 -4.10490204357 -2.42595584205e-18)
(58.8836546953 -4.09957088368 5.54468024729e-21)
(59.0024828186 -4.09193052761 3.82710989411e-18)
(59.1222869389 -4.0818117392 -2.6710837054e-18)
(59.2430135051 -4.0690439694 -1.33330085833e-18)
(59.3645888119 -4.05344897211 1.45745036863e-18)
(59.4869211294 -4.03484652334 -2.7021558656e-18)
(59.6099081742 -4.01306295141 1.21815738031e-18)
(59.7334370632 -3.9879318976 4.05288597053e-18)
(59.8573821691 -3.9592942137 -3.83971655774e-18)
(59.98160525 -3.9269989608 -1.33017169794e-18)
(60.105954161 -3.89090300877 3.9154125202e-18)
(60.2302601577 -3.85086996678 1.247410263e-18)
(60.3543371126 -3.80677293806 2.74020129902e-18)
(60.4779844311 -3.75849944544 -3.88234366624e-18)
(60.6009901494 -3.70595234575 -5.24908377693e-18)
(60.7231287946 -3.64904802049 2.57198321369e-18)
(60.8441601935 -3.58771914545 -1.43794346327e-18)
(60.9638341564 -3.52192029242 -2.64935565237e-18)
(61.0818911965 -3.45162857238 1.32717148735e-18)
(61.1980646782 -3.37684034327 3.80939587435e-18)
(61.3120842657 -3.29757560472 2.58616698834e-18)
(61.4236781369 -3.21387840299 -4.82455288388e-18)
(61.532575074 -3.12580807605 -5.77132269508e-20)
(61.6385012791 -3.03343804134 3.51118306393e-18)
(61.7411818215 -2.93686164683 1.29773180564e-18)
(61.8403483274 -2.8361974041 7.28341311179e-21)
(61.9357375633 -2.73158091652 9.4489600069e-19)
(62.0270840342 -2.62315842018 5.57998344917e-20)
(62.1141287241 -2.51109470037 -2.11978737928e-18)
(62.1966297734 -2.39557816088 -9.30388795434e-19)
(62.2743605806 -2.2768169179 -6.05897793724e-21)
(62.3471085446 -2.15503499465 5.96922860581e-20)
(62.4146774209 -2.03047101784 -1.79276825403e-18)
(62.4768895547 -1.90337678949 -1.63870670622e-20)
(62.533584685 -1.77401576524 9.06509414959e-19)
(62.5846212559 -1.64266009847 8.31545108417e-19)
(62.6298706026 -1.5095897929 1.22632597838e-18)
(62.6692322619 -1.37509014316 -2.54772667319e-20)
(62.7026133724 -1.23944734273 -9.88789738929e-19)
(62.7299757792 -1.10296314867 1.08181159502e-18)
(62.7512917419 -0.965902099208 1.36632803364e-18)
(62.7665415995 -0.828603307767 -1.56832501038e-18)
(62.7757336609 -0.691292394199 -1.38320291898e-18)
(62.7787811217 -0.554546626229 4.41067923123e-19)
(62.775977624 -0.418414368881 2.02420182213e-19)
(62.7671236843 -0.282979209104 8.74767205348e-19)
(62.7523082717 -0.149128188474 -4.70617077692e-19)
(62.732618162 -0.0165040549655 -4.67739088721e-19)
(62.7064949734 0.114617901354 4.05316283071e-19)
(62.6752376929 0.244531782433 -7.2562598017e-20)
(62.6404925902 0.372340005624 -1.48920442718e-19)
(62.6005768025 0.497734270412 1.61949600071e-19)
(62.5533934834 0.62014087777 -2.71708600326e-19)
(62.500721725 0.739853534998 1.31729210394e-19)
(57.3342674995 -4.61397246377 -5.17723397804e-19)
(57.4403227419 -4.63019434176 1.44830134816e-18)
(57.5490650286 -4.64764083952 1.29829014235e-18)
(57.6585847644 -4.66466002924 -8.93091177908e-22)
(57.7689463494 -4.68121953026 -1.30950590171e-18)
(57.8802615878 -4.69724741627 1.89945921258e-20)
(57.9926435729 -4.71265846232 1.3083888523e-18)
(58.1061917118 -4.72735166171 3.79218965089e-18)
(58.2209893716 -4.74121228003 -1.2671639294e-18)
(58.3371149041 -4.7541123477 -3.74746988188e-18)
(58.4546507487 -4.76591046627 1.30117991712e-18)
(58.5736752165 -4.77645159264 1.27325816044e-18)
(58.6942577249 -4.78556745834 1.37910597611e-20)
(58.8164589328 -4.79307722846 -1.3050757648e-18)
(58.9403303538 -4.79878889701 1.39079549865e-18)
(59.0659134102 -4.80249992457 1.54415783914e-20)
(59.1932360172 -4.80399652443 -5.71385121022e-20)
(59.3223086734 -4.80305431339 -1.23738055649e-18)
(59.4531243689 -4.79944210998 -2.7642227723e-18)
(59.5856552107 -4.79290958824 -5.16629413926e-20)
(59.7198392718 -4.78318766263 1.5229182979e-18)
(59.8555843524 -4.76999961599 1.39772409636e-18)
(59.9927821977 -4.75307686665 1.3538648304e-18)
(60.1313097065 -4.7321587715 1.41542433074e-18)
(60.2710242922 -4.70699232738 -1.03403808367e-19)
(60.4117623561 -4.67733498753 1.01786612026e-20)
(60.5533376405 -4.64295541111 -1.3692142803e-18)
(60.6955387517 -4.60363490607 -2.40885840945e-20)
(60.8381279523 -4.55916948873 -3.32960303066e-21)
(60.9808460828 -4.50937519486 -6.09336379454e-20)
(61.1234177881 -4.45408364889 -2.75994097815e-18)
(61.2655481454 -4.39314272281 4.80095515294e-20)
(61.406920605 -4.32641870726 -8.11041915419e-21)
(61.5471995623 -4.25380220603 -4.41511029767e-18)
(61.6860334466 -4.17521274588 2.86328015398e-18)
(61.8230580012 -4.09060077337 2.90042589189e-18)
(61.9579001964 -3.99995273865 -2.96243550963e-18)
(62.0901785896 -3.90329501569 1.41688022416e-18)
(62.219508586 -3.8006900288 4.37020567539e-18)
(62.3455051159 -3.69223109764 -1.29053164829e-18)
(62.4677859771 -3.57804129829 -1.34536006841e-18)
(62.5859787264 -3.45827865739 -1.39352656041e-18)
(62.6997178921 -3.33312592773 -5.6057008543e-21)
(62.808634592 -3.20277936544 2.48202242536e-20)
(62.9123634577 -3.0674610144 3.73783917314e-18)
(63.0105601151 -2.92742766138 -5.21012443818e-20)
(63.1029035839 -2.78296720027 -5.55355103807e-18)
(63.1890944661 -2.63439441488 1.23657748857e-18)
(63.2688577334 -2.48204656302 2.103565552e-18)
(63.3419436851 -2.32627961972 2.00546918547e-18)
(63.4081338871 -2.16746095174 1.03422736432e-18)
(63.4672397907 -2.00597640963 -7.41145553741e-19)
(63.5191038909 -1.84222750016 -1.61863724775e-18)
(63.5636189078 -1.67660959247 7.1310211211e-19)
(63.6006247025 -1.50953486255 1.74827078857e-19)
(63.6301436957 -1.34140111978 -1.20003035301e-18)
(63.6520426354 -1.17262085714 -1.34213273354e-18)
(63.6664530555 -1.003668208 3.6014060931e-19)
(63.6724555554 -0.83476936296 1.44409265488e-18)
(63.670856322 -0.666856572673 -1.75772552147e-19)
(63.6638574292 -0.499917482002 1.62555282991e-19)
(63.647967439 -0.333909093665 0)
(63.6248071206 -0.169570217478 -1.52448462638e-20)
(63.5974389952 -0.00697803294693 1.61479204091e-19)
(63.5633226468 0.153471264833 8.96555693052e-20)
(63.5226153805 0.311631309674 -8.34975327236e-20)
(63.4755084772 0.466995536712 2.52832114396e-19)
(63.419624718 0.618446111602 9.86059566389e-20)
(63.3564331231 0.766151238217 -6.07864255988e-19)
(63.2906810874 0.910742586917 -2.37318267466e-19)
(57.5614180527 -5.25014789287 2.5084048882e-18)
(57.6699028157 -5.27080122059 -1.30987204356e-18)
(57.7811747895 -5.29333647821 -2.69621361945e-18)
(57.8932148397 -5.31594225055 1.33465246625e-18)
(58.0061261208 -5.3386031312 2.66634720996e-18)
(58.1200868122 -5.36126247576 1.33501384071e-18)
(58.2352885875 -5.38384414135 1.11018356107e-18)
(58.3519106695 -5.40624839395 -8.56786744523e-21)
(58.4701148183 -5.42835456783 3.60641702362e-20)
(58.5900594418 -5.45002123804 1.18564553987e-18)
(58.7119103479 -5.4710856314 -3.6342250768e-18)
(58.8358301058 -5.4913627869 -3.66646690197e-18)
(58.9619713412 -5.51064560948 1.15743418078e-18)
(59.0904759938 -5.52870519075 3.70181595672e-18)
(59.2214737204 -5.54529223116 1.28612569787e-18)
(59.355078569 -5.56013790479 -1.30485800164e-18)
(59.491385535 -5.57294505653 2.72680849262e-22)
(59.6304629081 -5.58339189745 1.24930021449e-18)
(59.7724119256 -5.59114221285 2.77383773612e-20)
(59.9173224297 -5.59584533187 -2.69582522208e-18)
(60.0651849802 -5.59714731145 -1.40642184323e-18)
(60.215931589 -5.59467174485 2.88526212732e-18)
(60.3694674327 -5.58802607891 1.94885089728e-20)
(60.5256746256 -5.57680498366 -4.62077265682e-18)
(60.684389863 -5.56058978581 -3.15736190693e-18)
(60.8454127032 -5.53895580816 1.39944260711e-19)
(61.0085116611 -5.51148465878 1.66303273687e-18)
(61.1734051541 -5.47777309484 1.52322834731e-18)
(61.3397720705 -5.43743578757 1.44665139234e-20)
(61.5073115409 -5.39013837271 3.37532676166e-18)
(61.675718409 -5.33560042757 -1.72540474603e-18)
(61.8446115194 -5.27358049241 -6.68112959037e-18)
(62.0135409493 -5.20387276848 3.43287106814e-18)
(62.1820224846 -5.12630133693 3.3434285108e-18)
(62.3495574827 -5.04072720249 -3.24234335544e-18)
(62.5156317657 -4.94704557391 -2.19836626156e-19)
(62.6797107848 -4.84516958143 4.94008775471e-18)
(62.8412331058 -4.73505424842 2.76806151591e-19)
(62.9996223217 -4.61671361144 1.58655582669e-18)
(63.1542960743 -4.49022664605 -5.96603111412e-20)
(63.3046802017 -4.35573253108 -4.68728047131e-18)
(63.4502254118 -4.21343418475 1.28577107745e-19)
(63.5903947104 -4.06358117727 2.82018994645e-18)
(63.7246449531 -3.90644470407 -1.3001022971e-19)
(63.8524420384 -3.74233184127 2.1365780108e-19)
(63.9732924701 -3.57160504947 2.69759152955e-18)
(64.0867525177 -3.39467624371 1.46358472992e-18)
(64.1923990699 -3.21199184267 -2.43651080661e-18)
(64.2898154908 -3.02402590641 -2.39355955699e-18)
(64.3786221439 -2.83128630069 0)
(64.4585067686 -2.63430398005 -2.3973692199e-19)
(64.5292147083 -2.43364950529 8.97687185154e-19)
(64.5905808345 -2.22991706837 -1.66721914485e-19)
(64.6424530552 -2.02366868301 8.90147152226e-19)
(64.6847020461 -1.81551616048 -1.96686193814e-19)
(64.7173126784 -1.60602070872 -1.31846542984e-18)
(64.7399346298 -1.39584183127 8.90568404083e-20)
(64.7532905632 -1.18559808357 4.14699851493e-19)
(64.7554466149 -0.975738507734 8.53501506998e-19)
(64.7475048526 -0.767675895268 9.26141473376e-19)
(64.734353512 -0.560595658288 -8.11026040953e-19)
(64.7121381652 -0.355248442499 -1.24806819669e-20)
(64.6804961722 -0.151662712484 2.12404283897e-19)
(64.6418648295 0.0488253055281 -2.10942301074e-19)
(64.5942152377 0.24591502529 1.0559062553e-20)
(64.5383596192 0.438132162048 -3.83444309303e-19)
(64.4720154589 0.625637990797 1.51200886937e-19)
(64.3962848345 0.808726777368 1.10040455932e-18)
(64.3164710122 0.987560952362 -1.93510423212e-20)
(64.2330046792 1.16169598015 -4.78447551411e-19)
(57.8018604106 -5.90587125695 1.74333762919e-18)
(57.9098481052 -5.93034598342 2.34773017392e-18)
(58.0204841623 -5.95764117756 -3.54195675698e-18)
(58.1316765062 -5.98586781346 -3.48939877551e-18)
(58.2435611878 -6.01505886515 1.17521014545e-18)
(58.3564126013 -6.0452077276 1.00202818554e-18)
(58.4705400841 -6.0762767352 -1.24516444864e-18)
(58.5862418211 -6.10819199549 -1.07806880403e-18)
(58.7037990155 -6.14084518975 2.31768532851e-18)
(58.8234949883 -6.17409350261 -1.11974197552e-18)
(58.9456278741 -6.20775845963 -2.38517237265e-18)
(59.0704969555 -6.24162297612 1.81322841781e-20)
(59.1983937612 -6.27543095329 6.39971790545e-20)
(59.3295963859 -6.30888635449 1.14956590821e-18)
(59.4643734415 -6.34164630165 1.18110396324e-18)
(59.6030541498 -6.37333102406 -4.95675021816e-21)
(59.7460176108 -6.40351509818 4.59961935231e-21)
(59.8935610179 -6.43180737378 2.59249489643e-18)
(60.0458422707 -6.45781704604 -1.33904980409e-18)
(60.2028203362 -6.48111747036 -1.41986089499e-18)
(60.3644486861 -6.50121044744 2.88478366931e-18)
(60.5308151882 -6.51756282623 -1.48445873633e-18)
(60.7020181455 -6.52962451111 -4.52155660382e-18)
(60.8780873599 -6.53683358721 -2.42304342323e-20)
(61.058966853 -6.53860639565 2.50835140759e-20)
(61.2445353704 -6.53432670066 -1.81056994588e-18)
(61.4345990773 -6.5233570441 5.14638664325e-18)
(61.6288962862 -6.50505264775 3.83571725394e-18)
(61.8269646712 -6.47873127687 -1.815393448e-21)
(62.0281362754 -6.44368188669 -2.00981313796e-18)
(62.2317436068 -6.39923179322 -4.05280899199e-20)
(62.4371598798 -6.3447620261 4.33784358239e-20)
(62.6437717439 -6.27978550909 -2.02934081109e-18)
(62.8509458991 -6.20392889982 -1.86976086292e-18)
(63.058043014 -6.11689076509 -1.84445833318e-20)
(63.2645095224 -6.01845410165 1.99706437135e-18)
(63.4697108996 -5.90848961323 3.48830091569e-21)
(63.6728255454 -5.78690493612 -3.48903009679e-20)
(63.8729523774 -5.65367333202 -2.21571956339e-18)
(64.069176563 -5.50884336361 -1.50538374981e-19)
(64.2606119833 -5.35255523515 4.23656057828e-18)
(64.4464066518 -5.18505448706 -3.68808890708e-18)
(64.6257136463 -5.0066697049 -3.86894240839e-18)
(64.7976768352 -4.81779034064 3.44962199364e-18)
(64.9614651443 -4.61888386849 3.55996545258e-18)
(65.116322866 -4.41051001521 1.46350831702e-18)
(65.2615950514 -4.19330438298 -1.70665977467e-18)
(65.3966633985 -3.9679486533 -9.25511720455e-20)
(65.5208818556 -3.73515206237 -1.60092667763e-19)
(65.633649314 -3.49566704757 -2.6745774878e-18)
(65.7344809023 -3.25029458462 -5.38785383239e-21)
(65.8230023285 -2.99989594759 1.64000335939e-19)
(65.8989991101 -2.74531501956 -1.1164987248e-19)
(65.9621519866 -2.48742939355 9.92768933812e-19)
(66.0123831604 -2.22712531258 -1.11647211862e-18)
(66.0496632351 -1.96525176043 7.8669921107e-19)
(66.0735590767 -1.70268651999 1.27733809476e-18)
(66.084931443 -1.44010548182 3.54398780168e-20)
(66.0792719188 -1.1789514984 3.1131619835e-21)
(66.0636099457 -0.919358301383 -7.3952141513e-19)
(66.0432613007 -0.66182028605 4.1022291996e-19)
(66.0103973355 -0.406665046626 1.06073680018e-19)
(65.9642636608 -0.154899566714 -5.1790867301e-19)
(65.9067622093 0.0925388611691 -3.20027678403e-19)
(65.8343971581 0.333491434679 3.4601769737e-19)
(65.7495511069 0.568405484976 2.97273563829e-19)
(65.6597968532 0.797262840347 -1.53639209762e-18)
(65.563449489 1.02059202271 -2.37356326979e-19)
(65.4584267852 1.23770162413 1.33408948157e-18)
(65.3469374713 1.44787140623 -1.21175204056e-19)
(58.0627138472 -6.55831004087 -1.89351688519e-18)
(58.165214111 -6.58381336038 -2.26958538412e-18)
(58.269719636 -6.61333849344 -2.25450315947e-19)
(58.3741237667 -6.64509902752 1.00101912208e-18)
(58.4785964447 -6.67922311477 -1.69358346593e-18)
(58.583551394 -6.71582624119 -3.6486226441e-18)
(58.6894868282 -6.75499297527 2.50889636642e-18)
(58.7969011677 -6.7967484712 2.62033736991e-18)
(58.9062908371 -6.84106528235 -1.61084955414e-20)
(59.0181632646 -6.88786569318 -1.62620392225e-18)
(59.1330584382 -6.93701359412 8.32373651158e-19)
(59.2515306519 -6.98831259642 8.16563065107e-19)
(59.3741355377 -7.04148825636 -8.69145016909e-19)
(59.5014723315 -7.09618413264 2.6766323015e-18)
(59.6341376467 -7.15199558529 1.19161531271e-20)
(59.7727125431 -7.20847466315 -7.13433680915e-21)
(59.9173491658 -7.26511791301 2.08507016329e-18)
(60.0679664567 -7.32130437581 -4.49018632052e-18)
(60.2248650141 -7.37636099122 -2.31223711546e-18)
(60.3886800081 -7.42958584276 8.93899005965e-20)
(60.5600051971 -7.48019310012 -1.3531612955e-18)
(60.7391143383 -7.52733833793 1.46709955964e-18)
(60.9261162747 -7.57014856852 2.60756159651e-21)
(61.1210559691 -7.60772651149 -1.07339229553e-19)
(61.3239915659 -7.63916531754 -1.81109770153e-18)
(61.5349673882 -7.66355925309 8.59131992911e-20)
(61.7539613657 -7.67998732803 1.2537778329e-19)
(61.9810046444 -7.68754715191 1.98834178889e-18)
(62.2161632384 -7.68539657692 4.22483143221e-18)
(62.4591467594 -7.67269050822 3.53851892286e-22)
(62.7092386199 -7.64853806169 0)
(62.9651992905 -7.61201364973 -4.73390423018e-18)
(63.2255111926 -7.56214737831 4.96502372622e-18)
(63.4889877192 -7.497986335 4.9415187267e-18)
(63.7545716651 -7.41864032852 -5.28512269635e-18)
(64.0210485271 -7.32325421341 1.50122908861e-19)
(64.2873134376 -7.21117079265 0)
(64.5522849666 -7.08199477625 -4.88808724291e-18)
(64.8146615298 -6.93567602079 -2.63620940005e-18)
(65.0730851282 -6.77232129482 7.54949352269e-18)
(65.3261662794 -6.5921321014 2.70043014279e-18)
(65.5725396826 -6.39535264799 1.19292034839e-19)
(65.810830377 -6.18234165388 -2.27892261056e-18)
(66.0396448229 -5.95359124501 -2.62292664423e-18)
(66.257644284 -5.70975251005 -1.14910218989e-19)
(66.4636054122 -5.45164354049 -2.11277745208e-19)
(66.6564477376 -5.18021784174 2.12828323293e-18)
(66.8352017954 -4.89653066833 -1.98537681169e-18)
(66.998956921 -4.60171203768 2.07802607047e-18)
(67.146919999 -4.29695885301 1.65520242753e-18)
(67.2783842453 -3.98354018289 -7.30194407454e-20)
(67.3929340286 -3.66278917128 -2.54590113806e-19)
(67.4901362305 -3.33603417696 5.73347606263e-21)
(67.5694495174 -3.00471799391 1.44877191095e-19)
(67.6310020588 -2.67019494614 -1.39084274532e-18)
(67.6748824851 -2.33417391487 -1.07190121351e-18)
(67.701423517 -1.99800786729 -1.49867006456e-19)
(67.7086654536 -1.66240078568 2.36912702671e-19)
(67.6968814786 -1.32902708998 -7.41641578046e-19)
(67.6731106332 -0.997548315029 4.72939950276e-19)
(67.6405325466 -0.670315844142 -3.66033815575e-19)
(67.5920255853 -0.348308676837 -6.47676964798e-19)
(67.5248195899 -0.0344932756528 -1.23935668268e-20)
(67.4366936683 0.270892530048 -1.78941124594e-19)
(67.3314129374 0.568054058108 -7.03875183395e-19)
(67.2201491932 0.857150301924 5.85142737354e-19)
(67.1009735955 1.13743382153 5.87377346314e-19)
(66.9707676012 1.40794137298 -1.44286154129e-18)
(66.829475527 1.66840269461 3.11080338839e-19)
(66.6810018576 1.91885132503 2.12193825926e-18)
(58.368103943 -7.17755985505 3.37153356461e-19)
(58.4585243062 -7.19852071433 -1.54611350028e-18)
(58.5494103307 -7.22518069926 -7.87754202021e-19)
(58.6386022004 -7.25615062173 6.93629771566e-19)
(58.7262113069 -7.2917229311 5.56486447683e-19)
(58.8127793562 -7.33239702361 1.29450706139e-19)
(58.8990903394 -7.37830840472 -8.01869334672e-19)
(58.9858901747 -7.42986061829 -3.28034527491e-19)
(59.0739486693 -7.48712949667 3.85101925325e-20)
(59.1640781587 -7.55022032918 3.10054337435e-19)
(59.257169127 -7.61917176743 3.30594757123e-19)
(59.3542276885 -7.69383614247 -8.51435001097e-21)
(59.456368266 -7.77442528407 4.27692117508e-21)
(59.564584162 -7.85998038749 4.1648290477e-19)
(59.6795514056 -7.95066903397 9.19059813351e-19)
(59.8020829209 -8.04387605871 -9.07323574668e-19)
(59.9334635537 -8.13767515135 -1.21766304283e-18)
(60.0749587752 -8.23370620355 -6.76178895781e-19)
(60.2273021214 -8.33228589054 -5.57745171847e-19)
(60.3910155325 -8.43295739478 1.35933028192e-18)
(60.5667683981 -8.53391463629 -2.19584984353e-20)
(60.7551631392 -8.63344294811 4.03084684511e-19)
(60.9566816919 -8.73036983005 1.43365647881e-18)
(61.171656454 -8.82384768418 -3.37193531147e-18)
(61.4002405482 -8.91228883172 -7.30030889927e-19)
(61.6424172372 -8.9949266636 4.49500201483e-18)
(61.8979724195 -9.07224070089 2.1774846625e-18)
(62.1664261032 -9.13940735999 2.35855953802e-18)
(62.4470651967 -9.19291872666 -2.64477698323e-18)
(62.7394359043 -9.23168489299 -2.72316887675e-18)
(63.043127484 -9.25369136186 5.8173578848e-18)
(63.3578036602 -9.25781900864 2.64162119097e-20)
(63.683256442 -9.24325943989 -3.12372844794e-18)
(64.0188163098 -9.20889636655 -3.18290156539e-18)
(64.3635889911 -9.15353863089 -3.56935680266e-20)
(64.7160786449 -9.07580332802 3.45122005327e-18)
(65.0735945936 -8.97430029676 0)
(65.4323943016 -8.84800534212 0)
(65.7891278737 -8.69626584384 3.60532026092e-18)
(66.141683195 -8.51883206815 6.89254488437e-18)
(66.4886382253 -8.31571323445 5.53073067075e-20)
(66.8283773208 -8.08724564808 -6.61788290046e-18)
(67.1585823889 -7.83400458982 -1.01797309089e-17)
(67.4767989941 -7.55674162029 -5.68121829101e-20)
(67.780730659 -7.25646594068 2.92763800556e-18)
(68.0682743108 -6.9344926429 -1.87272517245e-19)
(68.3374987582 -6.59239155884 -4.78072867412e-20)
(68.5866490201 -6.23192969242 5.38865426753e-18)
(68.8141909767 -5.8550282639 2.70015308134e-18)
(69.0188432993 -5.46370955226 -4.96743766056e-18)
(69.1994925026 -5.06006406122 -4.1436718415e-18)
(69.3554111928 -4.64618190225 -4.43322680426e-18)
(69.4857625281 -4.22419725842 5.04445008001e-18)
(69.5900501082 -3.79628018367 -3.08693105183e-20)
(69.6670978028 -3.36443233117 -3.94532633782e-18)
(69.716804317 -2.93108305731 2.14904783284e-18)
(69.7429669276 -2.49783070964 1.1295097457e-18)
(69.744708377 -2.06596950908 -6.55535042099e-19)
(69.7231217947 -1.63675048236 2.16111804112e-19)
(69.6835007064 -1.21112019183 -3.11130004389e-19)
(69.6241317544 -0.792623005085 -9.24544338797e-19)
(69.5332414798 -0.382806132471 9.79983676998e-20)
(69.4133781948 0.014734308844 3.60103472204e-20)
(69.2808661433 0.399799996533 7.0386114829e-19)
(69.1361208557 0.774416570237 7.07655032548e-19)
(68.9772567099 1.13738088754 4.76949558287e-19)
(68.8044780694 1.48684176448 -1.93910948688e-18)
(68.6183329303 1.82222472439 1.78244614136e-18)
(68.4210697033 2.1433254982 -1.73623251935e-18)
(68.216675535 2.44975779599 -1.7454785589e-18)
(58.7598179394 -7.71413750169 4.19800696287e-21)
(58.8261156731 -7.71493354124 -1.40224664749e-19)
(58.8900240085 -7.72266615614 2.17275592264e-19)
(58.9493694886 -7.73696088434 5.30985320019e-20)
(59.003237611 -7.75857428757 -2.86613462995e-20)
(59.0529774672 -7.78854844765 -9.17346508342e-19)
(59.0995498575 -7.82770728123 -3.85136034417e-20)
(59.1436877757 -7.87684927089 1.15460230411e-18)
(59.1874490313 -7.9367922858 5.97792816119e-20)
(59.2314925798 -8.00789030252 8.9993493834e-20)
(59.2772689383 -8.09103698253 7.54428865741e-19)
(59.3262214199 -8.18890555233 0)
(59.3804463155 -8.29625580516 7.96288125684e-21)
(59.4416919281 -8.41393699312 4.07173040247e-22)
(59.511581149 -8.54155963543 6.46135965063e-21)
(59.5912590768 -8.68118055027 -6.22036579058e-20)
(59.6821358045 -8.8306695987 6.26132060263e-19)
(59.7865018894 -8.9886087717 1.07185907147e-20)
(59.9058088834 -9.15408245927 5.18174596445e-21)
(60.0428027705 -9.32575184762 -2.99016577378e-19)
(60.2004842064 -9.50213356627 -1.51338389868e-18)
(60.3792679757 -9.68122283672 1.4014594324e-18)
(60.5799234216 -9.86164334517 9.77237872946e-19)
(60.8038264167 -10.0401077474 -2.74214331675e-18)
(61.0515617237 -10.2146501981 6.73350512111e-18)
(61.3233242748 -10.3833785319 1.95147329811e-18)
(61.6192565807 -10.5440037735 -9.46612719372e-18)
(61.9391565479 -10.6941224108 -9.06741567798e-20)
(62.2823932018 -10.8311714949 6.27475940823e-18)
(62.6478691171 -10.9525021473 -5.62413273128e-20)
(63.0341896544 -11.055447179 4.61101366022e-20)
(63.4397545482 -11.1372393132 -3.85107729819e-18)
(63.8631330576 -11.1951487044 8.09392025725e-18)
(64.3035386686 -11.226435775 -3.86604812492e-18)
(64.7608695803 -11.2285704463 -9.12966051807e-18)
(65.2343400774 -11.1993860699 9.18269033214e-18)
(65.7205182504 -11.1366709707 1.64095049119e-20)
(66.2148266775 -11.0379925042 -4.13382046047e-20)
(66.7130356253 -10.9009126301 -3.80795872319e-20)
(67.2114532697 -10.7233707109 -9.95184526969e-18)
(67.7062914383 -10.5044378344 5.04591398718e-18)
(68.1929822655 -10.244582087 9.92457195435e-18)
(68.667282563 -9.94476163784 -1.01646913787e-17)
(69.1252511893 -9.60589395082 4.57528992146e-18)
(69.5629607292 -9.22927375536 7.07583193667e-20)
(69.9766986571 -8.81678306415 -1.21606340054e-17)
(70.3631561909 -8.37085477043 -7.88556918903e-20)
(70.7194710047 -7.89438321599 6.9107151609e-18)
(71.0432400907 -7.39062019401 5.66244449686e-18)
(71.3325009697 -6.86310752821 4.77536972258e-19)
(71.5858064134 -6.31561494747 -1.10677947493e-17)
(71.8021636111 -5.75200704976 7.30424322315e-19)
(71.9805568583 -5.17624578476 6.3595972859e-18)
(72.1208389427 -4.59231127794 -5.50198837027e-19)
(72.2218152314 -4.00404612685 8.55870234114e-19)
(72.2854825344 -3.41635251422 6.0668391261e-19)
(72.3170584854 -2.83111971048 2.87448175324e-19)
(72.3156115643 -2.2497825832 -6.73535952776e-19)
(72.2839476158 -1.67692282827 8.22967736305e-19)
(72.2194712583 -1.11578764056 -2.48699636705e-19)
(72.1200140511 -0.573762325386 8.28130904182e-19)
(71.978179572 -0.0509841098573 -1.20508962889e-18)
(71.8023239485 0.455195569399 -2.56399259794e-18)
(71.6149895444 0.941892548243 -1.64083026892e-18)
(71.411759844 1.4069729025 1.57320370388e-18)
(71.1868468819 1.85026284757 1.07641240381e-18)
(70.9418520705 2.27126969807 1.30419375567e-18)
(70.6812986756 2.66991002189 2.64465799618e-19)
(70.4064603271 3.04624577391 -1.10419059479e-18)
(70.1227006066 3.40092162629 -9.37657199559e-19)
(59.3443528371 -8.11243560268 -1.69170356613e-19)
(59.3804399472 -8.07531203445 1.67961010083e-20)
(59.4074413043 -8.04562400042 -9.86051795478e-19)
(59.4225368431 -8.02489897527 2.9750022007e-20)
(59.425025236 -8.01476127992 9.17653988064e-19)
(59.4156079386 -8.0168785979 -4.19896901335e-21)
(59.3956628681 -8.03321755358 -3.45443328029e-18)
(59.3666357499 -8.06543781075 -3.13451040537e-20)
(59.3301839179 -8.11536922651 -7.14553175762e-20)
(59.2890278871 -8.18500207149 -2.40184381072e-18)
(59.2467464788 -8.27644342285 4.58969851039e-18)
(59.2065768927 -8.39143628548 -1.37038436271e-20)
(59.1702213847 -8.53069471227 -2.20311101275e-18)
(59.1399940349 -8.69085718296 2.30387257312e-18)
(59.1192931536 -8.87151242477 -1.09976252455e-19)
(59.1126234604 -9.06260939419 1.09353137374e-18)
(59.122165221 -9.28148159636 9.25559122017e-19)
(59.1507416939 -9.52993715 -5.77839418812e-19)
(59.2013123303 -9.80397458742 3.87087076785e-19)
(59.2760096542 -10.0996058805 -1.99873730212e-19)
(59.3784732783 -10.4140376558 -6.15138417124e-19)
(59.5088315044 -10.741395653 -6.08780394142e-19)
(59.6753108016 -11.0777081161 -1.11301236222e-18)
(59.8820047276 -11.4184851711 -3.58790158594e-18)
(60.120918641 -11.7597682708 2.788121616e-18)
(60.394105326 -12.0966656585 4.05807971251e-18)
(60.7044788303 -12.4237065536 2.5395142322e-19)
(61.0526552661 -12.7370880377 -7.88939263363e-19)
(61.4390996281 -13.0298619162 -3.69848470573e-18)
(61.8640265668 -13.2962913547 -3.71755302706e-18)
(62.3281670186 -13.5317603012 1.00363560535e-17)
(62.8317655481 -13.7386491111 -4.23981475162e-18)
(63.3747345816 -13.9179872237 -8.30202852657e-18)
(63.9548267609 -14.0858239483 6.53395708169e-18)
(64.5691398789 -14.2285713844 -6.41893585135e-18)
(65.2148745124 -14.3212040176 1.33481659777e-17)
(65.8906249232 -14.3598057099 -6.38226644042e-18)
(66.5952989062 -14.3382020768 -2.29031284806e-17)
(67.3250488962 -14.2504557048 2.9617246106e-17)
(68.0706198134 -14.0956835506 8.54195747476e-18)
(68.817554748 -13.8739818231 -1.54581503733e-17)
(69.5543733346 -13.5857292427 -1.47903376972e-17)
(70.2759979181 -13.2318150249 -2.91287583406e-19)
(70.97759061 -12.8142947566 -4.96719926263e-19)
(71.6518528322 -12.336192294 -5.05318042451e-19)
(72.2911397358 -11.8014167373 2.03037619822e-17)
(72.8884649361 -11.2146276927 -1.71886513863e-17)
(73.4379271907 -10.5811065297 -2.79150781201e-17)
(73.9346682634 -9.90636740575 2.59058181483e-17)
(74.3746156437 -9.19622585823 2.30008750856e-17)
(74.754673288 -8.45673313606 -3.80009770736e-18)
(75.072645302 -7.69408629449 -1.31326374004e-17)
(75.3268069037 -6.91451513588 -6.1102485556e-18)
(75.5168234315 -6.12398150168 9.27579620463e-18)
(75.6375192473 -5.32740714427 2.19092576034e-18)
(75.6979860562 -4.53107710253 -6.19203978074e-20)
(75.7171611524 -3.73754546979 -7.72369800885e-19)
(75.6823541148 -2.94948008036 2.63545644219e-18)
(75.5871319084 -2.17224450738 1.68677329915e-18)
(75.4222003347 -1.41983981137 1.73649659404e-18)
(75.2006692009 -0.690400055634 2.9979207641e-18)
(74.9553988101 0.0125568948601 2.47535114999e-18)
(74.6843301987 0.690224034898 1.88343753844e-18)
(74.3813589755 1.33906277773 -4.4314755963e-18)
(74.0506594951 1.95571444753 -4.57633980541e-18)
(73.6989580091 2.53861720091 5.96291753205e-19)
(73.3298503159 3.08721105003 2.6878463349e-18)
(72.9466404115 3.60085601495 -9.34316267943e-19)
(72.5520307732 4.07952194504 1.15917102623e-17)
(72.1532332506 4.52338099799 4.22533456378e-18)
(60.1950532648 -8.26584170981 1.34550248599e-18)
(60.1964564023 -8.12760407611 2.39133242477e-18)
(60.1830365249 -7.99464287198 -3.72823586708e-18)
(60.1468070943 -7.87081174697 -1.23594768612e-19)
(60.0845462766 -7.75985814748 1.31465480995e-19)
(59.9960831906 -7.66588162563 -3.38902348555e-19)
(59.8822981228 -7.59201156954 2.73521202668e-18)
(59.743804432 -7.54546882318 -3.76752099746e-18)
(59.5816143485 -7.53672852093 4.62672118089e-18)
(59.397841583 -7.57325695607 -1.39702948602e-18)
(59.1959908027 -7.65213710259 -1.44456208381e-18)
(58.9829734048 -7.74923476851 -1.07049940094e-17)
(58.7626981714 -7.88532413034 -5.66764328423e-18)
(58.541219016 -8.06463144613 5.65584185789e-18)
(58.3254841276 -8.28659230372 5.61449287482e-18)
(58.1236019934 -8.55269992797 1.09124150236e-17)
(57.9440698865 -8.86361290271 -5.01015922402e-18)
(57.7943648403 -9.21734765855 -9.13914572723e-18)
(57.6796971735 -9.61199006714 -9.71909493242e-20)
(57.6048490349 -10.0430649498 -3.10471802008e-18)
(57.5758863199 -10.5050810718 -1.70755907203e-19)
(57.6004470392 -10.9933566408 4.69646892852e-18)
(57.6815001696 -11.5019219945 4.90129463166e-20)
(57.8190012491 -12.0268598602 -6.93313726257e-19)
(58.0220784535 -12.5624430251 -6.81682946095e-19)
(58.2939432084 -13.1053729074 -6.98707349146e-19)
(58.6257580023 -13.6478663201 -1.90438216084e-18)
(59.0177792284 -14.1885676432 8.15282024468e-18)
(59.475369135 -14.7280238123 3.36847348362e-18)
(60.0004113986 -15.2656335553 -4.90293122855e-18)
(60.5960780107 -15.7991365089 4.98305722986e-18)
(61.2661917966 -16.323414471 6.43933147852e-18)
(62.0113442691 -16.830504355 -7.71889213901e-18)
(62.8267678976 -17.3078681193 -2.53571323479e-17)
(63.7080986278 -17.7393213505 4.77870451831e-17)
(64.6476803584 -18.1069310904 3.22221064266e-17)
(65.6475475642 -18.3921457584 -5.71805107867e-17)
(66.7020272993 -18.579726621 -4.90622913873e-17)
(67.7996981475 -18.6585923011 3.62041935317e-17)
(68.9164482531 -18.6211406665 2.56731535409e-17)
(70.0370782286 -18.4624596487 -4.86172179743e-17)
(71.1563155811 -18.1826938108 -1.35912562347e-17)
(72.2627193339 -17.7825860091 1.21898082312e-17)
(73.3399456289 -17.2625107481 2.07508797026e-18)
(74.3744151847 -16.6261557215 5.4337412261e-19)
(75.352516862 -15.8795184041 1.9880691478e-17)
(76.2674577402 -15.0320782875 -1.19517938719e-18)
(77.1060711189 -14.096393436 -4.61623806621e-18)
(77.8630909005 -13.0843894072 1.98751298233e-18)
(78.5325068838 -12.0089384868 1.24564887433e-17)
(79.1093230232 -10.8836045694 -5.21011204538e-19)
(79.5897939559 -9.72177859322 -1.03263397825e-17)
(79.9719194792 -8.5365763705 -4.45745166404e-18)
(80.2580904262 -7.33940235519 3.71168069069e-18)
(80.444023073 -6.14342297627 3.93989095706e-18)
(80.5467505535 -4.95748119065 4.43916268017e-20)
(80.5815502249 -3.79215636652 2.10812272635e-18)
(80.5225410168 -2.67712655667 -5.81543219588e-19)
(80.3275240693 -1.61101008167 1.74178042298e-18)
(80.0316154926 -0.59392717586 4.23463442463e-18)
(79.692715113 0.370031163113 -2.18370342012e-18)
(79.2990512561 1.27737314356 -1.16390046269e-17)
(78.8465924964 2.12549677898 4.08150345563e-19)
(78.3412917984 2.91449880455 1.35647156092e-17)
(77.7946668561 3.64555977768 -7.18961358508e-18)
(77.2157422167 4.31979900837 -1.18747066903e-17)
(76.6111729487 4.93893632477 2.22257014852e-17)
(75.988882957 5.50513119206 -4.12119710998e-18)
(75.3556782823 6.02102009741 -8.45048811293e-18)
(74.7246520431 6.49011750684 -7.83569616755e-18)
(62.0462807057 -8.51526751952 -3.07618382572e-19)
(62.0384935414 -8.24060692663 -4.12667715798e-18)
(61.9889816129 -7.94923669404 6.7376975975e-19)
(61.8906193851 -7.65205963482 5.34426712353e-18)
(61.7368716672 -7.35566139844 8.93636521892e-18)
(61.5282474287 -7.06632935118 -1.60728418963e-19)
(61.2662848007 -6.79340846765 -1.80509122626e-17)
(60.9507562656 -6.54749646792 -1.48647272368e-17)
(60.5814933602 -6.34018892344 8.02730627216e-18)
(60.1599522947 -6.18360423475 3.69602433405e-17)
(59.6915474358 -6.08974157219 1.93477057636e-17)
(59.1885084158 -6.0704779073 -2.01516226084e-17)
(58.6667593079 -6.13924328652 5.31610453746e-19)
(58.1399507312 -6.30780213727 1.08180520627e-17)
(57.6149362032 -6.58569874105 -2.14994677007e-17)
(57.1001634809 -6.96340538353 9.61516742299e-18)
(56.6064558865 -7.44155595553 1.88156245473e-17)
(56.149673739 -7.99286154583 -1.2555538961e-17)
(55.7418315676 -8.64897336489 9.73127620466e-18)
(55.3994128118 -9.40032421786 1.23106463927e-17)
(55.1332694509 -10.2319402709 -1.73718622371e-17)
(54.9459060822 -11.1338537187 -3.97363359681e-18)
(54.8363389038 -12.0888399425 -6.46585237203e-18)
(54.8092205569 -13.0748626307 9.18008503504e-18)
(54.849878799 -14.0654925067 -2.6714552834e-17)
(54.9541634386 -15.0578245814 1.3060367939e-17)
(55.109183246 -16.0300197021 9.71587115676e-19)
(55.2706359095 -16.9776910896 7.39479989208e-18)
(55.4282112333 -17.908354086 -5.64410215405e-17)
(55.5935824564 -18.8256321569 -4.88812553688e-17)
(55.7941718992 -19.73246305 -1.77492686748e-17)
(56.0820463995 -20.6186803819 3.23591471615e-17)
(56.5219320701 -21.4667403042 3.57844281855e-17)
(57.1701754815 -22.2469599022 4.71951505481e-18)
(58.0479526642 -22.9711344513 -4.03255544378e-17)
(59.1482950118 -23.6452261277 -4.50309719793e-17)
(60.4409360789 -24.2635583334 -5.61620038896e-17)
(61.905268438 -24.7261302136 3.84123663006e-17)
(63.5189928431 -25.0175789952 1.46572137083e-16)
(65.2630705573 -25.1347974494 -2.13282714559e-17)
(67.0930260836 -25.0681833682 -8.83182059972e-17)
(68.9578284043 -24.8141399409 2.60547575297e-19)
(70.8263454251 -24.3782117647 4.24433908417e-17)
(72.6762379258 -23.7633270902 4.1497139141e-19)
(74.4805272615 -22.9736791206 -3.99991983184e-17)
(76.2086529347 -22.0191559435 -3.8689678064e-17)
(77.8394150241 -20.9143742173 8.06271341475e-17)
(79.3498116921 -19.6768855052 3.03992638275e-17)
(80.7262030679 -18.3243411509 -3.9254268464e-17)
(81.9552937333 -16.8734160164 9.44015022625e-20)
(83.0273789079 -15.3419907247 -2.82672025808e-17)
(83.9375379508 -13.74954039 1.72345171336e-17)
(84.6882673293 -12.1167451997 4.90689961788e-18)
(85.2805728499 -10.4565673237 1.88272346225e-18)
(85.7374516095 -8.7845821336 -8.47761093683e-19)
(86.0847619949 -7.10687532971 -6.89312640906e-20)
(86.2293200902 -5.42907007618 -7.54239078176e-19)
(86.1606661877 -3.77859063602 -1.56264459262e-17)
(85.9991101207 -2.19323779197 -7.42910084657e-18)
(85.7445421783 -0.663892415708 1.39031224999e-17)
(85.3688613414 0.792364786536 8.42342014565e-18)
(84.8802667439 2.15541830766 -6.70542442583e-18)
(84.2934590733 3.41585721432 4.06684433468e-18)
(83.6254624435 4.57239681257 6.53825336789e-18)
(82.8864001963 5.62206794292 -1.18424434788e-17)
(82.0891732501 6.56322245811 -8.82032820914e-18)
(81.2462392054 7.39773212907 -8.04894134831e-18)
(80.3690549282 8.12877783459 -5.01198635175e-18)
(79.4666512893 8.76216730026 5.54634966455e-18)
(78.5591339914 9.30612691354 2.6822945282e-17)
(63.5330372553 -8.0153892467 2.33877539361e-18)
(63.6539695763 -7.43165212371 -1.17349010606e-18)
(63.7535424674 -6.80271474561 1.34331981079e-18)
(63.7377037184 -6.14463600512 -1.03120741807e-18)
(63.6512991492 -5.47368563935 -2.33597424377e-18)
(63.4481194357 -4.80344764537 1.9465124646e-18)
(63.1196649606 -4.1394936465 7.15864179872e-18)
(62.6577449016 -3.48869418863 -4.68039033189e-19)
(62.0542731435 -2.86787437481 -2.73110122355e-17)
(61.3027114645 -2.32489669168 6.07859782497e-19)
(60.4022600591 -1.92545243615 1.88040176396e-17)
(59.3584717415 -1.72090444491 -1.32168433563e-17)
(58.1891354616 -1.66972109699 5.25422096e-17)
(56.9169021824 -1.67345062504 2.29665888154e-17)
(55.5578279944 -1.80515217581 -7.34442057694e-17)
(54.1239180057 -2.08395315897 -3.99058352622e-19)
(52.6333858211 -2.51854999205 2.82507943017e-17)
(51.1095137377 -3.12877171032 -2.32232583518e-17)
(49.5776820718 -3.92151202965 2.24428193912e-17)
(48.0647157316 -4.87538289655 -2.38086047932e-17)
(46.6096077666 -5.91664268663 -8.42330784933e-19)
(45.256362508 -6.95111000262 1.91348211834e-17)
(44.0299689235 -7.87606139723 2.3453004662e-17)
(42.9261887236 -8.67176667894 -1.51351286215e-17)
(41.9235388922 -9.3169089911 9.83759002384e-18)
(41.0135090608 -9.77314134628 9.96458082406e-19)
(40.2043201004 -10.0097670146 3.85919847571e-17)
(39.5029424488 -10.0602215218 -3.52980720227e-17)
(39.0683266419 -10.1345632808 6.27392749311e-17)
(38.7583098894 -10.5397885442 1.14046686242e-18)
(38.8154127375 -11.6040200081 1.49557078702e-17)
(39.1790571831 -13.5267377297 -8.2770133441e-17)
(39.8406481699 -16.1602924624 -1.34817294095e-17)
(40.8557549895 -19.2335927884 -3.10656680099e-18)
(42.2599723407 -22.3196913129 -7.16104763561e-17)
(44.0273548975 -25.1970826998 3.95680087903e-17)
(46.0986183146 -27.7076586233 2.11562222306e-16)
(48.4018270282 -29.8040382724 2.20042660536e-16)
(50.8727080788 -31.4317773921 4.5003279867e-17)
(53.4608739491 -32.5782818012 -3.01154436391e-16)
(56.13057566 -33.2259493165 -7.90461399229e-17)
(58.8316301275 -33.3941801867 3.86016195426e-17)
(61.5111153254 -33.050383838 -1.85818629803e-18)
(64.1262211427 -32.2519451133 -3.95363145641e-18)
(66.6571393465 -31.0538058426 -6.21381133987e-17)
(69.097002 -29.5089491693 -1.19581386459e-19)
(71.4374632734 -27.6725840476 5.29677757695e-17)
(73.6766194934 -25.5945014686 2.06647086184e-17)
(75.8047789138 -23.3229231272 -1.87341707805e-17)
(77.7980934257 -20.927946598 -3.03198656551e-18)
(79.6283073791 -18.4589597708 6.40932810171e-17)
(81.2738291457 -15.9559721654 1.725365012e-18)
(82.7308501565 -13.4542189046 -5.46096667657e-18)
(83.9781297502 -10.9784387255 1.25189208971e-19)
(85.0235946591 -8.54948421895 -1.4881272041e-18)
(85.86394225 -6.20194523896 -5.33680792081e-18)
(86.445609036 -3.95169797949 3.76828930486e-18)
(86.7332284762 -1.77801475899 -1.49274889638e-17)
(86.8013726048 0.289145017908 -6.76062429572e-18)
(86.7911145964 2.2276483552 6.33128642638e-18)
(86.6137261913 4.03861922455 9.29314336424e-18)
(86.3006697299 5.71398756847 9.84538131929e-18)
(85.8182944844 7.2425476555 -8.98849996082e-18)
(85.2559232924 8.62111525978 5.05094202834e-18)
(84.5984560925 9.85262474107 1.98163451505e-18)
(83.8585315493 10.9397280731 1.63712112204e-18)
(83.0550801118 11.8874272806 1.2320202093e-17)
(82.2030548574 12.7025055743 2.40212754672e-17)
(81.312076592 13.3907936974 -3.91042133398e-17)
(80.3967784723 13.9623881301 -1.71819101145e-17)
(60.1092295951 -10.0675884596 -2.06840695818e-17)
(59.9834552919 -8.92168029033 -7.74058047968e-18)
(59.9784255271 -7.62730729608 3.23074185481e-18)
(59.9185442285 -6.16874701676 4.79566192474e-18)
(59.7668028905 -4.53772744104 -1.7833925104e-17)
(59.5395139865 -2.77971918195 -4.84049259007e-18)
(59.2392165728 -0.949036795325 2.37999114169e-17)
(58.8315894931 0.905726940884 -3.18569796979e-17)
(58.2665732861 2.73170021481 -2.24702298038e-17)
(57.4961304461 4.46846537484 5.2131362905e-17)
(56.4814580194 6.0623070727 -3.29980992149e-17)
(55.2030077852 7.48349050744 -1.54614520575e-18)
(53.6543514763 8.70557696574 1.09293442981e-16)
(51.8728440144 9.69143670119 -1.08236881372e-16)
(49.8999178462 10.3918418625 -7.26523814904e-18)
(47.7958440592 10.774399255 7.2438829393e-17)
(45.5955563462 10.8100092158 -2.77682123097e-18)
(43.3279628273 10.487186338 -9.05650101468e-18)
(41.0204573632 9.81828384858 -3.00245795875e-17)
(38.693888943 8.78057092585 -9.19266182659e-17)
(36.364978729 7.37069521538 1.2795046058e-16)
(34.0438965019 5.67481944487 -4.44784994305e-17)
(31.7295789859 3.89296601759 3.66567561345e-17)
(29.4138340498 2.280086393 9.06821788142e-17)
(27.1069615729 0.962064717055 6.39228198227e-17)
(24.8302069631 -0.205146534992 -2.71906875591e-16)
(22.6337696958 -1.59821897501 -3.86917476083e-17)
(20.6053575693 -3.68552647138 -1.24678622196e-17)
(18.8050889665 -6.72596150332 3.87044065166e-16)
(17.3114171293 -10.7056285311 -1.98063044579e-17)
(16.2553136555 -15.3375623263 1.34060625247e-17)
(15.753848024 -20.2803429122 1.95090808028e-17)
(15.8881498653 -25.1548491094 1.4196214512e-16)
(16.6569282162 -29.690469282 7.66519875209e-18)
(18.0207614687 -33.679736855 1.31269925525e-16)
(19.9397879594 -37.0999397076 -5.45189636339e-18)
(22.3437364239 -40.0514148485 -1.35946987754e-16)
(25.1273367408 -42.4245908165 4.41339165198e-18)
(28.1697489111 -44.1890251399 7.92245946113e-17)
(31.3575689346 -45.1746033604 1.62283237449e-16)
(34.5938113895 -45.347464095 -6.15978835709e-19)
(37.8127864332 -44.7914379863 -7.76730322913e-17)
(40.9679946666 -43.6579991867 -2.21138868317e-16)
(44.0319062472 -42.1079186601 -5.98175366303e-17)
(46.9742901905 -40.3703707337 2.04785416819e-16)
(49.7896588391 -38.3960991123 2.3530932484e-18)
(52.4824083304 -36.1809373263 1.8947487542e-16)
(55.0539625626 -33.7695617867 -7.42481940673e-17)
(57.5049255674 -31.1789299173 -1.2546532533e-16)
(59.8520422847 -28.3861604525 1.51492216441e-18)
(62.1218782952 -25.3799953039 0)
(64.3346787822 -22.1552331987 -2.40306585487e-17)
(66.5244720316 -18.7588156986 1.7196342002e-17)
(68.6901901694 -15.2832513319 9.11961889019e-18)
(70.7111462361 -11.8028662654 6.55604789206e-18)
(72.5044883025 -8.34674285039 -2.75236653044e-17)
(74.1396149154 -4.99418566364 3.15170608502e-17)
(75.5850637835 -1.82434991629 1.75088966812e-17)
(76.7513787661 1.15510852425 -1.80244744026e-17)
(77.6320788967 3.90220257505 1.83336299461e-17)
(78.2312335423 6.40267412286 3.32358703892e-17)
(78.5718384101 8.65367840667 -3.34914152848e-17)
(78.6954670208 10.6527996288 -9.06931610889e-17)
(78.6269635624 12.4011587837 1.69542507658e-17)
(78.4018356494 13.9068494782 1.86913058502e-17)
(78.0507900456 15.1780281109 4.03773984643e-17)
(77.6016154714 16.2146977756 1.00690781585e-16)
(77.0801688592 17.0366728753 3.69061915257e-18)
(76.51348019 17.6818035798 -2.90284406755e-17)
(75.9064414082 18.2236583465 2.98238746921e-17)
(59.8256633548 0.028554861962 6.77012080295e-20)
(59.8100915114 0.0316946457422 -5.20632233125e-20)
(59.7926128029 0.0342095621086 -8.21314169273e-20)
(59.7731288908 0.0361352602128 1.42490211712e-19)
(59.7515210011 0.0375937508441 5.76168877314e-19)
(59.7277202251 0.0387922940874 -9.24473944514e-19)
(59.7016468898 0.0404786270967 -6.32594764959e-20)
(59.6731676863 0.0428224675895 5.60678666185e-20)
(59.6420931472 0.0459710465091 -3.01774330728e-19)
(59.6082037949 0.049889016998 -3.08818710655e-20)
(59.5712780355 0.0542498337053 5.87547054603e-20)
(59.5311224377 0.0586057874429 -1.47836642849e-20)
(59.4875748619 0.0629362725711 2.193089542e-19)
(59.4404902459 0.0672135769734 -3.38596645904e-21)
(59.3897243725 0.0714487315745 6.4020415855e-21)
(59.335119909 0.0756905404316 4.26218775258e-19)
(59.2765043595 0.0799676773739 2.08945630866e-19)
(59.213695897 0.0842964277759 -9.10767289569e-19)
(59.1464877324 0.0886864351169 -4.38890047134e-19)
(59.0746478708 0.0931402428882 4.57565880646e-19)
(58.9979708138 0.0976506819956 2.24913430868e-19)
(58.9162861464 0.102201097819 -5.56546806617e-21)
(58.8294127065 0.106769221222 0)
(58.737156025 0.111329014814 2.44989021843e-19)
(58.6393246155 0.115851392561 -2.19117016768e-19)
(58.5357313251 0.120305947574 -3.0467544439e-19)
(58.4261965903 0.124662906977 5.08322873171e-19)
(58.310551499 0.128895060764 2.42596741238e-19)
(58.1886384271 0.132979493276 -4.9683395753e-19)
(58.0603107866 0.136898935227 -2.41616416588e-20)
(57.9254327805 0.140642536472 2.79051888886e-19)
(57.7838787696 0.144206001328 -2.61614860584e-19)
(57.6355319433 0.147591290826 1.61802621637e-21)
(57.4802823501 0.15080564401 0)
(57.3180246988 0.153859233451 -8.41445662966e-19)
(57.1486570472 0.156762352188 -5.15604929636e-20)
(56.9720816605 0.159523463064 2.77303022609e-19)
(56.7882069932 0.162147589505 9.17316362592e-19)
(56.5969448732 0.164637565861 1.98808082869e-18)
(56.3982118282 0.166997436677 -1.44611178916e-18)
(56.1919356054 0.16922841742 -2.55746780285e-18)
(55.9780811059 0.171321083335 1.1267150344e-18)
(55.7566440745 0.173260427527 1.70647270096e-18)
(55.5276279877 0.175015081234 -3.4750819041e-19)
(55.291042579 0.176572910773 -1.92616137733e-19)
(55.0468522193 0.177976058727 1.267479323e-20)
(54.7950354713 0.179244267132 -2.38668516415e-19)
(54.5356670367 0.180368199929 -2.6368707668e-19)
(54.2688658309 0.181313913757 -1.26410030866e-20)
(53.9947570574 0.182051080911 -1.15030045717e-20)
(53.7134485887 0.182578181406 1.87174264599e-19)
(53.4250068886 0.182923037094 -1.4359763444e-19)
(53.129428445 0.183151910035 1.0997051247e-19)
(52.8265816554 0.183367928366 1.65667474146e-19)
(52.5161449565 0.183697440533 -1.41422995222e-19)
(52.1975708908 0.184269015102 3.68401895129e-21)
(51.8700810115 0.185198750461 -1.09090613504e-19)
(51.5326881401 0.186580519367 3.28646517191e-19)
(51.1842315372 0.188473363259 -1.2364413232e-19)
(50.8234173052 0.190900755587 -1.6080787706e-19)
(50.448865506 0.193856321618 1.25061629962e-19)
(50.0592291289 0.197295117878 -1.10814776302e-19)
(49.6532383818 0.201161141295 7.46902076024e-20)
(49.229480364 0.205493660003 2.99990976103e-21)
(48.7861558276 0.210452581242 -5.51385346992e-20)
(48.320921806 0.216277829448 2.21372440703e-21)
(47.8306480796 0.223353346629 3.1516987768e-20)
(47.3110705358 0.232315870793 4.54182330882e-21)
(46.756124085 0.243929680346 -2.41986225523e-20)
(46.1588170128 0.257900750896 1.47815352906e-19)
(45.5064157296 0.27544556853 4.78799846501e-20)
(44.7906535478 0.297755699719 -3.11545301211e-20)
(43.9901716338 0.324038768392 -2.14651526942e-19)
(43.0885277729 0.357420804145 0)
(42.0558991623 0.405421411703 -3.68229527272e-20)
(40.8732347401 0.469550506064 -4.03268018129e-19)
(39.4329691898 0.560098646514 -1.19748715008e-20)
(37.8266148989 0.622087508939 5.26856154219e-19)
(35.790199099 0.809289613523 3.70958884162e-19)
(32.8225280972 0.458579824922 1.89169513147e-19)
(59.9045044128 0.11550620993 -1.88148938851e-19)
(59.8898064457 0.127353979783 2.12288342769e-19)
(59.8731510605 0.139430601119 2.21900917263e-19)
(59.8543559107 0.151677483563 -9.93138025713e-20)
(59.8331754068 0.164055606364 -1.09834993522e-19)
(59.8093973968 0.176528849482 1.71771740976e-20)
(59.7828469139 0.189034254276 -9.86506939091e-20)
(59.7534001608 0.201529976302 9.48130109301e-20)
(59.7209484409 0.213991790205 -1.31200020312e-19)
(59.6853951992 0.226400697205 -5.45669631022e-20)
(59.6466650212 0.238742459578 2.61793542601e-19)
(59.6046410789 0.25100708835 -3.48043717799e-19)
(59.5591670039 0.263190849231 1.29815452048e-19)
(59.5100649395 0.275289879415 -1.08951520778e-19)
(59.4571504512 0.287300806229 -2.3235451366e-19)
(59.4002466766 0.299220800725 4.07451624678e-19)
(59.3391839037 0.311047775045 2.36085509103e-20)
(59.2737916464 0.322779683324 8.99406304106e-21)
(59.2038826107 0.334415179161 -1.88037621271e-20)
(59.1292539236 0.345952244981 4.45743655045e-19)
(59.0497361322 0.357381147046 4.69501338918e-19)
(58.965198274 0.3686839452 -4.97595625434e-19)
(58.8754987888 0.379841120661 -6.6691403123e-20)
(58.7804805279 0.390832289034 -1.91794351548e-19)
(58.6799845951 0.401634087266 -4.10462795351e-20)
(58.5738493707 0.412220519972 5.38784956575e-19)
(58.4619121098 0.422564045298 -5.1922330754e-19)
(58.3440111292 0.432637006075 -1.21451656323e-20)
(58.2199864128 0.442413213334 2.0427641554e-20)
(58.089680239 0.451869382005 -2.77044431891e-19)
(57.9529389655 0.4609857725 1.95754265756e-19)
(57.8096153249 0.469746497075 -2.25210530672e-19)
(57.6595699506 0.478141363707 -2.42939674277e-19)
(57.5026711445 0.486166988824 -6.05888581118e-19)
(57.3387909253 0.493822344438 -6.29031222158e-20)
(57.1678037054 0.501105826869 1.74335550028e-18)
(56.9895962403 0.508015251093 4.3797559952e-20)
(56.8040723036 0.514540539014 -8.73100982832e-19)
(56.6111472133 0.520666102075 9.62777215816e-21)
(56.4107482212 0.526383270205 2.94264512896e-20)
(56.2028107007 0.53168352256 -6.4895574993e-21)
(55.9873241135 0.53655308427 -1.23898819007e-20)
(55.7643337353 0.540940378311 8.03854747706e-21)
(55.5339196622 0.544745131288 5.75564037446e-21)
(55.2962180147 0.54789727659 1.25889740983e-21)
(55.051208256 0.550370788386 2.83791170978e-19)
(54.7987756002 0.552239829643 1.43008139984e-20)
(54.5389757161 0.553586624374 -2.79754309399e-19)
(54.2719459479 0.5544542255 4.12217373421e-19)
(53.9978037338 0.554909522915 1.82713586662e-20)
(53.7165893544 0.555061387302 -1.08227059918e-18)
(53.4282635849 0.55502643548 -1.94563755015e-19)
(53.132724597 0.554986993776 1.0720618878e-18)
(52.8297649515 0.555209644503 1.64909238565e-19)
(52.5190268634 0.556014508113 -7.48469226336e-19)
(52.1999939536 0.557734379326 -1.53533460201e-20)
(51.8720010664 0.560666721637 1.29558797449e-19)
(51.5342191393 0.565034783028 -8.52983992031e-21)
(51.1856417594 0.570962806376 1.68861277877e-19)
(50.825090814 0.578471614112 1.30717596104e-19)
(50.4512031533 0.587494361955 1.2024929685e-19)
(50.0625572563 0.597987895371 -1.03484907115e-19)
(49.6578712483 0.610024146762 2.61485584739e-20)
(49.235811704 0.623865373856 -5.35853034998e-20)
(48.7946462274 0.639995852181 -1.48847136067e-19)
(48.3320917155 0.659215105322 6.01444729058e-21)
(47.8451044452 0.682681532162 1.07181928076e-20)
(47.329626961 0.711932576125 3.40231362961e-20)
(46.7803561272 0.748857181158 -7.30252872867e-20)
(46.1904175428 0.795742980929 -2.23365107343e-20)
(45.550437902 0.855215767721 4.35254424648e-20)
(44.8486698115 0.930661856327 -3.63175474243e-19)
(44.0690890503 1.02784138452 4.07200112311e-20)
(43.1923005291 1.15307157105 -1.85103525187e-19)
(42.18158495 1.31124117389 -1.37608313301e-19)
(41.0254209319 1.50594749102 4.27369624179e-19)
(39.6127975234 1.76317662127 3.2203920466e-19)
(38.059916515 2.01498046887 0)
(35.8658745952 2.64898456508 -4.52738618889e-21)
(32.7915707319 1.83658817721 -1.00576106152e-19)
(60.0220472622 0.173972435594 2.69551105087e-20)
(60.005652118 0.193054441474 4.27222035636e-20)
(59.9873517824 0.212416043535 -1.34739526049e-20)
(59.9669584329 0.232000684675 -1.08177890739e-20)
(59.9442987596 0.251792959061 -3.08771097587e-20)
(59.9191454097 0.271802240677 6.50489023251e-20)
(59.8913166695 0.29201474616 -9.44211332746e-20)
(59.860787833 0.312431047952 -1.39663846756e-19)
(59.8274259706 0.333040672268 2.38612087872e-19)
(59.791040799 0.353825365721 -3.686640738e-20)
(59.7514387388 0.374755281587 -2.21627168781e-19)
(59.7084519305 0.395792667083 1.88280396183e-19)
(59.6619166713 0.416896903829 -3.54834428543e-19)
(59.6116486582 0.438026870675 -2.40469859387e-20)
(59.5574659342 0.45914263872 6.50952252067e-19)
(59.4991898069 0.480205748001 -3.0772364879e-19)
(59.4366410714 0.50117805659 0)
(59.3696396297 0.522022283583 0)
(59.2979890321 0.542705765315 -2.71617259244e-20)
(59.2214772381 0.563198641233 0)
(59.1399281479 0.58346179967 -2.1856052244e-19)
(59.0532085034 0.603447629431 4.93093143452e-19)
(58.9611783411 0.623112525593 -4.20784026959e-19)
(58.8636854315 0.642417703315 -5.51936942018e-19)
(58.7605794489 0.661325032348 8.18866112642e-19)
(58.6517111863 0.679796752779 -4.78507626212e-19)
(58.536933742 0.697796144484 -2.35318922584e-19)
(58.4161039981 0.715288643974 5.43911856883e-19)
(58.2890824391 0.732243282459 2.78339067445e-19)
(58.1557331875 0.748633433464 1.46249062679e-18)
(58.0159266866 0.764436909024 8.7344621381e-20)
(57.869539942 0.779638347315 -2.03674116491e-18)
(57.7164504246 0.79423933458 -9.27364493456e-19)
(57.5565366851 0.80825198213 1.33326423677e-18)
(57.3896813908 0.82166919473 5.54572361361e-19)
(57.2157716315 0.834464442259 -9.57029591479e-19)
(57.0347083791 0.846613853596 4.82923789911e-19)
(56.8464085575 0.858088183145 4.08914037998e-19)
(56.6508040784 0.868845148614 -1.12282209668e-18)
(56.4478473065 0.87884461293 -4.87502199639e-19)
(56.2375117612 0.888049277021 1.15487363639e-18)
(56.0197479316 0.896417576029 -4.89507564833e-19)
(55.7944796202 0.903860933355 -9.39106053312e-19)
(55.5617302067 0.910325996827 4.4812147427e-19)
(55.3215835091 0.91576147642 5.9667956883e-19)
(55.0741415225 0.920109346359 -1.52575874735e-20)
(54.8195054041 0.923483938009 -1.82167434175e-19)
(54.5577717133 0.925992902346 -2.40294893663e-20)
(54.2891242146 0.927678017644 2.68562276018e-19)
(54.0136921673 0.928579775195 -1.29253732976e-20)
(53.7314163349 0.92884213539 1.77621384617e-19)
(53.4421677122 0.928780377203 1.55852111304e-19)
(53.1458405898 0.928803340238 -1.35852503336e-19)
(52.8422393138 0.929360410232 -2.85407781835e-19)
(52.5310062223 0.930924138058 2.38046278175e-19)
(52.2116130163 0.933962767267 4.44788427447e-19)
(51.8833661028 0.938888085758 -7.78039880261e-20)
(51.5454202683 0.945999745178 -2.75550245318e-19)
(51.1967820069 0.955477628518 -4.29382443182e-21)
(50.8363054299 0.967388653855 1.348113126e-21)
(50.4627754771 0.981732987916 -4.93716644428e-20)
(50.0750412554 0.998490478833 -5.72346445052e-21)
(49.671977171 1.01780586132 4.05466154986e-20)
(49.2522277901 1.04007300338 7.80688405674e-20)
(48.8140869188 1.06603719907 -1.98528952671e-20)
(48.355462223 1.096946473 2.85292838739e-21)
(47.8736438969 1.13460975445 -1.43028756451e-20)
(47.3650427039 1.18141294141 8.72846735852e-21)
(46.824895958 1.24031699263 1.17055465456e-22)
(46.2469084653 1.31487127431 -1.05454495832e-19)
(45.6228658698 1.40930979737 -1.40451307167e-19)
(44.9421927347 1.52947897851 -6.47129479467e-20)
(44.1898788908 1.68383131912 1.32737212309e-19)
(43.3466579558 1.88314701548 -1.6544051082e-19)
(42.3808173165 2.13830619232 4.21555800842e-19)
(41.2800947709 2.46137680742 1.06983154878e-19)
(39.9468959564 2.89786306074 1.99548418785e-20)
(38.3539648352 3.42444608467 0)
(36.1449377233 4.59348582268 1.18113250442e-18)
(32.4632359613 2.97266064919 -2.73427661346e-18)
(60.2191261485 0.260182961095 1.61915745421e-19)
(60.2008060886 0.288063787612 2.58947434364e-20)
(60.1804663243 0.316366349794 -5.09233615503e-20)
(60.1577395872 0.345014124165 2.18010677901e-21)
(60.13256797 0.373984705658 4.54579052208e-22)
(60.1047966642 0.403228769071 -5.5062902598e-20)
(60.0742270308 0.432744113551 3.75247788286e-20)
(60.0407776976 0.462495647301 5.34897205573e-20)
(60.0042770495 0.492436663506 6.62146262027e-20)
(59.9645559899 0.522522563712 -9.71116021133e-20)
(59.9214649039 0.552709776692 -2.70508914848e-21)
(59.8748495364 0.582954302572 1.67126562537e-19)
(59.8245465908 0.613206846016 -5.08135212208e-19)
(59.7703900176 0.643416615529 2.7586115798e-19)
(59.7122133592 0.673531881919 3.46813351271e-19)
(59.6498483374 0.703499262399 -5.18511893409e-19)
(59.5831256377 0.7332642255 2.12193869717e-19)
(59.511874072 0.762772288328 4.43648857544e-19)
(59.4359040896 0.791974183562 2.71564809834e-20)
(59.3550092775 0.820824016797 -5.46672338543e-19)
(59.2690197226 0.849263747687 3.66797189247e-20)
(59.1778085921 0.877224944546 4.89411242995e-20)
(59.0812413482 0.90464597489 -2.2100812873e-19)
(58.9791708785 0.93147335186 -1.05732186124e-19)
(58.8714527938 0.957656327446 2.9366080649e-19)
(58.7579451044 0.983146408906 -7.64336062769e-19)
(58.6385096604 1.00789787265 -4.54110692123e-20)
(58.5130139406 1.031868761 1.09049896174e-18)
(58.3813307938 1.05502273656 -2.33119393039e-19)
(58.2433409528 1.07733052292 -5.54161803986e-19)
(58.0989319013 1.09877577839 8.54009103963e-19)
(57.9480029464 1.11938505668 -2.17120037519e-19)
(57.7904747006 1.13922521797 -5.71872852234e-19)
(57.6262531152 1.15831168805 -4.29260654591e-19)
(57.4552161545 1.17657738587 -1.74428985168e-20)
(57.2772534583 1.1939372633 1.39084497781e-18)
(57.0922784081 1.21032866095 2.34637968297e-20)
(56.9002142287 1.2257019969 -4.65304615377e-19)
(56.7009870814 1.24000233891 5.97226601912e-19)
(56.4945318823 1.25317436562 7.50834413125e-19)
(56.2807934447 1.26516014175 -1.25416231331e-18)
(56.0597060495 1.2758856232 -2.80381085286e-19)
(55.8313215944 1.2852846598 1.04854221664e-18)
(55.5957878065 1.29332718975 1.15306738925e-19)
(55.3531950995 1.29997489223 -3.31449754621e-20)
(55.1036433963 1.30515866024 -8.50425201591e-19)
(54.8470706493 1.30887139552 -2.66376033212e-19)
(54.5833517524 1.31132010265 2.66385061121e-19)
(54.3125663937 1.31264585612 -2.31164903905e-21)
(54.034883206 1.31296356027 -3.74604958299e-19)
(53.7505077658 1.31252437334 -1.90459624481e-19)
(53.4595367681 1.31177278177 3.51039360444e-19)
(53.1618375088 1.31126051913 1.59953214069e-19)
(52.8571331546 1.31158660989 2.35709135809e-20)
(52.5450400746 1.31337323778 -4.5922067767e-21)
(52.2250481867 1.317221334 3.14148022478e-19)
(51.8965041186 1.32365467137 1.22316229612e-21)
(51.5586249209 1.33306466436 -5.92268729773e-19)
(51.2105058891 1.34568353406 2.65353290194e-19)
(50.8511081061 1.36161332908 4.02288530289e-19)
(50.479202188 1.38088484501 -1.20671605651e-19)
(50.0935568151 1.40352301938 -9.6581861928e-20)
(49.6931221794 1.4296936706 -8.67398057279e-20)
(49.2767527081 1.45987305609 7.33810919945e-20)
(48.8430078351 1.49506733415 6.3768015173e-20)
(48.3901019647 1.53693817115 -4.00510455387e-20)
(47.9157314222 1.58786920761 4.45803890802e-20)
(47.4168346894 1.65099874908 -2.73767800689e-20)
(46.8892994625 1.73024267725 1.41094079083e-19)
(46.3277095338 1.83043120757 -2.29250668773e-21)
(45.7252656552 1.95737562143 -5.83055744752e-20)
(45.0730180544 2.11911375752 2.3712940662e-19)
(44.357376561 2.32783852879 -1.17569274156e-19)
(43.5602136952 2.59901485701 1.08557460917e-19)
(42.6582059594 2.94587543864 1.28029813117e-19)
(41.6327244661 3.39196585183 2.63513274194e-19)
(40.4128565702 4.0309635163 -2.7565259051e-19)
(38.7917943469 4.89747026874 -6.04120362598e-19)
(36.8224803429 6.57227474812 -1.34417110505e-18)
(32.5539290822 4.78573235934 4.91651298915e-18)
(60.4826824881 0.340179528803 -4.99066377199e-21)
(60.4617030296 0.37711390606 -7.89426821696e-20)
(60.4385338804 0.41460780383 -1.78312818592e-21)
(60.4129565047 0.452578928012 1.25238315451e-20)
(60.3846794917 0.490939010798 1.58619555983e-19)
(60.3536041481 0.529642494256 0)
(60.3196459901 0.568664818644 -2.45129796334e-20)
(60.2825948824 0.607987374269 2.12787544225e-19)
(60.242304544 0.64753787836 1.41387812449e-20)
(60.1986250592 0.687263292654 -4.51960660767e-19)
(60.1513936985 0.727108696757 -6.33617459308e-20)
(60.1004498182 0.767011627104 2.38574988219e-19)
(60.0456310767 0.806906328168 3.81646115964e-20)
(59.9867725199 0.846724412372 -4.75340561873e-19)
(59.9237101859 0.886394423344 5.37826247815e-19)
(59.8562801646 0.925842280458 7.97035544892e-19)
(59.7843190335 0.964992078859 -3.23506477943e-19)
(59.7076624965 1.00376750351 -2.32919048088e-19)
(59.6261277712 1.04209874295 -2.72090183697e-19)
(59.5395152592 1.07992010102 -4.44943084284e-19)
(59.4476653273 1.11714987142 -9.02139022733e-19)
(59.3504652651 1.15369326613 5.50772118604e-19)
(59.2477949098 1.18946496115 1.17531627136e-18)
(59.1395209914 1.22439076037 -8.92271194327e-21)
(59.0255136189 1.25840071475 -5.56970642613e-19)
(58.9056463549 1.29142840271 -5.58830370402e-19)
(58.7797976526 1.32341127705 5.74851618101e-19)
(58.6478522327 1.35429136204 3.72299511211e-19)
(58.5097011578 1.38401717113 -2.56760270384e-20)
(58.3652456993 1.41254935452 -5.61392084385e-21)
(58.2143917634 1.43987743072 -3.1022191842e-19)
(58.0571118066 1.46612805211 2.90715472716e-19)
(57.8934400737 1.49147997577 -2.88293272283e-20)
(57.7232829177 1.51586258226 1.92385830821e-19)
(57.5464559918 1.53907272432 -3.40849631864e-20)
(57.3628432458 1.56099366175 -2.54688302483e-19)
(57.1723759213 1.581560548 -1.36729952962e-20)
(56.9749931584 1.60072653236 2.14660050938e-20)
(56.7706365004 1.61844537469 -7.87606233565e-19)
(56.5592584452 1.63466670462 -2.37825559294e-20)
(56.3408251552 1.64932971264 1.513684972e-18)
(56.1153249964 1.66235684561 1.10154520301e-20)
(55.882776788 1.67370781992 -1.32089649827e-18)
(55.6432181264 1.68334529132 -6.17516495537e-20)
(55.3966171911 1.69118052934 6.10549770487e-19)
(55.1429548369 1.69718566744 3.35333854938e-20)
(54.8824991364 1.70125828435 1.04892681513e-21)
(54.6154630335 1.70343885058 -2.0556435596e-19)
(54.3418295962 1.70400133498 -4.19741547936e-19)
(54.0616889048 1.70333820684 3.53530088837e-19)
(53.7751660451 1.70189389453 9.20275500098e-19)
(53.4822788651 1.70016637177 -1.43491287791e-19)
(53.1829211215 1.69880754628 2.32230753268e-19)
(52.8768823836 1.69858214017 -2.47047906862e-19)
(52.5638307166 1.70027614882 -4.19194757526e-19)
(52.2432840496 1.70463498862 2.95247226962e-20)
(51.9146022123 1.71229790529 -1.55447031432e-19)
(51.5769971305 1.72375184451 2.08616683278e-19)
(51.2295615924 1.73926559691 -6.88496369224e-20)
(50.871268898 1.75891278278 8.27597917171e-22)
(50.5010159495 1.78267598816 1.00385661951e-19)
(50.1177925109 1.81060309485 1.06693170711e-20)
(49.7206996666 1.84287794539 -1.4699786718e-19)
(49.3087432842 1.88007154353 -1.60170468618e-20)
(48.8807395186 1.92339100254 5.25536898945e-20)
(48.4352767149 1.97483319242 4.64467509406e-20)
(47.9705527005 2.03727691183 -6.25071419313e-20)
(47.4841376828 2.11456053115 3.7090202995e-20)
(46.9728141557 2.21139855953 -4.07036153908e-20)
(46.432364698 2.33363232891 9.66896406648e-20)
(45.8575330723 2.48846946182 -1.55138039652e-19)
(45.2412567349 2.68635051692 2.88390519835e-19)
(44.5722820245 2.94327304216 5.54155160989e-20)
(43.8356655996 3.27660931421 2.56937000187e-19)
(43.0192302827 3.70132522662 1.40127275868e-19)
(42.1019851721 4.26073155919 -1.26689507749e-19)
(41.0451583329 5.11576985639 -1.55817110394e-19)
(39.5187590554 6.34345668901 -1.3127678352e-18)
(37.899533033 8.51124044986 -6.50139891458e-18)
(33.5552604239 6.90109167911 3.4666112798e-18)
(60.8310550233 0.437024353328 -1.05583163379e-19)
(60.8062647285 0.484286728814 1.41015511791e-20)
(60.7793988842 0.532120815059 -2.27932567511e-20)
(60.7495347474 0.580440521568 -1.34754702279e-19)
(60.7165343184 0.62924884945 -3.07592397791e-20)
(60.6805854139 0.678498205747 0)
(60.6416507048 0.728112935538 0)
(60.5994486043 0.778022445078 4.65674190324e-20)
(60.553655063 0.828155690298 6.42873359063e-20)
(60.504219504 0.878438980071 2.57952610661e-19)
(60.4509872057 0.92879457849 -2.27401035124e-20)
(60.3937898526 0.979139035368 -5.93559996492e-19)
(60.3324706373 1.02938387336 -2.01717763726e-20)
(60.2668725397 1.07943731832 -1.95101716629e-19)
(60.196839493 1.12920454129 -3.91983826479e-19)
(60.122217627 1.17858805178 1.08236979904e-18)
(60.0428553343 1.22748848991 -1.2220852912e-19)
(59.9586013014 1.2758065037 2.53768036126e-19)
(59.8692859659 1.32345127857 -2.11367367964e-19)
(59.774723702 1.37033760176 2.48256490361e-19)
(59.6747736506 1.41636168184 1.04333825889e-18)
(59.5693463333 1.4614050281 -1.05389916802e-18)
(59.4583446701 1.50536164007 8.05600563816e-20)
(59.3416578012 1.54813991001 1.0474291442e-19)
(59.2191789308 1.58965438133 -3.0872182017e-19)
(59.0908054156 1.62982485146 -1.55509248422e-18)
(58.9564399376 1.66857663038 -1.68520059044e-19)
(58.8159912685 1.70584094261 1.69143043969e-18)
(58.6693739757 1.74155628787 8.74406676177e-19)
(58.5165115814 1.7756756755 -2.38520698747e-19)
(58.357332757 1.80818630595 -3.62779293373e-20)
(58.1919206284 1.83931705946 4.02656618658e-19)
(58.0204330278 1.86936719287 2.49885020289e-19)
(57.8427433315 1.8981877457 8.22841482382e-20)
(57.6585794928 1.92544261968 -3.42501826616e-19)
(57.4678113015 1.95099142202 9.22860914789e-19)
(57.2704013218 1.97478711387 -1.14653942512e-18)
(57.0663137738 1.99679430968 -1.00409925284e-18)
(56.8555049369 2.01697638168 6.77132535773e-19)
(56.6379363701 2.03528366241 5.83432156891e-19)
(56.4135738789 2.05164902262 7.83086861044e-19)
(56.1824286999 2.06599330699 -5.36073586384e-19)
(55.944624125 2.07828965051 -7.35012260844e-19)
(55.700212912 2.08848305044 -9.34467906486e-21)
(55.4492214466 2.09651292812 3.00411503514e-19)
(55.1915499598 2.10234629913 1.52961767848e-20)
(54.9270172028 2.10598513913 1.86893714954e-19)
(54.6559004642 2.10747307927 4.67107891766e-19)
(54.3785866214 2.10704839028 -1.26539143917e-18)
(54.0951698834 2.10509538857 -6.36984507137e-19)
(53.8056575035 2.10210856418 9.24639235212e-19)
(53.5101192128 2.09873798382 3.18747139068e-19)
(53.2085549766 2.09581138329 -4.22447877586e-19)
(52.9007594042 2.09426720603 -2.15291911476e-19)
(52.5863746583 2.09507257088 2.46488219495e-19)
(52.264933946 2.09913850875 -3.32390898685e-19)
(51.9358592122 2.10723388606 1.85261812569e-19)
(51.5984334723 2.11992082276 2.57293296768e-19)
(51.251802736 2.13750490687 -1.7456716057e-20)
(50.8950545596 2.16005571553 -1.12925149054e-19)
(50.5271968071 2.1875382906 -1.24250717597e-19)
(50.1472157565 2.21994439386 1.0131397733e-19)
(49.7542970184 2.25738722041 5.29472323268e-20)
(49.3477306248 2.30045217564 3.58355116247e-20)
(48.9267041029 2.35048352222 -9.94572206837e-20)
(48.4902614245 2.40973910822 4.58931924224e-20)
(48.0372013255 2.48150727072 5.02680977495e-20)
(47.5657913542 2.57016631583 -5.07131830585e-20)
(47.0738492041 2.68108599371 -4.58380896571e-21)
(46.5587639602 2.82083730933 -1.29072422526e-19)
(46.0171722002 2.99764548334 9.89901410974e-20)
(45.4441564369 3.22451767062 1.02980864491e-19)
(44.8317126763 3.51992729323 -1.57012033923e-20)
(44.1708569366 3.90031327891 2.22825919243e-19)
(43.4615724636 4.38278089899 -2.84014050465e-19)
(42.687858073 5.03194915484 0)
(41.8420496802 6.07522401302 -3.14577566228e-19)
(40.5820560282 7.62585113157 2.10089661696e-19)
(39.4238092652 10.2233115372 -5.32534399608e-19)
(35.7838362121 9.09710559924 1.59709771183e-18)
(61.2672176669 0.548078515692 -5.06641805815e-20)
(61.2374013744 0.606606209856 -5.56241172936e-21)
(61.2044676347 0.665823979303 1.64340701848e-19)
(61.169030518 0.725599029572 2.0471889453e-19)
(61.1306372664 0.785926306706 -5.88589904039e-20)
(61.0888462725 0.846724184074 -1.58111719836e-19)
(61.0435342316 0.907890592539 -2.29489279052e-19)
(60.9945581555 0.96930856925 -8.2513137438e-21)
(60.941762927 1.03090081021 -6.67161045298e-20)
(60.8849911047 1.09256659072 -5.73157349325e-20)
(60.8240917775 1.15420348249 6.65571010346e-19)
(60.7589160087 1.2157048377 5.73809832157e-20)
(60.6893129611 1.27695665594 1.41402839295e-20)
(60.6151317742 1.33784046616 -3.94246699199e-20)
(60.5362260189 1.39823477876 -1.37415615188e-19)
(60.45245441 1.45801557805 -6.27487245084e-19)
(60.3636798002 1.51705725963 -3.09878372e-20)
(60.2697673309 1.57523505298 6.38675159043e-19)
(60.1705641475 1.63243521234 -7.74688209993e-19)
(60.0659020437 1.6885514727 -2.0747019279e-19)
(59.9556642093 1.74345668428 5.76062195623e-19)
(59.839791951 1.79700798648 -1.05047292852e-18)
(59.7182194565 1.84907900696 -2.71586363779e-19)
(59.5908666186 1.89956202431 1.00190225162e-18)
(59.4576587026 1.94835844485 9.63897642148e-19)
(59.3185267062 1.99537793041 9.57938250413e-19)
(59.1734084519 2.04053888653 -6.79714842065e-19)
(59.0222494139 2.08376907644 -1.04657032262e-18)
(58.865001427 2.12500652414 7.06734156313e-19)
(58.7016248369 2.16420301194 -5.14656082603e-19)
(58.5320836249 2.20133793227 -1.28957142883e-18)
(58.3564996501 2.2366204258 -5.21001443248e-19)
(58.1750900372 2.27039992338 3.2289412863e-19)
(57.9878229702 2.3026530401 1.12503020053e-18)
(57.7944297576 2.33303612955 1.69682316482e-18)
(57.5947207364 2.36133002465 1.08307839458e-18)
(57.3886678777 2.38747887178 -2.47615650229e-19)
(57.1762633942 2.41145355325 -5.6381541543e-19)
(56.9574852818 2.43322514468 -1.11986423706e-18)
(56.7323144451 2.45275391289 -1.30891631786e-18)
(56.5007369191 2.46998026971 6.18962613353e-19)
(56.2628429576 2.48487774162 1.56127171191e-18)
(56.0187137454 2.49744238861 3.63620209498e-19)
(55.7683063716 2.50759406247 -6.99016602927e-19)
(55.5114877208 2.51524063723 -3.24603415342e-19)
(55.2481401369 2.52009664478 1.94985026449e-20)
(54.9785135414 2.52225632451 -3.2725586793e-21)
(54.7029861038 2.52202905185 -4.78295007725e-19)
(54.4216826321 2.51965368438 1.63484862581e-19)
(54.1346176755 2.51548196273 4.56803023277e-19)
(53.8418585108 2.51015117848 -1.76727260536e-19)
(53.5434935039 2.50449894188 -3.00697987834e-20)
(53.2395057386 2.49945124495 -8.60732386351e-19)
(52.9297267592 2.49605743133 -4.06168738259e-19)
(52.6138609353 2.49545756403 3.03941204045e-19)
(52.2914799006 2.49874677875 5.12955945019e-19)
(51.9620292518 2.50683267981 8.7602164157e-20)
(51.6248259157 2.5203080904 -1.85650823558e-19)
(51.2790771156 2.53947431894 3.6732680017e-19)
(50.9239406447 2.56437700857 2.22826400019e-19)
(50.5585521583 2.59486895531 -5.10390911926e-20)
(50.1820650558 2.63084749693 -6.68094224055e-20)
(49.7938423067 2.67235033579 2.08867671973e-20)
(49.3934356065 2.71994462736 6.46562057264e-21)
(48.9803981528 2.77503755777 -2.03879444105e-20)
(48.5542707386 2.84005861279 -4.47467322472e-20)
(48.1144849437 2.91862224035 1.30003712855e-19)
(47.6601712004 3.01525332128 -1.80574860211e-21)
(47.1904748659 3.13620816173 1.08022640718e-19)
(46.7043812822 3.28810656489 -6.1580819794e-21)
(46.2005649285 3.48010968357 1.07501363879e-19)
(45.6768781128 3.72702393267 -6.05077745341e-19)
(45.1296853747 4.04792810222 -1.15843966292e-19)
(44.5577368748 4.45629989628 -3.46549355723e-19)
(43.9705336642 4.97014147514 -5.17154893501e-19)
(43.3690358826 5.67307017461 2.2636719922e-19)
(42.7726664537 6.8390128432 3.27858636762e-19)
(41.9593842995 8.61129208159 -4.16444984727e-19)
(41.2402453532 11.3868848385 -1.77636794942e-18)
(39.1456546719 10.9554461434 2.87572297129e-18)
(61.8042297469 0.676427650973 1.12800487658e-20)
(61.7671965569 0.747724891192 -2.10660301381e-19)
(61.7277557781 0.819899994853 -2.48809862971e-19)
(61.6851905702 0.892726434504 1.15266950811e-20)
(61.6390140523 0.966058154715 1.79769188608e-19)
(61.5889437039 1.03979766508 -2.40188347635e-19)
(61.5349173073 1.11384596928 1.62468203342e-19)
(61.4768910623 1.18809030476 1.51994141965e-19)
(61.4146587586 1.2624035183 7.19091107583e-20)
(61.3480460279 1.33665296643 -4.19901299027e-19)
(61.2769235596 1.41070443887 -6.06486942393e-19)
(61.2011532953 1.4844180685 -1.76600084784e-19)
(61.120594542 1.55764762478 8.60556890428e-19)
(61.0351128328 1.63024247507 1.21435277534e-18)
(60.944580476 1.70204885133 -7.67495029634e-19)
(60.8488769311 1.77291082914 -8.49482127157e-20)
(60.7478888046 1.84267180438 3.3947359666e-19)
(60.6415074027 1.91117746895 -1.93856686055e-18)
(60.5296060091 1.97828773311 3.05558945105e-19)
(60.4120434146 2.0438726693 1.19357875731e-18)
(60.2887375526 2.10778007462 -3.8315388071e-19)
(60.1596717327 2.16984210745 -1.15008287815e-19)
(60.0248219582 2.22991258923 6.58380602799e-19)
(59.8841489224 2.28786947383 2.21480087754e-18)
(59.737619843 2.34360413726 -6.53993377878e-19)
(59.5852089829 2.39702064533 -2.75922495412e-18)
(59.4268986205 2.44803657551 -1.05317117116e-18)
(59.2626798105 2.49658406642 2.38356692327e-19)
(59.0925509243 2.54261075717 1.74559350689e-19)
(58.9165174371 2.58608125823 1.34516159371e-18)
(58.7345876995 2.62698286178 1.33913882812e-18)
(58.546835898 2.66541844256 -1.06960853336e-18)
(58.3534740941 2.70169583654 7.95453652582e-19)
(58.1546515694 2.73601593914 -1.13374886005e-18)
(57.9502171423 2.76818577409 -2.15907365584e-18)
(57.7399412063 2.79793899259 2.25109228246e-18)
(57.5237491019 2.82517382559 1.97745775267e-18)
(57.3016359586 2.84985580656 -9.5958491565e-19)
(57.0736033118 2.87196866893 -9.46373886107e-19)
(56.8396376891 2.89148820943 1.98690614217e-20)
(56.5997865675 2.90839244751 -1.19122271288e-18)
(56.3542114869 2.9227315338 6.89342638056e-19)
(56.1029555528 2.93446498148 1.55898394332e-18)
(55.8458371337 2.94348472788 -6.92621491377e-19)
(55.582436356 2.94947467668 2.45093862246e-19)
(55.3128475476 2.95243971593 -2.46697286666e-19)
(55.037693005 2.95258082748 -8.57179431855e-19)
(54.7571324063 2.95002943337 2.54768555154e-19)
(54.4711272064 2.94502521084 2.77546375125e-19)
(54.1798406332 2.9380533582 -7.97341001575e-21)
(53.883456929 2.92979617262 -5.17807447409e-19)
(53.5819585219 2.92113647463 -7.93588485382e-21)
(53.275251609 2.91314056592 4.70484138864e-19)
(52.9632355704 2.90704189713 2.64106644347e-20)
(52.6456906836 2.90415104461 2.26392096302e-19)
(52.3222139791 2.90572050133 4.23641246208e-19)
(51.9922292167 2.91280172771 -1.88720025107e-19)
(51.6550984228 2.92609158971 -2.79797765322e-20)
(51.3101898322 2.94588012839 1.49907315264e-19)
(50.956813674 2.97212123412 -7.13836716721e-20)
(50.5942452117 3.00455923596 -3.44896866662e-19)
(50.2217080833 3.04295594734 -2.35614500747e-19)
(49.8386837506 3.08721030005 2.0120918745e-19)
(49.4450474661 3.13776755979 1.26885967491e-19)
(49.0407784816 3.19599964734 1.00314166615e-21)
(48.6259860846 3.26438104926 -1.28704070869e-19)
(48.2005819333 3.3466410966 -3.28228179176e-20)
(47.7650129189 3.44775764124 9.76125706445e-21)
(47.3197151856 3.57390023147 4.04008280525e-20)
(46.8650949576 3.73179006386 -1.57775074418e-20)
(46.4023258059 3.93096928243 4.38879043448e-20)
(45.9322640537 4.18691896693 3.68894301183e-20)
(45.456428709 4.51796120673 4.00338447981e-20)
(44.9812124985 4.93337654346 -3.54313976208e-19)
(44.5240722654 5.44856195528 3.8354504365e-19)
(44.1118290597 6.15129784892 5.98027434825e-19)
(43.7753349642 7.33587798935 -2.30849667771e-19)
(43.4802414417 9.21435017746 -7.95364573524e-19)
(43.2657480843 12.2093539595 -1.03768913546e-19)
(42.9809813576 11.9600735466 1.97732411848e-18)
(62.4519608906 0.842121810212 -2.9723086269e-19)
(62.4068510372 0.928404221588 -1.11877179261e-20)
(62.3587190355 1.01543793455 5.01221791562e-19)
(62.3066601653 1.10298978779 -3.01423923969e-21)
(62.2504092807 1.19095168682 0)
(62.1898327645 1.27917847677 -3.01468064552e-19)
(62.1248407055 1.36754355487 7.03585324047e-19)
(62.0553017609 1.45589256917 1.01121106095e-18)
(61.981058152 1.54406321096 -2.05079116474e-18)
(61.901959757 1.63189101002 -1.40771888286e-18)
(61.8178743421 1.71920325278 1.74003114519e-18)
(61.7286779252 1.80582173448 1.53835288283e-18)
(61.6342523285 1.89156454214 -5.34810681459e-19)
(61.5344870769 1.97624659418 -7.00797101142e-19)
(61.4292812664 2.05968068933 3.31864366339e-21)
(61.3185448531 2.14167898209 -5.0842691109e-20)
(61.202198599 2.22205488965 -4.11987847345e-19)
(61.0801709406 2.30062664201 -2.65373585172e-20)
(60.9523724505 2.37723088386 8.79462412833e-19)
(60.8187003896 2.45171811377 -8.53144120428e-19)
(60.6791206492 2.52391650023 2.67145591493e-19)
(60.5336732375 2.59364001067 6.06201903914e-19)
(60.3823904447 2.66073046529 -4.51754470753e-19)
(60.2252876764 2.725060174 -2.59576769855e-19)
(60.0623876558 2.78652003878 -2.97421975788e-19)
(59.8937209022 2.84501887513 1.11885744129e-18)
(59.7193263247 2.90048440062 1.11580699114e-18)
(59.5392513876 2.95286446245 -8.16124171766e-19)
(59.3535502076 3.00212806086 -1.91710507823e-18)
(59.1622816903 3.04826631643 1.44328903563e-18)
(58.9655074489 3.091292979 1.30497280559e-19)
(58.7632926773 3.13125798048 -8.37679903035e-19)
(58.5558077536 3.16837687687 7.4609115575e-19)
(58.3432743875 3.20293803847 1.3072294301e-18)
(58.1257258384 3.23498637469 -1.17576933919e-18)
(57.9030088012 3.26435745744 -2.40576413011e-18)
(57.674991221 3.29091401044 6.59790818293e-19)
(57.4416462822 3.31461162906 1.21640390978e-19)
(57.202974373 3.33544369748 -1.21276068635e-18)
(56.9589992909 3.35342185722 1.36025404353e-18)
(56.7099155517 3.36865210487 8.42328609659e-19)
(56.4558240095 3.38117713231 -9.0612650242e-19)
(56.1964687341 3.39082280989 7.53936587397e-19)
(55.931263158 3.39719040932 3.89086373329e-19)
(55.6602463137 3.4002151494 -1.85465350111e-20)
(55.384134713 3.40015798035 -1.28205053106e-20)
(55.1030977839 3.39710223978 2.43020463297e-19)
(54.8170790317 3.39116384445 7.18542739615e-19)
(54.5262164203 3.38264526892 -1.90155739651e-19)
(54.2305995105 3.37203413011 -6.40991723472e-19)
(53.9302297009 3.35999661028 3.4361267513e-19)
(53.6251486152 3.34746321098 6.26644942838e-20)
(53.3153858689 3.33566023475 -7.34228708368e-19)
(53.0008867512 3.3260031052 -4.1214790288e-19)
(52.6814552236 3.31997370049 3.83576590987e-19)
(52.3567420726 3.31898619748 3.53988535957e-19)
(52.0262392757 3.32422875677 -2.20236718992e-19)
(51.6893150845 3.33652673935 1.20969837429e-19)
(51.3453440435 3.35617609853 1.49963266956e-19)
(50.9937602333 3.38292951166 -1.16335515786e-19)
(50.6340273063 3.41631529469 2.21773774964e-21)
(50.2655373471 3.45589591413 -8.25046838097e-20)
(49.8879365836 3.50144839425 5.46051140911e-20)
(49.5013936677 3.55323112986 3.85790059802e-20)
(49.1063060829 3.6124665268 8.73857208324e-20)
(48.703280634 3.68158600344 -6.57186653949e-20)
(48.2932247229 3.76417805224 5.24759629153e-21)
(47.8773809355 3.86575765085 -3.91986119643e-20)
(47.4575156382 3.99191292255 -3.12217088944e-20)
(47.0358156492 4.14899184027 -1.71223530838e-19)
(46.6154028536 4.34624348097 2.40132182955e-19)
(46.2007572857 4.5991663176 -1.74630469076e-20)
(45.7985213693 4.9240617517 5.09384091741e-20)
(45.4220164705 5.32402813648 1.35906581534e-19)
(45.095964812 5.80626774257 7.58035600218e-19)
(44.8674069396 6.45831270681 -4.33432667044e-19)
(44.763062982 7.5752746629 -3.70837566147e-19)
(44.9352312137 9.35985895771 -3.05559576411e-19)
(45.3156290959 12.1161851049 -7.95779435315e-19)
(46.6896694668 12.1438132326 -5.20229554265e-19)
(63.2295715797 1.03399298131 3.43749977974e-19)
(63.1723177336 1.13760098402 -1.27306815705e-19)
(63.1115223271 1.24185067571 -3.75028521673e-19)
(63.0463373677 1.34649778096 -2.54516113477e-20)
(62.9763731672 1.4513897327 -4.46769969639e-20)
(62.9014448513 1.55634354947 -1.05177149844e-18)
(62.8215128897 1.66116514133 3.57503354809e-19)
(62.7364520744 1.76565670781 2.04520612529e-18)
(62.6461235854 1.86961226447 -8.73935940867e-19)
(62.5504058262 1.97281790688 -2.0843701332e-18)
(62.4491913323 2.0750529834 1.01939202957e-18)
(62.3423867746 2.17609172479 9.9468753398e-19)
(62.2299092815 2.27570508601 9.88014625988e-20)
(62.11168674 2.37366233179 5.36127317751e-19)
(61.9876602235 2.46973285645 3.44073160871e-20)
(61.8577851496 2.56368824504 -7.22352826969e-19)
(61.7220309323 2.6553047751 -5.67821626388e-20)
(61.580377057 2.74436775553 -1.19188502703e-18)
(61.4327843846 2.8306870452 -2.22325901202e-19)
(61.2792011476 2.91409200698 1.84360845281e-18)
(61.1196539689 2.99439145295 -1.26125463434e-19)
(60.954251754 3.07138357034 -2.74261463787e-18)
(60.7830936389 3.14490297517 -1.64682417875e-19)
(60.6062588895 3.21482330832 1.97689905792e-18)
(60.4238336641 3.28104392456 -3.05152811167e-18)
(60.2359112522 3.34348907623 2.34490673323e-19)
(60.0425921823 3.40210880578 3.09920545852e-18)
(59.8439837592 3.45688000283 -1.65508598188e-18)
(59.6401974478 3.5078071728 -2.71371668795e-19)
(59.4313460066 3.55492257808 1.8553317904e-18)
(59.2175412798 3.59828554665 8.65360697413e-19)
(58.9988903745 3.63798201573 -7.33555718449e-21)
(58.7755216676 3.67416731024 -8.17446241238e-19)
(58.5476246592 3.70710215649 0)
(58.3153569049 3.73700858375 -1.22471891907e-18)
(58.0787022454 3.76391783036 -4.45949515368e-20)
(57.8375508326 3.78776501195 1.21296297857e-18)
(57.5918281787 3.80850974749 -3.08577949067e-20)
(57.3415460957 3.82620047616 -2.43124542545e-20)
(57.0869417732 3.84100223579 -5.17382950339e-19)
(56.8281473096 3.85302005788 -2.69946388977e-20)
(56.564753165 3.86197610562 6.51785830574e-20)
(56.2959778997 3.86750408992 -1.79193732928e-20)
(56.0219243222 3.86960148619 -9.7835297021e-19)
(55.7434093359 3.86856367661 -9.14122170476e-20)
(55.46058775 3.86446990113 9.97926976961e-19)
(55.1733980839 3.8572784439 -1.46426638354e-20)
(54.8818561583 3.84706223355 2.56485519633e-19)
(54.5859031369 3.83406826522 -3.7223953682e-20)
(54.2855438652 3.81874203709 -2.32987576859e-19)
(53.9808837313 3.80184657781 -3.48667866641e-20)
(53.6720381706 3.78446292231 1.37283066551e-19)
(53.3590674131 3.7679494668 1.17346540428e-19)
(53.041946549 3.75385986736 4.75755914447e-19)
(52.7205304954 3.74382921901 3.89373912936e-19)
(52.3945107832 3.73942042979 -6.68717951835e-19)
(52.0634201024 3.74193430985 -6.00862086261e-19)
(51.726662999 3.75223704292 5.49459349497e-19)
(51.3835687858 3.7706423985 3.1596941319e-19)
(51.0336547981 3.79683708429 -2.61467987043e-19)
(50.6766834779 3.83002990002 -8.69219549005e-20)
(50.3122812909 3.86944690155 -1.20022608906e-19)
(49.9401999422 3.9147170717 -2.71681277813e-20)
(49.5608282338 3.96584111032 7.8408758093e-20)
(49.1750212173 4.02390218322 -1.24663382232e-20)
(48.7838991221 4.09064522742 2.59469883968e-19)
(48.3892528439 4.17037314869 -2.05471174034e-19)
(47.9935336026 4.26804301108 1.95913051771e-19)
(47.5992575698 4.38862445376 -1.46977132799e-19)
(47.2100537968 4.5375352507 1.65455388611e-19)
(46.8315122761 4.72366527518 -3.21890563628e-20)
(46.4714209902 4.96143605678 -3.93219345774e-20)
(46.1408055123 5.26343475475 3.10868144092e-19)
(45.8592192545 5.62540790983 -1.79246116725e-19)
(45.6537345611 6.04674645563 4.10389571368e-19)
(45.5829904256 6.6059935601 -4.97324022538e-19)
(45.6736699227 7.56895510949 -1.96259263163e-19)
(46.2653803385 9.04685406504 3.60251931677e-19)
(47.0551477484 11.3526949106 6.51572799598e-19)
(49.8561631552 11.6942135023 9.02163194774e-18)
(64.1545929127 1.3092246914 0)
(64.0816545656 1.43274513159 0)
(64.0050006602 1.55658955692 0)
(63.9231701743 1.68040979146 7.59197221908e-19)
(63.8356616696 1.80401038013 1.2293076747e-18)
(63.7423994014 1.92715838145 -4.06339832867e-19)
(63.6433538831 2.04960525317 -2.28200739832e-18)
(63.5384380931 2.17110360107 -8.05456892476e-19)
(63.4275408133 2.29139988704 2.2478891397e-18)
(63.3105707298 2.41023324458 3.76882440272e-20)
(63.1874653753 2.52733851855 -1.59158757531e-18)
(63.0581815176 2.64244830017 -3.88917162909e-21)
(62.9226912823 2.7552948902 7.07705589935e-19)
(62.7809830725 2.8656123083 4.09536667606e-20)
(62.6330638028 2.97313848153 2.99004756754e-20)
(62.4789596324 3.07761770369 6.76317443601e-19)
(62.3187148899 3.17880358 -3.67349810918e-19)
(62.1523867399 3.27646392168 1.14077119148e-18)
(61.9800123394 3.37039762796 1.02818116011e-19)
(61.8016163544 3.46042927713 -1.50778693844e-18)
(61.6173122312 3.54636630166 1.29462315543e-18)
(61.4273033837 3.62801035758 -4.81277020258e-19)
(61.2317788483 3.7052081249 -3.25864709887e-18)
(61.0309019787 3.77785374326 -1.42810610235e-19)
(60.8248399214 3.84587434899 3.46379372864e-18)
(60.6137634789 3.90922912587 -7.29654081527e-19)
(60.3978466747 3.96791001819 -1.85057556674e-18)
(60.1772657083 4.02194248189 2.57183328308e-18)
(59.9521957048 4.07138571341 -2.01782749668e-18)
(59.7228073644 4.1163317993 -2.03638617184e-18)
(59.4892640927 4.15690385214 1.99963296059e-18)
(59.251718193 4.19325304787 3.64450846946e-21)
(59.010306278 4.22555897204 -3.78153792502e-20)
(58.7651785213 4.25407100373 3.49916824476e-19)
(58.5164958504 4.27907841001 -2.08951772439e-18)
(58.2643519011 4.30076552519 -5.62900911765e-19)
(58.008689341 4.31919525938 2.71698833021e-18)
(57.7494862211 4.33453178189 4.88477734139e-20)
(57.4870128089 4.34702367787 -6.11021854706e-19)
(57.2213395181 4.35664847899 9.42768857677e-19)
(56.9516829702 4.36295764362 4.64585407402e-20)
(56.6772067563 4.36576948224 -9.0866652764e-19)
(56.3983814355 4.36527634823 4.52023972014e-20)
(56.1160419499 4.36189096867 -1.0654500186e-18)
(55.8302568554 4.35562331148 5.96984649101e-19)
(55.5408045156 4.34626276099 1.01540632842e-18)
(55.2474373036 4.33370776313 -5.63142372625e-19)
(54.9500412159 4.31796631947 2.87994866666e-20)
(54.6486679792 4.29926188418 -8.61933872768e-19)
(54.3434182316 4.27811858979 -4.39032647033e-19)
(54.0344061551 4.25537593405 7.54658320933e-19)
(53.7217370482 4.23219433054 1.46046703211e-19)
(53.4054784188 4.21003568786 -5.41954227147e-19)
(53.0856289141 4.19058983184 3.3042485994e-19)
(52.7620865085 4.17563668564 4.20631723839e-19)
(52.4346122691 4.16686732 -1.90600093769e-19)
(52.1027977156 4.16568672631 -1.33834365046e-19)
(51.7660988341 4.17300111326 -6.33768945094e-21)
(51.4239180165 4.18908087598 -1.15066401608e-19)
(51.0757067036 4.21355724572 -1.67014379137e-20)
(50.7212615666 4.24541460576 2.51115969788e-19)
(50.3606441815 4.28339807691 5.29922535463e-20)
(49.9938558837 4.32677467419 -5.57224733249e-20)
(49.6215175516 4.37529660752 1.43840600096e-20)
(49.2444009099 4.4294869706 -2.47362216401e-20)
(48.8647667323 4.49137952034 1.02395204061e-19)
(48.4856324308 4.56482771887 -8.19930579225e-20)
(48.1091725188 4.65395310906 2.71457046556e-19)
(47.7390920186 4.76300430966 -2.10088557652e-19)
(47.3809068748 4.8968358195 1.44275789967e-19)
(47.042040149 5.06314864796 -1.38097788142e-19)
(46.7327946002 5.27383066176 -3.30211646292e-19)
(46.4679869116 5.53689584276 1.16969726601e-19)
(46.271097292 5.84222511368 5.3860682581e-19)
(46.1676611743 6.18244000799 2.79364487506e-19)
(46.2223406485 6.61313505203 4.58945323926e-20)
(46.4723924026 7.34918421861 7.41537615243e-19)
(47.3437715262 8.41395103189 -1.2417328869e-20)
(48.2821026165 10.2170802756 -4.33789937822e-19)
(51.8686961166 10.2835255413 -4.39658399418e-17)
(65.2431924008 1.62539261295 0)
(65.1477603605 1.77344838754 -9.22367208333e-20)
(65.0479471083 1.92139315975 0)
(64.9420806641 2.06875178732 0)
(64.8297497495 2.21526652554 1.43359243308e-19)
(64.7108446012 2.36061526462 1.11048492376e-18)
(64.585410138 2.50446728938 6.21385377841e-20)
(64.4534285283 2.64649403215 -1.15893259934e-18)
(64.3148412176 2.78636235067 -1.4046321243e-18)
(64.1696201016 2.92373583225 -8.28331747681e-19)
(64.0177706527 3.05827805445 1.65539465435e-18)
(63.8593219627 3.18965604705 9.55044191351e-19)
(63.6943223271 3.31754347535 -2.22840007605e-19)
(63.5228393688 3.44162361659 -8.85423961817e-19)
(63.3449622817 3.56159244208 7.74369917117e-19)
(63.1608023306 3.6771618736 -3.29338351815e-18)
(62.9704912242 3.78806338915 7.69091101902e-19)
(62.7741744403 3.89405351958 3.12245789859e-18)
(62.5719744035 3.99493189901 -1.62024545273e-18)
(62.3640004077 4.09053508923 3.32768239159e-18)
(62.1504601938 4.18069059965 -2.29179990432e-18)
(61.9316571481 4.26522936857 -3.88821926822e-18)
(61.707873542 4.34403959784 3.02178758419e-18)
(61.4793585853 4.41706798003 3.52008033939e-18)
(61.2463604625 4.4843032034 -6.37339921782e-19)
(61.0091255611 4.54577409232 -2.28722296206e-19)
(60.7678973598 4.60154924164 9.66727699112e-20)
(60.522914369 4.65173665027 -1.24788112501e-18)
(60.2744053514 4.69648316441 -1.40986645505e-18)
(60.0225846209 4.73597365599 -1.99069534399e-19)
(59.7676492822 4.77043090221 2.58226206825e-18)
(59.5097798384 4.80011267637 1.00754673202e-18)
(59.2491451924 4.82529810492 -9.46307108529e-19)
(58.9858989603 4.84626444399 -1.02259525305e-18)
(58.7201255042 4.86329844196 2.70232207717e-18)
(58.4518487699 4.8768101271 -1.30145609039e-18)
(58.1813814307 4.88728753035 -3.59704862697e-18)
(57.9091389207 4.89489001852 1.29234410541e-18)
(57.6345926518 4.89926647528 9.37595380789e-19)
(57.3563120294 4.90018788376 -5.1860120546e-19)
(57.0740276798 4.89785729449 -3.89771824753e-20)
(56.7889092835 4.89271613692 1.36786693029e-18)
(56.5015888784 4.88512292087 3.08328324755e-20)
(56.2117466642 4.87494173256 -8.36535052362e-19)
(55.91881577 4.86189549509 6.33847759358e-20)
(55.6224891257 4.8457401776 -3.37235144734e-20)
(55.3227133213 4.82633811874 5.43021274441e-19)
(55.0194939924 4.80373734476 -2.18164825159e-19)
(54.7128529541 4.77818766418 -6.68112041074e-19)
(54.4028444117 4.75020692464 2.46697412262e-19)
(54.0895571619 4.72064512902 -2.74019057982e-19)
(53.7730955386 4.69071650204 -1.02234050513e-20)
(53.4535470147 4.66198158465 4.72790209907e-19)
(53.13094182 4.63626350138 9.59333931563e-20)
(52.8052135637 4.61549233442 -1.81248686522e-19)
(52.4761731992 4.60149103724 -9.1824235479e-20)
(52.1434816732 4.59574096149 5.5081555347e-19)
(51.8066434821 4.59917197923 1.48479756427e-19)
(51.4650986815 4.61197858138 -3.67345347027e-19)
(51.118369713 4.6335959298 -1.85913483451e-20)
(50.7662508924 4.66281331731 3.59300360823e-21)
(50.408987712 4.69796533076 -5.6347464233e-20)
(50.0469590458 4.73778238622 -9.27229450343e-21)
(49.6807234369 4.78158075851 2.13454809745e-20)
(49.3119548105 4.82956693647 3.08077637796e-20)
(48.9434720233 4.88402142225 -1.23852602696e-19)
(48.5781033014 4.94733243257 1.3317403082e-19)
(48.2190745215 5.02317579137 -6.54621712777e-20)
(47.8713616025 5.11545582219 -1.51234128232e-19)
(47.5415566315 5.22788774967 1.03328628071e-19)
(47.2382594091 5.36607816224 -1.4728098559e-19)
(46.9738080042 5.53873864917 1.6373397558e-19)
(46.7656880733 5.74958103322 4.18530897757e-19)
(46.6383313919 5.98454157423 1.44292389973e-19)
(46.615131613 6.22870907318 -9.19978092393e-19)
(46.7596248564 6.50836564916 2.93304381783e-19)
(47.1133658397 6.97647689761 -2.10197585088e-19)
(48.0893732225 7.60008140087 -6.84370083924e-19)
(49.1083168296 8.7868640008 -1.21860939714e-21)
(52.8515398614 8.44573067248 -3.01663805456e-19)
(66.5443552053 2.12882903804 4.84754924478e-19)
(66.4196318041 2.3027336855 -2.48624722731e-20)
(66.2897650215 2.47539331317 -1.29858947149e-18)
(66.1526289391 2.64624107617 0)
(66.0076910359 2.81497752386 0)
(65.8549825027 2.98122487695 1.25952584979e-18)
(65.6946824105 3.14459549298 1.94951582989e-19)
(65.5268629898 3.30471412488 -1.63416836274e-18)
(65.3515647347 3.4612091143 2.11892182451e-19)
(65.1688757858 3.61371046608 -1.38755734709e-18)
(64.9789313168 3.76185355455 9.74896651421e-19)
(64.7818985609 3.90528324084 3.7866791654e-18)
(64.5779697181 4.04365735015 -1.10893118817e-18)
(64.3673608687 4.1766498955 -1.31596320192e-18)
(64.1503128768 4.30395445151 -3.26553588648e-20)
(63.9270899059 4.42528783465 -4.47005962545e-18)
(63.6979754423 4.54039421811 4.91554783753e-19)
(63.4632625778 4.64905114514 2.62340287203e-18)
(63.2232114189 4.75108823826 -1.3522831625e-18)
(62.9780612723 4.8463814902 3.29850835134e-18)
(62.7281533171 4.93480715636 2.36930031575e-19)
(62.4739218904 5.01625499031 -2.22581828733e-18)
(62.2157634232 5.09068306972 1.64799451635e-18)
(61.9540245143 5.15811798845 -9.96573483069e-19)
(61.6890374279 5.2186371762 5.39775649631e-19)
(61.4211189253 5.27236695559 -4.08859172861e-19)
(61.1505690003 5.31948254281 -1.67548242898e-18)
(60.8776701696 5.36020753208 -1.17691696514e-18)
(60.602686334 5.3948086367 -6.22537789088e-19)
(60.3258657531 5.42358443242 4.26260362398e-18)
(60.0474387856 5.44685354422 1.63848355473e-19)
(59.7675868197 5.46494832759 -1.73868443033e-18)
(59.4863810358 5.47826356066 1.92530381501e-18)
(59.2038232352 5.48741699587 -1.70806353257e-18)
(58.9202536422 5.49304220813 -9.94402951974e-19)
(58.6364062113 5.49531746146 1.73617750767e-18)
(58.352059486 5.49413639984 -1.56589841962e-18)
(58.0654578425 5.48953524334 -7.4026238073e-19)
(57.7758007812 5.48181442907 9.64455971383e-20)
(57.4843881516 5.47137475018 6.56531858843e-19)
(57.1922201965 5.45880618549 4.91556354389e-19)
(56.8989176472 5.44433485752 -4.79246250408e-19)
(56.6036872629 5.42775790807 -8.79508175294e-19)
(56.3060440665 5.40874498502 8.26554141379e-19)
(56.005826696 5.38703243705 7.89802805497e-19)
(55.702924517 5.36244652044 -3.347413904e-20)
(55.3972150294 5.33486123377 5.88904165826e-20)
(55.0885955457 5.30425380949 8.83412110615e-20)
(54.7770202817 5.27080392425 -3.95212492495e-19)
(54.4625114244 5.23498884105 -2.86628525738e-19)
(54.1451466948 5.19765765026 5.81937368819e-19)
(53.8250349469 5.16006843412 -9.64125996518e-20)
(53.502281752 5.12386892382 1.28927548295e-19)
(53.1769466455 5.09100364684 3.87278665182e-19)
(52.8489978807 5.0635421237 -1.99306430247e-19)
(52.518279196 5.04343685914 -6.99731663676e-19)
(52.1845037923 5.03224468262 3.32726849601e-19)
(51.8472489377 5.03088034385 -9.3837927776e-20)
(51.5060094196 5.03944392568 -2.4634212037e-19)
(51.1603249618 5.05714561431 2.86491235979e-19)
(50.8099654123 5.08246322879 5.97644752671e-20)
(50.4553493277 5.11342943992 -8.72467368847e-20)
(50.0971074174 5.14805034409 -3.96974079043e-20)
(49.736221439 5.18517503361 -1.2486101781e-20)
(49.3748511509 5.22498130881 3.34928947101e-20)
(49.0157713106 5.26856113884 -3.09998744174e-20)
(48.6622454588 5.31802872073 9.87864113503e-20)
(48.3186097943 5.376684905 9.43250441915e-20)
(47.9905259044 5.44749103767 3.47372352911e-20)
(47.6850935689 5.532596971 1.84400342512e-19)
(47.4118448431 5.63535533308 2.11885822827e-19)
(47.1844466763 5.7609502888 -1.22667518689e-19)
(47.0211998821 5.90947289856 -1.37842259226e-20)
(46.9452851653 6.0647230878 -4.67973933345e-19)
(46.9782738938 6.20444837099 -3.04922970621e-20)
(47.1747148009 6.32689046906 2.55196832682e-19)
(47.5731068766 6.52384126718 -3.32190076967e-19)
(48.5211073752 6.73657179153 1.79561206835e-19)
(49.490801675 7.32467779321 1.89852676477e-19)
(52.7979919922 6.55076000332 -9.29889308348e-17)
(68.030124925 2.70534492533 2.90500271024e-18)
(67.8612381427 2.91539424777 2.78998489018e-19)
(67.6867369352 3.12268244919 -1.74513404655e-18)
(67.5042219976 3.32634517681 0)
(67.3132365654 3.52595118102 0)
(67.113871721 3.72098265954 3.1727909895e-19)
(66.9064360785 3.91091361601 3.38795704959e-18)
(66.6911472298 4.09524910479 -3.10948339839e-18)
(66.4681710782 4.27351696845 -4.25483624862e-18)
(66.2377186911 4.44526688701 3.73825965829e-18)
(66.0000514282 4.61007622129 1.72861560447e-18)
(65.7554644185 4.7675556367 -1.09993081586e-20)
(65.5042782627 4.91735350841 -4.89999784226e-18)
(65.2468375405 5.05915950599 -2.81332776807e-19)
(64.9835119697 5.19270765801 3.72143876298e-18)
(64.7146947756 5.3177791182 9.10287664285e-20)
(64.4407979917 5.43420477608 -2.69590927414e-19)
(64.1622410896 5.54186913877 -6.9754285703e-20)
(63.8794046297 5.64072585651 -3.87490442341e-18)
(63.5926456984 5.73078986083 -2.016919633e-19)
(63.3024284754 5.812090719 3.96751164267e-18)
(63.0093079185 5.88468252463 -8.71075523022e-19)
(62.7137856418 5.9486944446 6.26860430021e-18)
(62.4162966343 6.00432856813 3.56861648213e-18)
(62.1172480622 6.05184061822 -9.71667244477e-18)
(61.8170211571 6.0915336741 -2.04263541734e-18)
(61.5159705386 6.12374844629 5.96202437168e-18)
(61.2144101126 6.14885743946 -4.40048287236e-18)
(60.9125855558 6.16725865558 -2.64708862128e-18)
(60.6106616453 6.1793917206 1.79030669838e-18)
(60.3087401739 6.18585509778 2.36143555767e-18)
(60.0070141984 6.18743977548 2.5997012853e-18)
(59.7061766837 6.18469822608 -2.05452652087e-19)
(59.4068499816 6.17771095376 1.1902432758e-19)
(59.1080602986 6.166728765 -1.52650970292e-18)
(58.8080357255 6.15235768021 -2.83748063185e-18)
(58.5066177738 6.13498214804 2.49077091645e-19)
(58.2052955978 6.11493942454 2.74476772855e-18)
(57.9048811486 6.09298824511 -6.61977564804e-20)
(57.6047718629 6.06970922292 -4.75237848803e-19)
(57.3041310642 6.04509040904 -5.94179213328e-19)
(57.0024188088 6.01891674211 4.87328072298e-19)
(56.6993490213 5.99100924939 1.31160872485e-18)
(56.3946993219 5.96122243542 6.72943187084e-20)
(56.0882248649 5.92933869018 -1.26698757343e-18)
(55.7796576031 5.89508561972 5.89818522063e-19)
(55.468760486 5.85821349588 -7.98364147557e-19)
(55.155368851 5.81859355893 -7.88313947989e-19)
(54.8393997015 5.77632187593 1.10135411549e-19)
(54.5208476725 5.73181890399 6.47724609575e-19)
(54.1997750377 5.68591335376 5.4340213527e-19)
(53.8762902678 5.63988822381 -3.96594426821e-19)
(53.5505126385 5.59546365977 -4.92125364016e-19)
(53.2225265208 5.55469651545 -6.71272294043e-20)
(52.8923326665 5.51978908814 1.42783654624e-19)
(52.5598081146 5.4928184826 -1.41129009156e-20)
(52.2246932903 5.4754199715 1.92924263504e-19)
(51.8866144449 5.46848296686 4.35282902597e-20)
(51.5451189554 5.47196129844 6.89130888478e-20)
(51.1998164037 5.48480026559 -1.41022792361e-20)
(50.8506024008 5.50511601356 7.55394369423e-20)
(50.49773058 5.53051932995 1.05874294623e-20)
(50.1420734652 5.55841607853 -1.38467883309e-20)
(49.7852707912 5.58714988142 2.86381644408e-20)
(49.4295281269 5.61619079993 1.14156830684e-19)
(49.0777652523 5.6460196207 4.86486258782e-20)
(48.7339516848 5.67853116636 1.66715311707e-19)
(48.4029902336 5.71632794993 -2.03032586828e-19)
(48.090832668 5.76122575631 -5.49518885036e-20)
(47.8049050938 5.8139775875 1.2420648659e-19)
(47.5551371829 5.87522650514 -5.34163953677e-19)
(47.3553941353 5.94779744162 2.52174282662e-20)
(47.2235385125 6.02824091197 5.25346271997e-19)
(47.1805743968 6.09855642788 -2.75471543172e-19)
(47.2447720259 6.13141140008 7.24142608731e-19)
(47.4596440908 6.10348149906 3.49306635133e-19)
(47.8534312957 6.05610435521 4.49997430576e-19)
(48.7011604598 5.90014523658 -1.01527318475e-20)
(49.5469127753 6.03076738559 6.72071356297e-20)
(52.3675484332 4.44275482085 -1.41521541944e-18)
(69.8656227312 3.69267645438 -2.59157889781e-19)
(69.6352701696 3.929614268 -4.54165483872e-18)
(69.398064983 4.1612060308 -4.73656726377e-19)
(69.1509714098 4.38638398932 5.46921149786e-18)
(68.8937014731 4.60476449568 -6.09460972338e-18)
(68.6267193446 4.81584677048 4.29874853802e-18)
(68.3507022289 5.01912265383 2.0995813161e-18)
(68.0661979562 5.21412941689 -6.20867324515e-19)
(67.7737053105 5.40043482524 7.62018812569e-18)
(67.4737892329 5.57763161956 -4.93525611534e-18)
(67.1670718877 5.74534340716 2.11476334475e-18)
(66.8542024521 5.90323118954 -1.89728386955e-18)
(66.5358422831 6.05099853842 -2.79622872594e-18)
(66.2126584802 6.18839636201 -2.04831842651e-18)
(65.8853198477 6.31522757321 -4.21257200069e-18)
(65.5544899732 6.43135180559 3.83810891699e-18)
(65.2208176558 6.53668992541 5.42650335381e-18)
(64.8849212616 6.63122848786 1.80431490372e-19)
(64.5473376787 6.7150322605 -3.38082943502e-18)
(64.2085451947 6.78824272399 -1.57040107766e-20)
(63.8691080028 6.85104526437 -4.23380011554e-18)
(63.5296494049 6.90366775092 -3.21993115503e-19)
(63.1906990863 6.94641954358 1.52484289462e-18)
(62.8526881361 6.97968975649 -3.19829399244e-18)
(62.5159848208 7.00392194245 2.38052108923e-18)
(62.1808769425 7.01961345045 3.18103397364e-18)
(61.8475737799 7.02737013027 -1.94592601874e-18)
(61.5162240644 7.02800476777 -1.83589894067e-18)
(61.1869775166 7.02229791721 1.65635570109e-18)
(60.8603173102 7.01071065543 1.69860529395e-18)
(60.5371113756 6.99363370748 1.25805256826e-18)
(60.2172374349 6.97156513411 -1.09259467487e-18)
(59.8988183116 6.94525776639 -1.24338716599e-18)
(59.5806731862 6.91541284126 1.06460048885e-18)
(59.2639697188 6.88241254855 2.38304345922e-18)
(58.949974731 6.84691068594 -7.50619597566e-19)
(58.6384241375 6.80990836222 -2.11082960446e-18)
(58.3284982037 6.77209693183 1.46835821986e-18)
(58.0195917571 6.7335953999 1.36012261128e-18)
(57.7112195073 6.69441928009 -5.85739739042e-19)
(57.4029666297 6.65461705071 -1.25659291343e-18)
(57.094493579 6.61420667177 4.72531765313e-19)
(56.7854486411 6.57308810766 -1.31804417464e-18)
(56.4754331407 6.53102086446 -2.08243963716e-18)
(56.1640472105 6.48764793304 1.02949565009e-18)
(55.8509369081 6.44256067341 1.31980394393e-18)
(55.5358164548 6.39538237999 -6.55282444629e-20)
(55.2184795263 6.34586265714 9.40897623295e-19)
(54.898807071 6.29398617653 4.52758667492e-19)
(54.5767707802 6.24008738562 -5.98481222547e-19)
(54.2524255753 6.18494930716 -6.48561995659e-19)
(53.9258862427 6.1298593553 2.25832504591e-20)
(53.5972885336 6.07659449495 1.80884043392e-19)
(53.2667392207 6.0273129607 5.22150027094e-19)
(52.934263534 5.98434255413 -3.18466340179e-20)
(52.5997620845 5.94987743143 -5.59366257838e-20)
(52.2629923021 5.92562090044 1.44482270313e-20)
(51.9235980715 5.91243853165 -1.93094321954e-19)
(51.5811706692 5.91011073575 1.14554371682e-19)
(51.2353934605 5.91728280178 5.28082607815e-20)
(50.8860726903 5.93159720499 -1.25137723951e-19)
(50.5342511341 5.95014414259 -4.47026888649e-23)
(50.1797596805 5.9698222792 3.09753986837e-21)
(49.8249103947 5.98835289276 7.55913331015e-20)
(49.4724633809 6.00436881603 4.35898059919e-20)
(49.1256646821 6.01796152877 -5.63799818679e-20)
(48.7888105491 6.0305898929 -2.67884614094e-19)
(48.4670845718 6.0441151171 -2.90202703665e-19)
(48.1666012368 6.05943043431 1.24883551954e-19)
(47.8948238264 6.07585279164 -4.26184741544e-19)
(47.6613717396 6.09195940983 -3.12040237301e-19)
(47.4793469763 6.10691548222 6.13539342937e-19)
(47.3654636672 6.11598552331 -4.85807855282e-19)
(47.337635382 6.10030903196 1.69343050683e-20)
(47.4100385047 6.03228949356 1.78451185744e-19)
(47.6126334413 5.86789290192 6.59091262198e-20)
(47.9608991482 5.61626406987 -3.47461390014e-19)
(48.654955806 5.16150819372 -6.85381470568e-19)
(49.3575480987 4.9058840011 3.08216289765e-19)
(51.7712716701 2.7251348246 3.96094085434e-17)
(71.7986670481 4.88388940689 -1.43082066833e-17)
(71.4853795705 5.17164608782 -2.96940738425e-18)
(71.1662976185 5.44879495487 6.57278295515e-18)
(70.8381418061 5.71374185613 -4.28957067294e-18)
(70.5006609162 5.96598782008 5.68328738343e-18)
(70.1543405649 6.20493437425 -1.52915878845e-19)
(69.7999460544 6.43001605306 -5.62660920356e-18)
(69.4381203923 6.64078692911 -3.78904643213e-18)
(69.069436037 6.83690668988 2.9703942456e-18)
(68.6945330904 7.01813100548 3.5496773879e-18)
(68.3141239836 7.18431426178 1.69003637043e-19)
(67.9289663621 7.33541155323 6.08554710584e-19)
(67.5398504139 7.47147670787 -4.96145716773e-19)
(67.147593457 7.59265824405 -3.00330810284e-18)
(66.7530350578 7.69919424681 1.87532320582e-18)
(66.3570270022 7.79140702876 2.92884526247e-18)
(65.9604173727 7.86969998609 -5.34708021196e-18)
(65.5640237296 7.9345603128 -2.00098334387e-18)
(65.1685726762 7.9865089859 -6.06639046763e-18)
(64.774759009 8.0261119064 1.68149938042e-18)
(64.3833699081 8.05402108117 9.31000178608e-18)
(63.9951859317 8.07089885694 1.19080875761e-19)
(63.6108359358 8.07741876218 -9.36766912827e-18)
(63.2307938621 8.07435133548 -3.79063320037e-19)
(62.8554352014 8.06262784123 8.07342970303e-18)
(62.4852335016 8.04312154122 1.2567386795e-19)
(62.1210324323 8.01629658557 -2.43882336162e-18)
(61.7631849267 7.98260473792 -3.68254709506e-20)
(61.4105459589 7.94287886521 -2.15828858731e-21)
(61.0619657698 7.89825584646 -4.87663878692e-21)
(60.7172635357 7.84955695737 -1.55238092522e-18)
(60.376763847 7.797189342 1.34571312458e-18)
(60.0412508232 7.74173574275 -1.51178233388e-18)
(59.7108760759 7.6843427064 -1.47149583766e-18)
(59.3848016317 7.6261008246 1.2133805468e-18)
(59.0622252645 7.56752506591 -1.26536099452e-19)
(58.7425818307 7.50889900331 1.37567620413e-18)
(58.4253244636 7.45054521432 0)
(58.1099625645 7.39274612371 1.27505128955e-18)
(57.7960310185 7.33568565505 -1.66983258177e-18)
(57.4830281504 7.27943481642 -1.1746770363e-18)
(57.1704229422 7.22391035229 1.79644652945e-19)
(56.8576792322 7.16885979819 -1.12662620071e-19)
(56.5442813299 7.1138865035 1.34587298364e-18)
(56.2297583187 7.05848970552 8.77377146685e-20)
(55.9136988225 7.00211671376 0)
(55.595762736 6.94423864714 -8.39472566608e-19)
(55.275696272 6.8844534735 -2.69216493692e-19)
(54.9533462458 6.82261108386 1.11350569851e-18)
(54.6286657813 6.75894466916 5.58930041392e-19)
(54.3017061142 6.69418412662 -1.80979845034e-19)
(53.9725915462 6.62962168942 -8.18780534715e-19)
(53.6414772967 6.56709821105 -6.18330057118e-19)
(53.3084941838 6.50888367115 6.88967903738e-20)
(52.9736897762 6.45744052678 1.49585260498e-19)
(52.6369803124 6.41508214613 1.50943634381e-19)
(52.2981313576 6.38356923958 -1.15527472047e-19)
(51.9567849996 6.36371878352 -1.6810351141e-19)
(51.6125433805 6.35511119027 1.68352153235e-19)
(51.2651138659 6.35601891742 5.38782676727e-20)
(50.914435725 6.36356435059 -2.57933567049e-20)
(50.5610933579 6.37424343141 8.81838242109e-21)
(50.2054971457 6.38435601844 1.08362030472e-19)
(49.8512297022 6.39103717994 -4.65046670291e-20)
(49.4999182522 6.39205022126 -9.1248188485e-20)
(49.1553366964 6.38703141407 3.18181832232e-20)
(48.822236261 6.37697865949 -2.24250428971e-19)
(48.5059837151 6.36317715172 -1.183738921e-19)
(48.212664632 6.34584386127 4.06875124766e-20)
(47.9493806583 6.32310065716 -3.8884906425e-19)
(47.7250830918 6.29160722564 2.36350531568e-19)
(47.551767699 6.24790206731 -1.86008034196e-19)
(47.4439708357 6.18610182854 -5.49036240098e-19)
(47.4154978086 6.08934898934 1.78460103645e-19)
(47.4749161242 5.92595028256 1.0338610917e-19)
(47.639310941 5.64778993593 -1.97353937353e-19)
(47.9149278492 5.23725021872 9.06481677327e-20)
(48.4254872403 4.54775887236 -4.44934542713e-20)
(48.9767057586 3.99071975054 1.5143134085e-20)
(50.50892937 1.35902493343 -3.7351912543e-18)
(74.1728971766 6.86281545866 -3.93112018119e-18)
(73.6939938392 7.15435484872 6.45037401567e-18)
(73.2133895484 7.43166660601 -3.41638461001e-18)
(72.7270206334 7.69253579003 6.0753183976e-18)
(72.2357078128 7.93673972838 4.10425497687e-18)
(71.7410605317 8.16391439036 3.46369194528e-19)
(71.2448339421 8.37369354421 5.16152114533e-18)
(70.7484759283 8.56579441673 1.01227589282e-17)
(70.2531842327 8.73999480851 -7.74975814733e-19)
(69.7600576657 8.89613197559 -1.39259122092e-17)
(69.270093148 9.03411718621 -9.39589173255e-18)
(68.7841552778 9.15395122344 4.71168718627e-19)
(68.3029772632 9.25573805785 2.29626530427e-17)
(67.8271777694 9.33969507885 1.21939413173e-18)
(67.3572800035 9.40616163551 -2.16429215032e-17)
(66.8937253678 9.45559830071 1.89919457617e-17)
(66.436873485 9.48858166052 3.86939255436e-18)
(65.9869672721 9.5058578086 -1.50868190343e-17)
(65.5441289296 9.50826823119 4.98972738294e-18)
(65.1084981978 9.49681011446 9.47768620258e-20)
(64.6802777664 9.47237517372 -9.10084388913e-18)
(64.2596481471 9.43601807397 1.79218031857e-18)
(63.8468690294 9.38892455974 5.84068867455e-18)
(63.4425705101 9.33226016494 4.55903085679e-18)
(63.0469602988 9.26710985492 -1.25977385221e-18)
(62.6586071227 9.1947669296 -8.55579851742e-18)
(62.2761538519 9.1167402488 3.55067236181e-18)
(61.9001097592 9.03402994709 3.9996585191e-19)
(61.5318833967 8.94740728875 -5.55756509182e-18)
(61.1718711814 8.85800704482 4.75980033652e-18)
(60.8190519232 8.76706825473 1.97866776887e-18)
(60.4725886106 8.67566054953 -1.72728667681e-19)
(60.1321504246 8.58455364034 -1.3091900306e-18)
(59.7972134555 8.49422809943 -1.87543453589e-18)
(59.467004263 8.40516035599 2.29160133511e-18)
(59.1408286605 8.31784719227 -6.75712909987e-19)
(58.8180995303 8.23270196822 -1.00313529622e-18)
(58.4982197238 8.15005202623 7.58143161765e-19)
(58.1805676852 8.07011102522 2.04807374502e-18)
(57.8645202445 7.99293866474 1.11782461011e-18)
(57.5494623288 7.91843072975 -1.56295819434e-18)
(57.2347988215 7.84631797997 -9.35446126625e-19)
(56.9199687502 7.77617022483 5.79510077435e-20)
(56.6044538419 7.70741208807 -6.50328786466e-19)
(56.2877856303 7.63935387661 5.79229235667e-20)
(55.9695564249 7.57124551585 3.64723872407e-20)
(55.6494331193 7.50236048199 -1.09402362096e-19)
(55.3271708523 7.4321096892 6.03172348074e-19)
(55.0026229583 7.36017806841 -7.65678261252e-19)
(54.6757435491 7.28666896026 -1.11395983476e-19)
(54.346579052 7.21223185516 8.06666651989e-19)
(54.0152449373 7.1381401274 -4.60878320709e-20)
(53.6818853919 7.06628158031 -2.6436682946e-19)
(53.3466184213 6.99902951316 6.27963235776e-20)
(53.0094750425 6.93897969582 -5.44103829336e-20)
(52.6703481128 6.88856490629 -1.49085826442e-20)
(52.3289732329 6.84959840589 2.10368054171e-19)
(51.9849577753 6.82282836118 9.58606427702e-20)
(51.6378788975 6.80760799041 5.26958836605e-20)
(51.287437127 6.80180333137 -1.59376415841e-19)
(50.9336939668 6.80197144521 2.87475137192e-20)
(50.5771900685 6.80387021725 -2.40969779034e-20)
(50.2192100601 6.80320153131 -4.58266663128e-21)
(49.8619059716 6.79619863614 3.5868370385e-20)
(49.5082833149 6.78030685449 2.02370176386e-19)
(49.162615167 6.75449846119 -1.01044388384e-20)
(48.829665969 6.71934005623 -3.87738571803e-19)
(48.5147618776 6.67580589866 -1.70676612431e-19)
(48.2238824868 6.62368941169 2.02702096644e-20)
(47.9638085379 6.56012732978 2.38719784044e-19)
(47.7428673736 6.47997049566 1.64734691487e-19)
(47.5713138884 6.37784915281 -2.13691548647e-19)
(47.4596584765 6.24776895604 7.04951795002e-19)
(47.4162693131 6.07575992759 4.60579694867e-19)
(47.444328898 5.83192449293 2.78361330465e-19)
(47.5567158847 5.46224442819 1.35562970847e-19)
(47.7457334442 4.93680053767 5.78305825751e-20)
(48.0890996156 4.10111159918 -1.57267153549e-19)
(48.3310154772 3.32091561855 -6.23179893256e-19)
(49.0413088283 0.452547392748 -3.77023225774e-17)
(77.7582008586 9.71395418562 -1.15687322666e-18)
(77.0633431007 10.0123646187 -3.02372103131e-17)
(76.3607449355 10.2809136186 3.78677229214e-18)
(75.6470340319 10.5170765959 -2.24296901329e-18)
(74.9250710057 10.7219755945 -1.02808541415e-17)
(74.1986432052 10.896673952 2.12152147084e-17)
(73.4716141578 11.0423390802 8.88005068472e-18)
(72.7475047786 11.1603913458 7.3482222667e-18)
(72.029635642 11.2524341361 -6.80642211745e-18)
(71.3212289787 11.3201403237 -1.41617078883e-17)
(70.6252906689 11.3652024177 -6.00356595365e-18)
(69.9445007883 11.3892908343 1.11038165231e-17)
(69.2811554045 11.3940124794 6.18882280602e-18)
(68.6371370135 11.3808934223 -2.41859590099e-17)
(68.0138915835 11.3513890784 -7.55746993633e-19)
(67.4123982255 11.3068973099 9.04638882105e-18)
(66.8333695899 11.2487941468 1.44731072868e-17)
(66.2772175007 11.178395426 4.55299779494e-18)
(65.74406787 11.0969531645 -1.32224407449e-17)
(65.232897888 11.0057786685 2.86335529958e-18)
(64.7426247216 10.9063845525 4.94400556684e-18)
(64.2731453366 10.7999035999 -9.23953073263e-18)
(63.8235288604 10.6872641849 -3.47287671982e-19)
(63.3918443165 10.5692809764 1.36722551361e-17)
(62.9763475137 10.4465441266 -5.18471407536e-18)
(62.5766000376 10.3196087959 -3.54943613906e-18)
(62.1917400613 10.1895875203 1.62313715383e-18)
(61.8196074404 10.0578675482 -5.24338206364e-18)
(61.4584346982 9.92562680655 4.37276728812e-18)
(61.1069765604 9.79373289875 2.45780767691e-18)
(60.7640055391 9.66310854335 -3.90756067387e-18)
(60.42837867 9.53473654878 2.84633239383e-19)
(60.0990972622 9.4094224274 -2.52589771291e-19)
(59.7752107257 9.28776058983 1.21203204922e-20)
(59.4557895228 9.17021846411 2.23565337526e-18)
(59.1399438073 9.0571462792 -1.45624688787e-20)
(58.8268267211 8.9487498467 -2.67295823289e-18)
(58.515628273 8.84509686081 -2.34210628864e-19)
(58.205585047 8.74612675448 7.71089018575e-19)
(57.8959953449 8.65164729771 -2.2222379818e-19)
(57.5862221289 8.56132896882 3.62275880599e-19)
(57.2756910253 8.4746987108 -7.57965850032e-19)
(56.9638898284 8.3911350795 -2.3926806189e-20)
(56.6503712967 8.3098771562 1.47497302815e-18)
(56.3347602002 8.23005690279 -3.1398012903e-19)
(56.0167627674 8.15075876873 -1.08363640994e-18)
(55.6961755556 8.07110947916 8.62020221019e-20)
(55.3728910769 7.99039771139 2.41998974151e-19)
(55.0468976308 7.90821711573 3.90111768541e-20)
(54.7182704615 7.82461760069 4.767734928e-19)
(54.3871517265 7.74023956805 -2.70960256312e-19)
(54.053717896 7.65639622338 2.08350820477e-19)
(53.7181345492 7.57506365361 1.72941024166e-20)
(53.3805026009 7.49874183706 -2.6147740753e-19)
(53.0408025454 7.43016700415 0)
(52.6988522298 7.37188288383 7.80439745093e-20)
(52.3542988646 7.32573012238 1.39805796873e-19)
(52.0066598503 7.29233903627 1.93130457931e-21)
(51.6554483954 7.2707442474 -2.31820930311e-19)
(51.3003301529 7.25835382756 1.49727094287e-20)
(50.9413268711 7.25110826824 1.89971240269e-20)
(50.5791553846 7.24367671172 -2.26623498276e-20)
(50.2153587747 7.23107929138 -4.23856914146e-20)
(49.8522815706 7.20900409685 9.86284939514e-20)
(49.4931887592 7.17465077075 -5.75612474524e-20)
(49.1426668597 7.12630569517 -3.17899916036e-20)
(48.8059278556 7.0636863352 -7.03694236913e-20)
(48.4883384102 6.98783406854 1.40249361706e-19)
(48.1959140273 6.89846754127 4.3700547842e-19)
(47.9351672305 6.79190696759 2.42651002317e-19)
(47.7128204584 6.66213213646 1.85811318898e-19)
(47.535387793 6.50409469943 1.63978142451e-19)
(47.4089067702 6.31368845088 1.3388277582e-19)
(47.3408817204 6.07874107161 1.16966061113e-21)
(47.3379568754 5.76728269446 1.86465683974e-20)
(47.4093578225 5.32340419567 4.34036122622e-19)
(47.5011360852 4.71804410146 -1.58838469483e-19)
(47.6368908594 3.83306229072 -5.29042806807e-19)
(47.3753286118 3.03216711343 2.25062441312e-19)
(48.1305654692 -0.182279427229 -1.85335071028e-17)
(79.583804694 14.3670360322 1.85859651416e-17)
(78.8787217476 14.6430103783 3.71369380181e-19)
(78.1505720332 14.871904864 -2.9464102841e-17)
(77.4000964334 15.0500022526 -6.78873950095e-19)
(76.6304754024 15.1782786031 2.04543582929e-17)
(75.8454049436 15.2582009095 -1.23821614247e-17)
(75.0488264851 15.2918717602 7.2673435683e-18)
(74.2450617146 15.2815753108 1.1085309024e-18)
(73.4384560979 15.2300970096 9.67518768324e-18)
(72.6333060567 15.1406804912 9.89479207201e-18)
(71.8339538189 15.0169457178 -2.58015451063e-17)
(71.0446406419 14.8628107654 -9.48430904399e-18)
(70.2694165678 14.6824011334 1.54281781588e-17)
(69.5121205616 14.4799407841 7.75390427219e-18)
(68.7762025587 14.2596189742 -5.2801283071e-18)
(68.0648578791 14.0254199959 -2.46990447795e-19)
(67.3808025381 13.7808907489 -8.69784593998e-18)
(66.7253201827 13.5291941556 -8.83576401301e-18)
(66.0988860302 13.2732480242 1.52223025033e-17)
(65.5029055235 13.0153049722 -2.20840012298e-18)
(64.9380706385 12.7575800131 -9.92285795067e-19)
(64.4030088936 12.5022282341 1.86184374132e-17)
(63.896288611 12.251284229 -1.07582672088e-17)
(63.4168211288 12.0066599752 -9.3044006279e-18)
(62.9634495752 11.7700800008 7.45377585175e-18)
(62.5347563677 11.5427336168 1.78396927938e-19)
(62.1288278829 11.3249959217 4.04128871891e-18)
(61.7432914332 11.1168907561 5.02788669176e-18)
(61.3756613194 10.918268337 -3.19573717254e-18)
(61.0234535287 10.7288378997 -6.26149210798e-18)
(60.6842076195 10.5483060317 5.70640268924e-18)
(60.3555897889 10.3764617574 -4.13607125501e-19)
(60.0354882043 10.2131642153 -5.99244267154e-18)
(59.7220282348 10.0582987365 3.96338452043e-18)
(59.4135508867 9.9117314092 -5.07330641848e-20)
(59.1086069883 9.77327643931 -3.74998827998e-18)
(58.8059537918 9.64268142958 -9.93600877901e-19)
(58.5045316446 9.51961689879 2.24986023182e-18)
(58.2034330345 9.40365899708 1.34468178708e-18)
(57.9018780576 9.29427164171 -4.78244962159e-19)
(57.5991951204 9.19079800711 5.90354417497e-19)
(57.2948007704 9.09245257356 3.42798484078e-19)
(56.9881826458 8.9983102598 1.17978052058e-19)
(56.6788997536 8.90731600946 -9.31145894397e-19)
(56.3665935057 8.81832551678 -2.87136666233e-19)
(56.0509990714 8.73017246401 3.73924961263e-19)
(55.731957606 8.64176816796 1.11896707594e-18)
(55.409425668 8.55223501062 -2.73356774044e-19)
(55.0834756535 8.46106519231 -6.9711895171e-19)
(54.754281452 8.36828484786 -1.08406431228e-19)
(54.4220858684 8.27459284683 -1.71379519191e-19)
(54.0871500041 8.18143588456 4.1374506527e-19)
(53.7496886628 8.09097862274 -1.15894333982e-20)
(53.4098021545 8.00593290476 -5.69332286331e-20)
(53.0674126741 7.92922890284 1.32257783351e-19)
(52.7222291536 7.86353507094 2.79529386631e-19)
(52.3737557599 7.81069779282 1.61941520893e-20)
(52.0213395322 7.77116574342 -2.14854204538e-19)
(51.6644285481 7.74361818349 0)
(51.3027257016 7.7247820221 1.26629613986e-19)
(50.9358971064 7.70977562507 1.76336585998e-20)
(50.5648830441 7.69248360584 1.5308218208e-20)
(50.1920383833 7.6669440671 1.2579033778e-20)
(49.8200905284 7.62801570369 -4.89502008099e-20)
(49.4522360516 7.57234039602 -4.53445324765e-21)
(49.0926168027 7.49856597219 9.98057750051e-20)
(48.7473843678 7.4065393257 2.60451615072e-19)
(48.4233351715 7.29671677674 -1.41642938781e-21)
(48.1262208499 7.16824865121 -3.02486797531e-19)
(47.8608135146 7.01804565704 4.88152256691e-19)
(47.6311473891 6.84131945562 -3.55022067469e-19)
(47.4416590089 6.63324126469 -2.66246183343e-19)
(47.3002162956 6.38701729583 1.61641243406e-19)
(47.2187767926 6.08703421287 -5.06426922554e-19)
(47.1985583173 5.70709030767 5.93014011046e-20)
(47.2067521431 5.22121796168 5.56853953601e-20)
(47.1283839352 4.63745560185 -9.73155760068e-19)
(46.9706984243 3.81761213156 -1.91533010292e-19)
(46.5708658329 2.96267593425 6.69254620251e-19)
(48.0100749968 -0.924602799036 -4.68169804002e-17)
(75.3685959041 18.5950987202 -2.28886711259e-17)
(74.8974925605 18.816569268 -5.53314048158e-17)
(74.3978780625 19.0041636912 -2.35213765517e-17)
(73.8775665456 19.1303246034 -3.13060852661e-18)
(73.3394633793 19.1914353854 3.40191523745e-17)
(72.785316836 19.1921301537 -3.71537128841e-17)
(72.2167312924 19.1332429032 1.43289884363e-17)
(71.6358713678 19.0174357591 1.96268133573e-17)
(71.0454245198 18.8498023815 1.15706882481e-17)
(70.4483077572 18.634620636 2.83313222184e-17)
(69.847527543 18.376434107 -2.37529291149e-18)
(69.2461205234 18.0799446378 -4.02505543178e-17)
(68.6472265925 17.7500240011 -3.82070137812e-17)
(68.0540629075 17.3916409997 9.33253997429e-18)
(67.4699399071 17.0098623699 1.50125894121e-17)
(66.897920245 16.6100397646 1.42304573e-17)
(66.3407478862 16.1979636279 0)
(65.8015718599 15.7798024385 -7.73250022087e-20)
(65.2829477689 15.3618823908 9.13558410433e-18)
(64.7856655447 14.9503038467 -1.37515989381e-19)
(64.3091588923 14.5495867347 -5.86900987313e-18)
(63.8521248306 14.1622278152 3.6695401344e-19)
(63.4133271907 13.789057177 -9.35412617881e-19)
(62.9920841208 13.4302706183 -2.38663544384e-18)
(62.5883857277 13.086368409 3.95670956106e-18)
(62.202547354 12.7584422968 4.78609850579e-19)
(61.8346710874 12.4478909209 -4.33275367071e-18)
(61.4842167973 12.1559814946 -3.32559300053e-19)
(61.1498956131 11.8835042703 -1.94121081882e-18)
(60.8297423319 11.6306465102 -8.16748874967e-19)
(60.5212980201 11.3968725949 1.74299304669e-18)
(60.2219291882 11.1810856286 1.10349763373e-18)
(59.9290881197 10.9819669614 3.76203381056e-19)
(59.6404353128 10.7980710766 -3.17549677863e-18)
(59.3539194091 10.6278841403 1.6485882376e-18)
(59.0678783333 10.4699731482 7.17632425047e-19)
(58.7810851637 10.3230848221 1.82060762965e-18)
(58.4926727489 10.1861190349 1.59479757986e-18)
(58.2020288099 10.0580460497 -6.26322183096e-19)
(57.9087051368 9.93785607383 7.11047368853e-19)
(57.6123855473 9.8245560592 -3.70979564382e-19)
(57.312863291 9.71712730061 -8.04773621859e-19)
(57.009954158 9.61445399399 -5.97421787599e-19)
(56.7034817499 9.51531309089 5.90201410831e-19)
(56.3933072701 9.41841289924 -1.03942639247e-18)
(56.079334038 9.32244281766 2.9565726628e-19)
(55.7615208153 9.22617291536 1.52178025308e-18)
(55.4398981562 9.12860017717 -2.42112094609e-19)
(55.1145766352 9.02912941803 -7.26683084961e-19)
(54.7857379226 8.92776346535 8.12643969992e-20)
(54.4536027442 8.82526434094 -3.73079024692e-19)
(54.1183741877 8.7232373232 -4.90723523689e-20)
(53.780161343 8.62408916345 -4.63839806914e-20)
(53.4389003514 8.53082065508 -1.74770747743e-20)
(53.0942856109 8.44663771815 -1.07832490481e-19)
(52.7457535948 8.37439864758 -1.30503443692e-19)
(52.3925055326 8.31596962272 -9.14346991875e-20)
(52.0336685958 8.27156246751 2.05042413264e-19)
(51.6684632098 8.23934564245 5.07744939274e-20)
(51.2964083782 8.21541363281 9.80098984616e-20)
(50.917471729 8.19349111071 -6.05725351487e-20)
(50.5329062869 8.16672275429 -1.75472391192e-20)
(50.1452893144 8.12799835467 -1.13905276367e-19)
(49.7578693137 8.07165618701 1.73794289751e-19)
(49.3751136396 7.99380037413 7.79218784777e-20)
(49.0024145352 7.89257787497 0)
(48.6459280092 7.76733050329 1.92752676849e-19)
(48.3118236754 7.6184622231 9.79072691053e-20)
(48.0054910108 7.44726650606 -3.08968110662e-19)
(47.7307911961 7.25290948652 -2.5791168209e-19)
(47.4906929702 7.03016433622 -6.95728155263e-20)
(47.2911343849 6.77104491515 6.66251365442e-20)
(47.1436934706 6.46664489859 -1.46105378124e-18)
(47.0560236362 6.11085047167 1.89179163931e-18)
(47.0027596205 5.70746826151 -1.37305171805e-19)
(46.8982970401 5.26313185359 -6.23504716175e-19)
(46.6385048194 4.74118564266 -7.36370771145e-19)
(46.4267657079 3.8263038298 -1.92132385977e-19)
(46.3005021757 2.70981002778 1.71132262515e-18)
(48.7654133591 -2.15464810369 -4.87333006258e-18)
(51.2958604459 0.0335893834319 -7.46146618651e-19)
(51.2697822594 0.102036345421 -5.15346544098e-19)
(51.2080479331 0.170925814132 4.77658553445e-20)
(51.113303991 0.237501329817 1.06685592749e-19)
(50.9855191518 0.297604639344 1.74699483436e-19)
(50.8221054384 0.345440402506 -1.51316923573e-19)
(50.6187592329 0.37338242439 -4.27222281354e-19)
(50.3721148253 0.372738269549 7.11552124599e-21)
(50.0787464668 0.332009184197 7.74150527084e-19)
(49.7331306357 0.239728501687 -4.61680340799e-19)
(49.3296990369 0.0819432097036 -2.36943003857e-18)
(48.8625270171 -0.158051482957 2.331743481e-18)
(48.32542955 -0.500801242443 -8.5984444881e-19)
(47.7136230912 -0.973002492581 -6.02900769475e-18)
(47.023923229 -1.61095853686 6.18172185292e-18)
(46.2659972954 -2.46556976101 6.90507942478e-18)
(45.4444826591 -3.60654316339 -7.3814567215e-18)
(44.6681806483 -5.13523589099 9.89133700443e-18)
(43.8597152313 -7.17401461169 4.72475471045e-18)
(44.0749185529 -9.85119457181 8.22938491722e-18)
(51.2957640201 0.0404843934877 -6.94140284671e-19)
(51.2689170015 0.123324324095 -1.14592406857e-18)
(51.2050726297 0.207789410762 5.10604625873e-19)
(51.1069556632 0.290953552939 9.97583682647e-21)
(50.9744500315 0.368703228428 1.89850519278e-22)
(50.8045075928 0.435477426917 3.49724487873e-19)
(50.5928198664 0.483699147236 -7.69833319943e-20)
(50.3349687239 0.505787529148 0)
(50.0264003129 0.490335364789 1.26001522432e-19)
(49.6609621293 0.425821666553 -1.09422494138e-19)
(49.2310847892 0.298875264913 6.59241132795e-19)
(48.728379441 0.0932328227191 3.72688656692e-19)
(48.1433781536 -0.211508063199 -3.04245811807e-18)
(47.4665825954 -0.642273374215 -2.53188189691e-18)
(46.6882420248 -1.23721132104 2.97920784446e-18)
(45.8089116522 -2.05089410389 -6.36704174625e-18)
(44.8213631738 -3.16390565227 -1.11933751745e-19)
(43.8174736045 -4.69217801738 4.42356882458e-18)
(42.708144055 -6.80998746327 -1.17481098591e-20)
(42.4072458109 -9.79662839466 -7.48496693428e-19)
(51.2957382306 0.0486365116807 3.93179615245e-19)
(51.2684420348 0.147886705025 0)
(51.2029220346 0.249294767759 1.0570606221e-18)
(51.1019595244 0.350179686095 1.9325314552e-19)
(50.965436558 0.446745306775 1.64819424998e-22)
(50.7900092341 0.533815929206 -2.21350867163e-19)
(50.5710380367 0.604511811752 -5.38559970929e-19)
(50.3035234799 0.650958712206 1.17199086533e-18)
(49.9818178392 0.663390172444 7.21892013418e-19)
(49.5986046675 0.630325558762 -7.47918139855e-19)
(49.1446838826 0.539006761459 -1.37211415596e-18)
(48.6091343431 0.374027579584 -9.67429856054e-19)
(47.9790098657 0.115716254356 -1.38042637422e-18)
(47.2395295046 -0.262824425832 1.09973309595e-18)
(46.3734238467 -0.799365619022 -3.17431598769e-18)
(45.3694866669 -1.55152438219 1.99885729879e-18)
(44.2064235919 -2.60925511572 9.06530269928e-18)
(42.9420030331 -4.10117695676 -9.88503954911e-18)
(41.4686927784 -6.25553547472 8.97237750928e-19)
(40.5824911827 -9.41009890998 6.36006147578e-18)
(51.2956887106 0.0570138078098 -7.40668301875e-19)
(51.2679581317 0.172900660918 9.80985588814e-19)
(51.2010569746 0.291296185439 0)
(51.097788599 0.410071713257 7.20006752721e-19)
(50.9580153653 0.525838538056 6.89647396216e-19)
(50.7781257601 0.633843440268 1.07596434078e-18)
(50.5531479757 0.727776348268 -3.55792452178e-19)
(50.2775255412 0.800158498971 -1.63826881437e-18)
(49.9446558971 0.841949946706 9.83622645889e-19)
(49.5460659835 0.842659021604 1.57844404319e-18)
(49.0709219858 0.790437056499 1.38454029986e-18)
(48.5058382611 0.67111156155 -2.0545939342e-18)
(47.8341276553 0.466378141593 -1.01399257636e-20)
(47.0360889686 0.150761846633 2.03199462391e-18)
(46.0863819846 -0.312958445754 -3.23154140651e-20)
(44.9593158958 -0.980788441 1.86415454493e-18)
(43.6186600451 -1.94680928145 4.16064877427e-18)
(42.0736887261 -3.34865422508 -2.90967715466e-18)
(40.2227023516 -5.44159017836 8.30855007058e-18)
(38.5368270048 -8.63134144463 -2.39946357532e-17)
(51.2956355994 0.0654824845393 -2.02262307685e-20)
(51.2675379548 0.198276843089 -6.08359000618e-19)
(51.199623019 0.334047427666 -8.14729568625e-19)
(51.0946738705 0.471211749985 -2.63444986888e-19)
(50.9524979331 0.606798604791 -3.60223176852e-22)
(50.769275791 0.736499843628 1.04609861742e-18)
(50.5396961232 0.854622408214 3.56484840999e-18)
(50.257697965 0.954227741797 -6.69168029204e-19)
(49.9159005011 1.02716063725 -4.03329507324e-19)
(49.5047542246 1.06406678 1.17970770932e-18)
(49.011890119 1.05440578343 -8.02724699339e-19)
(48.4215720987 0.985699163984 -1.35436698739e-18)
(47.7136900535 0.841751896628 5.53878610684e-19)
(46.8628080549 0.599891510133 -1.17055309101e-18)
(45.8362256088 0.225270981495 2.03635229324e-18)
(44.5940487856 -0.33469402352 -1.49952929812e-18)
(43.0818920805 -1.17104557929 -2.79889192239e-18)
(41.2563177584 -2.42179821608 9.85429241245e-19)
(39.0079506142 -4.34611101524 -1.68024455471e-17)
(36.4768375604 -7.40628587273 2.37028159934e-18)
(51.2955981506 0.0740244537459 1.56938888539e-18)
(51.2672603669 0.223951377071 -2.48420442518e-18)
(51.1987260435 0.377379868547 1.23822126456e-18)
(51.0927430738 0.533233702689 -1.17875653431e-18)
(50.9490559753 0.689000999795 5.36646240198e-19)
(50.7636841131 0.840880570428 -1.74460790804e-18)
(50.5310341856 0.983817920627 1.22425665301e-18)
(50.2446181629 1.11163068379 2.09082660449e-18)
(49.8964064243 1.21714156716 -1.76798684797e-20)
(49.4759096921 1.29228977797 9.99635785817e-19)
(48.9693904928 1.3281552059 1.59642631681e-18)
(48.3590188212 1.31438130942 6.28683662429e-19)
(47.6214566079 1.23764253686 1.92150315515e-18)
(46.7264723532 1.07937253898 1.19850139189e-18)
(45.6335839419 0.809170212903 -3.00432187264e-18)
(44.2886350241 0.380539292895 -2.30423483224e-18)
(42.6208107134 -0.288505084633 2.78640584202e-18)
(40.53319352 -1.32632897199 -9.41207864695e-19)
(37.9041610885 -2.9719747259 -2.14530569653e-18)
(34.5236823788 -5.68805566069 -1.88461586373e-17)
(51.2955843208 0.082609594766 -6.55072759446e-19)
(51.2671625119 0.249783353954 6.28661265201e-19)
(51.1984211362 0.42101166854 9.1769597359e-19)
(51.0920768275 0.59571593403 1.20605846607e-18)
(50.9478205438 0.771885039096 4.69824456772e-22)
(50.7615606422 0.946278116217 -2.27205294495e-18)
(50.5274921787 1.11453422133 -2.585661603e-18)
(50.2387902731 1.27131193596 -9.31210743541e-19)
(49.8869141404 1.4105233555 6.3493408351e-23)
(49.4606167856 1.52555750003 -1.79398138642e-18)
(48.9450365684 1.6093866869 -1.43555542837e-18)
(48.3206065227 1.65419960007 1.98589784774e-18)
(47.5615339325 1.65017345723 1.44433767323e-19)
(46.6326353809 1.58355632851 -1.36517283368e-18)
(45.4869954136 1.43065166188 1.70403472262e-18)
(44.0586596178 1.15484733463 1.90503111778e-18)
(42.2599032012 0.688570908821 2.20947439673e-18)
(39.9483091236 -0.0767708285479 -9.14828932469e-18)
(36.9852271523 -1.34800046557 6.10309592796e-18)
(32.8520209652 -3.51858796865 2.54737721721e-17)
(51.2955970603 0.0911934560167 -1.932963308e-18)
(51.2672620247 0.27561507365 1.53754708951e-18)
(51.1987440172 0.464660577933 -4.06158727078e-18)
(51.0927353292 0.658251516268 -1.23772591125e-18)
(50.9488928416 0.854899776282 -2.55300568083e-18)
(50.7630657924 1.0519676961 -4.28830251817e-20)
(50.5293143413 1.24581660492 -3.6777716661e-18)
(50.240584881 1.43201507015 -1.72784268987e-18)
(49.8879856002 1.60566532796 2.11534175438e-19)
(49.4597274591 1.76173719563 8.35515804027e-19)
(48.9401232521 1.89531716875 -3.73560632731e-21)
(48.308313254 2.0014780759 -1.05454308795e-18)
(47.5364012679 2.07443642824 4.72782816829e-20)
(46.5859826593 2.10569590375 -4.30684576221e-18)
(45.4048924355 2.08136696947 -2.65793164335e-18)
(43.9169216326 1.97609548691 2.42865588953e-18)
(42.0218523547 1.74173246048 -3.78098108704e-18)
(39.5371335838 1.29881092371 -9.95553604801e-19)
(36.3148768296 0.490610687064 2.22906429651e-17)
(31.6021711486 -0.975056924282 -3.06005151773e-17)
(51.2956376895 0.0997251554892 2.10420454429e-18)
(51.2675684032 0.301285497154 6.63368616522e-20)
(51.199717367 0.508043204494 -1.62278031264e-18)
(51.0947568429 0.720422286209 -1.11250490856e-18)
(50.9523362908 0.937470127232 -2.55437064899e-19)
(50.7682990558 1.15717739907 1.79996892068e-18)
(50.5366538376 1.37664641436 5.35045852229e-19)
(50.2502438677 1.59241313006 8.5701148754e-19)
(49.8999986062 1.80083618323 -3.77311842929e-18)
(49.4738291677 1.99855755851 2.83452191347e-18)
(48.9555700743 2.18293355185 5.62510555363e-19)
(48.3235844094 2.35217856763 4.64290878851e-18)
(47.5487072813 2.50496685244 1.82049767873e-18)
(46.590467345 2.63939206435 2.81248013102e-18)
(45.3932117564 2.75097080144 -5.05687377902e-18)
(43.8738911091 2.8289806088 -1.75135737545e-18)
(41.9233829251 2.84847087145 -1.90551162595e-18)
(39.3337612611 2.76548356805 -7.92923391921e-21)
(35.9474845105 2.48695278149 3.59236956675e-18)
(30.86129044 1.83741913316 -1.05794362399e-17)
(51.2957067588 0.108151284761 -4.32797194995e-19)
(51.2680858211 0.32663098786 3.47037716648e-18)
(51.2013509085 0.550872256181 2.82744035205e-18)
(51.0981573155 0.781800304358 7.800608561e-19)
(50.9581754978 1.01900814087 4.38135547929e-18)
(50.7772977618 1.26111426154 2.15418071541e-18)
(50.5495726673 1.50598202389 3.74975991901e-18)
(50.2678733106 1.75114267712 8.22797434019e-19)
(49.9231296844 1.99424205823 -1.93926096397e-19)
(49.5032158159 2.23364049636 -2.40276593852e-18)
(48.991869712 2.46904901426 -2.24243802032e-18)
(48.3672564598 2.70196996304 9.27281684735e-19)
(47.5998463287 2.93578778561 4.80743754946e-18)
(46.6484241318 3.17552561639 -2.32148001884e-19)
(45.456034388 3.4269576006 3.88155764455e-18)
(43.9365128465 3.69540421488 -8.32682286697e-18)
(41.9773514371 3.9813568185 -2.92518400133e-18)
(39.3566413606 4.28155340526 -6.53225514402e-18)
(35.915084729 4.56639872038 1.29111038092e-17)
(30.6755758039 4.79833202362 -2.1589261853e-17)
(51.2958042291 0.116417721691 -1.53555040507e-18)
(51.2688139615 0.351487028339 -8.52253335417e-20)
(51.203641808 0.592860266921 8.32717812806e-19)
(51.102930082 0.841957386745 -3.07540304597e-19)
(50.9663959023 1.0989198607 -2.15078455368e-18)
(50.7900370093 1.36298156415 3.04193910489e-19)
(50.5680384219 1.63277623781 1.04828588315e-18)
(50.2934354601 1.90682556036 4.96053685767e-19)
(49.9573417053 2.18406068151 1.96285844615e-18)
(49.5478661968 2.4645559968 -4.97719727889e-18)
(49.0490504131 2.75038092083 -3.52537869119e-19)
(48.4394660087 3.04634982236 -1.34906510937e-18)
(47.6901499625 3.36059184282 5.75590597563e-18)
(46.7606043186 3.70509903402 6.32769858763e-19)
(45.5948890264 4.09623374472 1.23887735166e-17)
(44.107800935 4.55560342257 -2.29798640483e-18)
(42.1891272345 5.11030711175 -3.7764969762e-18)
(39.6159165141 5.79810604261 -9.47493443014e-18)
(36.2362403924 6.65975862371 -1.40555105819e-17)
(31.0687372205 7.79221239601 9.30567731335e-18)
(51.2959295214 0.124470879944 2.13097221227e-18)
(51.269748452 0.375691078985 -3.75969814868e-18)
(51.2065754886 0.633722798959 -7.56215582272e-22)
(51.1090439498 0.900481176458 -1.1972255899e-18)
(50.9769423187 1.17662621577 -3.13239843127e-18)
(50.8064300658 1.46199844314 -4.72633107226e-18)
(50.5919232192 1.75599445125 -2.82810021056e-18)
(50.32674683 2.05809627239 2.96774914077e-18)
(50.0023797543 2.3684839505 -4.62952658987e-19)
(49.6074311427 2.68889135235 -3.53061068935e-18)
(49.1266507654 3.02365718374 4.59941268286e-18)
(48.5396235057 3.38079935463 -6.70965933571e-18)
(47.8188518011 3.773032057 -3.5960533871e-18)
(46.9260298403 4.21902707447 4.19774696634e-18)
(45.8085380764 4.74538829818 1.04083234e-17)
(44.3862978577 5.38928127234 1.07657175768e-17)
(42.5568771592 6.20386257656 -3.47570057932e-18)
(40.1107885629 7.2655780396 -2.78319771821e-18)
(36.9088475462 8.68852172863 -2.92677200408e-18)
(32.0480391918 10.6918845969 3.61544927117e-17)
(51.2960814621 0.132259083114 0)
(51.2708802504 0.399085712007 0)
(51.2101299702 0.673184090975 1.92404100065e-18)
(51.1164496287 0.956948022647 -2.45138312794e-18)
(50.9897189814 1.25155201097 2.02126234757e-18)
(50.8263256937 1.55740762767 -1.3236785157e-18)
(50.6210017814 1.87463563027 -3.89225167285e-18)
(50.3674796519 2.20363286448 -2.1697669678e-18)
(50.0577754113 2.54575997916 -1.04264943749e-18)
(49.681243421 2.90431096564 1.30787331174e-18)
(49.2237254883 3.28572442274 8.30687612196e-18)
(48.6663982856 3.70096203536 1.47980872972e-18)
(47.984058295 4.16696735509 -6.84455696956e-18)
(47.1419739101 4.70848841766 5.5121381443e-18)
(46.0929569637 5.36140799549 -1.83940643258e-18)
(44.7660358849 6.17672784969 1.26111326194e-18)
(43.0713663108 7.23135045144 1.46284699859e-18)
(40.8282029027 8.63509874747 -3.40165604944e-20)
(37.9111751508 10.5728081175 -1.1935986992e-17)
(33.5957927504 13.3678182958 -1.5788412227e-17)
(51.2962581648 0.139733875747 -1.13483997021e-18)
(51.2721957668 0.421522242299 0)
(51.214259501 0.710981357732 1.48139768469e-19)
(51.125067248 1.01096742042 -6.1580356941e-19)
(51.0046033431 1.3231590319 -6.37085710565e-18)
(50.8495217796 1.64849099028 2.64017082869e-18)
(50.6549599852 1.98775170441 7.21361411534e-19)
(50.4151699378 2.34218749876 3.03214522859e-18)
(50.1228573554 2.71423803679 -4.44976918307e-18)
(49.7683463483 3.10860870675 1.80182172453e-18)
(49.3388983901 3.5336163689 -5.54714820956e-18)
(48.8177751501 4.00278759057 7.39517448403e-18)
(48.1828190659 4.53672212101 -1.32247283432e-18)
(47.4040737336 5.16535564373 -6.58371690918e-18)
(46.4415036133 5.932362486 -3.47033418076e-19)
(45.2367767987 6.8999758836 1.91447943067e-18)
(43.7161594646 8.16477441088 1.10556974269e-17)
(41.7428338674 9.86196659881 1.22581569779e-17)
(39.2011297637 12.2372775538 2.9945067538e-17)
(35.6579754612 15.6910368739 1.3023646755e-17)
(51.2964568947 0.146852028481 1.38398648572e-18)
(51.2736753656 0.44286226731 -3.80626794272e-18)
(51.2189173698 0.746868303169 2.145944559e-18)
(51.1348042778 1.06219329094 1.10687325671e-18)
(51.0214295086 1.39095861039 -2.46107633526e-18)
(50.8757552291 1.73458211929 -7.59785158031e-19)
(50.693399736 2.09446165542 3.59198599555e-18)
(50.4692301254 2.47260753961 9.04943344824e-19)
(50.1967710004 2.87240662445 5.45917657532e-18)
(49.8675112798 3.29977840025 -1.27185444917e-18)
(49.4703957469 3.76463972653 -9.81568824041e-18)
(48.9911578651 4.28263894823 4.23055627893e-18)
(48.4112906782 4.87729352081 5.84407699405e-18)
(47.706547536 5.58257049916 -2.5041954272e-17)
(46.8452827127 6.44803034833 -2.2295599369e-17)
(45.7845401076 7.54388588399 9.88727397254e-18)
(44.4687024949 8.98076331909 1.18737124694e-19)
(42.8175941591 10.9092873128 -5.36389296794e-19)
(40.7180420083 13.6188185312 7.75190557737e-17)
(38.1183735368 17.5417452576 2.66857475542e-17)
(51.2966730876 0.153579903653 4.49637743836e-18)
(51.2752914733 0.462975713543 2.66156807542e-18)
(51.2240414842 0.780610574033 -8.82372411651e-20)
(51.1455464375 1.11028528251 9.69851334995e-19)
(51.0400007787 1.45450090955 6.55353414464e-18)
(50.9047134092 1.81508805234 -2.38786639104e-19)
(50.7358490565 2.19398450084 -6.00719678866e-18)
(50.5289656787 2.59386899342 -6.75933823377e-18)
(50.2785067351 3.0189255287 5.25781884115e-18)
(49.9772721575 3.47606306362 3.78385785005e-18)
(49.6160927275 3.97646101016 2.11300033988e-18)
(49.1834606363 4.53739207827 -2.06812174556e-18)
(48.6649089001 5.18447591096 9.99221174665e-18)
(48.0424970553 5.95438492443 8.86419356361e-18)
(47.2936657375 6.90034413445 -2.99958172418e-18)
(46.3925140067 8.09702323237 -2.44794675945e-18)
(45.3017435755 9.66199865006 -2.76662321252e-17)
(44.0069291617 11.7521542953 -1.78432972743e-17)
(42.3807680936 14.6703565678 -7.11303217501e-18)
(40.8380911832 18.8600919025 -2.80446354767e-17)
(51.2968963541 0.159904204674 -1.50959760702e-18)
(51.2769953283 0.481747782391 4.17869371109e-18)
(51.2295526934 0.811981793434 -4.78413104123e-19)
(51.1571663647 1.15491771574 2.28534066134e-18)
(51.0600980763 1.51335834617 -1.68009539899e-19)
(50.9360412729 1.8894674413 -2.02837486218e-18)
(50.7817685314 2.28564573118 2.61502216777e-19)
(50.5935836839 2.70512609396 -5.32985433351e-18)
(50.3669161249 3.15271901348 -2.89432284182e-18)
(50.0959703739 3.6360824956 -5.72294851174e-19)
(49.773596231 4.16728430804 6.72181411528e-19)
(49.3912162931 4.7646879653 -5.10501229613e-18)
(48.9385784188 5.45516485407 -1.29506467374e-17)
(48.4042606531 6.27671872785 2.02385722077e-17)
(47.7749724331 7.28387437448 1.53604443891e-17)
(47.04201257 8.55230093233 1.05235718807e-17)
(46.1864418166 10.1985752211 1.28577425565e-17)
(45.2558157157 12.3786441114 -1.12436002575e-18)
(44.1293905079 15.370038062 -2.64639194734e-17)
(43.5061119692 19.6393603651 -2.60286532151e-17)
(51.2971005079 0.165844436206 -3.51361662235e-18)
(51.2786859895 0.499130161967 -4.2789566209e-18)
(51.2353242755 0.84087345232 2.26598902932e-18)
(51.1694961987 1.19587316516 3.30569141425e-18)
(51.0814704253 1.56714448095 1.5353681529e-19)
(50.9693615436 1.95714400145 2.43121834434e-18)
(50.8305963704 2.36868278187 2.98151004523e-18)
(50.662253761 2.80542391144 3.06491618752e-18)
(50.4607865222 3.2726163196 1.56865889977e-18)
(50.221848472 3.77842040021 -3.77490843486e-18)
(49.940369284 4.33540049753 -2.94272582705e-18)
(49.6107516483 4.96249157209 8.57262562895e-18)
(49.2269285823 5.68697000053 -1.49699780544e-17)
(48.7838242508 6.54684276523 -7.36481468474e-19)
(48.2771278155 7.59570637454 -5.69283376248e-19)
(47.7139147388 8.90699344515 -1.02910130832e-17)
(47.0934183591 10.5893723626 2.84196892862e-17)
(46.511591212 12.7890663709 1.51743606682e-17)
(45.8824527813 15.7381159952 -2.50751457837e-17)
(46.0486622571 19.8748900066 2.06396615289e-17)
(51.2972445042 0.171334617206 -2.70113324731e-21)
(51.2802343229 0.515000222982 -3.00424854878e-18)
(51.2412083001 0.867296679313 -1.67582630809e-18)
(51.1823078298 1.23336095827 1.03194082011e-19)
(51.1037743707 1.61620345809 4.23065209527e-18)
(51.0042011133 2.01850538964 2.94600943742e-18)
(50.8816870492 2.44345964392 1.1021049845e-18)
(50.7340737744 2.89505725448 7.97297034429e-18)
(50.5588445607 3.37880154824 -2.15794035947e-18)
(50.3530978216 3.90310966477 -2.40323170704e-18)
(50.1138407648 4.48063085315 -4.68953220305e-19)
(49.8383931026 5.13043230777 8.62025564963e-18)
(49.5246478133 5.87934364161 8.12172093189e-18)
(49.1733867743 6.76409980335 -9.62202398893e-18)
(48.7885351599 7.83541130045 3.57139882981e-19)
(48.3905450122 9.16151729725 -2.57714162738e-17)
(47.9947490025 10.838245518 -1.16934969041e-17)
(47.7329221186 12.9916410346 1.34215071295e-17)
(47.5531135174 15.8033478037 -1.60923045421e-17)
(48.4307095226 19.594729855 9.3060152883e-18)
(51.2973510062 0.175721199766 -6.68722014118e-21)
(51.281766854 0.527940547981 -6.0973882954e-19)
(51.2474387668 0.889226960864 -2.49747906646e-18)
(51.1957894956 1.26487070552 -1.72662676977e-18)
(51.1270364429 1.65778102569 1.25768015532e-18)
(51.0403708355 2.07073080216 -3.2060294972e-18)
(50.9345932655 2.50716429166 4.39697096152e-18)
(50.8082636744 2.97128621795 5.18784312233e-18)
(50.6598683387 3.46872769088 -1.12103568971e-18)
(50.4878848908 4.00797212703 -1.83353204102e-18)
(50.2913710512 4.60131985595 1.46844403499e-19)
(50.0703985407 5.26788784061 -1.13539079755e-18)
(49.8263847691 6.03345450481 1.16843667803e-17)
(49.5652639372 6.93264671147 -6.23111928331e-18)
(49.2980734858 8.01214673242 -4.09050112989e-18)
(49.0559094741 9.33353562188 2.4048797553e-18)
(48.8653251379 10.9774060941 -1.4189877097e-17)
(48.8870939239 13.0454155938 9.16367837977e-18)
(49.0539043872 15.6732767912 -7.45118151914e-19)
(50.685957746 18.8992385704 -1.32908449576e-17)
(43.6841630356 -12.0940126052 -8.21592549967e-18)
(42.7646548176 -13.3530249572 6.47612120001e-19)
(41.7472709898 -14.7280832185 -5.60928881774e-18)
(40.5818394471 -16.3752806464 -2.65445056454e-18)
(39.3066224169 -18.3018369638 -1.6464379065e-17)
(37.7009805326 -20.6129010228 -2.78219045942e-18)
(35.910730356 -23.7691035363 8.65841487734e-18)
(32.9262314554 -27.8080792318 -1.00150816384e-17)
(28.9543895981 -35.5252358205 -1.04627052342e-16)
(22.0368430576 -41.6996446911 2.8426492864e-16)
(41.6111320167 -12.1724898732 9.55249889329e-18)
(40.544799899 -13.4046644558 5.96028945946e-18)
(39.3831636465 -14.8067437116 0)
(37.9301345145 -16.4507947859 -2.04574516051e-18)
(36.3458430622 -18.4095146095 1.16571112923e-17)
(34.3396336225 -20.8493531664 7.09973724766e-18)
(31.8189960523 -23.995615932 3.79585155499e-17)
(28.0106940711 -28.0605267885 8.45474374932e-18)
(21.7004820183 -32.2075407135 6.92970395838e-17)
(7.94775203751 -35.1817412297 2.75891757239e-17)
(39.2572664516 -11.9176971158 -5.41727576739e-18)
(37.8664183354 -13.0371286444 -6.19448607788e-18)
(36.4553806339 -14.4142555303 1.04400175613e-19)
(34.6701359617 -15.9629347316 -5.13161950208e-18)
(32.6280879391 -17.7923743296 1.67190312793e-17)
(30.0215963172 -19.9979427915 -4.76328302841e-18)
(26.6994396385 -22.5301213732 -1.85662044889e-17)
(21.8614298806 -25.4033013602 2.07429593021e-17)
(15.1200640824 -27.3120263416 6.22674967704e-17)
(5.17789386912 -26.6541211876 -3.50066585209e-17)
(36.7152492207 -11.1521079543 -1.12712937284e-18)
(35.0483898757 -12.1594734505 -1.63792844965e-18)
(33.3218698489 -13.3860037226 -5.12259076322e-18)
(31.2897233918 -14.7486450732 -5.98221635976e-18)
(28.8436670382 -16.2792926956 -1.74717146236e-17)
(25.8380947633 -18.028803905 -1.10263726336e-17)
(22.0895444124 -19.8136802872 2.97718152975e-18)
(17.1342289439 -21.6356595582 2.509643889e-17)
(10.9418840564 -21.9077196872 -2.09833694678e-17)
(3.223462928 -17.158035774 -6.55799404841e-17)
(34.0570350157 -9.78388787766 -1.15834441615e-17)
(32.2193366236 -10.6519356395 -1.97032547223e-17)
(30.2573236492 -11.6341381974 -7.21653377701e-18)
(28.0161622487 -12.7245690442 -1.87025604949e-18)
(25.3386637228 -13.8844002229 3.29021808649e-18)
(22.1441245402 -15.1011597744 3.51546670323e-17)
(18.297624134 -16.2152522119 6.71095538961e-18)
(13.6329933178 -17.1068760204 -5.09319505979e-17)
(8.36213903474 -16.4958324303 -5.05850259619e-17)
(2.69726408072 -13.8103638665 -1.57521112367e-17)
(31.5573028417 -7.76925317891 -2.45087991564e-17)
(29.605459011 -8.43483040433 -7.59785931301e-19)
(27.5088786052 -9.16792965132 2.98027882217e-17)
(25.144874843 -9.9522371238 1.46775982615e-17)
(22.389448631 -10.7477168016 -1.00410147811e-17)
(19.1833911245 -11.4994554068 -2.54590070092e-18)
(15.4810322824 -12.1105141564 -2.37690004833e-17)
(11.2331276828 -12.4017599325 -7.11208051867e-18)
(6.67053301416 -11.6572603439 5.62285487151e-18)
(1.8802596305 -7.59354114204 8.48842625487e-18)
(29.4324703315 -5.15487910115 -8.22597833119e-19)
(27.4258729993 -5.60863282407 7.13001622106e-18)
(25.2671511784 -6.09378551396 2.92568902098e-17)
(22.8639853726 -6.59317879256 9.9140845692e-19)
(20.1211191896 -7.0701806868 -1.68669835e-17)
(17.0017779027 -7.47780806526 2.06098227784e-18)
(13.4937013015 -7.75113210141 -2.44936756749e-18)
(9.57725399516 -7.77094618025 4.20166300931e-18)
(5.422344312 -7.07598650505 1.17880559467e-17)
(1.05544566024 -4.27380494937 -3.89957266861e-18)
(27.8483060816 -2.06536639324 2.0223569504e-17)
(25.8235850048 -2.31805478003 5.53805783042e-17)
(23.647983072 -2.5787514153 -9.19325114355e-18)
(21.2512204066 -2.8369902955 -4.89385278301e-17)
(18.5577458575 -3.06668469772 1.61426057555e-17)
(15.5415862434 -3.23669970083 6.62790478802e-18)
(12.1979392842 -3.30728917603 -2.85330926117e-17)
(8.51346227923 -3.20215546695 4.25455281659e-18)
(4.6378374202 -2.65704739411 8.48078177755e-19)
(1.07392396226 -0.859341223733 3.26667753184e-16)
(26.8981162925 1.34887213767 2.52501528746e-17)
(24.8700595684 1.27780502742 6.58839444215e-18)
(22.6959321414 1.21164188456 -5.4890567473e-17)
(20.317693999 1.15049657097 -1.29566099724e-17)
(17.6716342685 1.10747025085 3.58699224654e-17)
(14.7388727439 1.09792310729 1.84378888675e-17)
(11.5243757751 1.14191095691 -4.83123781176e-18)
(8.01225390414 1.27059841246 -1.4516153589e-17)
(4.27379753829 1.45315993538 7.25642083982e-18)
(0.942429798381 0.922179350215 -2.77842785201e-16)
(26.6178297649 4.9401351466 1.94264280222e-17)
(24.5843748094 5.03754838595 3.84670058974e-17)
(22.4111777026 5.14587124893 2.81101852147e-17)
(20.0406516528 5.25332897243 -1.47142889026e-17)
(17.4127993658 5.35923701194 -2.40043975518e-17)
(14.5120645884 5.46395362078 7.37045430925e-18)
(11.3446003238 5.56945180155 8.74251660303e-18)
(7.90025344783 5.66351077448 -3.63403155607e-18)
(4.23308469449 5.52815199863 3.02818891871e-19)
(0.909179552121 3.7654165238 7.57995327131e-18)
(27.0246491408 8.57380431817 -1.86109793859e-17)
(24.9754157275 8.83866491554 -3.409248643e-17)
(22.7919448839 9.11888132383 -3.13861175601e-18)
(20.405687689 9.39070809594 2.74983902344e-17)
(17.7544691885 9.63956398404 1.85835073108e-18)
(14.8259823496 9.85054127496 4.57604323447e-18)
(11.6292707734 10.0073735586 2.83221739345e-18)
(8.15923117025 10.0611221767 -1.30256356763e-18)
(4.47633282179 9.61540085848 -3.44986398005e-19)
(1.13561988044 6.56207381677 1.52968376946e-18)
(28.1385518547 12.1135887106 -1.36134642446e-17)
(26.0632539947 12.5620715305 1.33266942089e-18)
(23.8565681166 13.0330611307 -2.42597241451e-18)
(21.4298901449 13.4914813656 -3.01304112074e-17)
(18.711745703 13.9079019624 -1.95266876414e-17)
(15.6904719438 14.2501641456 4.49601328829e-18)
(12.3759069985 14.4803306551 1.24178062287e-17)
(8.76021829203 14.5122045285 -2.7504561767e-19)
(4.95805209317 13.7741023504 -1.48143816667e-17)
(1.24841918201 9.60559221433 1.56985699831e-19)
(29.9548866648 15.4047641933 1.27766694009e-17)
(27.8559860223 16.065326687 -1.0109940046e-17)
(25.6289996267 16.7660374039 1.82497489271e-17)
(23.1524442903 17.4577292399 2.48497778197e-17)
(20.3375002956 18.1006703993 -8.84563346925e-18)
(17.1676168439 18.6408536899 -2.48321132326e-17)
(13.6486644162 19.0114315746 -5.56624417408e-18)
(9.76863663803 19.0799497791 1.97287121471e-17)
(5.7645331274 18.0590139486 1.48935603105e-17)
(1.78318610113 12.5633991544 1.60505835387e-17)
(32.4348667172 18.2709498638 1.96099207198e-17)
(30.3402968222 19.1669331851 2.40561793916e-17)
(28.1269273909 20.1647723397 -5.48643922392e-18)
(25.6168847957 21.1483722914 9.08664497298e-18)
(22.7129497205 22.1077726303 2.3073999038e-18)
(19.3695587744 22.9580068291 -1.83175028821e-18)
(15.5706719563 23.5853551996 6.06881707637e-18)
(11.2420744169 23.8632472061 -1.55321215365e-17)
(6.72851040701 22.630941173 6.54240875808e-18)
(1.93539503761 18.5226484438 1.0688932729e-17)
(35.450479189 20.5460712005 -1.15669941431e-17)
(33.4546009127 21.6653791311 1.71804544453e-17)
(31.3345266792 23.007486019 4.92497724842e-18)
(28.8196750614 24.345081115 -5.73646845216e-19)
(25.9050882075 25.7287298158 2.38794352383e-17)
(22.4173120332 27.0465531461 -1.75725729416e-17)
(18.3667624803 28.12394486 -2.30119165839e-18)
(13.5040115673 28.8926197573 -5.3913183956e-18)
(8.29590870748 27.7265633937 -1.68705705446e-17)
(2.66877555624 18.854744422 -4.65553108645e-17)
(38.7540538193 22.0913792713 -9.62073037239e-18)
(37.0164254549 23.5150409323 -1.01626380055e-17)
(35.0963166768 25.1201804942 -2.79475356557e-18)
(32.6677115605 26.8344277845 -1.50483086008e-17)
(29.8809495884 28.7007615454 6.96489926182e-18)
(26.3644772304 30.6167495237 2.05391654753e-17)
(22.2078173733 32.3784753429 -2.26373580536e-17)
(16.7242714448 33.8478278149 -5.22561933079e-17)
(10.4694568967 32.9784899118 6.4840749156e-18)
(3.61052740433 32.4422995525 -3.27187138706e-18)
(42.3169349102 22.8653720924 3.46342572356e-18)
(40.8637562931 24.5609610389 1.0574983652e-18)
(39.0707843099 26.3797205989 5.63218279305e-19)
(36.9492582873 28.444284359 1.81216330872e-18)
(34.437347695 30.747653718 -2.95586869145e-17)
(31.1155043639 33.293393425 -3.33165275982e-18)
(27.0205660068 35.9412677511 7.86488020779e-18)
(21.1452973226 38.4797364552 -5.00363417274e-17)
(13.9662321339 39.1443603989 -7.97408046981e-17)
(4.53722741631 28.1016472284 5.9050742459e-17)
(45.7124657887 23.0114781864 -5.09231411857e-18)
(44.557264102 24.7689567997 -2.21698491003e-19)
(43.0485610474 26.7657836708 -2.31494521808e-18)
(41.3047753601 29.0813638009 2.79274616934e-19)
(39.1858213103 31.7133199567 -7.98325088655e-18)
(36.3825970879 34.8097032633 -7.16017373172e-20)
(32.8075738613 38.4052113548 8.73148686598e-18)
(27.0541877483 42.2408189589 1.7101433463e-17)
(19.1683724284 44.4039407659 -2.56069312871e-17)
(6.85271862614 52.7966532891 -1.17499358008e-16)
(48.6992127166 22.6177374661 -1.38291275013e-18)
(47.8592549729 24.3749668042 -3.5784616787e-18)
(46.7628737672 26.4015937765 3.86846035562e-19)
(45.4205483919 28.7654355599 -3.80108323673e-18)
(43.8114598114 31.5191353529 9.74397392017e-18)
(41.7226811426 34.8128719226 -3.17020807334e-18)
(39.1148607099 39.1221108158 -3.49193767177e-17)
(35.1798049982 45.1417013602 2.63853497797e-17)
(27.540899518 50.6073052543 1.13672672041e-16)
(9.74837847584 43.7546970015 -3.18081890881e-17)
(51.2282675335 21.7513426713 3.22710763168e-18)
(50.4275059165 23.488015046 0)
(49.4960081224 25.4471863638 2.59520337914e-18)
(48.350076906 27.6816473082 -1.24073567404e-17)
(47.1764536452 30.4301721209 1.32109909335e-17)
(45.8558855794 33.636514653 3.21772940423e-18)
(44.1347200475 37.2376235071 1.20045331948e-17)
(41.3656705601 43.14429073 6.94906193316e-17)
(38.6971851167 54.3347801459 -8.43184177397e-17)
(18.3723326115 82.7687928723 6.30598391416e-17)
(44.8469576363 -12.649030907 -8.13137193901e-18)
(45.3318203985 -14.5108546082 7.94627781169e-18)
(46.0238682165 -16.4722187864 -5.36268031764e-18)
(47.2489494885 -18.2318092601 -2.67642314205e-19)
(49.1764146955 -19.4699114071 -1.35032132248e-17)
(51.6044546656 -20.23387555 -3.30154826753e-17)
(54.1466313373 -20.4791421043 1.53758938118e-17)
(56.4392410739 -20.2897867172 3.38311064818e-19)
(58.3698521773 -19.8379037213 -7.08071654206e-20)
(59.8248218534 -19.0428368263 1.6599091121e-18)
(59.831457079 -17.8666485048 -6.82555118227e-18)
(58.6966114279 -16.4332719145 -5.65920968361e-18)
(56.1615005679 -14.800607118 1.27685046625e-17)
(52.5836367471 -13.1587911065 -4.09451998945e-18)
(48.3003875716 -11.6748636591 -2.58293842249e-18)
(43.8172898939 -10.5328809343 9.07207901002e-18)
(39.5824037464 -9.75389059268 -8.64239128891e-19)
(36.4920029001 -9.20832217932 -1.46025614474e-17)
(34.3637522354 -9.03577373267 -1.25625409921e-18)
(35.3951758517 -6.2919851073 4.67372822674e-17)
(44.0247331349 -14.0775785702 -1.06542045429e-17)
(44.5832291266 -16.1602694572 -1.19312525347e-18)
(45.5119123075 -18.1688481476 2.54956837641e-18)
(47.1283092144 -19.8503106308 8.68759648216e-18)
(49.5090745209 -21.0696519832 -2.45714920811e-17)
(52.3198412594 -21.7471554803 1.2865803981e-17)
(55.0124621529 -21.806104384 4.46353329958e-17)
(57.2593523503 -21.3847401305 -1.99391169392e-17)
(58.9529525336 -20.5228159911 2.0649617182e-17)
(58.6965369467 -19.0946048694 -4.49138704784e-18)
(57.1529679431 -17.1927011844 -1.60602261069e-17)
(54.1538942231 -15.049348598 1.16788503854e-17)
(49.9547279374 -12.8235961819 3.75650987966e-18)
(44.9244574169 -10.7457348919 -4.95863296668e-18)
(39.5006761312 -9.04346982017 1.23122079544e-18)
(34.2285323592 -7.90539584471 -8.73994789883e-19)
(29.730635766 -7.50943626681 7.7086356325e-18)
(26.9956718169 -7.70651985802 -6.05860140303e-18)
(25.6371011644 -8.65780293607 -5.34707787276e-18)
(28.3422209583 -7.0777508349 1.18314848575e-17)
(43.1059042494 -15.5023882472 -2.15978898205e-19)
(43.8040023706 -17.663292712 1.27745891764e-17)
(45.0200623729 -19.6280447162 -1.88236381584e-18)
(47.1374588487 -21.3806662662 -2.33379180474e-18)
(50.1757041579 -22.7887382669 -5.53964686693e-18)
(53.2979142958 -23.390113481 4.32043345726e-17)
(55.8676250027 -23.1188054323 -1.9865013299e-17)
(57.7720221314 -22.1418545748 -1.68241932716e-17)
(57.265538396 -20.390729164 3.49520012858e-18)
(55.0965631548 -17.9780413619 -3.79863443533e-17)
(51.245676044 -15.2765597391 -1.06067574247e-18)
(46.1428092586 -12.5245376774 6.26745167629e-18)
(40.3543138302 -9.92207681456 -2.02032090532e-17)
(34.3847261944 -7.69330002617 1.38697314426e-19)
(28.6985319773 -6.0654030789 0)
(23.5061514939 -5.17624743995 1.44084691312e-19)
(19.8518695126 -5.39788740403 1.80180464355e-17)
(18.4058173151 -6.59244321432 2.45186354264e-18)
(18.3899189724 -8.8258345702 1.29215012355e-17)
(22.2920106836 -8.48292944606 -3.93324535167e-17)
(42.1057801862 -17.202059165 -5.55786780516e-19)
(43.0083622171 -19.5151144667 -1.07049341883e-18)
(44.7016403598 -21.6180026364 -5.31947813505e-18)
(47.6535730584 -23.6448234303 -2.06729608995e-17)
(51.2734712537 -25.0796719006 -1.74045589745e-17)
(54.0371646489 -25.1312149726 -4.80186402594e-17)
(56.1444613595 -23.959325255 -3.1176228085e-17)
(55.2607845284 -21.7145511184 2.64527842082e-18)
(52.2426494925 -18.6456171317 -3.42748057855e-17)
(47.3848219072 -15.2559432672 -1.37496989065e-17)
(41.3468028413 -11.9451109744 1.58276659801e-17)
(34.9058562086 -8.94532018597 -1.76695915725e-17)
(28.6725246751 -6.40795969585 6.46081924026e-20)
(23.0460005279 -4.43275463252 2.20276247119e-18)
(18.2359553923 -3.15136514721 1.32978523266e-18)
(14.2067823185 -2.78639792408 -1.20910476047e-16)
(11.6606263115 -3.61718027828 -8.7048382902e-17)
(11.5842550123 -5.78212210922 1.32440911041e-17)
(12.4687875443 -9.02003138818 -6.77332757802e-18)
(16.2835696875 -9.38220139806 1.51031343402e-17)
(40.9417067092 -19.0195330168 -1.66954441569e-17)
(42.2524327857 -21.4173357759 3.14673426811e-18)
(44.9489343316 -24.1520318156 -8.4471028169e-18)
(48.7389170237 -26.6910272401 -3.33100108732e-17)
(51.8759109194 -27.2927990879 1.50029722689e-17)
(53.6156382317 -25.8909231072 -5.84304841431e-17)
(52.5016592963 -23.0018113904 1.81022120517e-17)
(48.3755011933 -19.0183986252 -2.1050642586e-17)
(42.2871456869 -14.7863924997 -5.11977682924e-18)
(35.3160718118 -10.8745841616 9.61336689151e-18)
(28.3835085409 -7.59333763312 5.31919639724e-18)
(22.1746214656 -5.0163699624 3.74812273723e-18)
(16.9913225883 -3.06343240763 2.35948893291e-18)
(12.8813087023 -1.68095737501 2.55467377495e-18)
(9.65919492251 -0.893834672913 2.51909896706e-20)
(7.20964605431 -0.953197762092 4.83088998945e-18)
(5.77224582305 -2.3371083472 4.73082658494e-18)
(6.3058656551 -5.0035075901 -9.1702939476e-20)
(7.38146451465 -8.85998494408 6.32837518067e-18)
(10.3184648051 -9.77021259875 -4.57343880876e-17)
(39.8161727248 -21.2060178315 -3.84331513625e-18)
(41.9535062073 -24.5034837519 4.28582155164e-18)
(45.5691075965 -28.0809827713 -1.81433438061e-17)
(48.905130605 -29.5327973446 3.43483263186e-17)
(50.2577950415 -27.8824377827 1.6932392496e-17)
(48.4841064962 -24.0879363175 6.96465660203e-18)
(43.1090745252 -18.9641635166 2.43512219128e-17)
(35.702122392 -13.6593948736 -1.05039119196e-18)
(27.8880765304 -9.10576073429 5.28381494391e-18)
(20.8422005685 -5.71801333775 -2.66149329228e-19)
(15.0938634061 -3.38751588763 -3.98395490642e-18)
(10.7613044642 -1.80816896027 6.58223584511e-18)
(7.62912254428 -0.697544228489 -3.48786309026e-18)
(5.39832773061 0.0866370974245 3.62140317265e-18)
(3.72636241252 0.520254044784 2.63590915722e-18)
(2.55881475265 0.211360180269 -3.47879089447e-18)
(2.1400518194 -1.42602037173 6.10695375785e-18)
(2.44776225831 -4.29813654426 -4.77346670923e-18)
(3.21625458636 -7.99372816341 1.23767392204e-17)
(5.20145326893 -9.58003294633 -2.90496594918e-17)
(38.7278275939 -24.874081696 9.01138474635e-19)
(41.5399714988 -29.637956415 -8.10771823076e-18)
(45.2043423299 -31.7298346688 6.48748531036e-18)
(45.7382265934 -29.791374124 4.95202385494e-18)
(42.881234134 -24.79801965 -2.23370848029e-17)
(36.261489004 -18.0718650312 5.47192135084e-17)
(27.696435348 -11.5380521874 4.99542599148e-18)
(19.3484545743 -6.51647666633 3.46023655324e-18)
(12.6466783011 -3.30802830484 3.39792109155e-18)
(7.95293001213 -1.60793129959 -2.72043354744e-18)
(4.89242104641 -0.689551141842 1.00433430442e-18)
(2.91315612059 -0.0607404924309 1.7331759811e-19)
(1.65833087602 0.455767887431 -1.73837769504e-18)
(0.817477082903 0.925092489584 -3.29103695775e-18)
(0.263026683325 1.23161536647 -1.60555623457e-18)
(0.073038557737 0.927153572599 -8.39248374069e-19)
(0.158671199073 -0.63116772483 1.05266866929e-18)
(0.238346440498 -3.45226161443 -3.06570694098e-18)
(0.378341099297 -6.76369070355 5.53844985822e-20)
(1.40477858107 -8.92690734319 -3.65814133058e-17)
(37.3346831584 -29.7318649655 -2.20405839038e-17)
(40.0778343741 -32.5890881493 1.29543832564e-17)
(39.7877490144 -30.8275007887 -2.63792691564e-17)
(35.2921414924 -24.471596079 -5.8609698862e-19)
(27.443463916 -15.6609205259 1.12969434431e-17)
(18.265136441 -7.91037591972 4.56245925068e-19)
(10.1655241285 -3.0549528157 -2.48230761113e-18)
(4.71948620506 -0.901510082161 1.28629493681e-19)
(1.6948467579 -0.196594830207 3.33998752342e-18)
(0.0783594303267 0.0952859835278 -2.55978108761e-18)
(-0.800361746467 0.313853168007 -3.47314082749e-18)
(-1.23847242313 0.536293672311 2.3072107746e-19)
(-1.43275323084 0.778153468809 1.81740454368e-18)
(-1.42127278211 1.01513205328 7.97516224219e-19)
(-1.16709083637 1.22681656784 -1.06923244669e-18)
(-0.777253255012 1.17517139261 -1.79087187668e-18)
(-0.462539470847 0.17226639467 -1.98876496142e-18)
(-0.391851634887 -2.01116014837 5.56810585993e-20)
(-0.779510367439 -5.12069289539 -4.79110321347e-19)
(-1.00613962037 -8.10555351346 6.49848945927e-18)
(37.1607434134 -36.6287223566 -1.23758879565e-17)
(30.6313599056 -31.7983648029 -7.18042866218e-17)
(22.7934135295 -23.2152167313 -3.87113044601e-18)
(15.0770534127 -11.7084222012 2.47588950421e-17)
(7.28098450367 -2.97377912321 2.43083067522e-18)
(1.81423372339 0.340710507137 -8.2845931159e-19)
(-1.28359149569 0.732793963738 -3.9650886607e-19)
(-2.30125717463 0.527892466824 -7.19659921806e-18)
(-2.70106923862 0.406057969324 3.87805970113e-18)
(-2.83869741719 0.317859641275 2.33299895425e-18)
(-2.79392590483 0.276493601536 -1.7862982908e-18)
(-2.59058652181 0.345610631166 1.01831980133e-18)
(-2.2658189275 0.464010122931 -1.4706470169e-18)
(-1.81581973208 0.619813454733 1.15997426448e-20)
(-1.25656936527 0.842463953565 1.4234385447e-18)
(-0.630036522281 0.977690992574 -7.07803013733e-20)
(-0.077550251846 0.724423241985 2.14869578925e-18)
(0.157274212919 -0.317085869952 -1.45233927675e-18)
(-0.512294781864 -2.69698366653 -7.60186031659e-18)
(-1.84163232621 -6.3692696078 6.09383203375e-18)
(18.0073895634 -36.9041713108 -5.07024806681e-17)
(6.26863639837 -26.4918078429 4.57550036534e-15)
(2.23057546262 -10.9685795895 -1.58354929616e-17)
(-1.36132780627 -0.436411989185 6.96942230286e-20)
(-2.94889074368 0.618888230804 5.7730435644e-20)
(-3.11901057259 0.372786579523 0)
(-3.0332645469 0.37112900937 -1.06137149091e-18)
(-2.71884790842 0.295932962384 -8.39887202344e-18)
(-2.42593267254 0.294133921311 -3.91813435209e-18)
(-2.14683584176 0.24632508222 7.64592437252e-18)
(-1.9325812725 0.142296453576 2.39810966688e-18)
(-1.71240460862 0.0904458229867 8.23751393477e-19)
(-1.43322115244 0.0726217064325 -4.23774159781e-19)
(-1.07530304057 0.074171815854 -1.93962840074e-18)
(-0.660117670403 0.117509197631 0)
(-0.164562736948 0.188971200736 1.14384910622e-19)
(0.370411872943 0.275293502472 1.67632571885e-18)
(0.775462194826 0.230457556198 -2.17335972418e-19)
(0.476979248584 -0.233255644098 -1.12642624298e-17)
(-1.2267510724 -2.57393752692 3.9153501848e-17)
(-1.35818388901 -3.87873153628 -1.14909539777e-18)
(-1.89561263113 -7.59608844086 1.22534945e-18)
(-1.23683387433 -9.336764245 1.0148883836e-18)
(1.02069049077 -10.265032363 -8.62374801886e-18)
(4.58855684925 -11.0715900893 -1.99095550034e-17)
(9.51166801662 -11.57343564 -1.0317011392e-17)
(15.4647586825 -11.5538292824 7.86937815235e-18)
(21.6421152224 -10.7284982669 -8.34695350024e-18)
(27.511124082 -8.81563787449 -1.57315709455e-17)
(34.0037364692 -6.95769922871 -4.46446411597e-18)
(-0.900721755376 -3.44367608587 -2.79445015988e-18)
(-1.8741755557 -7.28321152768 7.53685861068e-19)
(-2.04702844532 -9.09351438632 -5.74694299261e-19)
(-0.74135338883 -10.3321101547 7.44534487529e-19)
(1.94143378142 -11.3972209541 -1.25737969718e-18)
(5.85083876638 -12.1297164408 -9.32487180145e-18)
(10.9210300752 -12.4519090597 -7.8001248031e-19)
(16.7487967348 -12.2040821615 1.19331281835e-17)
(22.5236149744 -11.0787204841 7.44997044925e-18)
(29.1478464335 -8.89211717464 -8.11759066545e-18)
(-0.564315231182 -3.11527009045 1.97389500916e-18)
(-1.87121615727 -6.70217950778 3.45137655752e-19)
(-2.62637977533 -8.64068629249 7.58056714458e-21)
(-2.14688192774 -10.0971632588 1.53954264962e-20)
(-0.344978285417 -11.4547386163 8.73735115585e-19)
(2.77526464227 -12.421826471 -5.73813442001e-18)
(7.30968676041 -12.7388428763 -2.82437670465e-19)
(12.825291137 -12.5575296134 2.74405484998e-18)
(18.5039069873 -11.7971832642 -2.85594287967e-18)
(24.9481467045 -10.1691757749 1.6692030497e-17)
(-0.371393930321 -2.67712105132 1.83802364801e-18)
(-1.80487126476 -6.05860059517 -1.99802386831e-18)
(-3.03372348193 -7.97457484889 8.95833457174e-19)
(-3.29861108837 -9.59017837804 -1.22183559841e-18)
(-2.37114565212 -11.2063710535 6.98245359445e-21)
(-0.198002380871 -12.5319370895 3.84455589325e-18)
(3.38982026544 -13.1978037974 -3.88311340404e-18)
(8.36385706677 -13.1993462856 7.23701860821e-19)
(14.0117139576 -12.5175029611 2.76855235339e-18)
(20.6485279754 -11.0860425328 7.57063464255e-18)
(-0.252599210387 -2.24947190244 -2.34363494545e-18)
(-1.65206915058 -5.2979079963 -1.8229476429e-18)
(-3.2211139879 -7.17449897283 -1.1662190688e-18)
(-4.16093544861 -8.85185997459 -1.59583165099e-18)
(-4.08350204532 -10.6478807258 -3.66006792463e-18)
(-2.83228201475 -12.2974764012 -1.06651694751e-17)
(-0.331618234329 -13.3843147305 -2.09981061426e-18)
(3.649352115 -13.6853671043 1.35225424189e-18)
(8.74737525255 -13.2686936584 -1.00293851573e-17)
(15.5081343361 -12.163302516 3.82674799723e-17)
(-0.17585628392 -1.84125711647 1.64771900642e-18)
(-1.47000934359 -4.53268340459 7.45395414984e-19)
(-3.19779756729 -6.28724089635 -1.15082958328e-18)
(-4.67393040742 -7.91303618588 2.92710155655e-18)
(-5.45348358231 -9.81070766097 1.86133058332e-18)
(-5.15967198809 -11.7369439516 -3.05399258565e-18)
(-3.71749709666 -13.2475816265 -8.34147584616e-18)
(-0.929340842894 -13.9439235775 -5.41403699391e-18)
(3.14636525628 -13.7087721185 -3.09218837068e-18)
(9.69300319031 -12.8530364185 2.22410354301e-17)
(-0.123476323538 -1.47658389239 0)
(-1.27098082411 -3.79582405825 2.18003408127e-18)
(-3.00994241075 -5.3333823267 7.29151320376e-19)
(-4.84207253807 -6.82992317611 1.96093014703e-18)
(-6.33702354256 -8.69845277939 2.72279418849e-18)
(-7.01730573373 -10.7448403192 -1.98750782999e-18)
(-6.58168629817 -12.5736609838 2.68325070415e-18)
(-4.96434462469 -13.6977337411 -1.3930736996e-17)
(-2.1670160532 -13.8590145174 -1.12986139083e-17)
(3.29612191123 -13.2032111007 3.31775409739e-17)
(-0.0846801558654 -1.15959607172 -1.60453653917e-18)
(-1.05835001825 -3.11511638667 -8.97867669516e-20)
(-2.69600938539 -4.38201535473 -1.4146322988e-19)
(-4.68263757034 -5.6731175229 4.61710120237e-19)
(-6.66973576335 -7.39883921866 -1.40311619013e-18)
(-8.21924338935 -9.43757537285 -5.87826194264e-19)
(-8.86657259747 -11.4232333074 -8.3943474795e-19)
(-8.50115875682 -12.9707248491 1.98485288828e-17)
(-7.12019142876 -13.7909772653 -3.87931009117e-17)
(-3.36451572591 -13.4696416965 -1.63226112899e-17)
(-0.0573640702389 -0.900570577038 2.97347896966e-18)
(-0.851709143392 -2.51484160655 2.67524150011e-18)
(-2.31375774872 -3.50700234173 8.43616158532e-19)
(-4.28805410077 -4.52661905474 -2.13590702368e-18)
(-6.55756247835 -6.0304733683 -3.23076498524e-19)
(-8.76852813816 -7.96863396337 2.17166962076e-18)
(-10.479146732 -9.97790123022 -8.38772056499e-18)
(-11.399020859 -11.7355090363 -2.67238799781e-18)
(-11.268863799 -12.8328544835 3.14243370358e-17)
(-9.1599868775 -12.9816016332 -1.4169111425e-17)
(-0.0379868101834 -0.701514968362 1.66400534561e-18)
(-0.669736583223 -2.00619156251 -1.68406548063e-19)
(-1.91408587855 -2.73403638725 -7.09169498709e-19)
(-3.72184357348 -3.45364008527 1.85204142454e-18)
(-6.02847467788 -4.64901799362 2.97471077836e-18)
(-8.598723644 -6.34887220711 -8.14968720246e-19)
(-11.0810263995 -8.25219317503 1.23104764532e-18)
(-13.1010685045 -9.99641343226 -1.82145197296e-17)
(-14.0992874872 -11.2335362952 3.61744186134e-18)
(-13.6899081292 -11.6475039514 2.7602893958e-17)
(-0.024838111784 -0.548525109381 -4.39305181119e-18)
(-0.520648638785 -1.59050516121 -2.47295996772e-18)
(-1.52547570672 -2.07860263821 -9.25747629342e-19)
(-3.05706413388 -2.50677632977 5.14521539505e-19)
(-5.18332725182 -3.35853250589 -2.18885019386e-18)
(-7.79977972665 -4.72538098293 -3.39468031019e-18)
(-10.6625316209 -6.3951785859 2.78073025968e-18)
(-13.4442075065 -8.00952017497 -3.5069068061e-18)
(-15.6045427872 -9.23950657168 -1.95832478141e-17)
(-16.6559378776 -9.92316955608 2.16597047686e-17)
(-0.018361560547 -0.431820662705 -2.02071204e-18)
(-0.406311808486 -1.2585918416 1.82982881034e-20)
(-1.17864300774 -1.54892925433 -8.5724881879e-19)
(-2.37822511116 -1.72593306432 1.62353117853e-18)
(-4.16102500329 -2.24354105943 1.28426059605e-18)
(-6.54835612901 -3.23775993104 -1.64186821667e-18)
(-9.41981279323 -4.58977577288 -4.30359491274e-18)
(-12.5393718336 -6.00350469846 -7.23668946798e-18)
(-15.4836873982 -7.15913236578 -2.01470996328e-17)
(-17.8346302981 -7.92263753921 -9.62406143262e-18)
(-0.0170063885945 -0.341490331208 1.12125970061e-18)
(-0.327337669342 -0.996543718027 1.275907881e-19)
(-0.900477473818 -1.14256848311 -8.71594166802e-19)
(-1.76743240539 -1.12835623249 1.34339447306e-18)
(-3.11612861826 -1.35869781628 -8.38768699947e-20)
(-5.06696733484 -1.99098482554 -8.73381769151e-19)
(-7.6163122563 -2.9839410462 5.00815350731e-18)
(-10.6354420718 -4.11674742564 5.44685364995e-18)
(-13.8840202332 -5.11573411816 -7.4347308909e-18)
(-17.0630662411 -5.84885033684 3.49552173318e-18)
(-0.0176271839175 -0.268305777378 1.48806354257e-18)
(-0.282315493934 -0.787179216976 -2.16180955433e-19)
(-0.707447215508 -0.844561728163 1.64597337192e-18)
(-1.28427730926 -0.709600809435 7.81644074899e-19)
(-2.18696832573 -0.725458977068 2.45616203124e-19)
(-3.59172974157 -1.05143476192 -2.01844228426e-18)
(-5.57648090648 -1.6929220547 -1.61468110877e-18)
(-8.11148967986 -2.51031478677 9.10799770235e-18)
(-11.1438754395 -3.29394774807 6.07268314181e-18)
(-14.5277738043 -3.88751361638 -1.11858399321e-17)
(-0.0181265299152 -0.197083083079 1.5615014214e-18)
(-0.262487231417 -0.611786475395 8.13779024827e-19)
(-0.597458297967 -0.628271695907 6.9028226725e-19)
(-0.957926810608 -0.44308187822 -8.41724363524e-19)
(-1.47458630681 -0.332030574347 4.74614198771e-19)
(-2.33191312447 -0.439125071717 -2.32238839536e-20)
(-3.64828387183 -0.784574672372 -1.85918648993e-18)
(-5.46129377253 -1.30150723053 6.49748446247e-19)
(-7.85049958066 -1.85917376187 2.38298153172e-18)
(-10.8217100585 -2.26901891215 -3.18916827956e-18)
(-0.0177639849315 -0.134941441037 1.23600159451e-21)
(-0.253366955241 -0.455095410691 2.03972126266e-19)
(-0.549148312026 -0.463991230674 -2.27517359489e-18)
(-0.781428621397 -0.288828504174 -4.78517141581e-20)
(-1.02156890507 -0.136194773136 9.87163189489e-19)
(-1.42682020889 -0.1218638219 1.11146085416e-19)
(-2.11950297566 -0.265092706333 -2.62697641213e-18)
(-3.16654785502 -0.541734394084 -9.99490190481e-19)
(-4.69828276884 -0.893243036229 -1.49970982165e-18)
(-6.81500822608 -1.14391538121 -2.78157059321e-18)
(-0.0133636772616 -0.0753253678514 -1.02855784976e-18)
(-0.234924857215 -0.307279078889 6.53926162122e-19)
(-0.520832522821 -0.325438824194 4.37029116157e-19)
(-0.706294239756 -0.200845937132 1.52782022638e-18)
(-0.802820291099 -0.0701769194595 4.12444135204e-19)
(-0.916052594732 -0.0174318452431 -4.80675915865e-19)
(-1.14539383346 -0.0646561486041 1.80528085359e-18)
(-1.55763786021 -0.201735028433 9.72904357164e-19)
(-2.27470868818 -0.399237304573 6.1553866235e-19)
(-3.41339457169 -0.534744859306 2.95416525141e-18)
(-0.00531048237972 -0.0246765155678 -1.30921038583e-18)
(-0.184876803634 -0.171461450619 1.36850276837e-19)
(-0.455013915042 -0.198723797078 5.11940937581e-19)
(-0.639654121341 -0.134905298784 1.20426048995e-18)
(-0.706053213834 -0.0630773538605 5.25761891883e-19)
(-0.707101428443 -0.0399662618955 -7.79086302501e-19)
(-0.710262040241 -0.0829429758362 -2.11141018185e-18)
(-0.769971644853 -0.171839640101 1.51894285708e-18)
(-0.951052177999 -0.274251704481 2.96994325881e-18)
(-1.3271041763 -0.331693119341 3.99837463241e-18)
(0.00480533960655 0.00560045558546 1.79102366078e-19)
(-0.0946813313755 -0.0662567606207 -4.42927095468e-19)
(-0.301626244861 -0.0910788919583 1.6757422452e-19)
(-0.468212819731 -0.079541946134 -7.21221213025e-19)
(-0.552792057419 -0.0684301112295 -1.85501198066e-18)
(-0.577646278076 -0.0803158203061 6.07187741103e-19)
(-0.578285797079 -0.128288706135 3.08999273026e-19)
(-0.588751177386 -0.205198823524 -4.08876106459e-19)
(-0.633800718071 -0.294387755019 2.53989194295e-19)
(-0.724872943083 -0.361022225203 -4.40994786178e-20)
(0.0121202845047 0.00379207885151 1.93165097518e-19)
(0.00249201833602 -0.0151152404441 5.19505539216e-20)
(-0.0745014954401 -0.0234712011074 -6.21190445106e-19)
(-0.143874371791 -0.0354171790371 -4.69671713702e-19)
(-0.196269310973 -0.0559296631025 1.58536564999e-18)
(-0.2463984083 -0.0936656186467 6.43538953952e-21)
(-0.311676977055 -0.136773784209 -1.49938782563e-18)
(-0.419262832192 -0.168159292323 1.72592112901e-17)
(-0.550041953077 -0.210792791797 -2.57908161672e-19)
(-0.724724551121 -0.254156586285 -4.48416835542e-19)
(37.3071153635 -6.23260130114 -5.06524749194e-18)
(37.8568594619 -5.33161238509 5.98876741271e-18)
(38.7916865145 -4.22641423014 -4.42704396143e-18)
(40.2918588914 -3.01147776788 -4.26108656829e-18)
(42.0207033976 -1.67120288998 -2.74200781969e-18)
(43.7319760936 -0.124151264044 -1.28286207321e-17)
(45.3722637335 1.69124596621 -9.73883929386e-18)
(46.8681060812 3.8023889193 -4.50761888591e-18)
(48.074967586 6.19807352916 1.58470623172e-17)
(48.8228947288 8.79295780298 2.73785381824e-17)
(48.9705082102 11.4167198989 -1.75111193256e-17)
(48.4655459937 13.857842031 -3.73014192413e-18)
(47.4275296773 15.9459658611 1.53217407209e-17)
(45.9372235039 17.5897744589 2.76758512689e-17)
(44.0988485061 18.7469095965 1.57315176567e-17)
(42.0314486927 19.4100076493 -3.45838837713e-17)
(39.8301880916 19.5954713209 -2.46675789635e-18)
(37.5633337502 19.3301797604 1.18446271297e-17)
(35.2726304391 18.6286195656 6.57647190779e-18)
(32.973459393 17.5301340087 4.48400310944e-18)
(30.6474513321 16.159008084 -5.26365397211e-18)
(28.2466648582 14.7657581736 -3.71881407684e-18)
(25.7512838839 13.608611202 -3.57235361208e-17)
(23.1917162826 12.7699371239 -7.87556681551e-19)
(20.617063616 12.0292600587 -2.11847282932e-17)
(18.1068487152 10.9937668765 1.21348518889e-17)
(15.7266487599 9.2186262746 5.31953608295e-17)
(13.6356709075 6.46614935444 -3.67913006586e-17)
(11.7963026199 2.57777190501 -4.13237371636e-18)
(10.2968218137 -2.14564965489 -1.73971785711e-17)
(9.07951244702 -8.11429558235 -3.4025288299e-17)
(7.85604294239 -14.9666144274 1.11976682399e-17)
(6.70831326699 -21.9605749507 4.57635009468e-17)
(5.87202235127 -28.6721501724 -3.65589256081e-17)
(5.54571652381 -34.7993534236 1.60425084626e-17)
(5.87239379249 -40.0528471374 -6.14837161582e-18)
(6.90683818493 -44.1962471861 -4.204223507e-18)
(8.614178692 -47.1131209886 2.89546885141e-18)
(10.8698998798 -48.7612475487 -1.9899576408e-18)
(13.5065845312 -49.2637244571 -1.41602314019e-17)
(16.3770514511 -48.8077608058 -8.35717260563e-19)
(19.3652551295 -47.5902236207 0)
(22.3890476656 -45.7976330933 2.23986206649e-17)
(25.3997903639 -43.5899234125 7.14097643115e-17)
(28.3686059034 -41.0911838211 -4.85705309178e-17)
(31.2752481993 -38.3876865323 -6.04659587645e-17)
(34.1132162594 -35.5346291588 0)
(36.8885385705 -32.5733001431 3.02051228481e-17)
(39.6137092065 -29.5370920212 -1.01999614028e-17)
(42.3057151857 -26.4634750788 -2.92992165328e-17)
(44.9922607063 -23.417493255 1.10335365476e-17)
(47.6646443548 -20.4534472992 -1.08034491706e-17)
(50.3459994489 -17.5383221199 -1.50333589396e-17)
(53.0422902958 -14.576280135 -8.18101763597e-18)
(55.7426332831 -11.5044048018 -1.03028218893e-17)
(58.4325062696 -8.25423406812 -4.50108942567e-18)
(61.0696118149 -4.90252484758 3.04330305589e-18)
(63.58826927 -1.52718583704 -6.54819261525e-18)
(65.8867817301 1.7781953349 1.09746509135e-17)
(67.868273379 4.92186101559 -2.94007994406e-17)
(69.4811419413 7.82568665595 -1.23276169838e-17)
(70.7195675906 10.4365182856 1.61004265184e-17)
(71.6020172102 12.7268303365 1.61007266218e-17)
(72.1701188062 14.6904905261 -1.2794742136e-18)
(72.4771175739 16.3367195458 1.09249998333e-17)
(72.5775706956 17.6810728451 -2.86958265634e-17)
(72.5192822175 18.7436170401 3.31628870274e-18)
(72.3389831381 19.5529462593 1.94585857459e-17)
(72.0753235021 20.1479715619 -7.9067985961e-18)
(71.733739006 20.5938456067 1.0498107371e-17)
(32.6430951107 -7.72913970841 6.53059960284e-18)
(33.3187405787 -6.64987051973 1.11944908469e-17)
(34.2651731364 -5.3626022236 -1.22941184354e-17)
(35.3292932738 -3.95753916876 3.51566960213e-18)
(36.2451343404 -2.41812689306 -7.07209261852e-18)
(37.0729121006 -0.681756124523 -7.56886775837e-18)
(38.0085983601 1.32100577171 -1.8960428819e-17)
(39.1519220813 3.66462143976 -6.00009941581e-19)
(40.4429655668 6.39441690855 4.24630275435e-18)
(41.681691414 9.45685730077 3.4425748612e-17)
(42.5968727731 12.6529526899 -7.46686019934e-19)
(42.9453104532 15.6808143528 -3.76896657565e-17)
(42.6253293996 18.2682515171 1.92904723199e-17)
(41.683611108 20.2631392828 -3.35463735282e-19)
(40.2637618064 21.6152810885 4.76150676679e-17)
(38.5310060569 22.33874644 1.14168528093e-17)
(36.624129628 22.4839370397 -4.79180647251e-17)
(34.6420868602 22.1077540267 1.40029782972e-18)
(32.6378311926 21.275525243 1.13999800174e-17)
(30.6124436451 20.1034181118 4.26458910112e-18)
(28.5177072993 18.7994556638 4.76615274435e-18)
(26.2776659135 17.6409806006 9.28650072886e-18)
(23.874031198 16.800555082 -1.0884289404e-17)
(21.3802128724 16.1720278102 -6.03620906755e-18)
(18.9225178118 15.3643766485 -1.28604846528e-17)
(16.6384457848 13.9174774261 2.90838857263e-17)
(14.6165274704 11.4687686831 1.1779845174e-17)
(12.9323353371 7.88998685901 9.16454019095e-18)
(11.4936582451 3.15579697481 -1.80124225539e-17)
(10.2805841329 -2.45753613959 -8.50208246927e-20)
(9.12299808967 -8.90257270853 5.25310354969e-18)
(7.81098863851 -15.7723178481 6.01884177794e-18)
(6.36535047857 -22.7005048328 7.7184167765e-18)
(5.0068171134 -29.4173747252 -3.25843219815e-17)
(4.00041483627 -35.6391548366 5.02597492886e-18)
(3.57782705369 -41.0376847297 -3.66125461948e-17)
(3.87980655163 -45.3245892364 2.03836879788e-17)
(4.93754298691 -48.3363247668 2.26323816525e-17)
(6.64722666747 -49.9702609334 -5.57996689919e-17)
(8.85000397542 -50.3911959508 -2.47397641624e-17)
(11.3863228332 -49.7945175025 2.5714206009e-17)
(14.1117556989 -48.400816792 0)
(16.9226431504 -46.4224443337 3.13470722586e-17)
(19.7549073498 -44.0381706757 -5.99892169285e-18)
(22.5735855687 -41.379676937 -4.60735731591e-17)
(25.3589315063 -38.5354025477 0)
(28.1028071573 -35.562648031 2.5692545836e-17)
(30.8067660572 -32.5052955557 2.062959875e-18)
(33.4803157288 -29.401202181 -4.04650651453e-17)
(36.1368597354 -26.2876725955 -1.2306476113e-17)
(38.7840511663 -23.2009887198 1.51708229339e-17)
(41.4123348411 -20.162399745 -1.49714973737e-17)
(44.0262574216 -17.1396786623 1.37610409817e-17)
(46.636468409 -14.0962852717 -1.90694056855e-17)
(49.2901490148 -11.00478338 -9.50854646062e-18)
(51.9925854232 -7.79734143893 2.31425394558e-17)
(54.7148390876 -4.49950615592 -3.06630721392e-18)
(57.4377634316 -1.15715736802 -1.37648685937e-17)
(60.0548761348 2.16258037689 -6.30901002297e-18)
(62.4477458496 5.3692246114 -7.62917582831e-18)
(64.5243170681 8.36829272048 -2.542370966e-17)
(66.2317033568 11.0826094792 -8.03207174426e-18)
(67.5557538496 13.4642361269 1.30729518912e-17)
(68.5180992737 15.4942259793 1.3144387935e-18)
(69.1656336475 17.1762107304 -7.85579385201e-18)
(69.5553430401 18.5278032882 8.87549357898e-18)
(69.7426938606 19.5762023692 -1.15855113497e-17)
(69.7735174469 20.3572554341 -4.87191015603e-18)
(69.6940854493 20.9133810319 -1.22372590636e-18)
(69.5096651446 21.3045727901 3.26540297323e-18)
(28.535821012 -8.92398429753 2.21521253595e-17)
(29.2894648295 -7.54684535541 -1.69222949001e-17)
(30.2152604332 -5.90436013906 -9.40260667029e-18)
(31.1692565674 -4.15401350298 1.12582639654e-17)
(31.8275325709 -2.36100284611 -8.58626628238e-18)
(32.1980770723 -0.516617059602 -3.82483895859e-18)
(32.5011292138 1.45216729642 3.5941251923e-18)
(32.9612549349 3.69868923906 3.90298869527e-18)
(33.7027359844 6.39101449071 9.49678097502e-18)
(34.6958248381 9.59120748395 5.58458397657e-18)
(35.7398511738 13.1465669375 1.13181803955e-17)
(36.5316096911 16.7029776473 -3.21980933507e-17)
(36.8139211282 19.8608725877 -1.07522085241e-18)
(36.4952792725 22.3352200371 4.98876003568e-18)
(35.646272265 24.0051456907 -3.25655417543e-17)
(34.4173031352 24.8796255863 4.30038678733e-17)
(32.9620377905 25.0400732726 -4.46020137996e-18)
(31.3933234861 24.5961382114 -4.04872711424e-17)
(29.7597600619 23.6871132742 1.10744294207e-17)
(28.0400955173 22.5115970918 -2.69131444436e-18)
(26.1733232078 21.3187021514 -4.96831762436e-18)
(24.1065378215 20.3345420737 1.68118119475e-18)
(21.8834741857 19.590632221 1.38782510441e-17)
(19.6648966456 18.8289739792 6.2390401479e-19)
(17.6421976808 17.6053210599 4.57295416542e-18)
(15.9598729339 15.5068280527 5.00060525795e-18)
(14.6613031031 12.3257851292 -4.67558383501e-18)
(13.6915214249 8.08888955388 1.78966144799e-17)
(12.873589077 2.95915692692 8.71014014721e-18)
(12.002170893 -2.79396752761 2.97061959736e-17)
(10.8482036166 -9.02804645132 3.02813042417e-19)
(9.266078507 -15.5875695564 -1.45589961516e-17)
(7.32060010382 -22.297128062 -3.89920340641e-17)
(5.24667540282 -28.9608597991 1.90510815771e-17)
(3.35705376437 -35.2978903391 -6.21994136076e-18)
(1.9691568963 -40.9491083912 7.59687964305e-18)
(1.3251141045 -45.5537973426 9.71254147936e-18)
(1.53330275299 -48.8567526767 -2.76936507247e-17)
(2.54277148716 -50.6916774308 -7.43085375603e-18)
(4.22081478201 -51.2243762298 -1.13873848727e-18)
(6.36353026694 -50.6452475059 -5.51109399693e-18)
(8.78989418627 -49.1945862462 1.03944140726e-17)
(11.3702199618 -47.1232780166 -7.4288256048e-18)
(14.0156652333 -44.6343127023 2.26678555739e-17)
(16.6798818679 -41.8727670014 1.70822616419e-18)
(19.3378624677 -38.9336884229 -2.1931329624e-17)
(21.9754414714 -35.8803653504 1.59447621376e-18)
(24.5862338959 -32.76035324 1.80972383157e-17)
(27.1707590403 -29.6130662024 -2.17553567738e-17)
(29.7343959233 -26.4743845565 -1.92147239281e-17)
(32.2818325246 -23.3750545222 2.43962165724e-17)
(34.8160816783 -20.3206632031 1.56321127965e-17)
(37.3433323804 -17.2898651199 -2.78650391999e-18)
(39.8759716484 -14.2433103185 -6.08816449345e-18)
(42.475659936 -11.1506619889 1.36756877666e-17)
(45.1399971813 -7.98052957772 2.40865879728e-18)
(47.8694825167 -4.69829515438 4.68141317739e-18)
(50.6823682581 -1.34418877325 4.67341726562e-18)
(53.4981146285 2.02295910429 -9.76154227131e-18)
(56.2025798461 5.31845611543 -7.67213119924e-19)
(58.6850286787 8.44291285821 -3.2403186807e-17)
(60.8567952097 11.3026033283 2.04567928039e-17)
(62.6619308928 13.8275639935 -6.2389650798e-18)
(64.0863917227 15.980161182 -6.24747327076e-18)
(65.1542554356 17.753183068 -4.83440487048e-18)
(65.9128612254 19.162819603 1.3535234795e-17)
(66.4181701917 20.2399553249 -1.58057602223e-20)
(66.7231225375 21.0263519613 -6.43131643016e-18)
(66.8849075872 21.5705288856 -1.76416323185e-18)
(66.9084707445 21.9306675831 -1.37482852947e-17)
(24.3346473113 -9.92397925474 -1.38626787488e-17)
(25.0309427717 -8.39589094953 -1.70311297103e-17)
(25.9083257458 -6.42671470264 1.33325770652e-17)
(26.7918966085 -4.28462541804 -1.28830971381e-18)
(27.3589757227 -2.12084669664 -7.13527752555e-18)
(27.5952267322 0.00529098604069 6.19413343851e-18)
(27.6631469882 2.10875874479 1.09027071286e-17)
(27.7421657673 4.3317699252 1.45927738821e-18)
(27.9852418428 6.9126992509 -8.24890215438e-19)
(28.4887430906 10.0405445575 2.83465073832e-17)
(29.2180249181 13.6832359192 -8.63603374309e-18)
(29.9802444142 17.5269144592 1.44439198073e-17)
(30.5175051299 21.0999460481 -3.34112351002e-17)
(30.6504893865 23.9838202253 1.7695760453e-17)
(30.3455677704 25.951116334 3.14432063745e-17)
(29.6787926996 26.9741623657 -2.80160966895e-17)
(28.7603079874 27.1589598202 -1.10646448573e-18)
(27.6743280734 26.681761716 -1.28822238885e-17)
(26.4423489386 25.7702439216 -1.50508613924e-17)
(25.0316842546 24.6850509563 1.21372523715e-17)
(23.4191851485 23.6557935607 -7.38982387838e-18)
(21.6299077147 22.7806533821 -1.2365136086e-17)
(19.8162706785 21.9334969542 0)
(18.1895256067 20.7599620987 1.25399465963e-17)
(16.9322414408 18.8468796127 -8.02016580817e-18)
(16.1186090977 15.9453420264 5.62908340467e-18)
(15.6833360507 12.0441056341 1.3123489402e-17)
(15.4432451327 7.33446356761 -2.51604111389e-18)
(15.1428582069 2.06950066372 1.62083887681e-17)
(14.5195791499 -3.52934498038 -7.03756039496e-18)
(13.3630636095 -9.37147466203 -1.98876958738e-17)
(11.5722358612 -15.4413942992 0)
(9.20056803592 -21.7277472887 -9.43167462837e-18)
(6.46560637458 -28.1426628424 1.5989985417e-17)
(3.70183143501 -34.4562591428 1.2713892753e-20)
(1.30071297032 -40.2832551069 -4.01699414395e-18)
(-0.392873565586 -45.1940455538 -7.86449660328e-18)
(-1.18059926197 -48.8199683067 1.96330473622e-17)
(-0.999079540641 -50.9119607096 -4.24807849731e-18)
(0.0417767981296 -51.615340534 -1.85060785469e-17)
(1.70343295331 -51.1103309178 6.30388587882e-18)
(3.77556100638 -49.6379031205 -1.48747135543e-17)
(6.08396134182 -47.5003168654 1.5904316065e-17)
(8.50738550572 -44.9276843573 4.6917031979e-17)
(10.9858697424 -42.0802694052 5.52242726812e-17)
(13.4896607588 -39.0608657622 -9.73334303726e-19)
(16.0002743823 -35.9369777302 -3.85032853512e-17)
(18.5054411749 -32.7593899077 -8.63562053885e-18)
(20.9980756855 -29.5679934687 -2.6729388005e-17)
(23.4779622029 -26.3944247599 3.84070881718e-18)
(25.9456982525 -23.25992554 2.17522155079e-17)
(28.4023168486 -20.1708120133 3.96816037792e-18)
(30.8486354677 -17.1194382085 -1.25590868606e-18)
(33.2928599541 -14.0800248955 4.24007689207e-18)
(35.7970707314 -11.014830521 -1.35210774083e-18)
(38.3800564804 -7.91936425166 -5.3010713002e-18)
(41.0626463684 -4.72790083736 6.46182882915e-18)
(43.8592478815 -1.44770008018 -4.66733382287e-20)
(46.7287922181 1.88626575905 -1.68853505228e-17)
(49.5886143198 5.20077155394 3.10652542868e-17)
(52.3374982039 8.39482806339 -7.21133057358e-19)
(54.872344309 11.3621920457 -2.47974832679e-17)
(57.1059300658 14.0132112097 2.40482681795e-17)
(58.9859305379 16.289217561 -2.60321985229e-18)
(60.5027038575 18.1654344386 -1.28454825116e-17)
(61.6801576418 19.650270457 -4.81920315587e-18)
(62.5616335472 20.7725822662 4.6783470316e-18)
(63.1977258196 21.5704094128 3.15303101385e-20)
(63.6519590462 22.1022362702 8.87425046767e-18)
(63.9269496031 22.4373979101 -9.29900442169e-18)
(19.3493924203 -11.0791518058 1.96478884484e-17)
(19.958608169 -9.24158175229 -1.59616985007e-18)
(20.7747870503 -6.82190977511 9.22099966922e-18)
(21.59952731 -4.24671997233 4.0000441261e-18)
(22.131288069 -1.72270915925 0)
(22.3699890566 0.675934284761 7.21139574297e-21)
(22.443473744 2.97211736446 -1.14669315662e-18)
(22.4527751383 5.27524654165 -3.8257911418e-18)
(22.4898067634 7.83104054981 -9.97268324896e-18)
(22.6605752862 10.8974985422 1.32022090162e-17)
(23.037940353 14.5185950856 1.19102866557e-17)
(23.5817148709 18.4415484904 -4.31429433802e-18)
(24.1396005672 22.1949827108 1.47321067372e-17)
(24.5408823116 25.2966030299 -1.55430799679e-17)
(24.6857297636 27.4432948405 2.38956078146e-17)
(24.5577582859 28.5701275236 3.30780924871e-17)
(24.1834974111 28.7996480395 -3.12176174751e-17)
(23.5851313793 28.3637166925 -9.05480751167e-18)
(22.7581727338 27.5563551094 2.2573417266e-18)
(21.6942672156 26.6359391361 3.0022425037e-18)
(20.4365892782 25.7411980042 7.57369674833e-18)
(19.1270443747 24.8097534322 -4.80278706067e-18)
(17.9265921978 23.5956577616 -6.10068757741e-18)
(17.1461991125 21.7458821386 -2.23391491656e-18)
(16.8126503533 18.9993048464 4.51610721254e-18)
(16.9062779351 15.3041657063 9.23943302109e-18)
(17.2451436395 10.8270488008 -6.57431465271e-20)
(17.6155716086 5.87663990307 -1.12356134257e-17)
(17.7484648636 0.730524396245 -1.85353089049e-17)
(17.3923633889 -4.45503934555 -5.53993555683e-18)
(16.3469569237 -9.68591045644 0)
(14.4943845167 -15.0821061379 -6.4303327519e-18)
(11.8473197881 -20.772303125 0)
(8.58306288134 -26.7791268971 8.94461753835e-18)
(5.03143045907 -32.9402448993 -8.25942329536e-18)
(1.63024852661 -38.8720904542 -9.44220704764e-18)
(-1.17383564852 -44.0845392308 -5.52212203139e-20)
(-3.06744555378 -48.1211554683 1.16197189417e-17)
(-3.84890160811 -50.6170023149 1.10305155453e-17)
(-3.61337316329 -51.6821961194 1.38177481829e-17)
(-2.55467796465 -51.2206501123 -1.49730676307e-17)
(-0.918792135383 -49.8206728464 -3.19584369088e-17)
(1.04633346085 -47.684939576 -3.25288809243e-17)
(3.19567961163 -45.0837652002 2.55615556641e-17)
(5.44912554146 -42.1924447378 3.22761419612e-17)
(7.7661372705 -39.1212176935 -5.52581337283e-17)
(10.1228260158 -35.9411084724 -1.46328647141e-17)
(12.5025804575 -32.7053801749 2.75474876166e-17)
(14.893264453 -29.4584786572 1.34800622854e-17)
(17.2931270006 -26.2363220206 2.29853005084e-17)
(19.6923565832 -23.0598200409 -4.79177898696e-20)
(22.0769651608 -19.9388801274 -1.03469927162e-18)
(24.478939944 -16.8980796678 -1.5030611779e-17)
(26.8550414952 -13.9456627214 -7.185238257e-18)
(29.2299646876 -11.0115161693 -3.52066329646e-19)
(31.7496314713 -7.91562546382 1.26674467626e-18)
(34.3536331284 -4.72510350336 6.35976691095e-18)
(37.0825201498 -1.49452432994 1.4544920188e-17)
(39.926149154 1.78139347664 -1.22240715568e-17)
(42.8280478856 5.06431327134 -1.69276239321e-17)
(45.7122726216 8.27025670641 1.88165263993e-17)
(48.4870123352 11.2936049946 -1.36920672201e-17)
(51.0549185747 14.0311907291 5.3032860594e-18)
(53.3343779487 16.4044793243 -1.67152187293e-18)
(55.281285604 18.3699515588 1.15388145441e-17)
(56.8873390954 19.9195565103 4.095295827e-18)
(58.1681562809 21.0826281336 -1.76709833551e-17)
(59.1729708419 21.9119327336 9.57204234199e-18)
(59.9761254888 22.461001541 -2.25294991443e-17)
(60.565145852 22.7906311977 1.20291560449e-17)
(13.4638318181 -11.8945750206 -2.40573292785e-17)
(13.7597811289 -9.68683634175 -1.6295514627e-18)
(14.4319667447 -6.8813200971 1.95271265634e-17)
(15.21596988 -4.01235908677 -1.03124146803e-17)
(15.7798457593 -1.23221854419 -1.03513833783e-17)
(16.0989436318 1.16287237908 4.06515705279e-16)
(16.5196393563 3.56577857461 1.19503298953e-18)
(16.5926177453 6.18864551161 -1.67791319955e-18)
(16.6229056744 8.91704474898 -2.01749718715e-18)
(16.6997327422 12.0283489803 2.56825292647e-19)
(16.8985668882 15.6198414153 -1.39324512128e-17)
(17.2880371969 19.4898562301 3.60009135217e-19)
(17.8360665885 23.2101500483 1.8537363332e-17)
(18.4296363599 26.3120410602 0)
(18.9434339191 28.4800244075 -2.55903914825e-17)
(19.2831686484 29.644807488 2.94171437347e-19)
(19.3881010777 29.9520625849 4.09789929922e-17)
(19.2360338691 29.6580539613 6.21162001642e-18)
(18.8266922857 29.0279773938 -1.55358207674e-17)
(18.1879041438 28.2446450843 -4.54790534484e-18)
(17.4513222676 27.3173026993 8.10744637019e-18)
(16.8285093816 26.0717098952 8.34969783738e-18)
(16.4871272989 24.2355464225 3.75601972098e-18)
(16.5746862282 21.5509754953 -3.98125797658e-18)
(17.0992265216 17.9685202621 -1.94585546105e-18)
(17.9771475511 13.6342067498 -3.23280653959e-18)
(18.9453958293 8.83223520596 -6.58587040668e-19)
(19.7902149344 3.89888293118 -1.03984039171e-17)
(20.2877546577 -0.915459800073 -4.88008605248e-18)
(20.2223665615 -5.52191574054 1.53357924142e-17)
(19.3976479692 -10.0133915102 -6.53393507316e-18)
(17.6620502109 -14.6100522098 -3.36063955889e-18)
(14.9615998998 -19.5544804795 5.42406485734e-18)
(11.3945202046 -24.9857099752 5.24426425582e-21)
(7.24286330718 -30.8260481855 -3.59621655872e-18)
(2.95114978583 -36.7389790497 -7.53876794279e-18)
(-0.954570471696 -42.1974926622 1.17934480411e-17)
(-4.01676641932 -46.6497883907 1.04014575457e-17)
(-5.91935829076 -49.6639786666 -2.2464285654e-17)
(-6.65127261641 -51.0885889633 6.40961935157e-18)
(-6.34673432096 -51.0364248287 3.18109704466e-17)
(-5.2877460119 -49.8055230434 2.30239857709e-17)
(-3.73817024558 -47.7152805979 3.20093167097e-18)
(-1.89712145066 -45.1057852076 -6.81169295383e-17)
(0.112183046117 -42.183092688 3.61202525451e-17)
(2.22606808927 -39.073894124 5.77548025337e-17)
(4.41228197681 -35.855767096 -3.59690834164e-17)
(6.64906893672 -32.5830257359 8.52304895206e-18)
(8.91784646203 -29.3012734253 2.01154789943e-17)
(11.2024151647 -26.0476644721 -1.90235922445e-17)
(13.4883536348 -22.8420521561 -2.65152910687e-17)
(15.7803697281 -19.7007667499 6.10826320283e-19)
(18.1028912327 -16.6199549431 8.80917287537e-18)
(20.3944441975 -13.5309380569 -2.58041073321e-18)
(22.7810361858 -10.5858524721 -1.56594566727e-18)
(25.30241241 -7.62732238909 -1.68870638096e-18)
(27.7474362287 -4.6007236822 5.07873796158e-18)
(30.355465404 -1.48411824791 -1.84483145411e-18)
(33.1302092339 1.6917872955 -1.08046166487e-17)
(36.0070304881 4.8883341608 1.01434378879e-17)
(38.9300854931 8.04038551321 1.36174665578e-18)
(41.8321601721 11.0534412021 6.14060083296e-18)
(44.6235242894 13.8239048843 -8.90123153347e-19)
(47.2141174172 16.2611326048 -6.02848449259e-18)
(49.5348198954 18.3066236128 -1.67133672921e-17)
(51.5520703697 19.9368253634 1.91751807382e-19)
(53.2711976601 21.1666166023 2.24294166012e-17)
(54.7089636471 22.0501673693 -1.50118739624e-17)
(55.899039724 22.6306892779 -3.9957659782e-18)
(56.8194724556 22.9643495487 -6.95758698664e-19)
(6.298806756 -12.265596345 4.35944386781e-18)
(6.32477568373 -9.70169758434 -2.25150691774e-17)
(7.0454232782 -6.71286159087 2.53110413106e-17)
(7.91911092653 -3.72247317745 1.56977921695e-17)
(8.65557657459 -0.646532205086 -9.86935499095e-18)
(9.25003861524 2.34512410065 5.1875232536e-16)
(9.94489817199 4.84205252678 -5.18521874128e-16)
(10.1230740272 7.23661610715 3.24061518596e-18)
(10.2669161919 10.0475467639 3.69270800617e-20)
(10.4119933276 13.2484499428 -1.11098847808e-17)
(10.6283475813 16.8113788205 -9.81283976141e-18)
(11.0342750113 20.5421585917 2.2733058268e-17)
(11.6669834941 24.0741752993 -4.79230237082e-18)
(12.4591281372 27.0166998406 -1.0150904447e-17)
(13.2821740408 29.1072095536 1.38602846673e-17)
(14.0039568636 30.2925063838 -1.08582814339e-17)
(14.5266589938 30.6956605774 -1.10744890201e-17)
(14.8061297896 30.564408898 1.68356182475e-17)
(14.8528127863 30.0673159159 5.45357389943e-19)
(14.7722864385 29.2605828351 -7.07924814801e-19)
(14.7390054493 28.0539711253 -1.20821199156e-19)
(14.9537770929 26.2491534578 7.22831801928e-19)
(15.529620089 23.6486816853 7.19465795342e-19)
(16.5037645943 20.1713512292 2.31910048841e-18)
(17.7453193114 15.9396027446 4.81333972789e-18)
(19.1564652741 11.2214986617 4.03248287055e-18)
(20.5238272908 6.35348111284 9.41062805602e-18)
(21.6683394704 1.6412338567 -1.28483679924e-20)
(22.4340430852 -2.71554115797 6.12269108345e-18)
(22.6569292329 -6.67758797849 -8.1168292136e-18)
(22.1478057011 -10.386352194 -1.17687179031e-17)
(20.7146773634 -14.1212828418 8.33476880244e-18)
(18.2161319363 -18.2102099149 2.47409550334e-18)
(14.6377136147 -22.9032208609 9.66321033656e-19)
(10.1650131215 -28.2376244375 -6.25095875109e-22)
(5.20020674556 -33.9580359082 -5.25218969653e-18)
(0.300905321924 -39.5540163051 -1.06349107931e-17)
(-3.95190581555 -44.4180935479 2.54573286973e-19)
(-7.11884893147 -47.9874325992 3.87354883875e-17)
(-8.98233171294 -49.9811926082 7.82785453958e-18)
(-9.57994345388 -50.3703983437 -3.38999206694e-18)
(-9.19336538652 -49.4067456544 -4.14612324807e-17)
(-8.12366292302 -47.4565652352 1.00351992074e-17)
(-6.64476898003 -44.8824150865 4.38773202029e-17)
(-4.93242558381 -41.951035108 -3.098170396e-17)
(-3.07620097955 -38.8226729323 5.81223757281e-18)
(-1.11806191414 -35.589205024 -2.11441108963e-17)
(0.91835398872 -32.3088319576 2.2888456603e-18)
(3.0139175851 -29.0251295785 -1.20228151034e-18)
(5.14912204186 -25.771271841 3.20248644983e-17)
(7.31232477311 -22.5690818537 2.85434883327e-17)
(9.50228377982 -19.4306033963 -1.91589748412e-17)
(11.7259297273 -16.3551020014 6.67128463088e-18)
(13.9775199626 -13.3228075587 -1.38922640169e-20)
(16.2803828646 -10.3691474307 1.29983416789e-17)
(18.6442468834 -7.42923318445 5.23189812862e-18)
(21.0745276468 -4.43767526106 1.57952722397e-17)
(23.6229433388 -1.39611088123 1.55318171132e-18)
(26.3065532249 1.67892506594 -9.67388917527e-18)
(29.1178713259 4.76908785723 -3.02549893831e-17)
(32.0347855759 7.82872767303 2.89244748301e-17)
(35.0069999576 10.7800456801 2.22519225108e-17)
(37.9580969835 13.5285942955 -5.55365997119e-17)
(40.8004491117 15.9838071363 -2.52848359403e-17)
(43.4541031851 18.0776143747 3.19905835639e-17)
(45.8604350677 19.7749883946 2.74509740646e-18)
(47.9910890622 21.0711773524 -1.15924210704e-17)
(49.8298460608 21.9910510036 4.7644967456e-17)
(51.4038559727 22.5796162555 1.35903716715e-17)
(52.6842131761 22.9133570165 -1.89438719481e-17)
(-1.24030747841 -12.2904205141 8.48337436573e-17)
(-1.24246673297 -9.49640313841 2.54510252585e-17)
(-0.444181242142 -6.56763274224 -3.08882319251e-17)
(0.429645431757 -3.56677652016 -2.01520500379e-17)
(1.29682907425 -0.531944045668 3.54566310429e-18)
(2.09016058869 2.42465176253 -2.77831847548e-17)
(2.76403793332 5.24491938966 1.18844741055e-17)
(3.22740083115 8.0862601074 -1.45023874374e-17)
(3.57444483683 11.1281724823 1.23456003917e-17)
(3.88366505676 14.4123850322 9.47946466533e-18)
(4.27129294588 17.9065482848 8.03980737176e-19)
(4.85280322526 21.4335410236 -1.88796440595e-17)
(5.68115053529 24.702317801 -2.2831893314e-17)
(6.70900755974 27.4198716368 2.14279145927e-17)
(7.81769277768 29.3849408864 -2.70158304631e-18)
(8.87500739902 30.5780123979 -3.76306192735e-18)
(9.78281453577 31.0922003187 1.58506584163e-17)
(10.5206357227 31.000211135 -8.6503891033e-18)
(11.1449871353 30.4666944684 1.29892086114e-18)
(11.7891196708 29.3983171714 7.39957429348e-19)
(12.6061025214 27.6914241868 -4.17584294326e-21)
(13.7129001895 25.2092679354 -1.12196970764e-18)
(15.1355930799 21.8950924477 3.61632646168e-18)
(16.8042410978 17.8337360213 2.68141654873e-18)
(18.564392384 13.2460163216 -1.13888762733e-17)
(20.278443267 8.43556946624 7.00383063685e-18)
(21.8163522642 3.71751233591 -1.96843958545e-18)
(23.086630758 -0.655537849049 8.44893231343e-18)
(24.0180655224 -4.52858589796 -1.72505929014e-19)
(24.501474273 -7.88429612978 -1.48708516332e-17)
(24.3643689358 -10.8604335914 3.49377170143e-18)
(23.3815310718 -13.7461644693 -6.00222854865e-19)
(21.3187650867 -16.921786872 -2.33958529535e-18)
(18.0304703412 -20.7388232482 -4.27929094116e-20)
(13.5675995042 -25.3677487508 -4.5814508729e-18)
(8.23826687522 -30.6801300688 -6.16428826201e-18)
(2.56713085052 -36.2329934543 5.91325333348e-18)
(-2.79063603898 -41.3894805401 -2.98410872572e-18)
(-7.22821185627 -45.5059718373 1.55408693247e-17)
(-10.350981186 -48.1088661687 5.13244048736e-17)
(-12.059287083 -49.0628845423 -2.48564246926e-17)
(-12.5209302544 -48.515219766 8.47159347118e-18)
(-12.0667557002 -46.8128976157 1.05700364423e-17)
(-11.0353352077 -44.3561457957 -6.15467535869e-17)
(-9.67261051061 -41.4674012445 -1.5771115806e-17)
(-8.1153099353 -38.3505709126 4.40488748772e-17)
(-6.42495492312 -35.1198884272 1.02598732762e-17)
(-4.62856879036 -31.8408959292 -8.29596526248e-20)
(-2.74354685913 -28.5574959882 2.37443073456e-17)
(-0.789117402228 -25.3037042479 4.03637734849e-19)
(1.22195817805 -22.1044616245 -3.99298859887e-17)
(3.28146568263 -18.9747094828 -3.02284843275e-18)
(5.38934804041 -15.9156502787 6.33730042213e-18)
(7.53479596592 -12.9181955141 -8.00267922397e-18)
(9.74344357579 -9.98702636138 3.69699321647e-18)
(12.0298736003 -7.0835790348 8.06671962394e-18)
(14.3939194113 -4.15950350535 -1.0333100664e-17)
(16.8701433816 -1.21010117204 -8.86236747197e-18)
(19.4841583327 1.76322688308 1.17430606445e-17)
(22.2434534412 4.74969640909 -1.2698492362e-18)
(25.1384874338 7.70749153843 -1.24966680201e-17)
(28.1382942218 10.5677282443 -9.52766378774e-18)
(31.1854391609 13.246350373 -1.53760635759e-17)
(34.2043202677 15.6586068618 9.97081886178e-18)
(37.1134068647 17.7340803924 2.54305195967e-17)
(39.8390538069 19.4291666136 8.93761712243e-18)
(42.3307430957 20.7319170425 2.28073274564e-17)
(44.554771192 21.6613810401 -1.80776552695e-18)
(46.5279698701 22.2648246457 -3.14999866247e-17)
(48.1962277488 22.607315688 1.46143981559e-17)
(-7.96652783863 -11.866777227 -1.33375785346e-17)
(-8.15173842557 -9.23373225024 1.65278722468e-17)
(-7.61084639089 -6.399886007 2.80271259492e-17)
(-6.88581465086 -3.3749887867 2.06017510123e-17)
(-6.05836815227 -0.288191948579 2.84730955397e-18)
(-5.21650235229 2.76847170999 -6.4748929501e-20)
(-4.45137923653 5.80423757944 -9.60278508009e-19)
(-3.80379077058 8.88071804282 1.1395359936e-17)
(-3.23954155397 12.0578211453 3.30801675869e-17)
(-2.67643548348 15.3607982669 -1.45445768797e-17)
(-2.00765742461 18.7332915577 -2.12548752739e-17)
(-1.14180927471 22.0205933808 -3.89957110457e-17)
(-0.0384199813415 25.0058231041 9.79859323125e-18)
(1.2665808249 27.4720988193 4.44807960585e-17)
(2.67900783387 29.2927660431 7.62689322345e-18)
(4.09497176844 30.4169253183 -1.44780263351e-17)
(5.45434390061 30.8686888577 -2.35981525257e-18)
(6.76632158257 30.6989098369 2.40143446531e-17)
(8.11761557767 29.9288953005 8.770775581e-18)
(9.6048199644 28.4187331985 -3.74766740458e-18)
(11.3057523004 26.1236503268 3.13848636768e-18)
(13.2342500919 23.029352184 1.77655382943e-19)
(15.3280431616 19.2141299161 8.29585705527e-18)
(17.4615880396 14.862993895 -8.80980271857e-18)
(19.4916101228 10.2227750172 -1.03180674825e-17)
(21.3109607167 5.56306660495 -4.74359655909e-18)
(22.8657651752 1.13324041019 -9.056564406e-18)
(24.1479098762 -2.86872978889 6.48958089816e-18)
(25.1554337749 -6.31135308269 1.2461994427e-17)
(25.8378420783 -9.16220414074 2.61395401531e-18)
(26.0598553002 -11.5099516327 1.49066779999e-18)
(25.5803004667 -13.610028002 -4.89684330478e-18)
(24.0937734972 -15.861496581 3.04275972707e-18)
(21.3350267921 -18.7021821337 3.35591662002e-18)
(17.2043893575 -22.4426447045 -4.77543125886e-18)
(11.8639418551 -27.109591577 -5.70745636819e-18)
(5.75368253732 -32.3812001883 -5.72037070472e-19)
(-0.473825286865 -37.6455038671 -2.41621516354e-18)
(-6.11770327699 -42.206341552 -3.19609488552e-17)
(-10.5926507323 -45.4622739035 2.3517892593e-17)
(-13.5906300157 -47.0943543722 2.8403812215e-17)
(-15.12257156 -47.1086696589 2.8036707446e-17)
(-15.4674707024 -45.787112053 9.11221983173e-18)
(-15.0041320077 -43.5379976505 -3.06330109212e-17)
(-14.0609292636 -40.740848564 -5.63133376898e-17)
(-12.8461905744 -37.6588883721 -2.82067323619e-17)
(-11.4610803475 -34.4440872935 -1.26901599423e-17)
(-9.94606749214 -31.1776970138 1.40712231158e-17)
(-8.31717063538 -27.9067969599 5.42819040077e-18)
(-6.5893677079 -24.6662940971 3.03788600532e-17)
(-4.7745516915 -21.4826012264 3.81542721615e-18)
(-2.88532753087 -18.3707061587 -3.49632456289e-17)
(-0.927888123027 -15.3369140445 1.46950101743e-17)
(1.083421548 -12.3834622748 -7.05159459722e-19)
(3.19245525983 -9.48125321354 -7.54338163092e-18)
(5.39062940566 -6.63314101658 -1.73712089402e-17)
(7.67214764058 -3.78996286839 -2.50166153555e-18)
(10.0756495885 -0.940726912886 -2.1581160865e-18)
(12.6279874823 1.91319350408 -1.08062701823e-17)
(15.3371845006 4.76186432719 -1.64203588642e-17)
(18.2017062486 7.57324813501 1.01627113033e-17)
(21.2054877307 10.2915054171 4.21924135491e-17)
(24.3093401098 12.8456744499 3.37224667264e-17)
(27.4518568287 15.1606395053 -2.03335869251e-17)
(30.558257382 17.1693658473 -2.40417054606e-17)
(33.553043116 18.8270585194 1.79481735611e-21)
(36.3736682052 20.1172685104 1.38562675479e-18)
(38.9707352715 21.0539877633 3.32909616977e-18)
(41.3406670895 21.6743864415 -1.39093795058e-17)
(43.3982402282 22.0303169281 3.33907456333e-18)
(-13.6037683227 -10.9845057468 9.02535624686e-19)
(-14.1513646736 -8.68785861753 -1.03533527595e-19)
(-14.0588546499 -6.04933055531 -3.02418604506e-18)
(-13.6223288566 -3.11074876057 1.04599299245e-17)
(-12.9667232683 -0.0238532989535 -8.58284707903e-18)
(-12.1928849751 3.11465005565 4.94663270225e-17)
(-11.3918101531 6.26703067613 -1.30218187753e-17)
(-10.6007094782 9.44798709117 -2.70583389593e-17)
(-9.8003132199 12.6733587979 3.29861621927e-20)
(-8.93410060561 15.9282530349 -2.50847140692e-17)
(-7.92621695008 19.1407511643 -5.20947615757e-17)
(-6.71408003504 22.1803908708 1.69520177088e-17)
(-5.27309986414 24.8848458172 5.83502393229e-17)
(-3.62741669709 27.0992730807 2.77631110172e-17)
(-1.83629350895 28.7224536311 -2.54803882915e-17)
(0.0426224247793 29.6808715918 -1.58209643424e-17)
(1.98464298869 29.9477674812 1.79010846119e-20)
(3.99885624943 29.4836707249 1.6826016937e-17)
(6.15163669466 28.2449905363 -3.96001685421e-18)
(8.48763731053 26.2287075212 -1.04751847516e-17)
(10.9718339183 23.4313845115 1.39331634259e-18)
(13.5358097754 19.941072629 -2.73988590192e-18)
(16.0749023703 15.9157222995 -2.37467969384e-18)
(18.4644002851 11.5609947689 -2.00569799619e-18)
(20.6023033102 7.09734329925 -3.35409333645e-19)
(22.4366751845 2.72919181494 3.86751375485e-18)
(23.9665306393 -1.36365053033 3.21400321486e-18)
(25.2277817624 -5.02358114034 5.04946768677e-18)
(26.2541103041 -8.11532838376 -7.17830837742e-18)
(27.0431107393 -10.5562060374 7.13587967356e-18)
(27.5108257289 -12.3738765525 5.95364660257e-18)
(27.440289784 -13.7687629514 -1.32855017535e-17)
(26.5132634674 -15.1293810811 -1.60013205701e-18)
(24.3890081501 -16.9531683847 8.44885724616e-18)
(20.8308949209 -19.6776648551 -6.46692173054e-18)
(15.8318324788 -23.4907959979 -4.86261262297e-18)
(9.67863643918 -28.2180427318 3.33555405342e-18)
(2.92881547765 -33.3446829386 1.07195498063e-17)
(-3.70141766824 -38.1711342144 -6.11997234648e-18)
(-9.49251412412 -42.0048365353 -1.57012754443e-17)
(-13.9171949865 -44.3630178911 -6.31621244157e-18)
(-16.7544923284 -45.0706796576 -3.17315590305e-17)
(-18.1402996885 -44.2824946632 4.27958897968e-17)
(-18.4304303708 -42.3668777749 1.78568029126e-17)
(-18.0202373878 -39.7409694 4.38809146704e-17)
(-17.2095092824 -36.7348019431 -7.19097174723e-17)
(-16.1669926807 -33.5556470427 -3.41884131558e-17)
(-14.9681955606 -30.3146292799 -1.96893249376e-17)
(-13.6367974244 -27.0688491501 1.21802525429e-17)
(-12.1847203371 -23.8539934014 2.13278792625e-17)
(-10.6189439734 -20.6949881794 1.88836258792e-17)
(-8.95040576938 -17.6046418708 -6.83235560992e-18)
(-7.18948210018 -14.5961144683 -1.0318766642e-17)
(-5.33163403797 -11.6862731169 -2.44780304895e-17)
(-3.34785775324 -8.83610197396 -3.267229608e-17)
(-1.26928276905 -6.06434832882 4.6954095949e-17)
(0.917126551887 -3.32312503402 -2.20755005246e-17)
(3.24274414451 -0.594384196751 1.54866272986e-17)
(5.73023569716 2.11610881683 5.4278442108e-17)
(8.38948399527 4.79900471982 4.01998363415e-17)
(11.2241234314 7.43092047819 1.51117359918e-17)
(14.2267331937 9.96789429287 -1.36590373301e-17)
(17.3716037329 12.3531473743 -3.08870273704e-17)
(20.610907158 14.5244584887 -4.46742206638e-17)
(23.880526247 16.4240557866 1.04101784753e-17)
(27.1078129061 18.0094806184 -4.60821466597e-18)
(30.2238066194 19.2606917277 4.22881802169e-17)
(33.1644790252 20.1842064425 -5.08713927618e-18)
(35.9087226146 20.8058752119 -2.53688332136e-17)
(38.3459597393 21.1695166126 1.20590072709e-17)
(-17.6383049258 -9.60920125176 7.24331221726e-19)
(-18.6804392366 -7.71059105572 -2.12275583407e-17)
(-19.1766394181 -5.3880333267 -9.09696822096e-18)
(-19.1682727755 -2.67424868937 -1.87148371867e-17)
(-18.8010699543 0.292224365432 -2.45632883719e-17)
(-18.1959505536 3.38010177481 -3.10689218508e-17)
(-17.4309863161 6.52958005148 -2.47158539961e-17)
(-16.542436704 9.7034588181 3.45179875127e-17)
(-15.5310887579 12.8792498189 -2.59463308331e-17)
(-14.3662323386 16.0118511219 -2.32688667334e-17)
(-13.0046827378 19.0201074158 5.58336761576e-17)
(-11.4102680771 21.7901207248 7.06385840605e-17)
(-9.56901878053 24.1913822866 1.56899979627e-17)
(-7.49325774124 26.0998580726 -2.66819062549e-17)
(-5.21149864571 27.4128663958 -4.40299881033e-17)
(-2.7522559038 28.0478561046 1.30014053359e-17)
(-0.130083640973 27.9417266114 3.33223576096e-17)
(2.63215067173 27.0522655339 5.33115773748e-18)
(5.53310211261 25.376473217 -1.62176757858e-17)
(8.55979593272 22.9559726838 1.37643470595e-18)
(11.6100553428 19.8641332723 1.12183133742e-18)
(14.5813444736 16.24004959 3.75940688831e-18)
(17.3692580961 12.2576022809 2.62486388181e-18)
(19.8883223784 8.09378754415 -4.91746193119e-18)
(22.0893168309 3.92015981646 1.8758497178e-18)
(23.9551398075 -0.112866438254 -6.45763215144e-18)
(25.5004353417 -3.86648785181 -5.72381642448e-18)
(26.7599450257 -7.19894859929 1.72627834281e-18)
(27.7691006489 -9.96249843878 -2.73008190058e-18)
(28.5485014894 -12.02832553 7.66831580989e-18)
(29.0643679417 -13.3719155913 4.65649767508e-18)
(29.1811479715 -14.1418163387 1.83038708972e-18)
(28.6397809008 -14.694187749 -5.40799886988e-18)
(27.0934379859 -15.5477389242 -4.84482691678e-19)
(24.2158940828 -17.2275309448 8.12974552046e-18)
(19.8380720925 -20.0600413495 -5.88612216518e-18)
(14.0508227233 -24.0249320458 -6.00842772583e-18)
(7.23297648612 -28.7383705845 -2.14827069414e-18)
(0.00386803587993 -33.5649951539 7.55087667442e-19)
(-6.88962049145 -37.7929121735 -1.92407851458e-17)
(-12.7458343979 -40.8202809001 5.82033013583e-17)
(-17.0839530267 -42.2909364707 6.25282435741e-19)
(-19.7945364651 -42.1812756896 -2.98616881063e-17)
(-21.1065746392 -40.7524497629 8.85189931859e-18)
(-21.4217350683 -38.4132300705 3.67006514687e-17)
(-21.1267971809 -35.551209878 2.36967896298e-17)
(-20.4837639259 -32.4413292273 -1.09315772469e-17)
(-19.6349218469 -29.2426735376 -1.86957604074e-19)
(-18.6301914806 -26.0353887097 -5.37743058552e-17)
(-17.4884561283 -22.861542206 2.19701462609e-17)
(-16.2128420172 -19.745447771 7.25131248602e-18)
(-14.8081418216 -16.6993976451 2.14564671416e-17)
(-13.2807257376 -13.7368943866 8.28352490391e-18)
(-11.619524209 -10.8708213958 -1.67765198359e-17)
(-9.81829652789 -8.08676172092 4.1424983535e-18)
(-7.89168262663 -5.3847583212 1.87873130565e-19)
(-5.82016661032 -2.76424112216 -2.22068657888e-17)
(-3.57599664057 -0.172379050204 8.53371750304e-17)
(-1.15620570125 2.37362595533 7.26587389008e-18)
(1.45406901562 4.86813275718 -4.01339666506e-17)
(4.25971293403 7.29417591766 -3.3209231412e-17)
(7.25890580305 9.62013720174 0)
(10.4361862957 11.8020259171 -4.01100966382e-17)
(13.754477406 13.7901320748 -3.6347903594e-17)
(17.1593818657 15.5373328061 1.44003729409e-17)
(20.5835981438 17.0068535158 4.89327022373e-17)
(23.9570281601 18.1788356549 4.20574230307e-17)
(27.2064262481 19.0554242475 -3.14361796278e-17)
(30.298952591 19.6560457895 2.5465100844e-17)
(33.101666637 20.0161475894 -1.09047136906e-17)
(-19.669667372 -7.83542710383 8.61730390517e-19)
(-21.0974264275 -6.32741604632 -4.10617406844e-17)
(-22.0958194291 -4.38439143524 1.10910793501e-17)
(-22.6562470164 -2.04220120468 -3.47345041951e-17)
(-22.753926927 0.63952656517 1.80695102547e-17)
(-22.4179037331 3.55376527773 -2.45170544534e-17)
(-21.7616762962 6.55940144623 2.58841864996e-17)
(-20.829910387 9.59804563479 2.51103501608e-17)
(-19.6624973198 12.6130758461 -1.20020554179e-17)
(-18.2351201193 15.5244535167 2.53426367799e-17)
(-16.5326686802 18.2527525638 6.72660757662e-17)
(-14.539434343 20.6893562178 8.99112326042e-18)
(-12.2515515179 22.7179048062 -3.29222745613e-18)
(-9.67932197464 24.2276223629 -3.26902758584e-17)
(-6.84493412378 25.1230907505 3.57130604147e-17)
(-3.78078821575 25.3308962493 4.20675641222e-17)
(-0.524499597481 24.8029867495 -1.09129638391e-17)
(2.86542942746 23.5237218472 -2.09692019536e-17)
(6.32516392866 21.525976922 2.18300096991e-18)
(9.79451823655 18.8890132214 2.46041449267e-18)
(13.1650963791 15.7252493759 -5.21153206229e-18)
(16.3442180505 12.1734847196 5.17581684318e-22)
(19.2574380853 8.38140836969 9.60728603812e-18)
(21.859269284 4.49217893667 -3.92334640167e-18)
(24.1285602934 0.63457839523 6.35703109186e-18)
(26.0567990284 -3.06327218877 4.00524916328e-18)
(27.6455103944 -6.46509901522 -5.64947551834e-18)
(28.900206183 -9.42943279325 -9.45790797375e-19)
(29.8381802505 -11.8019921707 -2.0190760664e-18)
(30.4795095979 -13.4435460005 7.73262647279e-18)
(30.8458994297 -14.3163935121 2.16430402716e-18)
(30.9022898416 -14.5268690493 -1.23353357444e-17)
(30.5015792379 -14.3953641464 3.93061415843e-19)
(29.3621982022 -14.4195089559 -1.42488168606e-19)
(27.1397228484 -15.1520586658 3.01146520231e-18)
(23.5497993578 -17.0047215676 4.26338507355e-18)
(18.4886346513 -20.0833762512 -4.28460479311e-18)
(12.1036931062 -24.1434197643 -5.59855740228e-19)
(4.81012647297 -28.6658435686 3.56324479277e-18)
(-2.75407643686 -32.9995110851 -2.76402155249e-17)
(-9.82838076276 -36.5046633896 -2.39461342902e-17)
(-15.7221691838 -38.6958942241 3.33651334824e-17)
(-20.0134429426 -39.3528794544 -9.83751029021e-18)
(-22.6830710532 -38.5676262899 2.27241445284e-17)
(-24.0226629619 -36.6671927971 0)
(-24.4492717322 -34.057126697 1.34399857847e-17)
(-24.319341873 -31.0760272392 0)
(-23.8753285673 -27.9472323941 2.66207916172e-17)
(-23.22557999 -24.7919118174 0)
(-22.4142916601 -21.670830725 -2.05711987874e-17)
(-21.4575396678 -18.6166093064 -4.39747933241e-18)
(-20.3524017875 -15.6431396999 -1.54697484337e-17)
(-19.0941137877 -12.7578589053 1.81823343477e-17)
(-17.6687795313 -9.96829801601 3.72791852406e-20)
(-16.0809566599 -7.27242584794 2.18394327568e-17)
(-14.3421948123 -4.66336416809 -1.79130230618e-17)
(-12.4120403158 -2.16525864247 2.75668745691e-17)
(-10.2691326812 0.277357299748 -7.65369722998e-18)
(-7.93917391491 2.64714978913 -5.47477513967e-17)
(-5.39155621235 4.93797008735 -2.33577091623e-17)
(-2.62229835824 7.13891987757 0)
(0.368069598642 9.22895340556 -4.66324423508e-17)
(3.56609723287 11.1762552707 -7.17297421098e-17)
(6.94309547 12.9452646075 4.2760921941e-17)
(10.4552260953 14.5009487622 6.61869150656e-17)
(14.0428251547 15.8143818441 3.72817695456e-17)
(17.638506891 16.869138961 -1.25839096753e-17)
(21.164601528 17.6667037848 2.72883577297e-17)
(24.5792316852 18.2227379162 -4.13648100888e-17)
(27.7294186142 18.5642508426 -1.35824861442e-17)
(-19.4850157322 -5.89316222036 3.13999516582e-17)
(-21.1950944755 -4.79223387326 -3.15213999113e-17)
(-22.6013283663 -3.2197433534 4.93542983269e-19)
(-23.5191088405 -1.21495991471 -1.01942003036e-17)
(-23.9304448905 1.12393424788 1.45762838705e-17)
(-23.9958403145 3.67584111903 2.97589757282e-17)
(-23.4939427057 6.34851026856 2.2705955514e-17)
(-22.6412995404 9.08929539437 -3.00645413545e-17)
(-21.3813995465 11.7959436984 -6.74322113213e-18)
(-19.7521904265 14.3699992088 7.08279079723e-18)
(-17.7550578717 16.7193287291 -3.91317979642e-17)
(-15.395760982 18.7379867566 -4.65388543068e-18)
(-12.6880169876 20.3197793834 -4.07660053664e-18)
(-9.65818478801 21.3690611691 -1.13664276306e-17)
(-6.34703522306 21.8106035521 3.3166953494e-17)
(-2.81046893593 21.5962429906 -2.4323276859e-17)
(0.882326559071 20.7106055282 -1.65872006979e-17)
(4.65360184375 19.1665554639 7.72513167112e-18)
(8.41407259572 17.0163407583 -5.6142471145e-18)
(12.0845787392 14.3455479258 -8.59791214292e-22)
(15.5794815716 11.265001211 -2.12640002256e-18)
(18.8318160849 7.89350039097 1.08570611964e-18)
(21.7934122068 4.34898556835 -7.92977802773e-21)
(24.4330858216 0.750025605193 2.1222240602e-18)
(26.7317016564 -2.78247540598 7.43276148083e-18)
(28.6753256248 -6.11689963535 -7.75294787697e-18)
(30.234633554 -9.10251515935 3.41522177503e-18)
(31.3997973359 -11.5972460357 -2.70258524534e-18)
(32.1578028061 -13.4531125075 -6.51532324146e-18)
(32.5512938172 -14.5605257534 3.21393114526e-18)
(32.6275420761 -14.9367301996 1.0216428892e-17)
(32.4474994072 -14.6664705249 1.31031260471e-18)
(31.9791812138 -14.0106971971 -2.73754901223e-18)
(31.0558204843 -13.421849762 -1.45501822711e-18)
(29.3827447976 -13.4223868771 -5.82005101364e-18)
(26.6317697412 -14.4376791496 1.62980049019e-18)
(22.5525323103 -16.6422887786 1.33337975206e-17)
(17.0643017333 -19.9053456091 -2.25436305177e-18)
(10.3154415569 -23.8458481085 -6.53728697842e-18)
(2.71348401686 -27.9369500732 -2.06101969304e-18)
(-5.09019506812 -31.6011663714 -1.90239827492e-17)
(-12.3247295279 -34.3140968106 5.09675192131e-20)
(-18.2932794717 -35.701870401 -3.82227138015e-17)
(-22.6382047079 -35.6636464269 2.29670766731e-17)
(-25.3930483855 -34.3678376039 6.1652600689e-17)
(-26.8775551466 -32.1614392162 1.38538248031e-17)
(-27.4924466491 -29.4126625874 -2.21967372322e-17)
(-27.5814412125 -26.4127748293 0)
(-27.3518968133 -23.3416634727 -2.77209299252e-17)
(-26.8919343114 -20.2912849265 0)
(-26.2646772314 -17.3106417803 0)
(-25.4716465853 -14.423633828 -3.40049382646e-17)
(-24.5040215577 -11.6364451671 -4.54548918085e-18)
(-23.3505802849 -8.95458846533 -7.69550441995e-20)
(-22.0109472385 -6.38209141714 -4.64172036562e-17)
(-20.4874851936 -3.91008348894 0)
(-18.7219811961 -1.54695059071 4.37201680947e-17)
(-16.7162211898 0.713059376599 -8.54822834648e-18)
(-14.5009005969 2.88523913047 -1.23288767711e-17)
(-12.0381185343 4.95694583192 -9.75615310852e-18)
(-9.32698907036 6.91851858698 -2.48237058048e-17)
(-6.36906682197 8.75425623191 -2.21952725514e-17)
(-3.17290932242 10.4444573578 5.06330831457e-17)
(0.239620725091 11.9676633344 6.70787510613e-17)
(3.83111912164 13.3012269654 1.65045379243e-17)
(7.5495177517 14.4259599015 -3.83003797918e-17)
(11.3337244957 15.3310034682 7.37367714175e-18)
(15.1049731861 16.0192725513 2.71082895946e-17)
(18.8148628015 16.5052711449 1.54804385847e-17)
(22.2931699878 16.8098211357 2.98118038162e-17)
(-17.139304394 -3.92475858852 1.38242200433e-17)
(-18.9415565913 -3.15203504531 2.95180646091e-17)
(-20.5707458923 -1.96907386946 -1.87346872225e-17)
(-21.7470502756 -0.40370856721 2.5658390225e-17)
(-22.434344535 1.48042752654 -1.09060994045e-17)
(-22.6053675471 3.5794003509 1.08374198116e-18)
(-22.2748157362 5.83252109145 8.30698145499e-20)
(-21.4698067482 8.15218566869 -3.65569471084e-18)
(-20.1868363047 10.4180243905 -1.34391509724e-17)
(-18.4368199377 12.5354365275 1.19305425648e-17)
(-16.2413918543 14.4146108455 -5.04938833668e-18)
(-13.6274110951 15.9512108276 1.08014846652e-17)
(-10.6325108999 17.0518898646 -9.44762093023e-18)
(-7.30890524155 17.6413172628 -1.63206594288e-17)
(-3.72321973674 17.6698039862 1.41056081373e-17)
(0.0461626506994 17.1167288544 -1.01862095655e-17)
(3.91563225163 15.9903508781 5.22189157115e-18)
(7.80343254839 14.3207400445 5.03163368337e-18)
(11.6257769838 12.1562902204 2.15184688737e-18)
(15.3078491822 9.56879710619 2.05082800081e-18)
(18.7854015695 6.6510878963 0)
(22.0042928926 3.50446376734 0)
(24.9197108105 0.235734644243 -4.72714594399e-18)
(27.4934096379 -3.04181484748 -4.40259679427e-18)
(29.6948703129 -6.19468856347 3.08632451385e-19)
(31.4899534332 -9.06449566053 5.37051070459e-18)
(32.8334238099 -11.5020086072 4.83633217737e-18)
(33.7039878088 -13.4120546805 1.96607036836e-18)
(34.1046179686 -14.5858150173 2.41567653832e-18)
(34.1177245035 -15.1601610691 -7.0786565115e-18)
(33.8429702925 -14.9732882032 -2.89458680525e-18)
(33.3760374442 -14.3197577476 8.07818334224e-18)
(32.7677902201 -13.3325413989 6.38225828232e-18)
(31.953630704 -12.3986759046 -1.09268089644e-18)
(30.7272705673 -11.962262249 -1.70586265193e-18)
(28.7853006087 -12.3965864232 -6.64940078262e-18)
(25.8098537337 -13.8765869591 3.81302546451e-18)
(21.554001238 -16.3349509639 1.6656575323e-17)
(15.9138668202 -19.5122513346 -1.53381462492e-18)
(9.00405601714 -23.0350563511 -5.44891346267e-18)
(1.21489157005 -26.4685778151 -9.77666173638e-18)
(-6.77622374873 -29.3477309627 2.90005739882e-18)
(-14.1875849461 -31.2533877815 -2.76645805508e-17)
(-20.3306422595 -31.9268048977 -4.7634900895e-17)
(-24.8696114811 -31.3490137211 2.51262633245e-17)
(-27.8557019433 -29.7184599536 5.17521078037e-17)
(-29.6109057507 -27.3584037068 1.54895643786e-17)
(-30.5032593553 -24.5957859476 1.32939689186e-17)
(-30.8639361303 -21.6764066563 -1.80894082068e-19)
(-30.840013617 -18.7353450168 -5.43556992564e-17)
(-30.5720799922 -15.8483977595 5.74648319535e-18)
(-30.1011375788 -13.0634498735 4.18907136814e-17)
(-29.4348362513 -10.3931135624 -2.54082554986e-17)
(-28.5644755635 -7.84196070875 6.10107871105e-18)
(-27.4877756861 -5.41717588865 -1.38786211661e-17)
(-26.1893697241 -3.11348068072 -4.53121928844e-17)
(-24.6251203523 -0.917646638916 1.58730389003e-18)
(-22.8044192444 1.13852883945 -6.0020879729e-18)
(-20.7287751813 3.08474954591 -3.40030533865e-17)
(-18.380411603 4.91047212448 -1.84201322837e-17)
(-15.7577274108 6.60923239609 0)
(-12.8607665292 8.17056150304 -1.79655233075e-17)
(-9.69541923041 9.58627219235 1.71143527246e-17)
(-6.28040525841 10.8440177485 2.5287605521e-17)
(-2.64545663454 11.9318116477 2.58397391229e-19)
(1.16762438267 12.8408793696 -2.70500442799e-17)
(5.10425739629 13.5672373957 5.02143537145e-17)
(9.08751482298 14.1161386379 3.29379428627e-17)
(13.0654839811 14.5033597441 -3.27693882047e-17)
(16.8537372258 14.7481501287 -4.83578691781e-17)
(-13.1588043601 -2.22257438121 -1.38874845236e-17)
(-14.7419318639 -1.7246919637 1.72558182016e-17)
(-16.2789511787 -0.893432069693 3.51366122186e-19)
(-17.4507779105 0.244045715656 1.56176231786e-17)
(-18.1991916815 1.6539030106 -3.16548670112e-17)
(-18.4672080796 3.26675163112 -1.58625448602e-17)
(-18.2322972908 5.01263387159 4.42004542599e-18)
(-17.4738135331 6.8049225579 2.60414125384e-17)
(-16.1843884225 8.54487656914 1.97912776365e-17)
(-14.3968462903 10.1405066978 3.68708676269e-17)
(-12.1313333068 11.500415285 1.87071502393e-17)
(-9.4266652243 12.5347272743 -1.72393780139e-18)
(-6.33964447781 13.1676622191 -2.52773290965e-17)
(-2.94232130946 13.3448911567 1.00078380643e-17)
(0.681568799069 13.0391386947 1.66268520838e-17)
(4.4453649904 12.2487905062 -5.34780522643e-18)
(8.26122386128 10.990728154 3.58017607463e-18)
(12.0510888289 9.29147964897 2.53635174524e-18)
(15.745375417 7.1888653699 2.29765289453e-18)
(19.2838393813 4.7436516802 1.8623959924e-18)
(22.6067406652 2.0385620263 5.76139605749e-18)
(25.6501586162 -0.828688812839 0)
(28.3545722507 -3.74509713032 3.51263362521e-18)
(30.655900485 -6.59983676449 -5.04638587212e-18)
(32.4923001847 -9.23347876973 -4.54103455681e-18)
(33.8441488037 -11.4955577084 6.92499530661e-19)
(34.6339209339 -13.2500727731 -4.31439700258e-18)
(35.0049349704 -14.3639628533 -5.25256417226e-18)
(34.8948861555 -14.9657377138 7.92782924729e-18)
(34.5035079072 -14.8758278945 7.23309051651e-19)
(33.8957662174 -14.3477143492 -7.0819764156e-18)
(33.202340212 -13.4282377169 -2.68191681694e-18)
(32.5080548725 -12.3084416692 4.07236623224e-19)
(31.8132709345 -11.2910327927 2.305666519e-18)
(30.9898176708 -10.7192305329 -1.00528383157e-18)
(29.79327484 -10.8698674573 4.93169836697e-18)
(27.912165117 -11.8625150828 5.97798674621e-19)
(25.0282090233 -13.6373078785 3.77404752592e-18)
(20.874465794 -16.0122129066 5.71978733676e-19)
(15.3036025111 -18.755451252 1.40284232501e-18)
(8.39614947361 -21.5980596585 -5.94326955744e-18)
(0.547364852854 -24.2215364472 3.89042146121e-18)
(-7.58222646174 -26.2564355486 2.39253279127e-20)
(-15.2109257079 -27.3995266081 -4.68585408312e-17)
(-21.6415321725 -27.4945612416 -1.72918185647e-19)
(-26.5364934273 -26.5537785012 1.76712606209e-19)
(-29.9244340715 -24.7636859051 -5.59821468634e-18)
(-32.0723320248 -22.4033942131 -2.75029288469e-17)
(-33.3228549734 -19.7497255753 5.5968664585e-17)
(-34.00727106 -16.9917225155 -1.28626802223e-19)
(-34.2434529861 -14.2462114867 -4.27087139944e-17)
(-34.1584469692 -11.5901757588 2.30828399323e-17)
(-33.8289518848 -9.05541445656 3.9011308322e-17)
(-33.2535534654 -6.65490766809 -3.59202692072e-18)
(-32.4399651538 -4.39754042968 2.89763408562e-18)
(-31.3784179242 -2.28029156783 -2.51942342876e-18)
(-30.0408970097 -0.293777174636 -4.12232938418e-17)
(-28.4284331983 1.54697692246 -2.10540475589e-17)
(-26.5271822622 3.24903534159 -3.18508784687e-17)
(-24.3291739975 4.80464313264 8.23043773614e-18)
(-21.8299371558 6.21411981629 -5.05219798659e-18)
(-19.0263979612 7.48100770695 1.36936608827e-19)
(-15.9252229854 8.60073254111 5.25655512583e-17)
(-12.544690705 9.57223959305 0)
(-8.90645208731 10.3925252042 1.019416245e-17)
(-5.04137296456 11.0605054512 1.00921668343e-17)
(-0.994572715113 11.5799404137 3.44717930292e-17)
(3.16373137993 11.9587496695 -5.74558825136e-17)
(7.38173850141 12.2154213206 -1.23193720892e-17)
(11.4657660176 12.3710726513 -4.16160312433e-17)
(-8.53088759474 -0.989522697403 3.83928142054e-18)
(-9.64910481279 -0.685151682094 -5.50187673633e-18)
(-10.799031385 -0.147862377192 -9.82926584355e-18)
(-11.6967447407 0.611915886303 -1.37964227876e-17)
(-12.2594121801 1.57611977242 -3.74396895886e-18)
(-12.4226894448 2.69606289557 1.87908074856e-17)
(-12.1338703863 3.9139875845 2.70267034329e-17)
(-11.3603044281 5.15588367949 -1.69142827043e-17)
(-10.0889453289 6.34327607035 7.24323237115e-18)
(-8.32946011847 7.39720155126 7.33220161945e-18)
(-6.10551426919 8.23798378053 -2.90947407716e-17)
(-3.46029569258 8.79419298683 -9.27987501818e-18)
(-0.457331141794 9.00765656974 -1.14504785465e-17)
(2.8257157516 8.84228881264 2.52776337784e-17)
(6.29827949862 8.283616532 1.55557352283e-18)
(9.867582795 7.33740069233 -9.6746109917e-18)
(13.445149697 6.02087974097 4.5383173272e-18)
(16.9604171044 4.35494400835 -3.9187467596e-18)
(20.3554010794 2.36950280509 -1.60660755844e-18)
(23.5718263694 0.126059199533 -2.34283281205e-18)
(26.5367606014 -2.28858206618 -1.33330832883e-21)
(29.1525743566 -4.77214444893 1.51066375684e-19)
(31.3506125859 -7.19627253235 -1.10859280698e-18)
(33.0419585837 -9.42717846629 1.14695025919e-18)
(34.1980244188 -11.3286991114 1.22044977282e-18)
(34.9246027679 -12.7933860727 -1.77575989069e-18)
(34.9403454118 -13.7508506797 5.15808066904e-19)
(34.6733946378 -14.2416065798 -5.1088535837e-19)
(34.0054264449 -14.2236201525 -1.27913406524e-18)
(33.1782109993 -13.7797050992 5.8551746959e-18)
(32.3293476921 -13.0063147182 1.32220149757e-18)
(31.5560634872 -12.0255689811 -8.3001187448e-18)
(30.932645395 -10.9983923187 -1.64530000211e-18)
(30.4702893571 -10.1459268362 5.77942546459e-18)
(30.078148617 -9.70117895848 -4.11674198133e-18)
(29.5620380088 -9.83033811414 -4.40619135908e-18)
(28.6587126162 -10.5752862082 4.46225644043e-18)
(27.0689096516 -11.8526733535 2.38522523681e-18)
(24.4823948775 -13.5194478108 -4.07409822833e-18)
(20.6199114491 -15.4389547003 7.41010380109e-19)
(15.3064541531 -17.4879082114 7.53036424075e-18)
(8.62545321093 -19.5068827577 -5.45629285941e-18)
(0.922061776542 -21.2346192149 6.0230916608e-18)
(-7.24347042934 -22.4280613512 -1.35806712396e-17)
(-15.0715581744 -22.9186232737 -3.8874715212e-17)
(-21.8574078095 -22.5909306822 3.18505624255e-17)
(-27.2558928269 -21.4576610473 4.08768423812e-17)
(-31.2263532828 -19.6684806621 -2.22326941464e-17)
(-33.9437065562 -17.438689608 -4.82579043139e-17)
(-35.6893434389 -14.9842341023 2.61408190996e-17)
(-36.7460202101 -12.4714216186 -2.56299728358e-17)
(-37.3079251128 -10.0003122189 4.26103143358e-20)
(-37.4801461378 -7.63794966598 1.87592790026e-17)
(-37.3182514148 -5.4210429242 1.45509933808e-17)
(-36.7929451953 -3.35092011569 1.14510101593e-17)
(-36.0044941415 -1.43155724101 3.26512078133e-17)
(-34.9141269036 0.331309612882 -8.86758627908e-20)
(-33.5247789976 1.94074357824 1.59846156304e-17)
(-31.8326522121 3.38650933282 9.31037192322e-18)
(-29.8248129872 4.65691412439 4.20066943822e-17)
(-27.4822359801 5.7538896055 -1.84874795359e-17)
(-24.8039319142 6.69998046038 1.21118615236e-17)
(-21.8034378462 7.50164475217 0)
(-18.4946890714 8.16574934316 2.4915841728e-17)
(-14.895634601 8.69628717617 1.59857765411e-17)
(-11.0252978585 9.09678086229 -4.46318944898e-17)
(-6.91481596018 9.37837589126 -2.39944834416e-17)
(-2.62222544614 9.55035311905 5.86508027828e-18)
(1.8037652419 9.63562952985 -1.33049796502e-17)
(6.17448233243 9.66150748867 3.21443650253e-18)
(-4.37057734268 -0.349309194765 2.00205085154e-18)
(-4.92830362586 -0.175128628071 -1.5705628983e-17)
(-5.51437337636 0.14435353901 8.5363524914e-19)
(-5.92331249 0.60622603051 1.0383235833e-17)
(-6.08946986578 1.19575736292 1.07248062435e-17)
(-5.94754726626 1.87790378836 4.49646708255e-18)
(-5.44628493148 2.61204734921 -1.0247051928e-17)
(-4.54766975211 3.34404968221 -1.99695694119e-17)
(-3.23118602723 4.01554252251 1.50137724809e-17)
(-1.49654144824 4.56755411899 -2.22604990906e-17)
(0.640210104916 4.94011277305 -1.56098056443e-17)
(3.14065280373 5.08065325224 6.9197958671e-18)
(5.94521988846 4.94557570599 1.02500608814e-17)
(8.97650980678 4.51100039348 1.39310236427e-17)
(12.143229218 3.77033568103 -1.6925477439e-17)
(15.3495013401 2.73358636668 -6.00750860013e-20)
(18.5066625101 1.42322881086 -1.66090011804e-18)
(21.5434185084 -0.136554687492 -1.3047006562e-18)
(24.4044559801 -1.91140395566 -3.64492847174e-18)
(27.021112054 -3.8149584025 -4.01043494473e-18)
(29.3192493861 -5.74726004867 4.39051909641e-18)
(31.1876684561 -7.61617320215 2.868634767e-18)
(32.5526225773 -9.3101791777 -4.51204158994e-18)
(33.3630665779 -10.7700757326 -9.15396203741e-18)
(33.489081528 -11.9119954569 5.79640694933e-18)
(33.1732255482 -12.6047700398 4.79142222919e-18)
(32.4979983712 -12.8276098985 -8.02195377734e-18)
(31.60888588 -12.7276485496 2.20805549657e-18)
(30.6246148624 -12.3666130921 4.54242529293e-18)
(29.6790442738 -11.801925463 -7.47204846327e-18)
(28.880401236 -11.10134211 4.19426824791e-18)
(28.3036784453 -10.3401646892 8.68153886573e-18)
(27.9853792627 -9.63376271682 -8.23601573065e-19)
(27.9125352989 -9.12928398177 -2.13266301114e-18)
(28.0041572243 -8.96436290059 -1.44097562844e-18)
(28.0908751528 -9.22208983141 4.29122805087e-19)
(27.9749489633 -9.8924885005 2.42440140133e-20)
(27.4139415329 -10.8426701186 -3.19101563868e-18)
(26.1617792058 -11.9467345384 -2.91679772224e-18)
(23.9635717001 -13.1480652065 1.96615822592e-18)
(20.5525811912 -14.4170153409 -1.9640413111e-19)
(15.7950486445 -15.7084857895 4.43712034894e-18)
(9.73921900152 -16.839068893 -6.72505283438e-18)
(2.49666568953 -17.6719529578 9.66417349737e-18)
(-5.42175782307 -18.1423695108 2.15370397299e-17)
(-13.2282922685 -18.1233775231 -3.41664929509e-17)
(-20.3117756513 -17.4971935065 -1.65484491627e-17)
(-26.3025773071 -16.2929056652 5.72417413721e-17)
(-31.0468765647 -14.6102841132 -8.05110844436e-20)
(-34.5644864757 -12.6049588462 -4.12048404265e-18)
(-37.004379345 -10.4347989743 1.53922390256e-17)
(-38.549881412 -8.22684893287 -2.25682750806e-17)
(-39.5482131617 -6.09459619838 1.45788916039e-17)
(-40.0305211723 -4.12427197256 0)
(-40.1272837753 -2.28802059538 2.8979690135e-17)
(-39.7907859819 -0.590787443683 -8.68150855321e-18)
(-39.0757215167 0.940738346359 -7.89986250903e-19)
(-37.9831031778 2.30100924594 4.74636247728e-20)
(-36.562009453 3.48942208867 2.1384591367e-17)
(-34.7999931054 4.47288204103 -2.57754382425e-17)
(-32.6742406118 5.23220756146 3.8167631947e-18)
(-30.1656796593 5.82288671047 2.39449200673e-17)
(-27.2974876217 6.28285127291 -1.39158362364e-17)
(-24.0953103592 6.6192583285 -1.0890998751e-17)
(-20.5760809617 6.84394144178 -6.67999362853e-18)
(-16.747414104 6.95867544259 1.58434498064e-17)
(-12.6218351636 6.97780366123 4.43843018072e-17)
(-8.24101489281 6.9020506243 -5.7561788497e-17)
(-3.64494199857 6.76041284132 -9.7111547937e-17)
(1.0115950261 6.58644491078 5.78081351558e-17)
(-1.6345235175 -0.200683112514 -4.91542585597e-18)
(-1.7296535658 -0.139306179059 1.04199746335e-18)
(-1.79497255433 0.0216772366664 2.13052102442e-17)
(-1.72058830859 0.262993106395 1.89848272156e-18)
(-1.45164724404 0.562141074279 -9.98572334437e-18)
(-0.940579195551 0.895581053225 -4.22799020674e-18)
(-0.150123990864 1.24669078434 1.45623006168e-20)
(0.942344549541 1.56067316005 8.17341415345e-18)
(2.35887538821 1.81309273377 8.02709469336e-18)
(4.08756639116 1.96068772621 -4.4970702885e-18)
(6.11879282793 1.95315378072 1.58464590328e-17)
(8.41126400038 1.77457010807 1.57982783025e-18)
(10.9076596525 1.39384810142 -9.07008372657e-18)
(13.5346037894 0.80355151615 -9.34815924487e-18)
(16.2120044019 0.0109863592388 -1.06657501681e-20)
(18.847654117 -0.954857874027 -9.54294818318e-20)
(21.3838961822 -2.09348639616 3.32901584265e-17)
(23.6970188936 -3.36679585725 1.75321983017e-18)
(25.7603463338 -4.77844961538 -6.17130342131e-19)
(27.5017105894 -6.17035148534 -4.70658116702e-18)
(28.7983169999 -7.49525574343 0)
(29.54306613 -8.69081112216 9.06351840018e-19)
(29.7652406298 -9.56384906523 1.2720207692e-18)
(29.5175370199 -10.1267533943 -3.40107997213e-18)
(28.8731260724 -10.4108825305 -1.39046754757e-18)
(27.9549096345 -10.4834279625 4.30672139433e-18)
(26.9074971108 -10.3949938839 -3.08923233453e-18)
(25.8706323548 -10.1929719548 -1.0031966408e-18)
(24.9555456408 -9.89184439717 3.62847019597e-18)
(24.2356185489 -9.53565443865 3.22363398892e-18)
(23.7760100501 -9.1462081154 -8.35852153468e-19)
(23.6087636665 -8.75683177362 2.66629628737e-18)
(23.7204289131 -8.46434456787 1.96351153655e-18)
(24.0844178868 -8.34571468763 3.73907957872e-18)
(24.6109377055 -8.48186298197 -7.02625594399e-18)
(25.170166895 -8.87194054547 -5.65021320901e-18)
(25.5834252249 -9.47848255088 9.14126739124e-18)
(25.6962181566 -10.1652413511 -1.96519804067e-18)
(25.3546438184 -10.9034009043 -4.73895413691e-18)
(24.4242411574 -11.6098095276 7.63004074584e-18)
(22.7136531438 -12.2862426819 4.96604390637e-20)
(20.0585775547 -12.9969798954 -7.56683855675e-18)
(16.401949348 -13.5101570529 2.19808320757e-18)
(11.4277407195 -13.8010233104 8.74005693191e-19)
(5.21182151752 -13.9442344372 -1.66387102213e-17)
(-1.74752230508 -13.9294873053 1.57227411594e-17)
(-8.9561668858 -13.5343905883 1.42832499839e-17)
(-15.9556203488 -12.7361567006 -4.99445513583e-18)
(-22.3947715172 -11.5332989276 2.37875617351e-17)
(-28.0037057646 -10.0244677212 -5.8186744246e-17)
(-32.6025118854 -8.31644492136 2.46943395345e-18)
(-36.1706902034 -6.46738731075 3.3028243757e-17)
(-38.6316009241 -4.62334376203 8.17966854294e-18)
(-40.247602219 -2.89890125475 -8.63523640289e-18)
(-41.1363639567 -1.30689357371 2.15279881321e-18)
(-41.451265934 0.130120294721 4.12522644462e-18)
(-41.4796666551 1.38184983406 -1.15531805642e-18)
(-40.9322435567 2.48989321184 -5.16419152251e-18)
(-40.0788518684 3.44630953899 -1.75625307025e-17)
(-38.8060743303 4.20438105344 3.05805416509e-18)
(-37.0846298753 4.59266820821 2.04205091048e-17)
(-34.8608327564 4.82862632355 -6.97017737048e-18)
(-32.1955924089 4.97872741058 -2.09755557982e-17)
(-29.170364798 4.98358806663 -4.32066191482e-17)
(-25.7928128955 4.91097343704 -7.15821130646e-18)
(-22.0829050217 4.70995646577 4.09993274333e-17)
(-18.0201671614 4.44691576145 3.1660327335e-17)
(-13.6412058145 4.05660388055 -6.91593657033e-17)
(-8.94187770491 3.59832672043 2.30913838544e-17)
(-4.01717110913 3.06684558463 6.31583866715e-17)
(-0.760398867458 -0.313354532237 -2.68249732059e-18)
(-0.703725092165 -0.311328294073 5.32856831449e-18)
(-0.567297724511 -0.278405152348 -1.8069510642e-18)
(-0.303532529717 -0.209787437467 3.93175352876e-18)
(0.128692122713 -0.115930972052 -5.38026491082e-18)
(0.762053251574 -0.0170894085768 -1.19438305291e-17)
(1.62917664093 0.0723949732081 2.76209980847e-17)
(2.7378641289 0.116909494042 1.31661915727e-18)
(4.07701982196 0.104982207979 -2.36103799949e-17)
(5.6451072704 0.00940399932186 0)
(7.40137345733 -0.19582976863 8.11388845284e-18)
(9.30163552636 -0.514665901233 -1.28659806173e-18)
(11.2907225032 -0.967659405674 -1.56167309239e-17)
(13.2880710777 -1.53993352606 8.21131702733e-18)
(15.2140672357 -2.23894364235 9.42864982072e-18)
(17.0059804141 -3.00738559581 -3.91522507119e-18)
(18.607407217 -3.82583816161 9.18559106027e-19)
(19.9819429523 -4.60372580113 -2.50434737498e-17)
(21.1045339614 -5.46401592433 -3.58057332455e-19)
(22.0134469697 -6.19073365105 1.06705348127e-18)
(22.4595264989 -6.72681724113 -1.45856845087e-18)
(22.3490062354 -7.13034285145 -3.16367827119e-18)
(21.8902115715 -7.35227571138 1.44188477279e-20)
(21.1748757389 -7.48764255558 7.74568554148e-18)
(20.3580866849 -7.51841704232 3.60117882055e-19)
(19.4795941692 -7.52884966123 -1.4539653358e-17)
(18.6679631694 -7.46660178451 8.56682979869e-18)
(17.9427502284 -7.41818487233 1.01614347923e-17)
(17.4049252673 -7.33167937929 -3.83554495146e-18)
(17.0548293502 -7.28953400438 2.32683126889e-19)
(16.9756766281 -7.25925888785 -1.03439105858e-19)
(17.1699370737 -7.22285310966 2.84583658399e-18)
(17.5525291829 -7.2981200306 -3.11855835891e-18)
(18.1509898797 -7.45508421355 -2.00226830147e-18)
(18.8392845262 -7.77408870982 -4.01422594463e-19)
(19.5622296977 -8.15994978884 4.31994299448e-18)
(20.1518220039 -8.63321798166 2.47852981484e-18)
(20.5935941946 -9.04860188574 -5.78071080737e-18)
(20.7866494579 -9.47755141551 5.93710503232e-18)
(20.7358513059 -9.856951804 2.83869402441e-20)
(20.2853238249 -10.3289827144 -1.91906035961e-17)
(19.4234946046 -10.9943556985 -2.90470894405e-19)
(18.034261563 -11.1706240545 2.07438419369e-17)
(15.698765607 -11.0170280713 -1.08660085461e-18)
(12.3648231736 -10.8317151369 -3.0683237104e-18)
(8.1704130073 -10.7847597141 -3.54475094559e-18)
(3.28996650376 -10.5202218617 -3.42012082991e-17)
(-2.1768605409 -10.0430641914 8.78414775772e-18)
(-7.97462955045 -9.2035419588 7.56341635327e-17)
(-13.828792594 -8.16074961383 5.29555369668e-18)
(-19.3688897426 -6.92940984908 -5.20806731707e-17)
(-24.4406933039 -5.59133496897 -8.60538092473e-18)
(-28.8476871442 -4.20549770312 1.20019269689e-17)
(-32.4824427699 -2.83694984523 1.36603678426e-17)
(-35.2075259629 -1.51721221213 2.10023792238e-18)
(-37.1503351945 -0.211795770186 6.48433241659e-18)
(-38.3131084786 0.89623774276 1.72827841817e-18)
(-38.8950265443 1.91734172219 1.42686438259e-18)
(-38.9849488198 2.74672237589 1.32286350826e-18)
(-38.9206969977 3.43201427908 1.24001227531e-17)
(-38.1605450055 3.36161578149 5.72182197031e-18)
(-36.7308285443 3.15073232922 8.03157686178e-18)
(-34.7148242368 3.00627937795 -2.80054562521e-17)
(-32.2748047178 2.67941652894 -2.50678251519e-17)
(-29.392878181 2.38061750897 3.63733861438e-17)
(-26.1577045351 1.8492453016 8.30451825612e-17)
(-22.462111158 1.36102855068 -2.26081894741e-17)
(-18.4084030011 0.661277761332 -2.87598525115e-17)
(-13.8387706079 -0.0111564896457 3.43550765534e-18)
(-8.78656135056 -0.939916806826 -1.25093796414e-17)
(-0.879525781567 -0.265717526276 -1.48545523107e-18)
(-1.00222821468 -0.317420990844 -4.24664990654e-18)
(-1.0780940025 -0.349332633893 5.26780055391e-18)
(-1.08763182014 -0.382045176494 8.291317534e-18)
(-0.985793045806 -0.390450655948 -1.46311886077e-17)
(-0.771925080162 -0.479011672881 9.15143428101e-20)
(-0.411145023527 -0.557966891464 6.15232640357e-18)
(0.101456879249 -0.657288978784 -8.51371073874e-18)
(0.769703820362 -0.772783077083 -1.86389568557e-19)
(1.57603734397 -0.968806808421 1.94972592479e-17)
(2.49269536694 -1.14411349782 -3.1463919953e-18)
(3.48020421943 -1.38825549942 -9.93626495878e-18)
(4.4928470265 -1.64846961267 2.63087441616e-18)
(5.46098394483 -1.9407232483 4.21749172441e-20)
(6.34993122759 -2.25253682338 -6.39719916153e-18)
(7.12341673271 -2.53991369149 2.42643588761e-18)
(7.72055735297 -2.83999560149 -2.14191816985e-17)
(8.28761040333 -3.17132544812 -2.02107440844e-20)
(8.58730784396 -3.6251534771 -7.09725821814e-18)
(9.41535323337 -3.99223991408 -2.21557795128e-19)
(9.53492343221 -4.04943370392 1.00228341892e-17)
(9.24944015426 -4.15340606729 2.11212075486e-19)
(9.04592401649 -4.24658072876 -4.067972545e-18)
(8.66075993103 -4.37042614095 0)
(8.39911234021 -4.45158944429 -7.66964300391e-18)
(7.98918001541 -4.566274669 4.67607271073e-18)
(7.73111796203 -4.64031783213 8.23734368771e-18)
(7.38054839288 -4.75825782078 -8.18648267479e-18)
(7.21592423454 -4.84452011146 -1.34503135411e-17)
(7.00971995306 -5.0106461726 1.03511234628e-17)
(7.0858395403 -5.20547915463 1.16440127978e-17)
(7.24377898393 -5.30787400386 -6.23091618583e-18)
(7.37716295854 -5.50059603851 5.18590096217e-20)
(7.76218644898 -5.7087935988 7.08124249144e-20)
(8.06671805853 -5.98908331731 0)
(8.5379856165 -6.24564096614 1.94591133018e-19)
(8.81659824826 -6.53412868778 -5.65812720669e-18)
(9.23630904718 -6.75590822231 -3.21418354011e-19)
(9.46439436804 -6.99054336129 7.12769428667e-18)
(9.88159367699 -7.16492288478 6.94731250831e-18)
(10.0382796421 -7.46145967054 4.65555722462e-18)
(10.4857535712 -8.06224202876 -2.62113672359e-18)
(10.9297154072 -8.18807638216 -8.42575890137e-18)
(10.6272018829 -8.36070381825 -2.99127849445e-17)
(9.9617971299 -8.57183754415 -1.06893045816e-18)
(8.92916285734 -8.93106576465 1.54176609645e-17)
(7.37154050711 -8.82816665607 7.14110129106e-19)
(5.43580311299 -8.60501924121 -2.4470793349e-17)
(3.13610488168 -8.01349034893 -6.96580802899e-17)
(0.471804225354 -7.57093506721 9.70723116087e-18)
(-2.39970957743 -6.88799829173 2.96179624583e-17)
(-5.52380023058 -6.2694673621 1.64379094472e-17)
(-8.50051052643 -5.51265472418 3.02572741368e-17)
(-11.6208711728 -4.97860939714 8.44858972492e-19)
(-14.2998798375 -4.40639155383 -1.32473244337e-17)
(-16.949017811 -3.82548625451 5.86111341803e-18)
(-18.9658260456 -3.36624892607 -6.05419892187e-20)
(-20.6883443769 -2.88803902844 6.09882476791e-18)
(-21.6660138882 -2.5841168816 -1.74788158083e-16)
(-23.3792562832 -1.98831929096 6.48809297192e-16)
(-25.5758232474 -1.78821782151 -1.58750965815e-17)
(-25.8942927033 -1.82606960483 -6.40570850798e-19)
(-25.4037532702 -1.69764356618 -3.97144030665e-17)
(-24.8081564919 -1.96261823208 6.00868729237e-19)
(-23.3774744926 -2.03523608351 7.64950393814e-17)
(-22.0168811383 -2.47323891991 -3.25895727307e-17)
(-19.6739055592 -2.67739644333 -4.44883923715e-17)
(-17.3594367 -3.37303066092 -1.17636324713e-17)
(-14.2185711562 -4.07127090856 2.36119664277e-17)
(-11.0234594329 -5.69169432071 3.69547542793e-18)
(71.4272412694 20.8795076096 -9.48955366123e-19)
(71.166389248 21.0421932932 -1.06128485462e-17)
(70.8748978249 21.1550736009 2.50855999505e-18)
(70.5681472207 21.2003750162 2.89799799924e-18)
(70.2397185175 21.1806587103 -2.44126462021e-18)
(69.8921023122 21.1055880185 0)
(69.5293457531 20.9742763634 -7.56116040248e-18)
(69.1516346874 20.7869692848 -9.09560020025e-20)
(68.7603258943 20.5478816391 1.38149448084e-17)
(68.3570742355 20.2610319873 -7.31190981419e-19)
(67.9434436806 19.930872941 -8.58949527922e-18)
(67.5213798713 19.5619583101 -1.36788545711e-19)
(67.0930080741 19.1588722561 5.25349882663e-19)
(66.6606387184 18.7263409857 -1.69904672054e-18)
(66.2269024714 18.2694191461 9.24026140911e-19)
(65.7946041764 17.7938970824 -1.25509791996e-18)
(65.3666877382 17.3064774835 -1.04873018386e-18)
(64.9462736344 16.8145382278 1.97093331369e-18)
(64.536159479 16.3259598757 -2.46978112217e-18)
(64.1379310475 15.8487044262 4.35744758087e-19)
(63.751645374 15.3888628305 6.91276778106e-19)
(63.3760385713 14.9489629423 -1.68941936491e-18)
(63.00910161 14.5282848424 2.84550078591e-18)
(62.6493809865 14.1248535088 1.29086393533e-18)
(62.2969869527 13.7375406047 1.96230149979e-18)
(61.9535275419 13.3670381418 2.81221763514e-18)
(61.621154447 13.0155147035 2.06823700939e-18)
(61.3014153612 12.6855483113 2.23249386553e-18)
(60.9946444996 12.3792874675 -4.61578448896e-19)
(60.6998408639 12.0978423587 -1.30755511802e-18)
(60.4148781681 11.8408741916 6.23855505943e-19)
(60.1370793084 11.6069604505 2.1233821543e-18)
(59.8637469197 11.3941555493 -4.20338948973e-19)
(59.5923426986 11.2001246818 2.01303743173e-18)
(59.3205564549 11.0223429987 -6.34527923301e-19)
(59.0465710233 10.8585206851 -1.05881098052e-18)
(58.7692672848 10.7068050455 8.6572586672e-20)
(58.4880853377 10.5656808173 -1.22899498905e-18)
(58.20277654 10.4338013927 -1.10696297192e-18)
(57.9132188006 10.3099303525 -4.52627397124e-19)
(57.6194132743 10.1929503542 1.54626641341e-19)
(57.3215017069 10.0817703104 3.62988313751e-19)
(57.0195984567 9.97522645511 6.83629360441e-19)
(56.7137510818 9.87207547038 -2.00107857916e-19)
(56.403997519 9.77101535902 3.23538769565e-19)
(56.0903679091 9.67072339847 -2.47388306075e-19)
(55.7728987915 9.56995654628 -7.75800488171e-19)
(55.4516539032 9.46770632114 -1.22049449693e-19)
(55.1267388823 9.36339337632 5.00096540819e-19)
(54.7982993958 9.25707334432 -6.48077115132e-20)
(54.4664945481 9.14961074001 -6.22115329233e-20)
(54.1314414272 9.04276583901 1.98704419883e-19)
(53.7931348961 8.9391398469 -2.4177801416e-19)
(53.4513635221 8.84193579872 -2.48895662842e-19)
(53.1056382932 8.75452063368 1.54354195579e-19)
(52.7551893452 8.67981951027 -2.24204633991e-19)
(52.3989902219 8.61960846115 -4.45657564513e-20)
(52.0359905182 8.5738421531 -1.10174546116e-19)
(51.6653664638 8.54021886699 -6.10259978426e-22)
(51.2863922891 8.51423784543 -1.44273117396e-19)
(50.8992559165 8.48877230062 -9.86635487714e-21)
(50.5055280969 8.45648846947 0)
(50.1078902378 8.40956818916 1.08414838065e-20)
(49.7103299756 8.3414203825 -1.13121090828e-19)
(49.3180816386 8.24803908843 -3.02421802378e-20)
(48.9365817663 8.12731238685 0)
(48.5717295393 7.97941134909 0)
(48.2302233292 7.80724506045 -2.11605145435e-19)
(47.9177596532 7.61195834639 5.34667220576e-19)
(47.6370551228 7.39132454548 0)
(47.3907151514 7.14006318323 -1.3904263893e-21)
(47.1876136292 6.84793688691 -7.09783309559e-19)
(47.0421836535 6.50729334088 8.78465581446e-19)
(46.9539983671 6.12603544524 -1.79212663358e-18)
(46.8669392357 5.73338938693 1.95436345178e-18)
(46.6639556081 5.3380766652 9.68047090484e-19)
(46.3237068442 4.81144154827 -1.9863270913e-19)
(46.2288338244 3.73149102829 1.28305353506e-18)
(46.4076493167 2.28440542111 -1.67439275216e-17)
(49.6310674386 -3.09870010207 5.78018381749e-17)
(69.3328337432 21.53586736 2.22012449012e-17)
(69.1853957538 21.6543610635 4.41066068429e-18)
(68.995619168 21.7207515408 -1.86049579673e-17)
(68.7865821201 21.7258760146 -9.60562053082e-21)
(68.5665673052 21.6701813885 0)
(68.3320554492 21.5594798397 2.45079879125e-19)
(68.0790562666 21.3949206333 -5.47693837383e-18)
(67.8084951652 21.1780149922 3.45410171341e-18)
(67.5222778763 20.9119860512 8.89884737309e-18)
(67.2215539805 20.6006152588 -1.2816373123e-17)
(66.9075699468 20.2481365759 -3.88322665625e-18)
(66.5818164991 19.8588473062 9.11700950382e-18)
(66.2458676913 19.4370324098 -3.29711516888e-18)
(65.9014974531 18.9871102545 -2.7486746395e-18)
(65.5508467309 18.51391767 1.58068375154e-18)
(65.1963958629 18.0231221644 7.14323409434e-19)
(64.8408713605 17.5213423622 2.12805711754e-19)
(64.4871235686 17.0159703179 2.41533696145e-19)
(64.1377707651 16.5151098072 -2.62074208643e-18)
(63.7947629759 16.0270350965 2.70579433559e-18)
(63.4589202242 15.5582629885 -3.15618771861e-18)
(63.1294446616 15.1115523451 -5.70026950657e-19)
(62.8041724923 14.6858346619 2.67974135079e-18)
(62.4809818721 14.2781981393 8.49134964805e-19)
(62.1593463447 13.8864337635 3.86451653464e-18)
(61.8408281765 13.510558271 1.66393026625e-18)
(61.5282853939 13.1527383236 1.563339537e-18)
(61.2244659782 12.8161212521 -1.23797371921e-18)
(60.9309344444 12.5036120897 -1.70637749569e-18)
(60.6475811653 12.2169017782 1.58496428932e-18)
(60.372760618 11.9559789438 7.37550910016e-19)
(60.1039849802 11.7195197902 1.55371090312e-18)
(59.8385940253 11.5054747073 3.59336882776e-19)
(59.5739680622 11.3111881734 3.83868372714e-20)
(59.30767293 11.1336900338 -1.7294231597e-18)
(59.0378720619 10.9703421196 -9.98964894274e-19)
(58.7635522341 10.8190975405 -9.40090560395e-20)
(58.4843390501 10.6783357145 -1.40629661108e-18)
(58.2001749897 10.5466332144 -1.04809608921e-18)
(57.911130535 10.4227008011 1.98404160491e-19)
(57.6173931831 10.3054013595 -1.06236129439e-18)
(57.3192470479 10.1936453175 -4.03401471113e-19)
(57.0169399426 10.0862939262 1.01617469822e-18)
(56.710646829 9.98214147002 4.54572823792e-20)
(56.4005013236 9.8799202251 -4.2644244738e-19)
(56.0865991572 9.77833879548 -7.60177663544e-19)
(55.7690142033 9.67618389915 1.19099211477e-19)
(55.4478210616 9.57247799008 4.73734181941e-19)
(55.1231121424 9.46667753086 3.5371478939e-20)
(54.794999456 9.35888298914 2.00124363028e-19)
(54.4635921715 9.25001583206 8.49052728993e-19)
(54.1289445121 9.14190519372 5.57111903404e-20)
(53.790977072 9.03722677392 1.5402891623e-19)
(53.4493928145 8.93925055459 -2.24776293328e-19)
(53.1036077742 8.85138335238 3.54091861277e-19)
(52.7527514123 8.77654326976 1.43368889916e-19)
(52.3956996667 8.71643151311 -2.55375310408e-19)
(52.0313241067 8.67087072984 -7.91576781927e-20)
(51.6587884679 8.6373555025 -2.23019067847e-19)
(51.2773168077 8.61106714372 -3.64990415175e-19)
(50.8871596173 8.58471516228 1.40507394668e-19)
(50.490068291 8.5506951797 1.17593260122e-19)
(50.0887703685 8.50098220038 -1.06076578957e-19)
(49.6875134518 8.42878523312 5.37830688586e-20)
(49.2917152076 8.32993126346 -2.5533697253e-20)
(48.9068475664 8.20286302161 -3.803132462e-20)
(48.5391658287 8.04827296162 -5.73143562571e-20)
(48.1957813596 7.86768759936 1.58153513193e-19)
(47.881534383 7.66354157026 1.68751765481e-19)
(47.5987851032 7.43420796054 -1.10258693551e-19)
(47.3509938776 7.17333240096 -5.04499296425e-19)
(47.148699211 6.86986232895 -3.53737709415e-19)
(47.0067644135 6.51797092537 9.18698583411e-19)
(46.9187320727 6.13235402666 -1.16120191889e-18)
(46.8143014631 5.74929878794 2.14659211247e-18)
(46.5747908913 5.36872085593 -8.60364322023e-19)
(46.2226087648 4.82756946659 -1.15812875464e-18)
(46.1783276034 3.68711540646 -2.42694009861e-18)
(46.4834365954 2.07869082046 1.04544821311e-17)
(50.0254729233 -3.39577260137 6.04901738294e-17)
(66.8943070867 22.1233864316 1.38635495135e-17)
(66.8779536309 22.2070844035 8.80231840282e-18)
(66.8154829534 22.2383794122 -1.96496593886e-17)
(66.7368878908 22.2156252578 2.16991395628e-18)
(66.6460078583 22.1374829716 1.32971894209e-17)
(66.5378962996 22.0035715513 6.29114498351e-18)
(66.4097227851 21.8163466426 -1.20223684834e-17)
(66.2627016178 21.5782770305 -5.23702780138e-18)
(66.0975829579 21.2924206043 7.43917449843e-18)
(65.9151293055 20.9625701547 -1.54555373895e-18)
(65.7161519822 20.5928461963 2.45037852132e-18)
(65.5015894229 20.1874120356 1.69639903003e-18)
(65.2725104093 19.7503709992 -2.70452427924e-18)
(65.0301028677 19.2859269741 8.11279667702e-19)
(64.7758654034 18.7987282603 9.8686785716e-19)
(64.511755369 18.2942042461 -1.41269680597e-19)
(64.240137115 17.778766111 1.73699836315e-18)
(63.9636140986 17.2598132192 7.93629716623e-20)
(63.6847818618 16.7456526037 1.09656338642e-18)
(63.4059819294 16.2448996913 2.16521621192e-18)
(63.1288059137 15.7646737988 -2.67372825279e-18)
(62.8532338723 15.3084519817 1.04031113319e-18)
(62.5773419905 14.8754375798 -2.42878243746e-18)
(62.298411996 14.4621371898 5.84024661605e-19)
(62.0148490242 14.0651276503 -6.91127824997e-19)
(61.7274795386 13.6832725734 -1.26111326732e-18)
(61.4393650282 13.3182653019 6.94654926608e-20)
(61.1544001275 12.9736109279 -1.03010913886e-18)
(60.8756913877 12.65298633 -1.21121699255e-18)
(60.6045133573 12.3588531158 2.55626410765e-18)
(60.3401761812 12.0917989609 -5.24914003587e-19)
(60.0806692066 11.8508059218 -2.61171970068e-19)
(59.8234679166 11.633800112 1.65528797607e-19)
(59.5658461006 11.4377858606 -2.49617442686e-18)
(59.3052098328 11.2593484379 -1.75476814528e-18)
(59.0396859121 11.0954983961 -1.6081006187e-19)
(58.7683301227 10.9439339164 -6.11030282098e-19)
(58.4909396034 10.8028554134 1.89541117155e-18)
(58.2076535175 10.6707169512 7.30206013578e-20)
(57.9187391172 10.5461609374 4.26883299411e-19)
(57.6245934566 10.4280157344 -6.31176900092e-19)
(57.3256797692 10.3151817003 -1.26435202229e-18)
(57.0224161007 10.2065495876 4.24529002733e-20)
(56.7151336749 10.1009604488 4.70530774112e-19)
(56.4040871489 9.99718817934 -5.17728079194e-19)
(56.0894578852 9.89397558768 -1.21132748002e-19)
(55.7713700271 9.7901365454 1.00047575018e-19)
(55.449914124 9.68471565856 -5.60632060126e-19)
(55.1251668826 9.57719020332 -9.72970769216e-19)
(54.797197712 9.46768540922 -7.38842567646e-20)
(54.4660522842 9.35715725867 2.2344709575e-19)
(54.1317060256 9.24748318844 1.6296688627e-20)
(53.7939890336 9.14139950885 -1.17667764922e-19)
(53.4525032532 9.04224035068 2.28685094546e-19)
(53.1065558275 8.95346330501 -5.7369335499e-20)
(52.7551618481 8.87800357505 4.01126213138e-19)
(52.3970891423 8.8175245146 1.38985133261e-19)
(52.031120943 8.77175193229 -6.31969276272e-21)
(51.6563828215 8.73800917879 -1.02019367051e-20)
(51.2720652117 8.71119438216 -1.10756476489e-19)
(50.8784891524 8.68388263379 -1.15319073207e-19)
(50.4775336687 8.64810228427 1.13919637606e-19)
(50.0720709621 8.59563321498 -1.67646434733e-19)
(49.6665237009 8.51967591897 1.35833618774e-19)
(49.2665511605 8.41574465574 6.10355480046e-20)
(48.8779432329 8.28244045207 2.80628720841e-21)
(48.5069036477 8.12051192859 7.89912490005e-20)
(48.1606277259 7.9311521838 3.29284162314e-19)
(47.8439238555 7.71815312842 -2.88755659397e-19)
(47.5588016143 7.47986460816 -4.95656537639e-20)
(47.3095046233 7.20903864087 -6.98902931084e-19)
(47.1085854016 6.89395713549 6.56331527554e-19)
(46.9708230435 6.53112123746 8.72354698397e-20)
(46.8818304014 6.14242441927 -1.51760387397e-18)
(46.7565146901 5.77012429583 1.22702126644e-18)
(46.4787911484 5.40228602619 3.61397952485e-18)
(46.1220625357 4.84015818051 -1.14373573244e-18)
(46.1481761788 3.62919822851 -3.30923908551e-18)
(46.6036956816 1.84094744279 -5.89337524808e-18)
(50.4934744983 -3.72857902187 -1.40484680184e-17)
(64.1145455095 22.6029982054 -9.45371932971e-18)
(64.266891346 22.6578405865 1.40023243257e-17)
(64.3609612719 22.6583648217 -1.23140624726e-18)
(64.4292505512 22.6053120147 -1.23906120773e-17)
(64.4810645788 22.4985511262 3.8206792004e-18)
(64.5142453597 22.3391177754 2.60780140972e-18)
(64.5264170237 22.1296360086 5.50713695442e-18)
(64.5170927791 21.8718841175 7.24711220485e-18)
(64.4866803706 21.5686125593 -3.05196762468e-18)
(64.4355633627 21.2233299848 -6.28174688653e-18)
(64.3641105796 20.8399148774 8.32456975692e-18)
(64.2728895749 20.4223836265 -2.03524840289e-18)
(64.1625513356 19.9746530603 -3.82377802041e-18)
(64.033763987 19.5007010268 -4.8666786289e-19)
(63.8873732246 19.0049167374 7.48901739883e-19)
(63.7247254296 18.4923923863 2.83556361562e-18)
(63.5477169621 17.9692265536 6.0940611227e-20)
(63.3586596672 17.4426844734 -1.87346561271e-18)
(63.1601186216 16.9210748993 5.46042215669e-18)
(62.9547048355 16.4131121373 5.76391294638e-19)
(62.7446138675 15.9263127622 4.16479314708e-18)
(62.5306829723 15.4649084283 4.94135842124e-19)
(62.3116435621 15.0287429601 -1.78173026195e-18)
(62.0846305929 14.6142030955 6.16152874774e-19)
(61.8470094878 14.2168230682 -2.6114528321e-18)
(61.5983329856 13.8340313883 -2.66820223233e-18)
(61.3410687697 13.4664952163 -3.92566813665e-19)
(61.0796775802 13.1175795662 3.49591783167e-18)
(60.81875694 12.791599845 -1.76558645233e-20)
(60.5613679884 12.4919989355 1.86659583147e-18)
(60.3083213823 12.2202570684 3.84441905225e-20)
(60.058547961 11.9759245099 -4.67346507795e-19)
(59.8099193091 11.7570514928 -8.60579869311e-19)
(59.5596670535 11.5603274486 -8.4057763408e-19)
(59.3050126683 11.3818941722 -1.04649546118e-18)
(59.0440083506 11.2184010205 -6.8146946338e-19)
(58.7757483349 11.0672638304 -3.0615529459e-19)
(58.5001811351 10.9264836705 -5.26671394692e-19)
(58.2176470358 10.7943856716 7.16510685514e-19)
(57.9286239636 10.6695457294 4.93429107903e-19)
(57.6337418819 10.5507741631 7.2241531992e-20)
(57.3336819327 10.4369883963 2.78114394063e-19)
(57.0290627774 10.3271250114 1.32930491747e-19)
(56.7203945535 10.2200839943 4.28000250052e-21)
(56.4080762361 10.114697576 2.20560071808e-19)
(56.0923959127 10.009760685 -6.80264451799e-19)
(55.7735442675 9.9041314892 -7.49532243193e-20)
(55.4516373465 9.7968922367 -3.92778562924e-19)
(55.1267381428 9.6875541911 1.65042140579e-20)
(54.7988679667 9.57627756257 -2.58015259281e-19)
(54.4679970515 9.46405984977 -3.43090901093e-19)
(54.1340054776 9.35283083724 2.40249145805e-21)
(53.7966140661 9.24538893361 -3.01399017639e-19)
(53.4553047932 9.14513166144 1.71275989761e-19)
(53.1092586 9.05556386691 -8.23854828569e-20)
(52.7573612272 8.97963062957 1.90505177722e-20)
(52.3982623207 8.91894778995 3.96017935807e-19)
(52.0306506623 8.87312970621 -1.32956427594e-19)
(51.6536026534 8.83929055226 4.27673761854e-20)
(51.2662855538 8.81208845824 4.25258612409e-19)
(50.8690972429 8.7838776068 -1.60494725164e-19)
(50.4640637696 8.74633951844 1.41351363215e-19)
(50.0542271288 8.69108865579 1.66132572579e-19)
(49.6441535437 8.61117182494 -1.16811970609e-19)
(49.2396871867 8.50188802082 6.41891725879e-20)
(48.8470412056 8.36136199954 4.3177472126e-21)
(48.4727377297 8.19071380367 5.0835551225e-20)
(48.1236564018 7.99370085368 -2.09051289941e-20)
(47.8042237441 7.77255462769 1.73034671705e-19)
(47.5164645475 7.52531860254 -1.30746987661e-19)
(47.2660922621 7.24415568019 2.09984561248e-19)
(47.0676517046 6.9170628879 1.29067838176e-18)
(46.9347241618 6.54370610047 6.91876489804e-19)
(46.8428494911 6.15397680361 -1.44422194321e-18)
(46.6926555732 5.79475489132 -1.16792156704e-18)
(46.3761349033 5.43806539908 1.6977898046e-18)
(46.0259240529 4.84745844982 1.77921008735e-18)
(46.1259271102 3.55275441396 2.14408810565e-18)
(46.7754940891 1.5663408445 -1.95498356024e-18)
(50.9904306042 -4.03761036518 2.90134025796e-19)
(60.996405559 22.9412767596 2.29931080002e-17)
(61.3387536733 22.9746877676 4.73724388389e-18)
(61.6097127216 22.9431656542 -1.58776643792e-17)
(61.8482999733 22.8574535114 9.87663069567e-19)
(62.0643453308 22.7214662067 -3.23256301234e-18)
(62.2580613155 22.5374957646 -1.84118485285e-18)
(62.42730947 22.307283174 2.65293162297e-18)
(62.5714059562 22.0324548735 -3.5338020773e-19)
(62.6903699408 21.7152477342 4.70569163202e-18)
(62.7841551174 21.3586442114 6.94494090939e-18)
(62.8529166682 20.9662275739 -5.12250285069e-18)
(62.8970200963 20.5417781003 -1.21910258315e-18)
(62.9168698 20.0890272632 7.25737034428e-18)
(62.9127588661 19.6117490398 -3.03560669556e-18)
(62.8850377011 19.1140202283 -1.06359007134e-18)
(62.8344990715 18.6005154779 -1.76259183719e-18)
(62.7625028858 18.076896252 -1.84589958056e-18)
(62.670977721 17.550084207 2.73185729752e-18)
(62.5623520206 17.02815103 9.83563091424e-21)
(62.4393665049 16.5196885796 -2.29617466589e-18)
(62.304657904 16.032412072 1.81472136876e-18)
(62.1598744711 15.5712414387 -4.99760049789e-18)
(62.0046715097 15.1368968145 -9.88863551417e-19)
(61.8365777092 14.7261326492 0)
(61.6523284992 14.3338411408 -3.28610558469e-18)
(61.450056037 13.9559853518 -1.81864260209e-18)
(61.2309134948 13.5917190694 -1.13462614477e-18)
(60.999056381 13.243629583 1.88201340957e-19)
(60.7600664149 12.9162708165 5.63515137433e-19)
(60.5188528406 12.6140580146 -1.13483573148e-18)
(60.278201518 12.3396308169 -3.66607431469e-19)
(60.0385782406 12.0934580722 -4.87146313609e-19)
(59.7986978687 11.8739808173 4.73663410814e-19)
(59.5559742539 11.6777102199 -7.94731508935e-19)
(59.3074942069 11.5003903464 -1.14387123382e-18)
(59.0511951585 11.3382915271 -8.38734844375e-20)
(58.7861558804 11.1885083612 -6.08050650064e-20)
(58.5124298453 11.048811009 -2.05570267929e-18)
(58.2305439076 10.9173787259 1.10754882342e-18)
(57.9411939599 10.7927189918 -7.02880962648e-20)
(57.6452584333 10.6736352709 -1.74083416385e-18)
(57.3436655036 10.5590843052 9.14495403052e-19)
(57.0372662406 10.4480702116 -1.74850906798e-19)
(56.7267783003 10.3395714202 -5.54823269556e-19)
(56.4127725791 10.2324998304 1.66151194724e-19)
(56.0956688955 10.1257251668 5.23485345234e-19)
(55.7757448974 10.0181725671 4.82344023428e-19)
(55.4531558045 9.90898331684 -4.71245141503e-20)
(55.1279562986 9.79772152242 4.55387578706e-19)
(54.8001161899 9.68459752965 2.70247899827e-19)
(54.46951876 9.57066113414 -1.21205968147e-19)
(54.1359309175 9.45790084133 -2.07347315612e-19)
(53.7989427453 9.34917941205 9.8420207493e-20)
(53.457893814 9.24795622406 -9.03881854308e-20)
(53.1118178505 9.15777698703 1.50864379623e-19)
(52.7594532603 9.08158644972 -1.15766102447e-19)
(52.3993187739 9.02093494761 -2.52525144746e-19)
(52.0299970713 8.97530690618 -1.38275536221e-20)
(51.6505169249 8.94156697075 1.13278950171e-19)
(51.2600258749 8.91415933194 1.09418031927e-19)
(50.8589700467 8.88512231383 1.9675599075e-19)
(50.4496393918 8.84584243355 -7.45833960306e-22)
(50.0351584782 8.78772716929 2.03887152194e-19)
(49.620269998 8.7035714141 3.61684443715e-20)
(49.2110240695 8.58868456671 -1.14922617611e-20)
(48.8140766182 8.44130949219 5.63814991714e-20)
(48.4363559601 8.26305770388 -1.85634150556e-20)
(48.0843570906 8.05753002135 -8.3526074564e-20)
(47.7620289302 7.82694772036 -2.39634436284e-19)
(47.4717104907 7.57053235649 -8.3038104001e-20)
(47.2209065755 7.27854454315 7.28042243213e-19)
(47.0261529574 6.93898360168 -2.05606361778e-19)
(46.8983828966 6.55581284526 -1.21062659427e-19)
(46.8011628307 6.16771423622 1.46846147188e-18)
(46.6217125722 5.82402910296 -6.86742492869e-19)
(46.2697257958 5.47593267022 -3.6900938404e-18)
(45.9363711634 4.84847677088 9.51461757731e-19)
(46.1253217508 3.45605572151 9.08290755602e-18)
(46.9942270187 1.2611082882 -9.78792944955e-21)
(51.5037857123 -4.36535763216 -8.88669427087e-18)
(57.517878467 23.1170708473 3.6909772963e-18)
(58.0784264236 23.1101000252 -8.47723996142e-19)
(58.5559650227 23.0638483571 -2.46858779852e-18)
(58.9924825471 22.9545788433 1.18332201859e-17)
(59.3967591111 22.7954672763 9.57714677271e-18)
(59.7707226686 22.5916905262 1.18967433553e-17)
(60.1145052258 22.3456378449 -9.23643822727e-18)
(60.4282029314 22.0589612009 -3.17523255605e-18)
(60.7115987531 21.733443684 1.02746846454e-17)
(60.9643218156 21.3715190581 3.58749105656e-19)
(61.18626557 20.9762910934 -1.02897205372e-17)
(61.3776741565 20.5512080544 3.11747255086e-18)
(61.5388586323 20.0998261866 -1.00116441957e-18)
(61.6699166835 19.6257626913 -2.05956289171e-20)
(61.7709683812 19.1328038578 1.94633583992e-18)
(61.8424355116 18.6251995674 2.35201921975e-19)
(61.8851826604 18.1081156537 5.39922139798e-18)
(61.9007039902 17.5879823002 2.26898880605e-18)
(61.8911729546 17.0724507985 -1.10306086494e-18)
(61.8593135478 16.5698271858 -7.03513602911e-19)
(61.8080322666 16.0878558146 -6.10309460728e-18)
(61.7396348756 15.6320014496 -3.09365420654e-18)
(61.6547579328 15.2039254179 -1.00300980743e-18)
(61.5517537245 14.8011457528 -2.88008531558e-18)
(61.4273473546 14.4184618158 -1.54353452551e-20)
(61.2785765692 14.0506765102 1.28413339618e-18)
(61.1049585621 13.6952259615 7.4033817733e-19)
(60.9094929486 13.353309584 -1.09016305536e-18)
(60.6978677206 13.0290761858 -1.46539679532e-18)
(60.4764073025 12.7275767518 -1.64717483013e-18)
(60.2500310558 12.4526820048 -9.37430991024e-19)
(60.0212780997 12.2061019387 1.47803969175e-18)
(59.7902858549 11.9870115284 -4.76623961462e-20)
(59.5550749303 11.7920096032 5.48174788261e-19)
(59.3127988125 11.6165912676 7.80856949112e-20)
(59.0613012269 11.4566679768 1.69265322744e-18)
(58.7995889518 11.3089753733 4.69435175079e-19)
(58.5277494709 11.1710062733 1.07635201401e-18)
(58.2464541643 11.0407594049 5.51626353251e-20)
(57.9566044917 10.9166597631 -5.96171993127e-19)
(57.6593335694 10.7975066973 5.56448341226e-19)
(57.3558390102 10.6823098849 1.2217163537e-19)
(57.0472343993 10.5701595285 7.08160992129e-19)
(56.7344766411 10.4601329369 5.99899969365e-19)
(56.4183401365 10.3512434874 8.17684983945e-20)
(56.0994055286 10.2424585949 6.45813452449e-19)
(55.778062112 10.1327935033 -4.64508780356e-19)
(55.4545223411 10.0214705533 -1.65873898968e-19)
(55.128842003 9.90812597266 5.15697350187e-20)
(54.8009390253 9.79303526819 -1.86052548025e-20)
(54.4705997515 9.677310428 -2.86745031166e-20)
(54.1374599399 9.56300343107 -8.15964329602e-20)
(53.8009558562 9.45304169714 -8.30412804497e-20)
(53.4602596285 9.35094319361 1.60085597048e-19)
(53.114233931 9.26028732353 -1.50703301525e-19)
(52.7614489611 9.18400956688 -7.46928440337e-20)
(52.4002773157 9.12357828097 -3.03292513922e-19)
(52.0291815175 9.07833002368 1.15133874185e-20)
(51.647145717 9.04486834212 2.96256350516e-19)
(51.2532967221 9.01739516801 -2.07728990537e-19)
(50.8481895706 8.98761793121 -9.86777333527e-20)
(50.434244544 8.9466100456 -2.73590926197e-19)
(50.0148099269 8.88555507227 -1.59401591592e-19)
(49.594822265 8.7970619113 9.94366264786e-20)
(49.180629995 8.67643497249 -2.80706403281e-20)
(48.7792652168 8.52214210281 1.70031036918e-20)
(48.3978024506 8.33572102971 7.96498298946e-21)
(48.0425682616 8.12091819342 -1.51645294474e-19)
(47.7171963549 7.88158913392 -8.65461842042e-22)
(47.4245410351 7.61565473392 -1.60260834553e-19)
(47.1741152053 7.31222323845 -2.69299624348e-20)
(46.9842764927 6.95985037918 -1.47213825257e-18)
(46.8616023701 6.56797550532 -7.46529393065e-19)
(46.7558881624 6.18444148166 1.64876139038e-18)
(46.5433930838 5.85806284718 3.5458596992e-18)
(46.1587976773 5.51407280742 -7.7266606889e-20)
(45.8591428304 4.8405503273 2.63523048273e-19)
(46.1535262392 3.33698005386 9.5989678758e-19)
(47.2685731901 0.926115844769 2.62427741875e-18)
(52.0248133214 -4.70853754503 -2.38248516071e-18)
(53.686866706 23.0391255015 -1.90789030552e-18)
(54.4944968967 23.0385353367 -5.99373679791e-18)
(55.2012073179 22.9805759532 8.61680006608e-18)
(55.8587163819 22.8652097275 6.26517510808e-18)
(56.4756555948 22.6965706072 3.25510728686e-18)
(57.0523794076 22.4827370189 1.14352113131e-19)
(57.5901287375 22.2287598004 -3.71496026757e-18)
(58.090390378 21.9374978034 -2.03140531298e-18)
(58.5535584664 21.6109677677 5.87278788591e-18)
(58.9793266026 21.2512119802 -7.27878351208e-19)
(59.3674718117 20.860742589 -4.49148579115e-18)
(59.7181522662 20.4425601597 -6.06649434699e-19)
(60.0316039427 19.9999693447 2.8976436107e-18)
(60.307951328 19.5364146477 1.03218178328e-17)
(60.5473552242 19.0554472547 3.68393952629e-19)
(60.7500759582 18.5609635936 1.98025331902e-18)
(60.9166414158 18.057660048 5.19696330588e-18)
(61.048147757 17.5514166004 -8.20674933496e-19)
(61.1464406325 17.0493434825 -1.46572607417e-18)
(61.2140864028 16.5593212638 -7.53226972206e-19)
(61.25407498 16.088951728 -2.2139641127e-18)
(61.2691517201 15.6440433022 2.73097511402e-18)
(61.260815072 15.2271069574 2.88989352199e-18)
(61.2284481875 14.8366355879 -4.47736392893e-19)
(61.1693508919 14.4678555406 -3.96713548936e-19)
(61.0801058532 14.1149387618 -1.21191094744e-20)
(60.9587887746 13.7737552645 2.61086611719e-18)
(60.8067523748 13.4437383385 -2.31240133262e-18)
(60.6288624984 13.1279381158 5.42531368196e-19)
(60.432021393 12.8314345836 1.21158793139e-18)
(60.2229694752 12.5591158776 6.57420043821e-19)
(60.0065628957 12.3140844368 6.19428239408e-19)
(59.7849002571 12.0965750316 -1.29129763289e-18)
(59.5571828523 11.9036556294 1.17236941053e-18)
(59.3210205951 11.7308499632 2.77962282646e-18)
(59.0743131645 11.5738086846 9.46443940347e-21)
(58.8159900921 11.4289038352 -6.69809422904e-19)
(58.5460998923 11.2933024391 1.3127026308e-18)
(58.2653912427 11.1647758195 0)
(57.974932662 11.0416397591 -7.89800856434e-19)
(57.6761015397 10.9226824634 2.19772262895e-18)
(57.3703777942 10.8069737306 2.36909807721e-19)
(57.0591637422 10.6937053922 6.58923244473e-19)
(56.7436880833 10.5820738299 4.19640130529e-19)
(56.4249634575 10.4712166139 -2.92016437184e-19)
(56.1037645991 10.3602232376 -4.1167492154e-19)
(55.7806217347 10.2482242417 3.62885216508e-19)
(55.455827455 10.1345476338 1.58493056924e-19)
(55.1294527335 10.0189239528 -1.46544707107e-19)
(54.8013670425 9.90171171885 -6.47150441418e-19)
(54.4712521074 9.78409728206 -2.88000361645e-21)
(54.1385950372 9.66820218024 -2.4450356378e-22)
(53.8026539932 9.55701914955 2.77823372848e-20)
(53.4624062856 9.45412082311 -1.37237566084e-20)
(53.1165169904 9.36311260993 1.87902721037e-19)
(52.7633646609 9.28690987848 6.21727298649e-20)
(52.4011582527 9.2268842929 -6.21066428286e-20)
(52.0282275389 9.18220327241 7.00945697027e-20)
(51.6435074898 9.14920750267 -5.31613194838e-20)
(51.2461120755 9.12179483588 9.87055055498e-22)
(50.8366949707 9.09136640875 -9.68557555644e-20)
(50.41786079 9.04866060612 -4.21127394945e-19)
(49.9931531713 8.98462345019 -8.63026063764e-20)
(49.567751269 8.89173140338 -4.17461305702e-20)
(49.1483491575 8.76515769423 4.73464554875e-20)
(48.7423451299 8.60326732212 -1.04222670403e-19)
(48.3570080298 8.40821096942 -3.84955193852e-20)
(47.9984302538 8.18468311775 8.15406043222e-20)
(47.669784982 7.93672366781 3.60213369835e-20)
(47.3749381441 7.66062871207 -8.82251564322e-20)
(47.1259180875 7.3450342216 -2.5646449412e-20)
(46.9421913227 6.97965796291 1.21196052694e-18)
(46.8240902087 6.58056061184 1.30561332087e-19)
(46.7061446879 6.204642247 -2.00943079849e-18)
(46.4572814068 5.89664148368 -1.49068769785e-18)
(46.0430176597 5.55136210355 1.7717468851e-18)
(45.792392483 4.82150153084 3.00118003265e-21)
(46.2139457563 3.19272432163 -5.48767069863e-18)
(47.6030760972 0.56113991737 -4.08050018175e-18)
(52.5506582138 -5.06255991771 -1.05345542344e-17)
(49.523977627 22.750353883 1.62410755023e-17)
(50.5966038946 22.7597828283 3.71171790632e-18)
(51.5530266159 22.6945765639 -1.85095352509e-18)
(52.4521246316 22.5708460384 -7.25634745093e-18)
(53.302921095 22.398902779 6.81804248169e-18)
(54.1041389001 22.1849406882 4.61659826974e-18)
(54.8562312517 21.9334184851 -1.70520290528e-17)
(55.5611840716 21.6474575838 2.8256038074e-18)
(56.2201386796 21.3292991153 1.26079921173e-17)
(56.8332803047 20.9808393081 -2.05798973502e-17)
(57.4006755216 20.6041375128 -1.2602067119e-18)
(57.922517052 20.2017199105 5.96516536034e-18)
(58.3990303868 19.7765449325 1.14336134071e-17)
(58.8305836821 19.3318241756 -1.32054309456e-19)
(59.2175808498 18.8709141302 -5.49729443951e-18)
(59.5603272322 18.397458086 -2.58921710821e-18)
(59.859219485 17.9157659354 -3.39567908691e-18)
(60.115072333 17.4311865476 -2.53720492766e-18)
(60.3294011216 16.9502323964 -3.28928520911e-18)
(60.5045139597 16.4802504426 -1.86843207826e-21)
(60.643319208 16.0285457272 2.69264738919e-20)
(60.748781421 15.6010669178 3.0537281874e-18)
(60.8230426105 15.2009925498 2.06930018511e-18)
(60.8664932994 14.8278054349 3.30836388487e-18)
(60.8773717961 14.4775067848 1.572765927e-19)
(60.8524827064 14.1441941825 -1.39312051294e-18)
(60.7890425446 13.8225979456 4.61494969017e-19)
(60.6867889844 13.5103484294 -2.17329268411e-18)
(60.5491458148 13.2088789962 1.54208138903e-18)
(60.3826557228 12.9226004543 6.59812535162e-20)
(60.1951520294 12.6569320534 1.05615568873e-18)
(59.9936057005 12.4162470407 -1.19111610391e-19)
(59.7823698742 12.2020473964 1.31278701756e-18)
(59.5623938951 12.0122866807 2.1421691857e-19)
(59.3322660005 11.8428899956 -1.88544023693e-20)
(59.0902505754 11.689450157 -1.16540405588e-18)
(58.8353053374 11.5480445862 6.67856768783e-20)
(58.5674086242 11.4154880889 -8.81867216466e-19)
(58.2873148741 11.2892762307 -1.03414104342e-18)
(57.9961979949 11.1675766014 4.83944147808e-20)
(57.6956468725 11.0491460455 -4.50070158742e-19)
(57.3874214322 10.9331129396 -3.48539368306e-20)
(57.0732310065 10.8187817162 -7.00288684523e-19)
(56.7546065063 10.70548681 -5.24598106757e-19)
(56.4328350315 10.5925137702 2.04085996265e-19)
(56.1089221647 10.4791009327 2.53510046279e-19)
(55.7835728774 10.3645226223 -1.57055926511e-20)
(55.4571879405 10.2482412439 -3.63346673337e-19)
(55.1298728617 10.1301085717 -1.83458545369e-19)
(54.8014566933 10.0105888738 -1.39880893146e-19)
(54.4715119474 9.89095938363 -7.24542279043e-20)
(54.1393606243 9.77342041257 2.07055305196e-19)
(53.8040574936 9.66103217031 -1.60066930521e-19)
(53.4643552867 9.55741762028 2.12339587477e-20)
(53.1186918898 9.46619920365 -7.07755088391e-20)
(52.7652282852 9.39025754684 8.996658002e-20)
(52.4019899013 9.33085211384 2.38182143921e-19)
(52.0271619805 9.28695503415 -2.10298201865e-19)
(51.6396211445 9.25463293581 -1.2081753547e-20)
(51.2384809867 9.22742734086 9.91910863567e-20)
(50.82448956 9.19644673221 1.09782477883e-19)
(50.4004618767 9.15207797471 7.41903236591e-21)
(49.9701488755 9.0850192972 1.22143224224e-19)
(49.5390197787 8.98760376697 -2.93724835383e-20)
(49.1141190905 8.85490341433 -1.03231453212e-22)
(48.7032976868 8.68536070998 9.14065818715e-20)
(48.3139008238 8.4817989282 -8.68119457163e-20)
(47.9516339276 8.24941597528 1.43807926876e-19)
(47.6196091666 7.99183458917 -2.00379701126e-19)
(47.3229595089 7.70522239022 1.54495861693e-19)
(47.0765496545 7.37675110685 5.60953778106e-19)
(46.9000308918 6.99835573034 5.88293170377e-19)
(46.785393983 6.59390188847 -6.36345385603e-19)
(46.6511830554 6.22879174004 -1.66239651123e-18)
(46.3621335912 5.93944779742 -1.15652279218e-18)
(45.9312502389 5.58570642129 3.84417456187e-18)
(45.7423599531 4.78849296089 -1.65521043415e-18)
(46.3050924399 3.02102349943 -1.72103737082e-19)
(47.9886735627 0.168965702677 6.62821961928e-18)
(53.0747582112 -5.42461879603 2.44750685582e-17)
(45.0579869387 22.1857799178 7.26286955169e-18)
(46.4099571975 22.2092064147 -1.2919650956e-17)
(47.6356737395 22.1539588565 -6.29340653081e-18)
(48.794223631 22.0396044975 1.70168854237e-17)
(49.8951328117 21.8773936437 3.57410278741e-18)
(50.9374470414 21.6753583224 -1.73865013474e-17)
(51.9210261529 21.4385239477 -6.98057384809e-18)
(52.8473966293 21.1699783867 1.51312831742e-17)
(53.7176789906 20.8718345637 -5.26133052148e-18)
(54.5323471873 20.5457799728 -3.39434433476e-18)
(55.291793326 20.1935195961 1.04706750985e-17)
(55.9963517781 19.8171395033 2.05087994093e-18)
(56.646485014 19.4192187997 -3.18419433068e-18)
(57.2429564549 19.0027042528 -5.62891921715e-18)
(57.7865045465 18.5707827665 1.5762994384e-18)
(58.2776588874 18.1269406842 -8.32633973825e-18)
(58.7168793682 17.6752146036 1.88872414565e-18)
(59.1048537756 17.2205046271 -3.99114422527e-18)
(59.4428311007 16.7687416559 -6.80127602108e-19)
(59.7328249914 16.3266884438 2.28691886871e-18)
(59.9775494128 15.9012408743 -1.37747519649e-18)
(60.1800067884 15.4983172844 -2.55500600048e-18)
(60.3427448049 15.1215537251 2.94942268322e-19)
(60.4669889061 14.7712966358 2.12051570962e-18)
(60.5520175301 14.4444620858 1.32713852854e-18)
(60.5953507062 14.1354940113 9.1305902275e-20)
(60.5940436583 13.8385216211 2.53191847639e-18)
(60.5466766966 13.5496461994 2.09664971539e-18)
(60.4551072154 13.2684800817 -4.90252590982e-19)
(60.3248224777 12.9981822451 -1.76519702824e-18)
(60.1638585999 12.7440574501 -4.57527206664e-19)
(59.9806971864 12.5113512746 -1.30157640572e-18)
(59.7818694075 12.3028480198 1.75802067385e-18)
(59.5704431726 12.1177206813 -4.49418964156e-19)
(59.3465008426 11.9526868807 -1.41426237483e-18)
(59.1091000988 11.8035821138 0)
(58.8574679458 11.666362541 -7.33222362321e-20)
(58.5915683033 11.5375142106 1.17493207738e-19)
(58.3121227956 11.4142283281 -1.36924647217e-19)
(58.0203433841 11.29447818 1.21179895507e-18)
(57.7179773585 11.176953906 -5.39465209355e-19)
(57.4070430188 11.0608287078 -3.98731900187e-19)
(57.0895619767 10.9455225739 -4.07699418489e-19)
(56.7673916422 10.8305231952 -7.6205343107e-19)
(56.4421286283 10.7152873787 5.26712164076e-21)
(56.1150480874 10.5992305629 1.73248908471e-21)
(55.7870674509 10.481802154 -3.92685051255e-19)
(55.4587288958 10.362631533 1.47111778248e-19)
(55.1301976395 10.2417233135 1.51247132402e-19)
(54.8012758599 10.1196753291 6.07889691101e-19)
(54.4714263227 9.99787695406 1.58050709681e-20)
(54.1397912729 9.87862003124 1.76319807419e-19)
(53.805196196 9.76503611193 -7.48942629285e-20)
(53.4661371402 9.6607938733 -4.42372344452e-21)
(53.1207919787 9.56952207062 -2.02659901984e-19)
(52.7670754486 9.49404880156 1.49093663863e-19)
(52.402807093 9.4355024602 1.56546922266e-19)
(52.0260154633 9.39263124915 1.01108562371e-19)
(51.6355080506 9.36120875874 -1.55425802932e-19)
(51.2304100574 9.33437818968 1.01703455632e-21)
(50.8115709561 9.30295619254 -1.99551876075e-19)
(50.3820206594 9.25695975005 1.48626982297e-19)
(49.9457489726 9.18682933956 9.5833280473e-20)
(49.5085595635 9.08474501506 -1.53695690018e-19)
(49.0779223898 8.94565785406 -1.91941843801e-19)
(48.6620456027 8.76834630703 -1.498973346e-21)
(48.2683807835 8.55573012132 7.01160598135e-20)
(47.9021494659 8.3141454816 5.56586713412e-20)
(47.5666566711 8.0467197297 -2.1281855048e-20)
(47.2687644121 7.74923470741 -2.83461029149e-19)
(47.0262561896 7.40717574601 -2.26167312929e-19)
(46.857849019 7.01597199751 -1.53987760739e-18)
(46.745001059 6.60846107392 8.01099011479e-19)
(46.5895992504 6.25734393813 3.36901031252e-18)
(46.2597778896 5.9862228035 1.98710484136e-19)
(45.8137203432 5.61567340078 -1.89918084156e-18)
(45.7066243965 4.73794737074 2.34734946706e-18)
(46.4433014802 2.81950008782 1.72002317661e-18)
(48.4456955827 -0.247482571873 1.06692211289e-17)
(53.5774985597 -5.78955961039 8.58524543852e-18)
(40.3385832943 21.3393733608 0)
(41.975152857 21.3819609823 1.33695590198e-17)
(43.4795614268 21.3459764786 4.23220824116e-18)
(44.9102282646 21.2521750757 -8.30502294255e-18)
(46.2747115973 21.1122086153 6.14400767486e-18)
(47.571453063 20.9350983734 5.25669454907e-18)
(48.7999816179 20.7262863018 -6.57324162375e-18)
(49.9613599081 20.4886685298 -2.80524259787e-18)
(51.0563370344 20.223867362 -8.83108072448e-18)
(52.0852610818 19.9330724681 4.2294054727e-18)
(53.0484757598 19.6175113849 -4.18669561699e-18)
(53.9465151647 19.278803344 -3.08796527878e-18)
(54.7803085717 18.9191391234 -7.65437402871e-18)
(55.5510278878 18.5412014348 7.02718195831e-18)
(56.2597609199 18.1480444592 -1.01154757569e-17)
(56.9073568307 17.7430788092 -3.05803528394e-19)
(57.494476597 17.3301888477 1.25060546043e-18)
(58.0218237402 16.9139495926 -2.60045729138e-18)
(58.4904791433 16.4997907733 5.26250499508e-18)
(58.9021808684 16.0939030605 -2.03188118146e-18)
(59.2593933767 15.7027046087 1.768425583e-18)
(59.5650317624 15.3319578815 7.70090083005e-19)
(59.8218451185 14.9855424698 -4.03738872501e-18)
(60.0316800798 14.6644724832 1.8157141793e-18)
(60.1947684072 14.3665834023 -4.1822981662e-18)
(60.3095861258 14.0869037909 2.99101243951e-18)
(60.3736144551 13.8194699922 -8.74287254261e-19)
(60.3849080564 13.5592259839 1.2220825809e-18)
(60.3440656562 13.3040493962 -1.38523301498e-19)
(60.2552487567 13.0555513151 2.52902959603e-20)
(60.1259478294 12.818312922 5.45159396324e-21)
(59.9653701769 12.5978889594 -9.24908055182e-19)
(59.7818015917 12.3981600752 -1.18547588368e-18)
(59.580480029 12.2196720101 1.42751552425e-18)
(59.3633417857 12.0602464044 -2.7041776668e-18)
(59.1306817372 11.9163056797 1.11208963529e-18)
(58.8823372693 11.7839598033 6.36109874039e-19)
(58.6184189361 11.6594482454 1.23924712132e-18)
(58.3396482328 11.5396834382 8.16094358103e-19)
(58.0472307834 11.4224079718 1.78022093649e-20)
(57.7430131417 11.3062019408 4.64312053584e-19)
(57.4292334189 11.1902557622 4.3387732463e-19)
(57.1082142015 11.0740959204 -2.51354110638e-20)
(56.7821529349 10.9573718799 -4.27319119893e-20)
(56.4529858447 10.8397323931 4.08177802201e-20)
(56.1222958276 10.7207982436 -1.60842731874e-19)
(55.7912530655 10.6002269729 0)
(55.4605791823 10.4778506809 2.81211742223e-19)
(55.1305305134 10.3538627961 2.82930251829e-19)
(54.8009023587 10.2290277363 9.30537287861e-20)
(54.4710523827 10.1048734978 -3.00312475231e-21)
(54.1399311726 9.98380041255 -1.56864700017e-19)
(53.8061089853 9.86901748606 1.44525495296e-19)
(53.4677908838 9.76423468152 -1.24935507405e-19)
(53.1228586458 9.67307451854 1.37841633023e-19)
(52.7689490375 9.59829222963 -5.31406675603e-20)
(52.4036509841 9.54086203485 -4.59103091789e-20)
(52.0248233998 9.49927821125 2.07966563839e-19)
(51.631192884 9.46899758024 2.70988779451e-21)
(51.2219090474 9.44272693917 -3.05096406695e-19)
(50.7979334939 9.4109849547 -1.97240834582e-19)
(50.3625102653 9.36339798674 -1.18051974381e-19)
(49.9199082251 9.29013643007 -1.2292752193e-20)
(49.4763077318 9.18322532354 1.43687524613e-19)
(49.0396504553 9.03753401282 9.93462211054e-20)
(48.6184852894 8.85205153744 -1.39857530831e-19)
(48.2202762624 8.63022483289 -5.46057923169e-20)
(47.8498157422 8.37920222106 9.62513168555e-20)
(47.5108423582 8.10184784644 -1.37817416279e-19)
(47.2124989311 7.7925078989 -3.75937288151e-20)
(46.9752895223 7.43612303069 1.94374456505e-19)
(46.8156185213 7.03263260207 9.71700498406e-20)
(46.7021592946 6.62481764682 9.62697116569e-19)
(46.5205278426 6.29071846861 -6.36240719169e-19)
(46.1489210414 6.03590554191 -1.62308527553e-18)
(45.7094814914 5.64035502323 -3.27300255696e-18)
(45.6841597474 4.66668556315 -8.87336742932e-19)
(46.6256927917 2.58577936014 -2.59064635404e-18)
(48.9447621336 -0.687035200424 -5.31927075954e-18)
(54.0769761474 -6.15120503836 -8.94259524604e-18)
(35.4215640856 20.199133811 -1.05288352304e-17)
(37.3406170495 20.263682489 4.21808983429e-18)
(39.1257803249 20.2539137493 -1.20349269097e-17)
(40.8348687632 20.1912129746 4.23497446105e-18)
(42.4715697533 20.0863610464 -4.08458819747e-18)
(44.0320665285 19.9480829467 -1.13473538209e-17)
(45.5150368207 19.7816283865 -3.42830540431e-18)
(46.9210909192 19.5894122994 -4.26425928589e-18)
(48.2506398935 19.3723286652 -3.4992249054e-18)
(49.5036322605 19.1307829507 -4.3097634521e-18)
(50.6801452085 18.865304558 -5.82148021901e-18)
(51.7809670381 18.5769606597 -7.74875234037e-18)
(52.8074370863 18.2675210381 3.76242391508e-18)
(53.7610148369 17.9394062222 -1.3044449899e-18)
(54.6430757525 17.5955756616 -1.12221348974e-17)
(55.4547689652 17.2394310948 2.51680005203e-18)
(56.1969934939 16.8748142895 -4.10356241403e-18)
(56.8705475896 16.5061094385 4.28642309124e-18)
(57.4764272142 16.1383614204 1.25635742015e-18)
(58.0161346107 15.7772478018 -4.63487076641e-18)
(58.4918750779 15.4286633776 -1.01355796615e-18)
(58.9063940988 15.098162756 1.44402777202e-18)
(59.262482089 14.7896743664 -7.07013565153e-18)
(59.562458454 14.5047134724 -2.22587192043e-18)
(59.807356471 14.2418820066 -3.32833972996e-18)
(59.9966410317 13.9967051063 2.06920637141e-18)
(60.1285472969 13.7636572851 -2.46937499356e-18)
(60.2011563699 13.5370240291 2.66051241403e-21)
(60.2144079291 13.3132366231 1.24930142561e-18)
(60.1712922702 13.0922461532 2.92003660492e-18)
(60.0783197581 12.8774371596 -1.5604071294e-18)
(59.9447139116 12.6740753058 1.40154140991e-18)
(59.7798933277 12.4868142902 -7.59106655054e-19)
(59.590987739 12.3175465231 6.54374552008e-19)
(59.3819024742 12.1653726266 9.29669300082e-19)
(59.1545126658 12.0276049467 1.55548517666e-19)
(58.9096140813 11.9008731107 9.95844990407e-19)
(58.6477100629 11.7813168528 -1.43532225613e-18)
(58.3696527001 11.6656676278 1.83647484602e-19)
(58.0766448199 11.551398071 -3.86582923567e-19)
(57.7705892912 11.4369450765 -4.63031509951e-19)
(57.4538980609 11.321485637 2.82238831237e-19)
(57.1291687895 11.2046316172 -4.54113793023e-20)
(56.7989393227 11.0861926178 3.81949591898e-21)
(56.4655064875 10.9660246499 2.19063193288e-19)
(56.130794934 10.8439803686 1.72104251638e-19)
(55.7962681749 10.7199590731 1.6030604102e-19)
(55.4628691379 10.5940337016 1.38838883543e-20)
(55.1309829837 10.4666265936 -1.22010628618e-19)
(54.8004254111 10.338707342 -1.39236450075e-19)
(54.4704599558 10.2119751525 2.73146801067e-19)
(54.1398373878 10.0889610748 -7.38159650345e-20)
(53.8068473406 9.97296086165 2.92665134334e-19)
(53.4693675653 9.8677220371 -7.11990744189e-20)
(53.1249443801 9.77684653748 -5.6578865068e-22)
(52.7709017229 9.7029936368 -1.55703211446e-19)
(52.4045708647 9.64695624787 5.37893257173e-20)
(52.0236273059 9.60694182021 -2.02991865768e-19)
(51.6267042729 9.57806299186 1.03633122696e-19)
(51.2129896441 9.55255426446 -2.0449212788e-19)
(50.7835678157 9.52062348329 2.01613226852e-19)
(50.3419010423 9.47148548091 3.81353569398e-19)
(49.8925778176 9.39503013684 -3.24729190139e-20)
(49.442208055 9.28310389869 6.0444877274e-20)
(48.9992206752 9.13058453285 2.56696362284e-19)
(48.5724980465 8.93666599649 1.26515794225e-19)
(48.1694266932 8.70565337286 4.56025729176e-20)
(47.7944874197 8.44492606891 4.03577533589e-20)
(47.4520803589 8.15739666941 2.83142551457e-20)
(47.1542687501 7.83488413698 2.51116234081e-19)
(46.9238913062 7.46341360483 6.35823025044e-19)
(46.7732109052 7.04855611495 -3.81408672123e-20)
(46.6559273761 6.64358875191 -4.77464794316e-19)
(46.4432210145 6.32927459349 -1.14533684132e-18)
(46.029220053 6.08733089517 8.77240087013e-20)
(45.6132181211 5.6571254104 7.15942816042e-19)
(45.6759900995 4.57133561953 -3.82655117279e-18)
(46.860417905 2.31881310838 2.9545699013e-18)
(49.4825254013 -1.14686768611 -2.53504193107e-18)
(54.5692808367 -6.50559666544 -1.59217503635e-17)
(30.3663591769 18.7547261938 3.74745252647e-17)
(32.5616477568 18.8417885003 -1.19394525062e-17)
(34.6250133034 18.8638414364 -1.21753964605e-18)
(36.6130503913 18.8423817163 1.24528572934e-17)
(38.5246715542 18.7859069891 -1.89602396871e-17)
(40.3528398732 18.70137309 5.61555484005e-18)
(42.0947439448 18.5927286075 9.72349645456e-18)
(43.7503617308 18.4613149873 -8.85197870321e-18)
(45.3197102611 18.3070154437 -1.77531542177e-18)
(46.8023724911 18.1292613998 -2.70340775255e-18)
(48.198421578 17.9277830142 4.4286461492e-18)
(49.5088864024 17.7030398747 4.25996618685e-18)
(50.7352414371 17.4563515327 6.02355655067e-18)
(51.8790279976 17.1898867267 -2.71050244022e-18)
(52.9417274886 16.9065335703 -4.88125969446e-18)
(53.9246339253 16.6097302721 -1.32996025499e-18)
(54.8287863158 16.3033604667 5.6894970805e-18)
(55.6550443234 15.9917319416 -8.75682031056e-19)
(56.4043347963 15.6796327853 2.89146191304e-18)
(57.0779291507 15.3723084934 7.79144629286e-19)
(57.6778031355 15.0750965589 -8.5171356911e-18)
(58.2064937186 14.7934181195 -3.01297334651e-18)
(58.6666970732 14.5308286737 3.52235512099e-18)
(59.0610738591 14.2891420139 -3.30247436457e-18)
(59.3912065805 14.0680801371 4.32366273731e-18)
(59.6576620304 13.8638646462 1.18106079867e-19)
(59.8597085781 13.6706558838 1.37984153943e-20)
(59.9957203776 13.4823299732 2.19423381021e-18)
(60.065473122 13.294632475 1.96613737387e-18)
(60.0711698585 13.1061372744 2.84656568302e-18)
(60.0183135268 12.918878415 -1.94593231316e-20)
(59.9157259576 12.7374673422 2.13023228671e-20)
(59.773368945 12.5668721774 -3.67419124332e-19)
(59.5997618803 12.4099921546 -2.14662580139e-18)
(59.4006303038 12.2672678889 1.32372448171e-18)
(59.1795988552 12.137218543 -1.15998100543e-18)
(58.9386781387 12.0171037716 6.64329296117e-19)
(58.6790176879 11.9031266635 2.48539510466e-19)
(58.4017973562 11.7921613572 -3.53467768046e-19)
(58.1082832259 11.6814360717 -3.01470371471e-20)
(57.800451874 11.5691978728 -3.53463779422e-21)
(57.4808525242 11.4545659875 -9.78505874128e-19)
(57.1523225536 11.3372147668 -3.8769835541e-20)
(56.8177280747 11.2171055626 4.71374978844e-19)
(56.4797362139 11.0943090883 5.02448839894e-20)
(56.1406396992 10.9689318805 1.59430705512e-20)
(55.8022330656 10.8411474369 1.4108777947e-19)
(55.4657243186 10.7113088645 -1.75436026563e-20)
(55.1316709415 10.5801110396 -1.26836942332e-19)
(54.7999441456 10.4487730809 2.1919873003e-19)
(54.4697317191 10.3192049906 -8.13174271746e-20)
(54.1395812409 10.1940972283 9.27506638461e-20)
(53.8074775069 10.0768458516 -3.33520503562e-19)
(53.4709327986 9.97123340573 3.35998964432e-20)
(53.1271152916 9.88082518404 2.21229750917e-19)
(52.7729981653 9.80815821595 4.3854467007e-21)
(52.4056258079 9.75381235811 -9.38500919041e-20)
(52.0224758716 9.71567257889 -2.00069832929e-19)
(51.6220757312 9.68847398515 -2.13500520348e-19)
(51.2036650046 9.66394950242 6.04314046339e-22)
(50.7684640937 9.63197059008 8.35251557475e-20)
(50.3201603676 9.58132407 1.05143555224e-19)
(49.86370403 9.50160238494 2.10443859975e-19)
(49.406191494 9.38446230538 -1.51014886052e-19)
(48.9565597775 9.22484160641 -9.27638462021e-20)
(48.5239976632 9.02230126256 2.4102587052e-20)
(48.1157076052 8.78192164027 7.32989268921e-20)
(47.7360256977 8.5112414742 -1.45855852374e-20)
(47.3904193865 8.21268919104 8.65803338899e-20)
(47.0942334897 7.87610276243 1.70261110487e-19)
(46.8722750535 7.4889274013 -8.53531187693e-19)
(46.7303488483 7.06405705649 8.4044982757e-19)
(46.6052574177 6.66544192766 -3.30451982888e-19)
(46.356200048 6.37314714848 5.27384978145e-19)
(45.9058442727 6.13898322915 -7.30247566647e-19)
(45.5227406258 5.66394226843 -7.00187743741e-19)
(45.6918985591 4.44968651079 2.07318666274e-18)
(47.1504311855 2.01788241303 4.23703023775e-18)
(50.0552187986 -1.62337492914 -3.21608678139e-18)
(55.0516421175 -6.84960923769 4.69599593166e-18)
(25.2352099651 16.9997290228 -4.43577117994e-17)
(27.6983129973 17.1086765922 -2.40803279279e-17)
(30.0343403396 17.1673762541 8.83417049669e-18)
(32.2974335812 17.1969863446 -2.19267979768e-17)
(34.4811204437 17.202447523 7.2962625972e-18)
(36.5748753537 17.1873119624 8.0844149843e-18)
(38.5742243289 17.1527967763 -4.16431202381e-18)
(40.4783859624 17.0982389093 1.38845851183e-18)
(42.2869881309 17.0220561239 -3.45327273038e-18)
(43.9997697755 16.9226264526 1.20552667313e-17)
(45.6172773532 16.7989426051 6.4323116806e-18)
(47.1407043559 16.6509067828 6.3019467598e-18)
(48.5714161043 16.4794519511 0)
(49.910769171 16.2865425383 -5.41502356615e-18)
(51.1600544632 16.0750237485 3.8763670373e-18)
(52.3204171307 15.8483919037 9.35425434765e-18)
(53.3927860362 15.6106242282 2.31243354205e-19)
(54.3779102352 15.3660317202 -1.71751497671e-18)
(55.2765487833 15.1192273515 -4.94782753567e-18)
(56.0896548985 14.8750871303 -1.77305257169e-18)
(56.8190443858 14.6381974691 2.6437378891e-18)
(57.4668590028 14.4143287983 3.15464114246e-18)
(58.0354781662 14.2064633562 5.29486459478e-18)
(58.5284398923 14.0173780909 3.49170954151e-18)
(58.9477851476 13.8451255682 1.05791969085e-18)
(59.2941939706 13.6871752228 4.79113821594e-20)
(59.5677961335 13.5384868646 -8.40471087009e-19)
(59.7683810585 13.39331273 -1.54352469855e-20)
(59.8962327844 13.2466930825 -2.58236699777e-18)
(59.9530152509 13.09579486 -1.6695773276e-18)
(59.9433633167 12.9411680266 1.55102212652e-18)
(59.8754674765 12.7864735714 3.10344920193e-21)
(59.7592513449 12.6366582267 -1.17978480002e-18)
(59.6041268229 12.4954244449 -7.17516245485e-21)
(59.4174787184 12.3646052484 -9.47799638751e-19)
(59.2045226946 12.2441566919 6.04613808188e-19)
(58.9684849474 12.1320503607 1.80119688252e-20)
(58.7115587996 12.0247948892 1.2543936194e-18)
(58.4355195545 11.9191721812 -1.89757986138e-20)
(58.1417144562 11.812496731 1.62678755774e-20)
(57.8322464886 11.7029383624 4.29609087021e-19)
(57.5098145704 11.5895105145 -3.90805696267e-21)
(57.1774786319 11.4718966761 6.81989783114e-20)
(56.8384132488 11.3501977632 6.91467012521e-21)
(56.4956532006 11.2247030242 1.45009759215e-19)
(56.1518756493 11.0957887099 -1.44116873686e-19)
(55.8092379861 10.9639310356 -1.4545625876e-19)
(55.4692563493 10.8298018557 -3.8689583836e-19)
(55.1327084677 10.6944146222 1.3855929512e-19)
(54.7995640236 10.5592879055 -1.12532935725e-19)
(54.4689617104 10.4265898171 -1.03650100104e-19)
(54.1392483582 10.2992066144 1.88555939333e-19)
(53.8080815818 10.1806536514 -6.04040619024e-20)
(53.4725684425 10.0747477537 1.11230957055e-19)
(53.1294529819 9.98499989509 -4.30698096278e-21)
(52.7753165647 9.91379503322 7.78247530259e-20)
(52.4068858924 9.8614629103 -6.36436511934e-20)
(52.0214255466 9.82552787269 -1.4832683358e-19)
(51.6173461681 9.80030687629 1.56618991769e-19)
(51.1939508248 9.77701060644 2.05996215275e-19)
(50.7526109483 9.7451338088 -8.73111699983e-21)
(50.2972497616 9.69302025299 -2.44352540951e-20)
(49.8332295507 9.60994429829 -6.95873652348e-22)
(49.3681855297 9.48738622288 3.17713924891e-20)
(48.9115856387 9.32036127127 -2.4739579564e-19)
(48.4728446449 9.1089504633 -3.16244174281e-20)
(48.0589676241 8.85882924356 -3.3862832281e-21)
(47.6742839516 8.57779740883 -6.31531326318e-20)
(47.3259587576 8.26691931217 3.11022242991e-20)
(47.0327486062 7.91551288886 5.0101581849e-20)
(46.8206281227 7.51256283331 5.32435035683e-20)
(46.6865637778 7.07956310197 -2.08829195311e-19)
(46.5489088647 6.6910875635 -5.96660403304e-19)
(46.2592741796 6.42232635195 5.3320275094e-19)
(45.7730050343 6.18961345625 7.71209054552e-19)
(45.4454960356 5.65767542751 6.5811084832e-19)
(45.7426955183 4.29923436202 1.04918478171e-18)
(47.4941789714 1.6827105958 -5.29807302363e-18)
(50.659861808 -2.11255229399 -3.11932538935e-19)
(55.5189835929 -7.18111718954 4.84177121478e-18)
(20.090493152 14.9273309349 -1.75175627568e-17)
(22.8133949548 15.05724324 1.33723009761e-17)
(25.4158584599 15.1584204347 -3.08762373483e-18)
(27.9474113376 15.2506198611 1.81453600056e-17)
(30.3954645444 15.3332800583 3.04792190562e-18)
(32.7463951506 15.404547784 -5.22063451111e-19)
(34.9946270952 15.4613346516 1.28865688863e-17)
(37.1390421682 15.499958373 -1.58133780074e-17)
(39.1796123517 15.5169812682 8.05782818006e-19)
(41.1170689398 15.5097989491 4.0285410199e-18)
(42.952736479 15.4768650009 9.10824080318e-18)
(44.6879582637 15.417756392 -6.07486275939e-18)
(46.3238571558 15.3332393146 -3.95202936178e-18)
(47.8613329371 15.2252093769 -4.22465023814e-18)
(49.3011199188 15.0965423729 5.27059910138e-18)
(50.6438125201 14.9507959474 6.53171548282e-18)
(51.8898492377 14.7920605639 -5.6987897299e-18)
(53.0395221002 14.6246296804 5.72560431814e-18)
(54.0931774973 14.4530823053 -8.07899525343e-18)
(55.0511482805 14.2819892945 3.480741245e-19)
(55.915424788 14.1151081969 6.56316059275e-18)
(56.6878499659 13.9599000774 4.25509867337e-18)
(57.3703657218 13.8159638638 2.55954383748e-18)
(57.9654930433 13.6855954405 -1.12919651259e-18)
(58.4754198323 13.568649368 4.12350459732e-21)
(58.903638595 13.4632376556 8.90788187517e-19)
(59.2513586792 13.3650944333 7.02755072517e-20)
(59.5188371876 13.2687601321 -6.85674220325e-19)
(59.7064745938 13.1685221434 -4.32740167016e-18)
(59.8159322475 13.0603440614 -3.97035980393e-18)
(59.8515067107 12.9434360032 4.74484979977e-19)
(59.8209595584 12.8203527542 4.14354355923e-20)
(59.7340370602 12.6955560146 3.36757212055e-19)
(59.600648405 12.5735235703 -1.96405155232e-20)
(59.4294826295 12.4572328031 1.74906035696e-18)
(59.2270261831 12.3479865579 2.15905725386e-21)
(58.9975734386 12.2448755057 -1.81989175747e-18)
(58.7443292341 12.1456213964 -4.2564598533e-19)
(58.4699492242 12.0464368608 3.24940639367e-19)
(58.1762526004 11.944533203 0)
(57.8654577114 11.8381287587 0)
(57.5403875249 11.7262897959 4.97756939916e-19)
(57.2043374932 11.6086880032 -2.66813847861e-19)
(56.8607952258 11.4855201087 -3.90163823075e-19)
(56.5131558254 11.3572915955 2.97788627422e-20)
(56.164486292 11.2246620179 -1.23891065982e-20)
(55.8173305833 11.0884335204 -3.08259926593e-19)
(55.4735526226 10.9496318936 -2.48213996029e-21)
(55.134200593 10.8096357602 2.16528973037e-20)
(54.7993926022 10.6703180067 -2.65368342586e-19)
(54.4682535344 10.5341603957 3.31628061182e-19)
(54.1389386317 10.4042903102 1.44587004756e-19)
(53.8087586099 10.2843681291 2.60838960412e-19)
(53.4743743075 10.1782467731 -1.12988987038e-19)
(53.1320564164 10.0893637075 -1.37631834792e-19)
(52.777950378 10.0199179754 4.45989476119e-22)
(52.4084332783 9.96994698139 2.7551838172e-20)
(52.0205411759 9.93657193097 1.91075192881e-19)
(51.6125597348 9.91364669529 2.94694177599e-19)
(51.1838650119 9.89184288774 -1.04202399776e-19)
(50.7359945889 9.86022779543 1.00805718687e-19)
(50.2731256433 9.80668738341 2.53797539025e-19)
(49.8010891931 9.72016348124 -2.29531584417e-19)
(49.3281092631 9.59195592985 2.892362686e-20)
(48.8641877279 9.41721773941 1.29371906277e-19)
(48.4188950628 9.19654021604 2.2708259959e-20)
(47.9989752512 8.93647084983 -1.47142062734e-21)
(47.6090580349 8.64449278106 5.94380550669e-20)
(47.2586483563 8.32047960856 -6.06849921598e-20)
(46.9701005499 7.95330091513 3.22131473111e-20)
(46.7691228816 7.53436804112 1.13192595109e-19)
(46.6412044175 7.09560549694 -6.71661946639e-19)
(46.4857022128 6.72124646704 -2.54419763733e-19)
(46.1502549944 6.47644657484 1.16801955914e-18)
(45.6444041671 6.23826791221 2.35313388012e-18)
(45.3770105981 5.63592805119 4.63023461234e-19)
(45.8320329413 4.1174564165 -1.822888765e-18)
(47.8884070439 1.31346282912 4.50839397309e-18)
(51.2898500814 -2.61111025171 -1.64326362358e-18)
(55.9665119145 -7.49705225121 3.07590125889e-18)
(14.9928093064 12.5267195121 4.3510497192e-18)
(17.9719141937 12.6778709298 4.85945807524e-17)
(20.8372494356 12.8313623369 1.96772929238e-17)
(23.6297244048 13.0026030623 -5.57982119146e-18)
(26.3298605976 13.181865942 -1.13347837618e-17)
(28.9224118103 13.3591386493 1.00238781401e-17)
(31.4024775561 13.5254321705 -1.85341363133e-17)
(33.7703738039 13.6734146421 -1.52105583902e-17)
(36.0280419462 13.7978350965 1.28141690836e-17)
(38.1779849824 13.8954195712 1.98216248711e-18)
(40.2224849443 13.9645060716 5.85331045862e-18)
(42.1631032237 14.0048213183 -1.34828089922e-17)
(44.0006196944 14.0173566827 9.08410723824e-19)
(45.7352177598 14.0042030228 4.11437739072e-18)
(47.3666728491 13.968391066 -2.02319170379e-18)
(48.8945752726 13.9135720518 -4.83003499636e-18)
(50.318374051 13.8439524801 2.09668564332e-18)
(51.6375359278 13.7637546681 -2.30964730934e-18)
(52.8517080644 13.6779944377 -2.59630531459e-18)
(53.9601037133 13.5902631813 6.81112504303e-18)
(54.9659758834 13.5056825904 4.07266713998e-20)
(55.8680045031 13.4254626802 -2.83778479951e-18)
(56.6657819715 13.3527244396 -1.20389194333e-18)
(57.3658758415 13.2887711446 -4.56015015996e-18)
(57.9717490964 13.2356619388 2.88930626196e-18)
(58.4859402677 13.1913480008 -1.8237303007e-18)
(58.9102136182 13.1512083223 1.55313734247e-18)
(59.2459938005 13.1094913701 9.12846998876e-19)
(59.4945399594 13.0602981424 3.87864641288e-18)
(59.6579646533 12.9991095548 8.75367502297e-19)
(59.7405196166 12.9241855492 -7.28769077584e-20)
(59.7495341367 12.8371002958 2.80866923946e-20)
(59.6945909569 12.7417091898 -3.31015051917e-19)
(59.585899174 12.6429724975 3.23639656086e-19)
(59.4330578036 12.5445763779 -1.10963091958e-18)
(59.2436816699 12.4488178398 -1.0068646051e-18)
(59.0232129879 12.3559395965 8.77571751778e-19)
(58.7755745398 12.26509706 -7.82160558474e-19)
(58.503941748 12.1732434997 0)
(58.210974868 12.0771854473 -4.62380963677e-19)
(57.8993285374 11.9746731664 0)
(57.5720010863 11.8648420385 -1.13451264959e-20)
(57.2324774466 11.7475471503 6.37853069693e-19)
(56.8845706917 11.6230756401 4.03204283184e-19)
(56.5320516005 11.492119723 -3.25001374677e-19)
(56.178380657 11.3556297501 1.44318663209e-19)
(55.8265033482 11.2147544207 -1.08344177847e-21)
(55.4786653694 11.0709037258 3.41253223592e-19)
(55.1362352617 10.9258663331 -1.05331614219e-19)
(54.7995347252 10.781927993 1.58941840807e-20)
(54.4677183151 10.6419480314 2.49465596018e-20)
(54.1387661441 10.5093503708 -1.32434902111e-19)
(53.8096257252 10.3879743065 -1.23130346139e-19)
(53.4764699136 10.2817140637 -1.37518158958e-19)
(53.1350438104 10.1939130749 -8.06970704985e-20)
(52.7810100235 10.1265460107 -1.66474388727e-19)
(52.410363361 10.0793104039 4.32361947542e-20)
(52.0198965203 10.0488764668 6.01124221897e-20)
(51.607765641 10.0285872502 -1.55806631121e-19)
(51.1734267253 10.0085605738 5.01672144323e-22)
(50.7185989089 9.97737558587 -2.28738526516e-20)
(50.247740983 9.92244744753 -2.53176543866e-19)
(49.7672114751 9.83236652704 3.10772969515e-20)
(49.2858728291 9.6982620522 9.61888528098e-20)
(48.814225787 9.51551052405 8.48682123962e-20)
(48.3619569162 9.28529073382 7.11022188059e-20)
(47.9355436961 9.01491491485 5.86886361568e-20)
(47.5402328549 8.71173966978 1.62417417905e-20)
(47.1885630184 8.37408150585 -2.12866371325e-19)
(46.9065149581 7.98931770027 2.48929460724e-19)
(46.717661199 7.55444819909 -4.02508085018e-19)
(46.5934042855 7.11284061876 3.02074422983e-19)
(46.4137056942 6.75657375476 1.24402621162e-18)
(46.0310560864 6.53481462111 -1.57826708463e-18)
(45.5177745404 6.28160843375 -2.992748492e-18)
(45.3311330412 5.59561148607 -1.72389374677e-18)
(45.9677919618 3.90250931523 1.01545760654e-18)
(48.3323642242 0.911811624377 1.01691153835e-19)
(51.9397307114 -3.11314144341 -9.92075367306e-20)
(56.3944917214 -7.79396194482 -1.95286257679e-18)
(9.99988364046 9.77682001337 3.32961858518e-17)
(13.243015976 9.9536827171 -2.54557808984e-17)
(16.3750318014 10.1789790709 -1.44271972351e-17)
(19.4209538301 10.4560291552 -2.8314319178e-18)
(22.3549082295 10.7589682673 2.27778374057e-18)
(25.1641385961 11.0660152455 -1.1414494053e-18)
(27.8487080682 11.3612730448 -9.71281270999e-18)
(30.41379942 11.634138727 1.63961800189e-17)
(32.865242181 11.8783349097 8.69713642959e-18)
(35.2079623851 12.0907474627 8.59084689545e-18)
(37.445395754 12.2704427841 -1.37843108033e-17)
(39.5793178799 12.4180357836 -1.56283211035e-18)
(41.6099941914 12.5353026981 1.48760127566e-18)
(43.5365831978 12.6249348518 2.21050523041e-18)
(45.3574950792 12.6902461842 -8.65466652825e-19)
(47.0708993065 12.7352215883 3.34054692997e-18)
(48.6747219039 12.7638454199 -3.27833633194e-19)
(50.167589701 12.7814170228 -4.69698919848e-18)
(51.5471914398 12.7913073803 2.42176975766e-18)
(52.8125481488 12.7978252806 -6.47479486969e-18)
(53.9624138424 12.8020431804 1.62269334592e-19)
(54.9956765341 12.8048935547 -5.66679021861e-18)
(55.9163534529 12.8131849027 -3.62409612068e-18)
(56.7283353212 12.827926347 3.0869728505e-18)
(57.4343361271 12.8485992355 -1.15085134559e-18)
(58.0373778016 12.8727856626 -8.66905991276e-19)
(58.5405214351 12.8965632786 -9.09737804904e-20)
(58.9464465032 12.9146215651 -1.45568507073e-18)
(59.2574436767 12.9211725628 5.71404733715e-19)
(59.4763070223 12.9113055309 -2.8902984759e-19)
(59.6074587435 12.8824146925 -8.64108898369e-19)
(59.6580394906 12.8351781586 1.3735655979e-19)
(59.6376183748 12.7730480402 -8.31165455567e-20)
(59.5564971723 12.7013464636 -1.01795765353e-20)
(59.4248302025 12.6241294216 -4.30982668106e-19)
(59.2511999537 12.5449056192 -3.40586287039e-19)
(59.0420645659 12.4648715542 5.80072136884e-19)
(58.8023053535 12.3835314979 3.9155321272e-19)
(58.5354927765 12.2993253719 -4.95571495577e-19)
(58.2445960072 12.2097820076 -5.73887974063e-19)
(57.9328644702 12.1121827506 1.11396022492e-20)
(57.6038507615 12.0050291666 -5.38764027128e-19)
(57.2613033898 11.888382536 2.13924420327e-19)
(56.909312813 11.7628083196 -2.0632725402e-19)
(56.552046443 11.6291795139 -1.46170297248e-19)
(56.1933822351 11.4887259336 -1.32716387209e-19)
(55.8366819783 11.3429579456 1.09469943919e-19)
(55.4846008642 11.1936964151 9.51629189765e-20)
(55.1388749264 11.0431816224 -8.97764550853e-21)
(54.8000872273 10.8941727234 8.35563270126e-20)
(54.4674722566 10.7499784244 -1.74023773889e-19)
(54.1388587965 10.6143855158 -5.11303407097e-20)
(53.8108190033 10.4914556596 -2.93804583445e-20)
(53.4789959361 10.3851338131 -5.22731556557e-20)
(53.1385542235 10.2986477677 8.2597586221e-22)
(52.7846242705 10.2337041159 1.40001549955e-20)
(52.4127857583 10.1896069811 -7.52480215448e-20)
(52.0195745713 10.1625226515 1.63939871313e-19)
(51.6030180926 10.145232275 -2.73098325599e-19)
(51.1626554862 10.1272885155 4.04259764561e-19)
(50.7004066933 10.0967096276 1.0991416019e-19)
(50.2210425392 10.0404269528 -4.68599941101e-19)
(49.731519795 9.94665579157 2.37550531171e-19)
(49.2413821442 9.8063855742 8.29426845263e-20)
(48.7615947085 9.61528482098 -2.65623715274e-19)
(48.301823544 9.37536733358 -1.62004258901e-19)
(47.8684692248 9.0943751098 7.08548042281e-21)
(47.4678677067 8.77911679401 -8.36345269086e-20)
(47.1159183711 8.4263057231 8.61442288806e-20)
(46.8422888856 8.02248981217 7.16461541573e-20)
(46.6661771069 7.57287374873 -1.3824914546e-19)
(46.5419874465 7.13207227041 -7.59547024298e-19)
(46.3315520537 6.79754440137 -8.19170342318e-19)
(45.902361682 6.59651836586 -8.24231579906e-19)
(45.387201909 6.31760235609 -1.32499836381e-18)
(45.3070397495 5.53282629216 -9.90371955166e-19)
(46.158480453 3.65358402901 5.14498437559e-22)
(48.8298129023 0.480184579802 -5.59966558344e-18)
(52.6044706329 -3.61179924399 3.56923737479e-19)
(56.7935149379 -8.07167497705 -8.57494754137e-18)
(5.16815025803 6.63622510821 -7.31821473907e-18)
(8.70800886684 6.85608063192 4.11246537756e-18)
(12.1237851644 7.19334111003 6.70844245071e-18)
(15.4133831775 7.62150485109 -3.15813223659e-19)
(18.5514084452 8.08676724041 4.69031206046e-19)
(21.5384044516 8.55233741242 -5.86155444988e-18)
(24.3873586189 8.99656432339 -1.47019930251e-17)
(27.1124897733 9.40776106188 1.00112178177e-17)
(29.7251045349 9.78065226556 4.02506238473e-18)
(32.2330345006 10.114010765 2.36724377987e-18)
(34.6408544258 10.4089886974 -1.0270611614e-17)
(36.9502672612 10.668077082 3.1510009025e-18)
(39.1606631348 10.8945092266 1.39997615629e-18)
(41.2697181597 11.0919861443 -5.40103437647e-18)
(43.2742018982 11.2644619446 7.02859773012e-18)
(45.170221326 11.4160808582 -2.13024921913e-18)
(46.9547175777 11.5517654655 -8.64132440904e-19)
(48.6232625704 11.6751893528 6.26334506567e-18)
(50.1717588731 11.7903565413 5.61205497554e-18)
(51.595185892 11.8971905121 7.0355414161e-20)
(52.8924539612 11.9982737937 -1.31185971392e-19)
(54.0662467645 12.0984671992 1.63220105025e-18)
(55.1164716889 12.2001214479 -3.15728885128e-18)
(56.0450170897 12.302573763 1.96453285738e-18)
(56.8551458533 12.4047824178 -1.53305928128e-18)
(57.550848683 12.5047430006 6.99623053975e-19)
(58.1362475601 12.5990202455 -7.39648527128e-19)
(58.6151296261 12.6826797078 -3.48883551483e-19)
(58.9908970875 12.7501122503 -8.34632067603e-19)
(59.2671670316 12.7961100157 -6.52031247363e-19)
(59.4487945875 12.8173577751 1.06900074611e-18)
(59.5429944046 12.8138557589 1.3955378507e-18)
(59.5595061644 12.7889242686 1.27792670899e-18)
(59.5086049914 12.7477390458 -1.47300689711e-18)
(59.4009601661 12.694231445 1.78280655155e-18)
(59.2461357876 12.6339826945 4.60787140422e-19)
(59.0510022912 12.5693158307 -1.19907926428e-18)
(58.8213471983 12.4999942947 -3.39333924457e-19)
(58.5616315024 12.4247300819 9.72164061406e-21)
(58.2749965605 12.3420142757 8.18973198889e-19)
(57.9646968588 12.2499647116 -1.44532650834e-21)
(57.6348903394 12.146476626 3.13133129796e-19)
(57.2899961014 12.0310267565 2.92686138928e-20)
(56.9344291921 11.9046067847 -9.20290199115e-21)
(56.5727252503 11.7684101186 1.44015492117e-19)
(56.2092172333 11.6239414915 -1.25989733645e-19)
(55.8477142276 11.4730755049 1.77683243853e-20)
(55.4913088021 11.3180658734 -1.82812314202e-19)
(55.142147688 11.1616429905 2.25005365224e-19)
(54.8011328276 11.0071006008 -2.07863747108e-19)
(54.4676333489 10.8582755937 6.26535139836e-21)
(54.1393571863 10.7193952428 -4.15279254998e-20)
(53.8124936793 10.5947979652 -1.41153156749e-19)
(53.4821151323 10.4884940828 -2.33316814655e-21)
(53.1427488024 10.4035735527 2.51908723846e-19)
(52.7889414614 10.3414254462 -8.80487515916e-21)
(52.4158253147 10.3009002465 -6.13421502567e-20)
(52.0196684555 10.2776024794 7.8785768375e-20)
(51.598376172 10.2636950601 -3.7778277613e-21)
(51.1515713646 10.2481638571 -6.69467407232e-22)
(50.6813906565 10.218369552 1.2022795483e-20)
(50.1929714785 10.1607620431 4.43068105518e-20)
(49.6939278862 10.0631505101 -3.71940970408e-20)
(49.1945237033 9.91641335404 -7.76451507966e-20)
(48.7061441319 9.7166359001 5.0687417903e-20)
(48.2383493858 9.46666379007 -1.11161881258e-19)
(47.7974699108 9.17483825165 -8.24777262133e-20)
(47.3916880567 8.846436662 -3.43371346389e-20)
(47.0409581859 8.47662113427 2.11989100247e-19)
(46.7777072695 8.05379959563 -4.4165345633e-19)
(46.6143850628 7.59016832835 -1.086689596e-19)
(46.4856182788 7.1541438506 5.12392985391e-19)
(46.2380321312 6.84451516027 -2.04068646354e-18)
(45.7616063061 6.66041295407 1.30354970154e-18)
(45.2728683959 6.34440259536 2.23022313773e-18)
(45.3007941682 5.44245929675 -1.40478480725e-18)
(46.4182779432 3.37030342556 -1.28751082008e-18)
(49.3663899822 0.0218196635206 -9.3381389307e-19)
(53.2775439535 -4.10717101968 -7.41575927697e-19)
(57.1681815551 -8.32613794919 -2.00507115095e-18)
(0.555618909085 2.99887069358 2.21863707111e-17)
(4.47883985438 3.32586095416 -3.24071681862e-17)
(8.21108989344 3.86341182766 -2.4909525558e-17)
(11.7211657799 4.52059579335 -1.39312322224e-17)
(15.0104715826 5.20318818384 1.9701742531e-18)
(18.1153786687 5.86127508308 -1.78334497243e-17)
(21.0723380237 6.47324864617 -5.04873475975e-18)
(23.9079345166 7.03168343855 1.65852763818e-17)
(26.6396369551 7.53643952462 1.69867086918e-18)
(29.2778722087 7.99109792924 -4.33298918317e-18)
(31.8276029963 8.40076459579 -2.27856835249e-18)
(34.289637367 8.77093984149 3.11283900262e-18)
(36.6617636497 9.10704576884 -2.32817336355e-18)
(38.9397253086 9.41408126117 -8.92671676883e-20)
(41.1180297708 9.69707957376 9.7387952602e-20)
(43.1913591999 9.96026790139 -6.91567135205e-18)
(45.1528511104 10.2077698786 2.81528940088e-18)
(46.9963320671 10.4456368121 -1.92219489852e-18)
(48.7123743124 10.6708927448 -3.68886932742e-20)
(50.2962391823 10.8863870086 7.99464512173e-18)
(51.7496476905 11.0983977883 1.17686577247e-19)
(53.0693318039 11.3064393913 5.79900046661e-18)
(54.2534299924 11.5100964165 2.57656080946e-18)
(55.3036497955 11.7086991781 -2.46661183453e-18)
(56.2234029169 11.9010203239 6.7463749265e-19)
(57.0169893472 12.0849348165 6.13660678443e-19)
(57.6892375702 12.2570149989 -1.22139783807e-18)
(58.2449946817 12.4125876601 -1.25265126995e-19)
(58.6888257936 12.546253591 1.54776325561e-18)
(59.0253420204 12.6527366732 7.35178186149e-19)
(59.2600538112 12.7283164351 1.69744291763e-18)
(59.4002972699 12.7724122605 -5.2539540782e-19)
(59.4565421488 12.7870218966 -1.51411813618e-18)
(59.4382462995 12.7792801107 -9.29264273104e-20)
(59.357287999 12.7538253957 -5.53011447848e-20)
(59.2244113414 12.7152754821 -9.58891892341e-20)
(59.0464211985 12.6676477083 3.97479554403e-19)
(58.8296382408 12.6123193694 -6.76153512509e-19)
(58.5793312482 12.5482778315 6.94264463002e-19)
(58.2993026933 12.4737429013 4.9798611761e-19)
(57.9927476809 12.3875464503 5.41150128778e-19)
(57.6637497044 12.2884788852 4.82854957716e-19)
(57.3174958569 12.175099731 5.17865843899e-19)
(56.9591209819 12.048252814 1.36563748315e-19)
(56.5935231581 11.909655581 1.32704914444e-19)
(56.2255010774 11.7611755636 2.44343661512e-19)
(55.8593617692 11.6050555042 -1.42032795937e-20)
(55.4986749211 11.4439952547 -7.4109359213e-20)
(55.1460406866 11.2812506412 -2.29819408373e-19)
(54.8027351118 11.1207108875 -1.67959854361e-20)
(54.4683182486 10.9668256538 7.94877786106e-20)
(54.1404130086 10.8243511671 -2.1570898538e-20)
(53.8148234389 10.6979684079 -5.32072717846e-20)
(53.4860120837 10.5917731397 1.07952653506e-19)
(53.1478107826 10.5086949801 3.48348586493e-20)
(52.7941296343 10.4497494229 -3.16840566737e-20)
(52.4196223296 10.4132653374 8.2236298696e-20)
(52.0202805447 10.3942223642 -1.49002798264e-19)
(51.5939020347 10.3841114005 5.52594262995e-22)
(51.140192714 10.3713304397 5.43424726658e-20)
(50.6614759008 10.3425009983 9.83042037168e-20)
(50.1634486086 10.2835922112 2.12292897544e-19)
(49.6543417873 10.1819698005 -9.84463344913e-20)
(49.1451813458 10.0284715093 1.37917690741e-19)
(48.6476834184 9.81971247105 2.1118589738e-19)
(48.1712676437 9.55932880934 9.79958566884e-20)
(47.7224560541 9.25574442162 -5.70369453554e-20)
(47.3117755264 8.91338607151 3.91625901592e-20)
(46.9640819414 8.52495319606 -2.8679550945e-20)
(46.7130809099 8.08253544552 -2.95724581179e-21)
(46.5615162782 7.60681273882 2.80135960912e-20)
(46.4225964041 7.17997749201 7.89515636354e-19)
(46.1313650112 6.89774137042 1.27304701932e-18)
(45.614742371 6.7240208721 7.32705078675e-19)
(45.170642725 6.35915805535 8.49639140403e-19)
(45.3153719871 5.32063006269 1.34931917543e-18)
(46.753134535 3.05097043761 2.23541561408e-18)
(49.9466200743 -0.458574283373 -4.03276855731e-18)
(53.9548641279 -4.59087841 -6.90840495647e-19)
(57.5169189587 -8.55497312263 3.80085814679e-18)
(-3.73846106513 -1.38798926793 -4.79970804491e-17)
(0.744020968608 -0.732418519114 -4.54012956256e-18)
(4.81321317922 0.205367315223 1.39104893604e-17)
(8.4776058187 1.21754839265 -6.87586403576e-19)
(11.8262024782 2.18401042172 2.33201552205e-17)
(14.9616685497 3.06366102471 -3.44165463304e-18)
(17.9519592175 3.85122751783 8.85610311979e-18)
(20.8363124722 4.55413385048 4.45103342199e-18)
(23.6368502565 5.18365603792 -4.95959742915e-18)
(26.3646422609 5.75155195987 -6.58080124343e-18)
(29.0232055837 6.26859910632 -1.76722329038e-18)
(31.6110479206 6.74404945849 2.93731772799e-18)
(34.1232672412 7.18588216728 -4.03747545483e-18)
(36.5530805171 7.60061000101 8.80311464655e-18)
(38.8923047647 7.9934872306 2.46153683099e-18)
(41.1319959581 8.37139271808 1.96935330477e-19)
(43.2656148887 8.7346263609 -8.02921433665e-20)
(45.2783212171 9.08887022624 -1.91182881695e-18)
(47.1590004623 9.43098044383 -2.61585274892e-19)
(48.9088191725 9.76766325218 -3.10908745906e-18)
(50.5210506444 10.0988906374 -2.64582534519e-18)
(51.9895255147 10.4223222299 5.79248370719e-20)
(53.312329718 10.7368937415 1.4746512541e-18)
(54.4902694106 11.0411805032 -2.76789755509e-18)
(55.5259655582 11.3330076092 5.74472996188e-19)
(56.4235978376 11.6095429811 3.8367973122e-19)
(57.1884434305 11.8671496352 -1.67750239369e-18)
(57.8262600334 12.101322689 -3.28605812499e-19)
(58.3427605046 12.3069455737 1.18762625957e-19)
(58.7436260628 12.4788782648 2.07618542041e-18)
(59.0351319215 12.6131871495 -1.02147575123e-18)
(59.2250183341 12.7087320466 -5.86000142054e-19)
(59.3237381732 12.7689118454 4.620747138e-19)
(59.341700939 12.8012126784 5.05725549206e-19)
(59.2907831954 12.800318721 -5.79124041786e-19)
(59.1823117142 12.786364835 -4.28495624656e-20)
(59.0243137455 12.7584565584 9.98024702081e-19)
(58.8235657753 12.718886377 3.07263972445e-19)
(58.5855728931 12.6678916568 -1.26074734705e-20)
(58.3145868054 12.6037486693 -9.48005791349e-21)
(58.014275055 12.5247054933 -9.27874899996e-20)
(57.6884731959 12.4303925027 1.83348662393e-19)
(57.3424628795 12.3200339902 -3.11336318398e-19)
(56.9823558778 12.1934756041 -2.76884239604e-21)
(56.6136849852 12.0527993857 -1.13045553938e-19)
(56.24171169 11.9003987934 6.44079889593e-22)
(55.8712856973 11.7389327654 -3.55592023929e-19)
(55.5065115412 11.5715642184 1.298277889e-19)
(55.1504927315 11.4021064383 -1.76768849198e-21)
(54.8049331432 11.2351044838 2.31741033087e-19)
(54.469639342 11.0757103307 5.69171583957e-21)
(54.1421885431 10.929308672 6.63190788917e-20)
(53.8180018297 10.8010026854 8.23807894854e-20)
(53.4908962119 10.6950013495 9.31020709653e-20)
(53.1539500158 10.614054112 -1.7914621295e-19)
(52.800382118 10.558740649 1.0414196706e-19)
(52.424338791 10.5267930734 3.18576913996e-20)
(52.0215303175 10.5124985554 -1.4927017646e-19)
(51.5896621721 10.5066290878 4.25568889104e-21)
(51.1285325387 10.496940184 -1.91534286202e-19)
(50.6406319955 10.4692845958 -3.45030122134e-20)
(50.1323924537 10.4090861618 -1.51855414903e-19)
(49.6126662295 10.3032679556 -2.89418347654e-20)
(49.0932277244 10.1427011646 1.40476392227e-19)
(48.5860259331 9.92459669734 5.38193767866e-20)
(48.1002029875 9.65359947365 -5.15245424734e-20)
(47.6429935613 9.33784030976 6.65556690171e-20)
(47.2280540616 8.98044012712 -2.76914549465e-20)
(46.885353219 8.57237984912 -1.35595794293e-19)
(46.648724836 8.10826445619 1.27664121898e-19)
(46.5069534607 7.62339384676 -7.41881968912e-21)
(46.3508082304 7.21048378227 4.66471826069e-20)
(46.0115534451 6.95717638448 -6.6693081539e-21)
(45.4578979832 6.78594742452 8.53127426395e-20)
(45.0832678444 6.35841619237 -4.44745230634e-19)
(45.3718809283 5.16481711396 2.27417922145e-18)
(47.1546862019 2.69448199772 5.95089964691e-19)
(50.5675789737 -0.955851818192 6.60718541772e-19)
(54.6266985055 -5.06086163262 1.08297446635e-18)
(57.8336310823 -8.75843052915 1.12806835788e-17)
(-7.15153677877 -7.43529891027 2.33508023475e-17)
(-2.16478905329 -5.60691257901 4.48548029546e-17)
(2.03758399344 -3.77996768163 -1.58669505344e-17)
(5.66672077693 -2.19031523798 -1.50505141321e-18)
(8.94717036222 -0.85416758526 1.21583152684e-17)
(12.0325850808 0.265797441395 -4.65158449497e-18)
(15.0011282499 1.21808156359 2.57452182477e-18)
(17.8920299731 2.04458166505 2.01204108611e-18)
(20.725788606 2.77702506647 -3.54279034258e-18)
(23.5114072945 3.43890305939 1.70455961484e-18)
(26.2500053315 4.04777043398 3.75455940583e-18)
(28.9376672878 4.61670744909 -3.37955950425e-18)
(31.5670080851 5.15585323744 -2.03290922655e-18)
(34.1282471445 5.67307763624 2.82285699173e-18)
(36.6124554317 6.17319930722 -1.17469167111e-18)
(39.0064434684 6.66235472708 -1.10444432097e-18)
(41.2973562585 7.14606577629 -1.96466058664e-18)
(43.4704919112 7.61703533564 1.76414197734e-18)
(45.5163031483 8.08460959398 9.68020655407e-19)
(47.4293679153 8.54820021942 -9.02985046208e-19)
(49.1990008693 9.00440088059 -1.33542272812e-20)
(50.8181657029 9.45077606918 -2.45400767921e-19)
(52.283540627 9.88488844636 8.91122493984e-19)
(53.5942022025 10.3036310709 -1.08525437648e-18)
(54.7516359439 10.703452362 -3.05096288236e-18)
(55.7595116798 11.0805527564 -1.56481742101e-18)
(56.6232177866 11.4308766294 1.08611233105e-18)
(57.3491398085 11.7499517393 2.44953206935e-19)
(57.9439589486 12.0329392552 -1.70214494475e-19)
(58.414376849 12.2749559052 -3.67856154524e-20)
(58.767475697 12.4720840297 -1.54890565766e-18)
(59.0113652467 12.6230403999 5.43013694758e-20)
(59.1563525865 12.7305716559 2.04806725902e-18)
(59.2148793215 12.7993510013 1.39009725911e-19)
(59.1978563897 12.8360851426 2.95458949144e-19)
(59.1164512963 12.8480504587 4.76003695341e-19)
(58.9810633554 12.8410077578 -1.96612276827e-19)
(58.7992583247 12.8186712946 3.28913004391e-19)
(58.5766707094 12.7820099896 -1.25023587642e-19)
(58.3176142987 12.7298589821 1.98634874296e-19)
(58.0260376836 12.6600628887 -4.64523626767e-19)
(57.706063127 12.5714219513 8.46705617211e-20)
(57.3626535841 12.4645774025 -6.09491410815e-19)
(57.0023603524 12.339146759 -8.07697185304e-20)
(56.631759161 12.196883073 -2.34771916674e-19)
(56.2566855414 12.0407454273 6.39679640881e-20)
(55.8825671483 11.8739115224 -1.19336000987e-19)
(55.514108849 11.7000434039 1.67196063261e-19)
(55.154975568 11.523548357 1.97414926251e-19)
(54.8073516264 11.3496870809 -1.24078725269e-20)
(54.4713412641 11.1844041266 8.32622603298e-20)
(54.1445148203 11.0338159117 -1.48854469498e-20)
(53.8219149718 10.9035343837 1.23233520225e-20)
(53.4966810633 10.7979092918 -1.13588406699e-20)
(53.1610816863 10.7194838753 1.55492039549e-21)
(52.807590849 10.6683280895 6.20259883954e-20)
(52.4298243228 10.6414911943 -2.0693154033e-20)
(52.023208387 10.6324923744 1.66531826488e-19)
(51.585387385 10.6313363157 8.53281620566e-20)
(51.1162577458 10.6250668103 -8.94217989593e-20)
(50.6186947045 10.5987808421 -2.09938957831e-19)
(50.0994723568 10.5372078317 -3.19957455774e-20)
(49.5685093361 10.426917694 -1.48564823003e-19)
(49.0382347197 10.2589132215 -2.67966752382e-19)
(48.5206884643 10.0311615153 -3.68123520729e-20)
(48.0248001033 9.74904947218 -4.05685867035e-20)
(47.5589348731 9.42025336733 -9.22334376113e-20)
(47.1409925953 9.04511240475 -8.52477451807e-20)
(46.8055455715 8.61498885238 8.41951892367e-20)
(46.5844214614 8.13002032485 -1.14498426019e-19)
(46.4492488785 7.64032451414 -4.51031901931e-20)
(46.2679780079 7.24627160788 7.7368686179e-21)
(45.8765767356 7.02175722692 6.56489749206e-19)
(45.3081552055 6.84415067096 -8.75721911956e-19)
(45.0073753586 6.33820855738 -1.41242154544e-18)
(45.4777180783 4.97183833734 -9.80382247761e-19)
(47.6191005502 2.30074468768 -8.80950903084e-19)
(51.2214923337 -1.46566854453 2.74661883965e-18)
(55.2903096942 -5.51184405257 1.99241508276e-18)
(58.122082764 -8.93256682631 -1.23074289013e-18)
(20.0829634701 46.379924128 2.89901983126e-15)
(8.97049990608 14.6715986804 -2.56518252472e-17)
(0.354973620241 0.789193076701 -1.41485378533e-17)
(-5.15320631843 -1.41180783683 -4.11882349968e-17)
(-6.75934299697 -1.19602193793 1.28237595107e-18)
(-6.60558966628 -1.11070095752 -3.24381460764e-18)
(-6.00311440044 -0.928632583336 1.12654488658e-17)
(-5.49616380585 -0.730793092741 5.19424974483e-18)
(-5.20600291076 -0.485526585393 -4.84701378958e-18)
(-4.98514274002 -0.255163311989 5.69197128186e-18)
(-5.02211617435 -0.0818947288866 4.26778310753e-19)
(-5.1503418513 0.0169602396511 -2.99390629624e-18)
(-5.32894406877 0.0359041420237 1.52164407854e-18)
(-5.36723208479 -0.0132637844015 -1.30775073445e-18)
(-5.27517269799 -0.104934278491 -1.16417248236e-18)
(-5.10220868059 -0.153925540069 -3.05344370242e-20)
(-4.88856258013 0.000584344649515 1.05595725137e-18)
(-4.84331307849 0.714140415862 2.71888603731e-17)
(-5.16071072098 2.76609676632 2.69205263265e-16)
(-6.20187755022 5.70250540489 -7.77391867604e-16)
(47.751016211 64.0879150769 -5.08455570087e-17)
(41.6761882881 51.5562167143 3.44724131913e-18)
(28.4050402088 29.4471319993 -1.38372989493e-17)
(15.0385638625 11.0838083541 2.59941389404e-17)
(3.86040694939 1.39100216401 1.31541378955e-17)
(-2.90304282731 -1.17201456591 1.39690355619e-17)
(-5.91995230101 -0.825191905547 -8.67596254455e-18)
(-7.1859357285 -0.412035148841 -5.6062280502e-19)
(-7.90680020849 -0.177996864616 3.08135089706e-18)
(-8.41747485398 0.0489141213194 7.42119449669e-18)
(-8.93058511691 0.287746203605 -2.45346904113e-19)
(-9.48026934402 0.38308632425 -5.2654439529e-18)
(-9.94704779303 0.244168279879 -2.07175326035e-18)
(-10.2259631718 -0.0796267686739 -3.55705146689e-19)
(-10.4615712972 -0.305095358392 2.31447621133e-18)
(-10.5139519945 -0.297101015237 8.68291012871e-21)
(-10.6019311873 0.565099219999 3.62209144006e-18)
(-10.6137303127 2.24976082709 2.59357178789e-18)
(-10.2192084121 4.38578763874 -1.28612034739e-17)
(-9.40836216555 6.28882542925 5.82445184985e-18)
(48.3907213276 48.235268849 3.88958946695e-17)
(54.6550692344 53.3633839434 -3.24545998479e-17)
(53.0563821536 47.7731786506 -4.09960689146e-19)
(44.4463079562 34.6252695046 5.61103115917e-17)
(31.212349169 20.3455359528 -1.39736898669e-16)
(17.3788738766 8.94042433875 -1.57507544153e-17)
(6.64808023414 2.72915854537 7.59778248392e-19)
(-0.0834300115257 0.866611722207 1.58632904241e-18)
(-3.52349812829 0.581025472698 -8.69766132767e-19)
(-5.53243580425 0.70536824657 -2.62252070269e-18)
(-6.96233132256 0.894541105968 -1.63426101433e-18)
(-8.15945603204 0.923008798637 7.64222765331e-19)
(-9.32467276378 0.712378558877 1.01878528941e-18)
(-10.4218680713 0.325140081324 2.66115686008e-18)
(-11.3515023034 0.131656598624 9.63026394651e-19)
(-11.870975022 0.439634067777 2.0171148999e-18)
(-12.0640388691 1.43198037659 1.71102406164e-18)
(-11.6929596993 2.95120509132 -5.23792337957e-18)
(-10.2961292134 4.25097089582 7.16608800939e-19)
(-7.69641825671 4.65165684379 -1.06982958451e-17)
(46.699608792 37.7301305181 -3.40342574266e-16)
(53.2002392035 45.188794331 -1.79173750226e-18)
(60.2721953093 48.534163776 -8.07995230732e-17)
(61.0416004108 45.0794497385 3.2459109582e-17)
(55.8841370777 36.1894533872 4.00010514133e-17)
(44.6906367246 25.0728103652 -2.74260716419e-17)
(31.5394166651 15.2152445007 1.05137878725e-17)
(19.5422476961 8.03221456531 -7.27220880679e-17)
(10.4577602706 4.04523092619 -3.96157515636e-19)
(4.44635353001 2.50928811294 2.78643646298e-18)
(0.685477210832 2.16554294378 2.23285381253e-18)
(-1.69176253116 2.15828242357 -3.39899544176e-18)
(-3.73141960307 1.93427105871 8.46806138257e-19)
(-5.5746795596 1.48579968342 2.04793805043e-18)
(-7.21843460591 1.06218069598 -4.11983898036e-18)
(-8.47056971328 1.06678925032 2.24788911125e-18)
(-9.04058901064 1.65359549677 -2.6750259501e-18)
(-8.52963428908 2.81888263339 -6.5128202397e-18)
(-6.73225679921 3.96849878368 -1.71474828529e-17)
(-3.1831465052 2.90981413549 2.20403079264e-17)
(47.9358595675 33.4523808749 3.41025180284e-17)
(51.8170422596 37.9154798806 3.56588257527e-17)
(58.6837111338 42.6745584312 -6.71410900079e-17)
(64.107634024 44.1990226614 -1.90791067149e-17)
(66.6994238098 41.2385353832 1.24569824361e-16)
(64.2016754673 34.9823733686 3.20604938137e-17)
(55.7582915727 26.7879077915 -7.4611298749e-18)
(44.6243809564 18.5925541949 3.9468896012e-17)
(33.2982375566 12.2485219591 -2.10809224777e-17)
(23.4777239801 7.93829063455 -3.26319728304e-17)
(16.0350375303 5.25622901628 -4.18437642408e-18)
(11.0628399103 3.98122246202 -2.19775534962e-18)
(7.59895884308 3.31538224104 -1.59936654248e-18)
(4.85598067346 2.78188652049 -2.56148394859e-18)
(2.50681395963 2.35939797239 1.28432149591e-17)
(0.693216144073 2.21376626717 -2.32068983276e-18)
(-0.277001554984 2.24943649946 -7.29628589135e-18)
(-0.240848636433 2.20700176854 -9.98414333867e-18)
(0.108564422911 3.30211857537 -1.52266500719e-16)
(4.58213355738 1.17865205991 2.05498151012e-16)
(49.448667239 30.5708139072 1.60230802811e-17)
(51.8689788306 33.3106332863 2.94695721091e-17)
(56.449263979 36.4125092637 1.29278282307e-17)
(62.6318657642 39.301743709 -2.31726553719e-18)
(67.5000580145 39.6524909784 -1.5909290122e-17)
(71.2258952203 37.3380835928 4.35834574608e-17)
(70.0429831261 32.7009061824 -2.90807460909e-17)
(64.3866313127 26.5057007783 -9.79702619161e-19)
(55.880499967 20.1809987675 3.23511361171e-18)
(46.3370722244 14.6661915891 2.63808906753e-18)
(37.4159385558 10.435994239 7.16065181621e-18)
(30.1649463689 7.62782936289 -1.29407069893e-16)
(24.6726888397 5.66506957079 -2.22070955689e-18)
(20.565153183 4.32603768979 1.56763833546e-17)
(17.4730653431 3.39543678555 2.76898765808e-19)
(15.1915965659 2.83290399934 -1.18122330522e-17)
(13.6194495182 2.61040683908 -3.65030757282e-18)
(12.986556745 2.210460152 9.98246090052e-19)
(12.140072909 2.15424313075 1.33033098208e-17)
(15.5778730449 -0.405297958405 8.74810024775e-18)
(50.4798431036 27.9683737383 -7.00050921821e-19)
(52.5693940946 30.4659671014 3.09349822223e-17)
(55.6410710179 32.6511907925 8.83418020185e-18)
(60.4134019065 34.766404773 1.31314505844e-17)
(65.908836463 35.9249589889 3.14147114482e-17)
(70.5821887906 35.448960358 -1.3156634798e-18)
(74.4874971846 33.3106555543 -3.35402436849e-17)
(74.3558547569 29.6863410322 -2.37724483468e-17)
(71.1973299463 25.0871276494 7.19693003723e-18)
(65.2178703345 20.14844089 3.4367500929e-17)
(58.0596266257 15.5152188436 -2.73184499741e-18)
(51.0014610378 11.6371656795 2.00669012804e-17)
(44.9238984943 8.61987314261 -3.30013128235e-18)
(39.9392012647 6.44012496274 5.74984055929e-18)
(36.0516548452 4.8103035481 -1.88113512199e-17)
(33.2057481104 3.56185260853 2.99184541994e-18)
(31.1869175797 2.71459384151 1.26564290283e-18)
(30.2546826421 1.92182397802 9.33485250963e-18)
(29.2755566352 1.61734033338 1.34209399504e-17)
(31.5302279572 -1.04400574071 2.92162759147e-17)
(51.3861667914 25.901978291 -8.6976350801e-18)
(53.2851738726 28.2326306186 6.47756296232e-18)
(55.710419037 30.0667186943 1.42999487385e-17)
(59.1326550645 31.5720367889 -7.36720820075e-17)
(63.7859889679 32.5934040904 1.28300153558e-17)
(68.6509226582 32.5861023561 1.17176991639e-17)
(73.2366349107 31.5054999752 1.49078739386e-18)
(76.0089078441 29.3854767867 5.24606659518e-18)
(77.4136883419 26.3084566792 -4.60122684495e-17)
(76.4166851929 22.709414722 9.05252848955e-18)
(72.8210986936 18.8112468601 -3.38928821023e-17)
(68.0460488716 14.9106202105 -2.86774333862e-17)
(63.1980948797 11.3610774365 3.59207694498e-17)
(58.7396851302 8.43413591424 -3.94358146096e-17)
(54.9061794789 6.1928863906 -4.94785687459e-19)
(51.9073244145 4.4461440882 2.61208724526e-17)
(49.6688733025 3.10374549791 -1.66921635813e-17)
(48.506193421 1.88254425016 5.21210098072e-18)
(47.4612643249 1.29122867247 -5.82107923847e-18)
(48.9288870589 -1.38072763684 -3.32601772055e-17)
(52.0923566684 23.9641316792 -3.54518251004e-18)
(53.6785465007 26.1638921977 -1.35515576224e-17)
(55.9613352139 27.9560453498 1.9396549457e-17)
(58.839331137 29.2679743308 -2.45120463247e-17)
(62.5049552313 30.0714421431 -3.03527563317e-17)
(66.7514694382 30.1122374283 1.28754470669e-17)
(71.1216257544 29.3641813683 -2.15113632513e-18)
(74.9711515488 27.8451659655 -1.02638952858e-17)
(77.4970460959 25.5506933517 6.21633811716e-17)
(78.8694267361 22.7436661833 -3.41130377034e-17)
(79.4538134582 19.6374793858 3.30292408017e-17)
(78.1386783615 16.4352692902 -3.03945661536e-18)
(75.3890277833 13.1541618303 2.78075608991e-17)
(72.5544973695 9.8874896953 3.82598754814e-19)
(69.8021628242 7.09495052005 1.48208084431e-18)
(67.3319415385 5.03525997917 2.3363473593e-18)
(65.2584326868 3.37556492254 -2.38769151669e-18)
(64.0264651409 1.82951229848 -9.60321011775e-18)
(62.9177345899 1.01800598542 -3.14880412226e-18)
(63.7182572503 -1.01445841668 1.4346388426e-16)
(52.9153430287 22.1261463641 4.74308107221e-18)
(54.1453536119 24.2091018891 -6.15127918222e-18)
(56.0341006918 25.9540610857 -2.71674948983e-18)
(58.6874552997 27.172916702 -7.97791540856e-18)
(61.9188238175 27.8897261171 6.09188092296e-19)
(65.5762199499 27.9377436628 2.92673306064e-17)
(69.4013666151 27.2860219976 -1.16292360944e-17)
(73.1554552267 26.0060411885 -4.19270783886e-17)
(76.2757043032 24.0991492261 2.81717173566e-17)
(78.6078822773 21.6626924076 6.11252083398e-18)
(79.8713028143 18.9293031642 5.70484801853e-17)
(80.470455488 16.1521334988 5.68929345993e-19)
(81.1622332466 13.2896282052 -5.05918313635e-18)
(80.3826647844 10.3071699521 2.85297686111e-17)
(77.6567326933 7.45939580106 -2.75813494177e-18)
(76.244153395 5.16204873145 -2.24551197675e-17)
(74.741217774 3.28362416969 1.88974815222e-17)
(73.6292181017 1.5916643513 5.47866229311e-18)
(72.5786548223 0.413317567689 5.11298507691e-18)
(72.7542058311 -1.99261968322 1.02552227526e-17)
(0.0120734568274 -0.0142813798617 -3.62309726198e-20)
(0.0608817423461 -0.0115822736752 -2.39627436905e-20)
(0.0537734301774 -0.0147617698229 2.70491436957e-19)
(0.0269918258158 -0.0269334004184 9.16150300611e-21)
(-0.00988742215233 -0.0432115180387 2.64295112341e-19)
(-0.0539439822524 -0.0711375530977 8.07359721204e-19)
(-0.112427629068 -0.100241896767 -6.09643707403e-19)
(-0.192980791666 -0.134484221208 -2.29343516096e-18)
(-0.324951093995 -0.164240787578 5.49852592457e-20)
(-0.523775898283 -0.180692137273 4.74504931314e-18)
(0.0276814204809 -0.0383408175075 1.35977809978e-19)
(0.0668335263881 -0.0134109467348 -1.92460491502e-19)
(-0.0331397799035 0.00698393940095 -1.89336065888e-19)
(-0.208695332012 0.0154546833976 -8.16017009272e-19)
(-0.44393929997 0.0173032511158 -6.00344524349e-19)
(-0.744373412272 0.0256947755733 6.22204323545e-19)
(-1.12604110293 0.0522722648638 -8.0393111023e-19)
(-1.60839275428 0.110148420389 -1.2934613861e-18)
(-2.22905778507 0.220306300864 2.37004477121e-18)
(-3.03445391733 0.392456138109 3.35619918982e-19)
(0.0203780149137 -0.0588114235048 -1.78403293987e-19)
(-0.00392925397145 0.0278514239991 2.48188991138e-19)
(-0.251882524418 0.120701029236 -1.32263223439e-20)
(-0.628956754657 0.188933931727 3.40420269501e-19)
(-1.11593169748 0.25634340873 -1.05309561711e-18)
(-1.71902116079 0.350598171677 -1.12024731648e-18)
(-2.45384380874 0.494906706725 -1.09244165982e-18)
(-3.33500905333 0.709563686624 1.36640463667e-18)
(-4.39927341033 1.02055336009 5.84387720241e-19)
(-5.69681645117 1.44207556955 -1.27313372326e-18)
(0.000511181395969 -0.0549881713253 -4.55673628908e-19)
(-0.122990337154 0.129355175021 6.24708568966e-19)
(-0.5498927461 0.323756627719 -3.52209363302e-19)
(-1.1467906966 0.481513710831 3.49626908147e-19)
(-1.88368978437 0.643425039113 1.35528222279e-18)
(-2.75768694671 0.853661493622 -3.71354291973e-19)
(-3.77508460928 1.14433126775 -8.71184889949e-19)
(-4.93988623959 1.5399602865 8.42149621926e-19)
(-6.27735733423 2.0664380341 3.46550524969e-18)
(-7.82478376137 2.74921754796 1.58851488627e-19)
(-0.0193022428588 -0.0161575493705 -1.75604219515e-19)
(-0.267607277728 0.306807772603 1.27375027712e-19)
(-0.885413706688 0.625792488028 3.31241637896e-19)
(-1.69492464483 0.8873996646 -9.03895379777e-19)
(-2.6465765234 1.15543947073 -4.73878887134e-21)
(-3.72448415239 1.48864925991 1.33220727662e-19)
(-4.92334398891 1.92698435002 -4.49271155151e-19)
(-6.23739038897 2.49651380818 -1.34211559056e-18)
(-7.67260210837 3.219331496 1.17480914864e-18)
(-9.24635306343 4.13312516755 1.19134668973e-18)
(-0.0361443790657 0.0648177433816 -4.6669893121e-19)
(-0.430583650659 0.560791005717 -1.92545111543e-19)
(-1.23593743581 1.02168578842 1.95164824e-19)
(-2.23476910883 1.39034181644 2.12070794409e-19)
(-3.35312106293 1.76152667685 -4.91239518359e-19)
(-4.56124244551 2.20848028072 -8.34159436295e-20)
(-5.84404621697 2.77762742483 -8.35097462756e-19)
(-7.19018133682 3.49520146291 3.97023344629e-19)
(-8.5805802222 4.37830049621 4.94696401107e-19)
(-10.0081889312 5.4748760505 -1.94538022194e-18)
(-0.0506157570135 0.187723180359 4.85616318196e-19)
(-0.605086533232 0.892688782611 -5.46123841551e-20)
(-1.59073444743 1.5019105262 7.43540566095e-20)
(-2.75065995818 1.96848108672 -6.60336618023e-20)
(-3.98625717936 2.42535840117 1.10009188255e-19)
(-5.25755065763 2.96712941417 2.05112042982e-19)
(-6.54099378272 3.6394936024 -6.0532632424e-19)
(-7.82303777929 4.46924183519 -1.25973813728e-18)
(-9.0535199642 5.46803216497 1.80759255688e-19)
(-10.1948265617 6.69005337484 2.06469869564e-18)
(-0.0827318210209 0.349407391239 -8.84398654763e-18)
(-0.793534066551 1.30390389473 6.48513440524e-19)
(-1.94995650961 2.05721991249 -1.46452210013e-19)
(-3.24521754018 2.60233517703 1.63894504498e-19)
(-4.55050732109 3.12132558443 -1.20728096803e-19)
(-5.82162158555 3.72523377161 5.45938597209e-20)
(-7.03338396923 4.46490496301 5.4804605693e-19)
(-8.16561738756 5.36329089458 -2.61050897453e-19)
(-9.13110052134 6.42567369404 -8.15565058274e-19)
(-9.84981967526 7.70480108434 3.95454879824e-19)
(-0.101484313489 0.552868913803 6.98124880683e-19)
(-0.999532098581 1.79198412629 8.3845593682e-20)
(-2.32242513292 2.67431757959 -3.1958507059e-18)
(-3.72392768239 3.26804887499 -1.57208347668e-18)
(-5.05662141197 3.81951754673 -7.68903478624e-20)
(-6.26929248585 4.44942163145 1.81940643287e-19)
(-7.33436645805 5.21206759491 7.48731578562e-20)
(-8.22945516928 6.12751892411 1.28996983226e-19)
(-8.82332967494 7.19187111365 2.84127752718e-19)
(-8.96827062915 8.43241840208 -1.45139505326e-18)
(-0.112618024571 0.843192727777 1.06761022393e-18)
(-1.23138671298 2.35024183245 -1.00682376645e-18)
(-2.7168737778 3.33229503026 4.32165623107e-19)
(-4.19510673594 3.93605292763 -1.14071334057e-18)
(-5.50604770671 4.48443307915 2.50074293344e-19)
(-6.60068589799 5.1046081236 -1.89841350741e-19)
(-7.43945362521 5.83909104848 -2.65601766716e-20)
(-7.99518493605 6.7086685012 8.13728274532e-19)
(-8.10945214819 7.69982325438 -1.23307878374e-18)
(-7.50904174902 8.79362613631 5.8637159655e-19)
(-0.142071402098 1.20077819407 -1.13721817582e-18)
(-1.50081634849 2.97066525428 -1.47151269607e-18)
(-3.14304613622 4.00726761464 2.52220395254e-18)
(-4.66445012897 4.58255372417 2.18626447924e-18)
(-5.89919361454 5.09113897156 -2.85849949122e-19)
(-6.80662653894 5.65121842797 -1.48610316949e-19)
(-7.3186862059 6.30616046834 5.94309743389e-19)
(-7.4280711675 7.05273022744 -1.75789582301e-18)
(-6.95422021175 7.88734421846 -6.40255263612e-19)
(-5.44489641593 8.71763931397 -2.78438095774e-18)
(-0.198172679972 1.59181042058 -1.82496733152e-18)
(-1.82306901172 3.63967518084 1.34898380893e-18)
(-3.60792663305 4.67513678539 -1.97491737423e-18)
(-5.13141760545 5.18696385701 -7.11567620865e-19)
(-6.22413625742 5.60875698233 2.91858083429e-20)
(-6.83173094137 6.06900513046 7.93977420255e-19)
(-6.93922711636 6.57446901804 -5.62201483028e-19)
(-6.48346432887 7.1224313741 -5.43530588403e-18)
(-5.34992092604 7.70670246235 8.10336043046e-19)
(-2.78986819595 8.11902697896 -1.39308579112e-18)
(-0.297121172476 2.0554995684 1.79875999992e-18)
(-2.21990991093 4.33850703635 3.56675768518e-18)
(-4.11725122511 5.31696214088 2.41964305547e-18)
(-5.57736865258 5.72084470645 -2.32586543355e-18)
(-6.40859837272 5.99452184269 4.86906659037e-20)
(-6.64948585427 6.3118220162 5.6815408448e-19)
(-6.25784761068 6.61963948988 -1.0582421717e-18)
(-5.11636542981 6.89964249781 9.4081377041e-20)
(-3.29572464871 7.13580039118 3.05900365003e-18)
(0.428183623299 6.93083430672 1.99188566001e-18)
(-0.481301467462 2.58299402825 7.45468845847e-18)
(-2.71402474369 5.0462214672 -3.99788633217e-18)
(-4.67063214154 5.90819096824 -9.43473678071e-20)
(-5.97320676338 6.13948762277 4.18381231188e-18)
(-6.43310689933 6.23248355276 -1.21976693497e-18)
(-6.23092763196 6.33441615747 1.51490659862e-18)
(-5.2185172506 6.42270240292 -4.65146449076e-19)
(-3.26662291071 6.39045337652 6.60254558663e-18)
(-0.690129617522 6.22649673791 2.7696769155e-18)
(4.46023929893 5.22143480849 2.80065232694e-18)
(-0.765187101471 3.22475417368 6.8941395683e-19)
(-3.31358191843 5.735297311 7.3903811076e-18)
(-5.25894673521 6.42140333548 -3.0503756096e-18)
(-6.25705151948 6.4222294281 -2.43275315058e-18)
(-6.31973872304 6.28575377068 -1.20533867057e-20)
(-5.52465067704 6.15821954282 1.17783756552e-18)
(-3.77863440027 5.9974375252 1.31146678518e-18)
(-0.822220803944 5.6078525554 -5.21835157079e-19)
(2.76506558824 5.05522312862 -3.55848429279e-20)
(9.88200511626 3.3102952879 -9.55325345614e-17)
(-1.11692496875 3.99354033221 -1.40264863156e-17)
(-4.01121844888 6.36927335712 1.88287509901e-18)
(-5.82023225245 6.8238756332 6.25978974811e-19)
(-6.41239537698 6.54200592367 -7.16800477781e-19)
(-5.99709328669 6.12627976123 -1.00899100566e-18)
(-4.45294075898 5.7744815806 -1.52485663775e-18)
(-1.80864100344 5.32869572995 -2.34477185881e-18)
(2.56000693672 4.53467224556 6.13414346997e-18)
(8.01520317067 3.60787944673 1.16266530902e-18)
(18.0751616323 1.60808444776 -5.44353027366e-18)
(-1.56900743742 4.93130797641 -9.60277180514e-18)
(-4.8250106619 6.9309934412 -8.92556073372e-18)
(-6.34955244853 7.08933368063 -2.77710376683e-19)
(-6.49595074046 6.44692014781 2.04371940704e-18)
(-5.32051532505 5.73425917061 3.24349374396e-19)
(-2.81643169043 5.14429591022 -7.027338292e-19)
(1.12966402566 4.40161371888 -2.02882260354e-18)
(7.67537209606 3.30443807863 3.82232561236e-18)
(16.3626300862 2.12593469619 -5.54768833382e-19)
(29.3926314184 0.540343539361 4.72737410744e-16)
(-2.25731915282 6.00642690249 1.01398954924e-17)
(-5.80071300846 7.35336471287 3.47757132231e-18)
(-6.83392680709 7.07975982698 -1.10750338903e-18)
(-6.39365491653 6.10802484621 -8.31406978991e-20)
(-4.17349393612 5.22453559495 -3.86802100418e-19)
(-0.345352321264 4.52423131786 -3.35621112948e-19)
(5.79952960512 3.67709870457 1.48865989536e-18)
(15.7816579272 2.24465928302 -1.49839286225e-18)
(27.9972929686 0.979765026862 -1.40660169796e-18)
(43.0723042001 -0.0725220218205 3.33528569685e-16)
(-3.56252568744 6.94602348435 -3.976697382e-18)
(-6.90546512184 7.56210556222 -4.14449682381e-18)
(-7.2123028034 6.81574203259 2.21303069431e-20)
(-5.75099602861 5.58103928102 -1.58982778219e-18)
(-2.04516589755 4.66468880008 -4.31231156081e-18)
(3.92733984589 3.94941700764 2.48574185348e-19)
(13.7762129472 2.63814842808 -4.08368978189e-17)
(27.4191451246 0.616441696993 2.38206824797e-18)
(42.1422991455 -0.164456774767 8.20151486713e-18)
(57.4835709363 -0.968647194179 -1.09026159023e-16)
(-5.72482852212 7.39306359054 1.37140341844e-17)
(-7.98458648397 7.46831097341 -1.43478383717e-19)
(-6.87693825202 6.11018637418 -2.85771080707e-19)
(-3.77621535013 4.59653071701 -4.38407676576e-19)
(2.33730391609 3.26620871981 -6.1303072453e-18)
(11.9949299957 1.78107146652 6.9102413311e-18)
(25.7862115627 0.226935630851 -2.18220498959e-16)
(42.0630186267 -1.20714682645 4.04052987491e-16)
(57.3244115902 -1.34838805796 -3.14588128037e-17)
(69.0713421255 -1.68114968282 2.75765741674e-19)
(-0.729672919724 -0.222886204614 2.77228920438e-18)
(-0.964374480306 -0.242614524881 -2.22122838373e-18)
(-1.30806423272 -0.259281647451 -2.9317684951e-18)
(-1.77109268251 -0.242204964068 -5.21699413168e-18)
(-2.35191389832 -0.20962085466 -3.1081313761e-19)
(-3.0948185186 -0.136789576301 4.27021192982e-18)
(-3.97613437555 -0.0383100626757 4.79886766216e-20)
(-5.04856302858 0.103594005998 1.19668743536e-18)
(-6.23952637394 0.262119510878 -2.36001450965e-18)
(-7.60681070462 0.45619564447 1.04241367387e-18)
(-9.0013444289 0.667569038965 -5.02430096744e-19)
(-10.4903003761 0.890088555054 -3.71077588546e-18)
(-11.8585204463 1.11139661465 -9.73572305585e-18)
(-13.2180531119 1.30458369381 1.70810343344e-17)
(-14.3097496324 1.51313299117 2.50441302603e-17)
(-15.2992127185 1.65232065736 -4.2683249658e-17)
(-15.934973837 1.75118982051 -3.61153996265e-17)
(-16.1958193416 1.67775006224 5.32479362838e-18)
(-15.5674773651 1.56423435284 4.567336709e-17)
(-14.5817489315 0.801965212467 2.2609969972e-17)
(-13.7379652833 0.331549050648 -3.79101169196e-17)
(-12.6753420925 0.0378955983192 -3.415481706e-18)
(-11.4366314432 -0.445018484566 1.34599524058e-17)
(-10.0750554499 -0.768975863963 0)
(-8.68810224755 -1.26033066301 -1.05354254763e-17)
(-7.28579530574 -1.59183462984 -6.40198251213e-19)
(-5.97853174628 -2.05778878228 7.54571553745e-18)
(-4.74147410391 -2.37121458098 1.91394294506e-18)
(-3.64210466379 -2.76835898345 -1.28235529386e-17)
(-2.66125195641 -3.03490918761 -6.68748850369e-18)
(-1.81456187445 -3.32841391732 1.1076009817e-17)
(-1.15871724233 -3.61310348408 2.59559599526e-18)
(-0.605762949222 -3.85449379767 -1.78235654524e-18)
(-0.165908591287 -4.10471564459 2.29122802981e-17)
(0.062400394205 -4.23057784161 9.76986884797e-17)
(0.240004940994 -4.29391417874 -1.88871401915e-18)
(0.187745040218 -4.40906201587 -3.04847218716e-18)
(0.00236413093837 -4.4647164091 -7.28848676908e-18)
(-0.364207328251 -4.49037781351 5.13632388186e-18)
(-0.900669894434 -4.44473987917 8.93694140752e-18)
(-1.53488975882 -4.46989773764 8.29347087464e-18)
(-2.07988248007 -4.59041311165 7.43448962537e-18)
(-2.69924410766 -4.54165164879 -1.12151164492e-17)
(-3.46596955907 -4.53124215392 -6.80483244437e-18)
(-4.36543437725 -4.4047459865 1.5553274507e-18)
(-5.27145317916 -4.31286421757 5.01047001798e-18)
(-6.27481995105 -4.1594246632 -1.2273877811e-18)
(-7.19567457872 -4.06438628615 -9.06364156818e-18)
(-8.19326568097 -3.95548304225 -1.52323994741e-20)
(-9.04354818206 -3.92503067993 2.65176226392e-18)
(-9.95085831662 -3.80233205171 1.49314536209e-19)
(-10.6606427428 -3.77938213129 3.73091617732e-18)
(-11.4527604806 -3.75541118843 -1.14675053118e-18)
(-12.002619957 -3.76076519582 -6.89875904215e-18)
(-12.6312889992 -3.77442989917 1.63542804234e-17)
(-13.0223018245 -3.7833989708 1.73614047508e-18)
(-13.558552204 -3.78325989804 -1.07624728775e-17)
(-13.9365072659 -3.69567095479 -2.4653153176e-18)
(-14.2772570447 -3.67012282481 -7.8602972588e-19)
(-13.6167230996 -3.90993595879 -1.24470355244e-17)
(-13.1052273914 -4.64670282016 1.62938407746e-17)
(-13.0151559284 -5.02222035502 1.84651211368e-17)
(-12.7719209589 -5.24465413389 -1.3688756515e-17)
(-12.5537432661 -5.60411170924 -4.83717419775e-18)
(-12.1271316774 -5.88774057357 0)
(-11.6635808306 -6.35646332934 -1.51036699179e-17)
(-11.0202106296 -6.75354546925 -4.75421878777e-18)
(-10.2295573091 -7.36031660916 -1.56616381268e-18)
(-9.03199646572 -7.87259785821 4.30200330283e-18)
(-7.58724585792 -8.58662548445 -3.57871550322e-17)
(-3.86842739758 0.556727317976 -5.57140983473e-18)
(-4.70909920046 0.757827276238 2.29888280657e-18)
(-5.76455876119 1.02455531205 5.45668314574e-18)
(-7.04269588159 1.36278454203 1.77929752397e-18)
(-8.55733781218 1.77497069739 -4.27065580293e-19)
(-10.3147629233 2.24825144713 -6.15569970623e-18)
(-12.2822489706 2.77449820771 -6.45080578587e-18)
(-14.4245949396 3.31840232713 5.72274598952e-19)
(-16.6553183126 3.85797588022 4.30855724696e-18)
(-18.9063682362 4.3390587342 5.85559691199e-18)
(-21.0518613697 4.73875050314 4.66507273635e-18)
(-23.0167395785 4.99500151659 -3.95733012046e-18)
(-24.6711102257 5.10772038708 1.30737210003e-18)
(-25.9568473974 5.02391599384 -3.4949957063e-18)
(-26.7842845572 4.79967110433 -5.49713332487e-18)
(-27.1574071034 4.38914913923 -1.81666848425e-18)
(-26.9648868893 3.90032415949 -3.39307041796e-18)
(-26.1818989362 3.29652698176 2.65251995285e-17)
(-24.8155136128 2.58150721635 -1.39087924713e-18)
(-23.2145134827 1.55599638445 -2.403402459e-17)
(-21.4615460143 0.685257601413 2.46301843484e-17)
(-19.4945484297 -0.0592404285039 -2.98305259015e-18)
(-17.3898631834 -0.803291088887 -2.45017428728e-17)
(-15.1782657132 -1.41542664097 1.78939082605e-17)
(-12.9656327399 -2.01654469484 0)
(-10.7990966999 -2.48215397971 1.45708648988e-17)
(-8.76414951474 -2.92233512671 -2.47211876628e-17)
(-6.89576984023 -3.25227932685 -7.23231649889e-18)
(-5.24170192522 -3.54842777446 2.56575179912e-17)
(-3.81915264262 -3.74485901082 -7.44700299309e-18)
(-2.65352684304 -3.89099846601 -1.81547842904e-18)
(-1.77531141163 -4.01045928726 -1.68130218122e-18)
(-1.20725124027 -4.09070866622 -1.65309418111e-18)
(-0.954830424606 -4.04185246634 2.0971865768e-19)
(-0.982414668003 -3.85748912661 -8.91209678434e-19)
(-1.29879338078 -3.58499140435 0)
(-1.9505918165 -3.25383590025 4.60521501093e-20)
(-2.89996252846 -2.82055887355 2.56252921213e-19)
(-4.13320226421 -2.32195589407 7.08518609432e-19)
(-5.58416849988 -1.79445154468 -6.74994695196e-18)
(-7.10269790621 -1.30892256296 -7.2859039235e-18)
(-8.60643349459 -0.90654486054 6.25532648751e-18)
(-10.165354873 -0.553432324612 -1.81954103785e-19)
(-11.7897828779 -0.18289186323 -2.40883259052e-18)
(-13.4961839588 0.195716256435 6.16793032684e-18)
(-15.1730755151 0.54413531342 5.22314433615e-18)
(-16.7978083372 0.825646997152 -9.2061315171e-18)
(-18.2756194597 1.04420643592 -1.54936957427e-18)
(-19.6367011604 1.17981720403 1.05479719797e-17)
(-20.8061684015 1.26002826142 -2.70018584085e-18)
(-21.8350904629 1.26561960099 6.18287374611e-19)
(-22.6650615025 1.22382635764 -9.88451024652e-19)
(-23.3626627775 1.09562449445 7.54306344514e-18)
(-23.8601130865 0.927910766105 -9.46090885399e-18)
(-24.2193956053 0.676177009018 -3.99427300923e-21)
(-24.3879482038 0.418525339471 6.50669848741e-18)
(-24.4350314433 0.0892651693224 -1.34501635295e-17)
(-24.2515404474 -0.229052368901 -2.83613586951e-18)
(-23.7755488408 -0.637988277213 2.64781831554e-17)
(-22.9186171424 -1.15305445235 7.49218050182e-18)
(-22.1428388878 -1.99684701613 -1.9193599979e-17)
(-21.4494480569 -2.69660550694 2.61852467212e-18)
(-20.6656407105 -3.28278078791 8.87562356691e-18)
(-19.8024621181 -3.94105223519 7.2352677728e-20)
(-18.7898484038 -4.57280124532 -4.3505334331e-18)
(-17.6893145475 -5.30748220678 1.16041859171e-17)
(-16.4599979505 -6.05374611153 8.72130777306e-18)
(-15.1316298815 -6.95796700746 -1.15228609426e-17)
(-13.6261722882 -7.94151035807 -3.39938813766e-17)
(-12.1355901331 -9.16567856592 1.75368798886e-17)
(-6.98714219338 1.87600316087 -3.04145631808e-18)
(-8.27805465249 2.33344536222 -3.48453207316e-18)
(-9.81774975949 2.88679001583 1.6399768898e-18)
(-11.5783024221 3.52842667955 2.60979423285e-18)
(-13.5581193021 4.24074287579 1.72306841063e-18)
(-15.7277609286 4.98945908673 1.64454780776e-20)
(-18.0306254031 5.72780060908 6.98820746216e-20)
(-20.390665184 6.39559951275 5.34167243651e-18)
(-22.7153677158 6.93657252909 1.40652747761e-18)
(-24.9111543084 7.29450512736 -1.58698994858e-18)
(-26.8868768786 7.43734223744 -4.32278653921e-19)
(-28.5678025193 7.3403348373 -5.89959947046e-18)
(-29.8883151687 7.01290090758 -1.0700325315e-17)
(-30.7990296889 6.45929315485 9.30230140648e-18)
(-31.2660556704 5.70797918909 -2.04795886446e-17)
(-31.275836641 4.78730601017 -1.14462560727e-17)
(-30.7995973541 3.75836847636 -1.09198802238e-17)
(-29.8118632154 2.65422399793 -2.76762198067e-17)
(-28.3682234815 1.49287628563 4.88285865911e-17)
(-26.6144746299 0.27146336774 -1.76062973803e-19)
(-24.6087185601 -0.84493273323 -2.98462997234e-17)
(-22.3890629001 -1.8236108851 8.99212406385e-20)
(-20.0201692953 -2.67537009979 -1.48970264829e-17)
(-17.5637206023 -3.37006075421 1.21169449051e-19)
(-15.1064642508 -3.92649885734 2.10076358323e-17)
(-12.7267942297 -4.32490864208 1.64934721812e-17)
(-10.5060548678 -4.59486612365 -1.52900368478e-17)
(-8.50513525556 -4.72725483536 -1.59058001043e-17)
(-6.77232933651 -4.74514981624 7.07626216483e-20)
(-5.34526340481 -4.64807856988 -7.79512669798e-18)
(-4.25837084694 -4.45419575693 -1.29158347944e-17)
(-3.5382538737 -4.15944795644 3.58501144916e-18)
(-3.21149885058 -3.7409411395 1.1065746474e-17)
(-3.28994769602 -3.19196861361 -3.59747963839e-20)
(-3.75630262966 -2.54344907086 9.02997951478e-19)
(-4.58508670206 -1.78374835204 1.7971477267e-18)
(-5.76817290491 -0.946736170754 5.81766205147e-19)
(-7.25700606129 -0.0613604072237 -1.73505111085e-18)
(-8.98583296482 0.82033455277 0)
(-10.8560934949 1.63512412803 0)
(-12.7490525948 2.3220393987 6.06243356471e-18)
(-14.5978571558 2.85116034981 1.05899677286e-17)
(-16.4052910666 3.24849781752 -9.75538600902e-18)
(-18.1695217114 3.56700153558 -2.74679307553e-18)
(-19.8690772933 3.79643227596 1.04448715911e-19)
(-21.4361001874 3.92717688754 -6.07204978775e-18)
(-22.8336787063 3.96549895461 4.06696136766e-18)
(-24.0489588127 3.91042867033 -1.67971066173e-18)
(-25.083884616 3.75079616457 -9.71251695876e-18)
(-25.9311572829 3.50447056236 8.4934329481e-18)
(-26.5910444926 3.174642214 5.46384449991e-19)
(-27.057224855 2.79153818131 -8.95458525118e-18)
(-27.3494579358 2.35073991511 -1.73422004056e-18)
(-27.4676875628 1.87234340191 -9.00909108203e-18)
(-27.4468300391 1.35754273591 -3.44949251312e-18)
(-27.242093813 0.829420832309 3.51275872092e-18)
(-26.9030677226 0.263827469817 -4.56294354918e-18)
(-26.3864291853 -0.326574374742 -1.72087115797e-17)
(-25.6726299478 -0.966225509918 -1.88219378017e-17)
(-24.8031023664 -1.67473323831 -2.64705839914e-19)
(-23.9154575643 -2.51249771682 1.9436555922e-17)
(-22.9949554631 -3.32781594405 -1.29960439337e-17)
(-21.9843239718 -4.1068365948 -5.41438645936e-18)
(-20.8774815999 -4.9023178765 -3.89967944136e-18)
(-19.6713301772 -5.70569095234 -3.90206680389e-18)
(-18.3974547178 -6.55567932781 1.04703981702e-17)
(-17.0786124671 -7.43164239706 -1.11625840151e-17)
(-15.7505062988 -8.36288588944 5.84548784234e-18)
(-14.4353603341 -9.33427615551 2.44381205645e-18)
(-13.226695277 -10.3848441035 4.06860675447e-18)
(-9.33338532776 3.46189282445 0)
(-10.8502875962 4.15791550597 0)
(-12.5970388918 4.95709207923 2.43280883586e-18)
(-14.5246009849 5.83174439874 -4.07345797973e-18)
(-16.614423084 6.73964916469 -3.29776900948e-18)
(-18.8231762717 7.62322646443 2.30856318055e-18)
(-21.0920401442 8.41322034132 0)
(-23.3495829265 9.03873821117 -4.76654927991e-18)
(-25.5207468021 9.43913112586 5.01175538351e-18)
(-27.5344983216 9.57195823631 -8.02394117698e-18)
(-29.3289301694 9.41630867287 5.29403358933e-18)
(-30.8505624268 8.97102875486 1.08700057263e-17)
(-32.0536842285 8.2513969686 -2.31623035664e-18)
(-32.8987120594 7.27140035601 1.29399159478e-17)
(-33.3387464905 6.07137395129 1.4182506201e-17)
(-33.3546471763 4.71957293774 -1.6138707216e-17)
(-32.9194723688 3.24779608818 2.76046635414e-17)
(-32.018228367 1.71119649326 -2.57669136151e-17)
(-30.6879311664 0.166396828081 -7.33425030515e-18)
(-29.0049726111 -1.32542736477 1.71268423158e-17)
(-27.0159090365 -2.67316358078 2.3667768703e-17)
(-24.7743004406 -3.83542586381 3.78001014434e-17)
(-22.3445134005 -4.78534596128 -2.38183235994e-17)
(-19.8028025155 -5.50332551317 -3.93491789715e-17)
(-17.2419195367 -5.98574567495 1.96291186599e-17)
(-14.7602422956 -6.23555261904 2.10481197785e-18)
(-12.4529759794 -6.27057582268 -1.61431324059e-17)
(-10.3955710255 -6.10560136918 0)
(-8.65281943107 -5.76300606953 9.46984198761e-18)
(-7.27454995454 -5.26142813986 1.09243181053e-17)
(-6.29274462475 -4.61747881301 -2.86532431449e-18)
(-5.73249946168 -3.83942096157 7.35928664138e-18)
(-5.60233781567 -2.92704206523 1.15242148199e-18)
(-5.89794200484 -1.88928949498 -4.70687505704e-18)
(-6.59083685613 -0.758589311033 -4.45765533018e-18)
(-7.63765553806 0.4263029101 -2.42766713293e-18)
(-8.98202264744 1.60923446752 -5.70740951439e-18)
(-10.5491146578 2.72948136423 3.78530765876e-18)
(-12.2547162085 3.72285509427 6.32107515053e-18)
(-14.0092773853 4.53857927815 0)
(-15.7330464041 5.14280323581 3.00314195063e-18)
(-17.377724932 5.53570279748 -2.32746049363e-18)
(-18.9218467946 5.74555549807 5.09664859916e-18)
(-20.3479427312 5.81096147259 2.98867565014e-18)
(-21.643488762 5.75027502588 -1.15889923943e-17)
(-22.8099113978 5.57616609092 1.41581278467e-17)
(-23.8288077812 5.29286080794 2.98992342749e-18)
(-24.6837462564 4.92148591965 -1.30135334622e-17)
(-25.3839599095 4.47431735915 1.14070842693e-17)
(-25.9330788649 3.97192070253 9.93850324741e-18)
(-26.3400723258 3.4257449873 7.64795708986e-18)
(-26.613922153 2.8262025093 -7.16681568111e-18)
(-26.7431052361 2.17248701402 2.82399267612e-18)
(-26.724071606 1.48748523179 2.90567996274e-18)
(-26.5626303746 0.771235837405 -1.95103632956e-19)
(-26.2608695882 0.0326635985085 -8.76952040451e-20)
(-25.8246870602 -0.725613388033 9.74260400293e-18)
(-25.2510693244 -1.49967541364 1.36936220017e-17)
(-24.5453672481 -2.29488728854 1.43924389139e-17)
(-23.7436885349 -3.13078999092 -2.52945471926e-17)
(-22.8866719946 -4.00651456244 -2.20864839258e-18)
(-21.9605754746 -4.88226573961 -1.31719444503e-20)
(-20.9413392213 -5.75339889093 -6.33136389324e-18)
(-19.8284406406 -6.62535431682 3.26096156152e-17)
(-18.6350834748 -7.49729988507 -6.83575765628e-18)
(-17.3884812023 -8.37174542013 -1.79143882828e-17)
(-16.1218434057 -9.24312237852 7.00903276047e-18)
(-14.8718323386 -10.1113855974 -5.96624930012e-19)
(-13.6744407384 -10.973534543 5.24981419089e-19)
(-12.5658511196 -11.8239271423 -2.07835958006e-17)
(-10.7754956285 5.09064962273 9.40000742057e-19)
(-12.3398048126 5.98421383616 0)
(-14.097630902 6.97094062384 0)
(-15.9978174371 8.00553115317 -1.42043276208e-18)
(-18.0187886587 9.02883788529 2.0165799955e-18)
(-20.1207497911 9.96747390637 0)
(-22.255518828 10.7441411529 -2.03311601145e-18)
(-24.3675489859 11.2852384293 2.90585231936e-18)
(-26.3978788625 11.5305725925 5.89144065721e-18)
(-28.2889821181 11.4457659631 3.94913374279e-18)
(-29.9859875004 11.0153927927 -2.56685426336e-18)
(-31.4328368463 10.2437934048 9.84938533028e-18)
(-32.5779985499 9.14974233463 2.55735557296e-17)
(-33.375569035 7.76680026572 -1.26535645913e-17)
(-33.7850329138 6.15830066085 2.22669965241e-17)
(-33.8834329685 4.37996302069 -1.40698786577e-17)
(-33.4577901621 2.46993307584 2.59076594922e-17)
(-32.6836845963 0.524755476531 -1.90334692893e-17)
(-31.5216133206 -1.36961874754 1.77105617067e-18)
(-30.0281503412 -3.14402520851 2.26375647607e-17)
(-28.2233966184 -4.72097901668 -2.83093691536e-18)
(-26.1474355787 -6.04621523994 4.76521919023e-18)
(-23.8469558553 -7.08060919191 1.08313609163e-17)
(-21.3864637921 -7.79536243872 4.82923853468e-18)
(-18.8534712745 -8.17894389354 -1.33327067969e-18)
(-16.3543327263 -8.23883743069 -2.25814233852e-17)
(-14.0022611758 -7.99885853057 -1.00879596832e-18)
(-11.9045938125 -7.48870837566 1.15969095745e-17)
(-10.1454453776 -6.7479088322 3.05574220882e-18)
(-8.77416974186 -5.80532997854 -6.13521353381e-20)
(-7.82070156394 -4.69087264392 7.85166942918e-18)
(-7.30075339441 -3.43982705776 4.40939688786e-18)
(-7.21287921045 -2.07594816116 -3.32150114868e-18)
(-7.5299618153 -0.618176962023 1.87085811225e-17)
(-8.20176994904 0.867956732372 -3.990097939e-18)
(-9.16834308286 2.3082241819 3.90127314101e-18)
(-10.3555568974 3.63553864342 -1.01993120532e-17)
(-11.6846636248 4.78300232777 2.82220570452e-18)
(-13.0777878848 5.6987469012 9.00149523421e-18)
(-14.4722110489 6.36294232315 3.79240099009e-18)
(-15.8285386952 6.7744066866 -2.70485233851e-20)
(-17.1233662771 6.94266978465 -3.49439174557e-19)
(-18.3406406015 6.89575403956 8.40797666626e-18)
(-19.4487528649 6.68327496447 -2.59995706874e-17)
(-20.4423084747 6.36775792421 -1.35087478157e-19)
(-21.3233509876 5.94906820078 1.52371252853e-17)
(-22.0868114553 5.45045350579 -1.03976939873e-17)
(-22.7346748571 4.87614987764 1.70049475817e-17)
(-23.2678419855 4.23654891977 2.29350825185e-17)
(-23.684060563 3.54457239344 -4.96380899807e-18)
(-23.9751260129 2.80758564149 -7.19307799303e-18)
(-24.1493798404 2.03498919864 8.63939805188e-19)
(-24.2152460405 1.23335322832 -9.23274251267e-18)
(-24.1645342297 0.410053623856 1.9993024195e-17)
(-24.0006444674 -0.431824886808 9.62227323187e-18)
(-23.7246563591 -1.28890554404 -7.29291511006e-18)
(-23.3373661175 -2.1594872119 1.01725483981e-18)
(-22.8420880861 -3.04100291354 -4.25556660198e-19)
(-22.2472135528 -3.93610053726 -9.60497161568e-18)
(-21.5711517393 -4.84948661891 2.07024764324e-17)
(-20.8246366433 -5.77237536515 1.23139037051e-17)
(-19.996281201 -6.69067888045 5.11847621857e-18)
(-19.0738918357 -7.60340009372 -3.26881297431e-17)
(-18.0592961765 -8.50865038703 1.30876703611e-17)
(-16.9659775784 -9.40121611113 3.53177625257e-17)
(-15.8160415475 -10.2743966826 4.7933515163e-18)
(-14.6368989849 -11.119546252 -1.25963714027e-18)
(-13.4584735062 -11.9285849984 -2.45447519514e-17)
(-12.3056658015 -12.6929435535 1.57136022672e-17)
(-11.1817256058 -13.4022668096 2.05122125641e-17)
(-11.4155795356 6.6310602863 -1.98859476685e-19)
(-12.9053989314 7.68087263817 4.09396150486e-18)
(-14.5493822475 8.80843151364 -3.31089741922e-18)
(-16.3106247544 9.95531756604 -3.89956607002e-21)
(-18.1696213775 11.0495379753 1.98718537619e-18)
(-20.0915615288 12.0075799572 -5.5360415285e-18)
(-22.0356080587 12.7458362594 -4.44326090249e-18)
(-23.9549775363 13.1850442884 1.13981710241e-17)
(-25.7913027173 13.2576127345 4.03510517064e-19)
(-27.4831764714 12.9413231257 -7.48600744293e-18)
(-28.9764095692 12.2175906803 -1.43834841199e-17)
(-30.2184848134 11.0938891365 3.33929396493e-17)
(-31.1669539898 9.59870508427 2.24795293967e-17)
(-31.7870507307 7.79009023102 -6.41309875482e-18)
(-32.0637820796 5.74003563251 1.06594540779e-19)
(-31.9928721583 3.5165737715 -9.95636340469e-18)
(-31.600543661 1.22082549106 4.25724017422e-18)
(-30.8976906276 -1.05878694069 4.84218978767e-17)
(-29.8997438127 -3.24531172221 -3.20384063936e-17)
(-28.627706239 -5.25959127712 -1.41619444402e-17)
(-27.1104041552 -7.02674632086 1.4375369099e-17)
(-25.3619150017 -8.48425712826 -9.67401333462e-18)
(-23.4065028977 -9.58764766086 4.87817465763e-18)
(-21.274810328 -10.2989541508 3.77172093398e-17)
(-19.0139730396 -10.5942090484 -2.69555133918e-17)
(-16.6952303665 -10.4716137274 -3.76546853411e-17)
(-14.421832423 -9.95209326534 5.88881545702e-18)
(-12.3269127264 -9.086353723 2.03229234663e-17)
(-10.5344594466 -7.93545352378 1.88532448998e-17)
(-9.12224778519 -6.55832686973 2.05297435831e-17)
(-8.12315086976 -5.00600571059 -6.55273783423e-18)
(-7.54202043027 -3.32997118002 -1.82078257871e-17)
(-7.35876878842 -1.56097534876 -8.40241332499e-18)
(-7.53599281337 0.215593032508 -3.16677962786e-20)
(-8.01772297405 1.91327359429 -1.98534634338e-18)
(-8.73591096115 3.47369603582 7.30732215892e-18)
(-9.61978588779 4.81337355074 -4.89166529475e-18)
(-10.6016512089 5.87951151186 -2.48668125222e-18)
(-11.6241767148 6.64306882758 6.68484639061e-18)
(-12.6573224471 7.09614367984 -8.62825440026e-19)
(-13.6794847062 7.26598985783 -2.34301662588e-17)
(-14.6701786779 7.2220748301 1.59414225015e-19)
(-15.6197139368 6.9984812348 1.03992986108e-17)
(-16.5133197243 6.64625866124 -6.86381891994e-18)
(-17.3293065437 6.16609543819 1.44560713652e-17)
(-18.0589138566 5.59189265787 0)
(-18.7012688042 4.93948156454 6.59081775186e-18)
(-19.2571788554 4.22198354804 9.16753215886e-18)
(-19.7252676314 3.45142622503 -1.52214281671e-17)
(-20.1015884076 2.63737801406 -2.7273520385e-18)
(-20.3831895461 1.78764828355 6.89375599474e-18)
(-20.5777129267 0.908838271519 7.18708392328e-18)
(-20.6776872224 0.00654818104235 -3.31615436425e-18)
(-20.6736914655 -0.914849464329 -6.92275067228e-18)
(-20.5723544065 -1.85032371599 3.11148531965e-18)
(-20.3757930732 -2.79631550235 1.77564218088e-17)
(-20.0878660888 -3.74933739135 -1.91595094979e-17)
(-19.713338557 -4.70703591824 1.74154195111e-17)
(-19.2588403429 -5.66970361043 -2.32649068015e-18)
(-18.7322213078 -6.63652445764 7.86471718498e-18)
(-18.1333704523 -7.600665987 -1.10340023672e-17)
(-17.4513812003 -8.55516958724 -1.64901052033e-18)
(-16.6767810134 -9.49773981 -1.58830980011e-18)
(-15.8098450633 -10.424226133 -4.91298302638e-17)
(-14.8595354057 -11.3268395697 1.64709424766e-17)
(-13.8406763189 -12.1955747186 1.69180673666e-17)
(-12.7722642519 -13.0191210338 5.51863777799e-18)
(-11.6764623593 -13.7850962525 -2.12970013461e-17)
(-10.5674666493 -14.4798162608 6.100427057e-19)
(-9.42626476651 -15.0975357191 2.67376152677e-17)
(-11.3676005182 7.99576438372 -1.20517164456e-18)
(-12.6881433217 9.16288140281 -2.70862808447e-18)
(-14.1162151881 10.3929826198 1.15064085977e-21)
(-15.6393963684 11.6143767853 -4.9120656689e-18)
(-17.2373430802 12.7423870503 4.51391414317e-19)
(-18.8747695049 13.6799182318 4.31918993718e-18)
(-20.513170425 14.331918752 2.25521447582e-17)
(-22.1140002391 14.6213343097 7.11992539906e-18)
(-23.6094978987 14.4875761183 -1.48801111925e-17)
(-24.9279316515 13.8791639375 2.5915333383e-18)
(-26.0372368362 12.7987541938 4.54841678423e-17)
(-26.8930790752 11.2713223986 3.55717664533e-17)
(-27.4787422772 9.35435879934 -2.97804307284e-17)
(-27.8007593235 7.13348731896 9.28827563542e-18)
(-27.8624024256 4.6938583496 -2.72022158315e-17)
(-27.6756833886 2.12367856959 4.08280182912e-17)
(-27.2537676174 -0.487589143341 -2.5557473015e-17)
(-26.5962589581 -3.04915802454 1.08939717954e-17)
(-25.7124913403 -5.47049285414 2.48671422307e-17)
(-24.6207583941 -7.66351344511 1.26909030008e-17)
(-23.3466418174 -9.55261171502 1.10492748185e-17)
(-21.9210070673 -11.0802313457 2.85454560852e-17)
(-20.3735660042 -12.2045710772 -3.04008595692e-17)
(-18.723548958 -12.8949221586 -1.21992810227e-17)
(-16.9748442162 -13.1253687974 1.37342215946e-17)
(-15.1176179387 -12.8742248254 6.59277522728e-20)
(-13.1794385566 -12.1393142121 -4.85828607845e-18)
(-11.2540148543 -10.9677928373 2.53092393223e-17)
(-9.48341397181 -9.44088061133 1.55577334888e-17)
(-8.00685740244 -7.65728357675 -5.29231061155e-18)
(-6.90513931512 -5.70511133444 -1.23117956075e-17)
(-6.19368600211 -3.65993422547 3.84590465125e-18)
(-5.84409051764 -1.59802446756 -1.16127355039e-20)
(-5.80595852305 0.398063811608 -1.96499396628e-17)
(-6.03070474159 2.2392486678 1.1743945217e-17)
(-6.46131360449 3.838974338 -1.02602867999e-17)
(-7.03515160413 5.12939176296 8.45337045077e-18)
(-7.70230781546 6.07740167084 -1.786816533e-18)
(-8.43182617842 6.6853763164 -5.15811657161e-18)
(-9.19944777488 6.98890829761 -5.12865387985e-21)
(-9.99192774602 7.04696626215 2.26098547529e-18)
(-10.8027273436 6.88449724673 -4.10991324699e-18)
(-11.6064510345 6.54409865911 2.72988962828e-18)
(-12.3861012223 6.06945386952 1.84053695781e-17)
(-13.1194064932 5.48710758511 -3.52337640085e-18)
(-13.7960892768 4.8181087262 -4.07140870066e-18)
(-14.4106878467 4.07535162018 6.67640823097e-18)
(-14.9590074697 3.27134796985 -1.17055280276e-17)
(-15.4350729303 2.41575239733 -2.36280093291e-17)
(-15.8323957484 1.51696356889 4.03192270475e-18)
(-16.1488652146 0.581878697017 2.27899572165e-18)
(-16.3880798943 -0.382915272211 -8.99094125603e-18)
(-16.538709753 -1.36784936462 6.94075520781e-19)
(-16.5956059051 -2.3695618838 -1.35452144322e-17)
(-16.5673649671 -3.38118528067 -1.87834351847e-17)
(-16.4580780313 -4.39784452152 1.88782073917e-17)
(-16.2736214793 -5.41519773623 1.220717857e-18)
(-16.0198967994 -6.43050979438 -1.82967915974e-17)
(-15.7023191897 -7.442660684 -3.73426345248e-18)
(-15.32421654 -8.44941912304 -2.02870916312e-17)
(-14.8816984446 -9.44623056003 1.6931172806e-17)
(-14.3631846747 -10.4290334474 -1.08636568632e-18)
(-13.7580198883 -11.3945921577 8.95776806804e-18)
(-13.0625106101 -12.3376122212 -1.9223427175e-17)
(-12.2791364236 -13.248756282 -1.46108673174e-17)
(-11.4146466188 -14.1160689631 1.59471275025e-17)
(-10.4791641151 -14.9261276436 -7.03675801967e-18)
(-9.48777405888 -15.6640256483 1.08668636535e-17)
(-8.45044351124 -16.312620185 -1.01998063588e-17)
(-7.32925063658 -16.8721088789 6.27309700576e-18)
(-10.6751747112 9.10224939742 2.75672100323e-18)
(-11.7352910626 10.3418159295 -2.14799164209e-18)
(-12.8403946301 11.6287175517 -8.31395898538e-18)
(-14.0113670224 12.8773439705 -5.35304789614e-18)
(-15.2239437695 13.9891357966 1.57920461919e-17)
(-16.4429603483 14.854539721 2.35971681621e-17)
(-17.6269124107 15.3824207911 -6.53354198517e-19)
(-18.7495523527 15.5409021164 -2.3897943631e-17)
(-19.7399118325 15.0239622088 1.09202906964e-17)
(-20.5518680053 14.0802049574 2.26196492549e-17)
(-21.17668405 12.6225731838 6.66678953587e-18)
(-21.6007747744 10.7126454465 -3.06931590813e-17)
(-21.8361976398 8.43460399397 -2.90136414952e-17)
(-21.9044324799 5.88198271588 -1.4935701734e-17)
(-21.8108060196 3.1422313315 -1.32653538577e-17)
(-21.5582175146 0.298209141307 -4.32501430556e-17)
(-21.1408779591 -2.56624182634 1.90782843135e-17)
(-20.5376610526 -5.3581435946 -2.80127441946e-17)
(-19.7391256072 -7.97519993928 -1.97641094776e-19)
(-18.7527757258 -10.3113860138 -6.82097871194e-18)
(-17.6069730075 -12.2789703931 0)
(-16.350439928 -13.8124956237 8.11796020497e-18)
(-15.047757498 -14.8779592975 -1.13762878591e-17)
(-13.7562270826 -15.4651570743 -4.50504389133e-20)
(-12.4954473754 -15.5812059587 1.54526658196e-17)
(-11.2242420296 -15.2274187188 1.44582412914e-17)
(-9.88516716561 -14.3770309744 5.46606740149e-18)
(-8.43528721243 -13.0324178866 -1.14427506864e-17)
(-6.91503972992 -11.2468433721 1.84721892278e-17)
(-5.46798265023 -9.1355658327 3.45480292872e-18)
(-4.25876120939 -6.84116108466 -1.2678477315e-17)
(-3.3814469241 -4.48968695326 -3.61097949071e-17)
(-2.83013441181 -2.18677132144 5.42316032416e-18)
(-2.56304560045 -0.0185253025806 -2.95463891582e-18)
(-2.54238428882 1.91491039775 1.176325068e-17)
(-2.72072334298 3.53202924591 7.25173856547e-18)
(-3.05128950289 4.78231185334 -8.27570262918e-18)
(-3.49943483793 5.65764308273 0)
(-4.04245519444 6.18630337466 0)
(-4.66096457838 6.41667016499 -1.35484902043e-17)
(-5.33559035134 6.38258086962 -1.3732428604e-17)
(-6.05498885143 6.14428554423 1.71392458574e-17)
(-6.79734692333 5.7402381673 2.6508439802e-17)
(-7.54008340002 5.20727857402 -1.14739847579e-17)
(-8.26157804677 4.56957763157 -3.08108708164e-17)
(-8.94769078807 3.84506708172 1.20717365036e-17)
(-9.5869940752 3.0447245574 -8.69572878978e-18)
(-10.1693441312 2.1794159086 -1.03730770491e-17)
(-10.6861322209 1.25772635513 1.1114776134e-17)
(-11.1296629727 0.287121045253 2.84726204552e-18)
(-11.49747301 -0.724986416971 -2.30331109707e-17)
(-11.7896102515 -1.76709114759 -1.13314896737e-17)
(-11.9953862148 -2.82745243906 -3.19767878118e-18)
(-12.1132250059 -3.90105497635 2.64106036887e-18)
(-12.1530981577 -4.97937615262 -2.59856971133e-18)
(-12.1211507355 -6.05583928782 -1.86098663448e-17)
(-12.0254254799 -7.12524288689 1.53669563154e-17)
(-11.8737376522 -8.18449789586 2.86208162713e-18)
(-11.6723299419 -9.23228886457 2.01622691088e-17)
(-11.4244697685 -10.2671278947 -1.67459723938e-17)
(-11.1264148 -11.2867004313 -1.52250597293e-17)
(-10.7660406705 -12.2889175175 4.80573061461e-18)
(-10.3306098306 -13.2706413676 -1.83883844538e-17)
(-9.81175122322 -14.2262623697 8.79031212709e-18)
(-9.20468704803 -15.1457459378 -2.77314865283e-17)
(-8.50813546588 -16.0157705469 5.03631742265e-18)
(-7.72360254881 -16.8204828177 4.28771581885e-17)
(-6.85834364775 -17.5430330397 -9.92522445347e-18)
(-5.92388400397 -18.1630932744 1.2718314689e-17)
(-4.8648907482 -18.6862122675 -1.04000813657e-17)
(-9.32194249841 9.85838739106 9.32235167766e-19)
(-10.0337887729 11.1174384196 5.81166739014e-18)
(-10.7077561874 12.4081126082 -6.49679495337e-18)
(-11.4089094804 13.6275953547 5.703791453e-19)
(-12.11116152 14.664848133 2.13484644723e-17)
(-12.7890958708 15.3954939213 -2.16712457109e-18)
(-13.41145983 15.706945042 -8.80073934982e-18)
(-13.9374639913 15.5327108923 4.42170603242e-20)
(-14.3398437205 14.8100131712 -1.65755714467e-18)
(-14.6321994535 13.5329244185 -2.44011668221e-17)
(-14.7928454092 11.7491734738 -1.52231163268e-17)
(-14.8460046536 9.5389918461 -3.72868066091e-17)
(-14.8141809819 6.99947011477 5.53453229294e-18)
(-14.7098471386 4.21454275794 2.10608015526e-17)
(-14.5291281739 1.2643028295 4.52344014612e-17)
(-14.2650102727 -1.78221889933 -3.29829193887e-17)
(-13.8958016382 -4.8483799591 3.1261087185e-17)
(-13.38258551 -7.83956870145 -2.26549138843e-17)
(-12.6915531097 -10.6412170415 -4.93741830277e-17)
(-11.8129264933 -13.1213551576 1.65686624116e-17)
(-10.7671440116 -15.1678306109 3.6885502393e-17)
(-9.5979076727 -16.694097343 -4.96328343743e-18)
(-8.38069723835 -17.6631529389 8.1064560777e-18)
(-7.20991622583 -18.0725461507 -6.62721150249e-18)
(-6.17158594906 -17.9668867328 -1.23836984145e-18)
(-5.28083009121 -17.4136288351 -5.51197841411e-17)
(-4.49250953766 -16.4381267013 -2.25006073432e-18)
(-3.68932023168 -15.0251041202 6.2200567714e-17)
(-2.74015690334 -13.1623093417 5.69311135577e-20)
(-1.62091169057 -10.8998459406 -1.97435295373e-17)
(-0.458585835213 -8.37719548623 -3.705149952e-17)
(0.553917714888 -5.77784509464 -1.60011367018e-17)
(1.31284947816 -3.26046180041 9.02897781956e-18)
(1.8057304256 -0.944650506984 -5.13723876922e-18)
(2.0438869368 1.07738577263 -1.50962470164e-17)
(2.06325946366 2.73110209133 5.23771793846e-18)
(1.9004534546 3.983580243 1.92192750823e-18)
(1.5838093981 4.84299612584 0)
(1.13945550893 5.34044787566 0)
(0.597816703714 5.52190481333 0)
(-0.0263953650121 5.45463246851 -1.03633092118e-17)
(-0.721335693526 5.18922518722 1.56912695586e-18)
(-1.4582668421 4.76084626346 1.35824665725e-17)
(-2.21370213842 4.201839498 -1.82323327994e-17)
(-2.96351717677 3.53332183036 3.08132350513e-18)
(-3.69116736357 2.77086860907 1.46251796303e-17)
(-4.38085739907 1.92677727432 -6.16643901871e-18)
(-5.01990998167 1.00997971848 4.06583475347e-18)
(-5.59726205813 0.0289423075436 1.01093686694e-17)
(-6.10506513286 -1.00868889262 -8.66382572764e-19)
(-6.53900696343 -2.09245649986 1.33771789924e-17)
(-6.89486173309 -3.20824244646 1.58209309082e-17)
(-7.16274497641 -4.3398790368 -3.53419713102e-18)
(-7.34429573386 -5.48014019349 1.38760056259e-18)
(-7.44962386664 -6.61901261073 5.3583405795e-18)
(-7.4858935967 -7.74781598359 8.13643223809e-18)
(-7.46314012258 -8.8600844624 -1.06595485596e-17)
(-7.39174701859 -9.95231679484 -1.14986164072e-17)
(-7.28063274946 -11.0236999019 1.31849249409e-17)
(-7.13592396058 -12.0746210683 2.23928881226e-17)
(-6.95699667751 -13.1053681516 3.35502195784e-18)
(-6.73317775519 -14.1160618643 1.40780787023e-17)
(-6.45076479873 -15.1057919931 -9.34476348761e-18)
(-6.09745092575 -16.0686686961 -1.06031452554e-17)
(-5.66186216465 -16.9947530474 2.05912881607e-17)
(-5.13495462987 -17.8695777954 -2.92742469372e-17)
(-4.51089412469 -18.6752994103 2.41789444965e-17)
(-3.78814331791 -19.392554219 1.39405592165e-17)
(-2.98059269444 -19.9973881464 -2.39017035706e-19)
(-2.02117029789 -20.4978263153 3.96224166179e-17)
(-7.26709863253 10.1769434169 -5.38216626228e-18)
(-7.56436552363 11.3960362489 5.91287973128e-18)
(-7.71740637057 12.6308789754 3.89021367801e-18)
(-7.85954200254 13.7574073901 -9.35768876303e-18)
(-7.96792360111 14.6516954237 6.33622814757e-18)
(-8.02894188924 15.1967010387 -5.06791859804e-18)
(-8.03305831498 15.3317557137 4.93842627551e-18)
(-7.96027658292 14.8903538912 -6.8637318945e-18)
(-7.81163606747 13.8915516588 -1.68064512774e-17)
(-7.61677704988 12.3496313851 4.09449775225e-18)
(-7.38465334288 10.3345368778 1.89154354996e-17)
(-7.14009063607 7.92812145253 -6.48686902323e-18)
(-6.89730357883 5.23059853628 2.0781699139e-17)
(-6.65874974789 2.30942650218 3.50197754236e-17)
(-6.40819347477 -0.776372336009 9.92400694433e-18)
(-6.13670230295 -3.96904880823 1.01613355378e-17)
(-5.8156005595 -7.19319794989 1.78810313796e-17)
(-5.399392641 -10.3565111071 4.65469867545e-17)
(-4.83549648366 -13.3275018963 -3.26421276138e-17)
(-4.09913153611 -15.9596450056 -1.97215898334e-17)
(-3.20326459614 -18.1050998389 2.26589942007e-17)
(-2.18119803038 -19.6491187106 -6.02339129159e-17)
(-1.08446313261 -20.5399213977 3.53482706415e-17)
(0.00113201322378 -20.7771135641 8.53272898994e-17)
(0.979335529464 -20.4218268031 -4.4285049719e-17)
(1.78265611338 -19.5609910096 -3.20218203722e-17)
(2.35723969411 -18.3201612084 2.65707429149e-17)
(2.74296302381 -16.7624568117 -4.58006798656e-20)
(3.08760102632 -14.8816651753 5.85533053491e-19)
(3.58818691547 -12.6541917712 5.47665373759e-20)
(4.34732770552 -10.1165976622 -1.89931303513e-17)
(5.27501484247 -7.40828652845 2.09340215605e-17)
(6.17208209358 -4.7233128305 2.08520649433e-19)
(6.87853792162 -2.25712924513 7.65901578497e-18)
(7.3288286545 -0.129052728377 -3.91401918781e-18)
(7.5207979502 1.59028726313 4.06020477374e-18)
(7.48737128934 2.88179818809 5.06125755347e-20)
(7.25903335519 3.76792815535 -1.64614799099e-17)
(6.86727372652 4.28489794015 0)
(6.35402271348 4.47477021737 -1.5135397769e-19)
(5.73667880415 4.39408422128 -1.03017242303e-17)
(5.0364074856 4.12419856653 1.87881006597e-17)
(4.27849940134 3.69452762871 6.40388875601e-18)
(3.48969680694 3.12592918404 -1.11717704594e-17)
(2.69562002561 2.43977964746 1.3234953191e-17)
(1.91402372569 1.64861514687 6.32383287417e-21)
(1.16398614274 0.765866288068 -2.04810276947e-18)
(0.458267652744 -0.198084665616 0)
(-0.191618934833 -1.23468631203 5.18107059967e-18)
(-0.777542783347 -2.33582256205 1.13448106526e-17)
(-1.29270535573 -3.48790442383 2.1775730853e-18)
(-1.72663470552 -4.67268535332 1.13363322893e-17)
(-2.06965109379 -5.87245479362 1.96971056341e-18)
(-2.32725369913 -7.07703746776 1.20445722352e-17)
(-2.5071266959 -8.27293338451 -6.49964105663e-18)
(-2.61514125918 -9.44926304007 -2.35421320656e-19)
(-2.66229341648 -10.5981052783 1.27338722626e-17)
(-2.6612682685 -11.7154729604 -3.4105541152e-18)
(-2.62422065637 -12.80105323 -1.0984151335e-17)
(-2.56092171825 -13.8573588232 -2.41192293819e-17)
(-2.4750660065 -14.8881000183 -4.02950718258e-18)
(-2.36079455979 -15.8962021179 3.43282715828e-17)
(-2.2057932421 -16.8841450779 1.59305876675e-17)
(-1.99561267647 -17.8476429723 -1.19019994868e-17)
(-1.7147157505 -18.7771204241 -3.37566423597e-17)
(-1.34780830728 -19.6569062621 -1.01257508991e-17)
(-0.882795085393 -20.4670557528 2.17149099051e-18)
(-0.310700934419 -21.1850903925 2.11316427535e-17)
(0.357034479266 -21.7840226749 -3.94062395882e-18)
(1.19009683862 -22.2689285229 -5.50457910996e-18)
(-4.49458791463 9.99540628054 -1.08528981818e-18)
(-4.35231261798 11.1176443759 -4.79612536406e-18)
(-3.93667187302 12.2428923297 -2.21772213766e-18)
(-3.48786688625 13.2336702087 1.0507932515e-17)
(-2.9830665873 13.9704563429 7.00964501603e-18)
(-2.4322924584 14.3513536403 9.28539473366e-18)
(-1.83642335106 14.2421338195 1.18231196874e-17)
(-1.19893000614 13.5982477524 -1.96607412496e-17)
(-0.559222855576 12.4074931604 1.94160795552e-17)
(0.0575882839853 10.7045191165 2.22627819588e-17)
(0.616870214948 8.56162580895 -1.9758638031e-17)
(1.11434282514 6.06057754823 3.38632737575e-19)
(1.56065013365 3.29079419457 9.70521207841e-18)
(1.95557603626 0.306821526137 -1.16600336072e-17)
(2.27137164571 -2.87838326855 -4.99700346757e-18)
(2.55299063682 -6.20704672555 -2.38327259428e-17)
(2.85398515871 -9.57125919608 -5.75083883093e-18)
(3.20943482119 -12.8885674514 4.01813409011e-17)
(3.6640938005 -16.0107054976 1.39631373296e-17)
(4.24861077675 -18.7718776639 -1.92852563539e-17)
(4.96378587584 -20.9977566265 1.31864877065e-17)
(5.77673160191 -22.5556740762 -4.18505486122e-17)
(6.6579230064 -23.3707836293 -3.07850008686e-18)
(7.53750340149 -23.4581791224 6.53351304983e-17)
(8.37176505281 -22.880950548 -2.57087433701e-17)
(9.09983998507 -21.7512326873 -2.22217383158e-17)
(9.64292476918 -20.1963150283 -8.8356541418e-22)
(9.96763913741 -18.3554182992 -8.12198624346e-20)
(10.0779002254 -16.320190702 4.71126444278e-19)
(10.0998495695 -14.1081366436 -7.44124466547e-19)
(10.2651012935 -11.6955714077 -3.98023277385e-18)
(10.7293415315 -9.0956392029 3.17328855371e-20)
(11.4521801249 -6.42026511784 -3.52547921188e-18)
(12.24155532 -3.8496660017 -1.33505803649e-17)
(12.9110199104 -1.5961409375 8.51353827747e-18)
(13.3026587125 0.222562766188 3.95942427165e-20)
(13.4189348637 1.5826866896 -6.28460379227e-18)
(13.2923750675 2.52041248311 1.79279954867e-18)
(12.9574579579 3.08624158987 -2.37548566507e-17)
(12.4536112313 3.33064450944 -1.21515776683e-17)
(11.8292866323 3.27975872026 1.65530821933e-17)
(11.1220473376 3.0017710283 -8.12148699922e-19)
(10.3399775275 2.56578090571 1.36263487822e-17)
(9.51502014788 1.99468148083 1.1040153584e-17)
(8.67669868284 1.29934121233 -1.35215854873e-17)
(7.84355655591 0.487562316214 -2.1811477728e-18)
(7.03482579859 -0.428205151901 0)
(6.26429744814 -1.43398800714 0)
(5.54111440009 -2.51967542657 5.53548920749e-18)
(4.87232975942 -3.67701594609 -1.36038706655e-17)
(4.26902147007 -4.89304784359 -2.28795738556e-17)
(3.74572730062 -6.14468810305 -9.96502485678e-18)
(3.30940143545 -7.41053973053 -3.861845078e-18)
(2.9568736916 -8.67667073544 -6.28138383367e-18)
(2.6843851144 -9.92718030537 2.36681564662e-17)
(2.48745804806 -11.14821483 -7.70219946352e-18)
(2.35629162086 -12.329747372 -1.11303881489e-17)
(2.27796307083 -13.4666724167 0)
(2.23864860089 -14.5589963102 -8.12279873281e-18)
(2.22569110852 -15.6111360117 -3.32580432704e-18)
(2.23129984455 -16.6302414231 -1.11679387088e-17)
(2.25572334672 -17.6237789648 2.00235230971e-18)
(2.30708846237 -18.5975284265 2.00416640088e-17)
(2.39890209403 -19.5513937222 1.94595033528e-17)
(2.54790008794 -20.4778960678 -3.13374459331e-17)
(2.77274201427 -21.3607973503 -4.58261097938e-18)
(3.09028997392 -22.1765464245 1.71332513916e-17)
(3.51483996172 -22.8985541281 -3.09490491239e-18)
(4.03823107491 -23.4960170775 4.11461177863e-18)
(4.73185716237 -23.9684214049 -1.4185520277e-17)
(-1.01630144872 9.28517374503 -1.88370247353e-18)
(-0.484175567407 10.2890197606 -3.9546456894e-18)
(0.486231594927 11.2484057105 9.51961285375e-18)
(1.50239100442 12.0804530809 1.11121975133e-17)
(2.57467198556 12.6561834555 -7.67173200858e-18)
(3.68846588401 12.858392015 8.32668946334e-18)
(4.83040244482 12.5887212107 -1.03775410456e-17)
(5.96044116105 11.8044457075 -1.7143308394e-17)
(7.029616444 10.5045613527 -9.73600053118e-18)
(8.00394625632 8.72779657922 -1.23643860062e-17)
(8.85107273607 6.5277567618 -2.59928303554e-18)
(9.53126298594 3.91520680203 4.13343853979e-18)
(10.1529690504 0.931248732315 -3.71951683604e-18)
(10.8480134387 -2.27754532155 1.30865392347e-16)
(11.1737756303 -5.2237514324 3.89412163332e-18)
(11.4467765382 -8.56059195975 -1.25542156281e-17)
(11.7787757181 -12.0477157704 -2.8563029351e-18)
(12.132910313 -15.4943880094 2.65665216259e-17)
(12.5310145171 -18.7299156772 -2.79549041388e-17)
(12.9990624907 -21.5612724402 -3.58564813627e-17)
(13.5339150637 -23.796011726 3.45911593449e-17)
(14.116618649 -25.2911645709 2.00641804487e-17)
(14.7258195127 -25.9849120686 -5.91168258963e-17)
(15.3166028343 -25.9012499517 7.23978025276e-19)
(15.866043978 -25.1247248835 2.23211933616e-17)
(16.3572272058 -23.8020902662 2.82153289783e-19)
(16.7805210556 -22.0222384253 1.77712091767e-17)
(17.0993546612 -19.9238500416 3.7910902685e-20)
(17.2474317008 -17.6560750974 -1.49647185647e-19)
(17.2046656915 -15.3180039626 -1.58417688034e-17)
(17.0764558498 -12.9480430455 -1.37533398924e-17)
(17.0602216778 -10.4993958496 3.54512227578e-18)
(17.206175646 -7.98098657672 2.0944333954e-17)
(17.7334710228 -5.50382141383 4.70297281471e-18)
(18.4702808531 -3.23063575835 4.75364959677e-19)
(19.0610969269 -1.30847564764 -1.00037639816e-17)
(19.3911144298 0.164340507708 -1.24279222843e-17)
(19.4376865951 1.17998452603 3.80510191257e-19)
(19.2184868108 1.79423952459 1.34777755162e-17)
(18.7695826101 2.09034923007 1.48993744088e-17)
(18.1488617682 2.11157032901 -1.8306732628e-17)
(17.4308369467 1.87894570088 -2.55115475859e-17)
(16.6464351868 1.44212595322 1.85948470808e-17)
(15.8095094387 0.849451575331 -1.09096239276e-18)
(14.9387565675 0.125009738566 1.80465991666e-18)
(14.0612959437 -0.715114774183 0)
(13.2010848666 -1.66598387847 -5.44272089595e-18)
(12.3738211752 -2.71509447368 -5.36748654277e-18)
(11.5862212288 -3.8456323662 -8.0221444208e-18)
(10.8427951997 -5.04922057605 -6.55876071586e-18)
(10.1542153149 -6.31569370415 5.11343415831e-18)
(9.5364112692 -7.62167666441 2.40341016278e-18)
(8.99544109462 -8.94850878082 1.54406632581e-20)
(8.53164470564 -10.2761054381 -7.91719714652e-18)
(8.14653176117 -11.5785055941 -6.10741494352e-18)
(7.8383394586 -12.8401253638 9.70165051693e-18)
(7.60019531902 -14.0492811039 -2.48519795341e-18)
(7.42144623802 -15.1989849698 0)
(7.28893579441 -16.2893710678 5.38198314458e-18)
(7.18888435905 -17.3275363105 -2.28773920996e-18)
(7.11075709503 -18.324154627 -1.33868990882e-17)
(7.05005048829 -19.2907261271 -2.05533647273e-18)
(7.00992280431 -20.2372538887 5.43227189299e-18)
(7.0002763793 -21.1685634961 2.04330650754e-18)
(7.03613682772 -22.0822693497 -7.10346532938e-18)
(7.13707894069 -22.9638607805 -5.55514700629e-18)
(7.32265049366 -23.7850537476 1.7559249723e-18)
(7.60994247152 -24.5121005624 -1.97453512837e-17)
(7.99264056642 -25.1090480821 1.40656946485e-17)
(8.54250035232 -25.568600338 4.24026256469e-17)
(3.08484974265 8.03281969939 2.39089551727e-19)
(3.98212118137 8.98104891144 -9.48727244654e-19)
(5.36187410634 9.72405441843 -2.44960580975e-18)
(6.88177341341 10.3724603742 7.52657098186e-18)
(8.45005602435 10.7916273105 1.03157536768e-18)
(10.0435586699 10.8511626338 1.14334447402e-18)
(11.626354947 10.4644734836 2.78425092815e-17)
(13.1494352645 9.59432108369 6.84151512046e-19)
(14.5693339571 8.24354984405 -3.32335363513e-17)
(15.8445851889 6.44455923172 -9.35478223025e-19)
(16.9531859934 4.24224559076 2.14691992876e-18)
(17.8431396455 1.68448127189 -1.23803444057e-18)
(18.604756081 -1.01139180411 -1.97180767716e-20)
(19.4893367818 -3.93245240368 1.36879641346e-16)
(19.9111501237 -7.38486078116 -8.36563940008e-18)
(20.2857790902 -10.9286806251 -5.15197273884e-18)
(20.7152184004 -14.5218659145 1.28314641407e-17)
(21.1372384878 -18.0577364458 -1.41865726471e-17)
(21.5400582978 -21.3502457797 1.24187560532e-17)
(21.9253165163 -24.1826547489 1.45226943036e-18)
(22.2827425663 -26.3490459274 -4.47745219272e-17)
(22.596680097 -27.7005537738 1.29893388348e-17)
(22.8723702079 -28.2095610942 6.22948855389e-17)
(23.0986332438 -27.9294071899 6.92787134283e-19)
(23.2691516084 -26.9678877157 5.78548121363e-18)
(23.4419129753 -25.4603505876 -2.349182922e-17)
(23.6270815617 -23.541017464 -2.49931813608e-17)
(23.7900798753 -21.3265022372 3.33500130854e-17)
(23.9110155102 -18.9277289255 1.90024347334e-18)
(23.9614609355 -16.4518226045 -4.46409806385e-18)
(23.8925871823 -14.0139956902 -7.07802036194e-19)
(23.707580038 -11.6611563379 -2.46510480465e-18)
(23.5530269617 -9.35416789848 -4.76248896979e-18)
(23.6216470294 -7.07257346113 1.83661982731e-17)
(24.0543839219 -4.91802078862 2.9018946299e-18)
(24.6148525415 -2.98475952683 1.55767112527e-17)
(25.0957020335 -1.40301643249 -1.34534295381e-17)
(25.3578705142 -0.255597791258 3.09805281813e-18)
(25.3554241028 0.454047656288 -9.55819781876e-18)
(25.0775696708 0.792726854988 -2.7154086074e-17)
(24.5605408464 0.846985133943 1.20118250827e-17)
(23.877204604 0.657520318125 2.61124114722e-17)
(23.088512502 0.250330800559 -1.21270918873e-20)
(22.2407668398 -0.339221944398 2.67238027669e-18)
(21.3613553333 -1.07970834606 2.19456858153e-21)
(20.4720202434 -1.94733730073 -3.67342548942e-17)
(19.5858785555 -2.92871517298 -4.46606839901e-18)
(18.7152905295 -4.0101614874 1.75281737571e-17)
(17.870612967 -5.1802051503 1.05304777579e-17)
(17.0633820822 -6.44786677859 4.51526040194e-18)
(16.2956157681 -7.81762750475 -2.67646211976e-17)
(15.5898583258 -9.20295564243 -4.30371107183e-17)
(14.9412580147 -10.5199199052 2.23102089853e-18)
(14.3621496463 -11.8671193012 1.67983730662e-18)
(13.8604620131 -13.2041021089 -3.89665123285e-18)
(13.4294763384 -14.4958419906 7.09921494136e-18)
(13.0667444166 -15.7241976796 -1.39419028745e-20)
(12.7669236815 -16.8808646775 -5.02969920178e-19)
(12.5191977979 -17.9656266923 5.07412835951e-19)
(12.3106220858 -18.9874915124 -5.40304233014e-18)
(12.1311725428 -19.9597791607 2.37300755595e-18)
(11.9745575667 -20.8971673888 5.3509617396e-19)
(11.8400863592 -21.8127380883 0)
(11.7322262266 -22.7145865302 0)
(11.6627374796 -23.6042908912 9.31168088287e-18)
(11.6523564147 -24.4719593722 -1.77641653529e-19)
(11.7221253438 -25.2880818556 -8.37965035787e-18)
(11.8865267842 -26.0125164545 -2.09378622696e-17)
(12.1369860978 -26.6027012864 7.40554203843e-18)
(12.543834941 -27.0442829002 1.46839716251e-17)
(7.81451595275 6.29514371279 2.41738983302e-18)
(8.96236707718 7.2384726672 2.18431049114e-18)
(10.6135711333 7.78540576344 -4.19017081775e-18)
(12.515148124 8.24367970478 -6.13717044666e-18)
(14.4564533466 8.51827259277 -4.97369409609e-18)
(16.3919399398 8.4597802794 -8.27580824383e-18)
(18.2937001052 7.98576361711 -4.6481153779e-19)
(20.1158055642 7.0719625368 -4.9421718218e-18)
(21.8091469634 5.71746481148 1.01636094742e-17)
(23.3324422338 3.94216981448 -4.26937575069e-18)
(24.6667541222 1.78169247261 5.65305733326e-18)
(25.7977743061 -0.727774237793 6.30960050197e-18)
(26.7527068801 -3.53862151708 3.71848586849e-18)
(27.5755535223 -6.62948776804 -7.43725557328e-18)
(28.299480069 -9.94915250704 -6.05675225729e-18)
(28.9664639175 -13.4441269273 2.16870083701e-17)
(29.5678103954 -17.0577609428 2.09818934301e-17)
(30.0831792176 -20.61512652 -2.77001979544e-17)
(30.4872350146 -23.875604598 -1.48477019262e-17)
(30.757260137 -26.6030160323 1.76907245845e-17)
(30.8849227526 -28.5963061856 -9.2426475914e-18)
(30.8654011583 -29.7180212828 -3.50158000565e-17)
(30.7356207896 -29.9749855973 1.72096303682e-17)
(30.5319035304 -29.4695124231 1.07781756901e-17)
(30.318034687 -28.3316783442 -1.17520744419e-17)
(30.13727356 -26.680387056 -9.74628335493e-18)
(29.9891277649 -24.67157046 2.56797217035e-18)
(29.8956473544 -22.4209804953 -4.30762538433e-18)
(29.8753871563 -20.0103822081 -9.67294981853e-19)
(29.9202249249 -17.5211664142 1.842657117e-17)
(29.9818436004 -15.0350706553 1.07432453822e-17)
(29.9885025064 -12.630024839 3.0543809197e-18)
(29.9040704927 -10.3723999941 -6.88908364811e-21)
(29.8008045852 -8.28443894251 5.8688599354e-18)
(29.8353103959 -6.35960962338 3.64580940439e-18)
(30.0839194958 -4.59726272754 -2.77425179811e-18)
(30.4782778431 -3.05902680472 -1.29777419564e-18)
(30.8557977144 -1.83653189278 -8.42117290866e-18)
(31.0654865789 -0.99787421771 -1.475536732e-19)
(31.0315017291 -0.557978782431 -1.10402186477e-18)
(30.7404417971 -0.449023256562 -3.41243959428e-18)
(30.2076112176 -0.614672634089 5.292693681e-18)
(29.5130454139 -1.0073769969 1.35353284599e-17)
(28.7200071318 -1.58700487697 -6.37272924198e-21)
(27.8694406962 -2.32507353051 -8.77508814861e-18)
(26.988514428 -3.20459819868 1.52397925789e-18)
(26.0927035698 -4.20822243709 5.02501627731e-19)
(25.1936759021 -5.31908920912 7.14004582173e-18)
(24.3046008527 -6.52083243783 -6.64607930837e-18)
(23.4375362924 -7.80162542685 -2.21496163728e-18)
(22.6298482734 -9.11761558484 7.52186727419e-19)
(21.8732287543 -10.4789828984 -7.04190934058e-17)
(21.0959200623 -11.9402901617 1.91470972145e-18)
(20.3950193642 -13.369724618 6.16982663891e-18)
(19.7705398204 -14.7454424662 -6.83214107159e-18)
(19.2088627902 -16.0573331671 -1.02529440728e-17)
(18.7096118256 -17.2963327929 9.63877535222e-18)
(18.2714083148 -18.4585224919 -2.45490291863e-18)
(17.8854457957 -19.5457284791 -8.88105337146e-20)
(17.5430827798 -20.5631005692 -1.05175633071e-17)
(17.2385015037 -21.5230714772 -7.10879599612e-18)
(16.9672519068 -22.4428300495 1.49403749343e-17)
(16.7277610694 -23.3387467265 7.83139005536e-18)
(16.5203125672 -24.2203089111 -2.17764721432e-20)
(16.3528275762 -25.0846599162 -7.89251818306e-18)
(16.2454499848 -25.9181703281 -8.33238666096e-18)
(16.2144028032 -26.7019999654 1.84164954788e-17)
(16.2656442196 -27.4021674209 9.12005720435e-18)
(16.3871337723 -27.9685176348 -1.10758285874e-17)
(16.6499185728 -28.375848755 1.59707788216e-17)
(13.9848232178 4.37429237708 5.8333863589e-18)
(14.7332938689 5.20604197994 5.43918910897e-17)
(16.4672073271 5.51079269336 -1.75890547077e-18)
(18.5924786844 5.78834482076 -5.19991906904e-18)
(20.7327590301 5.96017729822 5.60833967059e-18)
(22.8370857946 5.82603751805 1.22773238197e-17)
(24.9101604328 5.30186328482 -3.18174171148e-19)
(26.9153663073 4.37416765233 -1.33537454535e-17)
(28.7980052731 3.0415503021 -2.56552124434e-17)
(30.5169195433 1.31078677341 -9.26822456631e-18)
(32.055153742 -0.799130317518 4.39689009517e-18)
(33.41536724 -3.26555204684 3.51719736357e-18)
(34.6173366084 -6.06556347104 4.51253907858e-20)
(35.6943716138 -9.16861794289 -5.58019683863e-18)
(36.6729028304 -12.5386760697 1.31595718394e-17)
(37.5525529962 -16.1118596623 5.76031119571e-18)
(38.3021425909 -19.7471837711 -3.47936559075e-17)
(38.8671748664 -23.2263381166 -1.97950460991e-17)
(39.1865597788 -26.3014670401 1.06118936063e-17)
(39.232275817 -28.7599944959 3.57586022136e-17)
(39.0278485613 -30.4379711745 2.9115383842e-17)
(38.5940645793 -31.2362285641 2.12423376272e-17)
(37.99541897 -31.1867400475 -1.03696893291e-17)
(37.3468380277 -30.4525972921 -4.70553873244e-17)
(36.7204011058 -29.1637583595 1.04290350245e-17)
(36.1612259526 -27.4399579517 9.08183456464e-18)
(35.6908694957 -25.4070977444 -8.38492047503e-18)
(35.344255957 -23.1717894579 -1.1997404864e-17)
(35.1403518831 -20.8144515605 -6.28758955286e-18)
(35.0802233486 -18.399824513 -9.53676700104e-18)
(35.1463421686 -15.9841631859 1.45783753101e-18)
(35.2898574339 -13.6245203587 9.05401450457e-18)
(35.4347801516 -11.3927440503 3.56551526722e-18)
(35.5120089882 -9.34792309163 5.64745169349e-18)
(35.5288115039 -7.53288628601 -1.69278207585e-18)
(35.5784288412 -5.93778304008 4.27978527647e-20)
(35.7393342882 -4.55294315518 -1.24017057793e-17)
(36.0000159289 -3.40389554246 2.89738535181e-18)
(36.2615698987 -2.5376149533 5.12363490412e-19)
(36.4154639499 -1.99858919805 1.86507518084e-17)
(36.3942515254 -1.79204035251 7.93258900147e-18)
(36.1285899208 -1.88372336561 -2.40351147572e-17)
(35.6423357627 -2.2352856438 -1.02819182762e-17)
(34.9984901241 -2.80270545926 4.28608768222e-18)
(34.2429871571 -3.54690225274 -1.12610603413e-17)
(33.4135978177 -4.44269909375 -9.75959014382e-18)
(32.539003308 -5.47044455599 5.96156152115e-18)
(31.6408442775 -6.61049910812 2.76714902067e-18)
(30.7364735984 -7.84411506703 5.706787989e-18)
(29.837734815 -9.15611295524 -2.94860081945e-18)
(28.9570516245 -10.527794152 3.6142713463e-18)
(28.1019499103 -11.9436266659 2.4216844022e-18)
(27.2815154533 -13.378320014 -9.50496899531e-19)
(26.5017833988 -14.7970790728 -1.84728769272e-18)
(25.7617553536 -16.1757705618 -1.21343851066e-17)
(25.0684781353 -17.4923070848 1.36652298223e-17)
(24.4276049867 -18.7306796884 -7.37642305512e-19)
(23.8388727503 -19.8839060921 4.19463565379e-18)
(23.3017771956 -20.9539460128 3.02148191384e-17)
(22.8161441602 -21.9483882425 -9.15788989929e-18)
(22.3780476613 -22.8818202268 -3.03920356527e-17)
(21.9841805802 -23.7745148617 6.02169085131e-19)
(21.6342794587 -24.6477442186 1.51176809817e-17)
(21.3322185329 -25.5156549874 -3.32010188431e-21)
(21.0861250753 -26.3756356906 -7.89139320357e-19)
(20.8960135285 -27.2080657059 -1.20515957302e-17)
(20.7580635789 -27.9843627448 4.67962155924e-20)
(20.6826370218 -28.665177187 2.09095299582e-17)
(20.6662316758 -29.1972104924 4.23535569053e-19)
(20.7802594658 -29.5432553251 -2.23272883583e-17)
(23.1431354709 2.5946368041 -4.06703640334e-18)
(23.172701702 3.16455828729 -2.54946712813e-20)
(24.3011369795 3.13786794448 -1.52226557243e-18)
(26.1751826341 3.15803422063 1.07134927956e-17)
(28.1638371667 3.19692914061 -5.13003976335e-19)
(30.1425597969 2.9946916334 -9.39599641609e-18)
(32.1497317784 2.43527858503 9.91141858499e-18)
(34.1571823348 1.50175354756 8.25172050722e-18)
(36.0981550172 0.188880068614 -1.42134238834e-17)
(37.925053396 -1.50927301712 -1.51996013934e-17)
(39.6200706216 -3.59090495321 -1.33028387877e-17)
(41.185988613 -6.04706610579 -1.00496932112e-21)
(42.6348690261 -8.86734838302 -5.02271812868e-18)
(43.9702540631 -12.0146389891 1.31711989598e-17)
(45.1690686229 -15.4178210674 2.81693909376e-18)
(46.182325571 -18.9546297521 -1.92834964417e-17)
(46.9374509326 -22.4403170037 1.11899219719e-20)
(47.3574303348 -25.6454224157 1.5365494227e-17)
(47.3879939738 -28.3411865701 1.52700889668e-17)
(47.028200005 -30.373404209 -1.13956091408e-17)
(46.3541305542 -31.6150649427 -2.74439246978e-17)
(45.4301721331 -31.9685018467 1.23306281167e-19)
(44.3764074132 -31.6932409795 2.66679566151e-17)
(43.3009478142 -30.8118533658 1.00157810014e-17)
(42.2848542968 -29.435255475 1.04656735822e-18)
(41.3869868367 -27.694443427 -1.55311148585e-17)
(40.6369974598 -25.7038948571 -7.99670890891e-19)
(40.0666899956 -23.5547367554 1.26194308856e-17)
(39.6887224644 -21.3148440517 1.39021024318e-18)
(39.501110977 -19.0363271452 -5.82400136541e-19)
(39.4951141102 -16.762078581 -1.47579275306e-17)
(39.6497765826 -14.5307185324 -3.0343198616e-18)
(39.9267253356 -12.3886040182 -7.16976047753e-18)
(40.2382919577 -10.3970837801 -3.07015179389e-18)
(40.4963614763 -8.61699624919 -7.03902575892e-18)
(40.6758741559 -7.08770530519 -6.89443212764e-20)
(40.807251343 -5.8121577898 -6.52290632186e-18)
(40.9486640804 -4.77968907936 3.87013563683e-18)
(41.1218722025 -3.98711687566 1.69170156245e-17)
(41.291947266 -3.44741017218 -4.65569176959e-18)
(41.3939706243 -3.18950845908 -9.74907752253e-18)
(41.368486757 -3.21215500248 1.11888927007e-17)
(41.1420033984 -3.49546701664 -5.12336387984e-18)
(40.7317243102 -4.01723394869 -1.97004319877e-18)
(40.1649586164 -4.74118185873 1.55694257266e-17)
(39.4732542627 -5.6340119007 -1.21204076039e-17)
(38.6906026072 -6.66891082904 -6.11305923766e-18)
(37.8466568931 -7.8223536028 -5.54852059802e-18)
(36.9648335573 -9.07336598377 -4.56727758002e-18)
(36.0619844189 -10.4035285859 -9.60163559294e-18)
(35.1514311877 -11.7938433529 -5.65261855636e-18)
(34.2472141091 -13.2191610975 -5.85513287173e-18)
(33.3591439813 -14.6556697559 3.58974093751e-18)
(32.4919735824 -16.0779400021 -3.57315264039e-18)
(31.6521240183 -17.4581143816 3.70708858199e-18)
(30.8487370844 -18.7709033643 8.25708394945e-18)
(30.0877198131 -19.9990173982 6.16419369988e-18)
(29.3715837952 -21.1341803892 9.43961258013e-18)
(28.7021989128 -22.177540341 -1.23263570864e-17)
(28.0811188403 -23.1411964225 -1.15557040567e-17)
(27.5097110485 -24.0447373469 2.11071041451e-18)
(26.9891679637 -24.9115174622 1.16224977752e-17)
(26.5215250168 -25.7636870388 -1.00496083518e-18)
(26.1117747274 -26.6154987828 -3.45519811191e-17)
(25.7618193801 -27.4671368301 -1.41747646097e-17)
(25.4664161535 -28.2999172339 1.8201626748e-17)
(25.2225900313 -29.0708367281 2.68329663918e-17)
(25.0359781774 -29.7262429759 -1.50245415749e-17)
(24.8986052928 -30.2141036188 -8.05099159142e-18)
(24.8593584273 -30.495336152 1.35527241639e-17)
(35.5880972816 1.12797096158 1.08648519075e-18)
(34.9333334015 1.36478071835 -1.99309762053e-18)
(35.2536235768 1.08858004484 -4.65144914e-18)
(36.585249127 0.827009970522 -4.82994049262e-18)
(38.0977824706 0.607309835919 2.23653068724e-19)
(39.6180166723 0.222150964694 9.70478929318e-18)
(41.2439250205 -0.45594482365 5.11682983166e-18)
(42.9771854333 -1.46420063908 1.28008796752e-17)
(44.74621581 -2.82069814713 9.6794143521e-18)
(46.4938014209 -4.54377918791 5.16596681068e-18)
(48.1927929386 -6.64787076918 7.769832551e-18)
(49.8257646265 -9.13341908992 -1.24081775046e-17)
(51.3602819924 -11.9717173993 -8.23733531016e-19)
(52.7439385838 -15.095478038 7.32423631999e-18)
(53.8975702092 -18.3904959095 -2.09245338874e-17)
(54.7303945396 -21.6949938376 -8.41807609486e-21)
(55.157495794 -24.8122932273 -1.63081530312e-17)
(55.1243829917 -27.5392701021 -1.52056708602e-17)
(54.6305483273 -29.698531688 -4.94017238161e-18)
(53.7277841927 -31.2195317829 2.80358965132e-17)
(52.5067242947 -32.0835673872 1.8480887425e-17)
(51.1025322322 -32.0345509805 5.73046832311e-19)
(49.6578882756 -31.5821387577 -9.58236129998e-18)
(48.2415525543 -30.5802778481 -9.71081380627e-19)
(46.9273084098 -29.1860105821 -7.1840814172e-20)
(45.7804639687 -27.5041155286 -6.92030708982e-18)
(44.8257800086 -25.6270807144 -1.44135996455e-18)
(44.085698923 -23.6237757445 0)
(43.5661191849 -21.5470402545 1.0003926432e-17)
(43.2613150406 -19.4406774869 -3.07284670644e-18)
(43.1627890246 -17.3421358432 8.79393736416e-18)
(43.2600076314 -15.2845363297 -1.44664323496e-18)
(43.5352019681 -13.297743646 -8.52989958832e-19)
(43.9427492891 -11.4260836446 9.31758814457e-20)
(44.4088622571 -9.71368237186 2.17545793252e-18)
(44.8489003832 -8.21726456162 2.99652266537e-18)
(45.2020332369 -6.9741309665 -1.03074808903e-17)
(45.4585568048 -5.99515428149 4.79958982688e-20)
(45.6465435892 -5.27047239989 -5.66546170832e-19)
(45.7918114337 -4.78550066855 -1.0395736916e-19)
(45.8996320169 -4.54791502195 0)
(45.9600061853 -4.55221704898 -4.58760963794e-19)
(45.9062667865 -4.78867957979 -3.7798778022e-18)
(45.7071859178 -5.25277792084 -4.31023034818e-18)
(45.3590806342 -5.92712060126 1.60793483854e-17)
(44.8657567498 -6.78439385196 1.99866964422e-18)
(44.2453547345 -7.79719074902 8.31359074217e-20)
(43.5223861796 -8.93929277505 1.64958014934e-17)
(42.721187818 -10.1859172983 -4.37344876421e-18)
(41.8622069671 -11.5140163354 -4.55064813394e-18)
(40.9636017499 -12.9001752517 -6.46512018768e-18)
(40.0413977609 -14.3222171153 -3.22953255073e-18)
(39.1109585578 -15.7582644649 -6.21610681387e-18)
(38.1863713675 -17.1731598792 -1.00698143753e-17)
(37.275514969 -18.5429690167 2.91506156467e-20)
(36.3884551515 -19.8440909644 -4.12068090971e-19)
(35.530709555 -21.0565065849 -5.90566973004e-22)
(34.7042888466 -22.1726156116 -8.95376909449e-18)
(33.9135441581 -23.1980502582 -9.87667800619e-18)
(33.1671353585 -24.1489895931 1.2091666007e-17)
(32.4752433108 -25.047944563 -1.81140238684e-18)
(31.8452798233 -25.9183077879 -1.75449013725e-17)
(31.2806477222 -26.7776249544 -3.42869268883e-18)
(30.7807129168 -27.6319562639 9.00713591038e-18)
(30.3389269666 -28.4743988694 2.7193550769e-18)
(29.9449384708 -29.2794316482 -5.29545827429e-18)
(29.5893928806 -30.002463549 5.53484433201e-18)
(29.2706867683 -30.5918121116 1.38449286307e-17)
(28.9784001934 -31.0003738207 8.45440892484e-18)
(28.7523375497 -31.1949711503 -2.98957622184e-17)
(49.8210469493 -0.444696055226 -3.9815749805e-16)
(48.7649144397 -0.496306698697 1.37413661277e-17)
(48.6838517757 -0.878580377619 -4.17982802741e-18)
(49.4729992105 -1.32432234022 2.58052708918e-18)
(50.4053795791 -1.78274135143 1.43383787769e-18)
(51.3547322646 -2.37192199061 -9.67533917035e-18)
(52.4511873187 -3.20557583652 1.84439472687e-18)
(53.7219348692 -4.33793072411 1.10454173229e-17)
(55.1060048976 -5.79717636976 9.96930518765e-19)
(56.5405428886 -7.60220088713 5.13044028798e-18)
(57.9805825474 -9.76298341812 8.35511321775e-18)
(59.3556941351 -12.2562487172 2.39186057653e-18)
(60.5869950482 -15.0218658159 5.70673280792e-19)
(61.5804578347 -17.9579556446 -2.64659354642e-17)
(62.2331343401 -20.9296639361 3.45138293902e-20)
(62.4609000432 -23.7800304135 7.88253433172e-18)
(62.2180561477 -26.3479605775 -2.49837406758e-18)
(61.5067747344 -28.4913294498 2.25823884383e-17)
(60.382730204 -30.107954641 2.20318438499e-17)
(58.9391722906 -31.1441775275 1.56064956546e-17)
(57.2683206041 -31.5842331624 -5.03835713565e-18)
(55.5254582427 -31.4673058049 -2.92644854468e-17)
(53.8173981565 -30.8701640273 -1.06361760776e-17)
(52.1909813323 -29.8700930381 1.05604633497e-18)
(50.7136250424 -28.5602548898 4.05952644081e-19)
(49.4322938555 -27.0142008421 -1.49388761276e-18)
(48.3567762319 -25.3015210395 8.97622215792e-18)
(47.5048707275 -23.4751943013 -1.17629997275e-18)
(46.8777746884 -21.5793534751 8.97242276786e-18)
(46.4683136046 -19.6549685686 5.3268778334e-18)
(46.2704794459 -17.7378484778 -5.54960069426e-18)
(46.2795409853 -15.8572283181 3.615936887e-18)
(46.4869667875 -14.0422197256 4.72033060484e-18)
(46.8708710991 -12.3220023289 -3.06576126252e-18)
(47.3910589468 -10.7313272486 2.49417446862e-18)
(47.9864784831 -9.31165975304 -8.81955748507e-18)
(48.5780005184 -8.10421416996 -7.91804125495e-19)
(49.0934251333 -7.14044477354 4.03138063366e-18)
(49.4932707581 -6.43201294025 1.40129580189e-18)
(49.7704357242 -5.97329317313 8.62287703121e-21)
(49.9479404384 -5.7632004434 6.48861561055e-18)
(50.0584889848 -5.78282141986 4.53936323527e-18)
(50.080570656 -6.01157899877 4.45013488514e-18)
(49.9968002711 -6.44407857185 -2.78330601089e-18)
(49.799487546 -7.07409831567 -1.47909929174e-17)
(49.4756864503 -7.88464791426 1.08262354427e-18)
(49.0230220258 -8.85462060127 -5.70561114245e-18)
(48.4497530956 -9.96087103382 9.86681891568e-18)
(47.7700554273 -11.1786849374 1.54125291999e-17)
(47.0010642357 -12.4833058645 1.92999934401e-18)
(46.159357145 -13.8495485096 9.28892337326e-18)
(45.2597049874 -15.2544062436 6.11176055579e-18)
(44.3298550181 -16.6760310847 -4.05748519403e-18)
(43.3888278197 -18.0788161653 2.52832378672e-18)
(42.4418645037 -19.4358678503 -1.01290544086e-19)
(41.5049551769 -20.7180832875 -1.6319207444e-18)
(40.5846073034 -21.9029419317 -1.45450508621e-17)
(39.6819556482 -22.9899010321 -2.82682672553e-18)
(38.8071445245 -23.9961375789 1.28696043787e-17)
(37.9781465975 -24.9452218968 3.47134346466e-18)
(37.2109182792 -25.8593928353 -1.36908579174e-17)
(36.5118117556 -26.7539449911 0)
(35.8772339966 -27.634031304 1.25021149229e-17)
(35.2974481632 -28.4936408451 -1.33345073309e-19)
(34.7593848889 -29.3162822762 -1.2365264816e-17)
(34.2482597954 -30.0721902232 -9.86781781549e-18)
(33.7526579791 -30.7214273719 2.00450205554e-18)
(33.2748194609 -31.2213410911 9.0750127676e-18)
(32.8098925062 -31.5215777622 7.27090159992e-18)
(32.3921156315 -31.5828504026 -3.04020973504e-17)
(63.9719610455 -1.45799890087 3.31527452501e-17)
(62.8983195575 -1.74056874169 -3.33354891314e-18)
(62.4909891473 -2.17480284095 -1.60032065176e-19)
(62.7992545586 -2.77748010208 -8.48095059464e-18)
(63.2292208077 -3.50862348229 6.07861562909e-18)
(63.6722150219 -4.38237452583 2.57674169321e-18)
(64.2481434856 -5.45530328054 -9.40553027212e-18)
(64.9901680854 -6.78052814614 1.17824061341e-18)
(65.84471548 -8.37444010563 4.66481026379e-18)
(66.7373249034 -10.2466150271 -1.48518418326e-17)
(67.5828353289 -12.3845112914 -1.37042848298e-17)
(68.3021819882 -14.7388787921 2.3813587462e-17)
(68.8097297316 -17.2537324737 -7.44254516583e-19)
(69.0185508848 -19.8216060327 2.4582929328e-17)
(68.8508047217 -22.321381323 2.35647790147e-17)
(68.2763527165 -24.6399312678 1.34615243514e-17)
(67.3062266493 -26.6726388198 -2.08181040488e-18)
(65.9837228143 -28.3308296253 8.99331308885e-18)
(64.3805222264 -29.5510982415 -5.91086062369e-18)
(62.5862916111 -30.3045152746 6.36492126781e-18)
(60.6938544344 -30.590931488 -2.93949439668e-17)
(58.8042866351 -30.4133530466 -5.34098557226e-18)
(56.9952507203 -29.8375944379 2.68925528687e-17)
(55.3123831135 -28.9225673775 1.14735610799e-17)
(53.8021778121 -27.7352866226 5.07262278194e-18)
(52.4772647352 -26.3633872418 -2.53850744835e-17)
(51.3440783876 -24.8408530866 -1.99744909393e-17)
(50.4212691983 -23.2036968671 7.83957604293e-18)
(49.7075089545 -21.4930918331 -4.36054533142e-18)
(49.1973732863 -19.752681253 4.00289846999e-18)
(48.8925394149 -18.023973073 -3.32962328885e-19)
(48.7943838367 -16.3362111182 -2.56603173287e-18)
(48.9005786756 -14.7059837854 -2.58018806645e-18)
(49.1966770428 -13.152147259 -7.77995329145e-18)
(49.6578947462 -11.7102616217 4.53754801806e-18)
(50.258116321 -10.4037766645 -3.52201166179e-18)
(50.9456209022 -9.26820209923 3.74356340327e-18)
(51.6502206401 -8.33540867619 -2.14762202869e-18)
(52.2995860138 -7.62787499681 0)
(52.8314292144 -7.15699959863 -6.07786437148e-18)
(53.2286822553 -6.92652067551 -1.28838112218e-17)
(53.4992369232 -6.9236223918 5.83259658667e-18)
(53.6426086369 -7.13230611295 1.33366395125e-17)
(53.6640951673 -7.537701577 1.14307144548e-17)
(53.5727074467 -8.12847937524 3.83833560659e-18)
(53.3654657457 -8.8891967143 -1.13462348564e-17)
(53.0383064054 -9.8024363601 -8.47431436615e-18)
(52.5915878938 -10.849309481 -3.66304541255e-18)
(52.0303899478 -12.0084500028 2.27426459332e-18)
(51.3634628884 -13.2566194034 7.65673357387e-18)
(50.6006835662 -14.5718867967 -8.26977044012e-18)
(49.7550712565 -15.9333891218 7.71285366435e-18)
(48.8617395179 -17.3066138544 7.18199911187e-18)
(47.9340722097 -18.6790139223 7.2562680773e-18)
(46.9827696024 -20.0146466162 2.66911472492e-18)
(46.0330107634 -21.2755065496 -6.87065049551e-18)
(45.0958262236 -22.4409588132 -4.66779380139e-18)
(44.1759061814 -23.5233112179 1.24125478494e-17)
(43.2887173303 -24.549706783 7.23295754837e-18)
(42.4523496917 -25.5408136521 -1.56721088475e-17)
(41.6742810719 -26.5038813638 2.10167157149e-18)
(40.9479156859 -27.4343130106 7.54463978082e-18)
(40.2581709417 -28.3209001806 3.55769941261e-18)
(39.5895158704 -29.1508043292 -5.68068501404e-18)
(38.9296663893 -29.9085091473 0)
(38.2673812704 -30.5690732537 5.94722951869e-18)
(37.5985946768 -31.1086973526 2.05826515432e-18)
(36.9367180585 -31.5048673935 8.34416222715e-18)
(36.2746042236 -31.7027068949 8.75578760014e-18)
(35.6484578333 -31.6423814988 -1.29887035929e-17)
(72.3266674511 -2.41557000844 -1.5533244242e-18)
(71.4637342241 -2.84081941676 -7.08948863673e-19)
(71.4312097323 -3.27672108189 6.5393165379e-19)
(71.9129080697 -3.90838499958 -4.3976925149e-19)
(72.3987535686 -4.75229943396 -2.26640683234e-18)
(72.7961986167 -5.78267999166 4.06799826527e-18)
(73.18976387 -7.0039502835 -5.83817697856e-18)
(73.6137470546 -8.44287825944 -1.28256696318e-17)
(74.0338450655 -10.0994122155 6.10435933029e-18)
(74.372631553 -11.9742699516 -7.10767384658e-20)
(74.5684880446 -14.037540198 -2.35115343337e-19)
(74.5471518582 -16.221034399 1.51059005214e-17)
(74.2571089399 -18.4685732878 5.51600871863e-19)
(73.6910289303 -20.6674631429 4.24448085152e-17)
(72.8320883586 -22.762653689 2.38947051717e-18)
(71.6796644577 -24.6753179089 -7.04106114651e-18)
(70.2578167531 -26.3176004693 -2.94435594109e-17)
(68.6119068073 -27.6302955973 1.35996809259e-18)
(66.8028694632 -28.5739373505 8.42635369064e-19)
(64.9005346376 -29.1298470917 1.06235069994e-19)
(62.9756939678 -29.2990760092 -4.49812276246e-18)
(61.0950438952 -29.0950001476 1.07252549181e-17)
(59.3465298006 -28.5580584394 -1.20647907864e-17)
(57.7641464218 -27.7313179766 -5.06001804323e-18)
(56.316760529 -26.6552210278 1.60096614269e-17)
(54.995114741 -25.4180215904 -1.06911643883e-19)
(53.8506080494 -24.04456998 3.90277400261e-18)
(52.8943857594 -22.5611040143 1.61364438501e-20)
(52.1222574473 -21.0098304294 -6.16195529397e-18)
(51.5319768746 -19.4372336246 -9.80077242762e-18)
(51.1319115686 -17.8796487262 1.63100856395e-19)
(50.9341235324 -16.3637200859 -5.127745545e-19)
(50.9477411887 -14.9105106876 -2.0905594179e-18)
(51.1470728872 -13.5357368825 -3.97917637982e-18)
(51.5151535511 -12.2695789767 3.53939240996e-18)
(52.0429633608 -11.1233938226 -6.47634213256e-18)
(52.6949990436 -10.1224742631 1.94991295595e-18)
(53.4330105906 -9.28954305458 -1.78621657237e-18)
(54.199328482 -8.64246042477 -4.56545536745e-18)
(54.9233105845 -8.19779027148 -9.31149863491e-19)
(55.5572800193 -7.9624760637 5.12501315506e-18)
(56.0588976523 -7.93852800384 2.92605293026e-20)
(56.4001216107 -8.12207729628 -4.5727037501e-18)
(56.5884479884 -8.50245944028 -1.59841055627e-18)
(56.6349905839 -9.06523142847 7.27640663489e-18)
(56.5450744454 -9.79260524532 8.07496748943e-18)
(56.3223704909 -10.6660950648 -7.20963386925e-18)
(55.9715078 -11.6677136741 8.85974271941e-19)
(55.4986077985 -12.7773683458 -2.34407978691e-18)
(54.9091900328 -13.9739986756 -1.11748456908e-18)
(54.2067836117 -15.2413705976 -4.78656133212e-18)
(53.4188509079 -16.5611013942 -2.7752933997e-18)
(52.5667241158 -17.8897259328 -1.33536209956e-18)
(51.6488574284 -19.227727324 1.70010249153e-18)
(50.7016180061 -20.5511264331 6.19497812251e-18)
(49.7777780772 -21.8216745355 -3.8532070714e-18)
(48.9494335014 -23.0136645433 2.3737927635e-19)
(48.1755250255 -24.1324677685 9.65821699593e-18)
(47.4235045213 -25.1956459301 -9.05194644675e-18)
(46.6786195906 -26.20596621 2.86624157751e-18)
(45.9301461764 -27.1572166957 2.364547927e-17)
(45.167672556 -28.0378985577 -9.98786623787e-18)
(44.3831881732 -28.8438459093 -5.09991710279e-18)
(43.5725537226 -29.5771643092 -1.27396059679e-17)
(42.7353984603 -30.2272544274 1.9746942661e-17)
(41.8717065724 -30.7723059711 2.53869085585e-18)
(40.9916030693 -31.2099697101 -6.74277921862e-19)
(40.1195019261 -31.5129208508 2.18859662503e-18)
(39.2505387838 -31.5435035939 -1.09333886178e-17)
(38.4215945443 -31.3769620585 8.13414865283e-18)
(-3.1823140021 -10.2363076214 -8.39784624882e-16)
(-2.2923393983 -9.42791003029 -1.2896460033e-17)
(-0.111388205388 -7.35159271985 1.17751376686e-17)
(2.58802342253 -5.49605662512 5.54167971837e-18)
(5.49194682074 -3.96832890192 -1.52798079303e-17)
(8.460820671 -2.71256359815 1.08832684432e-17)
(11.4368453778 -1.65884752566 1.62437009897e-17)
(14.3935876065 -0.749760753473 -1.39012797111e-18)
(17.3199633983 0.0572248278816 -4.00259867726e-19)
(20.2113486366 0.792902041033 2.61447491546e-18)
(23.0640902642 1.47966160571 -4.82762907572e-18)
(25.873520344 2.13353913682 -4.20407852625e-18)
(28.6330011767 2.76629306676 6.01986824021e-18)
(31.3333305264 3.3866949181 -2.47545013518e-18)
(33.9646427023 4.0005348008 9.6332484674e-19)
(36.517608232 4.60896407347 3.98105976653e-18)
(38.9728090619 5.22057633054 0)
(41.3145259242 5.82996559126 3.02976504913e-18)
(43.5372875642 6.44086716168 -1.43031452656e-18)
(45.6268262367 7.04999935332 -2.59120625241e-18)
(47.5704941445 7.65301066909 8.07745108483e-19)
(49.3597219614 8.24570640265 -7.53986153538e-19)
(50.9886690865 8.82317041607 2.29980931734e-18)
(52.4541597148 9.38004981108 5.48404129614e-18)
(53.7559589127 9.91091359499 -7.686144086e-20)
(54.8966675003 10.4105830154 -1.81040772844e-18)
(55.8812259745 10.8741759503 -1.21468698404e-18)
(56.71617038 11.2969605954 9.37372013067e-19)
(57.4088538926 11.6742766855 7.84524130057e-19)
(57.9668838513 12.0015973881 -1.238219659e-18)
(58.3981420963 12.275221561 6.82240193402e-19)
(58.7111848564 12.4939712266 -6.31215420135e-19)
(58.9165415215 12.6601232516 -6.48318278713e-19)
(59.026780729 12.7789892847 -1.25922502566e-19)
(59.0534540142 12.8567495152 -6.32720269172e-19)
(59.0083881079 12.901632444 4.0219260343e-19)
(58.9031009697 12.9211925957 -5.33260228515e-19)
(58.7464316031 12.9205791002 -5.22658828693e-19)
(58.5448932981 12.9019426447 -2.04189502233e-20)
(58.3031599724 12.8648755811 -2.70837892937e-19)
(58.0250473577 12.8075521247 8.70467886178e-20)
(57.7149697958 12.7278794789 -3.7766232396e-19)
(57.377926831 12.6260026233 -1.69849970786e-21)
(57.0202484519 12.5029741769 -2.4135128419e-19)
(56.6494527693 12.3598733718 1.14597648559e-19)
(56.2723670817 12.2000555622 1.29817959299e-20)
(55.8951551703 12.0273551315 6.4320918583e-20)
(55.5232890463 11.8460614803 7.71418566111e-21)
(55.161159163 11.6613076679 -2.64797413614e-19)
(54.8115660131 11.4792368542 -9.90994371902e-20)
(54.4750174307 11.3067985903 6.03879401259e-20)
(54.1491339532 11.1510766335 -1.60125949379e-19)
(53.8285535756 11.0183754536 0)
(53.5056290835 10.9132397021 -3.1996323276e-21)
(53.1716526943 10.8380046014 5.26335662073e-20)
(52.8181926572 10.7920892203 2.81521021247e-20)
(52.43823778 10.7716261095 -5.28812306125e-20)
(52.0269020214 10.7692025476 1.36689934323e-19)
(51.5817855135 10.7739125531 -1.34382970517e-20)
(51.1029187615 10.7719163407 3.99042014218e-19)
(50.5936023546 10.7474356527 6.75616588059e-21)
(50.0612854256 10.6843557679 1.76765194644e-19)
(49.5169531162 10.5688450938 1.31525697997e-20)
(48.973740123 10.392185101 -8.81112715961e-20)
(48.443551257 10.1532697745 -2.82717435726e-21)
(47.9351883133 9.85819688217 8.53637973601e-20)
(47.4591197927 9.51370089787 -4.49009456116e-20)
(47.0392123777 9.1176209561 -1.84087373043e-21)
(46.7153851214 8.6609222664 1.05889230491e-19)
(46.5127909409 8.1539694256 3.06415810315e-19)
(46.3793453015 7.66215423373 -1.0175381307e-19)
(46.1602607333 7.29399989939 8.54348235916e-19)
(45.7091069154 7.09883615025 1.66078447044e-18)
(45.1380512852 6.90073885657 -3.31535496378e-19)
(44.9565436731 6.28957316003 5.88901664701e-19)
(45.6704703852 4.7120502076 -5.21191963811e-19)
(48.212220004 1.81956052568 9.78841182913e-20)
(51.9822518077 -2.04423410806 -1.9276667107e-19)
(56.012143914 -5.98444444947 -2.60057166449e-20)
(58.3952456443 -9.08814408018 -4.77612278105e-18)
(-7.3474700652 -9.52811149679 1.6869697452e-18)
(-6.30866311924 -9.61676449793 9.07020351269e-18)
(-4.55387134364 -8.82783957292 -1.72268424957e-19)
(-2.19330826778 -7.75168945158 -2.62304397314e-17)
(0.579045673858 -6.62517481295 1.76894105743e-17)
(3.5983394164 -5.54276239443 1.13106560417e-17)
(6.74707442692 -4.53803750664 -6.09419784192e-18)
(9.94427941807 -3.61498628616 -3.36706723958e-18)
(13.1395322664 -2.7624857189 -3.68364114456e-18)
(16.3024516214 -1.96424420864 8.7237697656e-18)
(19.4146107316 -1.20396180254 1.96259007107e-18)
(22.4647313388 -0.467741381247 3.3325170049e-19)
(25.4452624703 0.255978725907 1.24266155405e-18)
(28.3491820443 0.976334486423 1.13571508352e-18)
(31.1692459557 1.69971902327 -3.1395603645e-18)
(33.9007427687 2.42840973323 1.6679327522e-18)
(36.5293486114 3.16361517864 1.27179579294e-18)
(39.0432594734 3.91136972218 2.56327472547e-18)
(41.4365836333 4.66677062348 1.03111559267e-18)
(43.6954439215 5.42464463498 4.29782236724e-19)
(45.8074847231 6.17956607286 2.6274550366e-18)
(47.7630668625 6.92492294951 -1.97560675137e-18)
(49.5545350059 7.65318549269 -2.43663023978e-18)
(51.1767022421 8.35648834475 4.46464940974e-19)
(52.6274721553 9.02725026196 1.96070362065e-18)
(53.9079075205 9.65856028658 1.26237945495e-18)
(55.0218646185 10.2443129784 -1.41644212114e-19)
(55.975405977 10.7791876514 -1.84760174112e-18)
(56.7760093605 11.2585042861 1.18060152967e-19)
(57.431776588 11.6780727504 -5.25256835731e-19)
(57.9511116291 12.0345067553 -2.55057467745e-19)
(58.3429056052 12.3268911479 5.94851960531e-19)
(58.6177511462 12.5573138078 -3.86747108227e-19)
(58.7878980405 12.7310609303 1.60190534405e-19)
(58.8654487549 12.8546664943 4.03033058693e-19)
(58.8631204806 12.9369910466 -5.88799628612e-19)
(58.7931493203 12.9866834577 -3.21479690361e-19)
(58.6657317873 13.01048263 8.09521970405e-20)
(58.4887617392 13.0120581169 2.80122110842e-19)
(58.2677696934 12.9919469067 -3.41332602569e-19)
(58.0067083735 12.9487019234 4.70261170857e-22)
(57.7098280529 12.8802893804 4.72940941664e-19)
(57.3823642581 12.7854626894 1.33309971517e-19)
(57.030461685 12.6659020441 9.22742294671e-20)
(56.6618953184 12.5231017144 8.07097823221e-20)
(56.2846577007 12.360352439 -1.37646032792e-19)
(55.9057625213 12.1821143389 1.68869862605e-20)
(55.531538799 11.9933922806 -2.19897047615e-19)
(55.1672021874 11.800111825 8.00341235258e-20)
(54.8162469711 11.6093921667 4.14601097783e-20)
(54.4796460171 11.429330258 -2.96636385608e-20)
(54.1551193484 11.2680988404 -4.4262857614e-22)
(53.8368988103 11.1329597349 2.81437833213e-20)
(53.5165429583 11.0286921452 -5.26278928691e-21)
(53.1843502083 10.9569872432 3.93581325111e-20)
(52.8308599945 10.9169086081 -9.5010097331e-20)
(52.4484016512 10.9036356213 -6.35561536586e-20)
(52.0318290934 10.9085433593 -2.09351452788e-19)
(51.5787088861 10.919767346 -1.3665205581e-19)
(51.089267704 10.9225042421 -1.74190410107e-19)
(50.5672381676 10.9000699405 7.86534377154e-21)
(50.0210059118 10.8354412213 0)
(49.4625371096 10.7144112034 1.99610757328e-19)
(48.905485295 10.5287340676 1.89634937618e-19)
(48.3615523008 10.2782902742 5.53635196005e-20)
(47.8398139198 9.9696758122 6.1104771747e-20)
(47.3540478311 9.60776280284 -2.75934203165e-20)
(46.9345804995 9.18798877186 -1.56738179803e-20)
(46.6248946621 8.70318675434 4.35417052823e-20)
(46.4396487436 8.17615074224 -6.98824976288e-20)
(46.3003240195 7.68791462371 2.47882888384e-19)
(46.033995045 7.35061282334 2.2311440388e-19)
(45.52370006 7.17962016362 -6.89049938698e-19)
(44.9755643525 6.94350262501 2.98939783794e-19)
(44.9438939114 6.20399547491 7.94373701679e-19)
(45.9514556518 4.39876221 1.84003169537e-18)
(48.8811162267 1.29548096192 -1.62538749237e-18)
(52.7696495752 -2.62552273171 0)
(56.6915350271 -6.42320191688 -2.17190799531e-18)
(58.6179050849 -9.21550658386 1.96890812887e-18)
(-11.0556939913 -10.1977799846 2.49926711954e-18)
(-10.0387720952 -10.5460076618 8.65170848632e-18)
(-8.66418204152 -10.3379712429 3.53591279088e-18)
(-6.75376740863 -9.7838435488 -8.91025716152e-18)
(-4.33788881179 -9.03055263291 5.69112164994e-19)
(-1.51402608724 -8.17089189819 -2.10918191736e-17)
(1.59816714921 -7.27559961029 2.43969967946e-17)
(4.90171703014 -6.38294404179 3.55838002503e-18)
(8.31620614483 -5.50840493504 -1.19863583207e-17)
(11.7746398953 -4.65354412249 -5.39145598305e-18)
(15.2243246499 -3.81434983302 -7.99697055031e-18)
(18.6256005912 -2.98584051537 -7.07554391558e-18)
(21.949846888 -2.16104772866 -3.07587990259e-18)
(25.1754853109 -1.33253324464 1.07954181874e-18)
(28.2871463974 -0.495411464459 -1.81796853203e-18)
(31.2758651701 0.352867716447 -2.50048268499e-18)
(34.1323903753 1.21165620864 1.13030004379e-18)
(36.8496520749 2.08764485562 -1.95916632173e-18)
(39.4227277336 2.97607090761 2.09483441232e-18)
(41.8449106679 3.87092143468 1.82598371577e-18)
(44.1097748833 4.76532990748 2.89823841445e-18)
(46.2114717439 5.65094090284 1.74294976326e-18)
(48.1444647079 6.51825823425 -4.67464336127e-19)
(49.9042947869 7.35738891834 -1.68641712873e-18)
(51.4884710301 8.15881215392 9.96508794253e-19)
(52.8969443292 8.91388222355 -1.09778220819e-18)
(54.1322846366 9.61515139714 9.85902065086e-19)
(55.1995192211 10.256487583 2.47381209613e-19)
(56.1055552275 10.8329498832 8.88162344499e-19)
(56.8583583809 11.3405493571 4.6818006735e-19)
(57.4663851734 11.7762185323 -1.45912974555e-18)
(57.9385709193 12.1393916858 -3.09216631385e-19)
(58.285260439 12.4321872767 5.04983906003e-19)
(58.5183539281 12.6597279529 -2.23761150895e-19)
(58.6499595825 12.8291639751 9.97414529791e-19)
(58.6931135272 12.9492489416 -4.25210063917e-19)
(58.6607157469 13.0294061466 -4.45205015668e-19)
(58.5641485992 13.0778136969 1.9321747507e-19)
(58.4127889149 13.0996126287 3.47762527657e-20)
(58.2134375746 13.0964378555 -2.29104150201e-19)
(57.970706424 13.0673328048 -3.25758756771e-21)
(57.6887800616 13.010400686 8.99325372228e-23)
(57.3728614573 12.9239940143 1.00703642373e-19)
(57.0291556432 12.8087879469 1.55511535388e-19)
(56.6653681915 12.6673848866 -1.29225880731e-19)
(56.2901771896 12.5028596312 5.52110607407e-20)
(55.9115168123 12.3201300614 1.2826860859e-19)
(55.5365530135 12.1249154672 -6.3591923145e-20)
(55.1713198788 11.9239135666 1.02292320726e-19)
(54.8200113321 11.7252156462 9.73603448714e-20)
(54.484060847 11.5380366269 2.74057914779e-20)
(54.1613241751 11.3719703962 1.10824269118e-20)
(53.8457194406 11.2347737626 -4.19255026089e-21)
(53.5279079956 11.1316330702 7.0445993684e-21)
(53.1973541765 11.0638611643 -8.75475305657e-21)
(52.8438269281 11.0294770116 -6.97042112889e-20)
(52.4588212446 11.0234046406 5.46458656291e-20)
(52.0369697066 11.0356642513 9.58637636889e-20)
(51.5759006337 11.0533383418 1.24021995239e-21)
(51.0761237645 11.0606845003 -8.18445575412e-20)
(50.5418828646 11.0402257267 -1.02547065873e-19)
(49.9823839343 10.9740285701 -1.54891121346e-20)
(49.4105302683 10.8476776054 -2.05007831247e-20)
(48.8402389408 10.6535384613 -1.86892313671e-19)
(48.2828746698 10.3925342011 3.58814643045e-20)
(47.7482451406 10.0708922099 -1.03926854898e-19)
(47.2542606281 9.69138522171 1.14962325419e-20)
(46.8380148279 9.24743233738 -3.06040122708e-20)
(46.5442429307 8.73624537115 -7.05021088853e-20)
(46.3729910101 8.19339003451 -4.35626151864e-19)
(46.2193464657 7.71527008155 2.92131001547e-19)
(45.9021580924 7.40883331094 -2.52304857189e-19)
(45.3468317075 7.25155771648 -1.37232779204e-18)
(44.8484540555 6.96545516873 -4.67461383233e-20)
(44.9601365347 6.08751674375 5.35645959137e-19)
(46.3079850639 4.07592231079 -7.89173929516e-20)
(49.5257107118 0.79913745042 -1.54324609956e-18)
(53.4834742325 -3.14034321921 2.65284311976e-19)
(57.2571811268 -6.78075518239 -2.48123360303e-18)
(58.7695034174 -9.30045712663 -6.23362850122e-18)
(-12.3194975684 -11.1991192139 -1.3447462362e-17)
(-11.5334085572 -11.6199696955 -1.66848340802e-17)
(-10.5519250904 -11.7204136278 2.02068406132e-17)
(-9.24752634735 -11.5563016119 -2.34911596614e-18)
(-7.55157198918 -11.1859993213 1.69426091766e-17)
(-5.44284116899 -10.6559412621 1.70647531039e-17)
(-2.92685327418 -9.99817367316 -4.70056740108e-17)
(-0.0418015360685 -9.24679302724 -1.87497550809e-17)
(3.1471533733 -8.43524663157 5.37701646685e-18)
(6.56527546909 -7.58308278345 -1.50537017288e-18)
(10.134993523 -6.70046628812 -4.16647254909e-18)
(13.7839736345 -5.79096156945 -3.84247338487e-19)
(17.4481921665 -4.85777940232 7.15368559736e-18)
(21.067345177 -3.90183018008 4.76909053833e-18)
(24.5898193378 -2.92663348318 1.88463590125e-19)
(27.9783833811 -1.93171165549 -2.24069201617e-18)
(31.2062344622 -0.916857297667 -1.49518716841e-18)
(34.25371841 0.115887725392 2.96727084907e-19)
(37.1091785086 1.15994380269 -2.75566891717e-18)
(39.7682816155 2.20838494734 -4.19603879095e-18)
(42.2321721266 3.25382879244 1.48169211879e-19)
(44.5046927272 4.28748591472 2.48879268482e-18)
(46.5897488401 5.29917716477 -2.03313888682e-20)
(48.490450054 6.2782107924 -9.03768375767e-19)
(50.2090997777 7.21409117227 8.14798099652e-19)
(51.7477101161 8.09702495953 -3.3067686283e-19)
(53.1089394173 8.91842126497 -1.46989697035e-18)
(54.2969010981 9.67125236731 -2.3791717941e-19)
(55.317396468 10.350099915 6.23326981919e-19)
(56.1775523442 10.9509882357 1.47067887865e-18)
(56.8852906283 11.4710956152 5.51486366058e-19)
(57.4491558668 11.9102103222 -5.19267176384e-19)
(57.8789150731 12.2705863351 -1.04377758622e-20)
(58.185928616 12.5573033059 3.42844238406e-19)
(58.381863292 12.7776687134 -1.68142236001e-19)
(58.479565172 12.9403017952 2.88183890915e-19)
(58.4923949161 13.0551457648 5.81129605824e-19)
(58.4327282483 13.1315694945 -8.51122359175e-20)
(58.3114850304 13.176165511 -2.68694621341e-19)
(58.1371722516 13.1918984267 -5.89949683675e-20)
(57.9156445974 13.1786106902 -2.63745979265e-20)
(57.6515573926 13.1345590644 -1.6900904807e-19)
(57.3500158997 13.058132009 -1.34198183471e-19)
(57.0173185658 12.9490500149 1.05510949804e-21)
(56.6611131647 12.8102097944 1.00197189738e-19)
(56.2903238579 12.6448775651 6.10858918842e-21)
(55.9138296774 12.4582826866 -1.1513352496e-20)
(55.5396729263 12.2568476298 8.01355924359e-20)
(55.1747644292 12.0481232898 -2.27816306653e-20)
(54.8240691545 11.8412226238 2.89347647586e-20)
(54.48961891 11.6468895881 -2.2801068587e-20)
(54.1693441759 11.475696991 -2.26437316785e-20)
(53.8567693174 11.3362771051 3.08386088361e-20)
(53.5418973478 11.2343341365 5.33997921601e-21)
(53.2130643883 11.1712840513 -4.67841341715e-21)
(52.8593458909 11.1435872624 1.3711987048e-20)
(52.4716097527 11.1451277267 6.09006031944e-20)
(52.0439126554 11.1653952883 1.44812593464e-21)
(51.5740741928 11.1900893136 1.25106374326e-19)
(51.0630618085 11.202410846 3.04163428522e-19)
(50.5157389403 11.184087676 3.64807159684e-21)
(49.9421613555 11.1162352953 9.99359158724e-20)
(49.3560992127 10.9843287472 -1.80154371548e-19)
(48.7715239071 10.7814856741 -1.32884978785e-19)
(48.199441986 10.5095990166 8.10283857854e-20)
(47.6512020109 10.1740453291 -3.40369308795e-20)
(47.1501845361 9.77530740226 -1.21443212546e-19)
(46.7400816258 9.30552791068 -2.77625603967e-20)
(46.4637061173 8.76746481144 -6.40754523712e-20)
(46.3025155411 8.21173338361 1.12623352031e-19)
(46.1254596314 7.74852245704 7.20578029805e-19)
(45.7511230433 7.47379736322 -9.25905851949e-19)
(45.1590184322 7.32083058466 -1.64417571987e-18)
(44.7427244706 6.96644168708 1.71560506919e-19)
(45.0172648324 5.93249687115 1.07875895284e-18)
(46.7475089968 3.71168847586 1.01631877099e-18)
(50.2185887587 0.282685767707 1.20319585392e-18)
(54.2034611865 -3.64320364966 -9.08872357413e-19)
(57.780501415 -7.10172408599 5.12621876032e-18)
(58.8793033284 -9.35924166109 -1.43984970753e-18)
(-11.7151405284 -12.4382195492 2.70574939665e-17)
(-11.0033942801 -12.8016513054 3.27107142864e-17)
(-10.1888054923 -12.9868351482 -1.5913914803e-18)
(-9.22125370863 -12.9953048358 -1.56460420473e-17)
(-8.0474343057 -12.8527557203 -1.66429862932e-17)
(-6.61992619994 -12.5850603521 2.44082479807e-19)
(-4.89544218024 -12.2056259971 9.19727422672e-18)
(-2.850092945 -11.720061169 -7.02600845464e-18)
(-0.455592152643 -11.1288947527 -1.55341606379e-17)
(2.29681563882 -10.437323891 5.3780732973e-18)
(5.39137888097 -9.64875998881 3.16823065012e-18)
(8.77713280665 -8.76762748863 6.93882556985e-19)
(12.390159586 -7.80294846535 7.01367188981e-18)
(16.1453650094 -6.75782985498 -1.32380599734e-18)
(19.9531729445 -5.65394219762 -1.05640239773e-18)
(23.7342420909 -4.51167280464 6.21141328273e-19)
(27.4121866449 -3.32768089329 -2.0899796093e-18)
(30.9195814128 -2.10615303114 8.54445695812e-19)
(34.2076289687 -0.863227821584 3.39815129251e-18)
(37.2476260842 0.380006736648 -5.94334862108e-18)
(40.0296666782 1.61029429685 -3.92720339423e-18)
(42.5587101897 2.81710088367 1.52083162383e-18)
(44.8489922758 3.98980234528 2.08208268927e-18)
(46.9184272823 5.11857565766 -3.07193723092e-19)
(48.7834960282 6.19438221947 7.17346705975e-19)
(50.45669496 7.20857017369 2.89836410962e-19)
(51.9466688746 8.1530160109 -3.43683344387e-19)
(53.259740016 9.02062483316 -1.21892722421e-18)
(54.4015624476 9.80572669556 -7.51679014869e-19)
(55.3781574966 10.5042522355 -8.14971927471e-21)
(56.1962268412 11.1134787728 2.88691869864e-19)
(56.8632574346 11.6334594899 0)
(57.3879388756 12.0665933928 -3.5855301767e-19)
(57.7807618119 12.4179385021 -2.89293023227e-19)
(58.0525673125 12.6947759544 -2.08702757955e-19)
(58.2154614918 12.9054345102 2.32163464985e-19)
(58.2828067447 13.0600307425 6.67045538623e-19)
(58.2676114626 13.1687846159 -2.80320888292e-20)
(58.1821793543 13.2395289156 5.86167558403e-20)
(58.0369772807 13.2766223812 3.63614467448e-19)
(57.8396790919 13.2810065961 -9.28044908127e-20)
(57.5960803823 13.2514198247 1.49396299023e-20)
(57.3115926029 13.1862983976 -4.77295427717e-20)
(56.9926017683 13.0851118024 8.82157206446e-20)
(56.6467291489 12.9500814123 3.90038591054e-20)
(56.282952497 12.7850351161 -3.47307364882e-20)
(55.9108765553 12.595398502 -2.23958709289e-20)
(55.5394248694 12.38817869 3.79761878752e-20)
(55.1763942537 12.1718501081 -2.75072961956e-20)
(54.8276640122 11.9568831158 -7.02752765899e-21)
(54.4957620933 11.7550904908 2.4050262603e-20)
(54.1787173884 11.5782446374 -4.60393541208e-21)
(53.8698674172 11.4365871359 -2.52344427983e-20)
(53.5584597538 11.3363353385 3.1191666388e-20)
(53.2316586529 11.2785973754 1.04597348678e-20)
(52.8775203493 11.259013938 -6.11479345164e-21)
(52.4866169361 11.2689295597 -9.28228608973e-21)
(52.0524903086 11.297946042 -4.07598134951e-20)
(51.5729659853 11.3302746798 2.14002354425e-20)
(51.0497377114 11.3479436502 -8.43500172144e-20)
(50.4884143029 11.331830076 5.23321055139e-20)
(49.8999245921 11.2621807249 -1.36678367503e-22)
(49.2987441436 11.1244853142 7.64648429611e-20)
(48.6986768024 10.9127109215 1.50962407975e-19)
(48.1105606933 10.6293290908 1.17275696544e-19)
(47.5482761534 10.278536746 7.98447363291e-20)
(47.0419180977 9.8578209537 -6.26840412876e-20)
(46.64126639 9.35877160324 3.19420327313e-20)
(46.3835222369 8.7936680605 1.04940156713e-19)
(46.2266470065 8.23097161914 5.59861536082e-19)
(46.0157516026 7.7884303943 1.49274122105e-19)
(45.580368495 7.54453550786 -1.13505314498e-18)
(44.9754249184 7.38381148624 -1.08301413753e-18)
(44.6606998405 6.94562314152 1.65538218523e-19)
(45.1422982189 5.73600193888 -3.54170448827e-18)
(47.2615864209 3.30507373944 6.09049652247e-19)
(50.9472185839 -0.249125575649 2.94472349692e-19)
(54.9241566237 -4.13011418835 -2.1866750227e-20)
(58.2510600917 -7.38447010651 -3.17589452407e-18)
(58.9517842606 -9.38516499336 -1.517682622e-18)
(-10.2800666535 -13.8899150494 -5.24379076761e-18)
(-9.52342322039 -14.187732344 3.25199861256e-18)
(-8.69595361154 -14.3701502502 6.29706307374e-18)
(-7.79613153775 -14.4241491704 3.94375827794e-19)
(-6.79355624831 -14.3596174582 -4.77443118905e-18)
(-5.66333661653 -14.1882117418 6.1433956098e-18)
(-4.38200096499 -13.9285817157 2.29096463293e-17)
(-2.92740292672 -13.5952582131 -1.20482134583e-17)
(-1.26997660216 -13.1913001509 -3.1155511664e-17)
(0.629929722292 -12.7123408207 5.91849694489e-18)
(2.82036516008 -12.1430336545 1.13393546579e-17)
(5.35541546469 -11.4610918933 4.00254498375e-18)
(8.2640341258 -10.6449650175 -3.18265622489e-18)
(11.536492999 -9.69198102077 2.55148936482e-19)
(15.1217461034 -8.60487486615 5.45180429928e-19)
(18.9181017681 -7.36755806921 2.3242620651e-17)
(22.7766743439 -6.03040811156 2.42296615515e-17)
(26.679250906 -4.64984638137 -1.17390288182e-18)
(30.4505237996 -3.20061362013 3.39647799093e-18)
(33.9904207779 -1.72363119407 2.17570438644e-18)
(37.2420537407 -0.257290444578 -3.40266355514e-18)
(40.1760027727 1.17295718915 -2.67659021057e-19)
(42.7923360007 2.54795714552 -1.26312102706e-21)
(45.1144489251 3.85560067216 -1.75971998563e-18)
(47.1756460955 5.08903749396 -3.81055388534e-19)
(49.0082683565 6.24376399386 1.89629692239e-18)
(50.6377518221 7.31574640808 1.97586393507e-18)
(52.0813213339 8.3007716322 3.0625156326e-19)
(53.3497179767 9.19469747193 -5.51755576675e-19)
(54.4500091673 9.99406333883 -1.39846668626e-19)
(55.3879255704 10.696383347 -2.41363075358e-19)
(56.1693137545 11.3018519476 -7.88244405998e-19)
(56.8010983113 11.8129150333 1.63498533415e-19)
(57.29236747 12.234569398 -6.09978866375e-20)
(57.6526802655 12.5739438921 -1.91412599738e-19)
(57.8928300505 12.8388565777 -1.28513288329e-19)
(58.0255842323 13.0392030337 -8.29563248189e-20)
(58.0641061864 13.1856459568 1.49559790285e-19)
(58.0217373614 13.2869040607 -9.60045493249e-20)
(57.9108765801 13.3486250483 1.41380587311e-19)
(57.7414476398 13.3730150338 2.1323959945e-19)
(57.5210766959 13.3597043984 -9.79885097385e-20)
(57.2561613442 13.3073986633 -9.00036923503e-21)
(56.9533837475 13.2155767267 3.33961858276e-20)
(56.6204500757 13.0858164227 -2.60933253266e-20)
(56.2663856 12.9222354157 2.80893284955e-22)
(55.9011886933 12.7304976937 1.33574165625e-20)
(55.5346023921 12.5180883311 -5.84844933768e-21)
(55.1753944324 12.2944681886 -6.2125887192e-22)
(54.8301705054 12.0713049667 1.24828014262e-20)
(54.5020148365 11.8616788789 -1.0998883766e-20)
(54.1893164289 11.6793083877 4.62940734865e-20)
(53.8851156121 11.5357553301 -5.50339548012e-20)
(53.5778162288 11.4377329146 -6.86493005327e-20)
(53.2534443376 11.3859324081 6.3087743229e-21)
(52.8988114068 11.3753429909 -6.38379775396e-21)
(52.5041655576 11.395303889 -7.56000927861e-21)
(52.0629742814 11.4336953511 6.91111685599e-20)
(51.5729187555 11.4742720633 -5.91978776713e-21)
(51.0362933083 11.4976767606 -2.37543059618e-19)
(50.4599049646 11.4837832919 -4.3476052132e-20)
(49.855571818 11.4121637782 -2.1178227423e-19)
(49.23819476 11.2684801242 -2.40782390606e-19)
(48.6211691177 11.0475503044 1.39094352607e-19)
(48.0156267219 10.7521432796 -5.90619694819e-20)
(47.4393177437 10.384605092 3.30978629812e-20)
(46.9300516924 9.93915689144 2.85603742997e-20)
(46.5421226905 9.40975310718 3.60760608067e-20)
(46.302605928 8.81919163128 1.51441500992e-19)
(46.1422205682 8.25358039996 6.06303799138e-20)
(45.8867695398 7.83595920911 -5.52025174807e-19)
(45.391999893 7.61937736015 5.14812350007e-20)
(44.7935958242 7.43616546973 1.23729049495e-18)
(44.6069397964 6.89973014536 -5.39345775502e-21)
(45.340110189 5.49383899459 -1.04615192982e-18)
(47.8548840916 2.8582955003 -3.71860660453e-18)
(51.7059589587 -0.790198623433 6.59207958156e-19)
(55.6330317044 -4.59234313219 9.08700631619e-19)
(58.6409300965 -7.63115687118 -1.55591789921e-18)
(59.0059870084 -9.38160126084 2.01235157982e-17)
(-8.47567114312 -15.5033359161 -2.84959174673e-17)
(-7.66516825959 -15.7496554963 1.70022059744e-17)
(-6.78174182789 -15.9068879359 3.37634321186e-17)
(-5.84942988464 -15.9548877666 -1.88748815608e-17)
(-4.85358562604 -15.8979871973 -3.11247430191e-17)
(-3.78673506574 -15.7441249158 -7.24584605566e-18)
(-2.64457946357 -15.5065859462 3.57772884262e-17)
(-1.42366110996 -15.2004504963 1.57118151973e-17)
(-0.116563424121 -14.8378731253 -2.49869927354e-17)
(1.29261365088 -14.4273004683 -2.40577552441e-17)
(2.83307364929 -13.97058908 1.5550771805e-17)
(4.55264009994 -13.4590321331 1.16393229427e-17)
(6.51715234281 -12.8673329456 -3.33760394658e-18)
(8.81867694499 -12.151444588 -1.22466271266e-18)
(11.5337413392 -11.2666206233 1.84173950677e-18)
(14.6868936097 -10.1982695828 -1.12244820603e-19)
(18.1892798272 -8.94662945807 1.30598601259e-20)
(22.0280036457 -7.47554823331 7.51126706751e-19)
(25.9947696671 -5.87269650017 -1.71757615326e-18)
(29.9235466306 -4.1804048927 -1.47592934289e-18)
(33.6715297832 -2.45369760405 1.51686886588e-18)
(37.1238930555 -0.749124860134 2.63713415258e-18)
(40.2136035671 0.887937208923 1.93671749517e-18)
(42.9277542391 2.42944046444 -2.00722352203e-18)
(45.2925871683 3.86250882621 -2.33572979331e-18)
(47.3542455041 5.18472568013 -2.32639247928e-18)
(49.1612900688 6.39873208179 -1.04417363127e-19)
(50.7532678634 7.50773772039 1.75548473364e-18)
(52.1567402939 8.51344312348 -9.52782212574e-21)
(53.3870477063 9.41583586149 4.28611469968e-19)
(54.4524437727 10.214064872 2.74471518566e-19)
(55.3579882337 10.9088297896 -2.2629332402e-19)
(56.1085072003 11.5026229693 -5.55266038054e-19)
(56.7109355747 12.0002656323 4.73210610654e-19)
(57.172879197 12.4084784536 -2.06463595081e-19)
(57.5032653306 12.7344011317 4.65591137044e-20)
(57.713598975 12.9872814563 -3.12161574226e-19)
(57.81660698 13.177771125 1.28239892507e-19)
(57.8261728501 13.3150078066 0)
(57.7563125081 13.405631143 -1.78861221564e-19)
(57.619366007 13.4531090337 6.07867585718e-20)
(57.4254075565 13.4582254768 5.28275955811e-20)
(57.1825552566 13.4203945069 1.62758363702e-20)
(56.8983362605 13.3392779223 -3.91782233306e-20)
(56.5807709635 13.2163151329 -1.30002280032e-20)
(56.2389902675 13.0554631528 7.52790783989e-21)
(55.8832164258 12.862604097 2.95477719808e-21)
(55.52387259 12.6456848342 9.23621429444e-22)
(55.1705472329 12.415126699 -3.1481871163e-20)
(54.8306791929 12.1836873964 9.7003699049e-21)
(54.5079709573 11.9664996711 7.17955939339e-21)
(54.2010095038 11.7789981652 -6.18321056966e-20)
(53.9025158486 11.6340200791 2.76925732113e-20)
(53.6000796805 11.5388090016 -4.07167582899e-20)
(53.2786237602 11.4937242072 -3.71636836783e-20)
(52.9236883651 11.4928251472 4.61799277231e-20)
(52.5247050872 11.524388166 3.49221905074e-20)
(52.075492116 11.5729604081 -2.76132976655e-20)
(51.5739712576 11.6224016003 1.43051070881e-19)
(51.022796762 11.6519346945 -9.48371167515e-22)
(50.4302133212 11.640239097 5.29197964039e-20)
(49.8089722692 11.5664815114 1.49856418233e-20)
(49.1741038819 11.4166158559 8.9562240622e-20)
(48.538506694 11.1862968259 -5.21048914112e-20)
(47.9143445591 10.8779990556 -1.24350099943e-19)
(47.3246321998 10.4915905466 0)
(46.8156924959 10.0183802993 -6.27423341205e-20)
(46.4434828284 9.45649899297 -3.06840786122e-20)
(46.2194635552 8.84272348129 1.16189179363e-19)
(46.0457684626 8.27963627327 -2.35240208107e-19)
(45.7360839311 7.89160996195 -2.48924349919e-19)
(45.1872692215 7.69562436735 4.88710402585e-19)
(44.6266649861 7.47367169 1.92141496074e-18)
(44.5953662882 6.82206417312 -1.10848231777e-18)
(45.6242633004 5.20347609469 1.56195260933e-18)
(48.5121565436 2.37414517326 2.98436769723e-18)
(52.4828234622 -1.33568112051 6.12796133536e-19)
(56.3158022231 -5.02527108545 -3.87289962155e-19)
(58.942253328 -7.84196328412 9.81058491835e-19)
(59.0554866055 -9.35899988014 -2.3326299763e-17)
(-6.37033398307 -17.2214999112 -1.95629809916e-18)
(-5.54225943689 -17.4275671482 -1.52769911449e-17)
(-4.63021543831 -17.5553694574 2.52109323117e-18)
(-3.67261100075 -17.5817159684 -1.82093562221e-17)
(-2.66288646404 -17.5082725403 -1.47639338554e-18)
(-1.60047383616 -17.3393313917 3.60141252775e-19)
(-0.489085354483 -17.0837377902 -1.66770245961e-18)
(0.664866875898 -16.7537931019 2.00348416215e-17)
(1.85437349345 -16.3635702227 -8.45645939154e-18)
(3.0747170401 -15.9275249389 -9.71282855671e-19)
(4.32742951457 -15.4582410601 3.77075613633e-18)
(5.62641492841 -14.9631651642 -5.84439753547e-18)
(7.00530990403 -14.4403972403 -5.00819025318e-18)
(8.52615594294 -13.8734179955 6.32823016255e-18)
(10.2798349906 -13.2247791845 1.24155897204e-18)
(12.3963522967 -12.4304350254 -2.34403286664e-18)
(14.986621107 -11.4230196882 -2.28579945853e-18)
(18.0886512173 -10.1563731739 -2.86726755518e-18)
(21.6417696444 -8.62907657212 -1.92873978085e-18)
(25.5052017156 -6.87848784489 3.12409306829e-18)
(29.4802228007 -4.97901336416 8.66218587835e-19)
(33.3556724036 -3.02135250479 -3.00918229781e-18)
(36.9583077359 -1.08963951037 1.13690161787e-18)
(40.1807221567 0.745169585046 2.03513737315e-18)
(42.9857550867 2.44125805933 -2.6884309181e-19)
(45.3945926049 3.98370017272 -4.92870864227e-19)
(47.4621365003 5.37585313442 -1.29959914207e-18)
(49.2510671768 6.62932960692 2.97133894981e-19)
(50.8138200323 7.75621414176 -9.32484786471e-20)
(52.18559499 8.76546981644 5.92722241723e-19)
(53.3858486835 9.661877601 -2.89608999513e-19)
(54.4234885296 10.4487183138 7.30963194303e-21)
(55.3027518971 11.1292604438 -3.48267637722e-19)
(56.0281328497 11.7081531981 -9.48620880289e-21)
(56.6045708538 12.1914718621 1.39422464093e-19)
(57.0384965097 12.5854382287 5.75309119057e-21)
(57.3394083392 12.8983020578 -1.6756013932e-19)
(57.5188542274 13.140033782 1.28595229489e-19)
(57.590665756 13.3198041761 -9.63011282789e-20)
(57.5699636566 13.4446971507 -9.2199229905e-20)
(57.4713389136 13.5192761536 3.2622608856e-20)
(57.3077335187 13.5457822521 -2.1944550596e-20)
(57.089730369 13.5243608867 1.57498946367e-20)
(56.8263017824 13.4553544215 4.88908341628e-22)
(56.5264245458 13.3405290133 -1.94387863137e-22)
(56.1993209533 13.1836500149 -4.32534880725e-21)
(55.8554302239 12.9906715 -2.35656593983e-20)
(55.5057395433 12.7700184576 -4.44979825819e-20)
(55.1606158974 12.5329396659 5.33463580996e-20)
(54.8282731244 12.2937400658 -1.3558927442e-20)
(54.5129779266 12.0693226338 6.1772694584e-20)
(54.2134404943 11.8769781399 -4.50046124109e-20)
(53.9219995139 11.7310440556 1.27610959751e-19)
(53.6253857823 11.6394645809 -9.97405600734e-21)
(53.3074007101 11.6021870677 9.54544578729e-20)
(52.9523882233 11.611908319 -7.36615676407e-20)
(52.5486615038 11.655883154 3.82116393115e-20)
(52.0903361589 11.7160181581 1.61749413798e-20)
(51.5760086351 11.7749950058 4.66440548336e-20)
(51.009120606 11.8110439477 -3.97154046396e-20)
(50.3992740629 11.8014829366 -9.01908709986e-20)
(49.759950833 11.7254297595 2.19442171812e-19)
(49.1060377794 11.5692779612 2.19414484106e-19)
(48.4500408969 11.3293079325 -6.38034049613e-20)
(47.8062896168 11.0068576634 -8.56195328556e-20)
(47.2046232689 10.5989109411 -4.503208384e-20)
(46.6994751963 10.0954462833 -2.20312432583e-20)
(46.3452567679 9.49927132755 6.04593935229e-20)
(46.1321193356 8.86556966199 -3.71364877135e-20)
(45.9335900353 8.31192117064 -1.59803148377e-19)
(45.5614955214 7.95535361706 2.16278419628e-19)
(44.970451103 7.77036712322 -1.31029329075e-19)
(44.4754589026 7.49009513201 -7.75189828893e-20)
(44.6167718837 6.70162848316 1.98216743426e-18)
(46.0265620194 4.8693092874 -1.96042803593e-19)
(49.226040045 1.8602741351 5.12942628668e-19)
(53.2678375829 -1.88086079741 -3.82469851799e-19)
(56.9589016006 -5.42476826375 -1.01603191509e-18)
(59.1812316729 -8.0168022323 -4.98537866104e-18)
(59.0809708333 -9.31855452022 8.35949434742e-18)
(-3.93966989538 -18.9956424892 -3.60611062824e-17)
(-3.13302492076 -19.1683297095 -6.04476681215e-18)
(-2.23133870565 -19.2650643238 3.68565201857e-17)
(-1.28138439152 -19.2614958327 7.66094407498e-18)
(-0.282579065659 -19.1580456549 -1.96916495089e-17)
(0.762672268385 -18.9570711022 0)
(1.84756653761 -18.6647123385 -1.85064488313e-17)
(2.96265852375 -18.2911605497 1.60976595379e-18)
(4.09697300978 -17.8495416123 5.26128227534e-18)
(5.23896076596 -17.3548663616 -2.02021202081e-18)
(6.37801239563 -16.8228620005 8.02847249376e-18)
(7.50735485471 -16.2684927308 7.58657255988e-19)
(8.62875574821 -15.7040128839 -1.11296459144e-17)
(9.76017185974 -15.1349532842 -2.66501652929e-18)
(10.9462633865 -14.5537500034 6.12388148607e-18)
(12.2695124695 -13.9295851359 1.64322485959e-18)
(13.8615500449 -13.1965619486 6.95028228524e-20)
(15.8950644442 -12.2607045092 -1.40544521835e-18)
(18.4919741606 -11.0280133718 2.51059518965e-18)
(21.6670255723 -9.46767161541 2.65689025005e-18)
(25.3108215086 -7.61376709618 -1.04881983518e-18)
(29.2154299902 -5.55187287926 2.9352596155e-19)
(33.1265477564 -3.39769474951 -1.98638787222e-18)
(36.8153299128 -1.267514778 -1.97516212798e-18)
(40.1288953061 0.739000484907 2.94611463195e-18)
(43.0018852501 2.56497965567 3.85709539579e-19)
(45.4458063235 4.19345835497 -2.59614659308e-19)
(47.5194169828 5.63384406349 1.41588405478e-19)
(49.295639994 6.90715732402 -1.57981194572e-19)
(50.8371632836 8.03536057877 7.76839038631e-19)
(52.1858576492 9.03498422509 5.72623424192e-19)
(53.3637998232 9.91667875199 -5.07887222331e-19)
(54.3799577181 10.6871153175 5.63044511281e-19)
(55.2382038569 11.3517285397 -2.33136424695e-19)
(55.9408242359 11.9160554474 -5.58376461899e-20)
(56.4911374791 12.3851483034 1.63864295948e-19)
(56.8958123147 12.7658441518 9.35672384315e-20)
(57.1643370756 13.0668397837 -3.98688136897e-20)
(57.3097575195 13.2966561875 2.07108514233e-19)
(57.3477747445 13.4624551101 -2.14049195932e-19)
(57.2948253698 13.5690986885 -3.53662004943e-20)
(57.1665519652 13.6203114316 5.42132776297e-20)
(56.9765938767 13.617925414 5.57634009378e-21)
(56.7365108622 13.5628699721 -3.22565184943e-20)
(56.4564301948 13.4575307249 -2.53888109375e-20)
(56.1461309108 13.3057867154 3.12348202714e-21)
(55.8164254776 13.1136865958 3.48290303893e-20)
(55.4787865205 12.890101558 -3.40604118543e-20)
(55.1442857992 12.6471003907 4.79692738749e-20)
(54.8218499996 12.4005482398 7.13562006154e-21)
(54.5162070613 12.1692122221 -6.4227159982e-20)
(54.2261089429 11.9723980531 3.64218755116e-20)
(53.9434155203 11.8261425586 5.6630248237e-20)
(53.6538885119 11.739203839 -3.59603512448e-20)
(53.3400716388 11.7110986343 1.10435541031e-19)
(52.9851338019 11.7329259445 -5.37089972385e-20)
(52.5763598752 11.7902552354 3.97233561303e-20)
(52.1078679861 11.8635649048 7.0106898776e-21)
(51.5791827224 11.9325469922 -1.57248800201e-19)
(50.9955182599 11.9753789354 -1.0383061035e-19)
(50.3670443661 11.9678613296 -4.75631248889e-21)
(49.7082580479 11.8893492289 8.06298804047e-20)
(49.033512148 11.7267412426 -1.42544624507e-19)
(48.3552687666 11.4767199871 9.90778409331e-20)
(47.6914422354 11.1388022844 5.72403659597e-20)
(47.0801900709 10.7065324991 -7.86672208606e-20)
(46.5826988132 10.1693942433 8.56041860817e-20)
(46.2467092447 9.53972014896 4.50203239089e-20)
(46.0370500759 8.89071658452 -1.39585762035e-19)
(45.8010991057 8.35299315946 7.42175757777e-20)
(45.3618956954 8.0257160037 1.93298699569e-19)
(44.7452825156 7.8394398014 -9.86980337839e-20)
(44.3505724482 7.48646491752 3.59313103198e-19)
(44.6915549524 6.53109493142 1.22719272672e-18)
(46.5224582583 4.48847277998 -1.07506831788e-18)
(49.9899392657 1.32363743073 -1.52778858419e-18)
(54.0518976559 -2.41297484765 -1.22051258865e-20)
(57.5544965085 -5.78588369832 -2.3100359503e-18)
(59.3659631074 -8.15531005421 -1.01905781358e-18)
(59.0757316189 -9.26304445605 8.6297154344e-18)
(-1.16580709793 -20.7809641224 -4.38701749557e-17)
(-0.413081530796 -20.9243366664 -4.99925110888e-17)
(0.443069766989 -20.9898072617 2.63385523985e-17)
(1.3517336146 -20.9517838245 9.78068495962e-18)
(2.30811605132 -20.8097160964 -6.23037193924e-18)
(3.30834673811 -20.5655370854 9.7537701971e-18)
(4.34405921484 -20.2242539078 -2.04690646352e-17)
(5.40455486234 -19.7949468078 -1.00599462441e-17)
(6.47807832497 -19.2901589882 1.72223639241e-17)
(7.55215666109 -18.7248569198 1.40184121482e-17)
(8.6140093391 -18.1154646071 -1.37196861961e-18)
(9.65144611533 -17.478921715 -1.11859034193e-17)
(10.6544842396 -16.8317279698 -6.30898612607e-19)
(11.6181420521 -16.1884978782 -6.6565362813e-18)
(12.548410042 -15.5593116798 -1.77256093141e-18)
(13.4723210198 -14.9430737603 -3.14449377867e-19)
(14.4538168892 -14.3138990714 4.72956217613e-18)
(15.6234840627 -13.6122626541 5.01672725651e-18)
(17.1745026475 -12.7237555976 -4.11571332799e-19)
(19.2872743512 -11.5329212922 -1.01607867456e-18)
(22.0530711842 -9.97204569921 -8.3800245034e-18)
(25.4125876026 -8.05369683222 3.32583961442e-18)
(29.1670390519 -5.87037165527 2.27781648431e-18)
(33.0358705474 -3.56164871152 -1.42055424104e-18)
(36.7453528158 -1.27573902624 -1.10785855675e-18)
(40.101845459 0.862430167646 -5.61786443824e-19)
(43.0122001942 2.78351199661 3.87171282962e-19)
(45.4755818644 4.46873655373 6.23678855331e-19)
(47.5510871272 5.93318954422 2.62617510274e-19)
(49.3179705374 7.20799494361 -9.72706382507e-19)
(50.8451761975 8.32479513018 2.63098021764e-19)
(52.1781216057 9.3075438054 6.16141057983e-19)
(53.3397647079 10.1713684099 2.80437234268e-19)
(54.3389178727 10.925458844 1.76667854069e-19)
(55.1773791772 11.5759730409 -3.36024342785e-20)
(55.8555285848 12.1269317018 -5.08809511878e-20)
(56.3765074299 12.5833722363 2.25177634477e-19)
(56.7468320716 12.9521690697 -1.49480477732e-19)
(56.9777818621 13.2401170693 6.32647714916e-20)
(57.0851331804 13.4541792364 1.22301322102e-19)
(57.0865531781 13.5990888624 -2.58744370799e-20)
(56.99990039 13.6802932466 -1.73322611514e-20)
(56.8420903266 13.7000105223 -2.93780498709e-20)
(56.6280337114 13.6607529273 -2.63432752594e-20)
(56.3698809038 13.5663716612 2.36387116449e-20)
(56.0783926111 13.4209540793 1.20555584917e-21)
(55.764962577 13.2307229212 7.23039308793e-20)
(55.441633271 13.0049438064 1.09434030516e-19)
(55.1201785383 12.7565560038 -1.19824551745e-19)
(54.810183192 12.5030280185 3.38014141434e-20)
(54.5167133094 12.2651543106 7.50582643901e-21)
(54.238423651 12.064423717 -4.21862653852e-20)
(53.9665349194 11.9187118428 -1.73120342683e-19)
(53.6856771363 11.8376143589 1.57712988748e-19)
(53.376980687 11.8202078275 -1.56390874151e-19)
(53.0222962384 11.8559859475 -5.90359321575e-20)
(52.6081351501 11.9280480322 5.22186636284e-21)
(52.1283970819 12.0158308187 3.0643551228e-20)
(51.5838436781 12.0955384149 4.25684238645e-21)
(50.9820735788 12.1452846586 2.35226046893e-19)
(50.3334200371 12.1397950888 1.5232430148e-19)
(49.6534919673 12.0587140484 -8.46970774001e-22)
(48.9559050649 11.8894363827 1.14256573192e-19)
(48.2537471836 11.6286335331 -1.05337097736e-21)
(47.570088589 11.2731235214 3.98640205462e-20)
(46.9521824289 10.8132931461 5.94736118947e-20)
(46.4660073237 10.2394920599 4.54700323428e-20)
(46.1468930492 9.57763426347 -1.59345801806e-19)
(45.9305232229 8.91973153516 -4.28043901923e-22)
(45.6441887996 8.40267264503 2.07184130841e-19)
(45.1379339337 8.10068314805 -2.62280589408e-19)
(44.5204554354 7.89608662413 2.07634478004e-19)
(44.2541349836 7.45724989545 2.94886747157e-19)
(44.8562692951 6.30918265079 -7.73652782861e-19)
(47.1080728872 4.05725328159 9.82868634683e-19)
(50.7913005754 0.767213462431 1.68088288784e-19)
(54.8225424023 -2.92487435941 -1.8279956681e-21)
(58.0978608722 -6.10685074682 1.15758568756e-18)
(59.4890326405 -8.25586015217 1.20462139076e-18)
(59.0475842943 -9.20644105622 -1.99399079118e-18)
(1.94852239992 -22.5348461786 5.44321055632e-18)
(2.62103359625 -22.652413678 6.77752939145e-18)
(3.40273734814 -22.6866460985 1.03425150049e-17)
(4.24010353754 -22.6113647507 1.98291312765e-18)
(5.12451093358 -22.4250569466 -1.2210537112e-17)
(6.05108552234 -22.1299292091 9.01134989488e-18)
(7.01067266368 -21.7310405091 5.03050525515e-19)
(7.99190908897 -21.2374548671 -2.32075152607e-17)
(8.98299306356 -20.6619274817 6.86855806213e-18)
(9.9719413799 -20.019845202 1.04675432628e-17)
(10.9466195798 -19.3281993046 -3.56462508291e-18)
(11.8949771867 -18.604679859 3.58228404086e-18)
(12.8054466271 -17.8668835995 7.64682320855e-18)
(13.6674596029 -17.1315930652 -2.64043306385e-18)
(14.4730632233 -16.4139241707 -2.84315290417e-18)
(15.2204731183 -15.7252073074 -1.41024028761e-18)
(15.9221403236 -15.0679795385 -1.63393428634e-18)
(16.6333548778 -14.4201552319 -3.59212216635e-19)
(17.4690995333 -13.7255440702 5.49939215886e-19)
(18.6209271725 -12.8675778273 -4.3146181623e-18)
(20.3127614336 -11.7111768903 1.63919954807e-18)
(22.6955647263 -10.1587833125 3.47121938387e-18)
(25.7596924855 -8.20158750334 -1.79900901644e-18)
(29.3239515528 -5.93658794785 -9.1140525602e-20)
(33.0962373555 -3.51808967704 3.66144372443e-18)
(36.7735266967 -1.12591603169 6.13871092741e-21)
(40.1293205478 1.0982512987 -1.60203237379e-18)
(43.0456527774 3.07488991336 -8.48818303842e-20)
(45.5109027864 4.78483288927 1.6318621377e-19)
(47.5830321238 6.25086595556 -1.63718878935e-19)
(49.3428670056 7.51355547179 -6.859942932e-19)
(50.8608215407 8.61248807786 -3.43817602851e-19)
(52.1827599653 9.57687858613 -1.9854641777e-19)
(53.3313011342 10.4247833214 1.77201897753e-19)
(54.3133326683 11.1660431736 7.29024226708e-20)
(55.12859285 11.8049043135 3.59488976877e-20)
(55.7769018315 12.3446711074 1.90079164349e-20)
(56.260989981 12.7897730693 1.02272653197e-19)
(56.5893421047 13.1446883143 -6.68510737048e-20)
(56.7771044872 13.4148526252 -1.08305985483e-19)
(56.842944291 13.6061976881 -2.97662003683e-20)
(56.8053945009 13.7227928078 1.12291762972e-20)
(56.6844355311 13.7690619158 -4.43318871104e-20)
(56.4997343318 13.7482061353 1.70207614548e-19)
(56.2660101177 13.6662693468 2.94179624473e-20)
(55.9952649908 13.5283471565 3.03380815274e-21)
(55.6999749235 13.3409087723 -6.67827608224e-20)
(55.3930011924 13.1135777531 -1.34848051671e-19)
(55.0869196439 12.8602720625 3.35237803887e-20)
(54.7919820114 12.6001159679 -1.21504687881e-19)
(54.5134675782 12.356158935 -3.72548574869e-20)
(54.2497259136 12.1522284155 1.57359753913e-19)
(53.9910797326 12.0081351765 -2.99938010764e-19)
(53.7207984035 11.9343137794 8.18978000605e-20)
(53.4184213371 11.9293586249 -1.92930227408e-19)
(53.0642754886 11.9810452145 2.21486482028e-20)
(52.6442134921 12.0696945742 -1.85632655247e-19)
(52.1521964055 12.1728043558 3.56836385921e-20)
(51.5903233512 12.2643122068 7.93597915653e-20)
(50.9684868745 12.3211228342 9.26254843779e-20)
(50.2980854196 12.3177183961 1.41484077127e-19)
(49.5951329746 12.234055613 -2.76216211765e-19)
(48.8725476553 12.0579456536 -1.04180751327e-19)
(48.1450841277 11.7852797657 -1.49199903582e-20)
(47.4426890654 11.4098291102 7.07295881249e-20)
(46.8219481185 10.9187907311 -1.24713369149e-20)
(46.349655112 10.307370199 -1.87573393955e-19)
(46.0433138967 9.61537609991 8.93440665938e-20)
(45.8075631521 8.95455194699 9.82594491575e-21)
(45.4592033433 8.46106583165 3.88351988797e-19)
(44.8916981409 8.17815761239 -3.20540173568e-19)
(44.3052638738 7.93568150657 -1.27968128642e-19)
(44.2049596595 7.38789839588 5.47130834515e-20)
(45.1018858033 6.03397861641 1.61282974423e-19)
(47.7732257542 3.58109726884 0)
(51.6194261316 0.197061858761 8.11341079116e-20)
(55.5738620943 -3.41566807964 2.36253920223e-19)
(58.566157722 -6.38641370518 2.29931246062e-18)
(59.5622266655 -8.32128009373 6.18864490184e-18)
(58.9997579201 -9.14422358722 -3.94236226945e-18)
(5.37487176797 -24.2199370103 -1.54408004204e-17)
(5.94859532392 -24.3136099394 8.10650472794e-18)
(6.63347806226 -24.3155236342 5.91069024609e-18)
(7.37488355474 -24.1999900066 7.68533649114e-19)
(8.16156383478 -23.9648237451 4.3960622793e-18)
(8.98810339978 -23.6129252583 0)
(9.84530358204 -23.1502759674 2.34911502624e-21)
(10.7217840068 -22.5868012569 -1.84371476765e-17)
(11.6062235393 -21.9361750409 -3.08658737767e-18)
(12.4877052736 -21.2146917642 2.15285095509e-17)
(13.3555221132 -20.440102411 1.50720402714e-18)
(14.1991167566 -19.6306657415 -6.96750677506e-18)
(15.0080734248 -18.8043783921 1.04079669486e-17)
(15.7720764606 -17.9783844368 2.90781491659e-18)
(16.4810991582 -17.1684677047 -9.15628055832e-19)
(17.1254752474 -16.3884731476 1.08706827241e-18)
(17.6990925386 -15.6491242665 -3.1988150991e-18)
(18.2103500256 -14.952860331 1.18827778433e-19)
(18.6968999187 -14.285744539 1.99397936805e-18)
(19.2602625453 -13.5880296158 1.89150872963e-18)
(20.0945737634 -12.745250056 1.30169585476e-18)
(21.4420760247 -11.6103025363 2.43520431771e-18)
(23.4930926904 -10.0674019107 1.07809446604e-18)
(26.2827814672 -8.09024905347 -2.45947548644e-18)
(29.6494353735 -5.7747730666 -1.30085437407e-18)
(33.2966173916 -3.29373207465 1.83539768851e-18)
(36.9062543319 -0.844278710893 5.00999475604e-19)
(40.2260016028 1.41882171845 -9.08784580435e-19)
(43.1225142568 3.41195207616 4.62478163374e-19)
(45.5764363254 5.11937363896 1.40545918493e-19)
(47.641018586 6.57091118406 -6.53452858827e-19)
(49.3944386798 7.81455396499 -2.60416770553e-19)
(50.9051444216 8.89517678951 5.60096452135e-20)
(52.2171937436 9.84488114594 -2.47781232978e-19)
(53.3507665153 10.6820787789 -1.47213711352e-19)
(54.3103619168 11.4143120983 7.34714447301e-20)
(55.0947050131 12.0443468247 4.35020717323e-20)
(55.7029419288 12.573875853 1.00687170726e-19)
(56.1399374166 13.0048385251 2.79348078728e-20)
(56.4193512108 13.3407602422 -6.09582789391e-20)
(56.5598096188 13.5864370457 7.18934195775e-20)
(56.5800698634 13.7465069455 -4.72969809702e-21)
(56.5019402493 13.821327997 1.55352289056e-20)
(56.3502820006 13.8233874259 -1.06175126996e-19)
(56.1437608647 13.7563086398 -4.32830587082e-20)
(55.8958868332 13.6272674939 3.95933961747e-20)
(55.6204798988 13.4434897805 4.37730438357e-21)
(55.3317014704 13.2151074824 -1.22011136923e-21)
(55.04318082 12.9572321588 3.73893473268e-20)
(54.7659235073 12.6907284674 5.6566123891e-20)
(54.5053687633 12.4411434477 -1.07773449906e-19)
(54.2592938897 12.2348286014 1.57063351038e-20)
(54.016750106 12.0936385496 1.13617651426e-19)
(53.7593098691 12.0288161708 3.48550344434e-20)
(53.4646909124 12.0383836363 3.12652093523e-20)
(53.1115298607 12.1081868029 6.74612346126e-20)
(52.6848959443 12.2156252349 -3.63242024162e-21)
(52.1793945058 12.3351353758 -1.049527254e-21)
(51.5987407831 12.4397690329 2.50267971289e-20)
(50.9548491995 12.5035583867 -9.18289356022e-22)
(50.2607712461 12.5021254702 1.310153686e-19)
(49.5326134697 12.4158365638 -1.7108913038e-19)
(48.7828041277 12.2327729204 -6.33025539265e-20)
(48.0292700836 11.9467202758 -5.3907204006e-20)
(47.3101499006 11.5484510193 3.6571307108e-20)
(46.6906655377 11.0224302987 -4.78220591329e-21)
(46.2335135308 10.3715293739 5.75621884815e-20)
(45.9324913374 9.65358288818 -2.93322545523e-20)
(45.6630331358 8.99627755255 2.85324542077e-20)
(45.2433792027 8.53001326737 7.88855587359e-21)
(44.6287604985 8.25577189394 1.33490225823e-19)
(44.105319854 7.95881986645 -1.86407338736e-20)
(44.2085945786 7.27432650471 6.56322660291e-19)
(45.4782783136 5.70791480804 5.99546653924e-20)
(48.4987109483 3.06266926823 -5.90063790284e-20)
(52.4563229572 -0.373042662198 7.69729675081e-21)
(56.2913693878 -3.87764387802 2.60578730544e-19)
(58.9652382262 -6.62497707795 -6.88228781154e-19)
(59.5774223563 -8.35641109266 7.74149257444e-19)
(58.9355309337 -9.07208298074 -4.66049896616e-19)
(9.06006746527 -25.8040280045 -1.9888616541e-17)
(9.52321298344 -25.8724723 -1.04665449791e-17)
(10.0951104948 -25.8388735663 1.18521683172e-17)
(10.7213543568 -25.6789107606 -1.76327075655e-18)
(11.3891604067 -25.3901666512 2.51371650373e-18)
(12.0930619754 -24.9765810676 -1.96245075681e-18)
(12.8245459191 -24.445733484 -4.49587476049e-19)
(13.572967495 -23.8091470313 -7.75912222836e-18)
(14.3280995803 -23.0819901271 6.64848911964e-18)
(15.0806217902 -22.2818184017 -4.15383775168e-18)
(15.8217488397 -21.4272452051 1.99222108839e-19)
(16.5429355241 -20.5369329299 -7.97729465944e-18)
(17.2356476334 -19.6288829912 3.38378338436e-18)
(17.8911072094 -18.7199630872 8.4417225393e-18)
(18.5000833307 -17.82554962 -1.78947515075e-19)
(19.0529715934 -16.9594683871 -1.11299881726e-18)
(19.5391590578 -16.1327166747 -1.58816385632e-18)
(19.9520782475 -15.3554828252 -9.9031096327e-19)
(20.2931807613 -14.6321891644 -1.58670141203e-18)
(20.5893067331 -13.9459933076 -3.62111940844e-18)
(20.9348256962 -13.2412914212 1.91571181983e-19)
(21.5177862941 -12.4043731317 2.35571630045e-18)
(22.5919623959 -11.2818117828 -2.02572288283e-18)
(24.3732443565 -9.74403148446 -7.10715867236e-19)
(26.9237955289 -7.76414720628 -5.9730807289e-19)
(30.102685941 -5.42738430645 -1.12546949444e-19)
(33.6172413508 -2.92634896657 -7.87526339121e-19)
(37.137211992 -0.466076958145 -7.11067442173e-20)
(40.3990060619 1.79455643252 1.51418850715e-18)
(43.260228765 3.77265089766 2.8389811287e-19)
(45.6939174102 5.45780175384 -3.82770415801e-19)
(47.7471349511 6.88633452991 -8.32682535478e-19)
(49.4926565915 8.11076408442 -1.19707198835e-19)
(50.9943966222 9.17805851641 5.81606448167e-20)
(52.2923720492 10.1198001393 -1.36340618497e-19)
(53.4034468213 10.9514237364 -1.63283026307e-19)
(54.3303087532 11.6780562427 -1.59906591494e-19)
(55.0707486573 12.299704931 -6.94114355224e-20)
(55.6264375337 12.8154081451 1.43287794165e-19)
(56.0079115633 13.2267753553 7.27314457939e-20)
(56.2324966192 13.5350579155 7.0396106502e-20)
(56.3198048793 13.7449587172 0)
(56.2927620618 13.8603603704 -5.62740974345e-20)
(56.1786562079 13.8837957274 -2.36325363905e-19)
(56.0017805921 13.8347166779 -5.00720488352e-20)
(55.77908679 13.7166630774 2.3147078457e-22)
(55.5253872836 13.5376385055 4.85988036634e-20)
(55.2565459109 13.3086964355 2.89116419465e-19)
(54.9876464345 13.0464230077 -1.53878384962e-19)
(54.7306558763 12.7737128219 2.54919968213e-19)
(54.4912424629 12.5188844632 6.63110356731e-20)
(54.266344493 12.3110604133 -1.17661377087e-19)
(54.043232695 12.1742894116 2.44372881591e-19)
(53.8013019378 12.1205150318 -1.80713222207e-19)
(53.5161419582 12.1470535082 -1.04134627654e-19)
(53.1645245474 12.2375579819 -1.82594834325e-19)
(52.7306308152 12.3660984525 2.23208050995e-19)
(52.2103271557 12.5036234379 -1.13957749763e-19)
(51.6092675417 12.6222241426 1.81770655875e-20)
(50.9412665672 12.6932484966 1.24943466877e-21)
(50.2212138218 12.6936654448 -1.06914481184e-19)
(49.4653734717 12.6045370362 9.63153288531e-20)
(48.686207069 12.4140405298 3.93508312439e-20)
(47.9064793817 12.1126517905 5.22847702753e-20)
(47.1736372482 11.6877171291 -8.94882780192e-21)
(46.5590191631 11.1239779388 -1.12987474541e-19)
(46.1160865657 10.4331559711 1.05979914121e-19)
(45.8100767962 9.69476973062 -4.13432260089e-19)
(45.4919448142 9.04791541082 -1.02602738076e-20)
(44.9970095797 8.60564090337 -1.98980005077e-19)
(44.3554986096 8.32587163333 5.14644641259e-19)
(43.9404495038 7.95838873716 1.10528871038e-19)
(44.25510829 7.11035145876 2.4346197606e-19)
(45.9621015974 5.33355992689 -2.93021094298e-19)
(49.2854990387 2.50699494199 2.96562419377e-19)
(53.2912076871 -0.931201951885 2.33747565723e-19)
(56.9630638405 -4.30444512686 -2.23409346105e-19)
(59.2510003107 -6.82578022841 -5.164696593e-19)
(59.5802934161 -8.3604845169 1.05647503894e-18)
(58.8564981956 -8.99864916885 5.67824703679e-20)
(12.931493776 -27.2578909714 -7.32406616414e-18)
(13.2769589162 -27.2964058649 1.83618032059e-17)
(13.7242343144 -27.2214808614 2.28507399191e-18)
(14.2204818669 -27.0111055393 -3.54846679219e-17)
(14.7524772015 -26.663403669 8.64837902755e-18)
(15.3152901712 -26.1837555642 2.53106510755e-17)
(15.9018212218 -25.5818325807 5.18876337442e-19)
(16.5029512071 -24.8712925897 -4.57310007296e-18)
(17.1101809915 -24.0691682958 -3.19992532044e-18)
(17.7162341014 -23.1944043463 -3.90963281913e-18)
(18.314553673 -22.2663852208 3.16491841445e-18)
(18.8988317975 -21.3039001599 2.04966420815e-18)
(19.4626459515 -20.324525515 -8.50221156825e-18)
(19.9990836797 -19.3443238671 1.7424118445e-18)
(20.500383722 -18.3777257571 3.63867059685e-18)
(20.9579555744 -17.4375478722 2.57873916094e-19)
(21.3613444541 -16.5347370804 -3.58419596313e-19)
(21.7007936982 -15.6779464905 -2.18492202152e-18)
(21.9687047605 -14.8795264809 -4.57545854845e-19)
(22.1607404445 -14.1371055621 -7.42730953856e-19)
(22.2982560832 -13.4373902429 4.96487979457e-18)
(22.4699984461 -12.7257654011 3.07324923309e-20)
(22.8586521237 -11.8883644081 -3.67403027401e-19)
(23.7188884338 -10.7720793004 -1.07980198581e-19)
(25.287175768 -9.24216621704 -6.17115431075e-19)
(27.6429295035 -7.26566016863 -2.31214143033e-19)
(30.6544021038 -4.94062410168 -2.24849155913e-20)
(34.0378059775 -2.45858358679 6.91812133481e-19)
(37.4601906811 -0.0262503290257 -1.55988149266e-19)
(40.6541513395 2.19914169111 7.68457142904e-20)
(43.4719925584 4.14047630179 6.71003774849e-19)
(45.8800750613 5.7937745086 5.9299186256e-19)
(47.9178828475 7.19931182297 -4.94655345122e-19)
(49.6509434024 8.41056218577 1.42572082247e-20)
(51.1368071153 9.47246258754 -1.88233572042e-19)
(52.4105775774 10.412519305 -7.79661524252e-20)
(53.4860475214 11.2424111691 -1.1144126817e-19)
(54.3644662399 11.9633749607 6.94905898886e-20)
(55.0465614849 12.5727988412 8.51737943698e-21)
(55.539238576 13.0680952889 -1.96023744001e-19)
(55.8570638647 13.4475468529 0)
(56.0203963868 13.7155512316 -6.48758466168e-20)
(56.0521054599 13.8736333367 9.57632605046e-20)
(55.9815993383 13.9313543182 2.3795071129e-19)
(55.8381080999 13.9021860076 6.21163471363e-20)
(55.6434495496 13.796087937 1.0961069407e-19)
(55.4135148326 13.6226245201 5.77397403784e-20)
(55.1662989003 13.3935207129 1.16402889549e-19)
(54.9189611957 13.1268630508 1.03944430192e-19)
(54.684793445 12.8478713519 -2.2795898504e-19)
(54.4698552879 12.5880371746 1.21235712136e-20)
(54.2700405672 12.3795935979 6.64665086853e-20)
(54.0701984639 12.2489983324 2.25969870731e-19)
(53.8468963914 12.2086821274 -3.92978095279e-20)
(53.573194995 12.255074202 -3.48804348512e-21)
(53.2237704382 12.3693087177 -2.59573482564e-20)
(52.7819383011 12.5215001808 2.07360791313e-20)
(52.2452407908 12.6789505456 9.54655797239e-20)
(51.6219402122 12.8117152356 4.19469301542e-21)
(50.9279413482 12.8907063917 5.97583382597e-20)
(50.1791685138 12.8930414125 -1.0740405093e-19)
(49.3927674377 12.8008562905 7.28630089628e-20)
(48.5824576769 12.6015881029 -3.26276579326e-20)
(47.7772492972 12.2828844628 7.38545883954e-21)
(47.0345236454 11.8272748017 -1.97310373909e-20)
(46.4277665901 11.2229806373 9.60706996409e-21)
(45.9948585345 10.4944951297 -3.78674336744e-19)
(45.6705805005 9.74163041717 -4.39902522801e-19)
(45.2893065179 9.10868455111 5.79889046782e-19)
(44.7202056176 8.68556269039 3.18226202001e-19)
(44.0818353979 8.38393260007 -3.26645138882e-19)
(43.8060017517 7.92643645022 6.67955848468e-20)
(44.4013808225 6.8908721883 -4.00652580437e-19)
(46.5460306699 4.90599071284 1.69079016975e-18)
(50.1138151436 1.93361544749 1.80106072052e-19)
(54.1121895251 -1.48153938881 7.86519068331e-20)
(57.5743990472 -4.692976693 1.40886475139e-18)
(59.4395674235 -6.99060599201 3.68557856088e-19)
(59.5649532981 -8.34386125649 4.4448197848e-18)
(58.7555901868 -8.91266742623 1.59666560122e-19)
(16.9045208596 -28.5540445664 -2.11656403361e-17)
(17.1271633026 -28.553739227 -1.90456072607e-17)
(17.4407112315 -28.4290967475 1.76244252433e-17)
(17.7949361638 -28.1608160186 4.24029464296e-18)
(18.1773275511 -27.7484992949 -9.78445081106e-18)
(18.5843914089 -27.1995017194 3.13347022049e-19)
(19.0112056393 -26.5258676076 3.17646688317e-18)
(19.4509033 -25.74359375 5.76647491091e-19)
(19.8972667751 -24.8715965388 -2.01127974702e-18)
(20.3453482811 -23.9300062461 1.34922501747e-19)
(20.7908499113 -22.9386199168 2.9088882156e-18)
(21.2295782138 -21.9159328091 1.13108528051e-18)
(21.657068162 -20.8786616399 1.44392140878e-18)
(22.0681921923 -19.8416250695 4.01895733022e-19)
(22.4567616843 -18.8178648805 -1.53912717186e-18)
(22.8153345691 -17.8188296082 5.95343129634e-18)
(23.1350082463 -16.8547307023 7.56655081918e-19)
(23.4033955929 -15.9326373057 -1.29625629923e-18)
(23.6140391345 -15.0640693733 1.21308646814e-18)
(23.7576871905 -14.2539886018 3.99269089533e-18)
(23.8232198751 -13.5016746787 -4.44193202061e-19)
(23.8311077234 -12.7939799971 5.74610673444e-19)
(23.8656083074 -12.0768650712 -2.15275370647e-18)
(24.1078768 -11.238039901 -6.60247792908e-19)
(24.8140146774 -10.1220490047 2.78485477641e-18)
(26.2185807171 -8.6059087216 -2.25326934357e-19)
(28.413641233 -6.65146192815 -3.24753198413e-18)
(31.2829643387 -4.36453214385 2.90597041837e-19)
(34.5451527861 -1.93293079437 1.75368762058e-18)
(37.8715606749 0.442363182608 -5.81439903382e-19)
(40.9959557086 2.61242508322 -9.52828893146e-19)
(43.7674897148 4.50836864275 2.48485628793e-19)
(46.1457677875 6.13100183206 5.48895567315e-19)
(48.1618448411 7.5209467129 2.17367647146e-20)
(49.8730241848 8.72805229386 0)
(51.3302027578 9.7918275113 1.01582486817e-19)
(52.5638039724 10.7343905699 1.46388534103e-19)
(53.5856771126 11.562114226 -2.57633150796e-19)
(54.3993717563 12.2729026767 -2.49867965936e-19)
(55.0097798019 12.8606552635 5.21818342416e-20)
(55.4290427522 13.320359516 1.54422490485e-19)
(55.6771150517 13.6549732589 -2.27889455271e-20)
(55.7770062712 13.8670759971 3.01209703632e-20)
(55.7569981025 13.9607858265 1.02561580847e-19)
(55.6508381302 13.9537499241 -9.04438868447e-20)
(55.4868536395 13.8636468998 6.2760853276e-20)
(55.2830932416 13.697656177 6.33542421305e-20)
(55.0594666825 13.4688444267 -1.28397548512e-19)
(54.8357023979 13.1975076336 1.87609561375e-19)
(54.6269374535 12.9119588786 -2.40413312813e-19)
(54.4399254402 12.6471438912 -5.88181626701e-21)
(54.2694778416 12.4389346547 5.71181384214e-20)
(54.09728105 12.3165548036 5.51700445138e-22)
(53.8962354248 12.292496125 1.76595902951e-19)
(53.6363421833 12.3621005182 2.50558339893e-19)
(53.2898599106 12.5035840977 6.40092997996e-20)
(52.8393590745 12.6823327458 -2.07941677267e-19)
(52.2844460577 12.8616492316 2.06848326172e-19)
(51.6367049822 13.0092341383 -4.80978976236e-20)
(50.9144522919 13.0968170915 -7.0693339879e-20)
(50.1340955859 13.101057884 5.33654008621e-20)
(49.3141571664 13.0055071754 2.34261254053e-20)
(48.4714781043 12.7960538438 1.03891523653e-20)
(47.6426655953 12.456633516 1.51519311431e-20)
(46.8938500891 11.9671661743 -5.46936767514e-20)
(46.2965660962 11.3190607902 1.66465855523e-19)
(45.866404876 10.5558199401 -2.87600327722e-19)
(45.5079116065 9.79453951458 4.93820361761e-19)
(45.0516491277 9.17911607436 1.18563775423e-19)
(44.4169956455 8.76821329005 -3.12587508656e-19)
(43.818661836 8.42465315466 4.36295226953e-20)
(43.7342141114 7.85004507782 -1.77565355956e-19)
(44.6377725528 6.61432614921 1.84987167848e-19)
(47.2115937246 4.41744864373 1.60816559487e-18)
(50.9655113259 1.35336767228 -1.56588549696e-19)
(54.9010987456 -2.01490317122 -6.748922712e-20)
(58.1127147391 -5.03968848508 2.77944436519e-18)
(59.5328014892 -7.12172930025 7.68937939861e-19)
(59.5374292313 -8.30868547913 2.56109314936e-18)
(58.6408288474 -8.8139482907 -3.89497094334e-18)
(20.8934959319 -29.6642574948 -1.38759551116e-17)
(20.9845469722 -29.6112518426 1.0543042664e-17)
(21.1547882102 -29.4261914694 3.16333206585e-17)
(21.3564035382 -29.0924951365 2.32202808232e-18)
(21.5779460766 -28.611367693 -1.20785012662e-17)
(21.8183344949 -27.99243695 -1.2708530923e-17)
(22.0755690563 -27.2502310442 -7.37566351348e-19)
(22.345545181 -26.4028398653 1.17177505471e-17)
(22.6246495217 -25.4705515753 -1.73422391139e-18)
(22.9102964504 -24.4740501539 -1.39385263294e-18)
(23.2001869432 -23.432925823 2.99607786883e-18)
(23.4917934671 -22.3648481666 1.49400754569e-19)
(23.7821201285 -21.2852679915 -5.70435609882e-18)
(24.0674153915 -20.2074664199 4.67076781773e-18)
(24.3428281779 -19.1428406631 6.59972633137e-19)
(24.6020505453 -18.1012614218 3.44529534516e-18)
(24.8374776565 -17.0915665863 2.3775348108e-18)
(25.0376256196 -16.1210340528 1.17253014658e-18)
(25.1941208896 -15.1944939064 -2.10332910748e-18)
(25.2992879939 -14.3269088603 -9.21551024128e-19)
(25.3380269205 -13.5142595684 -2.25969291032e-18)
(25.3013856642 -12.759492893 -1.9258934347e-18)
(25.2090156102 -12.0487548754 -2.49138647499e-18)
(25.1437519412 -11.3274089529 3.58136171939e-19)
(25.2813586415 -10.4868770069 -3.46012760536e-18)
(25.875744108 -9.38002032693 -2.08432359302e-18)
(27.1605793412 -7.88106671625 2.71492329851e-18)
(29.2309148747 -5.96856753446 7.38414713289e-19)
(31.9799488769 -3.74358240379 1.30265763966e-18)
(35.1336272178 -1.38512622959 2.02544288265e-19)
(38.3705831727 0.917355723532 3.41855767309e-19)
(41.4275922251 3.02657124356 -4.69555269943e-19)
(44.150963936 4.88106954041 -5.67338415149e-19)
(46.4931263908 6.48270298218 1.45446806219e-19)
(48.476640122 7.86750025384 3.27888819882e-19)
(50.1511088383 9.07901619888 -5.25097377661e-19)
(51.5611891878 10.1496671253 1.85045904563e-20)
(52.7343843522 11.0940388271 2.31580929677e-19)
(53.6839901832 11.9128503012 -1.05191824369e-19)
(54.4169334846 12.6002230394 1.64596253783e-19)
(54.9438787489 13.1494008005 3.26456177677e-20)
(55.2838063151 13.5589547855 1.07989020112e-20)
(55.4599594392 13.8307030785 -1.17669555354e-19)
(55.5002017459 13.9734252602 -3.95925972195e-20)
(55.4376016606 13.9892516575 -2.22387781653e-19)
(55.3065862173 13.9177164767 -8.19725666862e-20)
(55.1316583658 13.7614271403 -3.00293352095e-19)
(54.9340856411 13.5336474317 6.37482992764e-20)
(54.7362937124 13.2573849338 -1.90033581721e-19)
(54.5556938638 12.9647133244 1.36326405205e-19)
(54.400229943 12.694646227 -2.86012998687e-21)
(54.2637897775 12.4874098814 3.32860338081e-21)
(54.1241087144 12.3754927928 -5.60463621036e-19)
(53.9494495274 12.3709685891 7.92109661591e-20)
(53.7061213373 12.4677395911 1.40401528376e-19)
(53.363462811 12.640545364 -8.43099382364e-20)
(52.9034455923 12.8491536494 -1.76911067071e-20)
(52.3282537511 13.052330012 1.21052981412e-19)
(51.6536022394 13.2158500665 1.57987808441e-20)
(50.8999429466 13.312236396 -3.38840388688e-21)
(50.0849116943 13.3184383649 7.94252662449e-22)
(49.2290300757 13.2188614214 -1.36554194816e-20)
(48.3534453762 12.9973659279 1.2692134778e-20)
(47.5039614443 12.6332059291 0)
(46.7528337552 12.1057510731 0)
(46.163734779 11.4132971623 1.88129899242e-19)
(45.7255319143 10.6197265654 3.25077475144e-19)
(45.3161040462 9.85676768808 4.6509500689e-19)
(44.7766272956 9.26069011137 -4.23366441341e-19)
(44.0951508456 8.84762994209 -1.01314701814e-19)
(43.5742351734 8.44174806801 2.24772573691e-21)
(43.7127449278 7.72092090865 -1.37849144401e-19)
(45.012431012 6.27870260115 -4.29176669359e-20)
(47.9469801562 3.88166933738 -1.1133230564e-18)
(51.8262379198 0.761650781 -1.34773401392e-19)
(55.6395566843 -2.52137907295 -8.56668690845e-20)
(58.5463655042 -5.34253935329 -2.09183242181e-18)
(59.5645598281 -7.22155929717 -2.18583398187e-19)
(59.4956345415 -8.25892393969 -3.98581158983e-19)
(58.509868037 -8.72740729327 1.44410852656e-17)
(24.8114418279 -30.5514094709 -1.37508809525e-17)
(24.7569060673 -30.4326716343 -3.0441189435e-17)
(24.7726427969 -30.1763606102 -1.81054067031e-17)
(24.8121829221 -29.7717864908 1.01060204228e-17)
(24.8650200635 -29.2211497956 9.76038245253e-18)
(24.9326874024 -28.5359529532 1.38448393548e-17)
(25.0164302498 -27.7331965778 1.51460155224e-17)
(25.1151770969 -26.8325128472 9.69658451263e-18)
(25.2278944332 -25.8544769113 -1.16929345685e-17)
(25.3540266857 -24.8192148853 -7.90009284252e-18)
(25.4927367495 -23.7452946115 5.04705118335e-18)
(25.6425402611 -22.6490506545 1.19410748275e-18)
(25.8012760372 -21.5443760028 -3.5343397427e-18)
(25.9660127003 -20.4428883097 -1.69176474934e-18)
(26.1328251669 -19.3542874371 1.19279918813e-18)
(26.2964824291 -18.2868087933 2.72781411768e-19)
(26.4503045482 -17.2476318889 -6.39012108903e-19)
(26.5856989416 -16.2436517786 2.49273538044e-18)
(26.689766881 -15.2777572932 1.16186050352e-21)
(26.7579898568 -14.3624213829 2.23127292861e-20)
(26.7803930178 -13.5003284707 1.70246820735e-19)
(26.7374617166 -12.6930292385 -3.83876342964e-19)
(26.6247046725 -11.9426559852 -3.90194054765e-19)
(26.4615434969 -11.2333105829 1.76849268015e-18)
(26.3270815445 -10.512234157 -1.14128737939e-19)
(26.3993313166 -9.6735094517 1.20181264876e-18)
(26.9176936902 -8.58164664483 2.46377488533e-19)
(28.1165787615 -7.11421934585 -9.33430871585e-19)
(30.0934287714 -5.26013627119 -9.86758639731e-19)
(32.7431229719 -3.11220890561 1.4408641236e-18)
(35.8013306437 -0.836915966986 -3.9282695309e-19)
(38.9560318336 1.39165205643 1.08520566153e-18)
(41.9472178393 3.4478443009 -5.14742257966e-19)
(44.6176954134 5.27389466576 -4.60242285079e-19)
(46.9133473358 6.86715106391 3.68983591868e-19)
(48.8491692451 8.25769117018 4.4305939847e-19)
(50.4669216142 9.47993845783 -5.2046405083e-19)
(51.8072186608 10.5559595951 -9.98903170974e-20)
(52.8987271364 11.4924473454 1.16050358583e-19)
(53.758024677 12.2860346205 6.45611332583e-20)
(54.3974982235 12.9322292234 -5.32886954914e-20)
(54.8350637632 13.4245049767 -3.2009384152e-20)
(55.0939334647 13.7629677808 1.47267065994e-19)
(55.2025753758 13.9550699729 -1.54492201276e-19)
(55.1919723616 14.0129973616 -1.92646668127e-19)
(55.0994660065 13.9596456879 8.49203471437e-21)
(54.9571244637 13.8128754475 -3.20000760846e-19)
(54.7883092462 13.586514623 6.27451974705e-20)
(54.6191172588 13.305245532 -7.03967279158e-20)
(54.4697302801 13.0047403794 2.18270951088e-19)
(54.3497205758 12.7287727233 0)
(54.2523390752 12.5232887687 -7.31593928541e-20)
(54.15047994 12.424336724 1.99332035419e-19)
(54.0067448221 12.442936622 5.1021565278e-20)
(53.7831103176 12.57150066 1.05166726758e-21)
(53.4452879513 12.7804030005 1.88244781776e-20)
(52.9747587928 13.0226221584 -2.60448154206e-20)
(52.3769604725 13.2518415172 -1.14275156931e-19)
(51.6724035304 13.4324865124 1.06534119751e-19)
(50.8839637841 13.537570115 4.42150332684e-20)
(50.0307403367 13.5458907182 -1.55462938099e-19)
(49.1368779905 13.4409517145 -7.12848068292e-21)
(48.2291284506 13.204266967 -3.80117521503e-20)
(47.3623239316 12.8121965367 5.01827709511e-20)
(46.6119420743 12.2422736064 2.04322058522e-19)
(46.0268586937 11.507203975 2.27343671009e-20)
(45.566319754 10.6897007187 -2.11531025402e-20)
(45.0892216257 9.93151168093 -2.24577483016e-20)
(44.4650036689 9.35052285367 6.76892217915e-19)
(43.7626279273 8.91877533938 0)
(43.3743753949 8.4275051835 2.45929918268e-19)
(43.7539680064 7.5390659144 3.16145143596e-20)
(45.4995820884 5.88751127415 3.41155162908e-20)
(48.739379255 3.31816518629 -1.14382455192e-19)
(52.6765338104 0.171108452182 1.27802677312e-19)
(56.3124883489 -2.99886057723 -1.09397758535e-19)
(58.9007917805 -5.60373810431 -1.76004050409e-18)
(59.5317423294 -7.29203616725 -6.10205705723e-19)
(59.4321663988 -8.20060550928 1.08190106136e-17)
(58.369251961 -8.63761273278 1.22900556661e-17)
(28.541863416 -31.1665038848 -7.49183287227e-18)
(28.3464071873 -30.9767460932 1.54343629929e-17)
(28.2020854775 -30.6464397081 -2.90477123013e-19)
(28.0732673822 -30.1713484294 -1.19158418933e-17)
(27.9548260229 -29.556319012 -8.27418633672e-18)
(27.8504670613 -28.8138213002 1.98276360746e-17)
(27.7639358456 -27.9628691143 5.95513780981e-18)
(27.6971738892 -27.0244299929 -9.12694818587e-18)
(27.6515285265 -26.0185067731 1.33951743688e-18)
(27.6278312052 -24.9632623473 1.38160758665e-18)
(27.6259384339 -23.8752338088 -1.94719748226e-18)
(27.6447766539 -22.7689568395 -1.4705529285e-18)
(27.6824824924 -21.6566683951 -5.27781852968e-18)
(27.7364445751 -20.5484372575 -2.61092325612e-18)
(27.8032694428 -19.4524935844 -3.41065999435e-19)
(27.8785919293 -18.3756372512 -4.84235014293e-19)
(27.9566813738 -17.3236651816 3.56567144583e-18)
(28.0304487456 -16.3020422338 -2.64954754977e-18)
(28.0882918342 -15.3151684611 4.45874184347e-18)
(28.1232348414 -14.3653193762 3.03737361269e-18)
(28.1276297967 -13.4681527925 2.0012394914e-18)
(28.0860166351 -12.6197429893 8.41184047006e-19)
(27.9867630082 -11.8239955271 1.17610679911e-18)
(27.824185567 -11.0819368909 -4.88051996718e-20)
(27.6159797308 -10.3781731129 -6.02752791874e-19)
(27.4415768092 -9.66163029877 3.46594647323e-19)
(27.4775096315 -8.83471482918 -1.5445089401e-18)
(27.9575314202 -7.76490285977 2.65690496576e-19)
(29.1020980038 -6.34506274253 -6.17081456246e-19)
(31.0071233966 -4.55930224746 9.97775820172e-20)
(33.5718247842 -2.49270930277 -1.23236975372e-19)
(36.5440071582 -0.29663375519 -1.21763613164e-19)
(39.6208787417 1.87066146786 3.10687963707e-19)
(42.5441803169 3.89176503856 -1.47895615897e-19)
(45.1541810204 5.70561294477 3.99766158961e-19)
(47.3902744695 7.30483861089 -1.61829383971e-19)
(49.2577943209 8.70873739823 -4.85247004971e-20)
(50.7939102502 9.93864738186 6.01028145612e-21)
(52.0410370642 11.0070840128 -5.1705753868e-20)
(53.032063113 11.9167153142 0)
(53.7875509007 12.665584092 -1.05646592911e-19)
(54.3270339576 13.2481459278 -3.13632000801e-20)
(54.674506763 13.6614608344 -1.56100921324e-19)
(54.8575879703 13.9116239133 -2.91659286592e-20)
(54.9061466169 14.0104756316 -8.36166520268e-20)
(54.8609035713 13.9809797636 -6.55702933394e-21)
(54.7567349355 13.8513627743 1.43912890626e-19)
(54.6207336535 13.6266384818 -3.59823229762e-19)
(54.4831034524 13.3399065621 -1.89253182051e-21)
(54.3680126104 13.0305383364 2.30007247233e-21)
(54.2876592597 12.7481757417 2.51195311359e-19)
(54.2348351939 12.5443959646 -2.34443822682e-21)
(54.1764648943 12.4612705259 3.52194307302e-19)
(54.0685128697 12.5071942185 -6.69121566767e-19)
(53.8680351359 12.6727763769 -2.5249490542e-19)
(53.5361289563 12.9232501987 -2.02042433465e-19)
(53.0538512715 13.2033298252 0)
(52.4307661359 13.4610504147 -5.01190872695e-19)
(51.6927493265 13.6599105852 -2.79725058871e-20)
(50.8657793475 13.7741260582 4.17222949063e-20)
(49.9710698391 13.7834564612 -1.62483915283e-20)
(49.0374698466 13.6720532774 -1.5741025979e-20)
(48.0993898866 13.4172989531 6.70913935848e-20)
(47.219273521 12.9923484146 -1.63580471332e-20)
(46.4707046567 12.3779219959 -1.29292927808e-19)
(45.8819685302 11.6031961714 -3.21983704428e-19)
(45.3820363599 10.7688293504 -1.36857342351e-19)
(44.8226627919 10.0191633552 7.35409751883e-20)
(44.1198125827 9.44575681376 6.3325185884e-21)
(43.4361227715 8.97616266453 4.66662621501e-19)
(43.208255542 8.37540423842 -2.21142285266e-19)
(43.9006258235 7.29760289978 1.94582317886e-19)
(46.0969856935 5.43795143553 -1.06043389752e-19)
(49.5729418441 2.73238442111 -2.78132119536e-19)
(53.494106267 -0.405919693605 4.04994164774e-19)
(56.9071083256 -3.43831698569 2.17643554615e-19)
(59.1334381741 -5.82590390238 -1.9231310594e-20)
(59.486242609 -7.33455644305 3.35367073438e-19)
(59.3485946774 -8.13859265547 -3.46063838642e-18)
(58.218930196 -8.54772843013 8.93035626129e-18)
(32.009438441 -31.4682064809 1.12575940682e-18)
(31.6604163454 -31.2115562352 2.32877806974e-17)
(31.3527253116 -30.813361427 0)
(31.0574099698 -30.2768621703 0)
(30.7742381099 -29.6122800703 5.43786133736e-18)
(30.5085546798 -28.831252034 5.54954878949e-18)
(30.263524815 -27.9524352709 -2.62089095201e-18)
(30.0433761829 -26.9969389497 -2.88965211891e-18)
(29.8525889727 -25.9839451647 -1.2650652363e-18)
(29.6934436039 -24.9289076575 9.1281603397e-19)
(29.5656752238 -23.8455916187 2.02301555903e-19)
(29.4679621087 -22.7463622483 -1.64223785221e-18)
(29.3982993897 -21.6418412515 1.41489115057e-18)
(29.353986211 -20.5408693574 -3.42277597232e-18)
(29.3317826895 -19.4506277174 1.27680422219e-18)
(29.3279526616 -18.3768402965 -2.46131560938e-18)
(29.3379433407 -17.3241669899 2.29998349044e-18)
(29.3558986123 -16.2966882032 -2.23867567609e-18)
(29.3738449661 -15.2990263626 -3.37679401662e-18)
(29.3796583888 -14.3321786485 -9.50134709162e-19)
(29.3674465202 -13.4093877336 -1.02404603418e-18)
(29.3292434606 -12.5356533236 -1.59354389471e-18)
(29.2500464801 -11.7062027206 -2.65331516602e-19)
(29.1189157318 -10.9259556557 -1.21572772652e-18)
(28.9295100572 -10.197507169 -1.23067505149e-18)
(28.7018210875 -9.50547522769 -1.00818509864e-18)
(28.5170801951 -8.79947729667 1.46307788565e-18)
(28.5436552962 -7.99206870956 7.63334975149e-19)
(29.0103197499 -6.95456111919 -4.11312404027e-19)
(30.1238477241 -5.59140568217 -6.82452795944e-19)
(31.9705732824 -3.87686556848 1.046696103e-19)
(34.45913457 -1.88252097173 7.98453750268e-21)
(37.350933798 0.253231175793 -1.62552335115e-19)
(40.3506373351 2.38022555141 -3.11906420213e-19)
(43.2030446142 4.38376560097 -2.24738707128e-19)
(45.744122663 6.20320404722 2.92986841178e-19)
(47.9011932258 7.81879514293 7.19043158943e-20)
(49.6744411345 9.23237921993 1.57791896168e-19)
(51.1046985142 10.4540062615 5.17391542085e-21)
(52.2398969299 11.4933710642 -2.05283007216e-19)
(53.1162260821 12.3524331763 -4.05655771408e-20)
(53.7610610143 13.0310155793 2.2225845213e-20)
(54.2009526428 13.5249601731 1.69482454416e-20)
(54.4638571529 13.8388692799 1.13670905291e-19)
(54.579233599 13.9897928038 3.21343346328e-19)
(54.5879836132 13.9817927036 -5.16359018804e-19)
(54.5278544315 13.8734400517 2.21017453447e-19)
(54.4306484052 13.6523264045 6.67246079795e-20)
(54.3282676389 13.3598850512 -2.66153644563e-21)
(54.2505208034 13.0403380293 -1.63999943656e-19)
(54.2135493292 12.7492708705 -4.9578325549e-21)
(54.2111042115 12.5504596023 1.12667515468e-19)
(54.2022712681 12.4841230543 4.88914452318e-19)
(54.1353267413 12.5624268288 -9.93652949022e-20)
(53.9618034767 12.7714615649 1.45413292556e-19)
(53.6368935482 13.0699011916 -2.35816904309e-19)
(53.1412355668 13.3925528945 4.64395048931e-19)
(52.4897047502 13.6813803499 6.11261427756e-22)
(51.7141802323 13.8994639515 3.26433847313e-19)
(50.8446545852 14.0230807959 -1.0603138117e-19)
(49.9053974316 14.0329331115 -1.47159659748e-22)
(48.9312593407 13.9121897808 -8.86875707366e-20)
(47.9653251522 13.6354772788 -1.1518602432e-19)
(47.0756091683 13.1726945915 8.4823542808e-20)
(46.3277094209 12.5135601263 -3.86861044988e-19)
(45.7238213321 11.7040667115 -3.95149639768e-19)
(45.1656885329 10.8597523533 9.58640173615e-19)
(44.5138549919 10.1194284898 2.57064027567e-19)
(43.748745418 9.54079565398 -5.61833691991e-19)
(43.1220453478 9.01155730223 -1.61883436234e-19)
(43.1241551401 8.27570917698 -1.12902250459e-19)
(44.159365877 6.9952195261 7.31006248098e-20)
(46.7664082873 4.9300911443 -7.29970320338e-20)
(50.4212141211 2.13312719141 -2.96880272487e-19)
(54.2593586573 -0.958412735924 -3.30325221977e-19)
(57.4100503815 -3.83322895786 9.05756341384e-19)
(59.2670520575 -6.0087538148 -2.8410894986e-19)
(59.4362869257 -7.35306682157 -8.52359698102e-21)
(59.2364578185 -8.0715486712 -2.53575745172e-18)
(58.0551924 -8.45906519961 -5.27519427385e-18)
(35.0885441531 -31.4519394655 -5.40780036894e-18)
(34.59406747 -31.1319131989 9.36983496719e-19)
(34.1317418714 -30.6766940665 -1.54872059618e-19)
(33.6818507366 -30.0936050569 -1.80364550849e-19)
(33.2522616112 -29.3948302206 -3.11790626049e-20)
(32.8471304792 -28.6018100916 -7.11366543909e-18)
(32.464895715 -27.7296809836 4.07536142913e-19)
(32.1114111327 -26.7909600957 1.30873611075e-17)
(31.7952546331 -25.7985841986 1.23723870555e-17)
(31.5203251997 -24.7668141595 -9.50543240208e-18)
(31.2855654594 -23.7082135727 -5.89483169788e-18)
(31.088989407 -22.6335794275 2.388416653e-18)
(30.9282417476 -21.552317015 1.69828846612e-18)
(30.8003222212 -20.4724923711 -2.03941217867e-18)
(30.7017878812 -19.4007983222 4.26240345535e-18)
(30.6290367356 -18.3425327423 -2.24942948928e-18)
(30.5783861891 -17.3017254879 -1.1612692371e-18)
(30.5455699569 -16.2813409835 3.05427955316e-18)
(30.5253772837 -15.2842486288 2.16595785498e-18)
(30.5073797316 -14.3115405104 -3.4587213887e-18)
(30.4814363496 -13.3693366728 -7.98441646001e-20)
(30.4450502514 -12.4791900201 -1.20952480013e-19)
(30.3889090459 -11.6255824923 9.48248896152e-19)
(30.2951988511 -10.812540725 -3.30716683892e-18)
(30.1532001564 -10.0494199329 -5.54028235347e-19)
(29.9606124188 -9.33724570241 2.84909237413e-18)
(29.7392749867 -8.66069162399 1.6660854843e-18)
(29.5703226845 -7.97300759173 -2.11636358008e-18)
(29.6119017845 -7.18723049855 5.01174204046e-19)
(30.0810334899 -6.18855019127 5.85243935327e-20)
(31.1750144407 -4.87263884988 -1.63042955501e-19)
(32.9718905683 -3.21590489582 1.3112395446e-18)
(35.3873736187 -1.2806528536 -8.67900553968e-19)
(38.1993552658 0.811536700229 1.57744004469e-19)
(41.1265586015 2.91932117814 3.33537399665e-19)
(43.9099236203 4.93018350187 -3.59121746353e-19)
(46.3673261923 6.76923423452 -5.84854366101e-20)
(48.4198307377 8.39535935437 1.12927024645e-20)
(50.0748180971 9.79912008355 2.86346294265e-19)
(51.3806233547 10.9902543938 0)
(52.3892012692 11.9764031862 -1.63466456523e-19)
(53.1430639187 12.7605889697 4.70363566506e-20)
(53.6774277859 13.3432312466 1.46275567028e-19)
(54.0235975929 13.7293800384 1.91212890504e-19)
(54.2126126436 13.9322215342 1.90453006789e-19)
(54.2819182387 13.9684865931 -2.00520022928e-19)
(54.2724027087 13.8738068925 5.55611035715e-20)
(54.2190923046 13.6616941171 2.73108098932e-19)
(54.1556419846 13.3657826778 1.47461517674e-20)
(54.1184097299 13.0350129429 9.32207905152e-20)
(54.1287795191 12.7347088797 -2.15794955704e-19)
(54.1802289126 12.5317878753 -5.64619661901e-21)
(54.2272753852 12.4959034959 3.50024362133e-19)
(54.2079711346 12.6062999328 6.7269197369e-19)
(54.065632484 12.8645126805 1.14369096115e-19)
(53.7488553996 13.2182257614 9.06346871835e-20)
(53.2378178615 13.5890148237 2.39682598307e-19)
(52.5541182779 13.9122960198 1.9345304227e-19)
(51.7365795306 14.1512748009 -8.23321816307e-20)
(50.8202040713 14.2847661036 -4.57771075437e-20)
(49.833759208 14.2942697807 9.57503249378e-20)
(48.8187815269 14.1611928359 1.2186827111e-19)
(47.8282622199 13.8580508964 1.63090821192e-19)
(46.9320017185 13.3549609769 -3.20434088556e-20)
(46.1809541841 12.6525354415 4.5805294912e-19)
(45.5469110837 11.8144842159 1.67149247453e-19)
(44.9112968889 10.9665310889 7.96648507779e-20)
(44.1616088591 10.2330267262 -7.82761133059e-19)
(43.3585106154 9.63307259613 -8.62393429399e-20)
(42.8461024173 9.01852280414 -3.4364444145e-19)
(43.0903720199 8.11896691913 1.51860616264e-19)
(44.5563982837 6.63222476577 -3.07027729185e-19)
(47.5064113998 4.38714379487 -3.82932110717e-21)
(51.2608767498 1.54456843049 -2.1926436098e-19)
(54.9608315352 -1.47607880368 -3.73364294856e-19)
(57.8252769561 -4.18945777436 2.06046358211e-19)
(59.3246332588 -6.16341982719 -1.41610617228e-19)
(59.3629480854 -7.35747862143 2.01273902918e-20)
(59.0994500538 -7.99802999696 2.67173779568e-18)
(57.8859454568 -8.36786881983 -7.85115794631e-18)
(37.697672278 -31.0725449099 1.38846905257e-17)
(37.0771921732 -30.6777758381 -9.55940914144e-18)
(36.4915493603 -30.163820512 -2.13861698206e-17)
(35.9277283696 -29.5403017892 -9.14839884363e-18)
(35.3782956179 -28.8146763964 -2.61051359373e-18)
(34.8465097973 -28.0132152456 1.28932086682e-17)
(34.3507140785 -27.1535315217 2.46660354495e-18)
(33.9012279691 -26.242594515 -1.9346538223e-18)
(33.4979994728 -25.2854120424 1.13034561348e-17)
(33.1381256207 -24.2923484801 -5.51300149473e-18)
(32.8212243095 -23.2743466757 -5.08359677089e-18)
(32.5468993281 -22.2407208431 5.70548655076e-18)
(32.3135260323 -21.1994790929 4.60056603712e-19)
(32.1183810655 -20.1576216864 -4.24053415247e-18)
(31.9579621119 -19.121224451 5.03237631218e-18)
(31.8283365652 -18.0954000047 1.8482430775e-19)
(31.7255511133 -17.0842043975 -2.53771627949e-18)
(31.6458692461 -16.0904088282 -2.7129489467e-19)
(31.5867026571 -15.1156877664 6.98380209762e-18)
(31.5401095681 -14.1594453658 1.84831007679e-18)
(31.4909245312 -13.2249550638 5.0707965634e-19)
(31.4482446922 -12.3339259207 1.49676712083e-18)
(31.4102212248 -11.4756764408 -3.25798036911e-19)
(31.3464791099 -10.6517401099 -4.27553175657e-18)
(31.2476238169 -9.87017665483 2.94311325274e-18)
(31.1095919826 -9.13741173648 2.89833748974e-18)
(30.9321618757 -8.4552435254 -2.62161915819e-19)
(30.7423136777 -7.80884845531 -2.66505520848e-18)
(30.6215752668 -7.15298409266 3.2103923689e-18)
(30.7237431119 -6.39782834167 -6.52508267965e-19)
(31.2405259434 -5.42713846245 1.03454305045e-18)
(32.341498951 -4.15274573154 6.66883372652e-19)
(34.1058682227 -2.54154664938 -1.00746479217e-18)
(36.4598467856 -0.632746493024 -2.43145903789e-19)
(39.1949863727 1.45681613034 6.75567366024e-20)
(42.0338522328 3.58821554504 -1.60088287687e-19)
(44.7074408659 5.63548406607 1.43643648624e-19)
(47.0352522573 7.49381003026 1.54510780351e-20)
(48.9512028539 9.1083269357 1.1506629207e-21)
(50.4683224602 10.4722755243 -8.17524946173e-21)
(51.6339961366 11.5950945202 -8.66629159808e-21)
(52.5050575715 12.4843616454 1.59887568966e-19)
(53.1333737576 13.1499965467 -1.50163249789e-19)
(53.559797002 13.6027228963 3.65732332572e-19)
(53.8199252539 13.8583681804 -7.0392544322e-20)
(53.9537318199 13.9276714711 2.09149051859e-19)
(53.9998290577 13.8545558137 -1.41850381917e-19)
(53.9920528347 13.6499415499 -2.33548945773e-19)
(53.9690219734 13.3484377805 -7.94062499661e-20)
(53.9738877554 13.0048551484 9.21704566454e-20)
(54.035699529 12.6953473615 1.26198808201e-19)
(54.1463449455 12.5026922865 -4.65074183582e-20)
(54.2547757198 12.485039824 -3.81656937245e-19)
(54.2894017407 12.6442932018 3.71861353359e-20)
(54.1810253332 12.9616787293 -1.54994397353e-19)
(53.8698469518 13.3794225178 2.22483165162e-19)
(53.3368054862 13.8036183608 -2.34556926709e-19)
(52.6133605719 14.1629221034 -1.09201672384e-19)
(51.7468393042 14.4218914888 -3.25051772084e-19)
(50.7780712145 14.5627431608 -6.4477002779e-20)
(49.7425786525 14.5680469104 -3.50968923136e-20)
(48.6892125393 14.4170361383 4.29810723483e-19)
(47.6791722534 14.0806205753 7.57159805941e-20)
(46.7779629055 13.5326597439 -1.80958322949e-19)
(46.0136015372 12.7873713822 5.47147036591e-19)
(45.3278781237 11.9261318719 5.6567423657e-19)
(44.5972297058 11.0786663393 -1.38082808006e-18)
(43.7606119814 10.3466597165 -6.40581597648e-19)
(42.9651690346 9.70815918835 4.55802239719e-20)
(42.621949719 8.98275448782 2.08900127571e-19)
(43.1764295531 7.89954388566 -1.772028877e-19)
(45.1033277026 6.19962949818 1.97393882572e-19)
(48.2999703473 3.79931137757 -2.18358971722e-19)
(52.0803272948 0.920613846806 -7.67321353146e-19)
(55.6128040162 -2.02022445317 -1.56285639488e-18)
(58.1770125102 -4.55157426151 7.74283888104e-19)
(59.3109047632 -6.31602029745 -1.2073026872e-18)
(59.2689193512 -7.36130829686 1.12787382245e-19)
(58.9455275335 -7.92473337565 8.48002462719e-19)
(57.7139872421 -8.26984582723 7.73778857705e-18)
(51.297621336 0.182287958841 -5.22811416897e-19)
(51.2848925703 0.547815944579 4.22314943544e-18)
(51.2595222157 0.922194120572 1.10127429277e-19)
(51.2213626036 1.3115472144 -9.14815601675e-20)
(51.1704029164 1.71866605571 -2.25795703547e-18)
(51.1070164698 2.14652537239 2.20184848332e-20)
(51.0313206581 2.5985534504 -1.11827389884e-18)
(50.9431258581 3.07892027024 9.70460229141e-19)
(50.842590389 3.59315124574 5.64876235491e-19)
(50.7302426289 4.14992766692 1.04404352065e-18)
(50.6089050897 4.75854768466 1.05854432349e-18)
(50.483084071 5.43850141371 -1.21336146847e-17)
(50.3589735408 6.21241729535 4.14143422156e-18)
(50.2496939563 7.10926498548 9.28867474622e-18)
(50.1765870672 8.16621946717 -6.64732738425e-18)
(50.180304226 9.43044781245 2.08632255062e-17)
(50.3083326483 10.9519601026 -9.47307599673e-18)
(50.6945259116 12.7995094652 -1.05674687502e-17)
(51.3760113433 14.9761815941 -1.20879971879e-17)
(52.8072999689 17.5937463938 -1.21356184483e-18)
(51.2980752187 0.189564167722 4.78993661399e-20)
(51.2891068763 0.570023544746 -5.57537699949e-19)
(51.2760515089 0.958811964944 -5.17734909257e-19)
(51.2576511989 1.36105746675 6.64973623504e-19)
(51.232821984 1.77949872935 1.80533178716e-18)
(51.2033043107 2.21887913122 5.01346009086e-19)
(51.17050589 2.68215339845 1.04643214473e-19)
(51.1358969847 3.1723887059 -3.49945692585e-18)
(51.1025950996 3.69423782773 3.20229805278e-18)
(51.0705116637 4.2544920076 -5.27533052519e-20)
(51.047774603 4.8623228065 -1.10013435614e-18)
(51.0459505689 5.53048427005 -2.16852882575e-18)
(51.0721814177 6.27537254755 -3.69981381146e-18)
(51.1444004167 7.11690758233 -3.94530817446e-19)
(51.2904500108 8.07740178515 6.09813030891e-18)
(51.5511097364 9.18090168141 -9.17022111183e-18)
(51.9786743383 10.4441292743 -5.38045259307e-18)
(52.6575965957 11.8832568043 -6.49721746931e-18)
(53.6707859028 13.4552410788 -3.39617594014e-18)
(55.2229187167 15.1577604129 2.40741111589e-17)
(51.2989714991 0.191860724138 5.35137231712e-19)
(51.2952446982 0.578229021128 -1.66241921544e-18)
(51.2934981728 0.972710091978 1.54850343067e-21)
(51.291050315 1.37845617399 -1.11305988508e-18)
(51.2899152514 1.7996123057 1.25558605278e-18)
(51.2930167312 2.23953516304 -7.69303894719e-19)
(51.3001757228 2.70080818474 -1.42419991552e-21)
(51.3141874751 3.18599902326 -1.19984761585e-18)
(51.339377948 3.69855714194 4.69294920692e-18)
(51.3802474936 4.24242335286 1.99206422002e-18)
(51.4442220067 4.82670759907 -4.53066425943e-19)
(51.5414945246 5.45663374299 4.8516267306e-18)
(51.6841338856 6.14227328263 9.6946020401e-19)
(51.8904534288 6.89552313522 8.57055265222e-20)
(52.1861010792 7.72692817006 -7.17767829653e-19)
(52.605489096 8.64372788289 -6.7066570177e-18)
(53.1910504739 9.64479041577 4.55913076641e-18)
(54.0031032218 10.7175557265 3.33291244475e-18)
(55.0957134588 11.8234199436 1.23632241436e-17)
(56.6103246205 12.886682506 1.2208543658e-18)
(51.3001255326 0.191527834844 -1.61219904804e-18)
(51.3029030727 0.576979347714 2.20390862743e-18)
(51.3109837979 0.969185090708 -5.69892051201e-19)
(51.3248627381 1.37154998032 5.45916283866e-20)
(51.3459141646 1.78837113428 -1.80214530381e-18)
(51.3761980088 2.22066352931 -2.01429076795e-21)
(51.4178015871 2.67052766755 -2.69145606563e-19)
(51.474053671 3.1402118224 -1.11653910982e-18)
(51.549412037 3.63173752258 1.9183391963e-19)
(51.6493492088 4.14751719444 7.74400763699e-19)
(51.7810309624 4.69138405788 3.00269634408e-18)
(51.9541121077 5.2670396066 1.82117941143e-18)
(52.1811135976 5.87939392796 2.6855871051e-19)
(52.4783138383 6.53334840261 1.00518201857e-18)
(52.8666207113 7.23148179206 1.19449351232e-18)
(53.372509054 7.9717963818 1.17007389468e-18)
(54.0263427266 8.74442472363 -1.37217874603e-18)
(54.8671282336 9.52724361311 3.39900924349e-18)
(55.9219591272 10.281407003 9.74746283776e-19)
(57.2593736379 10.9311758745 1.53893066641e-18)
(51.3011048999 0.188722838262 1.56304796176e-19)
(51.3080933121 0.566973456354 5.99312979753e-19)
(51.3253675412 0.950570049773 -8.25238110162e-19)
(51.3533642363 1.34305474169 1.32461112942e-18)
(51.393243662 1.74705100483 -4.82308148854e-19)
(51.4472089456 2.16400626078 -1.76749903391e-18)
(51.5180682715 2.595132251 -1.02569748517e-18)
(51.6092055344 3.04134919574 7.29982444022e-19)
(51.7248824938 3.5032584492 -1.42156364881e-19)
(51.87044817 3.9815479728 -1.17316281306e-18)
(52.0526659724 4.47734158715 -1.79071223528e-18)
(52.2801846417 4.9920553062 -2.41413553304e-18)
(52.5637824619 5.52693634404 2.49152462183e-18)
(52.9166462584 6.08230322818 5.5394207822e-18)
(53.354644811 6.65605599564 -2.34569700779e-18)
(53.8965229895 7.24175560713 -9.8148427807e-18)
(54.5621231559 7.82625451108 3.62050608222e-18)
(55.3739202027 8.38666433391 3.96678105941e-18)
(56.3442165189 8.88956679689 5.24766521853e-18)
(57.5057249898 9.27610399805 -7.25655970002e-19)
(51.3016246605 0.182855698925 2.09195498317e-18)
(51.3119664523 0.548681026093 -1.61357205144e-18)
(51.337143839 0.918506486888 2.17111595786e-18)
(51.3770387185 1.29546530641 2.80733400135e-18)
(51.4325997457 1.68152161945 -2.42796888305e-18)
(51.5060666647 2.07771902222 -2.30051858208e-18)
(51.6003062504 2.48442212334 2.67422798107e-18)
(51.7185720462 2.90149173974 1.56587406778e-18)
(51.8647572869 3.32840176786 -1.24064566926e-18)
(52.043651051 3.76447293911 -2.29505349225e-18)
(52.2611220139 4.20908790977 -2.1973827171e-18)
(52.5243054227 4.66161184536 6.27497818387e-19)
(52.8417227044 5.12094900839 1.28644193611e-19)
(53.2233467188 5.58489379116 -3.52330815418e-18)
(53.680480431 6.0490656183 -9.76745174918e-18)
(54.225506044 6.50550507136 7.51286767351e-19)
(54.8703787174 6.94116990452 7.70286912668e-18)
(55.6270055515 7.33606411869 6.9103693888e-18)
(56.4988685358 7.6642893306 -1.00605589358e-17)
(57.4994092276 7.88187079519 -1.10652562709e-17)
(51.3020410996 0.174705380714 -2.96825688796e-20)
(51.3150686037 0.523770834453 -2.42958117962e-18)
(51.3466472269 0.875614072554 4.16272833014e-19)
(51.3961332063 1.2328021924 -1.25416396458e-18)
(51.4641307452 1.59678723354 -1.45256097298e-18)
(51.5527520015 1.96806590526 2.66475951138e-18)
(51.6647295117 2.34636987862 4.36635705602e-22)
(51.8030174008 2.7308098742 -3.1449956262e-18)
(51.9709649641 3.12000322437 -1.1602832219e-18)
(52.1725527527 3.51226895936 -2.43278430524e-18)
(52.4125018973 3.90579500721 -5.39303307921e-19)
(52.6963250108 4.29860927643 -2.03547629611e-18)
(53.0303388443 4.68828393505 8.12960267401e-19)
(53.4215971479 5.0714085911 -1.95439047914e-18)
(53.8776255921 5.44282630828 5.39427859206e-19)
(54.4060218558 5.79469197672 3.40341494412e-18)
(55.0132970576 6.11557557567 1.96301859225e-21)
(55.7047492595 6.38929727935 -2.06150747798e-18)
(56.4793564477 6.59637433295 -2.75542412094e-18)
(57.3403553023 6.70448815615 -5.21948520604e-18)
(51.3023665837 0.164782883817 -1.52817146518e-18)
(51.3174799594 0.493602926792 -7.38370652948e-20)
(51.354001951 0.82409586555 5.76894067781e-19)
(51.4108444255 1.15828438796 -1.27178882152e-18)
(51.4882343016 1.49716551385 1.06192896937e-18)
(51.5880555044 1.84078705523 1.48410636985e-18)
(51.7127825033 2.18839496086 -3.8162459326e-18)
(51.8649405362 2.53855144213 4.07634052008e-19)
(52.0472325482 2.8892687962 4.5884801024e-19)
(52.2627601327 3.23820721422 1.02025966354e-18)
(52.5150878056 3.58284275181 2.46598018904e-18)
(52.8082133216 3.9204835997 4.18756993578e-18)
(53.1465035716 4.24807515755 2.18869429402e-18)
(53.5345698684 4.56181390507 -2.37976657937e-18)
(53.9769942241 4.85661718291 -3.22378873955e-18)
(54.4779331573 5.12550662141 1.25660528298e-18)
(55.0402650701 5.3590857166 3.33901787523e-18)
(55.6652280826 5.54484649314 1.54381705387e-18)
(56.349436664 5.66855317889 2.55495996031e-21)
(57.0891462698 5.70755507962 -8.16388532508e-18)
(51.3026079678 0.153499650482 4.96864929359e-19)
(51.3192703555 0.459421263957 2.04366114258e-18)
(51.3594407895 0.766081255936 1.01703458828e-18)
(51.4216433567 1.07500996024 -7.5665239771e-19)
(51.5057378312 1.38681052965 -1.56471919358e-18)
(51.6133280095 1.70117832241 1.92325041803e-19)
(51.7465567831 2.0170028916 9.41605185132e-19)
(51.9074715885 2.3324848194 1.34511464092e-18)
(52.098118545 2.64527588177 8.86210108774e-19)
(52.3207512679 2.95267994011 2.40047118862e-18)
(52.5778671864 3.25182869483 1.25016620311e-18)
(52.8721357008 3.53973456482 1.46710297207e-18)
(53.2063018417 3.81317725006 -5.22786513021e-18)
(53.5830523385 4.06844138863 -3.66103596256e-18)
(54.0047843936 4.30095510786 8.43945693043e-19)
(54.473258164 4.50486533407 2.59147876739e-18)
(54.9891079545 4.67274220618 -9.48588077608e-19)
(55.551289217 4.79495017379 1.86395516329e-18)
(56.1566741594 4.86115765672 -6.4701137654e-18)
(56.7955577134 4.8538475726 1.88238118558e-18)
(51.3027765166 0.141217773327 3.76127522142e-19)
(51.3205234904 0.422345101558 -8.1173775812e-19)
(51.3632261098 0.703450993752 -7.90447775912e-19)
(51.4290857813 0.985640733943 -1.11533595873e-18)
(51.5176245827 1.26920062233 -4.15780310491e-19)
(51.6301427944 1.55356853919 8.26747449215e-19)
(51.7684298286 1.83740811433 -5.70538594334e-19)
(51.9340593005 2.11872332702 -8.5317548468e-19)
(52.1284580016 2.395003826 2.27468738469e-18)
(52.3531108126 2.66342562899 -4.0027740172e-19)
(52.609585156 2.92103425154 1.11747465296e-18)
(52.8994426786 3.16482824102 -3.96955444046e-18)
(53.2241363226 3.3917079257 -8.47770430818e-19)
(53.5848928372 3.59830404815 4.73248495562e-18)
(53.9825201059 3.78073111198 1.63902195942e-18)
(54.4171530441 3.9342868872 -3.57740479911e-18)
(54.8877662204 4.0532796584 1.5452073985e-18)
(55.3921113599 4.13046563766 -7.41217168641e-19)
(55.9246385387 4.15852767994 -2.63172623514e-18)
(56.4822243856 4.12371602823 5.26529213961e-18)
(51.3028847456 0.128257439793 -1.48863961782e-18)
(51.3213312471 0.383316074049 -2.64587837466e-19)
(51.3656495729 0.63776821446 -1.53287042106e-18)
(51.4337776571 0.892372448876 9.10263421271e-19)
(51.5249386917 1.14717268683 1.09857168622e-18)
(51.6401365562 1.40143708553 -6.81596778184e-20)
(51.7808131688 1.65371817383 -3.03705402324e-19)
(51.9481015845 1.90195491602 7.52719357529e-19)
(52.1428777733 2.14362529738 1.685049709e-18)
(52.3659633096 2.37594424896 1.22040788775e-18)
(52.6181491001 2.59604908215 -1.07689354899e-18)
(52.9001061909 2.80110330989 -3.41921126745e-18)
(53.2122910631 2.98828790477 2.40929577393e-18)
(53.5548526799 3.15469342307 -3.12805841833e-19)
(53.9274934105 3.29714988338 6.16103759709e-19)
(54.3292804496 3.41202303982 7.42126542882e-19)
(54.7583439491 3.49508478524 -2.19404520087e-19)
(55.2118088598 3.54122291979 -2.25451667041e-18)
(55.684846184 3.54535563712 -2.09402658676e-18)
(56.1731645603 3.49873716417 -9.81649987972e-19)
(51.3029455028 0.114871769845 1.05521626667e-18)
(51.321787784 0.343088908854 5.92026066025e-19)
(51.3670009947 0.570283055201 1.48438067718e-18)
(51.4363155857 0.796939008533 7.074307276e-19)
(51.5286973249 1.02292840604 -5.65309467565e-19)
(51.6448791212 1.24743178218 2.84235879107e-19)
(51.785985043 1.46897983824 -6.94262849906e-19)
(51.9527540358 1.68555112082 -2.69386135639e-19)
(52.1455903039 1.89472424818 9.14887531945e-19)
(52.3647623339 2.09386923305 -1.93436225844e-18)
(52.6104320468 2.28032916062 -2.3726363361e-18)
(52.8825741342 2.45153350073 1.95069256111e-18)
(53.180897286 2.6050165501 -1.74908287177e-19)
(53.5047801332 2.73835117468 -1.04152878935e-18)
(53.8531821089 2.84903038823 8.46019810363e-19)
(54.2245156319 2.93431170021 -4.36864772253e-18)
(54.6164609983 2.99115309372 1.22891622814e-18)
(55.025827732 3.01588581937 3.74566276603e-18)
(55.4482077443 3.00527767718 -1.43881464732e-21)
(55.8775480589 2.95191382166 -8.41032021481e-19)
(51.3029707571 0.101257380659 5.4920817985e-19)
(51.3219808132 0.302245627983 6.26821653067e-19)
(51.367549518 0.501949402507 1.41376242005e-18)
(51.4372487452 0.700647859464 -1.67533734686e-18)
(51.529837031 0.898103238317 0)
(51.6458065923 1.09347089114 -3.0003282815e-19)
(51.7859940731 1.28533102376 -1.33551053689e-18)
(51.9508043615 1.47178487937 7.95953429646e-19)
(52.1402496163 1.65059447179 2.08340318856e-18)
(52.3541500392 1.81936323926 -5.03539977375e-19)
(52.5921713391 1.97570746272 -1.69768209351e-18)
(52.85375548 2.11737022793 -8.63722899206e-19)
(53.1380590338 2.24225701348 1.34062504534e-18)
(53.4439182237 2.34839924899 2.00489657732e-18)
(53.7697932582 2.43385681779 -1.56890204797e-18)
(54.1137201399 2.49659418562 2.49122255147e-18)
(54.4731292304 2.53439518604 1.47278444207e-18)
(54.8450657125 2.54465446494 -3.73277984183e-18)
(55.2246476835 2.52500340846 1.9268655579e-18)
(55.605694666 2.47020904453 2.65367032681e-19)
(51.3029711143 0.0875580432335 -4.75182036824e-19)
(51.3219889502 0.261209252177 -3.39673716372e-19)
(51.3675380784 0.433451337608 -1.24485312626e-18)
(51.4370760016 0.604418213757 -4.28737519764e-19)
(51.5291880545 0.773819242721 -1.59909134438e-20)
(51.6441615195 0.940837614549 2.76028937597e-19)
(51.7825965692 1.10415679157 -6.07305801826e-20)
(51.9446202517 1.26205287124 -1.25344894926e-19)
(52.1299261437 1.41252179299 6.01366379608e-19)
(52.3379784319 1.55344955321 -9.32400590538e-19)
(52.5680575952 1.68276789808 6.46385349399e-19)
(52.8192058294 1.79855217631 1.15836323367e-18)
(53.0901832522 1.89906373846 -1.96519751203e-18)
(53.3794434467 1.98274149571 -6.53103683899e-19)
(53.6851109979 2.04811596692 1.28212596727e-18)
(54.0049315276 2.09370439364 9.03037293642e-19)
(54.3362732319 2.11789736398 -2.5663365791e-19)
(54.6759248412 2.11887517935 1.65736712367e-18)
(55.0198956128 2.09458431674 5.7961940322e-21)
(55.3628692438 2.04268543471 -2.52883803799e-18)
(51.3029553401 0.0738717669248 5.6821250223e-19)
(51.3218768731 0.220267938445 -2.8365348479e-19)
(51.3671674534 0.365248235719 -9.23048982019e-20)
(51.4362106072 0.508844606518 -2.58926997748e-19)
(51.5274600972 0.650753087456 4.31694149072e-19)
(51.6410228169 0.790242117646 8.39301007184e-19)
(51.777292835 0.926151109902 -5.38360115337e-19)
(51.9361717108 1.05699390352 3.92390283252e-19)
(52.1171086128 1.18103531649 1.22292481309e-18)
(52.3193046038 1.29645413475 -1.28192987393e-18)
(52.5417498996 1.40150527473 -8.24195756017e-19)
(52.7831818288 1.49460100126 4.60583510533e-20)
(53.0420743682 1.57434091211 1.20012602146e-18)
(53.3166204421 1.63951016137 6.73480912451e-20)
(53.604719773 1.68902580867 -7.70393124696e-19)
(53.9039639618 1.72184558202 1.00467607963e-18)
(54.2116962431 1.73690117347 5.1306371635e-19)
(54.524616961 1.73291693055 -7.39517738267e-19)
(54.8401637209 1.70871870688 7.95764409287e-19)
(55.1523972874 1.66241116231 -5.17643593162e-18)
(51.3029319465 0.0602575762177 -3.26208253519e-20)
(51.3217036608 0.179589446839 3.59175017074e-19)
(51.3666031921 0.29761200951 -1.99150472492e-19)
(51.4349712958 0.414304463508 1.0313556916e-18)
(51.52518081 0.529363947212 9.67203444814e-19)
(51.6372076613 0.642106255573 3.42324556618e-19)
(51.7712953038 0.751555270359 -9.1859040487e-19)
(51.9271555828 0.856475519971 -6.04979406191e-19)
(52.10400235 0.955476830867 -7.926676596e-19)
(52.3008303721 1.0470820465 -5.76648033566e-19)
(52.5164401483 1.12986054367 -1.00382682977e-18)
(52.7493637294 1.20253662167 1.07449081635e-18)
(52.9978686631 1.26402268763 3.8083812506e-18)
(53.2599683995 1.3134017404 -1.24574253214e-18)
(53.5334334092 1.34990360757 7.99251051937e-20)
(53.8157997652 1.37283737286 -6.06268245884e-19)
(54.1044161725 1.38153248138 -1.39583352525e-18)
(54.3961614521 1.37515329654 1.46449269822e-18)
(54.6886001712 1.35317617091 -1.48444389713e-18)
(54.976212365 1.313035424 1.87383747978e-18)
(51.3029074967 0.0467612466085 -2.44034509885e-19)
(51.3215265024 0.139235179549 1.33763026759e-19)
(51.3660456287 0.230534295009 -1.54942322855e-19)
(51.4337480184 0.320721557283 2.06155851936e-19)
(51.5228630919 0.409609624916 -1.19349651545e-18)
(51.6332773575 0.496744160883 2.39407332788e-19)
(51.7651773123 0.581225910542 -7.33054398589e-20)
(51.9181919183 0.66199216881 0)
(52.0914090021 0.737898372218 -1.56413120097e-18)
(52.2836113041 0.807810421477 -6.33791767769e-19)
(52.493414736 0.870664786555 3.00174406955e-18)
(52.719212547 0.925501301754 4.1286146484e-19)
(52.9591487085 0.971499223941 -1.23220796364e-18)
(53.2111318935 1.00798499852 1.25044303598e-18)
(53.472868761 1.03442178965 6.96095103912e-20)
(53.7418799703 1.0503561666 -1.6162159527e-21)
(54.0155426815 1.05535809526 7.36048189399e-20)
(54.2909305161 1.04891143634 -1.37321774331e-21)
(54.5652129832 1.03063219666 5.54496191698e-21)
(54.8331443684 0.99870058608 -1.25848797029e-18)
(51.3028454493 0.0334762633434 -7.58822124541e-20)
(51.3211814977 0.099460152514 -3.4744676313e-19)
(51.3653537324 0.164239675904 9.67475945702e-22)
(51.4326844998 0.227845160693 2.74317438707e-19)
(51.5213681905 0.290160372609 1.67487732004e-19)
(51.6309850915 0.350766237625 2.76351102078e-19)
(51.7613995698 0.409346298182 -3.72635815418e-19)
(51.9121996169 0.465538172647 -8.89437906367e-20)
(52.0824710662 0.518305849054 8.60574920735e-20)
(52.2710327102 0.566673681631 5.92652396915e-19)
(52.4764089204 0.60989030475 7.69801458178e-22)
(52.6968276396 0.647325099617 -7.973050676e-19)
(52.9303113272 0.678438683827 2.29284879429e-18)
(53.1747048124 0.702792047749 9.23483527427e-21)
(53.4276851235 0.720043360089 -6.20022883361e-19)
(53.686763933 0.729908618412 4.24724089554e-20)
(53.9493671422 0.732134089875 -1.29344844799e-18)
(54.2125921302 0.726368686471 -6.56717592975e-19)
(54.4737799853 0.712450178747 1.72137975841e-21)
(54.7284292212 0.689363311329 -3.22580469007e-18)
(51.3027164147 0.0201718359789 1.84212165379e-19)
(51.3204564745 0.0603775402267 -2.63960392689e-22)
(51.363698112 0.100485171627 2.33710414661e-19)
(51.4298854065 0.140213935476 -5.93962577945e-20)
(51.5170396638 0.179257342756 3.52457988433e-19)
(51.6251370371 0.217299970198 -2.45848159102e-19)
(51.7546814767 0.253975077661 -8.93753443491e-19)
(51.9045661814 0.288591320973 6.27479475271e-19)
(52.0731032854 0.320908099855 -4.96543202502e-19)
(52.259194333 0.350568448777 -1.25859401322e-18)
(52.4615192372 0.377025548461 7.74571182067e-20)
(52.6783189346 0.399802170056 1.11065385838e-18)
(52.9075579757 0.418573316866 1.00668728295e-18)
(53.1470245353 0.43309681773 -1.40807992456e-19)
(53.3943597824 0.443179246904 5.89745270251e-19)
(53.6470801413 0.448658963267 -6.83242955367e-19)
(53.9025856469 0.449391600644 -5.45796774138e-19)
(54.1581785339 0.44516862627 6.51691865723e-19)
(54.4111780311 0.435874679172 -2.5240081592e-21)
(54.6567604518 0.420991029542 2.19023135895e-18)
(51.3031046203 0.00454302668985 1.30454691089e-20)
(51.3223773714 0.013905922965 -1.97394972435e-19)
(51.3671368461 0.0238195253898 0)
(51.4342844856 0.0341085187117 -1.69015585954e-19)
(51.5221323145 0.0446020495719 1.97844150832e-19)
(51.6303620294 0.055282732066 2.43644463528e-19)
(51.7585100066 0.0657925349254 -5.94119850477e-19)
(51.906406701 0.075546800621 -7.03073785055e-19)
(52.0735783506 0.0846798266956 3.4932683561e-19)
(52.2584101345 0.0932585982137 1.78229725036e-18)
(52.459088529 0.101127271733 1.45052920831e-18)
(52.6738143893 0.108125339209 -1.48356643592e-18)
(52.9005865288 0.11414939117 -1.62114558226e-18)
(53.1371680848 0.119126928427 1.16674331261e-18)
(53.3811813737 0.122997771444 1.16119152079e-20)
(53.6301410068 0.125712799393 1.82385744127e-18)
(53.8814934109 0.127221555132 1.32933633185e-18)
(54.1324413124 0.127482410378 -2.55967599812e-18)
(54.3805527399 0.126371381887 -1.98326125771e-18)
(54.6211618402 0.123852106125 1.63423659626e-18)
(54.3870232148 19.2807491804 -6.84396487985e-18)
(55.8410032123 20.3939166319 -2.55340112744e-17)
(57.691429815 21.5253352369 -4.75548596393e-20)
(59.9668585679 22.4499248682 2.14887693355e-17)
(62.5240517568 22.9424994769 -6.7628000232e-18)
(65.1967896048 22.8743035431 -5.04553357353e-18)
(67.858222656 22.2323574325 4.42221831409e-17)
(70.4367413085 21.1222726662 1.30731903326e-17)
(72.8276749837 19.630343746 -8.77387110177e-17)
(74.9423953829 17.8228002266 4.13569727187e-18)
(76.6532327213 15.7933597625 1.06703699586e-17)
(77.9697486321 13.6062931307 -1.76702812088e-17)
(78.904879074 11.3648949784 -1.39694954719e-17)
(79.4920539026 9.17863582695 3.61757062252e-18)
(79.8410033216 7.0655774094 -6.83881365242e-18)
(79.7751003713 5.01465826924 -1.79581295011e-17)
(79.6029584827 3.14408728242 8.13317390032e-18)
(79.4237071557 1.51623256895 8.3274928595e-18)
(79.2996432642 -0.054795931896 -5.84823779906e-18)
(79.1218152162 -1.38754711167 -1.91281016111e-18)
(56.760983091 16.3546787414 3.24329622114e-17)
(58.0687054729 17.0283883668 -1.0852404841e-17)
(59.5479553316 17.5576930793 -2.18485125453e-17)
(61.1731123004 17.884823612 1.22577148807e-17)
(62.9150178506 17.9461077703 -1.25950770167e-17)
(64.7185049061 17.7099926479 0)
(66.515917037 17.172699352 1.12427774592e-17)
(68.2416066829 16.3600615938 3.96108834023e-17)
(69.854017273 15.3161343071 -1.04008848878e-17)
(71.3184866361 14.0895340352 -3.34070480087e-17)
(72.6133649595 12.7216674329 3.42801271084e-17)
(73.7127266354 11.2426706619 5.59476002453e-19)
(74.5961892217 9.69259090032 -2.40769903174e-17)
(75.2830246217 8.10321310196 5.69732046441e-18)
(75.7805981962 6.49356889994 1.74719666981e-18)
(76.0811705597 4.88396034308 1.32104469223e-18)
(76.2232250137 3.30207171219 -5.28398955175e-18)
(76.2433135282 1.74947207106 -2.57356111394e-18)
(76.1862105589 0.200500442815 -2.67152522634e-18)
(76.0595097206 -1.35785607398 7.91371686857e-18)
(57.9913299878 13.5949097206 0)
(59.0635065004 13.9570841951 1.54172685163e-17)
(60.2127571968 14.1987824349 -8.33782037677e-18)
(61.432264517 14.2990511422 -1.64249421786e-17)
(62.7172934413 14.2376292625 8.88648366543e-18)
(64.0389917032 13.9996092087 8.54128088914e-18)
(65.3542310371 13.5771402465 -2.65801456317e-17)
(66.6185603291 12.970266301 -1.05976114115e-18)
(67.7964333851 12.1891162623 2.5170366264e-17)
(68.8624558014 11.2530812384 -1.3737947774e-17)
(69.802765265 10.1877179819 -1.3145535221e-18)
(70.6095230073 9.02099009823 1.64989058142e-17)
(71.2800018595 7.77803211909 8.48532841333e-18)
(71.8170282299 6.4817858625 -4.07987785123e-19)
(72.2290965441 5.15658900632 -8.5084567167e-18)
(72.5272271016 3.82174553574 -5.3011703394e-18)
(72.7206832828 2.48692261331 3.32763005152e-18)
(72.8202287305 1.15656001469 1.55476161079e-18)
(72.8419417448 -0.169952854582 -5.18259110772e-18)
(72.7706979073 -1.4898083226 2.83280094022e-18)
(58.4158396822 11.3142432561 6.03571697833e-18)
(59.2782297123 11.4737969693 6.28493246155e-18)
(60.190019286 11.5453787848 -1.30482785604e-17)
(61.1446090285 11.521260264 -2.16305939118e-19)
(62.1270181639 11.3893968888 6.92233305426e-18)
(63.1191335312 11.1388391967 -7.563877725e-18)
(64.09981482 10.7642729424 1.36539443507e-17)
(65.0478051428 10.2667463466 5.08016481872e-18)
(65.9440291721 9.65271807793 -1.25312449922e-17)
(66.7725965836 8.93266761647 -6.54913459731e-20)
(67.5211245535 8.11995050235 1.35179563358e-17)
(68.1810567822 7.22951440334 -4.25856841547e-18)
(68.7474231706 6.27633987374 -1.61260350917e-17)
(69.2183502058 5.2745864521 8.49230152108e-18)
(69.5942358358 4.23668457608 9.16017508792e-18)
(69.8774110186 3.17243161973 -1.03949376347e-17)
(70.0721354748 2.08925748493 -3.82507605855e-18)
(70.1826749115 0.992640181378 2.24394725441e-18)
(70.2164473163 -0.115669640334 2.4053757752e-18)
(70.1617208534 -1.22515918956 -5.51573176793e-18)
(58.4768312411 9.47590838023 -4.6304445645e-18)
(59.1784121651 9.53169191245 -7.4857984354e-20)
(59.9031802797 9.5219254425 9.63853060451e-20)
(60.6500823344 9.43927893704 -6.41387736138e-19)
(61.4100112644 9.27725869067 1.02041513566e-17)
(62.1713453188 9.03152840136 5.90674868105e-20)
(62.9218139583 8.70024678924 -1.50376006621e-17)
(63.6491558237 8.28423198944 9.42750865729e-18)
(64.3415787235 7.78668388893 6.44955363763e-18)
(64.9882514906 7.21266658383 -8.48342088022e-18)
(65.5797645729 6.56863194932 -9.309815524e-19)
(66.1085940738 5.86203624137 -2.86484126991e-18)
(66.5693088996 5.10088168924 2.59799379508e-18)
(66.9584816236 4.29316562562 1.02651268811e-17)
(67.274395205 3.44656555252 1.7940741676e-18)
(67.5166976513 2.5684343755 -4.41510011797e-18)
(67.686433358 1.66556904456 1.60949371588e-18)
(67.7838935303 0.744021603589 5.61466891862e-19)
(67.813195843 -0.191601059389 -9.45399387432e-20)
(67.7587276275 -1.1292993917 -2.96857380681e-18)
(58.3115900963 7.96835781603 3.2899946521e-18)
(58.8890534791 7.96249463782 3.54449492821e-18)
(59.4796741865 7.90547430483 2.48826378492e-17)
(60.0772531869 7.79401258546 8.22392216338e-18)
(60.6780613875 7.62424795824 -1.65934710838e-17)
(61.2762901502 7.39361240075 -2.6403903065e-18)
(61.8638435054 7.10089306065 7.756111342e-18)
(62.4322371895 6.74618125791 -6.58580706752e-18)
(62.973573953 6.33090068465 -7.14749857157e-18)
(63.4807178818 5.85772915872 1.23100605233e-17)
(63.9473825609 5.33043750312 4.65975958689e-18)
(64.368302354 4.75368929802 -1.45465870801e-17)
(64.7393470691 4.1327139273 -7.85061082874e-18)
(65.0574624984 3.47299940213 6.48699523972e-18)
(65.3205471183 2.78016655362 2.86140106028e-18)
(65.5272669392 2.05984659754 3.11989980492e-22)
(65.6772178147 1.31749052216 -3.25881494169e-18)
(65.7697181774 0.558375148668 1.62276378779e-18)
(65.8073897417 -0.212971296239 6.05029720985e-18)
(65.7788018216 -0.98528262291 3.88731690695e-18)
(58.025957153 6.72106802747 8.47564441317e-18)
(58.5037974771 6.68209212651 3.26447970512e-18)
(58.9867340694 6.60211261708 -3.53315268699e-18)
(59.4725749063 6.47994690741 4.20252072487e-18)
(59.9580249617 6.31388043409 -9.64483527322e-18)
(60.4384752695 6.10228381319 3.06955640814e-18)
(60.908274367 5.84418439894 -3.15345956559e-18)
(61.3617266505 5.5395125348 8.21073585993e-19)
(61.793550932 5.18911233691 2.019409663e-17)
(62.1988892678 4.79463026037 7.23138300952e-18)
(62.573279676 4.35837718512 -6.55844040164e-18)
(62.9127422732 3.8832225113 -8.39190011272e-18)
(63.2139053077 3.37245347752 2.15420039658e-18)
(63.4739927554 2.82965281538 3.85866404034e-18)
(63.6907988321 2.25864501386 -1.10854969029e-18)
(63.8626013736 1.66341602389 -1.82757870905e-18)
(63.9883301217 1.04801364118 1.28748603116e-18)
(64.0665645845 0.416569284145 -2.96239098257e-18)
(64.0988231736 -0.227193943157 -2.06084274376e-18)
(64.0736109067 -0.874163755564 6.43703296234e-18)
(57.6710195283 5.68258962444 2.9900124936e-18)
(58.072391342 5.62471494966 5.47111247137e-18)
(58.4735436553 5.53510165969 -5.96177894043e-18)
(58.8740385387 5.41297745405 -2.99029760904e-18)
(59.271928507 5.25701955388 8.21190415669e-18)
(59.6638077085 5.06608287477 2.44723853223e-18)
(60.0455947471 4.83950603046 -5.02834555249e-18)
(60.4132948396 4.57719245384 -1.07025928997e-18)
(60.7631745407 4.27959903607 -6.7376747587e-18)
(61.0917130808 3.947686651 -1.44564689721e-18)
(61.3955895872 3.58285691172 7.86283783886e-18)
(61.6717688303 3.18691269719 -4.15639088717e-18)
(61.917601293 2.76202506765 7.09214414955e-18)
(62.1308172543 2.31070752209 3.98962673829e-18)
(62.3095471374 1.83578066798 -7.32219971525e-18)
(62.4522714313 1.34031942849 -1.38289453259e-18)
(62.5579962405 0.827560446637 1.94919032036e-19)
(62.6255365002 0.300910143067 1.02882456537e-18)
(62.6561656128 -0.236327406335 2.23562982556e-18)
(62.6410085784 -0.776356102824 -2.61554633225e-18)
(57.2896935327 4.80590994039 7.77588767341e-18)
(57.6275963652 4.74084709647 2.32871140293e-18)
(57.9644691449 4.65039297788 3.83654499498e-19)
(58.2992533963 4.53417146138 7.15550654755e-18)
(58.6299571206 4.39136437274 -5.14117174501e-18)
(58.9541035547 4.22120003106 -6.90960612476e-18)
(59.2688274678 4.02321215961 2.30290146318e-18)
(59.5712524778 3.79729702622 -4.8311341374e-18)
(59.8586326574 3.54370118284 2.34346200553e-19)
(60.1283442039 3.26300591663 3.5983613683e-18)
(60.3778931831 2.95611677551 -1.23379302251e-18)
(60.6049804431 2.62424970304 -4.54523921336e-19)
(60.8075243161 2.26891573048 -1.08053295167e-18)
(60.9836685648 1.89192976827 2.59067303548e-18)
(61.1318381675 1.49538805656 8.15675011159e-19)
(61.250665384 1.0816229425 -1.40401723664e-19)
(61.3392013448 0.653115932435 -8.77950868115e-19)
(61.3962600618 0.212496083345 -5.75485747959e-18)
(61.4226805619 -0.237637594309 1.57694160589e-19)
(61.4105018111 -0.6911318667 2.63430542784e-18)
(56.9107432512 4.06346320795 2.10257479811e-18)
(57.1992813309 3.99706215814 -6.25049759406e-18)
(57.4841689786 3.91039222374 -8.29992506097e-18)
(57.7660000684 3.80303637176 1.00576526001e-17)
(58.0434907184 3.67450342952 8.27460668633e-18)
(58.3145829334 3.52431024544 -4.6995114257e-18)
(58.5770092199 3.35212247496 -1.72512027284e-20)
(58.8286033174 3.15782958368 -1.7330902328e-18)
(59.0673068044 2.94155955663 -5.936268151e-18)
(59.2911241011 2.70367477121 6.71610654454e-18)
(59.4981395683 2.44476881919 2.66430960185e-18)
(59.6865574828 2.16567295803 -4.47656514298e-18)
(59.8547093484 1.86746230836 6.9955271158e-19)
(60.0010874463 1.55146086311 -3.87360031343e-18)
(60.1243805756 1.21923807903 1.76279378471e-18)
(60.22342414 0.872579560045 3.16275860128e-18)
(60.2974201698 0.513415797133 1.62449207235e-18)
(60.3453794609 0.143845321833 1.9111757049e-18)
(60.3679750598 -0.233990420639 -4.48171313136e-18)
(60.3587100811 -0.615097786499 -1.68135382169e-18)
(56.544606626 3.43393000084 2.83376712336e-18)
(56.7924684019 3.36863646627 1.98442748392e-18)
(57.0361311054 3.28724571296 3.24322709384e-18)
(57.2764227464 3.1895558554 3.09937394217e-18)
(57.5122105736 3.07511100837 1.91591473637e-19)
(57.741777442 2.94348137536 -3.04801292953e-18)
(57.9633504336 2.79438192276 -4.93376090458e-18)
(58.1752720794 2.62768738141 1.94121109694e-18)
(58.3759542619 2.4434349621 1.01875806704e-20)
(58.5638437971 2.24182865398 1.27601499184e-18)
(58.7374436358 2.02325059579 2.25235828621e-19)
(58.8953183705 1.78828267261 -5.2588878854e-18)
(59.0361213625 1.53771707122 2.45867961388e-19)
(59.1586275448 1.27254449283 1.4208233703e-18)
(59.2617319534 0.993957381594 -8.31804903137e-19)
(59.3444567505 0.703326265824 1.79511700726e-18)
(59.4061165759 0.402144343653 -1.11810721571e-18)
(59.4458130043 0.0920788328895 -5.73262835035e-19)
(59.4640343816 -0.225149246234 1.20822207142e-18)
(59.4552173613 -0.545593833518 1.1514155495e-18)
(56.201623239 2.88715520059 -5.51751493758e-18)
(56.4173438183 2.82604892734 1.29035866986e-19)
(56.628883897 2.7521677594 6.30704463398e-18)
(56.8365749464 2.66530587761 1.62563619227e-19)
(57.0394375468 2.56505671311 -3.17745128381e-18)
(57.2362182765 2.45105958994 5.37404608852e-19)
(57.4255834683 2.32307618709 -2.05213730072e-20)
(57.6062325106 2.18098195074 -1.41145521364e-18)
(57.7769060514 2.02476472393 1.59470305043e-19)
(57.9363807811 1.85453780981 3.43777872934e-18)
(58.0834611231 1.6705533152 1.41802985168e-18)
(58.2169792717 1.47322700009 -2.99457937013e-18)
(58.3358406823 1.26315207917 -1.68425882394e-18)
(58.4390257768 1.04108546406 9.91126063017e-19)
(58.5256068504 0.807945837926 -1.12876353905e-18)
(58.5947790839 0.56478708676 1.28339438526e-18)
(58.6459570497 0.31277355625 4.49324194832e-18)
(58.6783584164 0.0532388388299 -1.1586161675e-18)
(58.6923694374 -0.21241536326 -1.79088223399e-18)
(58.6833951409 -0.481029424147 -2.5098071523e-18)
(55.8916787022 2.40967657531 -2.10212200752e-18)
(56.0812946843 2.35498289768 -1.58814054173e-18)
(56.2666432444 2.28992404742 2.66616328148e-18)
(56.4479425657 2.21433023819 4.14666821837e-18)
(56.6243907009 2.12795291952 -3.98439088153e-18)
(56.7950196128 2.03053326754 -1.18321181634e-18)
(56.9587711623 1.9218734491 2.6986718736e-18)
(57.1145899434 1.80185382902 -1.36973821441e-18)
(57.2614558711 1.67044106657 2.25551799677e-18)
(57.3983728585 1.52770037728 5.8368608268e-19)
(57.5243471345 1.373804964 -4.11249241788e-18)
(57.6384133275 1.209055833 -7.87545665967e-20)
(57.7396590153 1.03389883245 1.6691097333e-18)
(57.8272192113 0.84891983599 -1.00297053471e-18)
(57.9003184053 0.654827418951 -1.54825315454e-18)
(57.9582820995 0.45243634402 -1.11677742674e-18)
(58.0005973517 0.242667551871 2.30606622945e-18)
(58.0265718652 0.0265811641399 1.52850335539e-18)
(58.0364967571 -0.194709562948 -2.70884384923e-19)
(58.0265558707 -0.418709108491 5.39501836366e-20)
(55.6187249813 1.98826577589 1.42599215968e-18)
(55.7872041796 1.94039092732 1.2342672363e-18)
(55.9513225975 1.88416388568 -1.11603201201e-18)
(56.1114510251 1.8194889886 -1.31921365902e-18)
(56.2668705324 1.74620581219 -2.15699949752e-18)
(56.4167276176 1.66411132846 -1.19771378809e-18)
(56.5601446424 1.57303785667 2.33263899638e-18)
(56.6962607486 1.47287537707 1.34273420932e-18)
(56.8242340882 1.36357876541 2.9137596752e-18)
(56.9432186651 1.24518143732 1.15116506363e-18)
(57.0523696758 1.11780791632 -2.34724945032e-18)
(57.1508733205 0.981680215516 -1.03724878947e-18)
(57.2379426158 0.837130591799 -1.45509403152e-19)
(57.3128382313 0.684607559035 -3.01906310216e-19)
(57.3749071478 0.524653505438 -4.61819032848e-19)
(57.4235650701 0.35789877988 -9.62447532903e-19)
(57.4583466162 0.185079909314 7.85939211027e-19)
(57.4786347992 0.00704971699946 1.66104863194e-19)
(57.4846358243 -0.175295701142 -1.0941824061e-18)
(57.4731608034 -0.359976973166 6.15040552544e-19)
(55.3833768599 1.61521573916 1.98306726957e-18)
(55.5346766358 1.57450438625 -1.13772686017e-19)
(55.6818769065 1.52722826543 2.33801824028e-18)
(55.8252510377 1.4732979244 3.44295323583e-18)
(55.9640509612 1.41257158875 -3.29271473289e-18)
(56.0975176653 1.34488334679 1.08848799989e-18)
(56.2249234088 1.27009689824 -2.09021304892e-18)
(56.3455493678 1.18811631298 2.1762520062e-18)
(56.4586681318 1.09888834758 3.95172643551e-18)
(56.5635409906 1.00242063063 -4.29097413067e-18)
(56.6594397677 0.898799061326 -1.60320767407e-18)
(56.745654644 0.788187322268 3.80307689232e-18)
(56.8214992768 0.670833487603 2.31321431322e-18)
(56.8863371624 0.54707199529 6.97357721223e-19)
(56.9396066498 0.417313533307 -9.35957642744e-19)
(56.9807940257 0.282045490062 -1.14598337228e-18)
(57.0094760152 0.141844950137 -1.45169617035e-19)
(57.0251348712 -0.00262490013987 -1.93577709971e-19)
(57.0279425125 -0.150679386426 -1.31658589493e-19)
(57.0153646864 -0.300804199244 4.06769841618e-19)
(55.1880712003 1.27316837326 -1.62589238796e-19)
(55.3262944949 1.23953639499 -1.06896170956e-18)
(55.4604414085 1.20094874619 -1.36432637412e-19)
(55.5907443497 1.1572843717 -1.05059308278e-18)
(55.7165362386 1.10841594789 -2.17642970821e-18)
(55.8371727618 1.05421050085 1.05378716567e-18)
(55.9520386901 0.994555193135 -5.01948297784e-20)
(56.0605075862 0.929363702989 -1.99669185391e-18)
(56.1619323847 0.858581620245 1.86018806341e-18)
(56.255666508 0.782203042913 1.50003045216e-18)
(56.3410674285 0.70028323269 1.37809339401e-18)
(56.4175005979 0.612942138865 -8.37649529222e-20)
(56.4843622429 0.520365970981 -1.3768504996e-18)
(56.5410915038 0.422801683881 -1.62996523744e-18)
(56.5871809766 0.320557618159 3.51317030639e-19)
(56.6221500949 0.2140138564 1.73100143697e-18)
(56.6455907195 0.103626328803 2.12197127538e-19)
(56.6570021663 -0.010083782809 2.6413429185e-19)
(56.656459114 -0.126562141574 -2.14540021225e-19)
(56.6416781645 -0.244604072137 -5.8636883047e-19)
(55.0301122721 0.967577728714 6.37414406868e-19)
(55.1584706417 0.941587406014 1.00552448328e-18)
(55.2828631716 0.911860836053 1.89576486036e-18)
(55.4034337646 0.87829471195 2.90274374533e-18)
(55.5195790472 0.840808509397 -3.82900251582e-18)
(55.6307369493 0.799311158818 -2.85093911898e-18)
(55.73636257 0.753719172035 1.86901900285e-18)
(55.8358840578 0.703964485349 8.24222096894e-19)
(55.9287148744 0.65000663595 2.18914883192e-18)
(56.0142730405 0.591840275813 -8.50933993114e-19)
(56.0919710337 0.529500134713 -2.16140600975e-18)
(56.1612349399 0.463070552504 1.48519243659e-18)
(56.2215238064 0.392683376916 -6.59156864393e-19)
(56.2723363759 0.318514859836 -1.72069423954e-18)
(56.3132165006 0.240787360128 -2.23075856979e-19)
(56.343736141 0.159776619072 2.39404206769e-19)
(56.3635578998 0.0758098097614 -1.18293962166e-18)
(56.3723240027 -0.0107526042781 8.28061963511e-19)
(56.3701490481 -0.0995420185291 1.40774566862e-18)
(56.3555018236 -0.189751163151 -2.30155936387e-18)
(54.9150595597 0.667171965862 1.10046859393e-18)
(55.0360341747 0.648824388721 4.66611957128e-18)
(55.1529246013 0.627972790153 4.38983683691e-20)
(55.2660187972 0.604547539286 -1.78481082626e-18)
(55.3747927866 0.578485443631 1.5835369463e-19)
(55.4787164044 0.549715387773 -9.72755105861e-19)
(55.5772730469 0.518174516674 -9.17338045216e-19)
(55.6699312133 0.48381297904 3.22347330016e-18)
(55.7561522066 0.44659958441 8.52707147905e-19)
(55.8353923009 0.40652341322 -2.7811485118e-18)
(55.9071049701 0.36360055772 6.16790801174e-19)
(55.9707608953 0.317882400296 6.74906427326e-19)
(56.0258564343 0.269453680037 -1.21700905348e-18)
(56.0719150552 0.218432434831 -1.25348418802e-20)
(56.1084859387 0.164974187841 -1.10282978987e-18)
(56.1351304972 0.109276709046 1.67631232222e-18)
(56.1514757432 0.0515798389451 2.84740092908e-18)
(56.1570491569 -0.00784025960014 -1.97837815569e-18)
(56.1518003794 -0.0686753491017 -5.52140536075e-19)
(56.133851551 -0.130259450992 7.5876593193e-19)
(54.8365819463 0.406716610081 8.83689665344e-19)
(54.953293818 0.394942969976 -3.71432492571e-18)
(55.0661136077 0.381633534192 -1.85290057211e-18)
(55.1751582142 0.366764392149 9.2177090077e-19)
(55.2798884941 0.350296949721 7.63042588877e-19)
(55.3798222438 0.332185056953 8.34982577876e-19)
(55.4744865472 0.312393518643 2.85944421761e-20)
(55.563379687 0.290899597074 7.83096697529e-19)
(55.6459825697 0.267685737671 -2.16781626445e-18)
(55.7217727927 0.242746237734 -7.3679486999e-19)
(55.7902368227 0.216093292808 1.39419719039e-18)
(55.8508778239 0.187755370715 1.4143319791e-18)
(55.9032250765 0.157780070675 9.28970784703e-20)
(55.9468384711 0.126233359163 -1.15742357167e-18)
(55.9813126756 0.0931973635421 9.91907977267e-19)
(56.0062937151 0.0587824504211 4.72022197903e-19)
(56.0215207998 0.0231229598809 -6.93312855557e-19)
(56.0267718167 -0.0136622490002 1.40264939004e-19)
(56.0221876625 -0.051414184752 1.60438851936e-20)
(56.0070363687 -0.089845672498 -1.78884520612e-19)
(54.7968925933 0.121195465186 -8.82680412458e-20)
(54.9105885486 0.118810556888 -9.38213833457e-19)
(55.0203691929 0.115959527338 -4.68748579399e-21)
(55.126403187 0.112632651931 3.60404075238e-18)
(55.2281546189 0.108820489807 1.7027759603e-18)
(55.3251457789 0.104508845109 -3.42906468368e-18)
(55.4169197484 0.0996853580948 -1.61748853789e-18)
(55.5029857571 0.0943406265719 -2.35200223954e-18)
(55.5828294995 0.0884644950036 2.07266474966e-20)
(55.6559404258 0.0820498712859 1.4080678095e-18)
(55.7218232142 0.0750952899091 -2.02254592743e-18)
(55.7799924598 0.0676026391691 -1.22403060188e-18)
(55.8299752497 0.0595787345467 1.82244493648e-18)
(55.8713168224 0.0510365295698 2.20813323905e-18)
(55.9035848378 0.0419803469894 -2.06385392897e-18)
(55.9263355727 0.0324366201084 -4.07449613594e-19)
(55.9392783452 0.0224747890397 1.65380975788e-18)
(55.941955656 0.011936619131 -3.19939330823e-19)
(55.9342495868 0.000769906216563 2.19307938051e-20)
(55.914640207 -0.0109402416866 1.81454783523e-18)
(78.8771745377 -2.77668581768 -2.16160893943e-18)
(78.6947533715 -3.60665872975 -5.38351423532e-18)
(78.6512707994 -4.37543345345 -8.15225651882e-18)
(78.6991873665 -5.26267893724 1.09152965578e-17)
(78.7590776489 -6.29333392394 -2.49909838141e-17)
(78.7653011768 -7.43949250911 3.1337926465e-18)
(78.742801596 -8.69028322255 1.13479793268e-17)
(78.6631850437 -10.042694948 -3.62759695386e-18)
(78.4738216975 -11.4910084478 -3.98752728593e-18)
(78.1749051088 -13.0236826424 -2.92243444516e-18)
(77.7866854335 -14.6087706059 1.20030786892e-18)
(77.2525431056 -16.2056619049 -1.18531750618e-17)
(76.5210887939 -17.7743318454 6.09943489875e-18)
(75.6009125686 -19.2895518145 -1.39011510657e-18)
(74.5113926193 -20.6876279366 -5.76237114953e-17)
(73.264883328 -21.9301924948 -4.73550390663e-17)
(71.8767441891 -22.985099468 4.14913040003e-17)
(70.3738445884 -23.820628837 5.36932667419e-17)
(68.7916610664 -24.4164385369 6.50084228729e-17)
(67.167381182 -24.7637450487 -1.40695850398e-17)
(65.5383351596 -24.8647548523 -1.69857021793e-17)
(63.9428262305 -24.7362691864 5.4375212455e-17)
(62.4058558593 -24.4025924308 -3.45107409125e-17)
(60.9651850696 -23.8797508654 -1.4587553111e-17)
(59.6629851208 -23.1830403869 1.53937769188e-17)
(58.5145360952 -22.329204507 5.12130396049e-19)
(57.5074606016 -21.3535111702 2.88255978995e-17)
(56.6442618386 -20.2787448372 1.53455359244e-17)
(55.9307054243 -19.186954737 1.71620400157e-17)
(55.3649902058 -18.194753229 -1.70398519516e-17)
(54.9438118789 -17.2811837304 -1.70363599657e-17)
(54.671633433 -16.3641688837 -4.61896399797e-18)
(54.5470368168 -15.4508079279 1.37359202295e-17)
(54.5640097876 -14.5752988584 2.72060924516e-17)
(54.714190828 -13.7762578299 -5.98503223996e-18)
(54.9809219955 -13.0943152611 8.96799188906e-18)
(55.3513801001 -12.5419026813 7.76906396166e-18)
(55.8202142691 -12.0630460301 -2.3418047596e-18)
(56.3808347215 -11.562356737 1.3679520658e-17)
(56.9962735578 -11.126858291 9.12385708235e-18)
(57.6225764347 -10.8186856635 1.75858370516e-19)
(58.232933479 -10.666950289 -9.57089993863e-19)
(58.8037543723 -10.6825073551 -1.17277079391e-17)
(59.3106484921 -10.8673813028 -1.41558834823e-17)
(59.7348005223 -11.2170515006 1.26695470871e-17)
(60.0634532886 -11.7219741337 1.3760684089e-17)
(60.2886578821 -12.3682750708 -1.23621054294e-17)
(60.4073373338 -13.1390783576 5.17792511939e-18)
(60.3751377615 -14.013349728 -1.00457040796e-18)
(60.2235411959 -14.9682266319 -4.14839743573e-18)
(59.9449621475 -15.9970888989 -1.01594472116e-18)
(59.6012514685 -17.0817646887 -4.04109926044e-18)
(59.170127649 -18.1966532214 1.70058540281e-18)
(58.6091469214 -19.3162961854 2.02935469898e-17)
(57.9210904197 -20.4322063525 -1.39921037949e-17)
(57.1359197394 -21.5415775464 -7.04178915899e-18)
(56.2704867563 -22.6401580584 -3.59303965138e-17)
(55.3475353712 -23.7157517669 -5.20682226751e-17)
(54.3882927307 -24.7506220687 4.43175450024e-17)
(53.4041223623 -25.728252584 5.48236161258e-17)
(52.4017834155 -26.6313889341 -3.48953998405e-17)
(51.3871814037 -27.4464992297 -4.35891336032e-19)
(50.3647579443 -28.1559115272 2.95086406494e-17)
(49.3371455748 -28.7391044828 1.98973279832e-17)
(48.3044855664 -29.1790943634 -3.42394625798e-17)
(47.266148586 -29.4604655955 1.64972920315e-17)
(46.2211745603 -29.5713306217 5.6197213572e-17)
(45.1682053989 -29.5054113243 -7.67524554817e-17)
(44.1153483497 -29.2762677757 -2.03092036987e-17)
(43.0909089723 -28.8924360109 3.72418171244e-17)
(75.9722155005 -2.55053044966 3.07904451633e-18)
(75.9124878138 -3.35027614194 1.5839538734e-18)
(75.8326228538 -4.14510311616 -2.84280408691e-18)
(75.7397279176 -4.963681173 4.37354140838e-18)
(75.6325834477 -5.81132704944 8.51363661479e-18)
(75.4988585314 -6.68478900219 -2.50404205713e-19)
(75.321853283 -7.5810091266 -5.7023127772e-18)
(75.085934057 -8.49767905909 2.02204434167e-18)
(74.7925830075 -9.43165453009 -2.08987451573e-18)
(74.4353820127 -10.3713561909 1.65270662315e-18)
(73.9937273579 -11.3114110205 3.83879959763e-18)
(73.4588651192 -12.2447446965 1.02763385591e-17)
(72.8302403115 -13.1532461371 -1.05814686999e-17)
(72.1096426224 -14.0188395386 -2.87415341076e-17)
(71.3001861949 -14.827064956 2.3695528295e-17)
(70.4083586651 -15.5643866577 2.51508110676e-17)
(69.4450510763 -16.2177189433 1.85365898562e-18)
(68.424734581 -16.7759949527 -1.71473663334e-17)
(67.3643184233 -17.2313391033 1.68753596569e-17)
(66.2823689926 -17.5792299846 1.88371853271e-17)
(65.1980997863 -17.8182609854 -3.07751714758e-17)
(64.130289444 -17.9499036686 -4.37963353488e-17)
(63.0957785664 -17.9789719433 4.41645170705e-17)
(62.10832551 -17.9142797622 -1.16214459396e-17)
(61.1800122727 -17.7670178281 -4.25518213586e-17)
(60.3227141057 -17.5492007708 6.08376514501e-17)
(59.5497705629 -17.2711587522 -5.73778445355e-17)
(58.8764598559 -16.9434567215 -3.41408571163e-17)
(58.3079872723 -16.5757641723 6.93330425273e-17)
(57.8377408391 -16.1787547126 6.90293172237e-18)
(57.4567172688 -15.7632985286 -4.3087243462e-17)
(57.1570067641 -15.3409105677 1.12884354246e-17)
(56.9344773083 -14.9241664581 2.34990891502e-17)
(56.7890225315 -14.5265207748 -7.92978310971e-18)
(56.7188005139 -14.1574180218 -6.50749483506e-18)
(56.7167102242 -13.8210108097 -2.49366307579e-18)
(56.7711152257 -13.5270344128 -1.78080931627e-18)
(56.8711048243 -13.2752741913 1.2452772166e-18)
(57.0133791682 -13.0648458716 1.85314542261e-18)
(57.1970252801 -12.9492446981 3.85601825116e-19)
(57.4283012819 -12.9033457391 5.26383832881e-19)
(57.6967183155 -12.9228417261 2.24264007841e-18)
(57.9800637965 -13.0099558847 6.96929895741e-19)
(58.2612902879 -13.166147624 -5.24331558396e-19)
(58.5250526643 -13.3926995566 -3.43855217796e-18)
(58.7563692334 -13.6887722591 9.86517862916e-19)
(58.9489290877 -14.0484262952 8.24904232047e-19)
(59.1045217447 -14.4683723658 -9.48940799288e-19)
(59.2186078189 -14.9485188134 -6.85884404444e-20)
(59.278386028 -15.4817051131 -2.19123906528e-19)
(59.2612634482 -16.0497121057 6.77561743496e-18)
(59.1545780343 -16.6471190052 -3.26662228432e-19)
(58.965651135 -17.2759069958 -2.29169836185e-18)
(58.7015553287 -17.9260903993 3.4317186917e-18)
(58.3679064095 -18.5762550066 5.2424019113e-18)
(57.9648327927 -19.2099670697 -6.03828745805e-19)
(57.4927023891 -19.8166694391 -1.35944111139e-17)
(56.9523530179 -20.3882461456 1.4762599372e-18)
(56.3459230858 -20.9179409931 9.1560475679e-18)
(55.676016753 -21.4024308756 -9.38266023619e-18)
(54.946402385 -21.8372522876 2.23347935058e-17)
(54.1622486108 -22.2174169662 -1.11468442628e-17)
(53.3300160525 -22.5385186062 -1.26389965169e-17)
(52.456576701 -22.7978936418 1.22062720067e-17)
(51.5504711265 -22.9933998415 -2.70474319409e-17)
(50.6225891889 -23.124173112 -1.38028473788e-17)
(49.6825447622 -23.1892262473 5.64038204114e-17)
(48.742869902 -23.1843780153 -2.83745013845e-17)
(47.8186264641 -23.1101101657 -2.75217541386e-17)
(46.9154404719 -22.9670454837 -1.47193443039e-18)
(72.6790300703 -2.49039524804 -9.52385692412e-21)
(72.593071857 -3.17482702504 -4.04386932542e-18)
(72.4802388577 -3.85705390387 -1.14342039369e-18)
(72.3453745453 -4.54651594482 1.71783330366e-18)
(72.1859171255 -5.24432419211 3.55190066457e-18)
(71.9981992219 -5.95083009493 9.74542134586e-19)
(71.7784737437 -6.66482237185 3.35034131306e-18)
(71.5223388936 -7.38345751835 1.23172009748e-18)
(71.2274579767 -8.10257115004 0)
(70.8915204689 -8.81938287598 -3.32201897849e-18)
(70.5126448486 -9.52811922961 2.95399386697e-18)
(70.0904424934 -10.2216592213 2.14512303657e-18)
(69.6249570283 -10.8926204131 -3.23840375613e-18)
(69.1175639642 -11.5336130067 1.14462572134e-18)
(68.5700616863 -12.1373962473 -9.24942626057e-18)
(67.9851348997 -12.6965732746 8.69526574509e-18)
(67.3686912511 -13.2046694034 -1.00948015338e-17)
(66.7274546673 -13.6564060534 -3.0260015794e-17)
(66.0682907266 -14.0478295095 -1.04874842992e-17)
(65.39848928 -14.3764248448 4.58202375197e-17)
(64.7257064101 -14.6411694485 2.44868107887e-17)
(64.0576540484 -14.842556284 -6.87103695008e-19)
(63.4018107659 -14.9825265723 -1.88945001496e-17)
(62.7652314858 -15.0643036751 -2.08686017419e-17)
(62.1542626282 -15.0920813652 1.97477613103e-17)
(61.5741253106 -15.0709833238 6.45984846267e-18)
(61.0289087648 -15.0070583307 3.70802206747e-17)
(60.5218675213 -14.9083038508 -5.43449070196e-18)
(60.0540315452 -14.783164871 -4.57921281703e-17)
(59.6287758586 -14.6379625146 3.18761367042e-17)
(59.2482796966 -14.4797683905 1.03455097872e-17)
(58.9113664215 -14.315127692 -1.33862331348e-17)
(58.6176971444 -14.1492620729 1.53326920605e-19)
(58.3672680374 -13.9879902128 -1.16334955038e-17)
(58.158593091 -13.8378617145 7.00485038515e-18)
(57.9886847221 -13.701302258 -2.56658034199e-19)
(57.8554221379 -13.5793464473 -5.60828174764e-18)
(57.7559087108 -13.4783011759 -4.88067333671e-18)
(57.6858471863 -13.4032631727 6.6494370026e-18)
(57.6405209549 -13.3583140566 -3.33703289045e-19)
(57.6150535452 -13.3470639405 -3.71018712935e-18)
(57.601864351 -13.3729016481 3.64407536908e-18)
(57.5977230063 -13.4355775698 -1.22248032043e-18)
(57.5974324314 -13.5346529443 -8.32808642724e-18)
(57.5954131151 -13.6709789727 2.47379010021e-18)
(57.5856138842 -13.8478627283 1.36306446381e-17)
(57.5623810595 -14.063121154 -1.08237558553e-17)
(57.5206962495 -14.3117885378 -4.10929958029e-18)
(57.4555819861 -14.591676019 8.44363602024e-18)
(57.3615079598 -14.9005827764 -8.73381570909e-18)
(57.2334244645 -15.2346181881 6.46335195813e-19)
(57.0706069486 -15.5870894752 1.17297362487e-17)
(56.8703150894 -15.9524642526 4.56768214544e-18)
(56.6259342814 -16.3270795974 1.00406598038e-17)
(56.3367176357 -16.7065653145 -1.16913892121e-17)
(56.0043181754 -17.0851611599 -1.18637013016e-17)
(55.6300268032 -17.4564383823 1.31317539876e-17)
(55.2158258523 -17.8142510671 -6.51055720845e-18)
(54.7649126435 -18.1529889895 1.49367614262e-17)
(54.2808709439 -18.4674427604 3.9180793048e-17)
(53.767243782 -18.7525624767 -2.463725519e-17)
(53.2274374572 -19.0043081622 -5.06269160682e-17)
(52.6653292192 -19.2161941702 8.43162286074e-18)
(52.0859961653 -19.3813410696 8.91738037701e-18)
(51.4922572062 -19.5063837355 6.7361119924e-19)
(50.8882229225 -19.5843772686 9.54963610296e-18)
(50.277606256 -19.6123338565 6.77028745898e-20)
(49.6634895444 -19.589954494 -2.33956530611e-19)
(49.0486569589 -19.5178499459 -9.65034266039e-18)
(48.4402372958 -19.3928433468 3.77646057413e-17)
(70.0794366493 -2.06846486295 8.22408708396e-19)
(69.9995726231 -2.64109861247 -3.79543411796e-19)
(69.8954045549 -3.20658025619 -3.93963816455e-18)
(69.7712327794 -3.77211682757 -1.660091504e-18)
(69.6263870157 -4.33764451333 2.52371871686e-18)
(69.4597337454 -4.90197632977 -1.25462916195e-18)
(69.2695645949 -5.46341878396 2.986773378e-18)
(69.0546752709 -6.02010690351 -2.64864483784e-18)
(68.8142461317 -6.57005706306 1.75959387119e-19)
(68.5473845832 -7.11096749351 2.93541836666e-19)
(68.2535054945 -7.64009847105 -7.99690854701e-18)
(67.9319291869 -8.15449793709 -4.63243153572e-18)
(67.5827289465 -8.65133968081 1.01040577272e-17)
(67.206370639 -9.12755137667 -6.56574381048e-18)
(66.8052675186 -9.58048787797 2.07489637494e-18)
(66.3829150389 -10.0072269498 1.27683774653e-17)
(65.9412293594 -10.4050225272 1.59952554033e-17)
(65.4826955382 -10.7716876104 4.42086967676e-18)
(65.0108782977 -11.1056132653 -2.91695842177e-17)
(64.5298237198 -11.4057093048 1.33318566918e-18)
(64.0437179974 -11.671372587 7.25897392674e-18)
(63.5567984531 -11.9026032461 -9.86834563561e-18)
(63.0732807233 -12.1001006847 -9.47968457613e-18)
(62.5972129907 -12.2651163465 1.67663391476e-18)
(62.1323547518 -12.3994196016 1.36925968241e-17)
(61.6821569941 -12.5052291295 2.2222986049e-17)
(61.2496785775 -12.5850929621 -2.18096002861e-19)
(60.8375562445 -12.6418204462 -4.13603647642e-17)
(60.4475340104 -12.6785186265 4.83112816202e-18)
(60.0809712515 -12.6985384467 1.66105281856e-17)
(59.7389847679 -12.7052387111 -4.78483891102e-18)
(59.4216579891 -12.7020124902 2.2869281995e-17)
(59.1286537063 -12.6920565984 -4.16799104074e-19)
(58.8593383373 -12.6787800909 -3.54448794907e-17)
(58.6126562919 -12.6667246546 -1.65228948893e-17)
(58.3872242384 -12.6594963281 1.27508220426e-17)
(58.1817962156 -12.6578502745 1.87433623046e-17)
(57.9949526527 -12.6642205445 -2.61725227114e-18)
(57.8250703539 -12.6810731119 -9.034786651e-18)
(57.6696263554 -12.7104653521 2.2927607006e-18)
(57.526613116 -12.7543116501 2.98247822824e-18)
(57.392310446 -12.8140397021 2.22093208712e-19)
(57.2641914134 -12.8908587969 -2.17385705326e-19)
(57.1395626056 -12.9852223955 5.6039762087e-18)
(57.0155777364 -13.0970659007 6.31922949404e-18)
(56.8892360923 -13.2259875079 -9.16527412725e-18)
(56.7574277332 -13.371109969 2.83856963637e-18)
(56.6172963873 -13.5311109944 3.48527618368e-18)
(56.4664212065 -13.7043351662 -9.93053837851e-18)
(56.302507714 -13.8888012926 1.07778375111e-17)
(56.1232852111 -14.08228409 3.62354009114e-18)
(55.9264659942 -14.282063365 -1.19965959885e-17)
(55.7103182586 -14.4851511241 -4.28796265836e-18)
(55.4743327791 -14.6887450399 4.48701799564e-18)
(55.2178286956 -14.8902836192 9.34967957582e-18)
(54.9396428325 -15.0871603195 4.75412141808e-18)
(54.6391762096 -15.276680184 5.3435351616e-18)
(54.3164252086 -15.4561484146 -1.10812793127e-17)
(53.9718994595 -15.6230636843 3.65432858073e-19)
(53.6064887403 -15.7752013964 -6.875697968e-18)
(53.2213986377 -15.9105626274 6.13626820005e-18)
(52.8180805634 -16.0273231194 2.06673896183e-17)
(52.3982158269 -16.1237955622 -2.10304893238e-17)
(51.964020212 -16.1985143134 -1.43826820279e-17)
(51.5182374324 -16.2503349448 -7.04138879842e-18)
(51.063491595 -16.278236619 4.53282726216e-20)
(50.6025606697 -16.2814987143 -8.30423226475e-18)
(50.1393346799 -16.2598200422 1.55919317585e-17)
(49.677301755 -16.212998981 1.76622445094e-20)
(49.2167183742 -16.1364891016 -1.03440400398e-17)
(67.6836373529 -1.83971917575 -2.13317992857e-19)
(67.6149643734 -2.32096210866 5.76426214212e-19)
(67.5267094934 -2.79511635168 -1.07165768195e-18)
(67.420106031 -3.26781912814 -2.61391435116e-18)
(67.2946915228 -3.73831284028 -1.45041495428e-18)
(67.1534314166 -4.20671338617 -7.08991188558e-20)
(66.9957909566 -4.67147876184 -4.95648219608e-19)
(66.8188107313 -5.1305196701 -5.61272864322e-19)
(66.6220871319 -5.58260714059 3.27394801742e-18)
(66.4069143362 -6.02673812416 -1.35687431214e-18)
(66.174157161 -6.46147923796 -6.65993791492e-18)
(65.9240001616 -6.88509214287 -2.36797900487e-18)
(65.6568944928 -7.29567501735 4.85589453186e-18)
(65.3737875258 -7.69147492732 3.41036292036e-19)
(65.0759153362 -8.07066772711 6.58428582845e-18)
(64.7646092426 -8.43186894402 4.6192392768e-18)
(64.4413678214 -8.77378440354 -1.7019636967e-18)
(64.1079219974 -9.0952019702 1.22152348905e-18)
(63.7661863159 -9.39515043903 2.74340628171e-18)
(63.4181820613 -9.67294588543 -2.07634286271e-18)
(63.0659914155 -9.92817391354 -1.41972668522e-17)
(62.7117252262 -10.1607256275 3.03082741555e-18)
(62.3574747412 -10.3708410896 2.66550819341e-17)
(62.0052608465 -10.5590957009 3.8428695884e-18)
(61.6569934743 -10.7263667414 -1.91581709519e-17)
(61.3144380684 -10.8738019091 -3.48679058978e-18)
(60.9791824012 -11.0027991137 -1.70949889032e-17)
(60.6526197477 -11.1149541153 9.69562889127e-18)
(60.3359295728 -11.2120377823 7.31192361828e-18)
(60.0300449299 -11.2959764123 -1.06333113655e-17)
(59.7356516565 -11.3687664441 3.11654912202e-18)
(59.4532065715 -11.4323874504 -2.17727086954e-19)
(59.1829511151 -11.4887691868 5.45478710605e-18)
(58.9249151372 -11.5398064691 1.52125577097e-17)
(58.6788460101 -11.587371178 3.50537766049e-18)
(58.4441368064 -11.6332618549 -1.47664079399e-17)
(58.2200055803 -11.6791648242 9.24140284628e-18)
(58.0056316763 -11.7266867431 -1.80558611951e-17)
(57.8000668863 -11.7772684046 -1.23071649163e-17)
(57.6021714122 -11.8320922926 1.7926891607e-17)
(57.4106862656 -11.892075991 1.17365301235e-17)
(57.2242369802 -11.957983928 -2.53472252424e-19)
(57.0413074751 -12.0304999963 -8.67123466026e-18)
(56.8602792128 -12.1101297547 3.20433868008e-18)
(56.6795109709 -12.1971460207 -9.50146528633e-18)
(56.4973887052 -12.2915697524 -3.22047334213e-18)
(56.3123465402 -12.3931581497 6.44330636265e-18)
(56.1228978053 -12.501418648 -5.62724183314e-19)
(55.9276680443 -12.6156442308 3.17917540549e-18)
(55.7254126098 -12.7349394049 -1.05533771813e-17)
(55.5150361179 -12.8582142414 -7.60388922975e-18)
(55.2955969284 -12.9842005565 1.15654992851e-17)
(55.0663696565 -13.11140812 4.0551777674e-18)
(54.8268805648 -13.2382643811 1.36044640744e-19)
(54.5769379195 -13.3632706162 4.27721274062e-18)
(54.3163693363 -13.4848296164 -4.45527126182e-18)
(54.0450495228 -13.601312529 -1.446207517e-17)
(53.7631942973 -13.7110939992 1.02089706333e-17)
(53.4712277875 -13.8125929135 4.61417811016e-18)
(53.1697615001 -13.9043093389 -5.20007377406e-18)
(52.8595547593 -13.9848368721 1.63691884665e-17)
(52.5414210917 -14.0528314908 -2.21450498349e-17)
(52.2162385761 -14.1070455908 1.70248654707e-17)
(51.8850177702 -14.1463693892 1.72756495706e-17)
(51.5487556562 -14.1698554079 -2.30391233253e-17)
(51.2080299948 -14.1767032045 5.60246427367e-18)
(50.863378425 -14.1661465391 -1.77586363235e-17)
(50.5159908981 -14.1376908191 1.11695668379e-19)
(50.1684327524 -14.0911238913 1.77059421268e-17)
(49.8248177987 -14.0251838049 4.91537068369e-21)
(65.7281029815 -1.56949520756 -2.48988783395e-18)
(65.6771191047 -1.9643316778 -3.09708489856e-19)
(65.6082618044 -2.35287051139 6.82847469339e-19)
(65.5255171417 -2.73994484179 -5.69781749155e-19)
(65.4258831421 -3.1242047127 -1.82147241332e-18)
(65.3107751355 -3.50598290922 4.46918462945e-19)
(65.1865682939 -3.88490630614 -1.61594500142e-18)
(65.0508635443 -4.25931714455 -3.64648404225e-19)
(64.899126099 -4.62737291046 1.85275555043e-18)
(64.7315332146 -4.98827410202 3.00039157659e-19)
(64.5502778008 -5.34165113636 -3.62265990027e-18)
(64.3565559192 -5.68674948859 3.05439644252e-19)
(64.1506246588 -6.02254864378 7.19560256559e-19)
(63.9327142241 -6.34805973268 1.79520480223e-18)
(63.7035505178 -6.66243773096 2.39858824799e-18)
(63.4641070031 -6.96493711551 4.21220092033e-18)
(63.2153625264 -7.25487626007 -7.7991458924e-19)
(62.9583317999 -7.53167333475 -7.17483767548e-19)
(62.6941253647 -7.79488767989 4.91647684033e-20)
(62.423938835 -8.04420576639 -1.10799903059e-18)
(62.1490167067 -8.27941499855 -1.97973632104e-18)
(61.8706261624 -8.5004323786 -1.00946394221e-17)
(61.5900378509 -8.70733936084 2.37351422386e-18)
(61.3085026655 -8.9003756235 3.91168725804e-18)
(61.0272251034 -9.07992296794 -2.7147053994e-18)
(60.7473396023 -9.24649460404 2.75744274867e-18)
(60.469891831 -9.40072389986 2.8054683665e-19)
(60.1958222715 -9.54335057678 3.38921177401e-18)
(59.9259530197 -9.67520663182 -1.36823199949e-17)
(59.6609768226 -9.79720455946 9.73342780699e-19)
(59.4014460797 -9.91031637084 9.98381378244e-18)
(59.1477663589 -10.0155423819 -1.63682807462e-18)
(58.9001986161 -10.1138968379 2.53492072251e-18)
(58.6588684176 -10.2064029058 1.60383452857e-20)
(58.4237706315 -10.29407268 -1.12813341747e-17)
(58.1947709992 -10.3778786138 -4.36372420344e-19)
(57.9716144926 -10.4587355983 1.40212345636e-17)
(57.7539341173 -10.5375039073 -1.4018041347e-17)
(57.5412560185 -10.6149812352 6.42310802461e-18)
(57.3330140543 -10.6918814407 1.09134120481e-17)
(57.1285729531 -10.7688258279 -1.42236773632e-17)
(56.9272568011 -10.8463412155 8.58987345957e-18)
(56.728340318 -10.9248253797 8.54480157794e-18)
(56.5310390699 -11.0045262235 -5.79591931719e-18)
(56.3345291927 -11.0855691582 -8.81962813625e-20)
(56.1379769278 -11.1679768667 -5.82703899978e-18)
(55.9405565354 -11.2516607602 -1.28208940635e-17)
(55.7414645613 -11.3364148953 3.3345577935e-18)
(55.5399361541 -11.421920283 1.96284600663e-17)
(55.3352612087 -11.5077519868 1.34941465179e-17)
(55.1267981013 -11.5933862723 -1.020291605e-17)
(54.9139829289 -11.6782126646 -1.03908554998e-17)
(54.696349309 -11.7615461643 3.7676667102e-18)
(54.4735180703 -11.8426408389 -3.79260539496e-18)
(54.2452239397 -11.9207111523 1.56999902417e-17)
(54.0112840406 -11.9949570085 -1.96682338471e-19)
(53.7716465255 -12.0645428523 -3.89036595021e-18)
(53.5264307207 -12.1286291606 4.37527596022e-18)
(53.2758441123 -12.186399269 -4.08653891387e-18)
(53.0201604261 -12.2370743935 -4.63463363263e-18)
(52.7597252947 -12.2799149998 9.28895289014e-18)
(52.4949602082 -12.3141945496 8.8741089464e-18)
(52.2263676151 -12.3392180488 2.90572284183e-19)
(51.9545213987 -12.3543591827 -4.68993868938e-18)
(51.6801809363 -12.3590872207 -1.43506604076e-17)
(51.4046210171 -12.3529718367 -4.57776508364e-18)
(51.1289570732 -12.3356146753 -4.81453087313e-18)
(50.8536443937 -12.3065529046 -4.90043930003e-18)
(50.5781483684 -12.2652839665 -9.39619331686e-18)
(50.3018797604 -12.2096841009 2.08034574917e-17)
(64.0306277796 -1.36469887613 5.52019686182e-19)
(63.9888241815 -1.69688388003 -1.54876989549e-18)
(63.932916644 -2.02417065714 -3.66822783621e-22)
(63.8660454801 -2.35027240299 1.56768602256e-18)
(63.784464297 -2.67451267501 2.12483972434e-19)
(63.6894130455 -2.99561998565 -4.98296930831e-19)
(63.5873677813 -3.31458460684 -6.59771320049e-19)
(63.4787826113 -3.63107151208 4.31911492951e-19)
(63.360502972 -3.9435198829 5.6348986698e-19)
(63.2290257432 -4.25039653682 -6.71782698884e-19)
(63.0850950933 -4.55098058027 3.05316170333e-18)
(62.9311722581 -4.84520540909 -1.19045012786e-18)
(62.7684118256 -5.13272139101 -3.14561278482e-18)
(62.5970081907 -5.41286758453 9.5240922042e-19)
(62.4171526612 -5.68496596582 -6.4154514784e-19)
(62.2294124886 -5.94848106083 2.04939376036e-18)
(62.0345081324 -6.20297498602 -2.70711255817e-18)
(61.8331272629 -6.44806278971 -4.177541837e-18)
(61.6259476219 -6.68342786791 1.27317476331e-17)
(61.4136782293 -6.90882796303 7.51018652569e-20)
(61.1970480836 -7.12408264174 -6.48089642651e-18)
(60.9767915935 -7.32908877698 1.89492991171e-19)
(60.7536409883 -7.5238428731 -3.2467514864e-18)
(60.5283158374 -7.70843851952 0)
(60.3015113044 -7.88305706551 -2.92554985878e-19)
(60.0738881175 -8.04796182002 3.97045858187e-18)
(59.8460643544 -8.20349148566 1.43693383804e-19)
(59.6186080502 -8.3500525271 -4.01285645749e-18)
(59.3920304655 -8.4881106871 6.38493513202e-18)
(59.1667814327 -8.61818375153 -1.03908971987e-17)
(58.9432447676 -8.7408299463 2.94111439475e-19)
(58.7217323221 -8.8566284384 7.04608690132e-18)
(58.5024824712 -8.96616853145 -9.44952441487e-18)
(58.2856625211 -9.07004749831 4.66323365644e-18)
(58.0713696397 -9.16886136936 -4.97648877472e-18)
(57.859631409 -9.26319234519 1.23674027523e-17)
(57.6504081327 -9.35359864544 7.38996364589e-18)
(57.4435971627 -9.44060638405 -7.24483056278e-18)
(57.2390380614 -9.524702689 2.44028037949e-19)
(57.0365177446 -9.60632999616 -7.95919702137e-18)
(56.8357806544 -9.68588816439 5.29430729656e-18)
(56.6365396144 -9.76373232698 1.31363682129e-19)
(56.4384708441 -9.84014296018 -5.61713530862e-18)
(56.2412101809 -9.91530562437 2.67109506605e-18)
(56.044372887 -9.98933228256 -7.49846376015e-20)
(55.8475741316 -10.0622793722 -8.77078975405e-18)
(55.6504341879 -10.1341422121 6.09596935007e-18)
(55.4525816632 -10.2048497364 9.0331179317e-18)
(55.253660767 -10.2742659669 -6.0639617203e-18)
(55.0533395855 -10.3421934206 -1.27004402691e-19)
(54.8513176196 -10.4083774042 -2.45219528424e-19)
(54.6473323321 -10.4725110352 3.2533275789e-18)
(54.441165337 -10.5342409864 2.69091525727e-20)
(54.2326461637 -10.5931755889 2.17406788752e-19)
(54.0216574136 -10.6488878919 7.01797666319e-20)
(53.8081352619 -10.7009283126 -3.86674592245e-18)
(53.5920727698 -10.748823321 7.29435838719e-18)
(53.3735201515 -10.7920955636 -7.85717054193e-18)
(53.1525932459 -10.8302764501 -2.22284611137e-17)
(52.929473502 -10.8629165172 7.8496562957e-18)
(52.7043868985 -10.8895737833 2.66835520113e-17)
(52.477583033 -10.9097968957 3.45763817295e-18)
(52.2493452441 -10.9231433948 -1.55358593327e-17)
(52.0200205425 -10.9292125198 -3.72066789426e-18)
(51.7899812459 -10.9276471913 3.67566473492e-18)
(51.5593763728 -10.9181430354 4.03030264431e-18)
(51.3285069409 -10.9004755934 -7.84818720757e-18)
(51.0981545418 -10.8744704839 -4.02551945966e-18)
(50.8689153982 -10.8399175467 7.81021655296e-18)
(50.6417506246 -10.7952744004 -6.61370134735e-22)
(62.6103129517 -1.18548415025 1.44413245923e-18)
(62.5789914706 -1.46229949841 2.29764433738e-19)
(62.5358407414 -1.73515693018 -3.6496471279e-18)
(62.4832508734 -2.00707250166 -6.06913866797e-19)
(62.4216046309 -2.27779868269 1.36076418097e-18)
(62.3473273013 -2.54565418851 6.17587450199e-20)
(62.261897041 -2.81155216518 1.85516920086e-19)
(62.1719332264 -3.07558863411 4.47168571933e-19)
(62.0772143825 -3.33719110467 -7.08156056684e-19)
(61.9753266755 -3.59525024048 1.55208005769e-19)
(61.8632660593 -3.84852038098 3.77725349966e-19)
(61.7404456763 -4.09662161702 -8.64838374135e-19)
(61.6092111124 -4.33967620211 -4.60057451167e-19)
(61.4710614066 -4.57750493638 1.92408810004e-18)
(61.326242225 -4.8096801199 -4.69785424768e-19)
(61.1747427885 -5.03578216858 -3.45961925747e-19)
(61.0169047151 -5.25551201841 -2.93417911148e-19)
(60.8532688403 -5.4686466805 -2.18924410116e-18)
(60.6843474633 -5.67499885566 -4.57531473852e-19)
(60.5106072501 -5.8744096982 2.77775628163e-18)
(60.3325180617 -6.06674690863 1.74868856606e-19)
(60.1505668136 -6.25191971487 -6.00735435468e-18)
(59.9652484255 -6.42989445166 -6.46003406703e-21)
(59.7770527802 -6.60069086336 -2.60175740891e-18)
(59.5864563623 -6.76437528623 2.53056549727e-19)
(59.3939177003 -6.92105788004 6.65939093199e-18)
(59.1998729814 -7.07088976022 -2.23149707301e-18)
(59.0047312583 -7.21405956815 -1.91775771312e-18)
(58.8088699708 -7.35078979338 -1.33813759434e-19)
(58.612632382 -7.48133476481 5.05819000892e-18)
(58.4163247406 -7.60597466955 2.71986655799e-18)
(58.2202108617 -7.72500267109 -8.13570873691e-18)
(58.0245106022 -7.8387199524 -1.76219220761e-18)
(57.8294025181 -7.94743745251 -1.68429192245e-18)
(57.6350244138 -8.0514708836 -4.07220694664e-18)
(57.441472867 -8.15113302382 6.73333794692e-18)
(57.248804277 -8.24672790089 5.67174619908e-18)
(57.05703705 -8.33854564356 -6.76847291758e-18)
(56.8661543939 -8.42685814467 2.26477287542e-18)
(56.6761075074 -8.51191612924 1.7478847901e-19)
(56.4868233696 -8.59395323277 -9.4417765921e-18)
(56.2982112552 -8.67318552134 4.7722912877e-18)
(56.1101532862 -8.7497860576 9.83507786705e-18)
(55.9224986552 -8.82386833258 -2.36389377363e-18)
(55.7350812313 -8.89550573671 -1.04656430955e-17)
(55.5477356772 -8.96474716131 3.3259864656e-20)
(55.3602984954 -9.03161157551 8.12317420845e-18)
(55.1726078145 -9.09608265474 2.39567796919e-18)
(54.9845071265 -9.15810878286 -4.58744238789e-19)
(54.7958499564 -9.2176044525 -2.90020070918e-18)
(54.6065040439 -9.27445229827 5.78713716284e-18)
(54.4163549513 -9.32850558814 5.78222611503e-18)
(54.2253093143 -9.37959115558 -8.99368821579e-18)
(54.0332977438 -9.42751282613 5.68509704423e-20)
(53.8402770729 -9.47205491655 -5.84545071278e-18)
(53.6462325278 -9.51298632665 -6.09907040892e-18)
(53.4511793771 -9.55006429568 9.21579569004e-18)
(53.2551641712 -9.58303919323 3.04120191087e-18)
(53.0582701143 -9.61166333119 -3.04944442422e-18)
(52.8606206298 -9.63570152437 -9.54278586123e-18)
(52.6623647301 -9.65492128296 3.20747326129e-18)
(52.4636579948 -9.66907552281 9.64714217092e-18)
(52.2646764927 -9.67791598556 6.67813459979e-18)
(52.0656269424 -9.68121724938 -9.94159149199e-18)
(51.8667685813 -9.67878333745 -6.65997709365e-18)
(51.6686449256 -9.67045407716 1.65337338324e-17)
(51.4718798006 -9.6560549384 -1.33949945798e-17)
(51.2766814749 -9.63542451243 -9.77815492482e-18)
(51.0830906108 -9.60838604232 1.65421505379e-17)
(50.8909150083 -9.5736863347 2.24039912875e-18)
(61.3853213333 -1.03528673735 1.16276342012e-18)
(61.3596534405 -1.26853198611 -1.8865564806e-19)
(61.3242967198 -1.49885670287 -7.36600458607e-19)
(61.2811512742 -1.72871314217 -1.06100246712e-18)
(61.2306640179 -1.95777881976 -2.84837442607e-19)
(61.1691220937 -2.18551446497 -5.86263369262e-20)
(61.0975112667 -2.41109853625 4.52106244142e-19)
(61.0221506441 -2.63518135762 -5.02214199501e-19)
(60.9433299257 -2.8575980088 1.00481714795e-19)
(60.8599075068 -3.07782239064 2.31341301356e-19)
(60.7698840354 -3.29511433311 5.14201048284e-19)
(60.6707508932 -3.5084498927 3.89896406665e-19)
(60.5629955285 -3.71773030693 5.82090944354e-19)
(60.4488524313 -3.92306199545 -1.46377205649e-18)
(60.3293549143 -4.12425506239 -3.89143341293e-18)
(60.2045419274 -4.32097763128 2.06559295316e-18)
(60.0743746046 -4.51294022779 -1.57713314615e-19)
(59.9391355266 -4.69994771818 -3.72655699435e-18)
(59.7992384985 -4.88185489963 2.57077115097e-18)
(59.6550404309 -5.05852857009 4.40080014747e-18)
(59.5068470455 -5.22984469044 -1.46005630707e-18)
(59.3549683503 -5.39570692076 -9.18694986007e-19)
(59.1997299727 -5.55605946831 4.90289779171e-18)
(59.0414589707 -5.71088334893 2.82157994189e-18)
(58.8804734142 -5.860190778 -3.36509797312e-18)
(58.7170799808 -6.00402335086 -6.74578549127e-18)
(58.5515733893 -6.14245038119 -2.95797154545e-18)
(58.3842346153 -6.27556674514 4.67740207736e-18)
(58.215328404 -6.40349052401 1.56569265264e-18)
(58.0451022098 -6.52636186191 3.49397482248e-18)
(57.8737846238 -6.64433922872 3.07988948073e-18)
(57.7015810092 -6.75759050714 -1.76524800823e-18)
(57.5286725023 -6.8662894754 1.76066698679e-18)
(57.3552187306 -6.97061771269 5.13817895871e-19)
(57.1813581038 -7.07076180137 -3.29369159485e-18)
(57.0072067366 -7.1669084106 -7.00525182921e-18)
(56.8328585535 -7.25924090655 -1.81310619214e-18)
(56.6583862127 -7.34793640112 3.94534253665e-18)
(56.4838424792 -7.43316315407 1.25943134847e-17)
(56.3092619534 -7.51507890839 -3.57381674273e-19)
(56.1346667492 -7.59383453652 -1.02078123594e-17)
(55.9600707758 -7.66957444359 2.24412090198e-18)
(55.7854694502 -7.74241707606 6.3879243261e-18)
(55.6108326141 -7.81244121098 -1.11623195539e-17)
(55.4361188497 -7.87970117085 -6.64418148771e-18)
(55.2612885767 -7.94423977768 9.11369314757e-18)
(55.0863032876 -8.00608419426 1.79284458557e-19)
(54.9111236106 -8.06524131234 -9.44403481967e-18)
(54.7357110814 -8.1216972754 -1.18066916642e-17)
(54.5600309025 -8.17541813419 1.22250426455e-17)
(54.3840543351 -8.22635091873 1.24100132804e-17)
(54.2077605711 -8.27442491239 -2.76868572752e-18)
(54.0311385078 -8.31955321483 -2.19641871617e-20)
(53.8541885722 -8.36163459397 1.56601899515e-17)
(53.6769243225 -8.40055551839 2.38253533351e-18)
(53.4993737205 -8.43619224584 -1.30603596767e-17)
(53.3215801435 -8.46841313495 -8.17295047632e-18)
(53.1436035955 -8.49708144022 -8.06292285987e-18)
(52.965525022 -8.52206155977 2.05890876068e-19)
(52.7874502002 -8.54322607508 1.66431279672e-17)
(52.609497699 -8.56044752731 5.49623008152e-18)
(52.4317833211 -8.57358392422 -1.39623022334e-17)
(52.25443088 -8.58248891214 2.94992662502e-18)
(52.0775872306 -8.58703165202 1.13370975549e-17)
(51.9014205451 -8.58709668517 1.13016772805e-17)
(51.7261150844 -8.58258501988 -8.59164763645e-18)
(51.5519175209 -8.57345793096 -5.48670017058e-18)
(51.3792507864 -8.55971444443 2.6839001527e-18)
(51.2084172555 -8.54130041639 -1.12768423987e-17)
(51.0394275648 -8.51729040544 9.27385651698e-19)
(60.3384690923 -0.904411778189 3.21332913315e-18)
(60.3175358995 -1.10053159334 1.76659084945e-18)
(60.2884556411 -1.29439366697 -8.40539822634e-19)
(60.2528859644 -1.48801482885 2.85539994009e-19)
(60.2109832291 -1.68109345996 1.68202176281e-20)
(60.1614408606 -1.87339762653 -2.52929033551e-19)
(60.1024080675 -2.06363993427 -1.32189098033e-19)
(60.0370500409 -2.25264871217 -7.78509774004e-20)
(59.9693313997 -2.44053635956 -8.09858610213e-20)
(59.8989733903 -2.62691167412 -9.94666743489e-20)
(59.8249111067 -2.81135628427 5.81229265773e-19)
(59.7442018729 -2.99316014331 -2.20343653202e-19)
(59.6548336826 -3.1718208446 -2.2781536522e-18)
(59.5587346997 -3.34740496474 -2.37358901998e-19)
(59.4578415232 -3.51989210324 -2.71787043049e-19)
(59.3524946102 -3.68909320693 2.24181677967e-19)
(59.2425123779 -3.85477829203 -1.27688756203e-18)
(59.1279215782 -4.01678010466 -1.76350470404e-18)
(59.0090157645 -4.17498756247 4.06812742162e-18)
(58.8861108442 -4.32930287369 1.66358184468e-18)
(58.7594446841 -4.47962662413 -9.72015953306e-19)
(58.6292322316 -4.62587342074 -8.5533569516e-19)
(58.4957072182 -4.76798488767 -8.35545937685e-20)
(58.3591134174 -4.90592707839 4.07945086125e-18)
(58.2196906889 -5.03968564007 -2.09058369704e-19)
(58.0776713877 -5.16926427213 -3.91361304253e-18)
(57.9332807254 -5.29468374091 -1.07390483729e-18)
(57.7867364367 -5.41598067035 1.40867762306e-18)
(57.638247298 -5.53320622364 -1.01526039801e-18)
(57.4880125311 -5.64642595454 -1.33322963386e-18)
(57.3362206876 -5.75571763792 1.02526284848e-18)
(57.1830459131 -5.86116495194 -8.65907206376e-20)
(57.0286471899 -5.96285566731 6.09680243758e-18)
(56.8731709587 -6.06088410342 2.86779335811e-18)
(56.7167513891 -6.15534964357 -1.59843568606e-18)
(56.5595092723 -6.24635347884 -1.45453466258e-18)
(56.4015518772 -6.33399648791 -5.28643864549e-18)
(56.2429733949 -6.41837741277 7.18695877312e-18)
(56.0838556668 -6.49959128635 -7.17726938388e-18)
(55.9242691329 -6.57772858389 -9.15872558702e-18)
(55.7642773856 -6.65287876649 1.87514587037e-18)
(55.6039403658 -6.72513100108 1.31119128482e-19)
(55.4433040614 -6.79455836771 3.87177258121e-18)
(55.2823932703 -6.8612068462 -2.35452730859e-18)
(55.1212239603 -6.92510796736 -1.79146876117e-18)
(54.9598143542 -6.98628974091 6.312086918e-18)
(54.7981834675 -7.04477367431 2.00266377476e-18)
(54.6363485584 -7.10057093905 2.22457446327e-18)
(54.4743257536 -7.15368144089 2.19603950357e-19)
(54.3121322847 -7.20409409005 -4.04758381497e-18)
(54.1497889269 -7.25178736008 -4.40643773789e-18)
(53.987320095 -7.29672887914 -2.17761822448e-18)
(53.8247534459 -7.33887731653 4.57547783484e-18)
(53.6621209051 -7.37818438415 -1.15764076755e-17)
(53.4994601688 -7.41459477773 2.34035633327e-18)
(53.3368163192 -7.44804706568 1.66760057323e-17)
(53.1742427785 -7.47847486058 4.68488213912e-18)
(53.0118020523 -7.50580857729 -5.02286492442e-18)
(52.8495693539 -7.52998011997 -9.41889351618e-18)
(52.6876361452 -7.55092807176 -3.72765167133e-20)
(52.5260998795 -7.5685905027 -2.58806437853e-19)
(52.3650507965 -7.58289287174 2.53144492035e-18)
(52.2045812211 -7.59375614498 4.82101454785e-18)
(52.0447995898 -7.60111221912 2.33915903626e-18)
(51.8858287474 -7.60490435429 -4.91841947753e-18)
(51.7277988323 -7.60508398712 7.21563447495e-18)
(51.5708502589 -7.60161116448 4.82990815628e-18)
(51.4151216002 -7.59446707252 -1.94418425225e-17)
(51.2608527863 -7.58364413873 -2.29812695997e-18)
(51.1081654909 -7.56842600309 7.24136235109e-18)
(59.4372563574 -0.789082441234 -9.04238272762e-19)
(59.4189241951 -0.954285606007 -1.14470686258e-18)
(59.3937499899 -1.11782412268 1.07515273548e-19)
(59.3631385183 -1.28132656259 -1.07449608449e-19)
(59.3269675361 -1.44454876718 -7.65017106908e-19)
(59.2855230917 -1.60731807948 8.74481913011e-19)
(59.2358023553 -1.76891902285 -1.77887728571e-19)
(59.1785643057 -1.92940778403 3.09743358453e-19)
(59.1190581845 -2.0888774028 -6.54865844289e-19)
(59.0579404624 -2.24717789083 -2.37341014407e-19)
(58.9942263404 -2.40406988722 -2.33527602857e-19)
(58.925690314 -2.55930893643 -8.93164870509e-20)
(58.8500464982 -2.71230809919 1.50254145117e-19)
(58.7677423375 -2.86293504168 9.9412126202e-19)
(58.6807877987 -3.01118211073 -7.53244994523e-19)
(58.590003739 -3.15692960415 7.63391956e-19)
(58.4952788179 -3.30000421414 4.50414614797e-19)
(58.3964721811 -3.44026145513 -6.30067991134e-19)
(58.2937533479 -3.57759743102 1.81072595035e-19)
(58.1873895268 -3.71192445672 4.46521198215e-19)
(58.0775779296 -3.84315562479 0)
(57.9644734677 -3.97121243812 -1.83476376147e-19)
(57.8482422408 -4.09603516475 8.99749687697e-20)
(57.7290641065 -4.21758190941 -1.04949078581e-18)
(57.6071194775 -4.33582504298 -3.43559507573e-18)
(57.4825837093 -4.45074997663 1.04944020921e-18)
(57.3556273339 -4.562354518 1.73474853837e-18)
(57.226416882 -4.67064814695 3.06954743117e-18)
(57.0951143737 -4.77565119799 1.11964623587e-18)
(56.961877052 -4.87739486861 -6.22921352941e-18)
(56.8268565501 -4.97591975836 4.21680427511e-21)
(56.6901958292 -5.07127122566 2.75212348243e-18)
(56.5520286495 -5.16349800146 -1.59435436594e-18)
(56.4124819113 -5.25265416402 -3.2964401827e-19)
(56.2716758702 -5.33879821281 4.28628022352e-18)
(56.1297230853 -5.42199075497 -5.9194240179e-18)
(55.9867281636 -5.50229306451 1.42478187328e-18)
(55.8427879561 -5.57976586649 2.96588505902e-18)
(55.6979919572 -5.65446831605 -3.00940897282e-19)
(55.5524228797 -5.72645755203 1.67191514458e-18)
(55.4061602991 -5.79579166622 -1.79120030285e-18)
(55.2592830786 -5.8625305804 3.72039784123e-18)
(55.1118599968 -5.9267238525 -8.80363509311e-18)
(54.9639428071 -5.98840177396 -1.74089586475e-18)
(54.8155764112 -6.0475851521 1.1086430146e-17)
(54.6668082421 -6.1042941774 -5.50932543787e-18)
(54.5176868211 -6.15854649022 -1.12373214269e-17)
(54.3682592833 -6.21035422299 7.60817819459e-18)
(54.2185695614 -6.25972005597 1.34943954985e-17)
(54.0686577063 -6.30663382277 -2.0437684603e-18)
(53.9185674927 -6.3510827901 -4.04258985712e-18)
(53.7683516324 -6.39306217281 3.8808814016e-18)
(53.6180643721 -6.43256493215 -2.84820300308e-20)
(53.4677559716 -6.4695712475 -1.8934182798e-18)
(53.3174756628 -6.50405199248 -8.06959279162e-18)
(53.167276566 -6.53597398672 -2.04923973901e-18)
(53.0172177815 -6.56530097081 -8.68056395967e-18)
(52.8673634974 -6.59199487874 8.39961655661e-21)
(52.7177847494 -6.61602118977 1.92845096706e-17)
(52.568562437 -6.63735215992 -8.87478918802e-20)
(52.4197787164 -6.65595908594 -6.52086964385e-18)
(52.2715058026 -6.67180280724 -6.68156800989e-18)
(52.1238145731 -6.68484050516 -3.35288490848e-20)
(51.9767871547 -6.69503748466 8.76629526737e-18)
(51.8305150337 -6.70236743772 -5.99584885338e-20)
(51.6850939934 -6.70680995893 2.23649640299e-18)
(51.5406239498 -6.70835030053 -4.45171756473e-18)
(51.3972048988 -6.70698212086 -6.4787768212e-18)
(51.2549483473 -6.7026795448 4.35545227343e-18)
(51.1137863419 -6.69482415825 -3.72681498974e-18)
(58.6668259015 -0.685198156782 1.36090269068e-18)
(58.6501905144 -0.823754248763 7.44926802823e-19)
(58.6277684333 -0.961051361387 3.49426634022e-19)
(58.6006738659 -1.09839655872 6.68041127221e-19)
(58.5687582872 -1.23561248561 -1.0235691706e-18)
(58.5322838925 -1.37250793809 -3.35756698033e-19)
(58.488510078 -1.50882971362 3.71849457208e-20)
(58.4380136439 -1.64429366294 -1.27211045582e-19)
(58.3855319903 -1.77883782248 2.59767396366e-19)
(58.3317039675 -1.91230670879 4.87012350239e-19)
(58.2755866237 -2.04471307798 9.03134090975e-19)
(58.2156942192 -2.17600739457 6.68909023669e-20)
(58.1498392596 -2.30571241694 -6.77766262939e-19)
(58.0777015032 -2.43367454571 6.16783171852e-19)
(58.0011900715 -2.55980618565 1.07390410101e-18)
(57.9212829636 -2.68400642069 -7.30820577662e-19)
(57.837895739 -2.80615961184 3.67093945789e-19)
(57.7508245592 -2.92616088369 1.71571403203e-20)
(57.6601757046 -3.04392412512 -2.12008662467e-18)
(57.5661752259 -3.15937467268 -4.61107806458e-19)
(57.4689878936 -3.27244155157 1.49376417827e-19)
(57.3687330388 -3.38306055561 2.22794713556e-19)
(57.2655376345 -3.49118012855 0)
(57.1595430152 -3.59676087109 -2.80074853422e-18)
(57.0508934487 -3.69977331738 2.71975579136e-18)
(56.9397301199 -3.80019703057 -1.72433094626e-18)
(56.826191076 -3.89801997738 -5.74017384665e-18)
(56.710412369 -3.9932379497 4.72715422535e-18)
(56.5925279254 -4.0858540365 1.8696459831e-18)
(56.4726693228 -4.1758788132 1.4615605115e-21)
(56.3509650393 -4.26332938395 3.60274238751e-18)
(56.2275378554 -4.34822592827 -3.73220983094e-18)
(56.1025044079 -4.43059085243 -2.29772259739e-18)
(55.9759771687 -4.51045058532 3.79029774509e-18)
(55.848064594 -4.58783509474 6.34425542728e-18)
(55.7188701891 -4.66277631547 -2.40806065075e-19)
(55.5884922375 -4.73530723959 -9.33197252655e-18)
(55.4570238813 -4.80546116156 -4.45721340338e-18)
(55.3245533566 -4.8732710546 5.61172531727e-18)
(55.1911643728 -4.93876937732 4.10199545545e-18)
(55.05693916 -5.00199060551 1.88837182676e-18)
(54.9219604154 -5.06297204909 -4.71760008532e-18)
(54.7863029433 -5.12174420614 -7.94798185196e-18)
(54.6500274837 -5.17832383595 1.30297613896e-17)
(54.5131893535 -5.23272189477 3.20473969077e-18)
(54.375846259 -5.28495054583 -8.46210116602e-18)
(54.2380567666 -5.33502143465 -1.49588911849e-18)
(54.0998781892 -5.38294326377 5.09861426324e-18)
(53.9613636111 -5.4287169577 1.54860371244e-18)
(53.8225575893 -5.47232929231 -5.34375183252e-18)
(53.6835054097 -5.51376593106 -7.08591428045e-18)
(53.5442674571 -5.55303395618 -1.68518219698e-18)
(53.4049109673 -5.59014870479 1.08907227682e-17)
(53.2654936051 -5.62510512161 -9.2777694501e-20)
(53.1260631224 -5.65787515276 1.76505332392e-18)
(52.9866672841 -5.68842495462 -4.03044294607e-18)
(52.8473613243 -5.71673733331 -5.64539531498e-18)
(52.7082078414 -5.74280787197 1.16966985823e-17)
(52.5692742495 -5.7666260769 -5.97469311376e-18)
(52.4306324936 -5.78818118933 -1.17278657646e-17)
(52.2923515004 -5.80746254186 3.97654967678e-18)
(52.1544872227 -5.8244468988 8.81675826401e-20)
(52.0170919154 -5.83910615706 6.02652903178e-18)
(51.880227335 -5.85142112369 3.97323646987e-18)
(51.7439627142 -5.86138137018 -7.74810848746e-18)
(51.6083695039 -5.86898147813 -5.79609979146e-18)
(51.4735214671 -5.87422035543 5.88843497014e-18)
(51.3394901083 -5.87710239972 1.76247975625e-17)
(51.2063630658 -5.87761538039 -3.870762771e-18)
(51.0740260697 -5.87521523095 -1.59521717958e-17)
(58.0103959722 -0.589072788147 2.32538101112e-19)
(57.9946103586 -0.704744643016 -6.17002954118e-21)
(57.9739168318 -0.819496998517 -7.32544756535e-19)
(57.9491419334 -0.934372618516 1.12949386387e-19)
(57.9201261636 -1.04923467346 -1.65733401966e-21)
(57.8870976174 -1.16391750118 3.49345637799e-19)
(57.8476059909 -1.27826223756 3.25958327962e-20)
(57.8022647357 -1.39174633335 -5.68086602084e-20)
(57.7555994633 -1.50463457495 1.60249417388e-19)
(57.7075260788 -1.61684263427 2.20994177172e-19)
(57.656435036 -1.72824763527 -1.38308562008e-19)
(57.6023212349 -1.83870098444 -1.16739113343e-20)
(57.5434856333 -1.94812391011 3.93561138598e-19)
(57.4788745911 -2.05631519139 -5.44698145803e-19)
(57.4103376886 -2.16309906131 -3.94986385024e-19)
(57.3387597839 -2.26837489386 -4.08429114617e-19)
(57.2640427701 -2.3720704243 0)
(57.185980961 -2.47410849069 1.26489691143e-19)
(57.1046653269 -2.57441252009 -3.00624827196e-18)
(57.020290118 -2.67291438685 6.97564348145e-19)
(56.932986351 -2.76955278053 5.37716166268e-18)
(56.8428458448 -2.86427301675 -1.45383275457e-18)
(56.7499698095 -2.95702950995 -5.35647206341e-18)
(56.6544720783 -3.04778551359 7.53656315271e-19)
(56.556468754 -3.13651195805 2.39915333606e-18)
(56.4560736187 -3.22318683033 -9.58130012379e-19)
(56.3533984369 -3.30779451708 -2.23625911098e-18)
(56.2485540734 -3.39032524798 1.15955276547e-19)
(56.141650483 -3.47077468132 4.64501666845e-18)
(56.0327965939 -3.54914405684 1.05224058466e-21)
(55.9220997681 -3.62543950672 -2.04530987304e-18)
(55.8096637379 -3.69966947003 3.24139376944e-18)
(55.6955882647 -3.77184404547 2.2058895893e-19)
(55.5799707757 -3.84197641102 -3.45055253571e-18)
(55.4629064869 -3.91008254525 -1.42965272789e-19)
(55.3444876078 -3.97618010026 -1.45969172931e-18)
(55.2248030713 -4.04028777771 -9.03442080635e-20)
(55.1039385289 -4.1024248171 -6.3982019847e-18)
(54.98197646 -4.16261057644 -1.19018484338e-18)
(54.8589964138 -4.22086444109 1.61774835994e-17)
(54.7350774847 -4.27720783099 8.08027090081e-18)
(54.6102998392 -4.33166492572 -1.28199977017e-17)
(54.4847375463 -4.38425523135 -4.22424230538e-18)
(54.3584532051 -4.43498810951 5.94520389855e-18)
(54.2315051085 -4.48386895953 -4.62750794082e-18)
(54.1039536896 -4.53090471327 -1.58864467533e-18)
(53.9758599534 -4.57610228237 -2.88276606308e-18)
(53.8472834317 -4.61946664096 -1.32456927144e-18)
(53.7182809166 -4.66099929428 1.11591347344e-17)
(53.5889039119 -4.70069603079 1.54074568711e-18)
(53.4592013896 -4.7385500295 -1.27147576328e-19)
(53.3292288877 -4.77456171082 -1.60795617325e-18)
(53.1990490149 -4.8087389742 -3.23556768873e-18)
(53.0687207886 -4.84108169318 -6.2893162515e-20)
(52.9382920851 -4.87156622539 -1.74519346109e-18)
(52.8078040891 -4.90015965033 1.70019599526e-18)
(52.6773028195 -4.92685174819 -3.51111503611e-18)
(52.546844119 -4.95164829997 7.30247938006e-20)
(52.4164888076 -4.97455154556 1.06493496252e-17)
(52.2863029338 -4.99555812722 -1.79251339446e-18)
(52.1563526987 -5.01466038769 5.59636982736e-18)
(52.0266868453 -5.0318469535 7.19839734524e-18)
(51.8973426179 -5.04709894409 -1.08796158145e-17)
(51.7683645953 -5.06040037898 -3.7228923746e-18)
(51.639804899 -5.07174443262 -5.39043865763e-18)
(51.5117165711 -5.08112770587 -1.77175475714e-18)
(51.3841537856 -5.08855222237 5.49271127101e-18)
(51.2571667528 -5.09402670557 1.83789306958e-18)
(51.1308217422 -5.09754271567 -5.16284738028e-20)
(51.0049821314 -5.09862863099 1.40926962274e-18)
(57.4566521729 -0.500425318897 5.48891079794e-19)
(57.4410353712 -0.595776854718 -1.86571622666e-21)
(57.4212339124 -0.690441782633 8.78510432783e-19)
(57.3978093561 -0.785245988162 1.61801902213e-19)
(57.3706245734 -0.88008270636 -7.99322979429e-19)
(57.3397599306 -0.974809223974 1.92540610815e-19)
(57.304292728 -1.06935229962 3.74287799953e-19)
(57.2632746845 -1.1630552228 5.52121542918e-20)
(57.2191678545 -1.25634111604 -1.45911114541e-19)
(57.1742070487 -1.34927168887 1.33654519293e-19)
(57.1278806734 -1.44158534083 1.22006328129e-19)
(57.078424916 -1.53302547579 -2.12837216134e-19)
(57.0238422442 -1.62383340199 -1.75868446096e-19)
(56.964521582 -1.71375740979 4.6818428597e-19)
(56.9019525267 -1.80259546058 -6.82039766566e-19)
(56.8366021752 -1.89026457354 -3.40944931129e-19)
(56.768296468 -1.97672366923 7.36152350375e-19)
(56.6969151517 -2.06191654885 -2.07134892529e-21)
(56.6225712594 -2.14577824162 1.80015306627e-18)
(56.545423766 -2.22825178571 4.86973023804e-19)
(56.4655704681 -2.30928843624 -3.38521998698e-18)
(56.3830856258 -2.38884424605 1.08831675169e-18)
(56.2980564795 -2.46688146078 2.59500118148e-18)
(56.2105796626 -2.54336885666 -2.11055457689e-18)
(56.1207522377 -2.61828102137 -8.73990846234e-19)
(56.0286695283 -2.69159786204 7.76727562391e-19)
(55.9344258832 -2.76330403145 -7.63513780965e-19)
(55.8381153508 -2.83338845199 -6.17853682921e-19)
(55.7398315212 -2.90184398926 1.39220097868e-19)
(55.6396674774 -2.9686675867 1.81385911073e-18)
(55.5377154314 -3.03385973092 3.75416634742e-18)
(55.4340650896 -3.09742243411 -8.39003535989e-19)
(55.3288033841 -3.15935875392 -4.2912013409e-18)
(55.2220157853 -3.21967392259 -2.94929221638e-18)
(55.1137863896 -3.27837516218 1.07859166781e-18)
(55.0041972714 -3.3354708583 1.2082666746e-18)
(54.8933282449 -3.39097012419 -3.43950548807e-18)
(54.7812568213 -3.44488245424 2.19905920379e-18)
(54.6680582532 -3.497217452 4.97881049677e-18)
(54.5538056982 -3.54798481258 -3.62816695989e-18)
(54.4385722647 -3.59719599893 -1.50951674993e-19)
(54.3224322124 -3.64486487346 1.02092366522e-18)
(54.2054548036 -3.6910017935 -1.24504700289e-18)
(54.0876997192 -3.73560931919 4.12117689528e-18)
(53.9692230442 -3.77868715171 -2.76678896978e-18)
(53.8500825933 -3.82023644004 7.16178202336e-18)
(53.7303365119 -3.86025855123 7.14230249396e-18)
(53.61004141 -3.89875358826 -4.21004447351e-18)
(53.4892521875 -3.93572018371 -2.92260150913e-18)
(53.3680220169 -3.97115609554 -5.93451644467e-18)
(53.2464020518 -4.00505814415 -1.61264989834e-18)
(53.124442062 -4.03742076629 3.0080658628e-18)
(53.002193212 -4.06823895213 1.49894399796e-20)
(52.8797091924 -4.09751141844 -3.17458065313e-18)
(52.7570404072 -4.12523087943 5.29696734803e-20)
(52.6342287962 -4.15138186845 1.57632942111e-18)
(52.5113140913 -4.17594995062 3.22024782276e-18)
(52.3883406819 -4.19892578849 6.20932245589e-20)
(52.2653521404 -4.22029656345 -3.20011400491e-18)
(52.1424010358 -4.24004491187 -1.08303041219e-19)
(52.0195517341 -4.25817232191 -9.98196189385e-18)
(51.8968515893 -4.27468784635 -1.7655988913e-18)
(51.7743299991 -4.2895797982 8.26929229462e-18)
(51.6520181688 -4.30282507302 5.06691103828e-18)
(51.5299546315 -4.31440905653 3.43024950771e-18)
(51.4081812657 -4.32432801919 3.46082760439e-20)
(51.286739877 -4.33258340209 -1.737254875e-18)
(51.1656673334 -4.33918169053 1.38178144977e-19)
(51.0450153033 -4.34411443654 -6.95019804563e-20)
(50.924654685 -4.34695390292 -6.44846158193e-18)
(56.9986717917 -0.415073157597 2.14131117888e-19)
(56.9831840482 -0.492696526319 -4.49561757119e-19)
(56.9640520059 -0.569831670494 -3.6494234499e-19)
(56.941642016 -0.647119539169 2.80006068217e-19)
(56.9158470333 -0.72447527631 -7.82432903728e-19)
(56.886629076 -0.801792793609 -3.07697916433e-19)
(56.8539386984 -0.87899907735 3.9450409767e-19)
(56.8162475966 -0.955779683973 9.59157394779e-20)
(56.7747879655 -1.03213309867 5.1051889657e-20)
(56.73257151 -1.10808277721 1.5771663694e-19)
(56.6894386956 -1.18351931958 -3.4227692559e-19)
(56.642995135 -1.25852131697 1.32561670608e-20)
(56.5916181382 -1.33308966019 6.83706041413e-19)
(56.5364233034 -1.40697225467 9.18610091023e-19)
(56.4784624956 -1.48002126961 -1.47506870733e-18)
(56.4178782235 -1.55218489689 -7.71817859888e-19)
(56.3544853714 -1.62343404873 0)
(56.288238961 -1.69371876651 7.293325846e-20)
(56.2192672427 -1.76298158413 1.35469128393e-18)
(56.1476936835 -1.83117547443 -2.90088931521e-19)
(56.0735900467 -1.89826068051 -1.77901288884e-18)
(55.9970222616 -1.96420014733 8.13096991493e-19)
(55.918068406 -2.02896127593 -3.0524072792e-18)
(55.8368120823 -2.09251669339 -1.91985588027e-18)
(55.7533365755 -2.15484369498 2.04193326396e-18)
(55.6677239367 -2.21592378827 2.14812342131e-18)
(55.5800558769 -2.27574223316 1.34481224315e-18)
(55.490414145 -2.33428768605 1.51113256791e-18)
(55.3988802023 -2.39155195223 -8.34956787275e-19)
(55.3055351746 -2.44753005277 -3.33101942823e-18)
(55.2104596445 -2.50221980623 2.60777074826e-18)
(55.1137324107 -2.55562030591 -1.11473354511e-18)
(55.0154302523 -2.60773149289 -8.94802647734e-19)
(54.9156289435 -2.6585549605 1.06715064117e-18)
(54.8144033389 -2.70809380527 9.08059830668e-19)
(54.7118268759 -2.75635198473 1.19358050963e-19)
(54.6079713856 -2.80333397495 -8.50538500847e-18)
(54.5029070459 -2.84904450063 -2.06726489072e-18)
(54.3967024001 -2.89348832598 6.80572825652e-18)
(54.2894244954 -2.93667025091 4.5840681353e-18)
(54.1811405622 -2.97859636334 -3.46510476007e-18)
(54.0719189573 -3.01927455897 -1.25543218143e-18)
(53.9618240326 -3.05871015798 2.58065939434e-18)
(53.8509122621 -3.09690256852 -1.96660301239e-20)
(53.7392371177 -3.13384895906 3.82901725003e-18)
(53.6268534579 -3.16954760897 3.9436432517e-18)
(53.513816362 -3.20399702655 -2.80908397895e-18)
(53.4001795544 -3.23719481729 -5.61727581663e-18)
(53.2859952183 -3.26913747514 1.38215867223e-18)
(53.1713141482 -3.2998203529 -2.79353065854e-18)
(53.0561858705 -3.32923763318 4.81780814268e-20)
(52.9406586142 -3.3573822677 4.29496115799e-18)
(52.8247798698 -3.38424679183 1.39599359932e-18)
(52.708597928 -3.40982509011 1.50296144328e-18)
(52.5921612447 -3.43411179497 -9.06074179783e-18)
(52.4755146762 -3.45709853307 7.33214173876e-20)
(52.3586998326 -3.47877175053 7.80001500394e-18)
(52.2417576918 -3.49911853439 1.51115618426e-18)
(52.1247260269 -3.51811982856 -6.43547097223e-18)
(52.0076480006 -3.53575538623 -3.05886546229e-18)
(51.8905748327 -3.55202707182 4.82055442035e-18)
(51.7735485508 -3.56694145669 -1.53704262443e-18)
(51.6566001179 -3.58048715315 5.28322636845e-20)
(51.5397562267 -3.59263511968 1.65465105591e-18)
(51.423045943 -3.60336006673 -1.68067442075e-18)
(51.306504835 -3.6126575166 1.71697012445e-18)
(51.1901696499 -3.62052953234 1.60071217363e-18)
(51.0740712931 -3.62697647529 -6.64822509814e-18)
(50.9582497639 -3.63198067839 8.11614698759e-18)
(50.8426040798 -3.63518604631 2.33029337247e-18)
(56.6237411872 -0.334340328197 1.60712275623e-18)
(56.6077310668 -0.395237140502 8.43223096163e-19)
(56.5886309817 -0.455773709835 -2.44121878919e-19)
(56.566550036 -0.516439390953 -1.02718397058e-19)
(56.5413340599 -0.577166436361 -2.70498373133e-19)
(56.512969199 -0.637874212901 -3.81435977552e-19)
(56.481481377 -0.698493537072 -7.0545266612e-20)
(56.4456563473 -0.758904692189 -8.20935863678e-20)
(56.4064651842 -0.818935707819 6.83693585403e-20)
(56.3665889812 -0.878577035659 -9.39813451216e-20)
(56.3252231313 -0.937825376678 -4.66136758738e-20)
(56.2801054764 -0.996901080079 -2.36981504605e-19)
(56.2309011593 -1.05564791884 3.79799862685e-19)
(56.1786786782 -1.11385916814 -8.30707464164e-19)
(56.1239873257 -1.17145353677 -1.61419818164e-19)
(56.0667699165 -1.22841363621 8.78800210531e-19)
(56.0068813308 -1.28471766746 0)
(55.9443691801 -1.34032047626 3.88238315347e-19)
(55.8793557802 -1.3951777739 -1.26350894102e-18)
(55.8119233229 -1.449256202 -2.81799355989e-18)
(55.7421271368 -1.50252559202 2.71275328584e-18)
(55.6700285223 -1.55495672784 2.07086916936e-18)
(55.5956978983 -1.60652371773 -1.71167282506e-18)
(55.5192078577 -1.65720453363 8.41853635923e-19)
(55.440630232 -1.7069805132 6.76390084232e-19)
(55.3600365457 -1.75583597648 -1.95557277515e-18)
(55.2774986522 -1.80375792307 -2.8403340179e-18)
(55.1930886198 -1.85073583519 1.60611930685e-18)
(55.1068783494 -1.89676152348 3.03608082451e-18)
(55.018939591 -1.94182920928 8.49446742433e-19)
(54.9293437974 -1.98593520227 -6.85236527429e-19)
(54.8381611316 -2.02907670199 -5.46890887037e-20)
(54.7454602611 -2.07125149893 1.05619285196e-18)
(54.6513091132 -2.11245860028 -4.61894453255e-18)
(54.5557749172 -2.15269809159 2.99741481538e-18)
(54.4589238169 -2.19197063871 4.81080017129e-18)
(54.3608207177 -2.23027721736 -4.12397991532e-18)
(54.2615292364 -2.26761890057 1.67590226685e-19)
(54.1611117064 -2.30399669786 -2.13421986895e-18)
(54.0596293 -2.33941155078 1.14043700203e-18)
(53.957143442 -2.37386538752 2.28263597932e-18)
(53.8537165486 -2.40736153097 2.2887582483e-18)
(53.7494076911 -2.43990109603 -1.28902420304e-18)
(53.6442693773 -2.47148042219 -4.87839168336e-18)
(53.5383516129 -2.50209410132 -1.25718202283e-18)
(53.4317055288 -2.53173757602 1.12428831891e-18)
(53.3243824236 -2.56040641851 -1.26013842805e-18)
(53.2164324725 -2.58809545241 1.4449724559e-18)
(53.1079045565 -2.61479858399 5.44006098662e-18)
(52.9988463613 -2.6405087749 -1.46016692331e-18)
(52.889304465 -2.66521805568 -2.76184415084e-18)
(52.7793243773 -2.68891756828 1.25149274036e-18)
(52.6689505689 -2.7115976075 1.41966338749e-18)
(52.5582266196 -2.73324736718 4.83627628099e-20)
(52.447195523 -2.75385514957 2.78755306713e-18)
(52.3358994896 -2.77340879314 -1.44581945713e-18)
(52.2243796226 -2.79189536242 4.37765046458e-18)
(52.1126760263 -2.80930099314 -4.5763785e-18)
(52.0008292484 -2.8256132857 -7.38004933791e-18)
(51.8888819924 -2.84082225161 3.22038218828e-18)
(51.7768753759 -2.85491736226 -1.69891762934e-20)
(51.6648442128 -2.86788642403 4.69130223682e-18)
(51.5528194916 -2.87971380328 -2.59886564539e-20)
(51.4408301421 -2.89037681583 -3.31458817731e-18)
(51.3289042147 -2.89985277249 7.76741986129e-18)
(51.2170725917 -2.90812922519 -3.23424495549e-18)
(51.1053684628 -2.91519974742 -4.60025190533e-18)
(50.9938209198 -2.92105589069 3.27020705807e-18)
(50.8824662743 -2.92567692292 -8.15526611364e-18)
(50.7712384129 -2.92873456066 -4.01011597096e-18)
(56.3379991505 -0.258497155356 2.88870228641e-19)
(56.3221600278 -0.305228008757 8.72086521184e-19)
(56.3034115376 -0.35171554971 7.55079626692e-19)
(56.2818646437 -0.39831461807 1.10849439501e-19)
(56.2574168934 -0.444982014961 -3.90775019959e-19)
(56.2300073212 -0.491664922741 -7.99178375477e-20)
(56.199772656 -0.538311513613 2.27524759557e-19)
(56.1657137196 -0.58485662924 7.94270149538e-21)
(56.1285420568 -0.631051803823 1.59214550278e-19)
(56.0904353851 -0.676924812659 -2.85939135331e-20)
(56.0502091914 -0.722712350769 -1.36523769805e-19)
(56.0062580604 -0.768417591593 4.50764529749e-20)
(55.9589743598 -0.813816906379 3.43556372299e-19)
(55.9090872809 -0.858785193454 -3.93868297808e-19)
(55.8567796503 -0.903295721755 4.28027900047e-20)
(55.8019511365 -0.947341368548 5.86133486101e-19)
(55.7445757072 -0.990889624639 3.04921809719e-19)
(55.6847350663 -1.0338989835 -3.91116606203e-19)
(55.6225193076 -1.07633838462 -8.31647335216e-19)
(55.5579920336 -1.11818452982 -2.03741871446e-18)
(55.491208876 -1.15941481646 -5.16454870276e-20)
(55.4222305562 -1.20000734098 2.89479441785e-18)
(55.3511224039 -1.23994314141 1.08932907788e-18)
(55.2779506274 -1.27920639517 -5.87558099102e-19)
(55.2027809501 -1.31778375715 -4.64661222481e-21)
(55.1256790447 -1.35566399532 1.89802878769e-18)
(55.0467108457 -1.39283780244 2.70862669509e-18)
(54.9659423689 -1.42929766088 -5.75712793285e-19)
(54.8834394442 -1.46503770614 -3.66158342772e-18)
(54.7992677519 -1.50005373553 1.42972110342e-18)
(54.7134927189 -1.53434298701 3.39438415217e-20)
(54.6261787841 -1.56790333166 -2.10456076668e-20)
(54.5373892236 -1.60073300885 -9.58018954986e-19)
(54.4471867024 -1.63283103261 -2.70031716783e-18)
(54.3556333158 -1.66419710155 2.0101701301e-18)
(54.2627903056 -1.69483123317 8.04124724212e-19)
(54.1687179469 -1.72473356172 3.67024185106e-20)
(54.0734755078 -1.7539041777 -9.80953128432e-19)
(53.9771212539 -1.78234300438 -9.48705413604e-19)
(53.8797125748 -1.81004979781 -1.66720499583e-20)
(53.7813071636 -1.83702482905 -3.31398271999e-18)
(53.6819635992 -1.86326919129 -3.37095147024e-18)
(53.5817377451 -1.88878242608 -8.66333636683e-20)
(53.4806800639 -1.9135606422 3.54356364559e-18)
(53.3788389523 -1.93759851068 1.23997427136e-18)
(53.2762637459 -1.96089115253 7.28748855003e-18)
(53.1730039455 -1.98343366649 2.38958792334e-18)
(53.0691081707 -2.00522049883 -4.96309504257e-18)
(52.9646240062 -2.02624532355 -5.03809090115e-18)
(52.8595980498 -2.0465010162 -5.08811139812e-18)
(52.7540759604 -2.06597965326 1.23608704987e-18)
(52.6481024788 -2.08467251914 2.65621844181e-18)
(52.541721446 -2.10257011859 1.35049070664e-18)
(52.4349758298 -2.11966219239 -1.22692936345e-18)
(52.3279077539 -2.13593774812 1.30292972958e-18)
(52.2205585124 -2.15138510604 1.33310442757e-18)
(52.1129686127 -2.16599196212 2.95482950797e-18)
(52.0051780287 -2.17974559353 1.38427671769e-18)
(51.8972277743 -2.19263359259 -1.46398862778e-18)
(51.7891614265 -2.20464456463 -4.37788020722e-18)
(51.6810205676 -2.21576626575 3.39852819936e-20)
(51.5728389416 -2.22598275138 -1.64074152914e-20)
(51.4646466698 -2.23527614743 -4.50419961433e-18)
(51.3564760809 -2.24363068556 5.98049804308e-18)
(51.2483603751 -2.25103124753 4.46191064042e-18)
(51.1403321685 -2.2574617298 -6.0823154311e-18)
(51.0324244421 -2.26290688259 7.84730113242e-18)
(50.9246689476 -2.26735278342 -6.32040837535e-18)
(50.8170991105 -2.27077350761 -7.71066606696e-18)
(50.7096896055 -2.27293506829 3.95109191598e-18)
(56.114135198 -0.176998737801 -5.99324047734e-19)
(56.0974153662 -0.208663633015 -7.78758846617e-19)
(56.0783579907 -0.240159439313 -2.25968263835e-19)
(56.0566618005 -0.271709057814 2.27712220569e-19)
(56.0321130653 -0.303251815023 1.28399727003e-19)
(56.0047240919 -0.334734523189 -8.86327059203e-20)
(55.9745905208 -0.366115632277 -3.67211829437e-20)
(55.9414725887 -0.397390976119 6.28424659048e-20)
(55.9058522085 -0.428375787429 -4.57178558144e-20)
(55.8680734565 -0.459173040344 5.70545385075e-20)
(55.8275713777 -0.490024003919 1.75752913847e-19)
(55.7843165877 -0.520853400109 -1.03343822801e-19)
(55.738521177 -0.551535968028 5.64888883828e-20)
(55.6903099507 -0.582035212881 -4.59998210735e-19)
(55.6397055284 -0.612352572592 2.84845331856e-19)
(55.5867073565 -0.642467482921 5.70705846861e-19)
(55.5313498253 -0.672337535818 -5.68852450094e-19)
(55.4736880181 -0.701923481388 -3.7469224335e-19)
(55.4137724786 -0.731197082197 8.15596659601e-19)
(55.3516521556 -0.760135179638 -2.10966077693e-18)
(55.2873793883 -0.788715390263 -1.32172697799e-18)
(55.221009526 -0.816916721814 2.95957176944e-18)
(55.1525998502 -0.844721094603 1.10675706483e-18)
(55.0822089627 -0.872113217445 -1.06668986705e-18)
(55.0098965118 -0.899079958639 5.21065439999e-20)
(54.9357229714 -0.925610057514 5.77705342667e-19)
(54.8597493712 -0.951693994326 2.55979966877e-18)
(54.7820370492 -0.977323878294 6.67118667083e-19)
(54.7026474485 -1.00249331871 -7.16635616636e-18)
(54.621642079 -1.02719743457 1.45829064224e-18)
(54.5390823203 -1.05143263918 3.86100146044e-18)
(54.4550287749 -1.07519594894 -4.08621601626e-18)
(54.369541098 -1.09848480608 8.42305536262e-19)
(54.2826783698 -1.1212973727 3.53180802946e-18)
(54.1944990834 -1.14363240521 -8.56844956596e-19)
(54.1050609146 -1.16548895772 4.604007817e-18)
(54.0144206296 -1.18686620599 -1.07930197165e-19)
(53.9226340481 -1.20776330555 -4.01971436625e-18)
(53.8297560523 -1.22817928277 -2.09464371393e-18)
(53.7358407221 -1.2481130124 -4.09280007694e-18)
(53.6409423871 -1.26756381617 1.98858360843e-19)
(53.5451161084 -1.28653166076 -1.07122410834e-18)
(53.4484145419 -1.30501509518 5.545565737e-18)
(53.3508856491 -1.3230099007 4.56140100255e-18)
(53.2525755835 -1.34051080689 -2.39527173567e-18)
(53.1535312788 -1.35751284338 -1.151652836e-18)
(53.0537998193 -1.37401090754 1.14516266662e-18)
(52.9534275761 -1.38999927899 1.14961685504e-18)
(52.85246008 -1.40547151057 -1.28293739855e-18)
(52.750942058 -1.42042039477 -2.42770766612e-18)
(52.6489174849 -1.43483795287 3.35057088859e-20)
(52.5464296235 -1.44871543661 4.18657206829e-20)
(52.443521064 -1.46204334101 6.42276388616e-18)
(52.3402337658 -1.47481143083 1.32538966419e-18)
(52.2366091022 -1.48700877899 -3.95664214735e-18)
(52.1326879062 -1.49862381351 6.78866126482e-18)
(52.0285105432 -1.50964438396 -5.50207880469e-18)
(51.9241171684 -1.5200578898 -8.38376614613e-18)
(51.8195492207 -1.52985187879 2.79702693808e-18)
(51.7148508721 -1.53901465806 2.93181499758e-18)
(51.6100647441 -1.54753378033 -1.59373509758e-18)
(51.5052262301 -1.55539399864 -1.48673186467e-18)
(51.4003671675 -1.56257858939 1.6356035915e-18)
(51.295521881 -1.56907155164 5.88303425403e-18)
(51.190726663 -1.57485755932 1.49734231192e-18)
(51.0860176199 -1.5799212731 -1.45003083714e-18)
(50.9814309354 -1.58424725985 -4.71241251035e-18)
(50.8770013968 -1.58781910105 -4.61285632106e-18)
(50.7727673348 -1.59061768375 6.24534899522e-18)
(50.6687351837 -1.59243601624 1.96417745106e-18)
(55.9894479422 -0.119102285824 1.10042896986e-18)
(55.9734309834 -0.139007984955 2.24875178432e-19)
(55.9549158255 -0.15886114422 -8.04085910539e-19)
(55.9340551076 -0.17882170279 -1.50587074265e-19)
(55.9107289422 -0.198886497168 0)
(55.8847660038 -0.219038451367 9.60341215183e-20)
(55.8560783595 -0.239246831351 -1.28479882145e-20)
(55.8243577649 -0.259470339802 2.6248883039e-20)
(55.7897836883 -0.279593433506 -5.21915170266e-20)
(55.7525202641 -0.299641872701 3.19020535267e-19)
(55.7122736402 -0.319563019423 1.17939026438e-20)
(55.6691842582 -0.339281570755 -1.55711393051e-19)
(55.6234558354 -0.358753627329 -3.54215771033e-19)
(55.5752209579 -0.377960845892 -6.23903993219e-19)
(55.5246022147 -0.396896207526 5.21171082999e-19)
(55.4717253923 -0.415559336531 8.56291950985e-19)
(55.4166666405 -0.433954280049 8.17050182358e-21)
(55.3594527312 -0.452085303251 -3.75542145401e-19)
(55.3001080631 -0.469954142792 -7.99162020797e-19)
(55.2386719327 -0.487560291825 -1.67314043326e-18)
(55.1751913527 -0.504902044485 9.76701158481e-19)
(55.1097146121 -0.521977179775 1.97300181228e-18)
(55.042290821 -0.538783387332 1.53629982121e-18)
(54.9729709174 -0.555318340193 -9.86088738212e-20)
(54.9018073757 -0.571579715122 -1.74200269813e-18)
(54.8288534609 -0.587565255077 -1.23080819669e-18)
(54.7541628655 -0.603272784727 3.92913247661e-20)
(54.6777896047 -0.618700213201 -3.72147092154e-20)
(54.5997879769 -0.633845550214 7.46138569765e-19)
(54.5202126114 -0.648706976467 1.52315964979e-18)
(54.4391183888 -0.663282843519 -8.04074508898e-19)
(54.3565600309 -0.67757145598 -7.25940097462e-19)
(54.2725920139 -0.691571021067 -2.47121575943e-18)
(54.1872688731 -0.70527986101 -8.66061986477e-19)
(54.1006452074 -0.718696446117 3.48707200549e-18)
(54.0127754828 -0.731819306 3.41815571805e-21)
(53.9237139104 -0.744646993665 -6.54766550689e-18)
(53.8335143377 -0.757178053626 -1.92663848856e-18)
(53.7422301622 -0.76941099177 2.96960570303e-18)
(53.6499143721 -0.781344287076 5.1699221801e-18)
(53.5566203751 -0.792976634728 2.06837100496e-18)
(53.4624023202 -0.804307052128 -3.17069554217e-18)
(53.3673123207 -0.815333979713 1.16415332192e-18)
(53.2713984507 -0.826054506013 -3.35138226453e-18)
(53.1747072858 -0.836465081435 3.41067578366e-18)
(53.0772862042 -0.846562247415 1.08717553561e-18)
(52.9791828784 -0.856342454893 -3.5312657035e-18)
(52.8804445659 -0.865801822416 3.69943236133e-18)
(52.7811180128 -0.874936103323 2.49862234983e-18)
(52.6812494617 -0.883740690584 -7.63615694113e-21)
(52.5808846541 -0.8922106307 -9.14692767556e-20)
(52.480068814 -0.900340638333 -5.26931840627e-18)
(52.3788466215 -0.908125105738 -6.44370992278e-18)
(52.277262184 -0.915558105035 1.21321069122e-19)
(52.1753590142 -0.922633383776 2.68352526968e-18)
(52.0731800238 -0.929344359353 2.66473877973e-18)
(51.970767564 -0.935684114369 1.3873041698e-18)
(51.8681636646 -0.941645433006 2.8595154299e-18)
(51.7654114609 -0.94722108216 1.4736590334e-20)
(51.6625565671 -0.952404120801 -2.90585202605e-18)
(51.5596430429 -0.957187214229 3.02645242029e-21)
(51.4567081357 -0.961561591819 1.50419860416e-18)
(51.3537859061 -0.965517923086 0)
(51.250912979 -0.969047612195 0)
(51.1481279822 -0.972141763451 -4.49302112004e-18)
(51.0454696903 -0.974790119385 -5.90611466461e-18)
(50.9429770722 -0.976981498282 4.55401684861e-18)
(50.8406894916 -0.978704683654 4.57003580641e-18)
(50.7386431494 -0.979941262899 4.87353977267e-18)
(50.636873786 -0.980594894115 -5.67118150319e-18)
(55.8937931958 -0.0201984312173 -5.70576946484e-19)
(55.8762861751 -0.0267261794501 -1.51365848854e-18)
(55.8565661528 -0.0331329199575 -5.70569292473e-19)
(55.834187505 -0.0386192480014 2.51231519707e-19)
(55.8089784737 -0.0428753625836 3.10541016386e-19)
(55.7810802736 -0.0459294487923 0)
(55.7507140813 -0.0478564856512 -5.612568268e-20)
(55.7180503474 -0.0487910177518 -5.95378258322e-19)
(55.683236799 -0.0502593205146 1.04346697894e-18)
(55.6463340469 -0.0526224112945 1.60163202492e-19)
(55.6072850169 -0.0559765782886 -4.54685971628e-19)
(55.5660140597 -0.0603582947153 -2.52556148183e-19)
(55.5224651956 -0.0657397322116 3.0698185621e-19)
(55.4765952065 -0.0722099655659 -3.7521614924e-20)
(55.4283499126 -0.0792893651118 -2.18973495672e-19)
(55.3776841404 -0.0863389213991 -2.77691281787e-19)
(55.3246204742 -0.0932210540424 -9.4086012318e-19)
(55.2692352758 -0.0999183402071 7.10124317872e-19)
(55.2116070891 -0.106435526698 7.46561552992e-19)
(55.1518015007 -0.112788283704 -1.24465017504e-18)
(55.0898786035 -0.118993533035 -4.64868785475e-19)
(55.0258993661 -0.125061873848 8.15005570016e-23)
(54.9599260921 -0.13099966183 -2.05639987291e-18)
(54.8920207849 -0.13680974832 1.07800083046e-18)
(54.8222449569 -0.142492812041 2.31047601627e-18)
(54.7506601343 -0.148048637321 1.86349230943e-18)
(54.6773279712 -0.153477088328 6.78325196142e-19)
(54.6023100675 -0.158778731855 -6.39606395628e-19)
(54.5256677605 -0.163955152115 7.42178963647e-19)
(54.4474620378 -0.169009084349 -7.79817222295e-19)
(54.367753347 -0.173944326825 1.52325599759e-18)
(54.2866011246 -0.178765455936 -1.68011136223e-18)
(54.204063639 -0.183477651227 -2.51899776997e-18)
(54.1201981928 -0.188086542784 9.06763889149e-19)
(54.0350611017 -0.192597891645 0)
(53.9487075597 -0.197017223326 2.77037801462e-18)
(53.8611916171 -0.20134949449 1.86145450764e-18)
(53.7725662132 -0.20559882653 -2.93020808424e-18)
(53.6828832597 -0.209768355241 -1.97060746033e-18)
(53.5921938558 -0.213860232283 2.03074167026e-18)
(53.500549237 -0.217875933866 -1.28541829e-20)
(53.4080011807 -0.221816516092 2.24455165087e-18)
(53.3145994213 -0.225682341646 -1.58148246476e-20)
(53.2203897839 -0.229473126025 -5.73520384806e-18)
(53.1254165765 -0.233188610453 1.20603936865e-18)
(53.0297247236 -0.23682888634 -9.63601819518e-21)
(52.9333592487 -0.240394221406 1.38605223137e-18)
(52.8363645795 -0.243884809336 2.52189606018e-18)
(52.738784451 -0.247300518379 -1.57501763166e-18)
(52.6406619493 -0.250640623681 -7.97063633616e-21)
(52.542039601 -0.253903563281 -2.37897932258e-18)
(52.4429594781 -0.257086755054 -3.90564382312e-18)
(52.3434633115 -0.260186499026 7.79637111447e-18)
(52.2435926108 -0.263197976599 1.06525395753e-17)
(52.1433887791 -0.266115343436 -6.77545922559e-18)
(52.0428932186 -0.26893190282 -8.26336971815e-18)
(51.9421474492 -0.271640331536 2.89823574787e-18)
(51.8411933814 -0.274232948098 5.52687698039e-18)
(51.7400747019 -0.276702112573 -2.99287627358e-18)
(51.6388381469 -0.279040597594 -5.66922906384e-18)
(51.5375294298 -0.281241447032 5.73355623338e-18)
(51.4361879282 -0.283297779801 -2.3737847185e-20)
(51.3348501097 -0.285203597105 -5.8540359254e-18)
(51.2335553978 -0.286954367107 -5.90998132045e-18)
(51.1323460192 -0.288545794098 2.32898264442e-20)
(51.0312649213 -0.289972945901 6.02804599329e-18)
(50.9303557429 -0.291230946155 -6.07260742649e-18)
(50.8296620249 -0.292314890384 2.90273011645e-18)
(50.7292283521 -0.293221321776 6.17619905953e-18)
(50.6291029521 -0.293895418118 -2.91659442947e-18)
(42.2205373457 -28.4738309227 -2.72906463424e-17)
(41.4881821811 -28.0430265527 -1.77274716366e-18)
(40.7744934046 -27.5362604117 2.67241979672e-17)
(40.0782062102 -26.9675005363 -9.28410148735e-20)
(39.4063207212 -26.3426361228 -4.4165528189e-19)
(38.7664627077 -25.6651334495 -1.8344468326e-17)
(38.1629192645 -24.9401181778 -6.82234012888e-19)
(37.5979701235 -24.1744538212 1.68225838844e-17)
(37.07366761 -23.3751518005 1.4505392512e-17)
(36.5922916299 -22.547979775 1.68326603968e-19)
(36.1556686183 -21.6979194544 -1.39532421591e-17)
(35.7646090415 -20.8293638962 1.70693555872e-19)
(35.4189669157 -19.9461599316 7.19396979314e-18)
(35.1178332328 -19.0517435646 -6.81757607172e-18)
(34.8595571902 -18.1493832936 -7.41015836157e-18)
(34.6417021612 -17.2425758792 1.6249950865e-17)
(34.4611356751 -16.3353511501 4.17373302849e-18)
(34.3142130111 -15.4323266663 -5.90151371763e-18)
(34.1970921818 -14.5384788133 -1.10125381723e-18)
(34.1060993812 -13.6573376953 4.63621898312e-18)
(34.0379931514 -12.788926206 -2.51725211457e-18)
(33.9905061927 -11.9312721915 -1.53608117207e-18)
(33.9537187702 -11.0927719559 -7.86655193652e-19)
(33.9217870983 -10.2781348256 1.02671292076e-18)
(33.8940934334 -9.49015370181 3.27914222193e-18)
(33.8597004302 -8.73419440676 -2.17788335993e-18)
(33.8087233052 -8.01956928061 -4.38810533318e-18)
(33.7357632796 -7.35784875537 1.53001163788e-18)
(33.6427651529 -6.75781146847 -4.61286928884e-19)
(33.5510444358 -6.21429459372 -1.58508639565e-18)
(33.5084407757 -5.70285905328 1.4308718571e-18)
(33.6314868647 -5.16185889731 3.35811607027e-18)
(34.0323255524 -4.52189239905 1.46277911883e-18)
(34.8430564169 -3.63326782487 -2.83712758987e-20)
(36.1235958623 -2.35781575543 -1.90257482492e-18)
(37.8055176525 -0.564305104645 -6.26526277369e-18)
(39.8690450856 1.5626910198 -3.03348350071e-18)
(42.1293271157 3.81312831099 3.68986565653e-18)
(44.3362695283 6.00589520788 -2.26669455474e-18)
(46.3714174207 7.99840251634 4.70494660496e-18)
(48.1356621543 9.69780318304 4.25382069372e-18)
(49.5863808228 11.1029620928 -2.5915114588e-18)
(50.7269306596 12.1849174178 3.0431848702e-20)
(51.5829589529 12.9437229982 -8.95360757589e-19)
(52.1924074959 13.4144120404 2.27445885744e-18)
(52.6124826457 13.6388887752 7.00404830628e-19)
(52.8939748917 13.6569704584 -5.84698334348e-19)
(53.079409453 13.5000945879 -2.203480283e-19)
(53.2171581605 13.1946859852 8.01941681767e-19)
(53.3727661879 12.7979306493 -1.69803032138e-19)
(53.6075660714 12.4319267865 -2.82864044962e-19)
(53.9574920354 12.2482358485 -3.5216381821e-19)
(54.3374499164 12.3457797236 -5.54349308456e-19)
(54.6638093423 12.6987561095 4.88439212215e-19)
(54.6556300186 13.2550930288 -2.45788589097e-18)
(54.3832281737 13.9152269185 -7.05643919867e-19)
(53.7623374106 14.5306033386 -4.89877321811e-19)
(52.8675235053 15.0143441476 3.64371059539e-19)
(51.8018570387 15.3371771668 2.23396853447e-20)
(50.64520062 15.4911924421 3.26804720052e-19)
(49.4623964473 15.4602036928 -3.08141460982e-19)
(48.3142406432 15.2304216614 -6.23440373265e-19)
(47.2443284644 14.7726193439 -7.98154381374e-20)
(46.2593821201 14.0852773603 -2.15662537491e-19)
(45.3109879272 13.2391811763 -5.33282147249e-19)
(44.3262711594 12.3550178777 -4.00430388371e-19)
(43.2881616949 11.526094695 -3.84836490899e-19)
(42.3853958052 10.7354323539 9.29163892081e-19)
(41.9938852611 9.83700870506 0)
(42.5403874466 8.62335367206 -5.43381604901e-19)
(44.270251397 6.90395998675 -2.61041849723e-19)
(47.1523294466 4.60026484982 1.70685517782e-19)
(50.6894278793 1.85115056826 6.85438394085e-19)
(54.1511556253 -0.962681829663 -2.45340463359e-19)
(56.8560302431 -3.44078121811 7.12565495005e-19)
(58.4828193959 -5.34312664054 4.45106618713e-19)
(58.9606929784 -6.58596895325 1.2744940442e-18)
(58.8106783085 -7.3191848308 6.7661587211e-19)
(58.4217718181 -7.7267149437 4.70865824273e-18)
(57.2702871233 -7.97256503517 -4.14744908098e-19)
(46.1514021693 -22.7990280217 -2.89000464541e-18)
(45.5125154416 -22.6208499312 -5.1503692051e-18)
(44.8835923147 -22.3977771804 -1.89376611972e-18)
(44.2660728615 -22.1356590972 6.69586619139e-17)
(43.661415595 -21.8340360949 1.72017095778e-18)
(43.0720520256 -21.4929802468 -3.10852599177e-17)
(42.5021090657 -21.1131818025 -1.48281833649e-18)
(41.9549294541 -20.6954796081 1.20253600339e-17)
(41.4329759601 -20.2408005819 4.30476887684e-17)
(40.9383816997 -19.7503128764 -8.80285403188e-18)
(40.4730392223 -19.2254887178 -4.56179227291e-17)
(40.0385526903 -18.6680703421 -7.90307528387e-18)
(39.6362340571 -18.0799691437 2.64735260463e-17)
(39.2671524864 -17.4631357174 7.32867210193e-18)
(38.9321736601 -16.8195378109 -3.59214887181e-17)
(38.6320017608 -16.1507784406 -2.15742353838e-17)
(38.3670171235 -15.4587704092 8.00122790292e-18)
(38.1371709577 -14.7454280307 1.06013189822e-17)
(37.9418253804 -14.0124716957 1.41946514444e-17)
(37.7796141546 -13.2633166553 -5.42784860505e-19)
(37.6486107429 -12.5020704246 -9.48390622507e-18)
(37.5466074505 -11.7328165345 6.89517479448e-18)
(37.4711320571 -10.9601181384 4.06946290423e-18)
(37.4195220255 -10.1872764491 -9.73589356541e-19)
(37.388077991 -9.4191795929 -1.03432198057e-18)
(37.3709235784 -8.66032853931 -2.80295743483e-19)
(37.3598717643 -7.91485906473 2.20564152654e-19)
(37.3466508912 -7.18919323257 -1.4268618857e-19)
(37.3313812473 -6.49019609108 -1.73184193548e-19)
(37.2993113833 -5.82836820698 -1.78617197612e-19)
(37.223315943 -5.26943619879 6.80881426198e-19)
(37.0875689185 -4.86938465379 -1.33683402527e-21)
(36.9413899444 -4.50471082687 -1.80385022322e-18)
(36.8057171018 -4.09214253525 -2.34250559804e-18)
(36.8011661889 -3.59617088001 3.03445921159e-18)
(36.9754921871 -2.97782477171 3.70196573501e-18)
(37.3954323297 -2.05965901245 -1.91776249261e-18)
(38.1766490706 -0.702665550626 -4.33559050714e-18)
(39.3402015947 1.09633240336 1.40157597717e-18)
(40.7735135642 3.19162133347 2.93922924831e-18)
(42.3286635273 5.35519549756 7.8447712796e-19)
(43.9244679315 7.4122501423 -2.43766329137e-18)
(45.3968545911 9.20785849868 -1.51370989332e-19)
(46.7228921731 10.6208575762 -8.36805464137e-20)
(47.869402912 11.6404201098 -1.1230660526e-19)
(48.8423509685 12.3084172912 5.1924016486e-19)
(49.6729802212 12.6639465702 2.11357967146e-19)
(50.3830979327 12.716123373 9.02106634698e-20)
(51.0020240926 12.4836382024 -1.07606968683e-19)
(51.5842010816 12.0258208353 -1.80954347285e-19)
(52.204583745 11.5057305194 2.94272519673e-19)
(52.94201369 11.1987917831 3.41383225747e-20)
(53.7974314832 11.3771055111 2.93759048666e-19)
(54.6217335787 12.1792054281 1.76695856854e-19)
(55.1597276563 13.4551489218 8.70906322869e-19)
(55.1336935799 14.856035515 1.02853862462e-19)
(54.4763841271 16.0474183092 -4.03780426302e-19)
(53.3261918899 16.8519336794 1.42194119531e-19)
(51.9067614127 17.2697322492 -6.68166582474e-19)
(50.4133021176 17.3724944261 -2.00726028471e-19)
(48.9596679481 17.1992519232 2.97098102615e-19)
(47.5687093206 16.7763208604 2.71742159497e-19)
(46.2015813428 16.1375995519 1.17596555757e-20)
(44.8112096845 15.3450288154 -1.71697537945e-19)
(43.3961785668 14.4684508078 -2.46203687992e-20)
(42.0932661626 13.5169666708 2.49741949102e-19)
(41.1901790424 12.3945136046 1.50676405461e-18)
(41.0682240339 10.9423487817 0)
(41.9823005668 9.04854909089 0)
(44.0310819861 6.72383982146 2.41868750494e-19)
(46.9803610062 4.07234499262 5.6727336817e-19)
(50.3165526734 1.32469730026 3.23053781863e-19)
(53.4313247578 -1.2143741379 5.2395053269e-19)
(55.8481955106 -3.31933835965 2.75846224284e-19)
(57.3674705892 -4.92599502729 3.29498548974e-19)
(58.0500731497 -6.04577821441 -5.55967430922e-20)
(58.1487981515 -6.76055776371 -5.80372897749e-20)
(57.8745748687 -7.19178077542 -3.36198677033e-19)
(57.543356168 -7.4411364728 -1.08808138017e-19)
(56.7274799321 -7.49554217328 -2.31060284099e-19)
(47.9199746905 -19.2534969952 3.53247174237e-19)
(47.4803644376 -19.1097024826 -2.78264880966e-17)
(47.0374513877 -18.9330379562 -3.39064147477e-20)
(46.5911647419 -18.7277153502 0)
(46.1443214105 -18.4938710378 2.08805321416e-17)
(45.6994069011 -18.2315371216 1.03842135354e-18)
(45.2583088075 -17.940905833 -2.0433380881e-17)
(44.8229070118 -17.6224232893 -1.69077056328e-17)
(44.3952100089 -17.2767121729 7.15043149876e-18)
(43.9772719179 -16.9045281669 4.65224910811e-17)
(43.5711140318 -16.5067365135 -5.35529789844e-18)
(43.1787030988 -16.0843069678 -2.11544023971e-17)
(42.8019467518 -15.6383516616 1.20117037103e-17)
(42.4426651771 -15.1701974229 -1.44525258654e-17)
(42.102583246 -14.6813218286 -1.10955021247e-17)
(41.7833347613 -14.1735182892 8.01315461522e-18)
(41.4865738092 -13.6480324312 -1.08998592871e-17)
(41.2139392803 -13.1057659698 -9.57694519159e-19)
(40.9670332272 -12.5474237315 5.27007953096e-18)
(40.7473345304 -11.9736214947 4.36045400655e-18)
(40.5560322516 -11.3849789383 1.87789424676e-18)
(40.3939194723 -10.7822044161 -3.82059470502e-18)
(40.2613778176 -10.1661661394 -2.20943153549e-18)
(40.1582823093 -9.53792450104 -1.98415737941e-18)
(40.0839570505 -8.89878905525 1.76619082681e-18)
(40.0372671695 -8.25009057109 1.63510932058e-19)
(40.0165908577 -7.59268442308 2.56950313565e-19)
(40.0195624856 -6.92663640498 9.9752944281e-19)
(40.0434572713 -6.25099747566 -1.07724429043e-18)
(40.081174868 -5.56713493799 -6.6144152184e-20)
(40.1200490474 -4.88395304492 -1.20071748871e-19)
(40.1447427667 -4.22435355825 5.70588809034e-21)
(40.1267626935 -3.60517226986 -2.84165098651e-21)
(40.0605512277 -3.04005236661 3.98784741748e-19)
(39.9160859721 -2.53037226222 -4.61722822349e-19)
(39.7586369542 -2.04488369452 -7.33236851886e-19)
(39.6448956104 -1.50987090257 7.01036294416e-19)
(39.5931540745 -0.828869228119 7.25926609404e-20)
(39.7701961283 0.0929094795493 -3.4726721851e-20)
(40.1414827767 1.33831030814 -1.22912279704e-19)
(40.7722411272 2.85972389296 -1.03011181925e-20)
(41.6121502404 4.53121686574 6.71511047867e-19)
(42.6165980595 6.1783321322 9.01566804595e-23)
(43.715245382 7.63454565019 -1.28458041807e-19)
(44.8644214878 8.80826292776 8.44774670536e-19)
(46.0444231726 9.66900731732 -1.53810896152e-19)
(47.2385927262 10.2203919514 -7.43885429983e-19)
(48.4333852215 10.4895666791 7.86043484333e-20)
(49.6000316995 10.4723273146 -1.95417103868e-19)
(50.695587388 10.1485352479 0)
(51.7081529529 9.61979695717 -6.5760612687e-19)
(52.68019086 9.2155198371 -1.73618698729e-19)
(53.6840292552 9.440030493 -1.15815030219e-18)
(54.6962662773 10.6920997839 -3.23388130298e-19)
(55.4587229488 12.9133669019 5.86923677994e-19)
(55.6282738413 15.5382732253 7.44611533625e-19)
(54.9860423316 17.8225570968 3.85327636374e-19)
(53.6235705212 19.2797054393 -6.88623352657e-19)
(51.8485201572 19.8680460386 2.66194290792e-19)
(49.9577417522 19.8261963017 -3.62973082779e-19)
(48.1013168438 19.4178181756 2.58234372197e-19)
(46.2674300084 18.8250894211 7.2358809327e-19)
(44.3980032502 18.1076755075 -7.95310870145e-19)
(42.5527034543 17.2266159743 2.45029823899e-19)
(40.9530755028 16.0585416366 1.76710144129e-18)
(39.9796223991 14.4339283684 1.05818786926e-18)
(39.9600546581 12.2363020637 8.17760107767e-19)
(41.0963041372 9.50559895658 -3.24176048275e-19)
(43.265400562 6.43596375912 7.98388257031e-19)
(46.1569202441 3.32363533087 6.02153191858e-19)
(49.2399013142 0.493794358496 -3.96354979833e-19)
(52.0296954705 -1.8078412827 8.83542917082e-19)
(54.2200252509 -3.56137528554 -1.68005848129e-19)
(55.7197076387 -4.85025690827 -1.36029735992e-18)
(56.5962375384 -5.78010811009 6.45461270684e-19)
(56.9959518078 -6.43333079999 -4.92809402447e-19)
(57.0907976704 -6.86878206663 1.1218980356e-19)
(56.9657886682 -7.13348268638 -1.00940105772e-19)
(56.8158056228 -7.28440208038 3.66969719897e-19)
(56.2629411295 -7.23032859372 2.51166045213e-19)
(48.8176238277 -16.0536780248 1.18697685005e-17)
(48.476371599 -15.9687563062 2.46238168567e-20)
(48.1324790317 -15.8634893312 0)
(47.7870428026 -15.7405642389 -4.67296369307e-19)
(47.4403427143 -15.5990687295 1.68322995296e-17)
(47.0934673809 -15.4381896306 9.68278725063e-18)
(46.7480166746 -15.2572607696 -3.22606129439e-17)
(46.4055219654 -15.0556927872 -4.54213072939e-17)
(46.0674037647 -14.8329714063 6.26854574306e-18)
(45.7350858211 -14.5886904785 2.18421001661e-17)
(45.4100225194 -14.3225705372 5.9961309695e-19)
(45.0936600513 -14.034462517 6.62834546207e-18)
(44.7874080852 -13.7243533047 5.31621507644e-18)
(44.4926285649 -13.3923732256 9.68506145124e-18)
(44.2106189767 -13.0387993948 4.37257199754e-18)
(43.942585201 -12.6640533756 -3.81893584878e-18)
(43.689639969 -12.2686892676 -1.04859952611e-19)
(43.4528445846 -11.8533780441 5.78604324129e-18)
(43.2332492066 -11.4188838687 7.46580271086e-18)
(43.0319131787 -10.9660335092 1.07818620382e-19)
(42.8499117624 -10.4956756749 -8.13331843271e-18)
(42.6883329071 -10.0086410608 -4.30580947074e-18)
(42.5482643737 -9.50570861119 0)
(42.4307675898 -8.98758964575 -2.25709442394e-19)
(42.3368350146 -8.45488809162 -2.25645929953e-19)
(42.2673306177 -7.90806864306 1.46332936426e-18)
(42.2229488516 -7.34734475248 -1.45128894134e-18)
(42.204246611 -6.77245398234 -9.24118541547e-19)
(42.2116939167 -6.1823376976 5.98075912499e-19)
(42.2458787288 -5.57514694245 5.18781580288e-20)
(42.3069414885 -4.94743778553 -1.52059648329e-19)
(42.3929922487 -4.2971158828 -3.64050393955e-19)
(42.4956951482 -3.63018695992 2.28644264848e-21)
(42.6068158435 -2.9558577076 -4.66229443773e-19)
(42.7090205451 -2.29125859442 -8.32436520467e-19)
(42.7919610883 -1.64689808704 2.96978744727e-19)
(42.8526504303 -1.01020026393 8.01987150935e-19)
(42.9171917703 -0.341425065741 3.32716764365e-19)
(42.9732847809 0.406516427688 -5.81158871714e-19)
(43.134661326 1.29980688031 1.02438148874e-18)
(43.4331946977 2.35596060858 -4.51152248083e-19)
(43.8659150626 3.51520373172 -9.20569154158e-18)
(44.4609565217 4.673021681 -3.15779806355e-18)
(45.2283723098 5.71295170456 6.36540223567e-18)
(46.1645565962 6.54292770991 2.70141618334e-19)
(47.2681374549 7.12196127697 -1.89427196597e-18)
(48.5314171916 7.4707025866 -6.529465827e-19)
(49.9306945209 7.65490917741 7.22576714404e-19)
(51.4005579595 7.71984480182 0)
(52.8282707189 7.67035840047 4.13631855397e-19)
(54.0773636854 7.53058174398 -1.11261613831e-18)
(55.0428299841 7.49679340855 6.85850053261e-19)
(55.7357363947 8.03086077723 1.91748354784e-20)
(56.2197734058 9.7033320881 5.39796706453e-19)
(56.4351686792 12.720863203 -1.175859354e-18)
(56.1684386098 16.5054288166 1.54251319764e-18)
(55.1867106974 19.966462413 4.76378424634e-19)
(53.4889202029 22.2078485429 1.07767112779e-18)
(51.3239302842 23.0477621241 3.62704913903e-19)
(48.9698031011 22.9084925163 3.14021040206e-20)
(46.5871094335 22.3361686135 -8.04093548594e-19)
(44.1991614373 21.6229057043 -1.68867898509e-18)
(41.8699479714 20.6949931694 -1.71116955902e-18)
(39.8845507317 19.2790395625 -7.1958685001e-19)
(38.6446630712 17.1002798129 -2.11864826954e-18)
(38.4993659585 14.0884705553 -7.13218461047e-19)
(39.5534368815 10.4567425657 1.965467547e-20)
(41.6182602155 6.5976652807 4.9118102054e-19)
(44.2923364835 2.94645706538 1.45289119718e-18)
(47.1301714995 -0.153233900592 -1.64720952449e-18)
(49.7220003608 -2.49218694895 5.94786291841e-19)
(51.864417412 -4.14021694814 -3.89663063451e-19)
(53.5235281208 -5.27345851719 -3.09107908748e-18)
(54.7285575737 -6.04483466974 1.06136894449e-18)
(55.5394414023 -6.56454925078 -8.81638393662e-19)
(56.029530269 -6.9057456762 4.40806910003e-19)
(56.2816095727 -7.11267574539 -8.05063036712e-19)
(56.3233087493 -7.20242108406 -2.32107926986e-19)
(56.2976628489 -7.22847546412 -3.59007610447e-19)
(55.9004789941 -7.0307853832 5.02365745122e-19)
(49.5303671746 -13.9557627922 -1.63979044906e-17)
(49.2791700278 -13.8870212136 -9.51258905958e-19)
(49.0227117572 -13.8031582043 9.37909648931e-18)
(48.7616622383 -13.7060612109 4.36196560442e-19)
(48.4975854953 -13.5952219962 7.57330713181e-18)
(48.2314134005 -13.4700020387 -7.56350309986e-19)
(47.9638229463 -13.3297676736 6.17211712677e-18)
(47.6956552963 -13.1739526237 2.21205536495e-19)
(47.4279103104 -13.0020569032 -6.17069232136e-18)
(47.1616518465 -12.8136419266 -4.91948978974e-20)
(46.8979843804 -12.6083367867 4.81997746948e-18)
(46.638066402 -12.3858476736 3.19280144721e-19)
(46.3831097739 -12.1459631157 -6.45048806917e-19)
(46.134364286 -11.8885563335 -7.62043695995e-18)
(45.8931053041 -11.6135863632 -7.66289395042e-18)
(45.6606236441 -11.3210972763 -2.62016085928e-18)
(45.4382142698 -11.011215445 -3.16398987732e-18)
(45.2271657699 -10.6841475935 8.53640593613e-18)
(45.0287518479 -10.3401797824 5.58840323344e-18)
(44.8442258287 -9.97967418065 2.67324586282e-19)
(44.6748195401 -9.60305909606 8.06671146767e-18)
(44.5217470728 -9.21080779818 2.52367197304e-19)
(44.3862133939 -8.80340311963 -6.8129964678e-18)
(44.2694268378 -8.3812893891 3.71161667933e-19)
(44.1726135026 -7.94481596094 3.47780550614e-18)
(44.0970321645 -7.49418391419 -1.87684536413e-19)
(44.0439927711 -7.02940224541 -5.91043467811e-18)
(44.0149128828 -6.55023663449 2.43413266778e-18)
(44.0114117672 -6.0561524881 5.21091687276e-18)
(44.0355181084 -5.54627037911 -1.54475605804e-18)
(44.0899061104 -5.01920064887 -3.4823138283e-18)
(44.1778709559 -4.47308725246 -1.55380754182e-18)
(44.3028621083 -3.90703241609 1.22941954833e-18)
(44.4670488422 -3.32217164152 -4.94700745946e-19)
(44.6704554914 -2.7225551122 -6.30948941091e-19)
(44.9107240762 -2.11095012863 -7.48293798689e-19)
(45.185116359 -1.48021046496 -2.06395255189e-19)
(45.4983853564 -0.807566855866 3.51027293291e-20)
(45.8525355426 -0.0623426048883 -2.75456581713e-19)
(46.2624935456 0.77340260394 -3.69013861988e-19)
(46.7483787965 1.69032050523 4.38132296159e-21)
(47.3236166214 2.62980768319 1.74954284804e-18)
(48.0079675259 3.48844064818 1.06533274982e-19)
(48.8328906356 4.15444199776 -7.46565337488e-19)
(49.8232946872 4.55803980474 1.74990484446e-19)
(50.9954793652 4.70719659332 -1.42255986289e-18)
(52.3483352036 4.6918410863 1.08557939016e-18)
(53.8467348746 4.65409054019 2.83399175911e-18)
(55.414724399 4.73674496477 -1.67712875051e-18)
(56.9205430308 5.03515812514 -4.60033194128e-18)
(58.1764733904 5.59167356623 -1.43056604904e-19)
(58.964111458 6.4972988051 1.29905208864e-18)
(59.1629090164 8.01133716895 8.93658685252e-19)
(58.809285165 10.5474845373 1.89399656487e-18)
(57.9755697803 14.3395211124 -1.3825697986e-18)
(56.692941493 18.9214944532 -2.5781391901e-18)
(54.9183215768 23.1356478707 -9.33334560763e-19)
(52.6521174747 25.8901875065 1.62240699844e-19)
(50.0111190833 26.9199755149 -8.39051123903e-19)
(47.1601102059 26.7542519211 2.6727609987e-18)
(44.2570938671 26.0589535355 -1.73287424036e-18)
(41.4323195232 25.0341145901 -2.53374339148e-18)
(38.9464325742 23.3896258425 -2.32313522597e-18)
(37.224323597 20.7333493263 1.24907940684e-18)
(36.6265418819 16.9562229556 -1.79703570942e-18)
(37.2807880516 12.3865902077 -1.80716776936e-19)
(38.9758784109 7.59443944036 -1.51529249467e-18)
(41.3044714809 3.15462169602 4.84265127154e-19)
(43.8934149587 -0.512643025174 -5.26702565494e-18)
(46.4981527176 -3.2476321861 6.00958014588e-19)
(48.9273705164 -5.1208141079 -3.23950505296e-19)
(51.0013520294 -6.29047789161 -4.75450351228e-18)
(52.6719563168 -6.95076132571 4.04158477029e-19)
(53.945446911 -7.28154514259 2.54241577269e-19)
(54.8500338004 -7.41844508118 1.17370960405e-18)
(55.4389517678 -7.4461081171 1.48861971847e-18)
(55.7873481044 -7.40970158249 2.30452372578e-19)
(55.9160995351 -7.31348892529 2.55882953651e-19)
(55.9469915888 -7.20953065125 -3.78432891193e-19)
(55.6483769258 -6.86604402822 2.03985014823e-19)
(50.0617833621 -12.1536835528 1.19021043737e-17)
(49.8565290899 -12.0995956495 1.60411050728e-17)
(49.6487097547 -12.0349880197 -2.36069967031e-17)
(49.4383443394 -11.9611996482 -2.39048606508e-17)
(49.2253601923 -11.8776526201 2.42966693428e-17)
(49.0101437153 -11.7837877335 2.52699557177e-19)
(48.7933753678 -11.679067668 -8.35771916714e-19)
(48.5757416174 -11.5629599828 -1.41019529758e-17)
(48.3579184861 -11.4349457606 -5.5761611749e-18)
(48.1406431985 -11.294534282 5.49280046002e-18)
(47.9247301481 -11.1412690477 -8.67622267267e-18)
(47.7110549645 -10.9747316418 1.55499211275e-17)
(47.5005437495 -10.7945471416 1.5358070073e-17)
(47.2941723452 -10.6003897976 -1.65591546785e-17)
(47.0929660411 -10.3919879835 1.78879074983e-18)
(46.8979956639 -10.1691284313 9.87474770912e-18)
(46.7103730409 -9.93166051828 -8.74928779352e-18)
(46.5312471861 -9.67950130446 -1.31955726457e-19)
(46.3618006954 -9.41264038118 2.038595195e-18)
(46.2032463433 -9.13114167245 -1.7333341407e-18)
(46.05682484 -8.83513948032 1.6692882789e-18)
(45.9238050842 -8.52482886951 1.89490145151e-18)
(45.805488014 -8.2004530564 -8.44974379223e-18)
(45.7032147565 -7.86228749553 -1.49145690448e-18)
(45.61838108 -7.51061337625 8.84878192457e-18)
(45.5524582189 -7.14568115192 1.52561328652e-18)
(45.5070216836 -6.76769240587 -3.89517685631e-18)
(45.4838058981 -6.37684304498 -3.59548625866e-19)
(45.4847740149 -5.97342675246 -2.87139991334e-18)
(45.5122249035 -5.55790656611 1.02315416004e-18)
(45.5690178705 -5.13090055629 6.43287915843e-18)
(45.6585425021 -4.69304331989 -9.83461586885e-19)
(45.7848899872 -4.24506694173 -1.49424991988e-18)
(45.9522047682 -3.7882187069 1.01798376148e-18)
(46.1645820431 -3.32388604564 -5.76409252763e-19)
(46.4270419821 -2.85086589787 -7.10787462851e-19)
(46.7444973949 -2.35852512663 -3.89824571913e-19)
(47.1273244228 -1.82524041334 1.55635186724e-19)
(47.5848576155 -1.22170915401 -4.09110682633e-19)
(48.1291801291 -0.536868863112 -4.76907491967e-21)
(48.7717519346 0.200462227202 5.81667828476e-19)
(49.5226033121 0.908640552534 -1.8872430752e-18)
(50.4071326012 1.47159577306 -1.61246264985e-18)
(51.4513668376 1.78414934715 2.09112314887e-18)
(52.6732007329 1.81040821112 1.57121236864e-18)
(54.0727220418 1.61956982602 -4.60394761322e-18)
(55.61930314 1.38090246432 1.25698710837e-18)
(57.2463018171 1.31816772527 -4.1796569593e-19)
(58.8410816513 1.64575128074 -4.30025968176e-18)
(60.2576692763 2.51693596048 1.59424510372e-18)
(61.3363277428 4.02502741432 6.58011924116e-18)
(61.7838935186 6.25604270222 -1.30243772336e-18)
(61.457005762 9.29752443389 -1.46464993104e-18)
(60.3710655444 13.2315996782 -1.70371933606e-18)
(58.5912336125 18.044158293 -1.54703416049e-18)
(56.3099221807 23.2113215751 -2.06488157677e-18)
(53.6928331968 27.6836219555 -3.54570653616e-18)
(50.8229636651 30.5170969681 -3.44097386841e-20)
(47.7214072714 31.5463095565 -4.1789436269e-18)
(44.4651730841 31.3125294629 4.08840537713e-18)
(41.2315166563 30.3511760579 -3.63088683639e-18)
(38.2514646746 28.592632586 7.53516098895e-20)
(35.8782252556 25.6599071673 1.74141246407e-18)
(34.5219089344 21.3119561785 8.40142441432e-18)
(34.4259793912 15.839932237 1.34582655168e-17)
(35.500593117 9.95197209493 3.59667492475e-18)
(37.4367829807 4.34173889828 -3.49156473579e-18)
(39.9466576149 -0.444571989395 -1.17855340132e-19)
(42.7711407591 -4.09022023675 -2.89434359305e-18)
(45.6519785172 -6.54336922273 4.12628824357e-18)
(48.318760264 -7.96589952171 2.31606983477e-18)
(50.5746002118 -8.58816568819 3.04528845658e-18)
(52.3496136749 -8.68766524204 1.14899116675e-18)
(53.6662382789 -8.52028098841 -5.00893367239e-19)
(54.5897497542 -8.25575974931 1.22944949988e-18)
(55.1923806236 -7.9735654417 -1.02450656444e-18)
(55.5506373056 -7.70036374943 5.52442365313e-19)
(55.6925517291 -7.42378806799 8.89576713963e-19)
(55.7376307865 -7.1948250008 -1.09956676206e-19)
(55.4787420767 -6.6946936561 -9.8920721017e-18)
(50.4463894824 -10.7506071422 1.11040374861e-17)
(50.2796957581 -10.7078182698 6.0834317116e-18)
(50.1100241806 -10.6569693506 -7.8879522248e-19)
(49.9375969176 -10.5992664221 -5.0974633936e-18)
(49.7628452451 -10.5343193382 -1.01957570695e-18)
(49.5861804419 -10.4616563242 -3.63761182786e-18)
(49.4079907336 -10.3808115589 2.57558630254e-18)
(49.2287101185 -10.2913549738 4.93388416345e-18)
(49.0488390958 -10.1928732111 -1.24677993576e-17)
(48.8689330486 -10.0849607644 0)
(48.6895975546 -9.96722673961 3.37264567403e-18)
(48.5114937316 -9.83930338416 -2.40976652576e-21)
(48.3353417781 -9.70085152454 -6.296801878e-18)
(48.16192082 -9.55156488784 -7.85845466071e-20)
(47.9920686427 -9.39117513071 -1.54026325213e-19)
(47.8266825738 -9.21945764658 -2.48263392745e-18)
(47.6667205101 -9.03623718812 2.40584959298e-18)
(47.5132016375 -8.84139243509 2.34400916473e-18)
(47.36720705 -8.63485961321 0)
(47.2298806162 -8.41663674937 5.28369376439e-20)
(47.1024308469 -8.18678921087 6.11621234915e-18)
(46.9861350932 -7.94545313555 -6.43997677899e-18)
(46.8823452957 -7.69282979312 -6.22171559985e-18)
(46.7924961883 -7.42916785525 1.05880007966e-17)
(46.718114926 -7.154741401 2.53613062875e-19)
(46.6608367991 -6.8698472128 -1.77776477349e-18)
(46.6224299344 -6.57486859841 1.02510635345e-19)
(46.6048440814 -6.27042329518 -4.22162967881e-18)
(46.6102709756 -5.95752427541 9.60510669668e-19)
(46.6411721898 -5.63759737077 1.54967143852e-18)
(46.7005001741 -5.31231844631 -5.20143843895e-19)
(46.7914316688 -4.98324294106 1.92916990115e-18)
(46.9172104745 -4.65180335824 6.6749498335e-20)
(47.0817216669 -4.31960644008 -7.80341892223e-19)
(47.2884747533 -3.98758380073 1.10885520664e-18)
(47.5441041657 -3.65489916606 -3.26636989001e-19)
(47.8549384366 -3.31458504709 -4.21733519e-20)
(48.2336369176 -2.94886298787 -5.54192149165e-19)
(48.6921724932 -2.53843476947 9.14984609003e-19)
(49.24010733 -2.08315953173 2.97916728434e-19)
(49.8989793564 -1.63225367473 -2.3020259909e-18)
(50.6929566939 -1.28150472618 -1.65257544884e-18)
(51.6491492722 -1.14406740169 1.87202787868e-18)
(52.7912894698 -1.2881077254 2.07392122028e-18)
(54.1246765615 -1.67836367511 7.07727676522e-18)
(55.6248882306 -2.15284218833 2.18455235896e-18)
(57.2224519524 -2.4466423475 -5.22204783796e-18)
(58.818644614 -2.26057908593 -4.76941350338e-18)
(60.2489150749 -1.33830528717 6.56410277603e-18)
(61.3966098634 0.484920389466 -3.70834419708e-18)
(62.0219147954 3.27927879508 -6.00016997857e-18)
(61.8796620147 7.05290163562 2.69474246856e-18)
(61.1405628599 11.7761050156 2.36978972299e-18)
(59.5047729578 17.292466919 -6.62621352066e-19)
(57.1131424437 23.2131020629 -2.03513340405e-18)
(54.2252191483 28.822228375 2.38517874671e-19)
(51.1125262079 33.2346837616 3.17935747831e-18)
(47.8769365145 35.853753046 5.73302041919e-19)
(44.4959229682 36.7205180975 -5.64761496549e-20)
(41.0537607802 36.2954427443 -3.50355847214e-18)
(37.7226138348 34.7619612033 -1.33215535764e-18)
(34.798795617 31.8436273039 2.68131561096e-18)
(32.6490743972 27.2939142082 2.75541315361e-19)
(31.5744558446 21.1998861266 -6.55659251823e-19)
(31.8167057621 14.165731843 -3.22306665725e-18)
(33.2800920186 7.05278819555 -8.52014804364e-18)
(35.6934495245 0.590493917611 -1.76218149255e-18)
(38.800803503 -4.62580721717 -7.95333950843e-18)
(42.2459479785 -8.24812158206 2.52612363214e-18)
(45.5906201988 -10.2779742158 -5.68697439921e-19)
(48.5054508118 -11.0146138344 1.05845809168e-18)
(50.8365827662 -10.8924401554 5.7629779025e-18)
(52.5789109965 -10.3326871617 5.34998807207e-19)
(53.8172230032 -9.64384938409 -7.32932135201e-19)
(54.6616779685 -8.99129276946 -1.03496016027e-18)
(55.2040910198 -8.42606942935 -1.20136896699e-18)
(55.52092867 -7.94170941243 -9.02555074318e-19)
(55.6339903728 -7.49873793117 2.43620161679e-19)
(55.6589857347 -7.15031150488 3.60567971394e-19)
(55.3734495819 -6.50984938812 -5.75909401063e-19)
(50.7245259479 -9.53945124278 6.51984448468e-18)
(50.5817172214 -9.50696572008 4.89851624168e-18)
(50.4361045858 -9.46838246704 -1.34154115525e-17)
(50.2884308276 -9.42470896423 -4.14408337853e-19)
(50.1392160909 -9.37570448278 4.062277754e-19)
(49.9887382733 -9.32107038764 -4.56790298567e-18)
(49.8370714195 -9.26046750604 -6.5313196308e-18)
(49.6843266766 -9.19352335816 -1.05187554466e-17)
(49.5308538479 -9.1198742365 1.02311069492e-17)
(49.3771126151 -9.03918949252 1.00927454574e-17)
(49.2235836273 -8.95116264988 1.12383514306e-17)
(49.0707786288 -8.85550088635 1.40199283593e-17)
(48.9192618014 -8.75192852989 -1.04164693877e-17)
(48.7696543541 -8.64019633367 -6.11113783688e-18)
(48.6226325304 -8.52008868475 2.03134712043e-19)
(48.4789289649 -8.39142880771 -7.10257385264e-18)
(48.3393371866 -8.25408457825 -3.52674141272e-20)
(48.204715047 -8.10797516564 0)
(48.0759879776 -7.95307823264 0)
(47.9541526802 -7.78943953737 1.62411614197e-19)
(47.8402816508 -7.61718386308 0)
(47.7355303493 -7.43651745437 4.97411476914e-18)
(47.6411451747 -7.24772100716 -3.32189273447e-18)
(47.5584725016 -7.05114087657 -5.72739287474e-18)
(47.4889683387 -6.84719397563 3.10330419133e-18)
(47.4342252925 -6.63641451633 3.9448625983e-19)
(47.3959999575 -6.41957505749 2.9988751652e-19)
(47.3762827511 -6.19789226153 2.33061283584e-19)
(47.3773145898 -5.97311101956 7.06839567175e-19)
(47.4015462057 -5.74736464528 -6.94056843908e-19)
(47.4519204479 -5.52271714671 -7.26037386303e-19)
(47.5310699744 -5.30105242243 3.31374463118e-19)
(47.6420280126 -5.08389929408 -2.7460386235e-19)
(47.7889686249 -4.87331523946 -4.9824358434e-20)
(47.9782618604 -4.67056211079 -1.09314097068e-18)
(48.2129360854 -4.47635962443 -6.97143274331e-20)
(48.4968087749 -4.28898131471 7.19757375825e-19)
(48.840417912 -4.09947666378 8.5634315035e-19)
(49.2589505392 -3.90116274365 5.59308970052e-19)
(49.7690028255 -3.70780237766 -8.84120602393e-19)
(50.3875696942 -3.5824922993 -1.07503274838e-18)
(51.1348567682 -3.63439472767 -1.13164921952e-18)
(52.0373801357 -3.96332083697 2.07800866135e-18)
(53.1108524404 -4.57483404082 9.52481961929e-18)
(54.3357980837 -5.32848419514 -4.08136410509e-19)
(55.6605118622 -5.94689309614 -2.25236631259e-18)
(57.0064381438 -6.07994156293 -7.31769060537e-19)
(58.2678850632 -5.37410229844 5.20524729702e-19)
(59.2903236885 -3.57164124589 -1.05591368268e-17)
(59.9467661656 -0.548151234744 -2.02795212622e-17)
(60.033292384 3.71971408296 1.64021398258e-17)
(59.4388586758 9.14472580466 9.14000632908e-18)
(58.1048929109 15.516327318 -4.02676682733e-19)
(56.0883457969 22.4182918255 -2.17037938759e-18)
(53.4877657345 29.1533428828 7.10578258259e-18)
(50.5081435282 34.9340457956 -4.29395083261e-18)
(47.3852039282 39.1169937886 -5.52444355945e-18)
(44.1696622421 41.4536651504 1.25091925293e-18)
(40.8715123535 42.1177728558 6.16293088662e-18)
(37.5569523702 41.3256423383 -9.15944958057e-18)
(34.4043233535 38.9252125111 8.84509224902e-18)
(31.709312058 34.6219571113 -1.98422740891e-18)
(29.8210008912 28.3628797029 -6.52283245936e-18)
(29.1209157459 20.4873711221 4.38681330537e-18)
(29.9478045939 11.7900324074 -3.16044494355e-17)
(32.1535324207 3.24827445927 2.91599750156e-18)
(35.3708515126 -4.18921071994 1.01748305275e-17)
(39.2323790478 -9.69245379936 3.25804171314e-18)
(43.1871996003 -12.9457546036 -6.42942002745e-18)
(46.7368726626 -14.1963353212 -7.72887548548e-18)
(49.6225336655 -14.0098075988 -3.27343596077e-18)
(51.7925591699 -13.0300219629 -1.67906978556e-18)
(53.3281143863 -11.784171844 -1.10704606011e-18)
(54.3690152031 -10.5927101186 0)
(55.0503025406 -9.58432797215 1.68183866657e-20)
(55.4665797257 -8.76415070473 2.67104721528e-20)
(55.6887339011 -8.09138521951 -7.79929205982e-19)
(55.7270552268 -7.5033146306 -8.34408206607e-19)
(55.7073702554 -7.04841117483 2.95350733939e-20)
(55.3543455023 -6.29870265959 8.0554120296e-19)
(50.894050975 -8.49351839292 1.01194434258e-17)
(50.770116587 -8.47089445586 4.16933996725e-19)
(50.6438274114 -8.44356622585 -8.13689827949e-18)
(50.5151236447 -8.4123148916 3.85034724253e-18)
(50.3841784635 -8.37692727215 3.53781430393e-18)
(50.2514732438 -8.33720641124 -3.76796140874e-18)
(50.1175849872 -8.2929794284 -3.37406433243e-18)
(49.9829902084 -8.24405437807 2.91080616619e-18)
(49.8478705628 -8.19022558538 -1.09176109404e-17)
(49.7122949878 -8.13127373693 1.59773897613e-18)
(49.5765199292 -8.06697185117 1.12919305026e-17)
(49.4409659613 -7.99709603178 -5.03239358073e-18)
(49.3060924112 -7.92143610861 6.5674121848e-18)
(49.172369232 -7.83981059983 1.26942727983e-17)
(49.0403083841 -7.75208499013 3.85248157193e-18)
(48.9104848216 -7.65816971269 -1.15051739182e-17)
(48.7835343801 -7.55801969288 -9.11819211067e-18)
(48.660148611 -7.45164176743 -5.0050807941e-20)
(48.5410763254 -7.33910469478 -5.53248001659e-18)
(48.4271296716 -7.22054926269 -2.95371737367e-19)
(48.3191899859 -7.09620135209 7.62468652985e-18)
(48.2182095057 -6.96638732028 6.33569287678e-20)
(48.1252248379 -6.83151699335 8.20371168789e-19)
(48.0413632386 -6.69207255329 4.2446726138e-20)
(47.9678309493 -6.54869260588 4.07457189477e-18)
(47.9059969849 -6.40222941993 -1.80312935087e-18)
(47.857283444 -6.25399350788 -7.69401489326e-18)
(47.823541865 -6.1058218463 1.43758241942e-18)
(47.8066050389 -5.96000758576 2.27139758274e-18)
(47.8089139806 -5.81907456085 4.34656250941e-20)
(47.8324733328 -5.6856322438 -1.79034385e-19)
(47.8796931296 -5.56312369411 8.89089662143e-19)
(47.9523288511 -5.45358972092 -6.93579858877e-20)
(48.0548993721 -5.35648349731 2.76080715943e-20)
(48.1906306599 -5.27348026431 -4.79876219368e-19)
(48.3605723283 -5.20904000036 2.41108473087e-18)
(48.5708358192 -5.1684007064 -1.48943743309e-18)
(48.8308570949 -5.15488182123 -3.68604583614e-18)
(49.1533088158 -5.17091200503 -6.05087110992e-19)
(49.5520350327 -5.2347860039 4.43518832608e-18)
(50.0373877477 -5.41643787127 -5.52846826985e-19)
(50.6145477652 -5.84033599017 4.58254925362e-18)
(51.2895391201 -6.57839840803 9.08591962045e-18)
(52.0661629121 -7.50795217623 -4.46137195911e-18)
(52.9269535099 -8.39331545388 -1.49213137979e-17)
(53.8071811244 -8.91528603943 6.73707851191e-18)
(54.6292046921 -8.66417777022 -1.45420898428e-18)
(55.3064810262 -7.27403798243 0)
(55.7307313311 -4.46147455418 1.66393219767e-18)
(55.7493348533 -0.195837045851 1.6874304408e-17)
(55.2799987785 5.39232157855 1.23439748361e-17)
(54.2735756448 12.1251007587 -5.699269713e-18)
(52.7186965849 19.7230742071 4.13010708245e-19)
(50.7275095397 27.5764446189 -2.86346035066e-18)
(48.4379575027 34.7773936096 -5.00190350196e-18)
(45.9749792144 40.5385271928 8.00407298897e-18)
(43.3974454273 44.467419903 1.43291692926e-18)
(40.7153434757 46.5921769735 4.03677210488e-18)
(37.9572492196 47.0643280281 -4.24299812312e-18)
(35.2136432878 45.8044214562 2.58269334853e-18)
(32.7083112856 42.4955552475 7.88579346258e-19)
(30.71679205 36.8716554453 -1.39120094871e-17)
(29.5560591324 28.9554817988 2.91750249722e-18)
(29.5708999803 19.1901449718 3.83693318943e-18)
(31.001019569 8.57082355128 4.79168362403e-18)
(34.0189332578 -1.57590516722 -2.3728239925e-19)
(37.9558679335 -9.81244027854 7.3113465691e-19)
(42.2012650137 -15.1598043205 2.32279039052e-17)
(46.1175169597 -17.5964891392 1.1193608274e-17)
(49.3430474131 -17.7775293852 -1.40998355891e-18)
(51.7783412966 -16.5442366878 -9.42823585414e-20)
(53.4752841781 -14.7000879944 4.63789042674e-18)
(54.5873361778 -12.827836107 1.26971949394e-19)
(55.2894977656 -11.2180773956 -4.18759814456e-18)
(55.7155333583 -9.9337346811 -4.38092425267e-20)
(55.9411673849 -8.92086194978 6.45604002412e-19)
(56.0198798613 -8.10250864365 7.28098163883e-19)
(55.9476740455 -7.40002446471 3.79962116204e-20)
(55.855346265 -6.86258987363 -9.3377464386e-19)
(55.4103643486 -6.03551483852 -3.32740707263e-18)
(50.9770256655 -7.55310807992 -1.03903692286e-17)
(50.8654699829 -7.53847206756 -3.57443639719e-18)
(50.7519241038 -7.52038005975 1.04586769562e-17)
(50.6366467407 -7.49953096268 -2.66076604395e-18)
(50.5197007701 -7.47572690942 -2.95727067351e-19)
(50.4009613318 -7.44874661883 5.72254021099e-18)
(50.2803651761 -7.41839507808 -1.03842158082e-17)
(50.1580110814 -7.38451252889 -3.63243566578e-19)
(50.034168621 -7.34695903607 1.0555055288e-17)
(49.9093453859 -7.30558343887 -2.77303836095e-20)
(49.7841124205 -7.26024999082 6.41193082286e-18)
(49.6589008717 -7.21085204842 2.40899119725e-18)
(49.5339999456 -7.15731019167 -2.45011022669e-18)
(49.4096045072 -7.09956079613 -1.81204441761e-18)
(49.2859537148 -7.03755065907 -5.2877902399e-18)
(49.1634363358 -6.97126265293 -2.97350489093e-18)
(49.042528826 -6.90073099216 4.42333191787e-18)
(48.9237453074 -6.82604737821 2.4288317497e-19)
(48.807638981 -6.74736863248 -2.9541366658e-18)
(48.6948093193 -6.6649282368 2.57803475365e-18)
(48.5859009646 -6.57904612465 2.09664740734e-18)
(48.4816085353 -6.49013551348 1.68119761057e-19)
(48.3826784073 -6.39873691782 -1.85766537882e-18)
(48.2899263058 -6.30547227342 6.52929568432e-20)
(48.2042489634 -6.21116923157 3.35624715205e-18)
(48.1265636159 -6.117209393 3.75956303019e-19)
(48.057920437 -6.02560315158 -2.65286571213e-18)
(47.9992734386 -5.93915251283 7.51084536939e-19)
(47.9518512667 -5.86070826767 7.6802312734e-19)
(47.9166607709 -5.79306143487 -3.96952755029e-19)
(47.8948734765 -5.73758401312 -3.33173476149e-19)
(47.8871539996 -5.69530011839 -6.70689061624e-20)
(47.8951611739 -5.66519807138 7.67110923524e-20)
(47.9203746667 -5.64725291847 -3.60081259203e-19)
(47.9633608433 -5.64994558985 -1.64074995942e-19)
(48.0283131542 -5.67880453862 -7.78301590681e-19)
(48.1186556446 -5.75385276229 1.16488239049e-18)
(48.2393536131 -5.87714858309 1.13572628086e-18)
(48.3952077014 -6.05955856113 1.66750295023e-18)
(48.5916309618 -6.31787928797 -1.81492956908e-18)
(48.8299363555 -6.71076776698 1.85318077591e-18)
(49.0985723528 -7.33189819043 7.01575398083e-18)
(49.3758766645 -8.22947154445 -5.24304420652e-18)
(49.6488306063 -9.2694998925 -7.65692283413e-18)
(49.9286449693 -10.1556924813 -7.33355788744e-18)
(50.1875737711 -10.3415057891 -4.85981673782e-19)
(50.3517601545 -9.65612541622 9.81354836631e-18)
(50.3661237142 -7.52936160399 2.80982046931e-17)
(50.18570238 -3.78862882023 1.4842345261e-17)
(49.77169024 1.59465041537 -2.12178314924e-17)
(49.0492940041 8.40283863322 -7.44984922087e-18)
(47.955053836 16.2510623534 -1.05446056622e-20)
(46.6956747505 24.4066463041 6.85104405939e-19)
(45.1629733837 32.2888573151 -3.83540402568e-18)
(43.6001803029 39.2830544038 -2.82499212474e-18)
(42.0492028648 44.8695012007 9.08196785409e-19)
(40.4569831317 48.6871866097 -6.79765218576e-20)
(38.7558387177 50.7084354951 -4.88571080983e-18)
(37.0028314014 50.9307748065 -1.07816058944e-17)
(35.3000191202 49.1300051802 8.02530420772e-18)
(33.8364325849 44.9401324488 -1.47320020858e-17)
(32.8083966456 38.0703909799 -2.42565595963e-17)
(32.6203296714 28.557761215 1.05017181436e-17)
(33.799537148 16.9665969544 -2.52586034515e-17)
(36.4678796683 4.50572296091 1.9623565077e-17)
(40.1123874742 -6.94375345789 -3.48108427937e-18)
(44.1720401515 -15.465336161 -4.26380277662e-17)
(48.0268894434 -20.0813983465 -2.68082480591e-17)
(51.1093502778 -21.3174217914 1.97313943765e-17)
(53.3319101939 -20.2997975618 1.3996121963e-18)
(54.8331329406 -18.0864396809 -9.94173088213e-18)
(55.7379993041 -15.551034626 2.69426062383e-18)
(56.2296571181 -13.2491855753 8.23023604937e-18)
(56.4779691833 -11.3907593023 1.94513230306e-19)
(56.5802600741 -9.95628062328 -1.74715217079e-18)
(56.5714243625 -8.83950901358 4.43114804106e-20)
(56.4748164972 -7.9412569149 -6.07149124763e-19)
(56.2645638878 -7.17624365358 -1.76468468577e-19)
(56.0750409548 -6.59366441908 3.17762445944e-19)
(55.5288215388 -5.72067621503 2.45088450459e-18)
(50.9922157084 -6.68638609432 7.31470582452e-18)
(50.888508234 -6.67807741346 5.18918111164e-18)
(50.7826701281 -6.66709694249 -6.26435478457e-18)
(50.6749854569 -6.65409962611 2.80796104118e-18)
(50.5655910026 -6.63899904086 -4.95016977849e-18)
(50.4545823344 -6.62167128096 -3.12789529009e-18)
(50.3420662106 -6.60197220534 2.83029367544e-18)
(50.228184658 -6.5797532724 -2.33024910707e-18)
(50.1131190561 -6.55486888369 8.45213574192e-18)
(49.9969440812 -6.52718867756 2.54910100853e-18)
(49.8795888005 -6.49661570295 -1.1864311221e-17)
(49.761044098 -6.46309138424 -2.88716007694e-19)
(49.6414806839 -6.42658719617 7.24011369419e-18)
(49.521261144 -6.38709950721 -4.71889771755e-18)
(49.4007824816 -6.34463836583 -4.79337739682e-18)
(49.2803451202 -6.29923889884 1.30096550535e-17)
(49.1602171581 -6.25097834362 5.97884034813e-19)
(49.0407009779 -6.19998858132 -1.08175546663e-17)
(48.9221341715 -6.14646624874 1.21034522927e-19)
(48.8048970825 -6.09068477474 5.42162215298e-18)
(48.689440133 -6.03301305524 1.4482096782e-18)
(48.5762127677 -5.97393396605 -6.37410157774e-18)
(48.4656114983 -5.91404977739 6.1702051158e-19)
(48.3580316569 -5.85409093334 -1.79628936702e-18)
(48.2538997364 -5.79498541477 -2.30491521426e-19)
(48.1536545703 -5.73786785005 4.11819771166e-18)
(48.0577212571 -5.68421817455 -8.95848069508e-19)
(47.9663795754 -5.63589547586 -1.51885195947e-18)
(47.8797123587 -5.59481133105 5.55529623885e-19)
(47.7975164415 -5.5630053936 1.34612252235e-18)
(47.7197374735 -5.5404562564 3.41316673416e-19)
(47.6459886771 -5.52952959006 4.12331349547e-19)
(47.5759279585 -5.53260005072 5.19992602111e-19)
(47.5101273171 -5.55633943312 7.38385023665e-19)
(47.4494144295 -5.6128275209 -8.29229304079e-19)
(47.3933502912 -5.70918588044 -3.07334865874e-20)
(47.3406460154 -5.8517897459 8.33631177613e-19)
(47.2892377309 -6.04640800932 0)
(47.2371396478 -6.29843250849 -7.04013044409e-18)
(47.1813070428 -6.62011488389 3.77172936288e-18)
(47.111249851 -7.04954720142 1.15364289835e-17)
(47.0026865192 -7.65688973715 -2.78201240901e-18)
(46.8228129547 -8.48445584176 4.66260391654e-19)
(46.5523794788 -9.40702678112 -1.63579038244e-17)
(46.1990224519 -10.1645347264 -3.61603153899e-19)
(45.7976372365 -10.0309966772 1.38744535373e-17)
(45.3416366494 -8.83373938523 -5.33764226033e-19)
(44.8013878842 -6.17286375353 8.0307718526e-18)
(44.1878035146 -1.9190120781 1.38528045008e-18)
(43.5462842903 3.98386169383 -1.06935476341e-18)
(42.8821587918 11.188055387 5.52101539966e-18)
(42.21502647 19.2592624394 1.5557663241e-18)
(41.554086151 27.5071094467 1.57052840028e-18)
(40.9252311897 35.2147097796 1.18348074805e-18)
(40.4232755484 41.9131866215 1.96353457181e-18)
(40.1797045919 47.27562653 -8.52931274392e-18)
(39.8409680525 50.8734590983 -3.07385022097e-18)
(39.5538087935 52.9121394697 -1.02205871364e-17)
(39.1927883418 52.7737958802 -1.41900691425e-18)
(38.9795954312 50.692994342 2.80270059305e-17)
(39.1074014516 45.6849482135 -4.0989122698e-17)
(39.9197270596 37.4557928719 -1.78575388667e-17)
(41.7237772309 25.9037218669 6.07000983744e-18)
(44.3136211956 12.5945890204 4.88869470987e-17)
(47.3746369355 -0.492783062711 -3.35249936968e-17)
(50.6343981096 -11.7934491426 2.98101039145e-17)
(53.6820701853 -19.8453712756 3.45301747357e-17)
(56.0538543686 -22.9703033677 -2.40207581819e-17)
(57.5313787732 -22.9030215583 -1.73655194431e-17)
(58.2036543062 -21.1807337423 3.96326596969e-18)
(58.3538284696 -18.3207429894 2.6985075792e-18)
(58.2347264792 -15.436473621 1.30925260538e-18)
(58.0138336363 -13.0086046517 -1.01571801875e-18)
(57.7748256923 -11.121869921 -1.61642402887e-18)
(57.5322618048 -9.67928321226 0)
(57.2673241692 -8.5475982517 -1.16226700734e-19)
(56.9772860313 -7.62860402428 8.5302076241e-20)
(56.6213958612 -6.84401772502 1.01420324284e-19)
(56.3357635492 -6.24214166347 6.35236729246e-19)
(55.7030922943 -5.35017625133 5.98330823113e-18)
(50.9598857826 -5.87186067469 5.54247895057e-18)
(50.8623913143 -5.86817159927 5.71465717185e-18)
(50.7627143133 -5.86234116931 -2.76374150722e-18)
(50.6610546924 -5.85494198353 -4.81296813126e-18)
(50.5574671601 -5.84590716431 -7.08074451234e-18)
(50.4519827674 -5.83515213241 4.5783785556e-18)
(50.3446316094 -5.82259494371 9.08351265392e-18)
(50.2354560182 -5.80816018764 -1.93941621961e-18)
(50.1245114123 -5.79178148089 -3.05573592986e-19)
(50.011862655 -5.77340627576 7.64908107457e-18)
(49.8975839805 -5.75297661902 -3.49101137659e-18)
(49.7817789785 -5.73042878547 -5.60197102905e-18)
(49.6645780028 -5.70570523057 3.40549106344e-18)
(49.5461090234 -5.67877304791 -4.40804124929e-18)
(49.4264943249 -5.64964183951 -4.71657644351e-18)
(49.3058613637 -5.61835957878 4.28705054511e-18)
(49.1843452583 -5.58500972262 2.80914918277e-18)
(49.0620800967 -5.54971825234 -2.38891658827e-18)
(48.9391972983 -5.51266420827 -1.13035945636e-19)
(48.8158068971 -5.47408878811 2.30520204608e-18)
(48.6919659287 -5.43430943026 8.48708353985e-19)
(48.5677379701 -5.39374177829 3.39968295742e-18)
(48.4432299589 -5.35290564657 -6.27654744652e-19)
(48.3185300158 -5.312436055 -3.89318312202e-18)
(48.1936706396 -5.27310230367 1.0145303253e-20)
(48.0686046883 -5.2358227809 1.8112723325e-18)
(47.9431496637 -5.20169480646 4.18498185437e-20)
(47.8169666881 -5.17200582198 -4.07404859146e-20)
(47.6895514019 -5.14816401662 -5.99367151868e-19)
(47.5601703139 -5.1321588784 -1.77518704529e-18)
(47.428212021 -5.1217918107 -5.85521825482e-19)
(47.2925771668 -5.1253150693 -1.74910499177e-19)
(47.1527902764 -5.14520972803 -3.0616403806e-20)
(47.0073440414 -5.18352931813 1.63101344763e-19)
(46.8530105298 -5.24334657667 -2.79618126981e-19)
(46.6860163577 -5.32983465934 -4.3412735477e-19)
(46.5012381244 -5.44884135459 1.23702182766e-18)
(46.2917985572 -5.60618682577 1.84925543384e-18)
(46.0500598786 -5.80742786007 -3.57706741343e-19)
(45.7674313803 -6.05754663977 -4.09956995752e-18)
(45.4298966844 -6.37107644881 6.48100268461e-18)
(45.0102678992 -6.78548945208 -2.74635072341e-19)
(44.4660411952 -7.33804347986 -1.05052450955e-17)
(43.7627538612 -7.96832720546 -4.71257330595e-18)
(42.9038076394 -8.3995089108 -1.41814709988e-18)
(41.968321424 -8.15659217778 1.36338558189e-17)
(41.0501315698 -6.76354267474 9.02914952515e-18)
(40.2020905675 -3.93206309805 5.16037438425e-18)
(39.456797613 0.404478742408 -2.20784570768e-17)
(38.879060997 6.16260407939 -6.99421740438e-18)
(38.5817479817 13.0990820759 4.55397715487e-18)
(38.5773127524 20.7659131786 8.52083528824e-18)
(38.7824486773 28.557030437 4.4824718253e-18)
(39.3221843999 35.8293120626 -1.78485168266e-18)
(40.0299830952 42.1304543247 1.52514239716e-18)
(40.8778329945 47.1285192103 3.00235149223e-18)
(41.9651096311 50.5198165578 -1.36679835849e-17)
(43.2449873166 52.1537384095 -2.96470177072e-17)
(44.7796229505 51.9520926793 -1.04031198564e-17)
(46.5940755542 49.3628600927 2.53199020422e-17)
(48.8528801359 43.6734470025 -2.26856849041e-17)
(51.4704828183 34.8436953995 -3.70571299822e-18)
(54.5444278758 23.5387784005 2.40080327484e-17)
(58.2810999924 10.582653393 -2.96086316319e-17)
(61.3746275814 -3.12803084612 -1.76970149953e-18)
(63.5335746725 -14.3998706723 -9.32876271986e-17)
(64.541816278 -21.573407326 9.62911374635e-19)
(64.4820082925 -23.5724209969 5.99953692123e-17)
(63.8313681744 -22.560456001 -7.6328782888e-18)
(62.8060254348 -20.0489608176 -1.40782036741e-17)
(61.611084873 -17.0529048801 -3.34669736925e-18)
(60.5420636814 -14.3258784127 8.67430971347e-18)
(59.7004858286 -12.1312595477 1.67629258174e-18)
(59.0379727669 -10.4353731439 -2.30839410442e-18)
(58.4831783594 -9.11136854546 -7.93991823389e-19)
(57.9795934664 -8.04212221375 1.06375499514e-18)
(57.5062875267 -7.15363961895 2.05810009036e-18)
(57.0098022606 -6.3864897218 -6.57091560511e-19)
(56.6267563689 -5.79343840335 -3.68891150996e-20)
(55.9098133806 -4.92442266281 9.91231160432e-18)
(50.8962154084 -5.09854135779 1.98131651091e-18)
(50.8031009263 -5.09784696653 -2.53462609345e-18)
(50.7077260068 -5.09541198282 -2.72505698002e-18)
(50.6102624971 -5.09173988372 -6.73440508783e-18)
(50.5107336067 -5.08677443424 -4.65182721691e-18)
(50.4091365486 -5.08044017005 6.71527798279e-18)
(50.3054678582 -5.07266138639 2.45610164426e-18)
(50.1997340309 -5.06336443039 -7.77363533263e-20)
(50.0919480091 -5.0524785711 2.29435538352e-19)
(49.9821253698 -5.03993761445 -9.44101385879e-20)
(49.8702828488 -5.02568160104 1.86548641181e-18)
(49.7564391128 -5.0096586836 -1.5887407353e-18)
(49.6406159706 -4.99183093039 -8.19478367854e-20)
(49.5228358041 -4.97217682935 2.59644352585e-19)
(49.4031197597 -4.9506932663 5.33871155223e-18)
(49.2814863733 -4.92739851246 1.64473853981e-18)
(49.1579483294 -4.90233704153 -5.34192769882e-18)
(49.0325077461 -4.87558411635 0)
(48.9051516629 -4.84725052028 3.2783376589e-18)
(48.7758464731 -4.81748857264 -3.83546711925e-18)
(48.6445307508 -4.78649499153 -5.11905675559e-18)
(48.5111084977 -4.75451255487 3.77564116079e-18)
(48.3754382518 -4.72184761726 -1.58116504504e-18)
(48.237316745 -4.68888212615 2.80638747737e-18)
(48.0964599911 -4.6560817523 3.21442821718e-18)
(47.9524819022 -4.62400407447 -4.00530110853e-18)
(47.8048673557 -4.59330473257 -1.17118250757e-18)
(47.6529396706 -4.56473732961 2.08039908476e-18)
(47.4958283543 -4.53916654659 1.93445051704e-19)
(47.3324072913 -4.51758991105 -1.68690035831e-18)
(47.1612786346 -4.5010573539 1.81351818537e-19)
(46.9808380202 -4.49093657713 6.72094818005e-19)
(46.7889869981 -4.48873931683 2.04677446758e-18)
(46.5827012855 -4.49619775406 1.24253566289e-19)
(46.3581419336 -4.51495972502 -7.52615697433e-19)
(46.1104117237 -4.5467775849 8.08580263603e-19)
(45.8348584365 -4.59372047306 -3.25681695663e-19)
(45.5225759537 -4.65786318432 1.09649833759e-18)
(45.1621751794 -4.74036084782 3.78783905178e-19)
(44.7439717118 -4.8400837424 -8.31094244504e-19)
(44.2542233252 -4.95498826999 1.11587406397e-18)
(43.6701144681 -5.09175089123 4.49435460818e-18)
(42.9558736126 -5.27030786853 -5.01653553097e-18)
(42.0696356074 -5.48339453074 -4.35385079801e-18)
(40.999682631 -5.59689391579 -9.64759879748e-19)
(39.8173295938 -5.27016113383 1.74255653591e-18)
(38.6587432986 -4.03123670838 -9.32068039518e-19)
(37.7023092872 -1.50906951648 -1.03869836005e-18)
(37.0395445121 2.40543999635 3.77282582257e-18)
(36.7332593494 7.58263522161 -1.14941802056e-17)
(36.85170302 13.764155607 5.94631145398e-19)
(37.4321823575 20.5872567463 7.95884491708e-20)
(38.5548917071 27.5587750289 -2.40409376372e-18)
(39.9992888375 34.1418161866 -8.85016921986e-21)
(41.8658482852 39.8917162748 -4.44428044263e-18)
(44.105225485 44.4525121273 6.90819301807e-18)
(46.7088062058 47.5243719914 2.06137929527e-17)
(49.5754967705 48.8374066319 -3.3107195087e-17)
(52.783770996 48.0508549302 -4.55750342108e-17)
(56.3996093937 44.6501999329 5.60383231843e-17)
(60.3806751071 38.3603293458 1.28102313847e-18)
(64.5187285758 29.1587021463 -2.20955520796e-17)
(68.5734555377 17.558999594 -1.29248702265e-19)
(72.0503144594 4.81462558152 -3.87850330173e-18)
(74.2700433727 -6.88998955126 -9.94836166768e-18)
(74.7388393945 -15.4232308983 1.1975786367e-17)
(73.5069240374 -19.9444027787 2.79124516725e-17)
(71.1639007817 -20.8863079877 -1.34201428002e-17)
(68.5340860332 -19.4891317094 -2.54194509302e-17)
(66.0672255808 -17.1062121321 6.97551638349e-18)
(63.9621874249 -14.6305872947 -1.60575836615e-18)
(62.3188501675 -12.4851962816 4.25495589268e-19)
(61.0804908184 -10.7600538701 1.95168263115e-18)
(60.1159438479 -9.38435849718 3.78492831806e-18)
(59.3186361654 -8.26050145201 5.93841515285e-20)
(58.6192950288 -7.31670260054 8.56607631721e-19)
(57.9914364447 -6.51263483464 -6.61055787398e-19)
(57.3739696021 -5.80819938397 -8.57078712775e-19)
(56.902127451 -5.25937853821 -1.15282767311e-19)
(56.1053114358 -4.45416481635 -1.8920860123e-22)
(50.8204624159 -4.34855274017 2.98627233316e-18)
(50.7311424914 -4.3493986582 3.44595647525e-19)
(50.6395460086 -4.348779174 -2.55121761816e-18)
(50.5457774334 -4.3471254201 2.37363662546e-18)
(50.4498329234 -4.34438714416 -2.07081493955e-18)
(50.351690278 -4.34049307509 5.76750404793e-18)
(50.2513220381 -4.33536946193 9.99383814648e-18)
(50.1487045499 -4.32894318732 -1.70814564012e-19)
(50.0438174527 -4.32114182664 -5.7107827649e-18)
(49.936640344 -4.31189426926 -2.15806301031e-18)
(49.8271515856 -4.30113161482 3.18748040553e-18)
(49.7153274383 -4.28878812911 -3.13924241792e-18)
(49.6011405297 -4.27480284173 -4.93339326391e-18)
(49.4845599164 -4.25912095789 0)
(49.3655494909 -4.24169559233 4.97537566287e-20)
(49.2440647599 -4.22248964192 -7.46394310183e-20)
(49.1200489027 -4.20147793816 0)
(48.993428967 -4.17864958882 0)
(48.8641114194 -4.15401034577 2.31569993807e-18)
(48.7319760692 -4.12758281221 4.25791805555e-18)
(48.5968686491 -4.09941038416 -2.02818553004e-18)
(48.4585922653 -4.06955942481 -4.11582284947e-18)
(48.3168967133 -4.03812074136 -2.69439051595e-18)
(48.1714652168 -4.00521052036 -6.90876843587e-20)
(48.0218979115 -3.97097024632 9.72101721142e-19)
(47.8676916938 -3.93556521632 2.89627539475e-18)
(47.7082159484 -3.89918073147 3.19951462548e-18)
(47.5426831673 -3.86201601803 -1.55564587209e-18)
(47.370113917 -3.82427497525 -1.34890856499e-18)
(47.1892930836 -3.78615047182 9.79743487804e-19)
(46.9987205546 -3.74781985598 5.00088792532e-20)
(46.7965533514 -3.70937743293 -1.94881423212e-18)
(46.5805387593 -3.67085653907 7.96211363881e-19)
(46.3479190683 -3.63211809612 -1.44027366107e-19)
(46.095215525 -3.59269618879 3.56877268497e-18)
(45.8180337242 -3.55173640175 -1.63855491633e-18)
(45.5110444381 -3.50781947126 -2.16362852534e-18)
(45.1675723713 -3.45938313589 1.18674799828e-18)
(44.7793713299 -3.40294935382 1.13266666491e-18)
(44.3367933776 -3.33316094878 -7.11772409619e-19)
(43.8286809239 -3.24098797985 -5.82367805358e-19)
(43.2409882516 -3.11526128131 1.59493021086e-18)
(42.5527098526 -2.95028441208 -7.89091955787e-19)
(41.7331188945 -2.74612664113 1.79158612532e-18)
(40.754683683 -2.47319517289 1.10794651088e-18)
(39.648464364 -1.99612312881 1.45268210307e-18)
(38.501726391 -1.02438228204 3.63032342721e-18)
(37.5179450343 0.820956223128 4.5479078286e-18)
(36.8821953638 3.81465599967 -1.90881924003e-18)
(36.8263759066 7.9732695164 -2.90990292635e-19)
(37.2616743513 13.0683633126 9.59077397448e-18)
(38.3412540302 18.7500210805 -2.14954131944e-18)
(40.0901184766 24.6087197586 6.03877671443e-20)
(42.4060052166 30.2046494739 2.37780607855e-18)
(45.2680803895 35.1127970179 2.29177898628e-18)
(48.6505294001 38.9382706992 -4.43936466328e-18)
(52.4774894275 41.3550262919 -8.62897788668e-18)
(56.6907454829 42.0367138824 -2.44221725162e-17)
(61.2687245612 40.6410986799 2.76567515664e-18)
(66.1199194008 36.8434924166 3.60817862314e-17)
(71.0523267569 30.498471397 -1.01012401248e-17)
(75.7339547222 21.8130290673 -9.15278073014e-18)
(79.6696591417 11.5450167668 3.32677363366e-19)
(82.0696869511 1.26293619912 3.38265732332e-18)
(82.3473478774 -7.27810295391 -2.49839423881e-18)
(80.7124384262 -13.0439287382 -2.47496061678e-17)
(77.7309331294 -15.8074365644 2.38235880514e-17)
(74.1208636585 -16.1079846651 1.49108601087e-18)
(70.6264602798 -14.987526436 1.10336278669e-17)
(67.654949288 -13.3801950435 2.93906356357e-18)
(65.2991802324 -11.7831386555 2.47416548428e-18)
(63.4880473515 -10.3745363126 3.83148834914e-18)
(62.0833349948 -9.17394436218 2.83903986775e-18)
(60.9499755444 -8.14384542947 -2.23493771989e-18)
(59.9945766652 -7.24637935046 -1.81271023116e-18)
(59.1569169138 -6.45760973392 -1.44997924437e-18)
(58.4143350534 -5.76548908898 3.30818818503e-19)
(57.7013168577 -5.14679417482 9.65866346635e-19)
(57.1603725168 -4.65761333362 2.21729195216e-19)
(56.270670455 -3.93974992366 1.23413954967e-17)
(50.7423209066 -3.6371752629 -8.66001973227e-18)
(50.6561710343 -3.63841721718 2.21016768029e-18)
(50.5677535447 -3.63838632341 4.66152612473e-18)
(50.4771581207 -3.63744163557 -1.05075895274e-17)
(50.384367347 -3.63553474713 -2.65564345033e-18)
(50.2893417858 -3.63259400759 8.49959194259e-18)
(50.1920405175 -3.6285417715 3.73816517833e-18)
(50.092428255 -3.62329906037 1.52538706925e-19)
(49.990471067 -3.61678455371 -3.90916408725e-18)
(49.8861328781 -3.60891511223 1.69020483406e-18)
(49.7793753418 -3.59960637388 6.60464919363e-20)
(49.670157325 -3.58877209385 -4.86210470817e-18)
(49.5584340084 -3.57632377299 -1.85713768776e-19)
(49.4441557795 -3.56217176622 8.75745580591e-18)
(49.327266369 -3.54622576499 -3.8427558946e-18)
(49.2077005112 -3.52839496783 -5.9898427845e-18)
(49.0853801878 -3.50858797827 4.21970588068e-18)
(48.9602105331 -3.48671252242 1.1353636608e-18)
(48.8320879934 -3.46267502124 3.25414500737e-20)
(48.700887288 -3.43638184394 -1.17041255681e-18)
(48.5664430876 -3.40773570218 -4.47424445567e-21)
(48.42855591 -3.37663352185 -5.75736383833e-20)
(48.286985859 -3.34296419884 0)
(48.1414396335 -3.30660386715 -1.69214791465e-18)
(47.991557645 -3.26740921395 -1.87661157745e-18)
(47.8369006686 -3.22520796141 6.99363034369e-18)
(47.6769329598 -3.17978708608 3.6216528271e-19)
(47.5110017283 -3.13087633507 -6.86310550912e-18)
(47.3383137919 -3.0781256846 1.68020149716e-18)
(47.157908145 -3.02107558178 -1.34396593332e-18)
(46.9686229779 -2.95911902135 -4.16506943472e-19)
(46.7690619914 -2.89145268042 1.42488514211e-18)
(46.5575873979 -2.81702293845 1.02155143791e-18)
(46.332268721 -2.73443382667 2.40516774178e-18)
(46.090713927 -2.64179872202 2.52536542685e-20)
(45.8299840416 -2.53657953859 -2.85668388162e-18)
(45.5466365626 -2.41541087858 -2.01937782194e-18)
(45.2366822032 -2.27388382962 6.09073240655e-19)
(44.8954585339 -2.10620766364 1.33738437655e-18)
(44.5175159884 -1.90478186878 1.31318541546e-18)
(44.0971163859 -1.65893559909 6.3547587503e-18)
(43.6282579768 -1.35370565225 -6.17408732227e-18)
(43.1042257439 -0.970827658837 -5.37379466955e-18)
(42.5146550843 -0.494798962921 8.38682762632e-18)
(41.8446430048 0.0851983492947 5.07459355973e-18)
(41.0869098532 0.795024480574 -5.04301033387e-19)
(40.2762089089 1.71440337107 2.04800359489e-18)
(39.5139412661 3.02940710228 -4.62435129922e-18)
(38.9883964948 4.98186075515 -1.03282527821e-17)
(38.9356829282 7.761137747 8.4151420183e-18)
(39.52021186 11.3707356446 1.31410273077e-18)
(40.8317886024 15.5794803786 -7.21852362962e-18)
(42.8849808779 20.0321892609 -2.11977398325e-18)
(45.6503895885 24.3397088881 -3.69776471643e-18)
(49.0482782643 28.1280071734 5.05383080007e-18)
(53.0286278455 31.0241599215 -4.91240412952e-18)
(57.5266232593 32.6900072675 -1.7979125858e-18)
(62.4265707889 32.8107118675 -1.14435992626e-18)
(67.5719516826 31.1106537533 -2.71048100635e-17)
(72.7065960622 27.4235607663 -2.42282244345e-17)
(77.4942623666 21.816154231 1.03339951065e-17)
(81.4296087125 14.7450278594 2.36999676465e-18)
(84.1183922281 7.12139554533 5.59505472292e-18)
(84.6468125766 0.0625726117497 -7.42076838712e-18)
(83.5918245559 -5.42159310802 5.88347576587e-18)
(80.8758923608 -8.90384014841 1.047711609e-17)
(77.3765684605 -10.5644572911 1.42499158867e-17)
(73.8036885479 -10.9086162847 -1.53977890123e-17)
(70.6018755273 -10.5262921314 1.80752108678e-18)
(67.9514697639 -9.84662593079 -2.22092399897e-18)
(65.8283620258 -9.07718879524 -3.69506864021e-18)
(64.1211553735 -8.29606580023 -1.58241939009e-18)
(62.7158134868 -7.53436487393 -8.20139021859e-19)
(61.5251523304 -6.80850300917 -7.0949601456e-19)
(60.4918611095 -6.12965146069 -2.4623958119e-19)
(59.5742444724 -5.50464644117 -9.3279445946e-19)
(58.7580714187 -4.93836181496 2.30215683575e-18)
(57.9781680994 -4.41991834048 8.44216656755e-19)
(57.3884966139 -4.0019312547 -2.76297491742e-19)
(56.414771543 -3.385682978 -8.3254543704e-19)
(50.6747630817 -2.93071286063 4.98465884943e-18)
(50.5918949608 -2.93197646709 8.96908245753e-18)
(50.5068602088 -2.93215287256 -1.88084612703e-18)
(50.419674003 -2.93152906688 -6.66206491827e-18)
(50.3303117178 -2.9300558594 2.10238259891e-18)
(50.23874252 -2.92766196552 2.12452938615e-18)
(50.1449287304 -2.92426673761 -1.67803872919e-20)
(50.0488334458 -2.91978754525 3.46734402688e-18)
(49.950421417 -2.91413918823 1.79173626758e-19)
(49.8496569109 -2.90723087025 -3.6599998064e-18)
(49.7465036348 -2.89896758538 -4.91992704142e-18)
(49.6409239491 -2.88924843881 -4.91204747595e-18)
(49.5328780971 -2.87796519356 2.03470289163e-18)
(49.4223240876 -2.86500300818 4.63556424936e-18)
(49.3092166241 -2.85023948926 2.85723363465e-18)
(49.193505923 -2.83354449178 -6.89203808437e-21)
(49.0751375938 -2.81477976461 -1.23037717815e-18)
(48.9540512831 -2.79379567927 -2.63320443927e-18)
(48.8301669329 -2.77042799219 3.41123588339e-18)
(48.7033907371 -2.74449876527 7.43631798579e-18)
(48.5736246726 -2.71581139598 -6.59171573595e-18)
(48.4407481731 -2.68414528091 -5.03090766305e-18)
(48.3046125759 -2.64925066297 4.71906126343e-18)
(48.16504155 -2.61084021034 4.13320570799e-18)
(48.0218263062 -2.56859418695 2.17970752558e-18)
(47.8747168126 -2.52211416388 -7.75711587327e-18)
(47.7234100777 -2.47092954786 -2.42999947835e-18)
(47.567545535 -2.4144800092 7.21562143555e-18)
(47.4066976715 -2.35208634504 3.07431419239e-19)
(47.2403645536 -2.28291569803 -5.14522244294e-18)
(47.067956883 -2.20593888314 -3.13398075359e-18)
(46.8887963594 -2.11988189112 -6.03654092344e-20)
(46.7021437223 -2.02318028866 3.48927094193e-18)
(46.5071834917 -1.91389731595 1.26333451595e-18)
(46.3029298223 -1.78956503711 -1.48847007724e-19)
(46.0882259631 -1.64705197052 -1.69852965671e-19)
(45.8618585852 -1.48243881297 1.04299810347e-19)
(45.6226632821 -1.29080640217 4.95196038733e-19)
(45.3695039536 -1.06599593975 2.00943326788e-19)
(45.1015699567 -0.800351722959 -5.79927140015e-18)
(44.8181173136 -0.484321452335 -1.87364760302e-18)
(44.519447414 -0.105591981287 9.45434122005e-18)
(44.2077963331 0.352051492257 1.76643631852e-18)
(43.8871661315 0.90776758934 -6.1452918583e-18)
(43.5620753487 1.57975372538 -5.96751024859e-18)
(43.2358662988 2.38031353383 -4.44431447808e-18)
(42.9188034117 3.32050511993 8.04722389674e-18)
(42.6445910541 4.43008247659 -6.19127939598e-18)
(42.4971653167 5.77639350527 -1.04042223048e-17)
(42.6161048981 7.46826731174 1.47087263522e-18)
(43.1756558811 9.58162732047 3.89939524724e-18)
(44.3412974331 12.1510024179 4.92363432747e-18)
(46.1976035621 15.0562692777 -6.04328251432e-18)
(48.7682677943 17.9647770615 4.47891885532e-18)
(52.0179034001 20.4917289733 -1.06188661276e-19)
(55.8548293368 22.3178707455 6.96876045106e-18)
(60.150967346 23.1855462728 -8.65584434144e-18)
(64.7371218618 22.9002284277 -7.48710589719e-18)
(69.3723555498 21.3227419423 7.08130017497e-18)
(73.7290884478 18.4336826953 1.46707505786e-17)
(77.4232942265 14.4271901207 -1.18643341811e-17)
(80.0324270647 9.76586896724 -1.98354625656e-17)
(81.2936434934 5.09149110017 1.79608334039e-18)
(81.0469743694 0.921742241093 -2.71978335494e-18)
(79.5477574583 -2.40549799198 5.52444503334e-18)
(77.2102565939 -4.69647392653 4.30979936867e-18)
(74.5363023026 -6.08721449637 -1.14004216111e-17)
(71.9518305673 -6.81152438545 -5.4486537234e-19)
(69.6354680963 -7.08011470614 -1.17978195668e-20)
(67.6250641639 -7.0391934712 -1.07699985064e-18)
(65.890982475 -6.78978699888 -1.00240107172e-18)
(64.3829303943 -6.40730160917 1.53565539582e-18)
(63.0574993123 -5.95076698203 3.99201492237e-19)
(61.8816278665 -5.4639147192 1.8153467059e-19)
(60.8304633066 -4.9762398219 -2.65610945399e-19)
(59.8792728162 -4.50573336101 1.10868311717e-18)
(59.0233682543 -4.0645270075 1.04529103877e-18)
(58.2014512384 -3.64983975144 -8.33176679825e-19)
(57.5786513203 -3.30851657771 -6.28756961942e-19)
(56.5456238903 -2.80085044869 0)
(50.6164362416 -2.27418892169 3.49941610235e-18)
(50.5362029853 -2.27489714015 4.71531099574e-18)
(50.4538811326 -2.27469159827 -2.45498713574e-18)
(50.3695116886 -2.27379212765 -4.04042152988e-18)
(50.2830746739 -2.27215188288 -1.95754913187e-19)
(50.1945343311 -2.26970457757 4.1408871516e-19)
(50.1038568646 -2.26637229251 -2.18517853996e-19)
(50.011015832 -2.26207434252 4.00791397821e-18)
(49.9159883676 -2.2567298369 -6.9273365737e-18)
(49.8187516823 -2.25025089244 3.03752510009e-18)
(49.7192842316 -2.24254263909 5.83545567592e-18)
(49.617566237 -2.23350244367 -6.81895840216e-18)
(49.5135793415 -2.2230158816 -4.56291166584e-18)
(49.407307567 -2.21095963941 -2.74032608851e-18)
(49.2987368005 -2.19720218273 2.83018342664e-19)
(49.1878539672 -2.18159991048 5.81572807438e-18)
(49.0746473068 -2.16399751629 9.96468907928e-18)
(48.9591060116 -2.14422441562 1.89666196616e-19)
(48.841219604 -2.12208979199 -4.1520475537e-18)
(48.7209777187 -2.09737977954 -2.09455572716e-20)
(48.5983699363 -2.0698562934 -2.25054000089e-18)
(48.4733847227 -2.03925257667 -3.23433094721e-20)
(48.346014163 -2.00526456447 2.27371441343e-18)
(48.2161842518 -1.96754409493 4.92749843982e-20)
(48.0839059207 -1.92567443679 -3.03868815637e-20)
(47.9492468672 -1.87919625944 -3.26428880326e-20)
(47.8121503317 -1.82756419387 6.42246050099e-20)
(47.6725651571 -1.77012969489 3.7881947578e-18)
(47.5304695032 -1.7060962558 2.10943131582e-18)
(47.3858623621 -1.63455858595 -2.12706816266e-18)
(47.2387574218 -1.55442450238 -3.56829946592e-18)
(47.0891888191 -1.46436883333 1.54247956751e-18)
(46.9372617892 -1.36281258662 -6.31347806649e-18)
(46.7831868033 -1.24787234207 -6.04567342707e-18)
(46.6272064051 -1.11717809785 7.48752178968e-18)
(46.469644058 -0.967895892282 1.89828151644e-18)
(46.3111079023 -0.79659175707 8.39703154057e-18)
(46.1525360352 -0.599111566224 3.32114912509e-18)
(45.9953369451 -0.370443611726 -8.82419020715e-18)
(45.841479465 -0.104551894297 -1.97947491558e-18)
(45.6939856856 0.205664775431 -4.13302516858e-18)
(45.5572555402 0.568749331118 -8.70104546482e-18)
(45.4373149633 0.99483871143 -1.61245380677e-18)
(45.3429637638 1.49632795313 7.49539672951e-18)
(45.2863295226 2.08736805996 9.11136162093e-18)
(45.2822514566 2.7814081032 -5.01867516098e-18)
(45.3470710763 3.58702509994 -1.26507730755e-17)
(45.4999007843 4.50512419133 5.01704716021e-18)
(45.7700276309 5.53273807738 2.12834660803e-17)
(46.2077527455 6.67340244953 7.13112805507e-19)
(46.8929677235 7.93058294733 -1.2786718823e-17)
(47.9274686608 9.31621031771 2.56199408924e-18)
(49.4074677274 10.8027493981 4.86630392156e-19)
(51.4210499119 12.2737800043 2.69062959768e-18)
(53.9541557315 13.6135825009 -2.09523768855e-17)
(56.9067699472 14.5632185595 1.13202497014e-17)
(60.2775142479 14.9186069773 5.386426207e-19)
(63.7904299845 14.6107000042 4.10268490881e-19)
(67.2216158125 13.5764266266 -3.2540578812e-18)
(70.3253903769 11.8414345285 4.4351675548e-19)
(72.8300397328 9.55004671787 3.257071741e-18)
(74.5165403666 6.94581385334 5.92636438324e-18)
(75.2720519573 4.2919900524 2.42939953166e-18)
(75.1863881844 1.80785962633 1.64875830468e-18)
(74.4281600253 -0.347285886896 4.58129317332e-19)
(73.2014215088 -2.09096255229 7.50388022476e-18)
(71.7295286974 -3.37176410414 1.83211179099e-18)
(70.1775399781 -4.22320928796 6.00878585915e-18)
(68.6260973816 -4.71050279607 -1.16569742699e-18)
(67.1346304209 -4.90648940392 1.0722605846e-18)
(65.7277449223 -4.88984441684 -7.55115801365e-19)
(64.4143491627 -4.72748748278 9.00727090211e-19)
(63.1975594608 -4.47240692325 -4.80741814281e-19)
(62.0753181901 -4.16492567088 1.85512229829e-19)
(61.0426251733 -3.83369736248 3.24981767364e-19)
(60.0878359768 -3.49792787075 -2.21230389215e-19)
(59.215685877 -3.17175104167 -6.01142457698e-19)
(58.3705857459 -2.85719231687 -7.01439644543e-19)
(57.7272236258 -2.59308426386 -3.35394577861e-21)
(56.6545579337 -2.19718918043 2.19127818194e-19)
(50.578513625 -1.59357243076 -5.22753482056e-18)
(50.5010266267 -1.59424285021 -2.59360835744e-18)
(50.4216075847 -1.59422424126 2.28611786378e-18)
(50.3402162099 -1.59367336036 2.01343257769e-18)
(50.2568365905 -1.59255027226 1.14823555507e-19)
(50.1714588788 -1.59079995899 -7.7173887119e-18)
(50.084067122 -1.58835963986 -2.55130855698e-19)
(49.9946451391 -1.5851622481 4.07223483771e-18)
(49.9031816237 -1.58113826819 -5.25383366685e-18)
(49.8096702829 -1.57621263643 -3.36074853055e-18)
(49.714109794 -1.57030438522 1.00092249259e-17)
(49.6165038186 -1.56332550899 2.26915414957e-18)
(49.5168609861 -1.5551739001 -2.10851361391e-18)
(49.4151961382 -1.54573848313 -2.30026509447e-18)
(49.3115315925 -1.53490381134 2.12563422509e-18)
(49.2058972502 -1.52254278657 1.20569934361e-17)
(49.0983313517 -1.50851440631 -9.81909527933e-18)
(48.9888820323 -1.49266194878 -8.08457943866e-19)
(48.8776081979 -1.47481014969 4.59748114206e-18)
(48.7645806792 -1.45476327839 -2.91167320359e-18)
(48.6498838667 -1.43230200701 3.81318646648e-18)
(48.533619513 -1.40718072092 -7.37518390559e-18)
(48.4159031622 -1.3791200367 5.86913267828e-19)
(48.2969325417 -1.34780070683 7.81776667277e-18)
(48.176846802 -1.31284017376 -4.84174356549e-18)
(48.0557607358 -1.27382154307 -2.63009078909e-18)
(47.9339432443 -1.23025899326 -4.02047967271e-18)
(47.8118057478 -1.18157913734 5.94119576477e-18)
(47.689624901 -1.12713386503 4.49690489044e-18)
(47.5676399929 -1.06611867739 -2.53376034623e-18)
(47.4464039571 -0.997600321832 -1.74678730602e-18)
(47.3265726479 -0.920491312389 -4.1662784189e-18)
(47.2088994028 -0.833526889374 -1.70374249335e-18)
(47.0944832727 -0.735228764294 5.3600861237e-18)
(46.9843313121 -0.623863943793 4.10096075988e-18)
(46.8795537921 -0.497258263433 -7.61198558288e-18)
(46.781994541 -0.352895636557 -1.01509972675e-19)
(46.6939318229 -0.187874544228 -1.79659829489e-18)
(46.6181629654 0.001196964472 -4.66327317881e-19)
(46.5582205504 0.218243719454 9.06120918061e-18)
(46.5186076733 0.467801637288 2.36181244507e-19)
(46.5050355166 0.754905309619 -5.5274658258e-18)
(46.5247253779 1.08510506075 7.04117871628e-18)
(46.5868966122 1.46445783175 -6.06013570885e-18)
(46.7033319795 1.89952289545 -7.90390817166e-18)
(46.8890188093 2.39709745969 7.29166769071e-18)
(47.1618240936 2.96313286288 2.5550625584e-19)
(47.5418241652 3.6001372576 3.38868391652e-19)
(48.0501833222 4.30435184613 3.14268874022e-18)
(48.7090978617 5.06390496954 5.25231575283e-20)
(49.545237599 5.85879133306 -2.78329236e-18)
(50.5900776704 6.66395637995 4.15544247846e-18)
(51.8835740347 7.44586097653 1.97103510331e-18)
(53.4624148571 8.15892388477 -2.40647817245e-18)
(55.3317239563 8.7484397325 2.23390763624e-19)
(57.4649873897 9.13597943541 -1.14940954394e-18)
(59.7964147001 9.24100103027 -1.50188002812e-18)
(62.210593915 9.01094614682 4.02324734283e-18)
(64.5684506816 8.42231449306 4.88557422339e-18)
(66.722279821 7.48285174489 1.48473559615e-19)
(68.5323591097 6.24153756063 -9.26281882377e-18)
(69.8902421165 4.78630515521 -7.7324989319e-18)
(70.7479046989 3.23433068721 -8.36713440005e-19)
(71.1166275807 1.69797009271 -2.49126351172e-18)
(71.0382429987 0.281267346695 2.03644787033e-18)
(70.5782905485 -0.923845590818 3.02541276039e-18)
(69.8247073478 -1.85994233066 9.46437716293e-19)
(68.8663504755 -2.53169846661 4.66959181947e-19)
(67.7836032008 -2.95936744823 6.55272920795e-19)
(66.6384578385 -3.18405788582 -3.30376388235e-19)
(65.4747694323 -3.25247463418 -1.92243793315e-20)
(64.3291361257 -3.20617779418 1.83320904897e-20)
(63.2222031695 -3.07993783333 -1.51416280888e-19)
(62.165164649 -2.90274336051 -2.72216464428e-19)
(61.1653754001 -2.69664349357 -5.13642632682e-19)
(60.2215125721 -2.47748557603 -2.88562861583e-19)
(59.346404929 -2.25754602781 -3.65072385099e-20)
(58.490266904 -2.04075612367 -1.26664841778e-19)
(57.8355924155 -1.85596216898 7.26603660834e-20)
(56.736449826 -1.57653387547 2.91372726779e-20)
(50.5485356384 -0.980833926185 -5.29131225044e-19)
(50.4725224943 -0.980863283259 4.82711155521e-18)
(50.3946277982 -0.980448904944 -2.27165435069e-19)
(50.3148792255 -0.979685120456 1.07649570662e-19)
(50.2332708142 -0.978543780507 -8.06744623741e-18)
(50.1497824358 -0.976987925881 9.010226938e-18)
(50.0644015994 -0.974977613622 8.57333026555e-18)
(49.9771272599 -0.972469337881 -1.32148516397e-17)
(49.8879646639 -0.969415396589 -3.80091364221e-18)
(49.7969233089 -0.965764121686 3.61727930886e-18)
(49.7040192193 -0.961459475622 1.72709206094e-18)
(49.6092768699 -0.956440184481 -1.09662663282e-20)
(49.5127295875 -0.950637193531 7.74104212049e-21)
(49.4144201123 -0.943974472731 -3.13232426079e-18)
(49.3144027227 -0.93637132797 -3.1673753916e-18)
(49.2127447896 -0.927739811042 8.76053953298e-18)
(49.1095281009 -0.917981818446 3.46937775304e-18)
(49.0048508859 -0.906987822162 -5.93624791954e-18)
(48.8988298462 -0.894635779921 -1.25779755149e-18)
(48.7916029108 -0.880788811467 -3.948112691e-18)
(48.6833324537 -0.86529205003 3.55685904007e-18)
(48.5742093302 -0.847970865418 4.20483464171e-18)
(48.4644574657 -0.828627863694 -4.96322974744e-18)
(48.354339592 -0.807036674742 -1.34570644146e-19)
(48.2441610704 -0.782952387979 2.47932644604e-18)
(48.1342766416 -0.756073729171 2.20013757831e-18)
(48.0251090303 -0.726058580754 4.28438633805e-18)
(47.9170541864 -0.692516097952 -6.1628584273e-18)
(47.810747389 -0.655023694503 1.37590898335e-18)
(47.7070180781 -0.613043559813 4.66904755555e-18)
(47.606608721 -0.565956398865 -6.14965937481e-19)
(47.5104339052 -0.513056804011 -5.43903828276e-18)
(47.4196615797 -0.453543882956 -8.35211182569e-18)
(47.335517383 -0.386492597987 5.67177869383e-19)
(47.2596914054 -0.310858189035 1.60031383963e-18)
(47.1942992681 -0.225321034577 6.06535854644e-18)
(47.1415169778 -0.128381636471 2.55926387078e-20)
(47.1040671337 -0.0183745466781 -7.17232544339e-18)
(47.0853436322 0.106614655018 -5.74639750988e-18)
(47.0894658366 0.248724451477 7.40963723373e-18)
(47.1213724211 0.410319787404 5.7261494377e-18)
(47.1869576803 0.59393819089 -1.63464949801e-18)
(47.2932663596 0.802221268106 3.47414747498e-18)
(47.4486956268 1.03779196646 1.91962111153e-18)
(47.6631932694 1.30306142043 -8.82519897593e-18)
(47.9485352687 1.60002820092 2.7763251527e-18)
(48.3183931278 1.92995735882 5.30578113326e-18)
(48.7883430557 2.29294535127 3.17244770006e-20)
(49.3752764729 2.68687083935 1.63120884017e-19)
(50.0961639715 3.10597516045 -2.57935167621e-19)
(50.9664266587 3.53991206578 1.66476430045e-19)
(51.9988845403 3.97230342224 -5.63241690096e-18)
(53.2025840667 4.38133124543 2.48208282061e-18)
(54.5791992956 4.73886276467 1.89004306225e-19)
(56.1206996295 5.01318144975 -1.28954720221e-19)
(57.8054008434 5.1723761332 -1.4761095917e-18)
(59.592477487 5.18641132648 1.21822415313e-19)
(61.4227701808 5.03307692123 3.38504336418e-18)
(63.2228079352 4.70064016519 1.16902607983e-19)
(64.90867089 4.19232357548 8.4552372026e-18)
(66.3969506838 3.52768896832 6.44780889559e-19)
(67.6155631555 2.74522566432 -1.60443613513e-17)
(68.5102029619 1.9003206306 -1.41829489859e-18)
(69.0523117453 1.053014327 2.00697940359e-18)
(69.2391908481 0.260268772245 -1.30393599872e-18)
(69.0925547631 -0.429520568933 -2.12743051868e-18)
(68.6586771995 -0.985618855594 4.31467049122e-19)
(67.9987005886 -1.40030801496 1.29404721605e-18)
(67.1742447482 -1.67988162819 -2.04854610006e-19)
(66.2395869285 -1.84397778212 2.51027681039e-19)
(65.2410821096 -1.91196306905 -3.03099249836e-19)
(64.2161885851 -1.90606045807 5.06178620643e-19)
(63.191251873 -1.84730048674 -2.83016097328e-20)
(62.1854816944 -1.75212920498 -3.37238496962e-19)
(61.2147234991 -1.63436242026 3.10909778765e-19)
(60.2846308779 -1.50508484636 1.88736931464e-19)
(59.4128844075 -1.37282407789 -3.66621750855e-20)
(58.5542970438 -1.24133945107 2.21861737321e-19)
(57.8942811145 -1.12932418943 -7.11571695956e-20)
(56.792311674 -0.963325833745 1.45526806006e-18)
(50.5423044741 -0.294383688683 4.30686765425e-18)
(50.4677653263 -0.294719769129 2.21916377077e-19)
(50.3914511181 -0.294893624623 -4.50736784556e-18)
(50.3133209581 -0.294936346515 8.31613965521e-18)
(50.2333724632 -0.294839524973 2.26391600819e-18)
(50.1516086409 -0.294591088966 -8.68618160985e-18)
(50.0680307853 -0.294177246296 1.93639233118e-18)
(49.9826441798 -0.293583113103 -8.84080332178e-18)
(49.8954611769 -0.292792618507 -4.55508487846e-18)
(49.806501706 -0.291788120781 4.34003763784e-18)
(49.7157943368 -0.29054979928 -2.71170099985e-19)
(49.6233769259 -0.289055246179 5.48312227263e-18)
(49.5292975554 -0.287280421881 -3.35306818353e-18)
(49.4336159639 -0.285199079684 5.963668621e-18)
(49.3364055062 -0.282781936614 3.85728990961e-18)
(49.237755068 -0.279997071343 -6.46906990475e-18)
(49.13777101 -0.276809359675 -4.71949291148e-21)
(49.0365795555 -0.273179621931 0)
(48.9343297651 -0.26906403709 0)
(48.8311973367 -0.264413359563 -5.08006965143e-18)
(48.7273885387 -0.25917220795 -2.62284596933e-19)
(48.6231446298 -0.253278959664 2.84222286278e-18)
(48.5187472723 -0.246665694079 2.54121596777e-18)
(48.4145245463 -0.239257226834 2.81267145266e-18)
(48.31085839 -0.230969353775 -2.83146758938e-18)
(48.2081928805 -0.221705772952 0)
(48.1070458325 -0.211354191554 2.26086939699e-18)
(48.0080213281 -0.199782300899 1.13251495106e-19)
(47.9118296782 -0.186817460339 -2.40177806473e-18)
(47.8193032459 -0.172281276278 6.20080313852e-18)
(47.731406171 -0.155960342207 3.35764133299e-19)
(47.6492764295 -0.137605102621 -4.80018450852e-18)
(47.5742621783 -0.116942324024 4.22019906601e-18)
(47.5079462213 -0.0936799168302 2.584811055e-19)
(47.4521939283 -0.0674622268751 -4.28309392826e-18)
(47.4091147778 -0.0379210802681 -2.18195286486e-18)
(47.3812934036 -0.00465919133347 -7.37669751017e-18)
(47.3717402056 0.032842458928 -6.00645977442e-18)
(47.3839755063 0.0748709447772 7.67896654087e-18)
(47.4221764599 0.121856669661 6.05673394653e-18)
(47.4911843437 0.174697913136 0)
(47.5967662651 0.234223702017 0)
(47.7455927159 0.301057552968 5.2770189622e-18)
(47.9453383736 0.375775377716 -6.44384374719e-18)
(48.2047893151 0.458901553786 -5.92480502733e-18)
(48.5337476247 0.550815621168 4.01105580372e-19)
(48.943140633 0.651560141384 -6.1028639179e-19)
(49.4448914951 0.7606958606 6.51158789712e-18)
(50.0510201837 0.877106292195 -2.63451039916e-18)
(50.7741658114 0.998766732932 -5.08002620095e-18)
(51.6259229772 1.12276081585 4.22516858969e-18)
(52.6143731085 1.24490080255 3.79649524642e-18)
(53.7433912297 1.35942760521 1.02109459175e-18)
(55.0105389186 1.45909352341 -1.28029400473e-18)
(56.4048578826 1.53560390398 -2.04667022483e-19)
(57.9049352462 1.58023511112 -1.07838401714e-18)
(59.4776855428 1.58470676327 2.65385465391e-20)
(61.0785491537 1.54262966123 0)
(62.6532408299 1.4506847166 -5.32038123082e-18)
(64.1405201241 1.30949671966 -3.43663724209e-19)
(65.475907554 1.12509458866 6.80294112301e-18)
(66.5994351741 0.907515499151 5.99248266217e-18)
(67.4632664403 0.670742333823 5.58086034511e-18)
(68.0361986232 0.43063354797 -4.96518024411e-18)
(68.3073221142 0.202101339163 -4.11028760426e-18)
(68.2868974816 -0.00218418459729 -2.87311874639e-18)
(68.0032488959 -0.173991699218 -6.15643118047e-20)
(67.4971248306 -0.310822476624 1.48392261114e-18)
(66.8148796193 -0.41214509524 -6.86988717051e-19)
(66.0020845512 -0.480849810008 6.49780673461e-19)
(65.1006232352 -0.520585500681 -1.98150816425e-19)
(64.1473695313 -0.528479039047 -6.33198845237e-19)
(63.1737433962 -0.526050151694 -1.88661100373e-19)
(62.2030728191 -0.512233111951 4.03939625801e-20)
(61.2525090624 -0.488807009883 1.87677762046e-19)
(60.3313901861 -0.45856962553 2.28283337769e-19)
(59.4609558903 -0.424234053302 1.06720181031e-19)
(58.6010458447 -0.389329107091 -1.92289283342e-19)
(57.9241581883 -0.351831661364 0)
(56.7944768716 -0.30596393991 -1.62319488427e-20)
)
;

boundaryField
{
    front
    {
        type            empty;
    }
    back
    {
        type            empty;
    }
    inlet
    {
        type            calculated;
        value           uniform (51.3 0 0);
    }
    outlet
    {
        type            calculated;
        value           nonuniform List<vector> 
81
(
(32.8225280972 0.458579824922 1.89169513147e-19)
(32.7915707319 1.83658817721 -1.00576106152e-19)
(32.4632359613 2.97266064919 -2.73427661346e-18)
(32.5539290822 4.78573235934 4.91651298915e-18)
(33.5552604239 6.90109167911 3.4666112798e-18)
(35.7838362121 9.09710559924 1.59709771183e-18)
(39.1456546719 10.9554461434 2.87572297129e-18)
(42.9809813576 11.9600735466 1.97732411848e-18)
(46.6896694668 12.1438132326 -5.20229554265e-19)
(49.8561631552 11.6942135023 9.02163194774e-18)
(51.8686961166 10.2835255413 -4.39658399418e-17)
(52.8515398614 8.44573067248 -3.01663805456e-19)
(52.7979919922 6.55076000332 -9.29889308348e-17)
(52.3675484332 4.44275482085 -1.41521541944e-18)
(51.7712716701 2.7251348246 3.96094085434e-17)
(50.50892937 1.35902493343 -3.7351912543e-18)
(49.0413088283 0.452547392748 -3.77023225774e-17)
(48.1305654692 -0.182279427229 -1.85335071028e-17)
(48.0100749968 -0.924602799036 -4.68169804002e-17)
(48.7654133591 -2.15464810369 -4.87333006258e-18)
(49.6310674386 -3.09870010207 5.78018381749e-17)
(50.0254729233 -3.39577260137 6.04901738294e-17)
(50.4934744983 -3.72857902187 -1.40484680184e-17)
(50.9904306042 -4.03761036518 2.90134025796e-19)
(51.5037857123 -4.36535763216 -8.88669427087e-18)
(52.0248133214 -4.70853754503 -2.38248516071e-18)
(52.5506582138 -5.06255991771 -1.05345542344e-17)
(53.0747582112 -5.42461879603 2.44750685582e-17)
(53.5774985597 -5.78955961039 8.58524543852e-18)
(54.0769761474 -6.15120503836 -8.94259524604e-18)
(54.5692808367 -6.50559666544 -1.59217503635e-17)
(55.0516421175 -6.84960923769 4.69599593166e-18)
(55.5189835929 -7.18111718954 4.84177121478e-18)
(55.9665119145 -7.49705225121 3.07590125889e-18)
(56.3944917214 -7.79396194482 -1.95286257679e-18)
(56.7935149379 -8.07167497705 -8.57494754137e-18)
(57.1681815551 -8.32613794919 -2.00507115095e-18)
(57.5169189587 -8.55497312263 3.80085814679e-18)
(57.8336310823 -8.75843052915 1.12806835788e-17)
(58.122082764 -8.93256682631 -1.23074289013e-18)
(58.3952456443 -9.08814408018 -4.77612278105e-18)
(58.6179050849 -9.21550658386 1.96890812887e-18)
(58.7695034174 -9.30045712663 -6.23362850122e-18)
(58.8793033284 -9.35924166109 -1.43984970753e-18)
(58.9517842606 -9.38516499336 -1.517682622e-18)
(59.0059870084 -9.38160126084 2.01235157982e-17)
(59.0554866055 -9.35899988014 -2.3326299763e-17)
(59.0809708333 -9.31855452022 8.35949434742e-18)
(59.0757316189 -9.26304445605 8.6297154344e-18)
(59.0475842943 -9.20644105622 -1.99399079118e-18)
(58.9997579201 -9.14422358722 -3.94236226945e-18)
(58.9355309337 -9.07208298074 -4.66049896616e-19)
(58.8564981956 -8.99864916885 5.67824703679e-20)
(58.7555901868 -8.91266742623 1.59666560122e-19)
(58.6408288474 -8.8139482907 -3.89497094334e-18)
(58.509868037 -8.72740729327 1.44410852656e-17)
(58.369251961 -8.63761273278 1.22900556661e-17)
(58.218930196 -8.54772843013 8.93035626129e-18)
(58.0551924 -8.45906519961 -5.27519427385e-18)
(57.8859454568 -8.36786881983 -7.85115794631e-18)
(57.7139872421 -8.26984582723 7.73778857705e-18)
(57.2702871233 -7.97256503517 -4.14744908098e-19)
(56.7274799321 -7.49554217328 -2.31060284099e-19)
(56.2629411295 -7.23032859372 2.51166045213e-19)
(55.9004789941 -7.0307853832 5.02365745122e-19)
(55.6483769258 -6.86604402822 2.03985014823e-19)
(55.4787420767 -6.6946936561 -9.8920721017e-18)
(55.3734495819 -6.50984938812 -5.75909401063e-19)
(55.3543455023 -6.29870265959 8.0554120296e-19)
(55.4103643486 -6.03551483852 -3.32740707263e-18)
(55.5288215388 -5.72067621503 2.45088450459e-18)
(55.7030922943 -5.35017625133 5.98330823113e-18)
(55.9098133806 -4.92442266281 9.91231160432e-18)
(56.1053114358 -4.45416481635 -1.8920860123e-22)
(56.270670455 -3.93974992366 1.23413954967e-17)
(56.414771543 -3.385682978 -8.3254543704e-19)
(56.5456238903 -2.80085044869 0)
(56.6545579337 -2.19718918043 2.19127818194e-19)
(56.736449826 -1.57653387547 2.91372726779e-20)
(56.792311674 -0.963325833745 1.45526806006e-18)
(56.7944768716 -0.30596393991 -1.62319488427e-20)
)
;
    }
    top
    {
        type            calculated;
        value           nonuniform List<vector> 
190
(
(51.3031046203 0 1.30454691089e-20)
(51.3223773714 0 -1.97394972435e-19)
(51.3671368461 0 0)
(51.4342844856 0 -1.69015585954e-19)
(51.5221323145 0 1.97844150832e-19)
(51.6303620294 0 2.43644463528e-19)
(51.7585100066 0 -5.94119850477e-19)
(51.906406701 0 -7.03073785055e-19)
(52.0735783506 0 3.4932683561e-19)
(52.2584101345 0 1.78229725036e-18)
(52.459088529 0 1.45052920831e-18)
(52.6738143893 0 -1.48356643592e-18)
(52.9005865288 0 -1.62114558226e-18)
(53.1371680848 0 1.16674331261e-18)
(53.3811813737 0 1.16119152079e-20)
(53.6301410068 0 1.82385744127e-18)
(53.8814934109 0 1.32933633185e-18)
(54.1324413124 0 -2.55967599812e-18)
(54.3805527399 0 -1.98326125771e-18)
(54.6211618402 0 1.63423659626e-18)
(54.7968925933 0 -8.82680412458e-20)
(54.9105885486 0 -9.38213833457e-19)
(55.0203691929 0 -4.68748579399e-21)
(55.126403187 0 3.60404075238e-18)
(55.2281546189 0 1.7027759603e-18)
(55.3251457789 0 -3.42906468368e-18)
(55.4169197484 0 -1.61748853789e-18)
(55.5029857571 0 -2.35200223954e-18)
(55.5828294995 0 2.07266474966e-20)
(55.6559404258 0 1.4080678095e-18)
(55.7218232142 0 -2.02254592743e-18)
(55.7799924598 0 -1.22403060188e-18)
(55.8299752497 0 1.82244493648e-18)
(55.8713168224 0 2.20813323905e-18)
(55.9035848378 0 -2.06385392897e-18)
(55.9263355727 0 -4.07449613594e-19)
(55.9392783452 0 1.65380975788e-18)
(55.941955656 0 -3.19939330823e-19)
(55.9342495868 0 2.19307938051e-20)
(55.914640207 0 1.81454783523e-18)
(55.8937931958 0 -5.70576946484e-19)
(55.8762861751 0 -1.51365848854e-18)
(55.8565661528 0 -5.70569292473e-19)
(55.834187505 0 2.51231519707e-19)
(55.8089784737 0 3.10541016386e-19)
(55.7810802736 0 0)
(55.7507140813 0 -5.612568268e-20)
(55.7180503474 0 -5.95378258322e-19)
(55.683236799 0 1.04346697894e-18)
(55.6463340469 0 1.60163202492e-19)
(55.6072850169 0 -4.54685971628e-19)
(55.5660140597 0 -2.52556148183e-19)
(55.5224651956 0 3.0698185621e-19)
(55.4765952065 0 -3.7521614924e-20)
(55.4283499126 0 -2.18973495672e-19)
(55.3776841404 0 -2.77691281787e-19)
(55.3246204742 0 -9.4086012318e-19)
(55.2692352758 0 7.10124317872e-19)
(55.2116070891 0 7.46561552992e-19)
(55.1518015007 0 -1.24465017504e-18)
(55.0898786035 0 -4.64868785475e-19)
(55.0258993661 0 8.15005570016e-23)
(54.9599260921 0 -2.05639987291e-18)
(54.8920207849 0 1.07800083046e-18)
(54.8222449569 0 2.31047601627e-18)
(54.7506601343 0 1.86349230943e-18)
(54.6773279712 0 6.78325196142e-19)
(54.6023100675 0 -6.39606395628e-19)
(54.5256677605 0 7.42178963647e-19)
(54.4474620378 0 -7.79817222295e-19)
(54.367753347 0 1.52325599759e-18)
(54.2866011246 0 -1.68011136223e-18)
(54.204063639 0 -2.51899776997e-18)
(54.1201981928 0 9.06763889149e-19)
(54.0350611017 0 0)
(53.9487075597 0 2.77037801462e-18)
(53.8611916171 0 1.86145450764e-18)
(53.7725662132 0 -2.93020808424e-18)
(53.6828832597 0 -1.97060746033e-18)
(53.5921938558 0 2.03074167026e-18)
(53.500549237 0 -1.28541829e-20)
(53.4080011807 0 2.24455165087e-18)
(53.3145994213 0 -1.58148246476e-20)
(53.2203897839 0 -5.73520384806e-18)
(53.1254165765 0 1.20603936865e-18)
(53.0297247236 0 -9.63601819518e-21)
(52.9333592487 0 1.38605223137e-18)
(52.8363645795 0 2.52189606018e-18)
(52.738784451 0 -1.57501763166e-18)
(52.6406619493 0 -7.97063633616e-21)
(52.542039601 0 -2.37897932258e-18)
(52.4429594781 0 -3.90564382312e-18)
(52.3434633115 0 7.79637111447e-18)
(52.2435926108 0 1.06525395753e-17)
(52.1433887791 0 -6.77545922559e-18)
(52.0428932186 0 -8.26336971815e-18)
(51.9421474492 0 2.89823574787e-18)
(51.8411933814 0 5.52687698039e-18)
(51.7400747019 0 -2.99287627358e-18)
(51.6388381469 0 -5.66922906384e-18)
(51.5375294298 0 5.73355623338e-18)
(51.4361879282 0 -2.3737847185e-20)
(51.3348501097 0 -5.8540359254e-18)
(51.2335553978 0 -5.90998132045e-18)
(51.1323460192 0 2.32898264442e-20)
(51.0312649213 0 6.02804599329e-18)
(50.9303557429 0 -6.07260742649e-18)
(50.8296620249 0 2.90273011645e-18)
(50.7292283521 0 6.17619905953e-18)
(50.6291029521 0 -2.91659442947e-18)
(50.5423044741 0 4.30686765425e-18)
(50.4677653263 0 2.21916377077e-19)
(50.3914511181 0 -4.50736784556e-18)
(50.3133209581 0 8.31613965521e-18)
(50.2333724632 0 2.26391600819e-18)
(50.1516086409 0 -8.68618160985e-18)
(50.0680307853 0 1.93639233118e-18)
(49.9826441798 0 -8.84080332178e-18)
(49.8954611769 0 -4.55508487846e-18)
(49.806501706 0 4.34003763784e-18)
(49.7157943368 0 -2.71170099985e-19)
(49.6233769259 0 5.48312227263e-18)
(49.5292975554 0 -3.35306818353e-18)
(49.4336159639 0 5.963668621e-18)
(49.3364055062 0 3.85728990961e-18)
(49.237755068 0 -6.46906990475e-18)
(49.13777101 0 -4.71949291148e-21)
(49.0365795555 0 0)
(48.9343297651 0 0)
(48.8311973367 0 -5.08006965143e-18)
(48.7273885387 0 -2.62284596933e-19)
(48.6231446298 0 2.84222286278e-18)
(48.5187472723 0 2.54121596777e-18)
(48.4145245463 0 2.81267145266e-18)
(48.31085839 0 -2.83146758938e-18)
(48.2081928805 0 0)
(48.1070458325 0 2.26086939699e-18)
(48.0080213281 0 1.13251495106e-19)
(47.9118296782 0 -2.40177806473e-18)
(47.8193032459 0 6.20080313852e-18)
(47.731406171 0 3.35764133299e-19)
(47.6492764295 0 -4.80018450852e-18)
(47.5742621783 0 4.22019906601e-18)
(47.5079462213 0 2.584811055e-19)
(47.4521939283 0 -4.28309392826e-18)
(47.4091147778 0 -2.18195286486e-18)
(47.3812934036 0 -7.37669751017e-18)
(47.3717402056 0 -6.00645977442e-18)
(47.3839755063 0 7.67896654087e-18)
(47.4221764599 0 6.05673394653e-18)
(47.4911843437 0 0)
(47.5967662651 0 0)
(47.7455927159 0 5.2770189622e-18)
(47.9453383736 0 -6.44384374719e-18)
(48.2047893151 0 -5.92480502733e-18)
(48.5337476247 0 4.01105580372e-19)
(48.943140633 0 -6.1028639179e-19)
(49.4448914951 0 6.51158789712e-18)
(50.0510201837 0 -2.63451039916e-18)
(50.7741658114 0 -5.08002620095e-18)
(51.6259229772 0 4.22516858969e-18)
(52.6143731085 0 3.79649524642e-18)
(53.7433912297 0 1.02109459175e-18)
(55.0105389186 0 -1.28029400473e-18)
(56.4048578826 0 -2.04667022483e-19)
(57.9049352462 0 -1.07838401714e-18)
(59.4776855428 0 2.65385465391e-20)
(61.0785491537 0 0)
(62.6532408299 0 -5.32038123082e-18)
(64.1405201241 0 -3.43663724209e-19)
(65.475907554 0 6.80294112301e-18)
(66.5994351741 0 5.99248266217e-18)
(67.4632664403 0 5.58086034511e-18)
(68.0361986232 0 -4.96518024411e-18)
(68.3073221142 0 -4.11028760426e-18)
(68.2868974816 0 -2.87311874639e-18)
(68.0032488959 0 -6.15643118047e-20)
(67.4971248306 0 1.48392261114e-18)
(66.8148796193 0 -6.86988717051e-19)
(66.0020845512 0 6.49780673461e-19)
(65.1006232352 0 -1.98150816425e-19)
(64.1473695313 0 -6.33198845237e-19)
(63.1737433962 0 -1.88661100373e-19)
(62.2030728191 0 4.03939625801e-20)
(61.2525090624 0 1.87677762046e-19)
(60.3313901861 0 2.28283337769e-19)
(59.4609558903 0 1.06720181031e-19)
(58.6010458447 0 -1.92289283342e-19)
(57.9241581883 0 0)
(56.7944768716 0 -1.62319488427e-20)
)
;
    }
    bottom
    {
        type            calculated;
        value           nonuniform List<vector> 
190
(
(51.3011686978 0 1.87322866687e-20)
(51.3083583125 0 1.37994456125e-19)
(51.325089259 0 -8.38088080671e-20)
(51.3503851735 0 -6.35860730636e-20)
(51.3838587457 0 -2.12520278768e-19)
(51.4258102733 0 1.24515550266e-19)
(51.4767472255 0 -1.20581279299e-19)
(51.5371594545 0 -1.71643255848e-19)
(51.6075779668 0 1.95434589709e-19)
(51.6886575002 0 -3.91563824318e-19)
(51.7811696218 0 1.50134342107e-20)
(51.8859381773 0 5.1621565396e-19)
(52.0037656251 0 1.41873246968e-20)
(52.1353690419 0 -6.33684008504e-19)
(52.2813169738 0 1.01198130197e-18)
(52.441996882 0 7.55912054691e-19)
(52.6175197298 0 -7.64509032872e-19)
(52.8079259061 0 3.96739329636e-19)
(53.0124714014 0 -4.66886813098e-19)
(53.2333030485 0 -4.28369228916e-19)
(53.405748685 0 -7.28618335981e-19)
(53.5241632035 0 -7.52367891325e-19)
(53.6458590892 0 7.5368588905e-19)
(53.7701889363 0 -7.70451087276e-19)
(53.897303831 0 -2.65791125701e-21)
(54.0270863646 0 2.42331211612e-18)
(54.1593393054 0 8.07515021021e-19)
(54.2939166242 0 -1.67982650964e-18)
(54.4307120492 0 -8.23940108653e-19)
(54.5696229774 0 8.33506100954e-19)
(54.7105607461 0 2.02445220558e-21)
(54.8534350806 0 8.06267245763e-19)
(54.998133907 0 1.08828125033e-21)
(55.1445416099 0 -8.63342307662e-19)
(55.2925994235 0 8.74675264432e-19)
(55.442335718 0 9.33257566262e-19)
(55.5937714038 0 -8.75562568552e-19)
(55.7468101603 0 -4.71340792307e-20)
(55.9012359048 0 -8.63250337471e-19)
(56.0576709244 0 -1.42598917574e-19)
(56.1752251645 0 4.83539039591e-19)
(56.2533243482 0 0)
(56.3322337957 0 -1.17652867842e-18)
(56.4113548845 0 -3.29280972726e-21)
(56.4907113917 0 2.28049040804e-18)
(56.5702825348 0 3.38051562e-21)
(56.6500366714 0 2.56105474657e-21)
(56.7299489647 0 3.62904904532e-21)
(56.8099960952 0 -1.09748468314e-18)
(56.8901510542 0 2.13148720713e-18)
(56.9703845729 0 -1.08538365525e-18)
(57.0506653733 0 -2.11670957232e-18)
(57.1309598015 0 1.08280383286e-18)
(57.2112328617 0 -1.08028727452e-18)
(57.2914483483 0 -4.58913376954e-21)
(57.3715661231 0 1.06745194783e-18)
(57.4515458336 0 2.18630672566e-18)
(57.5313462993 0 -4.89471960607e-20)
(57.6109211652 0 -1.11623335955e-19)
(57.6902183607 0 1.11045837445e-18)
(57.7691815312 0 -9.16363014295e-19)
(57.847755254 0 9.80265897403e-19)
(57.925882656 0 -1.06725983118e-18)
(58.0035037282 0 -8.99269878243e-19)
(58.0805570193 0 4.54564568479e-21)
(58.1569790387 0 -5.16555352321e-20)
(58.2327042977 0 1.92537548486e-18)
(58.3076654053 0 -9.67420449294e-19)
(58.3817930627 0 4.5966314527e-21)
(58.4550163781 0 7.77816825566e-21)
(58.5272622679 0 4.99732443527e-19)
(58.5984571435 0 3.29209829316e-18)
(58.6685271323 0 -2.25304236049e-18)
(58.7373963912 0 -5.42635970612e-18)
(58.8049883543 0 -9.92147274117e-21)
(58.8712260906 0 3.50453725205e-18)
(58.9360322536 0 4.82952544186e-21)
(58.9993292777 0 3.72764984183e-21)
(59.0610396783 0 7.93172883117e-19)
(59.121086242 0 -1.2398897699e-18)
(59.1793916837 0 -7.52617949596e-19)
(59.2358783182 0 0)
(59.2904702071 0 0)
(59.3430953602 0 -1.48364477071e-18)
(59.3936838658 0 -3.37483011708e-21)
(59.4421661135 0 6.64893942805e-19)
(59.488473856 0 1.69194997971e-18)
(59.5325412208 0 6.98575012511e-19)
(59.5743048828 0 -2.85469801781e-18)
(59.6137040701 0 -1.19077017919e-21)
(59.6506805453 0 5.63146975813e-19)
(59.6851784796 0 -1.14536631422e-18)
(59.7171445239 0 5.74594696269e-19)
(59.7465277818 0 7.97550161524e-19)
(59.7732808426 0 5.25484884145e-19)
(59.7973603356 0 1.17776637742e-18)
(59.8187301991 0 -4.73471917181e-19)
(59.837362415 0 -1.70137014907e-18)
(59.8532341145 0 2.76578824088e-21)
(59.8663352786 0 7.48035599785e-19)
(59.8766484544 0 2.88062435585e-21)
(59.8842012414 0 -5.60845522516e-21)
(59.8889874386 0 0)
(59.8909476646 0 1.30089360478e-19)
(59.8900675441 0 7.86332917914e-21)
(59.8863422178 0 -1.03360898083e-19)
(59.879712011 0 6.30194659186e-21)
(59.8700918271 0 1.5820791271e-19)
(59.8574746024 0 -1.39887934148e-19)
(59.8416950675 0 -6.38024297324e-20)
(59.8256633548 0 6.77012080295e-20)
(59.8100915114 0 -5.20632233125e-20)
(59.7926128029 0 -8.21314169273e-20)
(59.7731288908 0 1.42490211712e-19)
(59.7515210011 0 5.76168877314e-19)
(59.7277202251 0 -9.24473944514e-19)
(59.7016468898 0 -6.32594764959e-20)
(59.6731676863 0 5.60678666185e-20)
(59.6420931472 0 -3.01774330728e-19)
(59.6082037949 0 -3.08818710655e-20)
(59.5712780355 0 5.87547054603e-20)
(59.5311224377 0 -1.47836642849e-20)
(59.4875748619 0 2.193089542e-19)
(59.4404902459 0 -3.38596645904e-21)
(59.3897243725 0 6.4020415855e-21)
(59.335119909 0 4.26218775258e-19)
(59.2765043595 0 2.08945630866e-19)
(59.213695897 0 -9.10767289569e-19)
(59.1464877324 0 -4.38890047134e-19)
(59.0746478708 0 4.57565880646e-19)
(58.9979708138 0 2.24913430868e-19)
(58.9162861464 0 -5.56546806617e-21)
(58.8294127065 0 0)
(58.737156025 0 2.44989021843e-19)
(58.6393246155 0 -2.19117016768e-19)
(58.5357313251 0 -3.0467544439e-19)
(58.4261965903 0 5.08322873171e-19)
(58.310551499 0 2.42596741238e-19)
(58.1886384271 0 -4.9683395753e-19)
(58.0603107866 0 -2.41616416588e-20)
(57.9254327805 0 2.79051888886e-19)
(57.7838787696 0 -2.61614860584e-19)
(57.6355319433 0 1.61802621637e-21)
(57.4802823501 0 0)
(57.3180246988 0 -8.41445662966e-19)
(57.1486570472 0 -5.15604929636e-20)
(56.9720816605 0 2.77303022609e-19)
(56.7882069932 0 9.17316362592e-19)
(56.5969448732 0 1.98808082869e-18)
(56.3982118282 0 -1.44611178916e-18)
(56.1919356054 0 -2.55746780285e-18)
(55.9780811059 0 1.1267150344e-18)
(55.7566440745 0 1.70647270096e-18)
(55.5276279877 0 -3.4750819041e-19)
(55.291042579 0 -1.92616137733e-19)
(55.0468522193 0 1.267479323e-20)
(54.7950354713 0 -2.38668516415e-19)
(54.5356670367 0 -2.6368707668e-19)
(54.2688658309 0 -1.26410030866e-20)
(53.9947570574 0 -1.15030045717e-20)
(53.7134485887 0 1.87174264599e-19)
(53.4250068886 0 -1.4359763444e-19)
(53.129428445 0 1.0997051247e-19)
(52.8265816554 0 1.65667474146e-19)
(52.5161449565 0 -1.41422995222e-19)
(52.1975708908 0 3.68401895129e-21)
(51.8700810115 0 -1.09090613504e-19)
(51.5326881401 0 3.28646517191e-19)
(51.1842315372 0 -1.2364413232e-19)
(50.8234173052 0 -1.6080787706e-19)
(50.448865506 0 1.25061629962e-19)
(50.0592291289 0 -1.10814776302e-19)
(49.6532383818 0 7.46902076024e-20)
(49.229480364 0 2.99990976103e-21)
(48.7861558276 0 -5.51385346992e-20)
(48.320921806 0 2.21372440703e-21)
(47.8306480796 0 3.1516987768e-20)
(47.3110705358 0 4.54182330882e-21)
(46.756124085 0 -2.41986225523e-20)
(46.1588170128 0 1.47815352906e-19)
(45.5064157296 0 4.78799846501e-20)
(44.7906535478 0 -3.11545301211e-20)
(43.9901716338 0 -2.14651526942e-19)
(43.0885277729 0 0)
(42.0558991623 0 -3.68229527272e-20)
(40.8732347401 0 -4.03268018129e-19)
(39.4329691898 0 -1.19748715008e-20)
(37.8266148989 0 5.26856154219e-19)
(35.790199099 0 3.70958884162e-19)
(32.8225280972 0 1.89169513147e-19)
)
;
    }
    flap
    {
        type            calculated;
        value           nonuniform List<vector> 
161
(
(-0.00148803955206 -0.00120056031597 0)
(-0.00466005664483 -0.00614385775668 9.528539653e-24)
(-0.00778570609238 -0.0149442922137 4.59377219868e-23)
(-0.0110037194833 -0.0284909609653 0)
(-0.0143665666427 -0.0459349998427 2.78297089263e-22)
(-0.0178987649637 -0.0679066620485 0)
(-0.0217625573319 -0.0935546863847 0)
(-0.0258196613386 -0.123531019704 -1.46649032724e-21)
(-0.0304320121642 -0.157045007919 0)
(-0.0351783617158 -0.194701203047 0)
(-0.0415286786612 -0.248052443444 5.73899601293e-21)
(-0.0495349011108 -0.302071995 0)
(-0.055880304982 -0.352222368443 -7.98991246521e-21)
(-0.0636329864765 -0.405522585344 4.55679589013e-21)
(-0.0710611896314 -0.462562747782 0)
(-0.0803650464908 -0.522578275629 -1.15249433425e-20)
(-0.0889869974672 -0.586291777439 -1.27932295483e-20)
(-0.100034352425 -0.65279278779 0)
(-0.109948863726 -0.723003739559 -1.54370747908e-20)
(-0.122917144627 -0.7957941551 0)
(-0.134211066307 -0.872361007653 1.81906851921e-20)
(-0.149259318673 -0.951269840024 0)
(-0.162006717972 -1.03407186469 0)
(-0.179270965645 -1.11893869751 0)
(-0.193531388851 -1.20785773071 -2.38609443163e-20)
(-0.213120007761 -1.29851492309 0)
(-0.228936755408 -1.39341603103 0)
(-0.25092651989 -1.48967290675 0)
(-0.265182104887 -1.61203237108 0)
(-0.299114827868 -1.74054561582 0)
(-0.326098170901 -1.84568724898 -3.29106910467e-20)
(-0.345445911702 -1.95621302381 0)
(-0.374976281361 -2.06623754436 0)
(-0.395813391414 -2.18199865065 0)
(-0.427850978963 -2.29661195081 0)
(-0.45015644505 -2.4173290839 -7.72679603434e-20)
(-0.48463469019 -2.53622430622 0)
(-0.508380564038 -2.66160317719 8.13411071792e-20)
(-0.545211601441 -2.78447399975 0)
(-0.570366026585 -2.91421879626 -8.49805887286e-20)
(-0.605809571111 -3.05569822377 0)
(-0.64607165745 -3.18415153214 0)
(-0.673339876727 -3.32009734161 0)
(-0.715670210337 -3.45183407864 0)
(-0.744263307154 -3.59146622838 0)
(-0.788536630712 -3.72627016395 9.44619244701e-20)
(-0.818422725988 -3.8693667183 0)
(-0.86450952824 -4.00705446664 -9.63428966009e-20)
(-0.895656659351 -4.15341900663 0)
(-0.943424188305 -4.29383688037 -9.77669164951e-20)
(-0.975798735734 -4.44329521666 0)
(-1.01428043186 -4.63958271372 0)
(-1.08532693091 -4.80256498628 0)
(-1.12122634245 -4.95623682206 0)
(-1.17136252734 -5.10424242589 0)
(-1.2083770213 -5.26054855103 -9.78697726056e-20)
(-1.2596471015 -5.41085860435 -9.91240177083e-20)
(-1.29770083899 -5.56962308723 0)
(-1.349945168 -5.72208254474 9.8564978814e-20)
(-1.3889472106 -5.88309548347 0)
(-1.441995428 -6.03751045809 0)
(-1.48184163889 -6.20052117433 0)
(-1.53551763366 -6.35665608222 0)
(-1.57609600406 -6.52137710531 0)
(-1.63022571341 -6.67896291437 0)
(-1.67142366362 -6.84508435333 -9.22918568425e-20)
(-1.72584405628 -7.00383569651 -9.29663465024e-20)
(-1.76755615255 -7.17104577464 0)
(-1.82212318541 -7.33068169919 0)
(-1.86030291475 -7.54018350302 0)
(-1.93411622063 -7.73796354649 0)
(-1.98998247284 -7.89765777244 0)
(-2.03137432128 -8.0673406643 0)
(-2.08707284326 -8.2273041619 0)
(-2.12876244627 -8.39719147428 0)
(-2.18424341304 -8.55728719544 -8.22168350522e-20)
(-2.22620616032 -8.72726362743 0)
(-2.28144339419 -8.88740882052 0)
(-2.32366828436 -9.05741334681 -7.62666121207e-20)
(-2.37699898284 -9.22791561319 7.58607476977e-20)
(-2.39517117372 -9.45720126028 0)
(0.017365059486 -0.252932334918 0)
(0.0149823062859 -0.307762368947 -3.41985566549e-21)
(0.013211752717 -0.358872490423 0)
(0.00996067108301 -0.413042987345 4.5116341692e-21)
(0.00690168216083 -0.471155427187 -1.01614500634e-20)
(0.00191478503412 -0.53211520734 -1.14129216779e-20)
(-0.00252067777174 -0.597002738242 0)
(-0.00941227845777 -0.664511892718 0)
(-0.0153032773818 -0.73598800339 1.52414239389e-20)
(-0.0242584072628 -0.809841179385 0)
(-0.0316781647109 -0.887752601135 0)
(-0.0428453903196 -0.967769507039 0)
(-0.051863413132 -1.05198202631 -2.07611330194e-20)
(-0.0653786034968 -1.13799204194 0)
(-0.0760597156977 -1.22837159808 0)
(-0.0920409493942 -1.32019564065 0)
(-0.104441927491 -1.41658910153 0)
(-0.122983156955 -1.51402367885 0)
(-0.133620874018 -1.6384904637 0)
(-0.163319296019 -1.76836341941 -6.21208096413e-20)
(-0.187150790898 -1.87463629071 -3.26558364458e-20)
(-0.203619809604 -1.98667894098 0)
(-0.230194646006 -2.09781418463 0)
(-0.248362662402 -2.21505339561 0)
(-0.27764935652 -2.33074756076 3.75670817178e-20)
(-0.297496716801 -2.45288833649 0)
(-0.329429500022 -2.57282749581 0)
(-0.350921453527 -2.69956338471 8.0607263391e-20)
(-0.38540505264 -2.82343676782 0)
(-0.408495283842 -2.95446349382 8.42492930228e-20)
(-0.441678070727 -3.09714046775 0)
(-0.479868421019 -3.22652949604 -8.87140898089e-20)
(-0.505324682934 -3.36363254335 -8.89983695566e-20)
(-0.545735609502 -3.49626273899 0)
(-0.572650115525 -3.6369695933 9.14832126118e-20)
(-0.615135235275 -3.77262664235 9.38701086167e-20)
(-0.643453743146 -3.91671574112 9.35074871025e-20)
(-0.687863914482 -4.05521843685 0)
(-0.717534899132 -4.20249453642 0)
(-0.763721066825 -4.34369101307 0)
(-0.794696384524 -4.49398072459 0)
(-0.831498346869 -4.69122680407 -9.26441728252e-20)
(-0.900722972618 -4.85506496255 0)
(-0.935331315827 -5.00943008627 0)
(-0.98412242744 -5.15811161674 0)
(-1.01992214567 -5.315031537 0)
(-1.06994123726 -5.4659708883 0)
(-1.10687299569 -5.62526547662 0)
(-1.15797989777 -5.77830164337 0)
(-1.19597454839 -5.93975614437 0)
(-1.24802103702 -6.0946890824 0)
(-1.28699601948 -6.25804941997 0)
(-1.33982459705 -6.41463898516 -9.58251424144e-20)
(-1.37968321924 -6.57961746254 0)
(-1.43312964754 -6.73759314825 -9.42586304989e-20)
(-1.47376426216 -6.90388386562 -9.17935430212e-20)
(-1.52766360215 -7.06296248965 9.24248668559e-20)
(-1.56896172034 -7.23026211903 0)
(-1.62315624605 -7.39016904727 0)
(-1.66099864799 -7.59944525708 0)
(-1.7345470576 -7.79760483536 0)
(-1.79024489066 -7.95751730047 -8.65924392349e-20)
(-1.8315337283 -8.12710784155 0)
(-1.88714552443 -8.28725877347 -8.41636993598e-20)
(-1.92879395919 -8.45702265055 0)
(-1.98423798886 -8.61728584047 8.16733873181e-20)
(-2.02619270122 -8.78712130397 0)
(-2.08141587307 -8.94742345788 -7.91518282076e-20)
(-2.12364463229 -9.1172795652 0)
(-2.1784405508 -9.28743567459 -7.57612102486e-20)
(0.00146280088167 -0.0012240238462 0)
(0.00450984028562 -0.006268478849 1.88185050548e-23)
(0.00732915969913 -0.0152447315288 0)
(0.00991684603713 -0.0290679323789 0)
(0.0122060008504 -0.0468465064915 0)
(0.0141689594114 -0.069263059444 -4.03182631164e-22)
(0.0156853164046 -0.0953863667832 -5.52935648983e-22)
(0.0168601215628 -0.125965081898 -1.44503747703e-21)
(0.0173683946697 -0.16007693926 0)
(0.0175969007637 -0.198481630404 0)
)
;
    }
    squareblock
    {
        type            calculated;
        value           uniform (0 0 0);
    }
}


// ************************************************************************* //
