/*--------------------------------*- C++ -*----------------------------------*\
  =========                 |
  \\      /  F ield         | OpenFOAM: The Open Source CFD Toolbox
   \\    /   O peration     | Website:  https://openfoam.org
    \\  /    A nd           | Version:  13
     \\/     M anipulation  |
\*---------------------------------------------------------------------------*/
FoamFile
{
    format      ascii;
    class       volVectorField;
    location    "0.875";
    object      cellDisplacement;
}
// * * * * * * * * * * * * * * * * * * * * * * * * * * * * * * * * * * * * * //

dimensions      [0 1 0 0 0 0 0];

internalField   nonuniform List<vector> 
15080
(
(-0.000313834095953 2.94880720568e-05 0)
(-0.000942421820014 8.88996270012e-05 0)
(-0.00154667498351 0.000142498807028 0)
(-0.00213100960544 0.000190831377261 0)
(-0.00270204535011 0.000235217151681 0)
(-0.00326517721026 0.000276636859761 0)
(-0.00382477041929 0.000315736823803 0)
(-0.00438457843339 0.000352948874204 0)
(-0.00494800129781 0.000388570262506 0)
(-0.00551822835655 0.000422804433548 0)
(-0.00609833305147 0.000455774513456 0)
(-0.00669133134471 0.000487533342946 0)
(-0.00730022030738 0.000518061224039 0)
(-0.0079279999944 0.000547268669547 0)
(-0.00857767855745 0.000574999336201 0)
(-0.00925226597147 0.000601028833683 0)
(-0.0099547587647 0.000625063436951 0)
(-0.0106881260888 0.000646741470621 0)
(-0.0114553546972 0.000665635927165 0)
(-0.0122622017107 0.000681294433252 0)
(-0.000291737885051 8.56626041429e-05 0)
(-0.00089463541743 0.000253550466357 0)
(-0.0014861449468 0.000405794430836 0)
(-0.00206220616756 0.000544419177467 0)
(-0.00262666119115 0.000672402045088 0)
(-0.00318396194814 0.000792023147562 0)
(-0.0037381236984 0.000904890086287 0)
(-0.00429277103172 0.00101213105922 0)
(-0.00485127709791 0.00111454683967 0)
(-0.00541684008556 0.00121271154509 0)
(-0.0059925543696 0.00130700364525 0)
(-0.00658148123051 0.00139758171962 0)
(-0.0071866877591 0.00148438163554 0)
(-0.00781127372113 0.00156714249843 0)
(-0.00845837096346 0.00164542015852 0)
(-0.00913113403839 0.00171857640463 0)
(-0.00983272493974 0.00178577388387 0)
(-0.0105663090004 0.00184596875362 0)
(-0.0113351563056 0.00189787294174 0)
(-0.0121435359268 0.00193975830864 0)
(-0.000272647248852 0.000134173733199 0)
(-0.00084159647727 0.000393394356256 0)
(-0.00140808911963 0.000631221335882 0)
(-0.00196491249775 0.00084978009161 0)
(-0.00251342644712 0.00105248024928 0)
(-0.0030566726046 0.00124219924879 0)
(-0.00359792751462 0.00142111129266 0)
(-0.004140456577 0.0015908013704 0)
(-0.0046875258438 0.00175240739463 0)
(-0.0052423463031 0.00190679059886 0)
(-0.00580792427683 0.00205474006606 0)
(-0.00638733965633 0.00219645029828 0)
(-0.00698373486213 0.00233177278282 0)
(-0.00760033298289 0.00246032010547 0)
(-0.00824044155806 0.00258141631014 0)
(-0.00890742880663 0.0026940652852 0)
(-0.00960469377723 0.00279696653861 0)
(-0.0103356407255 0.00288849367158 0)
(-0.0111037133449 0.00296660246549 0)
(-0.0119131881766 0.00302846034029 0)
(-0.00025472337541 0.000174537361206 0)
(-0.00078752659336 0.000510641904075 0)
(-0.00132262269814 0.000821309361781 0)
(-0.00185263773402 0.00110871923194 0)
(-0.00237772571079 0.00137632293288 0)
(-0.00289984831587 0.00162718914042 0)
(-0.00342151326593 0.00186375535362 0)
(-0.00394548550021 0.00208784514193 0)
(-0.00447486792592 0.00230073488449 0)
(-0.00501326349124 0.00250334444093 0)
(-0.00556327176121 0.0026974752329 0)
(-0.00612788817555 0.00288283788574 0)
(-0.00671042565908 0.00305913512534 0)
(-0.0073141647296 0.00322613085085 0)
(-0.00794260125246 0.00338292547592 0)
(-0.0085993758575 0.0035281752591 0)
(-0.00928819221444 0.0036602215974 0)
(-0.0100127620477 0.00377703588425 0)
(-0.0107768657162 0.00387604158965 0)
(-0.0115851648006 0.00395369753025 0)
(-0.000237049149143 0.00020662230983 0)
(-0.000732467752754 0.000605689787806 0)
(-0.00123260239073 0.000976872132281 0)
(-0.00173090483235 0.00132199005909 0)
(-0.00222711255254 0.00164434165807 0)
(-0.00272255092466 0.00194699555137 0)
(-0.00321912478951 0.00223248981604 0)
(-0.00371899565004 0.00250278677455 0)
(-0.00422458892869 0.00275935729959 0)
(-0.00474042490085 0.00300420277521 0)
(-0.0052696510961 0.00323799517932 0)
(-0.00581402875024 0.00345994654629 0)
(-0.006377703052 0.00366998413198 0)
(-0.006963682689 0.00386889305241 0)
(-0.00757551616173 0.00405509378473 0)
(-0.0082172337962 0.00422686954435 0)
(-0.00889301692333 0.00438235519 0)
(-0.0096068567715 0.00451948366798 0)
(-0.0103629088933 0.00463521109044 0)
(-0.0111662977948 0.00472528773087 0)
(-0.000218994507987 0.000231381334823 0)
(-0.000675857793349 0.000680740478997 0)
(-0.00113868018859 0.00110094359835 0)
(-0.00160196767458 0.00149311459267 0)
(-0.00206538917913 0.00186029260874 0)
(-0.00252993895613 0.00220546432509 0)
(-0.00299718096801 0.00253121380337 0)
(-0.00346906687873 0.00283971366542 0)
(-0.00394794636038 0.00313286242119 0)
(-0.00443671107614 0.00341233132429 0)
(-0.00493880481642 0.00367773048492 0)
(-0.00545671753269 0.00392928234663 0)
(-0.00599544263321 0.00416805398356 0)
(-0.00655865719601 0.00439353774073 0)
(-0.00714853446522 0.00460347525241 0)
(-0.00776967566065 0.00479632143824 0)
(-0.00842731831413 0.00497012990464 0)
(-0.00912542913122 0.00512359128869 0)
(-0.00986852549143 0.00525274998144 0)
(-0.0106621371085 0.00535287851634 0)
(-0.000199824031961 0.00025084459591 0)
(-0.000616644380856 0.000739804148662 0)
(-0.00104039139398 0.00119866844201 0)
(-0.00146633871639 0.00162802860374 0)
(-0.00189416009589 0.00203068501004 0)
(-0.00232466038216 0.00240950775492 0)
(-0.00275918317645 0.00276704831263 0)
(-0.00319949657016 0.0031054879808 0)
(-0.00364777536539 0.00342663110318 0)
(-0.00410658827894 0.00373179281306 0)
(-0.00457889530927 0.00402162757604 0)
(-0.00506783828065 0.00429673741145 0)
(-0.00557709775166 0.0045575975745 0)
(-0.00611110289697 0.00480253359922 0)
(-0.00667313022084 0.00503036016557 0)
(-0.00726717841163 0.00523950181681 0)
(-0.00789974937092 0.00542903854079 0)
(-0.00857610838795 0.00559613295566 0)
(-0.00930038382111 0.00573593913947 0)
(-0.0100784620149 0.00584470961598 0)
(-0.000180042520904 0.000265573221934 0)
(-0.000555726402159 0.000784405673627 0)
(-0.00093913282242 0.001272412222 0)
(-0.00132613199268 0.00172978165698 0)
(-0.00171637206619 0.00215910313838 0)
(-0.00211049875823 0.00256311241522 0)
(-0.00250966774594 0.00294427759582 0)
(-0.00291546152819 0.00330472180829 0)
(-0.00332987467074 0.00364619338639 0)
(-0.0037553037706 0.00397003229785 0)
(-0.0041945405455 0.0042771851888 0)
(-0.00465077149179 0.00456822675749 0)
(-0.00512758768998 0.00484321937765 0)
(-0.00562900038779 0.00510146485147 0)
(-0.00615911015673 0.00534200679266 0)
(-0.00672237030694 0.00556360500443 0)
(-0.00732384047261 0.00576460921297 0)
(-0.00796948748461 0.00594095711563 0)
(-0.00866626395507 0.00609013002905 0)
(-0.00942156929322 0.00620695270816 0)
(-0.000160092056402 0.000275892274956 0)
(-0.000494234895113 0.000815622687033 0)
(-0.000836665707182 0.00132398474721 0)
(-0.00118379373372 0.00180084126554 0)
(-0.00153521150123 0.00224858195202 0)
(-0.00189139862488 0.00266979824345 0)
(-0.00225332317134 0.00306685703552 0)
(-0.00262237951202 0.00344181914312 0)
(-0.00300038357995 0.00379641522119 0)
(-0.00338957641568 0.00413203138871 0)
(-0.00379263031831 0.00444969908928 0)
(-0.00421265836262 0.00475005576891 0)
(-0.00465321027628 0.0050332885419 0)
(-0.00511826072446 0.00529911727709 0)
(-0.0056121863673 0.00554680523307 0)
(-0.00613977006846 0.0057751101985 0)
(-0.0067062306584 0.00598209863398 0)
(-0.00731728927349 0.00616494432688 0)
(-0.00797918443257 0.00632029611749 0)
(-0.00870078549518 0.00644187464045 0)
(-0.000140335626186 0.000282135128036 0)
(-0.000433252229051 0.000834510353447 0)
(-0.000734768888525 0.00135514955308 0)
(-0.00104180534629 0.0018436341969 0)
(-0.0013538820852 0.00230215201557 0)
(-0.00167130115285 0.0027331381944 0)
(-0.0019948337325 0.00313884683775 0)
(-0.00232567668358 0.00352127219128 0)
(-0.00266545713372 0.00388212950431 0)
(-0.0030162461893 0.00422284263829 0)
(-0.00338057526856 0.00454452566905 0)
(-0.00376145244891 0.00484795156694 0)
(-0.00416237453918 0.00513351626043 0)
(-0.00458733682787 0.00540120152098 0)
(-0.00504084314406 0.0056505117581 0)
(-0.00552789947341 0.0058803879802 0)
(-0.00605399033577 0.00608908518931 0)
(-0.00662502146497 0.00627402991669 0)
(-0.00724733832885 0.00643149009569 0)
(-0.00792908308182 0.00655592683487 0)
(-0.000121103024245 0.000284674174696 0)
(-0.00037380002396 0.000842192080745 0)
(-0.000635163259831 0.00136776036986 0)
(-0.000902593096326 0.00186070744751 0)
(-0.00117552819021 0.00232300544475 0)
(-0.00145408404395 0.00275691431427 0)
(-0.00173882366456 0.00316455813413 0)
(-0.00203073156467 0.00354785122587 0)
(-0.00233122610404 0.00390848370257 0)
(-0.00264218110405 0.0042479123302 0)
(-0.00296595149847 0.00456734485672 0)
(-0.0033054012059 0.00486771437867 0)
(-0.0036639316901 0.00514964267204 0)
(-0.00404550996309 0.005413387511 0)
(-0.00445469247718 0.00565876678549 0)
(-0.00489663690199 0.00588505981538 0)
(-0.00537710347893 0.00609088412714 0)
(-0.00590248677976 0.00627403505323 0)
(-0.00648009733096 0.00643121200229 0)
(-0.00711970085931 0.00655733297341 0)
(-0.0001027020072 0.000283916365686 0)
(-0.000316839443244 0.000839880380054 0)
(-0.000539483648122 0.00136380872367 0)
(-0.000768479892594 0.00185479548774 0)
(-0.00100317870474 0.00231457534492 0)
(-0.00124350365431 0.00274520631975 0)
(-0.00148979955523 0.00314865704386 0)
(-0.00174282207371 0.00352673904556 0)
(-0.00200375616333 0.00388109788185 0)
(-0.00227424393284 0.00421320965744 0)
(-0.00255641877707 0.00452437145421 0)
(-0.00285294499623 0.00481568138266 0)
(-0.00316706195499 0.00508800414215 0)
(-0.00350263068747 0.00534191670673 0)
(-0.00386417911662 0.00557762896962 0)
(-0.00425694186627 0.00579487593409 0)
(-0.00468689721028 0.00599277905019 0)
(-0.00516082657493 0.00616966753732 0)
(-0.00568649848092 0.00632280453355 0)
(-0.00627363962533 0.00644773292968 0)
(-8.54144711003e-05 0.000280300506506 0)
(-0.000263256675059 0.000828884415886 0)
(-0.000449247346728 0.00134544565644 0)
(-0.000641636197507 0.00182885566421 0)
(-0.000839683414851 0.00228058400721 0)
(-0.00104312035642 0.00270245364736 0)
(-0.00125206775571 0.00309624454229 0)
(-0.00146703830664 0.00346363296579 0)
(-0.00168895911492 0.00380618896879 0)
(-0.00191920369542 0.0041253802601 0)
(-0.00215963261743 0.00442257139779 0)
(-0.0024126432885 0.00469901354247 0)
(-0.00268122896068 0.00495581966112 0)
(-0.00296904559391 0.00519391844168 0)
(-0.00328048285927 0.00541397880576 0)
(-0.0036207328784 0.00561629677852 0)
(-0.003995849218 0.00580063802504 0)
(-0.00441279802608 0.0059660266619 0)
(-0.00487958052386 0.0061104288217 0)
(-0.00540614184428 0.00623005912215 0)
(-6.94887229101e-05 0.000274296392278 0)
(-0.000213839403563 0.000810612053042 0)
(-0.000365813051251 0.00131498948867 0)
(-0.000524020251858 0.00178608343375 0)
(-0.000687634532619 0.00222506748229 0)
(-0.000856202116188 0.00263349227918 0)
(-0.00102962104835 0.00301290986617 0)
(-0.00120815356408 0.00336482022853 0)
(-0.00139244996132 0.00369067511341 0)
(-0.00158358179203 0.00399189012794 0)
(-0.0017830856993 0.00426985496512 0)
(-0.00199301997782 0.00452593750989 0)
(-0.0022160358477 0.00476147673961 0)
(-0.00245546426175 0.00497775634709 0)
(-0.00271541597129 0.00517594675356 0)
(-0.00300088678882 0.0053569988539 0)
(-0.00331785334841 0.00552147083753 0)
(-0.00367335149167 0.00566926935593 0)
(-0.00407562063069 0.00579926206632 0)
(-0.00453502728122 0.00590855467113 0)
(-5.51308135256e-05 0.000266402481469 0)
(-0.000169248923565 0.000786564435289 0)
(-0.000290332544987 0.0012749192135 0)
(-0.000417308147932 0.00172990667742 0)
(-0.000549273871282 0.0021523734369 0)
(-0.000685607449387 0.00254355973301 0)
(-0.000825996038761 0.00290474759247 0)
(-0.000970454930322 0.0032372138815 0)
(-0.00111934997732 0.00354223941307 0)
(-0.00127342840471 0.00382112867386 0)
(-0.00143386119116 0.00407523163123 0)
(-0.00160230067765 0.00430596499744 0)
(-0.00178095793467 0.00451482968417 0)
(-0.00197270482589 0.00470341755359 0)
(-0.00218120406692 0.00487339332235 0)
(-0.00241106425524 0.00502642565967 0)
(-0.00266800445361 0.00516402714401 0)
(-0.00295900649063 0.00528725394875 0)
(-0.0032925063315 0.00539621481491 0)
(-0.00367925596771 0.00548927917311 0)
(-4.24956948693e-05 0.000257140312076 0)
(-0.000129990614947 0.000758320692962 0)
(-0.000223698948162 0.00122785107351 0)
(-0.000322818203772 0.00166395583588 0)
(-0.000426390928552 0.00206712714878 0)
(-0.000533654075802 0.00243826019185 0)
(-0.000644108580583 0.00277832657552 0)
(-0.00075754110349 0.00308833224403 0)
(-0.000874042372685 0.00336932958078 0)
(-0.000994032066048 0.00362244224906 0)
(-0.00111829449491 0.00384889614115 0)
(-0.00124802957632 0.00405005625072 0)
(-0.00138492565667 0.00422747010406 0)
(-0.00153126397937 0.00438291667895 0)
(-0.00169006800304 0.00451845332958 0)
(-0.00186531072569 0.00463643627687 0)
(-0.00206218131894 0.00473945478139 0)
(-0.00228738342204 0.00483006600451 0)
(-0.00254944673215 0.00491018122992 0)
(-0.00285950345033 0.00498000948117 0)
(-3.167847784e-05 0.000247044703562 0)
(-9.63853443203e-05 0.000727512012868 0)
(-0.000166496639869 0.00117649729327 0)
(-0.000241436965137 0.00159200799455 0)
(-0.000320221346865 0.00197416234897 0)
(-0.000401985107377 0.00232348419765 0)
(-0.000486081646401 0.00264060162988 0)
(-0.000572104318484 0.00292620755018 0)
(-0.000659898952275 0.0031810716183 0)
(-0.000749580373975 0.00340606599191 0)
(-0.000841557177318 0.00360219979407 0)
(-0.000936568613585 0.00377066419349 0)
(-0.00103573990351 0.00391289297275 0)
(-0.00114066757602 0.00403064644225 0)
(-0.00125355634468 0.00412612875787 0)
(-0.00137744442212 0.00420214295093 0)
(-0.00151656786974 0.00426225149467 0)
(-0.00167689770277 0.00431079557704 0)
(-0.00186680598223 0.00435239984196 0)
(-0.00209796758143 0.00439045135269 0)
(-2.27069756936e-05 0.000236651108492 0)
(-6.8546483845e-05 0.000695788802589 0)
(-0.000118961822441 0.00112361031586 0)
(-0.00017355947985 0.00151790855544 0)
(-0.000231362297889 0.00187842088105 0)
(-0.000291454010693 0.00220528648125 0)
(-0.000353092457011 0.00249876991149 0)
(-0.000415729555585 0.00275922218594 0)
(-0.000479017893417 0.00298708924133 0)
(-0.00054281862327 0.00318293385904 0)
(-0.000607214034814 0.00334746654176 0)
(-0.000672526795057 0.00348158746348 0)
(-0.000739348983042 0.00358644554571 0)
(-0.000808587813984 0.0036635273361 0)
(-0.000881545256095 0.0037148017902 0)
(-0.000960075295644 0.00374297165231 0)
(-0.00104692275308 0.00375191108597 0)
(-0.0011464479995 0.00374733276965 0)
(-0.00126599270812 0.00373737191584 0)
(-0.00141790801465 0.00373170344113 0)
(-1.55487498235e-05 0.00022650554296 0)
(-4.63789380895e-05 0.00066479558909 0)
(-8.0979293775e-05 0.00107193000201 0)
(-0.000119077766252 0.00144549505855 0)
(-0.000159749125844 0.0017848522302 0)
(-0.000202084908047 0.00208975890894 0)
(-0.000245309331381 0.00236011454726 0)
(-0.000288797526821 0.00259591980378 0)
(-0.000332078036871 0.00279727898052 0)
(-0.000374834230138 0.00296441473138 0)
(-0.000416907132753 0.00309768999177 0)
(-0.000458299832643 0.00319763733972 0)
(-0.000499182661382 0.0032649982869 0)
(-0.000539897467984 0.0033007793689 0)
(-0.000580959928562 0.00330634407736 0)
(-0.000623068632114 0.0032835954259 0)
(-0.000667181546018 0.00323540733385 0)
(-0.00071492657368 0.00316672171462 0)
(-0.000770232014332 0.00308713599357 0)
(-0.000844117407001 0.00301536681999 0)
(-1.01298245259e-05 0.000217161048748 0)
(-2.96849448683e-05 0.000636191436729 0)
(-5.22242275623e-05 0.00102422353114 0)
(-7.75678275035e-05 0.00137864485397 0)
(-0.000104891640402 0.00169846354004 0)
(-0.000133356336093 0.00198308017208 0)
(-0.00016221868793 0.00223205090498 0)
(-0.000190848779244 0.00244504324563 0)
(-0.000218730949876 0.0026218320763 0)
(-0.000245462458761 0.00276230667063 0)
(-0.000270751719442 0.0028664828468 0)
(-0.00029441554747 0.00293451825569 0)
(-0.000316373498216 0.00296672792849 0)
(-0.000336633639197 0.00296359476034 0)
(-0.000355255803115 0.00292576663844 0)
(-0.000372261457267 0.00285403074732 0)
(-0.000387428173885 0.00274927675649 0)
(-0.000399882382011 0.00261263639002 0)
(-0.00040769182867 0.00244694308753 0)
(-0.0004104798613 0.00226457556822 0)
(-0.0128982700682 0.000689280327807 0)
(-0.0133315350374 0.000693649250634 0)
(-0.0137747777637 0.000697005565722 0)
(-0.014228381351 0.000699176021038 0)
(-0.0146925978168 0.000700023094185 0)
(-0.0151676210261 0.000699429756802 0)
(-0.0156536205537 0.00069729035023 0)
(-0.0161507326216 0.000693503895888 0)
(-0.0166590488978 0.00068797165335 0)
(-0.0171786068141 0.000680597742186 0)
(-0.0177093858521 0.000671291351032 0)
(-0.0182510084483 0.00065996948854 0)
(-0.0188039352018 0.000646535667697 0)
(-0.0193718571298 0.000630786471613 0)
(-0.0199541843321 0.000611509433528 0)
(-0.0205466747111 0.000589771333735 0)
(-0.0211481393834 0.000565500295477 0)
(-0.0217579440654 0.000538552583478 0)
(-0.0223756056289 0.000508791684364 0)
(-0.0230010210672 0.000476032549999 0)
(-0.012782127969 0.00196155604175 0)
(-0.0132182569079 0.00197281059023 0)
(-0.0136647192721 0.00198140637844 0)
(-0.0141217926048 0.00198647426433 0)
(-0.0145898490258 0.00198761145804 0)
(-0.0150691797077 0.00198453242032 0)
(-0.0155600065915 0.00197696861561 0)
(-0.0160624927023 0.00196463947004 0)
(-0.0165767549267 0.00194725476109 0)
(-0.0171028736346 0.00192452090444 0)
(-0.0176409064346 0.0018961457064 0)
(-0.0181905597749 0.00186183278574 0)
(-0.0187520679229 0.00182123887482 0)
(-0.0193263535333 0.00177385205224 0)
(-0.0199155991167 0.00171807697193 0)
(-0.0205182376291 0.00165481440389 0)
(-0.0211302122746 0.00158399752534 0)
(-0.0217506685527 0.00150536011725 0)
(-0.022379193714 0.00141857896585 0)
(-0.0230157034164 0.00132315229796 0)
(-0.0125528693584 0.00306076502335 0)
(-0.0129918098028 0.0030773775669 0)
(-0.0134428833888 0.00308862532155 0)
(-0.0139040120143 0.00309442130961 0)
(-0.0143766805957 0.00309399009819 0)
(-0.014861454459 0.00308692848735 0)
(-0.015358599708 0.00307279255684 0)
(-0.015868274785 0.00305110794793 0)
(-0.016390599794 0.00302139285972 0)
(-0.0169256606315 0.00298315939686 0)
(-0.0174734992987 0.00293591161437 0)
(-0.0180337333633 0.00287912713975 0)
(-0.0186064035858 0.00281224627682 0)
(-0.019192192238 0.00273469457648 0)
(-0.0197935819986 0.00264569866609 0)
(-0.020409506091 0.0025439262619 0)
(-0.0210359344983 0.00243003848473 0)
(-0.0216716962382 0.00230371412084 0)
(-0.0223161377068 0.00216444713243 0)
(-0.0229690462884 0.00201143628482 0)
(-0.0122257636096 0.00399367624315 0)
(-0.0126640961336 0.00401398629847 0)
(-0.0131167028067 0.0040270568906 0)
(-0.013582541123 0.00403231611326 0)
(-0.0140599156042 0.00402890279711 0)
(-0.0145501487593 0.00401728057643 0)
(-0.0150536353553 0.00399640255749 0)
(-0.0155706219311 0.00396552457767 0)
(-0.0161012904683 0.00392399346565 0)
(-0.0166457646094 0.00387115186416 0)
(-0.0172041157304 0.00380632981607 0)
(-0.0177759878206 0.00372881986654 0)
(-0.0183614725993 0.00363790504276 0)
(-0.0189610709382 0.0035329117701 0)
(-0.0195750027725 0.00341300475415 0)
(-0.0202046096914 0.00327657026023 0)
(-0.0208481162512 0.00312396724324 0)
(-0.0215018552365 0.00295471816505 0)
(-0.0221648554529 0.00276814222283 0)
(-0.0228368889961 0.00256316376772 0)
(-0.0118057668799 0.0047708710512 0)
(-0.012244006979 0.00479362031596 0)
(-0.0126953186265 0.00480802648631 0)
(-0.0131604991825 0.00481243194967 0)
(-0.0136415589315 0.00480704491284 0)
(-0.0141376544103 0.00479105994536 0)
(-0.0146467406594 0.00476399031337 0)
(-0.0151701525601 0.00472486510268 0)
(-0.0157083988934 0.00467284547459 0)
(-0.0162616629101 0.00460710780352 0)
(-0.0168300295399 0.00452682054551 0)
(-0.0174131109221 0.00443108238721 0)
(-0.018010950088 0.00431897705095 0)
(-0.0186239781699 0.00418963524489 0)
(-0.0192524903065 0.00404210399883 0)
(-0.019898085424 0.00387548033646 0)
(-0.0205589677258 0.00368905535224 0)
(-0.0212312671097 0.00348205467888 0)
(-0.0219138231308 0.00325365825757 0)
(-0.0226062949333 0.00300255397193 0)
(-0.0112968735177 0.00540298239376 0)
(-0.0117327941986 0.00542764593373 0)
(-0.0121825893387 0.00544285196397 0)
(-0.0126470375255 0.00544749599568 0)
(-0.0131269279883 0.00544078345461 0)
(-0.0136244962749 0.0054217188629 0)
(-0.0141385729693 0.00538959753255 0)
(-0.0146671105819 0.00534375905062 0)
(-0.0152114503895 0.0052831154738 0)
(-0.0157720859128 0.00520677144328 0)
(-0.016349190303 0.00511374499571 0)
(-0.016942363069 0.00500293891163 0)
(-0.0175516498877 0.00487326898161 0)
(-0.0181775192374 0.00472373529739 0)
(-0.0188203378831 0.00455324274036 0)
(-0.0194818630637 0.00436071087922 0)
(-0.0201601793661 0.00414515049853 0)
(-0.0208511583217 0.00390552848217 0)
(-0.0215535633544 0.00364084890808 0)
(-0.0222669876415 0.00334952776181 0)
(-0.0107043919257 0.00589915177674 0)
(-0.0111354033677 0.00592596201516 0)
(-0.0115813049858 0.00594251192542 0)
(-0.0120429089218 0.00594758274169 0)
(-0.0125207940588 0.00594020967236 0)
(-0.0130156709464 0.00591944867647 0)
(-0.0135296975229 0.00588427635427 0)
(-0.0140617216712 0.00583373385955 0)
(-0.0146102022815 0.00576634799799 0)
(-0.0151762291839 0.00568209595891 0)
(-0.0157601428696 0.00557947676946 0)
(-0.016361623114 0.00545712654223 0)
(-0.0169807793999 0.00531381668572 0)
(-0.017618105075 0.00514845401624 0)
(-0.0182739237028 0.0049598288384 0)
(-0.0189500679768 0.00474666825144 0)
(-0.0196447556188 0.0045068238914 0)
(-0.0203538022636 0.00423986740462 0)
(-0.0210757636402 0.00394461270655 0)
(-0.0218100674575 0.00361911963829 0)
(-0.0100339305007 0.00626581463224 0)
(-0.0104569326112 0.00629531545198 0)
(-0.0108959026459 0.00631400412371 0)
(-0.0113517394971 0.00632036277112 0)
(-0.0118250195086 0.006313324229 0)
(-0.0123162375287 0.00629193237688 0)
(-0.0128259334873 0.00625517698946 0)
(-0.0133547416839 0.0062014963567 0)
(-0.0139043141516 0.0061307941362 0)
(-0.0144740105636 0.00604165183399 0)
(-0.0150621220436 0.00593275808459 0)
(-0.0156693327557 0.00580252439658 0)
(-0.0162961390772 0.00564954530374 0)
(-0.0169431940556 0.00547260257239 0)
(-0.0176105935893 0.00527045761227 0)
(-0.0182981489107 0.00504141479891 0)
(-0.0190062739733 0.00478310078397 0)
(-0.0197326942371 0.00449494109971 0)
(-0.0204736207012 0.00417533029142 0)
(-0.0212282081873 0.00382199090834 0)
(-0.00929228461979 0.00650590062174 0)
(-0.00970335671761 0.00653955143022 0)
(-0.0101318650622 0.00656175156716 0)
(-0.0105785180742 0.00657040350057 0)
(-0.011043651816 0.00656480328053 0)
(-0.0115276806455 0.00654390722499 0)
(-0.0120308977806 0.00650661161959 0)
(-0.0125539802476 0.00645281696641 0)
(-0.013098052137 0.00638138341254 0)
(-0.0136653233122 0.00629075277319 0)
(-0.0142548484264 0.0061793383871 0)
(-0.0148645031744 0.00604508744278 0)
(-0.0154955288354 0.00588658505601 0)
(-0.0161492254128 0.00570247035945 0)
(-0.0168254169185 0.00549122119448 0)
(-0.0175232717498 0.00525147676895 0)
(-0.0182438563166 0.00498086801025 0)
(-0.018985105596 0.00467776592482 0)
(-0.0197428289913 0.00434010472563 0)
(-0.0205160078673 0.00396530267098 0)
(-0.00849002319782 0.00662239487761 0)
(-0.00888268203015 0.0066566730412 0)
(-0.00929666923791 0.00667929497979 0)
(-0.009730446661 0.00668974163316 0)
(-0.0101828453663 0.00668783965745 0)
(-0.0106563673966 0.00667195172905 0)
(-0.0111487603594 0.00663935939499 0)
(-0.0116608246448 0.00658912565885 0)
(-0.0121960531775 0.00652047805555 0)
(-0.0127555032131 0.00643192995915 0)
(-0.0133400732252 0.00632160123114 0)
(-0.0139484293891 0.00618792397339 0)
(-0.014579830499 0.00602866118476 0)
(-0.0152358348015 0.0058425551789 0)
(-0.0159180615495 0.00562823789691 0)
(-0.0166243471036 0.00538315818577 0)
(-0.0173544419834 0.00510524795015 0)
(-0.0181077508509 0.00479283464798 0)
(-0.0188797813712 0.0044431627505 0)
(-0.0196693607056 0.00405316744578 0)
(-0.00765151623745 0.00662478224717 0)
(-0.00802384940183 0.00665952205251 0)
(-0.00841313130501 0.00668390352811 0)
(-0.00881904514673 0.00669644029239 0)
(-0.0092451390721 0.00669799263332 0)
(-0.00969695188302 0.00668669896605 0)
(-0.0101739960916 0.00665864871223 0)
(-0.010674546878 0.00661362039513 0)
(-0.0111996784826 0.00655021679152 0)
(-0.011749387941 0.00646660668214 0)
(-0.0123251301083 0.00636132558516 0)
(-0.0129267636407 0.00623212027877 0)
(-0.0135541233267 0.00607665941893 0)
(-0.0142087207182 0.00589363157218 0)
(-0.0148906478811 0.00568086378694 0)
(-0.0155995081169 0.00543531702709 0)
(-0.0163364623079 0.00515642797946 0)
(-0.0170991468372 0.00484107216524 0)
(-0.0178826767853 0.0044856972418 0)
(-0.0186859704243 0.00408683702215 0)
(-0.0067647632917 0.00651699004323 0)
(-0.00710920451907 0.00655461997068 0)
(-0.00747204947281 0.00658288399265 0)
(-0.00785495689284 0.00659982303316 0)
(-0.0082600077943 0.00660380620739 0)
(-0.0086880390424 0.00659382644574 0)
(-0.00914060780072 0.00656944540951 0)
(-0.00961857951006 0.00652916733819 0)
(-0.0101238775592 0.00647174276139 0)
(-0.0106567957719 0.0063955665362 0)
(-0.0112177378183 0.00629818348576 0)
(-0.0118066061621 0.00617696598818 0)
(-0.012423538397 0.00602916779185 0)
(-0.0130702525419 0.0058532990963 0)
(-0.013747010622 0.00564691172825 0)
(-0.0144549656126 0.00540777800555 0)
(-0.0151945154154 0.00513415756667 0)
(-0.0159616939205 0.00482171941208 0)
(-0.016752490694 0.0044666481837 0)
(-0.0175658851525 0.00406511113969 0)
(-0.00585107229975 0.00629808443412 0)
(-0.00616489129844 0.00633563891554 0)
(-0.00649767581432 0.00636453674626 0)
(-0.0068512731728 0.00638337739344 0)
(-0.00722710808384 0.00639093494158 0)
(-0.0076264752606 0.00638601760841 0)
(-0.00805074283121 0.00636737775353 0)
(-0.00850138913836 0.00633370126467 0)
(-0.00898070005581 0.00628447890707 0)
(-0.00948962568821 0.00621773427183 0)
(-0.0100287831368 0.00613073389057 0)
(-0.0105981242162 0.00602057873638 0)
(-0.0111980169343 0.00588419897368 0)
(-0.0118304922012 0.00572015448348 0)
(-0.0124959966114 0.00552577936746 0)
(-0.0131959360879 0.00529859623025 0)
(-0.013931333283 0.00503529112335 0)
(-0.0146980985851 0.00473112353308 0)
(-0.0154918404911 0.00438233577715 0)
(-0.0163114114534 0.00398442971431 0)
(-0.00492828440597 0.00597229088549 0)
(-0.00520746799197 0.0060081793398 0)
(-0.00550548415346 0.00603673500188 0)
(-0.00582430294816 0.00605676631103 0)
(-0.00616545750073 0.00606714913006 0)
(-0.00653040076883 0.00606665073098 0)
(-0.00692060282808 0.00605391249674 0)
(-0.00733767961467 0.00602759822189 0)
(-0.00778411565759 0.0059874077961 0)
(-0.00826186656515 0.0059310346006 0)
(-0.00877213604552 0.00585592974649 0)
(-0.0093147758246 0.00575924835096 0)
(-0.00989051296567 0.00563738329365 0)
(-0.0105018780587 0.00548902254093 0)
(-0.0111496063023 0.00531116173471 0)
(-0.011833817383 0.00509988152076 0)
(-0.0125558857371 0.00485143323547 0)
(-0.0133151476805 0.004562000229 0)
(-0.0141070367409 0.00422681924051 0)
(-0.0149283324185 0.00383958880583 0)
(-0.00401571508507 0.00554510845493 0)
(-0.00425648185358 0.0055772182769 0)
(-0.00451556469261 0.00560359553998 0)
(-0.00479505691289 0.00562320351591 0)
(-0.00509663147086 0.00563501793222 0)
(-0.00542190730406 0.0056379013784 0)
(-0.00577253374001 0.0056305874689 0)
(-0.00615021723448 0.00561167037906 0)
(-0.00655678826102 0.0055795373385 0)
(-0.00699462376636 0.0055321798092 0)
(-0.00746685862447 0.00546985402449 0)
(-0.00797467063886 0.00538847092159 0)
(-0.00851796983734 0.00528316509583 0)
(-0.00909938409118 0.00515330097102 0)
(-0.00972016537567 0.00499543650474 0)
(-0.0103808208196 0.00480481301058 0)
(-0.0110831930583 0.0045779376211 0)
(-0.0118278475224 0.00431023401355 0)
(-0.0126102968896 0.00399536815906 0)
(-0.0134268654992 0.00362552959463 0)
(-0.00313516047471 0.00502347711091 0)
(-0.00333452048866 0.00504908583838 0)
(-0.0035513352371 0.00507078116417 0)
(-0.00378777371216 0.00508766676366 0)
(-0.00404559645044 0.00509879267069 0)
(-0.00432652666198 0.00510307365551 0)
(-0.00463233795127 0.00509927481191 0)
(-0.00496488784674 0.00508600835521 0)
(-0.00532614970529 0.00506173813095 0)
(-0.00571825713946 0.00502480220675 0)
(-0.00614355746444 0.004973325586 0)
(-0.00660514016481 0.00490448404385 0)
(-0.00710537994087 0.0048170145659 0)
(-0.00764659787639 0.00470898358085 0)
(-0.00823006150399 0.00457531665792 0)
(-0.00885707602949 0.00441062401306 0)
(-0.00952949344868 0.00421045950756 0)
(-0.0102496778907 0.00397039746436 0)
(-0.0110147522808 0.00368256664957 0)
(-0.0118196888797 0.00333706914903 0)
(-0.00231039845493 0.00441648664701 0)
(-0.00246649448084 0.0044325467348 0)
(-0.00263891988188 0.00444679546053 0)
(-0.00282985741599 0.00445846056424 0)
(-0.00304106401022 0.00446661059348 0)
(-0.00327424082354 0.0044701332858 0)
(-0.00353113557455 0.00446775702975 0)
(-0.00381359396633 0.00445807158542 0)
(-0.00412360190552 0.0044395362074 0)
(-0.00446333139808 0.00441047068988 0)
(-0.0048352071919 0.00436904119944 0)
(-0.00524203808124 0.00431344807978 0)
(-0.0056874258687 0.00424311977939 0)
(-0.00617544126363 0.00415628934337 0)
(-0.00670805948407 0.00404781039093 0)
(-0.00728796462208 0.00391179398651 0)
(-0.0079184420813 0.00374339979134 0)
(-0.00860198033213 0.00353680531996 0)
(-0.00933810080187 0.00328292220393 0)
(-0.0101230473789 0.00296995039881 0)
(-0.00156647903426 0.00373475613697 0)
(-0.0016788788184 0.00373816883321 0)
(-0.0018065038681 0.00374261790477 0)
(-0.00195147421821 0.00374740075745 0)
(-0.00211533932928 0.00375126682475 0)
(-0.00229951791978 0.00375271560806 0)
(-0.00250549426821 0.00375022057461 0)
(-0.00273491801639 0.0037422910846 0)
(-0.00298963371513 0.00372742855646 0)
(-0.00327171885886 0.00370412408699 0)
(-0.00358353168929 0.00367086719155 0)
(-0.00392777680904 0.00362615158176 0)
(-0.00430775445153 0.0035686882036 0)
(-0.00472834009423 0.003499053985 0)
(-0.00519408878988 0.00341376171453 0)
(-0.00570838298421 0.00330622180104 0)
(-0.00627748353177 0.00317192393264 0)
(-0.00690772420348 0.00300496947625 0)
(-0.0076007808866 0.0027947019562 0)
(-0.00835453792758 0.00252370853582 0)
(-0.000929166676457 0.00298590694565 0)
(-0.000999088783273 0.0029735828705 0)
(-0.00108399166496 0.00296872189114 0)
(-0.00118557609705 0.00296909496102 0)
(-0.00130459549174 0.00297129351526 0)
(-0.00144160132424 0.00297220772313 0)
(-0.00159738052944 0.00296957756495 0)
(-0.00177323448562 0.00296200687108 0)
(-0.00197092767786 0.00294846832291 0)
(-0.00219261218815 0.00292803412385 0)
(-0.0024407785272 0.00289980379011 0)
(-0.00271801271563 0.00286267625891 0)
(-0.00302688422756 0.00281535329053 0)
(-0.00337022670462 0.00275668277363 0)
(-0.00375235167289 0.00268682499108 0)
(-0.0041773197281 0.00260269776614 0)
(-0.00465259127807 0.00249921787635 0)
(-0.00519345245212 0.00237454497398 0)
(-0.00581287505771 0.00221636880066 0)
(-0.00651870717853 0.00199998389143 0)
(-0.000426230386102 0.00215024604474 0)
(-0.000457469354824 0.00212752559651 0)
(-0.000505876660318 0.00212868237108 0)
(-0.000570836797997 0.00214014839921 0)
(-0.000651648212126 0.00215323392466 0)
(-0.000747370174593 0.0021618904418 0)
(-0.000856948006833 0.00216199595828 0)
(-0.00098021342151 0.00215207042402 0)
(-0.00111972517506 0.00213458825255 0)
(-0.00127941293233 0.00211230116746 0)
(-0.00146329474969 0.00208616764336 0)
(-0.00167473881458 0.00205522653145 0)
(-0.00191588889629 0.00201722297019 0)
(-0.00218715194826 0.00196957874957 0)
(-0.00248684696605 0.00191113256952 0)
(-0.0028118065066 0.00184102792122 0)
(-0.00315584727018 0.00175576038659 0)
(-0.00351979051557 0.00165468070935 0)
(-0.00395483294793 0.00154046914006 0)
(-0.00455835574598 0.00139558452708 0)
(-0.0234748983945 0.00044918414518 0)
(-0.0237916893234 0.000430579964693 0)
(-0.0241095081448 0.000411252540961 0)
(-0.0244280396963 0.000391178655941 0)
(-0.024747146978 0.000370350912753 0)
(-0.0250666803782 0.000348766970878 0)
(-0.0253864880901 0.000326426106678 0)
(-0.025706418073 0.000303328596444 0)
(-0.0260263187575 0.000279475599108 0)
(-0.0263460396673 0.000254869111789 0)
(-0.026665432484 0.000229511915108 0)
(-0.0269843522262 0.000203407455069 0)
(-0.0273026566804 0.000176559588038 0)
(-0.02762020285 0.000148972097938 0)
(-0.027936864988 0.000120648071353 0)
(-0.0282525020387 9.15856026621e-05 0)
(-0.0285668812789 6.17800575302e-05 0)
(-0.0288796788991 3.12321464848e-05 0)
(-0.0291906226835 -4.58164672523e-08 0)
(-0.0294988839723 -3.20387763176e-05 0)
(-0.0298046519155 -6.45861887407e-05 0)
(-0.0301087495681 -9.77112275707e-05 0)
(-0.0304109852354 -0.000131424054104 0)
(-0.0307111878015 -0.000165725062212 0)
(-0.0310092031378 -0.00020060813487 0)
(-0.0313048905035 -0.000236062703372 0)
(-0.0315981202156 -0.000272075099754 0)
(-0.0318887722244 -0.000308629480474 0)
(-0.0321767351705 -0.000345708500739 0)
(-0.0324619055488 -0.000383293837929 0)
(-0.0327441857616 -0.000421366490868 0)
(-0.0330234827651 -0.000459908054612 0)
(-0.0332997001569 -0.000498901124104 0)
(-0.0335727202479 -0.000538328092094 0)
(-0.0338423847079 -0.000578168179944 0)
(-0.0341085733457 -0.000618390992505 0)
(-0.0343712303406 -0.000658967758283 0)
(-0.0346303026814 -0.000699870787004 0)
(-0.0348857410434 -0.00074107298106 0)
(-0.0351375006156 -0.000782547498544 0)
(-0.0353855421252 -0.000824267374866 0)
(-0.0356298345137 -0.000866204397883 0)
(-0.0358703507466 -0.000908330987734 0)
(-0.0361070634157 -0.000950621923484 0)
(-0.036339951134 -0.000993051782963 0)
(-0.036569001328 -0.00103559409576 0)
(-0.0367942080817 -0.00107822217499 0)
(-0.0370155716826 -0.00112090931237 0)
(-0.037233098536 -0.00116362884621 0)
(-0.0374468011496 -0.00120635420558 0)
(-0.0376566981211 -0.00124905894882 0)
(-0.037862814115 -0.00129171680193 0)
(-0.0380651798275 -0.00133430169566 0)
(-0.0382638319379 -0.00137678780285 0)
(-0.0384588130526 -0.00141914957415 0)
(-0.0386501716457 -0.00146136177279 0)
(-0.0388379620431 -0.00150339950354 0)
(-0.0390222446483 -0.00154523821939 0)
(-0.0392030874264 -0.00158685360906 0)
(-0.0393805736364 -0.00162822084209 0)
(-0.0395547937368 -0.00166931544911 0)
(-0.0397258193023 -0.00171011594578 0)
(-0.0398937203042 -0.0017506020788 0)
(-0.0400585850242 -0.00179075280945 0)
(-0.0402205092769 -0.00183054745229 0)
(-0.0403795940744 -0.00186996594295 0)
(-0.0405359448509 -0.00190898891396 0)
(-0.040689670072 -0.00194759764856 0)
(-0.0408408744175 -0.00198577347896 0)
(-0.0409896357402 -0.00202351648408 0)
(-0.0234979899134 0.00124503413427 0)
(-0.0238204174576 0.00119093082403 0)
(-0.0241439286752 0.00113474380687 0)
(-0.024468191855 0.0010764094795 0)
(-0.0247930610765 0.00101590630572 0)
(-0.0251183769492 0.000953227365953 0)
(-0.0254439774147 0.000888370523227 0)
(-0.0257696996125 0.000821336735084 0)
(-0.0260953802806 0.000752129837192 0)
(-0.0264208558279 0.000680756601783 0)
(-0.0267459622524 0.000607226904475 0)
(-0.0270705347624 0.000531554031535 0)
(-0.0273944070035 0.000453755159241 0)
(-0.0277174099858 0.000373851832155 0)
(-0.0280393711555 0.00029187031335 0)
(-0.0283601125813 0.000207845820733 0)
(-0.0286794513719 0.000121817874654 0)
(-0.0289972053923 3.38211685332e-05 0)
(-0.0293132018638 -5.61198530051e-05 0)
(-0.0296272858171 -0.000147979552224 0)
(-0.0299393492629 -0.000241861467965 0)
(-0.0302493063874 -0.000337691471494 0)
(-0.0305570514383 -0.000435403915661 0)
(-0.0308624691618 -0.000534938451875 0)
(-0.031165440253 -0.000636237384283 0)
(-0.0314658445085 -0.000739243858325 0)
(-0.0317635627543 -0.000843900685117 0)
(-0.0320584780239 -0.00095014956228 0)
(-0.0323504761723 -0.00105793049661 0)
(-0.0326394460399 -0.00116718121461 0)
(-0.0329252788704 -0.00127783597283 0)
(-0.0332078695346 -0.00138982756227 0)
(-0.0334871164913 -0.00150308722383 0)
(-0.0337629210007 -0.00161754359423 0)
(-0.0340351892678 -0.00173312678794 0)
(-0.0343038354869 -0.00184977406321 0)
(-0.0345687831109 -0.00196741920777 0)
(-0.0348299638388 -0.00208599343365 0)
(-0.0350873169809 -0.00220542595449 0)
(-0.0353407891698 -0.0023256442927 0)
(-0.0355903346548 -0.00244657397258 0)
(-0.0358359174764 -0.00256813553744 0)
(-0.0360775071706 -0.0026902507334 0)
(-0.0363150741462 -0.00281284811286 0)
(-0.0365485954074 -0.00293585524282 0)
(-0.0367780571803 -0.00305919622674 0)
(-0.0370034529019 -0.00318279437909 0)
(-0.0372247827665 -0.00330657286281 0)
(-0.0374420536046 -0.00343045491218 0)
(-0.0376552788305 -0.00355436397381 0)
(-0.0378644783988 -0.00367822382682 0)
(-0.0380696787537 -0.0038019586999 0)
(-0.0382709127715 -0.00392549338341 0)
(-0.0384682196918 -0.00404875334128 0)
(-0.038661645042 -0.00417166481824 0)
(-0.0388512405599 -0.00429415494448 0)
(-0.0390370641598 -0.00441615182324 0)
(-0.0392191801446 -0.00453758454642 0)
(-0.0393976606787 -0.00465838282409 0)
(-0.0395725934593 -0.00477847457632 0)
(-0.039744073812 -0.00489778863359 0)
(-0.0399121789007 -0.00501626284047 0)
(-0.0400769844238 -0.00513383857987 0)
(-0.0402385841201 -0.00525045464056 0)
(-0.0403970793165 -0.00536605070683 0)
(-0.04055257663 -0.00548056812432 0)
(-0.040705187134 -0.00559395006727 0)
(-0.0408550248808 -0.0057061413486 0)
(-0.0410022000047 -0.00581708669356 0)
(-0.0411467969621 -0.0059267829567 0)
(-0.0234639061357 0.00188629152425 0)
(-0.0237947854669 0.00179965390424 0)
(-0.0241268375487 0.001709697501 0)
(-0.0244597092252 0.00161632588468 0)
(-0.0247932426204 0.00151950273599 0)
(-0.0251272651474 0.00141921516355 0)
(-0.025461600736 0.00131545806778 0)
(-0.0257960718657 0.00120823140998 0)
(-0.026130500099 0.00109753980458 0)
(-0.0264647063389 0.00098339251561 0)
(-0.0267985110725 0.000865803523729 0)
(-0.0271317346396 0.00074479157248 0)
(-0.0274641976634 0.00062038015728 0)
(-0.0277957216656 0.000492597372932 0)
(-0.0281261298023 0.000361475581063 0)
(-0.0284552475205 0.000227050915866 0)
(-0.0287829040893 8.93624534301e-05 0)
(-0.0291089313462 -5.15484723364e-05 0)
(-0.029433159558 -0.000195636094052 0)
(-0.029755419482 -0.000342850752229 0)
(-0.0300755552753 -0.000493143254795 0)
(-0.0303934213243 -0.000646456617735 0)
(-0.0307088724837 -0.000802724083068 0)
(-0.0310217666749 -0.00096187293235 0)
(-0.0313319651012 -0.00112382579003 0)
(-0.0316393323203 -0.00128850119506 0)
(-0.0319437364091 -0.00145581390208 0)
(-0.0322450492341 -0.00162567506336 0)
(-0.0325431467414 -0.0017979923321 0)
(-0.0328379092167 -0.00197266978058 0)
(-0.0331292210631 -0.002149606893 0)
(-0.0334169726958 -0.00232870220165 0)
(-0.0337010609 -0.00250985355201 0)
(-0.0339813876033 -0.00269295520732 0)
(-0.0342578605381 -0.00287789933778 0)
(-0.034530393597 -0.00306457635519 0)
(-0.0347989073534 -0.00325287479744 0)
(-0.0350633293606 -0.00344268132521 0)
(-0.035323594351 -0.00363388078144 0)
(-0.0355796444446 -0.00382635614837 0)
(-0.035831429711 -0.0040199877743 0)
(-0.0360789103276 -0.00421464871453 0)
(-0.0363220527332 -0.00441021395399 0)
(-0.0365608254059 -0.00460656879356 0)
(-0.0367952040665 -0.00480359710889 0)
(-0.0370251741175 -0.00500117758062 0)
(-0.0372507288079 -0.00519918768197 0)
(-0.037471868815 -0.00539750463668 0)
(-0.0376886021233 -0.00559600576266 0)
(-0.0379009439618 -0.00579456869462 0)
(-0.0381089167453 -0.0059930715754 0)
(-0.0383125500073 -0.00619139324252 0)
(-0.0385118803253 -0.00638941340675 0)
(-0.0387069512335 -0.00658701282969 0)
(-0.0388978131289 -0.00678407349354 0)
(-0.0390845231759 -0.00698047876546 0)
(-0.0392671452531 -0.00717611353372 0)
(-0.0394457501423 -0.00737086422975 0)
(-0.0396204169512 -0.00756461825851 0)
(-0.0397912405822 -0.00775726036436 0)
(-0.0399583239854 -0.00794867674595 0)
(-0.0401217529477 -0.00813876727151 0)
(-0.040281612333 -0.00832743723018 0)
(-0.0404380050536 -0.0085145881567 0)
(-0.040591041876 -0.00870012299139 0)
(-0.0407408391758 -0.00888394719697 0)
(-0.0408875181122 -0.00906596898379 0)
(-0.04103120314 -0.00924609897925 0)
(-0.0411720149662 -0.00942424750444 0)
(-0.0413100478578 -0.00960040366184 0)
(-0.0233464722318 0.00239554419492 0)
(-0.0236872747514 0.00227951329213 0)
(-0.0240293783311 0.00215902710146 0)
(-0.0243724065027 0.00203396260128 0)
(-0.0247161868462 0.00190426823357 0)
(-0.0250605309644 0.00176992368674 0)
(-0.0254052463754 0.00163091906461 0)
(-0.0257501388078 0.00148725122474 0)
(-0.0260950129298 0.00133892319462 0)
(-0.026439672796 0.00118594411237 0)
(-0.0267839222822 0.00102832925084 0)
(-0.0271275655122 0.00086610002195 0)
(-0.0274704073175 0.00069928396524 0)
(-0.0278122536696 0.00052791471494 0)
(-0.0281529120844 0.000352031980063 0)
(-0.0284921919162 0.000171681547438 0)
(-0.0288299045091 -1.30846084485e-05 0)
(-0.0291658627186 -0.00020220761844 0)
(-0.0294998777604 -0.000395619432431 0)
(-0.0298317630513 -0.000593245132593 0)
(-0.0301613452135 -0.000795011191993 0)
(-0.0304884575442 -0.00100084000489 0)
(-0.0308129327438 -0.0012106440768 0)
(-0.0311346072084 -0.00142432914512 0)
(-0.0314533219342 -0.00164179498318 0)
(-0.031768922821 -0.00186293575595 0)
(-0.0320812608668 -0.00208764028794 0)
(-0.0323901923873 -0.00231579230559 0)
(-0.0326955792224 -0.00254727062618 0)
(-0.0329972888821 -0.0027819491022 0)
(-0.0332951941289 -0.0030196953267 0)
(-0.0335891749468 -0.00326037523015 0)
(-0.0338791187775 -0.00350385324843 0)
(-0.0341649189669 -0.00374998835646 0)
(-0.0344464756094 -0.00399863580961 0)
(-0.0347236958581 -0.00424964771226 0)
(-0.0349964941567 -0.00450287332048 0)
(-0.0352647924344 -0.00475815927488 0)
(-0.0355285202999 -0.0050153497924 0)
(-0.0357876152804 -0.00527428666009 0)
(-0.0360420233894 -0.00553480824852 0)
(-0.0362917010839 -0.00579674348319 0)
(-0.0365366119342 -0.00605992379054 0)
(-0.0367767228988 -0.00632419396109 0)
(-0.0370120088857 -0.00658939696313 0)
(-0.0372424549766 -0.00685536905663 0)
(-0.0374680548171 -0.00712194494286 0)
(-0.0376888102501 -0.00738895900424 0)
(-0.0379047312028 -0.00765624575339 0)
(-0.0381158356218 -0.00792364012717 0)
(-0.0383221494052 -0.00819097774156 0)
(-0.0385237063254 -0.00845809514069 0)
(-0.0387205479388 -0.00872483003584 0)
(-0.0389127234831 -0.00899102154304 0)
(-0.0391002897652 -0.00925651041035 0)
(-0.0392833110453 -0.00952113923767 0)
(-0.0394618589623 -0.00978475265891 0)
(-0.0396360126939 -0.0100471973738 0)
(-0.0398058603269 -0.0103083214062 0)
(-0.0399715061387 -0.0105679693935 0)
(-0.0401330629893 -0.0108259879388 0)
(-0.0402906276211 -0.0110822414317 0)
(-0.0404442965111 -0.0113366013785 0)
(-0.0405941843692 -0.0115889345739 0)
(-0.0407404141545 -0.0118391097373 0)
(-0.0408831148542 -0.0120869989453 0)
(-0.0410224206397 -0.0123324779184 0)
(-0.0411584693144 -0.0125754255749 0)
(-0.0412913950092 -0.0128157204158 0)
(-0.0414213022682 -0.0130533400136 0)
(-0.0231317706424 0.00279711179798 0)
(-0.0234833286806 0.00265487208357 0)
(-0.0238363638721 0.00250711744397 0)
(-0.0241904745036 0.00235370148109 0)
(-0.0245454698237 0.00219455621454 0)
(-0.0249011417891 0.00202965206627 0)
(-0.0252572777328 0.0018589723613 0)
(-0.0256136628532 0.00168250887859 0)
(-0.025970081017 0.00150026117305 0)
(-0.0263263152483 0.00131223654298 0)
(-0.0266821481846 0.00111845010728 0)
(-0.0270373625034 0.000918924872225 0)
(-0.0273917413617 0.000713691793117 0)
(-0.0277450688076 0.000502789811591 0)
(-0.0280971301994 0.00028626588942 0)
(-0.028447712583 6.41750339154e-05 0)
(-0.0287966049844 -0.00016341959946 0)
(-0.02914359814 -0.000396446174751 0)
(-0.0294884813238 -0.000634821400956 0)
(-0.0298310464239 -0.00087845342158 0)
(-0.0301710994454 -0.00112725123675 0)
(-0.0305084532695 -0.00138111877361 0)
(-0.0308429198945 -0.00163994813458 0)
(-0.0311743152405 -0.00190362330652 0)
(-0.0315024603291 -0.00217202105185 0)
(-0.0318271817768 -0.00244501125678 0)
(-0.0321483121195 -0.00272245718579 0)
(-0.0324656901178 -0.00300421572052 0)
(-0.0327791610075 -0.00329013754731 0)
(-0.0330885766515 -0.00358006705996 0)
(-0.0333937950256 -0.00387384077912 0)
(-0.0336946824928 -0.00417129288206 0)
(-0.0339911140621 -0.00447225541113 0)
(-0.0342829715353 -0.00477655350731 0)
(-0.034570144475 -0.00508400753059 0)
(-0.0348525305275 -0.00539443373764 0)
(-0.035130035631 -0.00570764467801 0)
(-0.0354025741789 -0.00602344951864 0)
(-0.035670069191 -0.00634165431809 0)
(-0.0359324525268 -0.00666206205445 0)
(-0.0361896653909 -0.00698447145573 0)
(-0.0364416599865 -0.0073086697177 0)
(-0.0366883967505 -0.00763444700597 0)
(-0.0369298411715 -0.00796160964252 0)
(-0.0371659675605 -0.00828996173046 0)
(-0.0373967610095 -0.00861929924138 0)
(-0.0376222160312 -0.00894941625664 0)
(-0.0378423362407 -0.00928010647822 0)
(-0.038057134247 -0.00961116378162 0)
(-0.038266631579 -0.00994238258092 0)
(-0.0384708586061 -0.010273558146 0)
(-0.0386698544449 -0.0106044869125 0)
(-0.0388636668526 -0.0109349667794 0)
(-0.0390523521049 -0.0112647974047 0)
(-0.0392359748622 -0.011593780488 0)
(-0.0394146080315 -0.0119217200445 0)
(-0.0395883326659 -0.0122484226316 0)
(-0.0397572380955 -0.0125736973921 0)
(-0.0399214232483 -0.0128973551545 0)
(-0.0400810037785 -0.0132192027277 0)
(-0.040236104559 -0.0135390494039 0)
(-0.0403868353665 -0.0138567261207 0)
(-0.0405333064178 -0.0141720725539 0)
(-0.0406756464817 -0.0144849228368 0)
(-0.0408139930477 -0.0147951135687 0)
(-0.0409484901088 -0.0151024855414 0)
(-0.0410792872814 -0.015406884078 0)
(-0.0412065381723 -0.0157081584718 0)
(-0.0413303927732 -0.01600615755 0)
(-0.0414509660543 -0.0163008439688 0)
(-0.0228089055356 0.00311094356663 0)
(-0.023171637136 0.00294568488021 0)
(-0.023536068533 0.00277391398307 0)
(-0.023901772189 0.00259546063133 0)
(-0.0242685356325 0.00241023768464 0)
(-0.0246361275278 0.00221820336465 0)
(-0.0250043112989 0.00201933144526 0)
(-0.0253728478162 0.00181360606215 0)
(-0.0257414962593 0.00160102093409 0)
(-0.0261100146444 0.00138157933843 0)
(-0.0264781603234 0.00115529421383 0)
(-0.0268456904619 0.000922188246611 0)
(-0.0272123625403 0.000682293945043 0)
(-0.0275779348386 0.000435653675103 0)
(-0.0279421669397 0.000182319682141 0)
(-0.0283048201919 -7.76459042805e-05 0)
(-0.0286656580798 -0.000344170976727 0)
(-0.0290244459775 -0.000617172861081 0)
(-0.0293809477417 -0.000896555147366 0)
(-0.0297349301594 -0.00118221097072 0)
(-0.0300861755003 -0.00147403378402 0)
(-0.0304344736615 -0.00177191065215 0)
(-0.0307796136898 -0.00207571458927 0)
(-0.031121389043 -0.00238530883739 0)
(-0.0314595989233 -0.00270054791575 0)
(-0.0317940488624 -0.00302127803987 0)
(-0.0321245511213 -0.00334733742795 0)
(-0.0324509250601 -0.00367855658643 0)
(-0.0327729974415 -0.00401475853615 0)
(-0.0330906026066 -0.00435575870935 0)
(-0.0334035818689 -0.00470136313084 0)
(-0.0337117861965 -0.00505137484479 0)
(-0.0340150765113 -0.00540559417396 0)
(-0.0343133214684 -0.00576381321293 0)
(-0.0346063985768 -0.00612581830067 0)
(-0.034894194562 -0.00649139082188 0)
(-0.0351766055853 -0.00686030768429 0)
(-0.0354535374074 -0.00723234171525 0)
(-0.0357249055545 -0.00760726200054 0)
(-0.0359906355143 -0.00798483393534 0)
(-0.0362506631692 -0.0083648178754 0)
(-0.0365049360977 -0.00874696066493 0)
(-0.0367534114481 -0.00913101256716 0)
(-0.0369960533568 -0.00951674265846 0)
(-0.0372328358093 -0.0099039174322 0)
(-0.0374637442934 -0.0102922939143 0)
(-0.0376887747108 -0.0106816269433 0)
(-0.0379079331058 -0.0110716709426 0)
(-0.038121235554 -0.0114621805749 0)
(-0.0383287080736 -0.0118529111781 0)
(-0.0385303865276 -0.0122436191438 0)
(-0.0387263165106 -0.0126340622875 0)
(-0.0389165532195 -0.0130240002036 0)
(-0.0391011613078 -0.0134131946179 0)
(-0.0392802147272 -0.0138014097247 0)
(-0.0394537965621 -0.0141884125133 0)
(-0.0396219989008 -0.0145739730389 0)
(-0.0397849229351 -0.0149578644777 0)
(-0.0399426802359 -0.0153398620804 0)
(-0.0400953997635 -0.0157197365332 0)
(-0.0402432204198 -0.0160972615498 0)
(-0.0403862669833 -0.0164722361779 0)
(-0.0405246654095 -0.0168444697892 0)
(-0.0406585606512 -0.0172137654951 0)
(-0.0407881069244 -0.0175799294521 0)
(-0.040913465481 -0.017942772873 0)
(-0.0410348036831 -0.0183021124082 0)
(-0.0411522932718 -0.01865776945 0)
(-0.0412661024234 -0.0190095649104 0)
(-0.0413763564938 -0.0193574434939 0)
(-0.0223685094592 0.00335212954382 0)
(-0.0227425135223 0.003167061094 0)
(-0.0231184805899 0.00297452855662 0)
(-0.0234959589375 0.00277433518548 0)
(-0.0238747126673 0.00256637136829 0)
(-0.0242544848653 0.00235057980631 0)
(-0.0246350124029 0.00212692163392 0)
(-0.0250160289036 0.00189537049689 0)
(-0.0253972657218 0.00165591165061 0)
(-0.025778452563 0.00140854192097 0)
(-0.0261593180775 0.00115326981329 0)
(-0.0265395904367 0.000890115602508 0)
(-0.0269189979354 0.000619111409331 0)
(-0.0272972695794 0.000340301230275 0)
(-0.0276741356899 5.374095068e-05 0)
(-0.0280493284634 -0.000240501663913 0)
(-0.0284225824256 -0.000542346878434 0)
(-0.0287936342038 -0.000851702352259 0)
(-0.0291622188338 -0.00116845964486 0)
(-0.0295280746758 -0.00149249786911 0)
(-0.0298909572775 -0.00182369568346 0)
(-0.0302506307891 -0.00216192389538 0)
(-0.0306068586221 -0.00250703698694 0)
(-0.0309594092629 -0.00285887789958 0)
(-0.0313080577713 -0.00321727923808 0)
(-0.03165258645 -0.0035820637752 0)
(-0.0319927853063 -0.00395304483144 0)
(-0.0323284524771 -0.00433002662993 0)
(-0.032659394575 -0.00471280458386 0)
(-0.0329854268787 -0.00510116521041 0)
(-0.033306372606 -0.00549488410716 0)
(-0.0336220660713 -0.00589373324305 0)
(-0.0339323530245 -0.00629748127859 0)
(-0.0342370879912 -0.0067058873762 0)
(-0.0345361355715 -0.00711870401735 0)
(-0.0348293708468 -0.00753567793263 0)
(-0.0351166796139 -0.00795655066511 0)
(-0.0353979585521 -0.00838105904143 0)
(-0.0356731153865 -0.00880893557588 0)
(-0.0359420690655 -0.00923990854504 0)
(-0.0362047501146 -0.00967370046762 0)
(-0.0364611015463 -0.0101100184929 0)
(-0.0367110774398 -0.0105485736624 0)
(-0.0369546410145 -0.0109890984214 0)
(-0.0371917664804 -0.011431322328 0)
(-0.0374224403555 -0.0118749642362 0)
(-0.0376466606702 -0.0123197405715 0)
(-0.0378644367442 -0.0127653673536 0)
(-0.0380757890672 -0.0132115609498 0)
(-0.0382807491915 -0.0136580385778 0)
(-0.0384793596109 -0.0141045187441 0)
(-0.0386716736228 -0.0145507216713 0)
(-0.0388577551733 -0.0149963697086 0)
(-0.0390376786839 -0.0154411877388 0)
(-0.039211528865 -0.0158849035682 0)
(-0.0393794005211 -0.0163272483031 0)
(-0.0395413983906 -0.0167679566645 0)
(-0.039697637214 -0.0172067670555 0)
(-0.0398482429697 -0.0176434203769 0)
(-0.0399933598053 -0.0180776525063 0)
(-0.0401331426071 -0.0185092029271 0)
(-0.0402677330465 -0.0189378400148 0)
(-0.0403972747304 -0.0193633440324 0)
(-0.040521930829 -0.0197854883609 0)
(-0.0406418743837 -0.0202040500299 0)
(-0.0407572860565 -0.0206188120064 0)
(-0.0408683531532 -0.021029563647 0)
(-0.0409752677842 -0.0214360999201 0)
(-0.0410782185602 -0.0218382154564 0)
(-0.0411773410746 -0.0222358344925 0)
(-0.0218027983024 0.00353142754807 0)
(-0.0221878619534 0.00332979545549 0)
(-0.0225751912059 0.00311977122094 0)
(-0.022964314538 0.00290112926406 0)
(-0.023354972185 0.00267373523647 0)
(-0.0237468799565 0.00243751372372 0)
(-0.0241397457397 0.00219241060063 0)
(-0.0245332729929 0.00193838648197 0)
(-0.0249271619903 0.00167541575165 0)
(-0.0253211106388 0.00140348654295 0)
(-0.0257148152428 0.00112260087728 0)
(-0.0261079712382 0.000832774773807 0)
(-0.0265002739459 0.000534038337789 0)
(-0.0268914193004 0.000226435789806 0)
(-0.027281104592 -8.99745289749e-05 0)
(-0.027669029154 -0.000415120183135 0)
(-0.0280548949252 -0.000748914567402 0)
(-0.0284384062531 -0.001091256244 0)
(-0.0288192658656 -0.00144202518325 0)
(-0.0291971803461 -0.00180108675752 0)
(-0.0295718755473 -0.00216830482485 0)
(-0.0299430871451 -0.00254353375611 0)
(-0.0303105502806 -0.00292660927573 0)
(-0.0306740060246 -0.00331735370879 0)
(-0.0310332030644 -0.00371557734371 0)
(-0.0313878984637 -0.00412107903697 0)
(-0.0317378581854 -0.00453364668373 0)
(-0.032082857569 -0.00495305766017 0)
(-0.0324226817122 -0.00537907919054 0)
(-0.0327571256645 -0.00581146829755 0)
(-0.0330859935479 -0.00624996960434 0)
(-0.0334091022472 -0.00669432346506 0)
(-0.0337262817806 -0.00714426635768 0)
(-0.0340373721259 -0.00759952406465 0)
(-0.0343422247109 -0.00805981482967 0)
(-0.0346407028605 -0.00852485042182 0)
(-0.0349326820385 -0.00899433679077 0)
(-0.0352180500093 -0.00946797461705 0)
(-0.0354967069902 -0.00994545978438 0)
(-0.0357685658012 -0.0104264834805 0)
(-0.0360335521267 -0.0109107305132 0)
(-0.0362916049956 -0.0113978686002 0)
(-0.0365426761186 -0.0118875698835 0)
(-0.0367867286597 -0.0123795304829 0)
(-0.0370237379897 -0.0128734434108 0)
(-0.03725369264 -0.0133689898514 0)
(-0.0374765938176 -0.0138658483939 0)
(-0.0376924552297 -0.014363697294 0)
(-0.0379013029534 -0.0148622153196 0)
(-0.0381031753062 -0.0153610823157 0)
(-0.0382981226977 -0.0158599796962 0)
(-0.0384862074655 -0.0163585909246 0)
(-0.0386675036913 -0.0168566019744 0)
(-0.0388420970006 -0.0173537017863 0)
(-0.0390100843454 -0.0178495827068 0)
(-0.0391715737805 -0.0183439409121 0)
(-0.0393266842727 -0.0188364767626 0)
(-0.0394755457385 -0.0193268948831 0)
(-0.0396183002506 -0.0198149028462 0)
(-0.0397551089328 -0.0203002028171 0)
(-0.0398861445047 -0.0207825011741 0)
(-0.0400115672977 -0.0212615366205 0)
(-0.0401315403493 -0.0217370612913 0)
(-0.0402462469415 -0.0222088199098 0)
(-0.0403558808952 -0.0226765614904 0)
(-0.0404606442823 -0.0231400418981 0)
(-0.0405607463947 -0.0235990243646 0)
(-0.0406564017975 -0.0240532786129 0)
(-0.0407478216691 -0.0245025742064 0)
(-0.0408351515831 -0.0249468124872 0)
(-0.0211057573653 0.00365601300675 0)
(-0.0215012980365 0.00344106216574 0)
(-0.021899470845 0.00321680445901 0)
(-0.0222997828649 0.00298298112537 0)
(-0.0227019453025 0.00273942997867 0)
(-0.0231056416058 0.00248605428554 0)
(-0.0235105457729 0.00222278158933 0)
(-0.0239163263094 0.00194955661634 0)
(-0.0243226476845 0.00166634028187 0)
(-0.0247291713195 0.00137310971961 0)
(-0.0251355565224 0.0010698584703 0)
(-0.0255414613931 0.000756596621934 0)
(-0.0259465437476 0.000433350914802 0)
(-0.0263504620158 0.000100164767628 0)
(-0.0267528761479 -0.000242901732486 0)
(-0.0271534484574 -0.000595771887255 0)
(-0.0275518443162 -0.000958352343463 0)
(-0.0279477319989 -0.00133053243277 0)
(-0.0283407782742 -0.00171218021549 0)
(-0.0287306545266 -0.00210314679367 0)
(-0.0291170539538 -0.00250328037028 0)
(-0.0294996811283 -0.00291241782659 0)
(-0.0298782404697 -0.00333037501763 0)
(-0.0302524434492 -0.00375695245171 0)
(-0.0306220104843 -0.00419193682773 0)
(-0.0309866717915 -0.00463510176477 0)
(-0.0313461679662 -0.00508620838961 0)
(-0.0317002505045 -0.00554500589139 0)
(-0.0320486822101 -0.00601123199224 0)
(-0.0323912373737 -0.00648461295786 0)
(-0.0327277007062 -0.00696486125755 0)
(-0.0330578716051 -0.00745168451672 0)
(-0.0333815645435 -0.00794478599592 0)
(-0.0336986053014 -0.0084438571914 0)
(-0.0340088326524 -0.00894858132827 0)
(-0.0343120988371 -0.0094586345636 0)
(-0.0346082697964 -0.00997368673781 0)
(-0.0348972253096 -0.010493402007 0)
(-0.0351788591205 -0.0110174393839 0)
(-0.0354530790432 -0.0115454528651 0)
(-0.0357198071111 -0.0120770895852 0)
(-0.035978979593 -0.012611978043 0)
(-0.0362305471184 -0.0131497517931 0)
(-0.0364744741752 -0.0136900709696 0)
(-0.0367107386952 -0.0142325924913 0)
(-0.0369393326188 -0.014776960458 0)
(-0.037160261732 -0.0153228162998 0)
(-0.0373735455371 -0.0158698012632 0)
(-0.0375792171094 -0.0164175573365 0)
(-0.0377773229415 -0.0169657278665 0)
(-0.0379679227683 -0.017513958095 0)
(-0.0381510893752 -0.0180618956813 0)
(-0.0383269083875 -0.018609191205 0)
(-0.038495478043 -0.0191554986648 0)
(-0.0386569089495 -0.0197004759586 0)
(-0.0388113238337 -0.0202437853478 0)
(-0.0389588573253 -0.020785093848 0)
(-0.0390996559709 -0.0213240733183 0)
(-0.0392338794255 -0.0218603990188 0)
(-0.0393617073611 -0.0223937404685 0)
(-0.0394833319459 -0.0229237720106 0)
(-0.0395989336855 -0.0234502035992 0)
(-0.0397086965649 -0.0239727601204 0)
(-0.0398128256103 -0.0244911585896 0)
(-0.0399115371148 -0.0250051209664 0)
(-0.0400050563052 -0.025514376975 0)
(-0.0400936162572 -0.0260186646791 0)
(-0.0401774558439 -0.0265177295099 0)
(-0.0402568107283 -0.0270113169625 0)
(-0.0403318359744 -0.0274993032838 0)
(-0.02027285169 0.00372994780172 0)
(-0.0206779955439 0.0035048901097 0)
(-0.0210862019712 0.00326962099585 0)
(-0.0214969572802 0.00302384073877 0)
(-0.0219099392683 0.00276735412972 0)
(-0.0223247939384 0.00250003837995 0)
(-0.0227411560431 0.0022217985053 0)
(-0.0231586536314 0.00193255969059 0)
(-0.0235769097847 0.00163226627034 0)
(-0.0239955438339 0.00132088180463 0)
(-0.0244141725167 0.000998389313427 0)
(-0.0248324111063 0.00066479143833 0)
(-0.0252498745569 0.00032011055023 0)
(-0.0256661786182 -3.56112482291e-05 0)
(-0.0260809409511 -0.000402312173919 0)
(-0.0264937821655 -0.000779910883303 0)
(-0.0269043266835 -0.00116830649794 0)
(-0.0273122026416 -0.00156737799551 0)
(-0.027717037062 -0.00197698014488 0)
(-0.0281184627101 -0.0023969481363 0)
(-0.0285161373006 -0.00282711251969 0)
(-0.0289097319378 -0.00326729047806 0)
(-0.0292989182635 -0.00371727573647 0)
(-0.0296833764833 -0.00417684466091 0)
(-0.0300627974788 -0.00464575800177 0)
(-0.0304368837465 -0.00512376178732 0)
(-0.0308053500196 -0.00561058806678 0)
(-0.0311679238155 -0.00610595561289 0)
(-0.0315243458457 -0.00660957052875 0)
(-0.0318743701515 -0.00712112634913 0)
(-0.0322177628051 -0.00764030159517 0)
(-0.0325543067742 -0.00816676953671 0)
(-0.0328838023037 -0.00870019877195 0)
(-0.0332060624658 -0.0092402452962 0)
(-0.0335209150316 -0.00978655632734 0)
(-0.033828202946 -0.0103387716497 0)
(-0.0341277845226 -0.0108965244625 0)
(-0.0344195335329 -0.0114594420912 0)
(-0.0347033392785 -0.0120271465931 0)
(-0.0349791066276 -0.0125992549022 0)
(-0.0352467560281 -0.0131753768192 0)
(-0.0355062230273 -0.0137551021997 0)
(-0.0357574591905 -0.0143380267394 0)
(-0.0360004323335 -0.0149237753826 0)
(-0.0362351248909 -0.0155119698985 0)
(-0.0364615340709 -0.0161022184075 0)
(-0.0366796720159 -0.0166941263977 0)
(-0.0368895657188 -0.0172872994088 0)
(-0.0370912568631 -0.0178813440193 0)
(-0.037284801643 -0.0184758684954 0)
(-0.0374702705616 -0.0190704833541 0)
(-0.0376477482163 -0.0196648019122 0)
(-0.0378173330671 -0.0202584408146 0)
(-0.0379791371901 -0.0208510205615 0)
(-0.0381332860172 -0.0214421660162 0)
(-0.0382799180699 -0.022031506901 0)
(-0.0384191847285 -0.0226186782137 0)
(-0.0385512502365 -0.0232033203214 0)
(-0.0386762928993 -0.0237850773979 0)
(-0.0387945120669 -0.0243635875451 0)
(-0.0389061205102 -0.0249384942516 0)
(-0.0390113199463 -0.0255094796851 0)
(-0.0391103163445 -0.0260762423437 0)
(-0.0392033376329 -0.0266384724217 0)
(-0.0392906238045 -0.0271958656745 0)
(-0.0393724245369 -0.027748126495 0)
(-0.0394489980569 -0.0282949685575 0)
(-0.0395206089916 -0.0288361137623 0)
(-0.0395875190314 -0.0293712843317 0)
(-0.0396498918777 -0.0299003293467 0)
(-0.0193013723823 0.00375446106922 0)
(-0.0197149666604 0.00352248114205 0)
(-0.0201321173203 0.00327938662856 0)
(-0.020552291788 0.00302482813292 0)
(-0.0209751303009 0.00275857144096 0)
(-0.0214002358788 0.00248046206691 0)
(-0.0218271977977 0.00219037747537 0)
(-0.022255597034 0.00188821902455 0)
(-0.0226850084667 0.00157391098069 0)
(-0.023115002461 0.00124740066313 0)
(-0.0235451463635 0.000908658723556 0)
(-0.0239750059512 0.000557679309324 0)
(-0.0244041468857 0.000194480140011 0)
(-0.0248321361206 -0.000180897560042 0)
(-0.0252585432949 -0.00056838920926 0)
(-0.0256829420249 -0.000967907115525 0)
(-0.0261049109827 -0.0013793406412 0)
(-0.0265240338861 -0.00180255572759 0)
(-0.026939894217 -0.00223739084276 0)
(-0.027352082903 -0.00268366195909 0)
(-0.0277602197446 -0.00314117830502 0)
(-0.0281639406052 -0.00360973350999 0)
(-0.0285628830782 -0.00408909531448 0)
(-0.0289566953987 -0.00457901209886 0)
(-0.0293450387674 -0.00507921488598 0)
(-0.02972758835 -0.0055894184559 0)
(-0.0301040339081 -0.00610932229867 0)
(-0.030474080334 -0.00663861151269 0)
(-0.0308374480178 -0.00717695758976 0)
(-0.0311938728933 -0.00772401864376 0)
(-0.031543104842 -0.00827943690077 0)
(-0.0318849131494 -0.0088428492588 0)
(-0.032219086832 -0.00941388798052 0)
(-0.0325454294142 -0.00999217227686 0)
(-0.0328637609507 -0.0105773124543 0)
(-0.0331739184604 -0.0111689113942 0)
(-0.0334757560406 -0.0117665654902 0)
(-0.0337691448658 -0.0123698654273 0)
(-0.0340539731681 -0.0129783968344 0)
(-0.0343301461706 -0.0135917404301 0)
(-0.0345975859324 -0.0142094698329 0)
(-0.0348562303475 -0.0148311377384 0)
(-0.0351060348305 -0.0154563036802 0)
(-0.0353469732682 -0.0160845592057 0)
(-0.0355790351511 -0.0167154929168 0)
(-0.0358022253046 -0.0173486791376 0)
(-0.0360165643666 -0.0179836897238 0)
(-0.0362220887466 -0.0186200969066 0)
(-0.0364188504512 -0.0192574743078 0)
(-0.0366069168822 -0.0198953975921 0)
(-0.0367863706171 -0.0205334450265 0)
(-0.0369573091812 -0.0211711980281 0)
(-0.0371198448081 -0.0218082416933 0)
(-0.0372741041903 -0.0224441653295 0)
(-0.0374202282199 -0.0230785629711 0)
(-0.0375583717266 -0.0237110338875 0)
(-0.0376887032554 -0.0243411830129 0)
(-0.0378114050861 -0.0249686210349 0)
(-0.0379266744737 -0.0255929627154 0)
(-0.0380347307766 -0.0262138163377 0)
(-0.0381358077033 -0.0268307959946 0)
(-0.0382301283929 -0.0274435571778 0)
(-0.0383179210151 -0.0280517729069 0)
(-0.0383994367502 -0.0286551074219 0)
(-0.0384749397358 -0.0292532310269 0)
(-0.0385447046446 -0.0298458234246 0)
(-0.0386090155122 -0.030432574442 0)
(-0.0386681635062 -0.0310131829157 0)
(-0.0387224372914 -0.0315873482468 0)
(-0.0387720077892 -0.0321548902238 0)
(-0.0181908514603 0.00372829755153 0)
(-0.0186114287499 0.00349254665418 0)
(-0.0190361363231 0.00324477610562 0)
(-0.01946441807 0.00298457274946 0)
(-0.0198958673816 0.00271165380237 0)
(-0.020330034814 0.0024258249608 0)
(-0.020766454775 0.0021269295301 0)
(-0.021204651877 0.00181483991799 0)
(-0.0216441436215 0.00148945663045 0)
(-0.0220844424047 0.00115070842262 0)
(-0.0225250574325 0.000798552551822 0)
(-0.022965496589 0.000432974860815 0)
(-0.0234052683032 5.3989732409e-05 0)
(-0.0238438833517 -0.000338360149874 0)
(-0.0242808566248 -0.000744004156108 0)
(-0.0247157087547 -0.00116284420278 0)
(-0.0251479674759 -0.00159475518319 0)
(-0.0255771677431 -0.0020395847623 0)
(-0.0260028459744 -0.00249714951129 0)
(-0.0264245486353 -0.00296724031407 0)
(-0.0268418560726 -0.0034496389147 0)
(-0.0272543683169 -0.00394410915056 0)
(-0.0276616891037 -0.00445038668903 0)
(-0.0280634356976 -0.00496818602818 0)
(-0.0284592413908 -0.00549720283679 0)
(-0.0288487565044 -0.00603711536785 0)
(-0.0292316489607 -0.0065875856896 0)
(-0.0296076047306 -0.0071482608369 0)
(-0.0299763280817 -0.00771877382109 0)
(-0.0303375414529 -0.00829874402351 0)
(-0.0306909834758 -0.0088877746604 0)
(-0.0310364149637 -0.0094854641153 0)
(-0.031373619116 -0.0100914067479 0)
(-0.0317023954186 -0.0107051840336 0)
(-0.0320225617573 -0.0113263690069 0)
(-0.0323339547464 -0.0119545278567 0)
(-0.0326364297039 -0.0125892209273 0)
(-0.0329298605029 -0.013230003538 0)
(-0.0332141394112 -0.0138764266495 0)
(-0.0334891768769 -0.0145280369758 0)
(-0.0337549011697 -0.0151843745869 0)
(-0.0340112568471 -0.0158449581069 0)
(-0.0342582071376 -0.0165093142731 0)
(-0.0344957355684 -0.0171770047035 0)
(-0.034723841884 -0.0178475885345 0)
(-0.0349425413507 -0.0185206102427 0)
(-0.0351518655324 -0.019195612139 0)
(-0.0353518622915 -0.0198721373128 0)
(-0.0355425956046 -0.0205497306259 0)
(-0.0357241453492 -0.0212279393193 0)
(-0.0358966070802 -0.0219063135257 0)
(-0.036060091809 -0.0225844067733 0)
(-0.0362147257795 -0.0232617764756 0)
(-0.0363606502441 -0.0239379844311 0)
(-0.0364980212362 -0.0246125973156 0)
(-0.0366270093479 -0.0252851871734 0)
(-0.0367477995534 -0.0259553318373 0)
(-0.0368605912863 -0.0266226149958 0)
(-0.0369655997706 -0.0272866244004 0)
(-0.0370630633821 -0.0279469407188 0)
(-0.0371532357559 -0.0286031505637 0)
(-0.0372363603265 -0.0292548841075 0)
(-0.0373126863624 -0.029901789884 0)
(-0.0373824873539 -0.0305435070202 0)
(-0.0374460507814 -0.0311796809679 0)
(-0.0375036756737 -0.0318099671002 0)
(-0.0375556714248 -0.0324340315466 0)
(-0.03760235551 -0.0330515500515 0)
(-0.0376440436003 -0.0336621990782 0)
(-0.0376809115562 -0.034265766684 0)
(-0.0169432574098 0.00364797216776 0)
(-0.0173691053098 0.00341163303395 0)
(-0.0177997257391 0.00316234388357 0)
(-0.0182345369355 0.00289960997187 0)
(-0.0186730773263 0.00262308894204 0)
(-0.0191148352626 0.00233253806881 0)
(-0.0195592795756 0.00202776010334 0)
(-0.0200058671971 0.00170859419574 0)
(-0.0204540466275 0.00137491477993 0)
(-0.0209032606523 0.00102663163967 0)
(-0.0213529489505 0.000663690033567 0)
(-0.0218025506383 0.000286070574082 0)
(-0.0222515067809 -0.000106211086854 0)
(-0.0226992627939 -0.00051310484106 0)
(-0.0231452707535 -0.000934526876328 0)
(-0.0235889914981 -0.00137036062282 0)
(-0.024029896367 -0.00182045766519 0)
(-0.0244674674984 -0.00228463803377 0)
(-0.024901191574 -0.0027626867817 0)
(-0.0253305693504 -0.00325435998227 0)
(-0.0257551420107 -0.00375940212693 0)
(-0.0261744754162 -0.00427753771342 0)
(-0.0265881422783 -0.0048084612764 0)
(-0.026995732851 -0.00535184493491 0)
(-0.0273968574985 -0.00590734116898 0)
(-0.0277911475774 -0.00647458461968 0)
(-0.028178255821 -0.00705319366857 0)
(-0.0285578565699 -0.00764277189328 0)
(-0.0289296457716 -0.00824290933677 0)
(-0.0292933405587 -0.00885318308705 0)
(-0.0296486767695 -0.00947315474025 0)
(-0.0299954153508 -0.0101023824457 0)
(-0.0303333423391 -0.0107404218088 0)
(-0.0306622617864 -0.0113868166162 0)
(-0.0309819978729 -0.0120411035198 0)
(-0.0312923950496 -0.0127028137014 0)
(-0.0315933178012 -0.0133714738913 0)
(-0.0318846502852 -0.0140466071747 0)
(-0.0321662959739 -0.0147277336195 0)
(-0.0324381772426 -0.0154143702982 0)
(-0.0327002347736 -0.0161060286442 0)
(-0.0329524254984 -0.0168021987246 0)
(-0.0331947255602 -0.0175023803261 0)
(-0.0334271325365 -0.0182061110446 0)
(-0.0336496602322 -0.0189129267375 0)
(-0.0338623375704 -0.019622348529 0)
(-0.0340652096301 -0.0203338958293 0)
(-0.034258337688 -0.0210470892931 0)
(-0.0344417990331 -0.0217614517213 0)
(-0.0346156867576 -0.0224765085566 0)
(-0.0347801095512 -0.0231917882824 0)
(-0.034935191516 -0.0239068228198 0)
(-0.0350810719929 -0.0246211479186 0)
(-0.0352179054039 -0.0253343035686 0)
(-0.035345861104 -0.0260458344159 0)
(-0.0354651232512 -0.0267552901928 0)
(-0.0355758907333 -0.0274622260869 0)
(-0.0356783773664 -0.0281662027599 0)
(-0.0357728133911 -0.0288667844379 0)
(-0.0358594531662 -0.0295635272755 0)
(-0.0359385671653 -0.0302559929969 0)
(-0.0360104159401 -0.0309437881613 0)
(-0.0360752667416 -0.0316265379059 0)
(-0.0361334124488 -0.0323038570085 0)
(-0.0361851611806 -0.0329753663845 0)
(-0.0362308338816 -0.0336406969579 0)
(-0.0362707631791 -0.0342994906447 0)
(-0.0363052910954 -0.0349513992454 0)
(-0.036334758973 -0.0355960752285 0)
(-0.0363593440452 -0.0362332717777 0)
(-0.0155639094491 0.00350850834544 0)
(-0.0159929999921 0.0032748436534 0)
(-0.0164275754919 0.00302721783686 0)
(-0.016867028177 0.00276504051828 0)
(-0.0173108317427 0.00248790216898 0)
(-0.0177583987514 0.00219550551389 0)
(-0.0182091166499 0.00188760856974 0)
(-0.0186623576324 0.00156401540335 0)
(-0.0191174836367 0.00122457513406 0)
(-0.0195738503947 0.000869181983146 0)
(-0.020030811286 0.000497775206634 0)
(-0.0204877210426 0.000110338592066 0)
(-0.0209439393248 -0.000293100391383 0)
(-0.021398834064 -0.000712471854933 0)
(-0.0218517845784 -0.00114766501715 0)
(-0.0223021843188 -0.0015985300029 0)
(-0.0227494430737 -0.00206487963642 0)
(-0.0231929874481 -0.00254649061779 0)
(-0.0236322540145 -0.00304310093206 0)
(-0.0240666997103 -0.00355441671774 0)
(-0.0244958306315 -0.00408013066648 0)
(-0.0249191844696 -0.0046199142723 0)
(-0.0253363105407 -0.0051734084425 0)
(-0.0257467811445 -0.00574023167617 0)
(-0.0261501939721 -0.00631998336281 0)
(-0.0265461726366 -0.00691224602779 0)
(-0.026934366646 -0.00751658729035 0)
(-0.0273144512064 -0.00813256162726 0)
(-0.0276861267793 -0.00875971188444 0)
(-0.0280491181908 -0.00939757001205 0)
(-0.0284031715109 -0.0100456545046 0)
(-0.0287480606776 -0.0107034830234 0)
(-0.0290835871439 -0.0113705733234 0)
(-0.0294095717625 -0.0120464335737 0)
(-0.0297258567881 -0.0127305671791 0)
(-0.0300323057548 -0.0134224744335 0)
(-0.0303288029591 -0.0141216534784 0)
(-0.0306152528305 -0.0148276010214 0)
(-0.0308915793273 -0.0155398128503 0)
(-0.0311577252904 -0.0162577836984 0)
(-0.0314136515883 -0.0169810043126 0)
(-0.0316593345854 -0.017708944915 0)
(-0.0318947695018 -0.0184410874054 0)
(-0.0321199731074 -0.0191769543775 0)
(-0.0323349775621 -0.0199160677591 0)
(-0.0325398289209 -0.0206579350776 0)
(-0.0327345883724 -0.0214020627761 0)
(-0.0329193323127 -0.022147959076 0)
(-0.0330941521626 -0.0228951346955 0)
(-0.033259154176 -0.023643103144 0)
(-0.0334144592733 -0.0243913809182 0)
(-0.0335602029215 -0.0251394877027 0)
(-0.0336965350505 -0.0258869465718 0)
(-0.0338236200119 -0.0266332842264 0)
(-0.0339416365688 -0.02737803125 0)
(-0.0340507779289 -0.0281207223988 0)
(-0.0341512518551 -0.0288608968513 0)
(-0.0342432810751 -0.0295980981212 0)
(-0.0343271050443 -0.0303318720117 0)
(-0.0344029880906 -0.0310617546229 0)
(-0.0344712113811 -0.031787286406 0)
(-0.0345320463867 -0.0325080525472 0)
(-0.0345857722481 -0.0332236560222 0)
(-0.0346326953706 -0.0339336878925 0)
(-0.034673138971 -0.0346377443963 0)
(-0.0347074407891 -0.0353354311112 0)
(-0.034735952074 -0.0360263641523 0)
(-0.0347590353768 -0.0367101691917 0)
(-0.0347770543719 -0.0373864721208 0)
(-0.0347901822172 -0.0380549867945 0)
(-0.0140620965441 0.00330472975808 0)
(-0.0144919026084 0.00307692746303 0)
(-0.0149280566223 0.00283405275523 0)
(-0.0153699004075 0.00257538831253 0)
(-0.0158168116356 0.00230043879267 0)
(-0.0162680950833 0.00200883976097 0)
(-0.0167230246472 0.00170029765687 0)
(-0.0171808557697 0.00137458033753 0)
(-0.0176408325443 0.00103151606111 0)
(-0.0181021938965 0.000670993186462 0)
(-0.0185641795519 0.000292959372923 0)
(-0.0190260357197 -0.000102580024955 0)
(-0.0194870204011 -0.000515564178545 0)
(-0.0199464081404 -0.000945879615946 0)
(-0.0204034941901 -0.00139336340407 0)
(-0.0208575979382 -0.00185780662668 0)
(-0.0213080654334 -0.00233895779496 0)
(-0.0217542697534 -0.00283652554228 0)
(-0.0221956031666 -0.00335017740304 0)
(-0.0226314879443 -0.00387954793154 0)
(-0.0230614070894 -0.00442425830039 0)
(-0.0234848844619 -0.00498390946047 0)
(-0.0239014621811 -0.00555807353293 0)
(-0.0243107121839 -0.00614630261593 0)
(-0.0247122380491 -0.00674813257816 0)
(-0.025105674799 -0.0073630856851 0)
(-0.025490688126 -0.00799067283853 0)
(-0.0258669734858 -0.00863039552708 0)
(-0.026234254973 -0.00928174744361 0)
(-0.0265922837729 -0.00994421523656 0)
(-0.026940834285 -0.0106172758201 0)
(-0.0272797107298 -0.0113004093074 0)
(-0.0276087463872 -0.0119930998166 0)
(-0.0279277944774 -0.0126948253747 0)
(-0.028236729973 -0.0134050627132 0)
(-0.0285354491784 -0.0141232887906 0)
(-0.0288238689189 -0.0148489815931 0)
(-0.0291019256374 -0.0155816206801 0)
(-0.0293695745434 -0.016320687513 0)
(-0.0296267887344 -0.0170656651084 0)
(-0.0298735581018 -0.0178160348162 0)
(-0.0301098864388 -0.018571259208 0)
(-0.0303357949423 -0.0193308148147 0)
(-0.0305513252003 -0.0200942215132 0)
(-0.0307565323565 -0.0208610000047 0)
(-0.0309514832699 -0.0216306575212 0)
(-0.0311362578386 -0.0224027011378 0)
(-0.0313109490653 -0.0231766404135 0)
(-0.0314756628524 -0.0239519878243 0)
(-0.0316305178103 -0.0247282587497 0)
(-0.0317756451221 -0.0255049713494 0)
(-0.0319111884932 -0.026281646441 0)
(-0.0320373041761 -0.0270578073797 0)
(-0.0321541610809 -0.02783297998 0)
(-0.0322619409595 -0.0286066924705 0)
(-0.0323608386758 -0.029378475504 0)
(-0.0324510625976 -0.0301478621538 0)
(-0.0325328353353 -0.030914387604 0)
(-0.032606395906 -0.0316775869013 0)
(-0.0326720084609 -0.0324369827526 0)
(-0.0327299543983 -0.0331920996738 0)
(-0.0327805056004 -0.0339425047083 0)
(-0.0328239427061 -0.0346877802965 0)
(-0.0328605754839 -0.0354274943559 0)
(-0.0328907325336 -0.0361612177136 0)
(-0.032914759306 -0.0368885285835 0)
(-0.0329330173844 -0.0376090140767 0)
(-0.0329458825054 -0.0383222694975 0)
(-0.0329537343982 -0.0390278891856 0)
(-0.0329567339571 -0.0397255409768 0)
(-0.012450124391 0.00303156259553 0)
(-0.0128778876747 0.00281282518968 0)
(-0.0133130415675 0.00257772541513 0)
(-0.0137548533945 0.00232537117253 0)
(-0.0142025648246 0.0020551532922 0)
(-0.0146553240005 0.00176662357699 0)
(-0.0151122365484 0.00145943207831 0)
(-0.0155723838786 0.00113331758608 0)
(-0.016034836012 0.000788105851692 0)
(-0.0164986632749 0.000423707354598 0)
(-0.016962947093 4.01136561414e-05 0)
(-0.0174267894718 -0.00036260762829 0)
(-0.0178893209487 -0.000784318677417 0)
(-0.0183497068749 -0.00122481788276 0)
(-0.0188071521488 -0.00168384636888 0)
(-0.019260904425 -0.00216109447126 0)
(-0.0197102558233 -0.00265620773253 0)
(-0.0201545419494 -0.00316879177247 0)
(-0.0205931318739 -0.00369841283892 0)
(-0.0210254381321 -0.00424460736567 0)
(-0.02145094811 -0.00480690272872 0)
(-0.0218692010386 -0.00538481123205 0)
(-0.0222797620907 -0.00597782216073 0)
(-0.0226822333699 -0.00658541093543 0)
(-0.0230762545672 -0.00720704310207 0)
(-0.023461501572 -0.00784217702191 0)
(-0.0238376845936 -0.00849026606402 0)
(-0.0242045462717 -0.00915076041173 0)
(-0.0245618596835 -0.00982310846102 0)
(-0.0249094260313 -0.0105067572853 0)
(-0.0252470700244 -0.0112011495871 0)
(-0.0255746462567 -0.011905736475 0)
(-0.0258920380995 -0.0126199779005 0)
(-0.0261991478469 -0.0133433321302 0)
(-0.0264958983737 -0.014075260273 0)
(-0.0267822325286 -0.0148152275275 0)
(-0.0270581121602 -0.0155627037287 0)
(-0.0273235170687 -0.0163171636688 0)
(-0.0275784440269 -0.0170780872233 0)
(-0.0278229057739 -0.0178449588201 0)
(-0.0280569297864 -0.0186172640438 0)
(-0.0282805552394 -0.0193944724488 0)
(-0.0284938363094 -0.0201760700609 0)
(-0.0286968452055 -0.020961588409 0)
(-0.0288896650479 -0.0217505619691 0)
(-0.0290723876998 -0.0225425137045 0)
(-0.0292451149513 -0.0233369680162 0)
(-0.0294079584432 -0.0241334530569 0)
(-0.0295610393198 -0.0249315007919 0)
(-0.0297044879212 -0.0257306465674 0)
(-0.0298384435726 -0.0265304285246 0)
(-0.0299630545144 -0.027330386976 0)
(-0.0300784779713 -0.0281300637555 0)
(-0.0301848803817 -0.0289290015919 0)
(-0.0302824377809 -0.0297267435102 0)
(-0.0303713363559 -0.0305228322974 0)
(-0.0304517732109 -0.0313168099816 0)
(-0.0305239575725 -0.0321082170513 0)
(-0.0305881135258 -0.0328965898273 0)
(-0.0306444894666 -0.0336814481753 0)
(-0.030693350686 -0.034462309209 0)
(-0.0307349529713 -0.035238727165 0)
(-0.0307695619638 -0.0360102667446 0)
(-0.0307974744059 -0.0367764737194 0)
(-0.0308190084421 -0.0375368923139 0)
(-0.0308345022889 -0.038291070014 0)
(-0.0308443141156 -0.039038559531 0)
(-0.0308488205598 -0.0397789186032 0)
(-0.0308484067801 -0.0405117014697 0)
(-0.0308432091975 -0.0412365196977 0)
(-0.0107437431176 0.00268526743263 0)
(-0.0111665367813 0.00247896561682 0)
(-0.0115981141934 0.00225464460209 0)
(-0.0120376272579 0.00201116306127 0)
(-0.0124840882855 0.00174775629162 0)
(-0.0129363642625 0.00146388023419 0)
(-0.0133932550318 0.00115914755415 0)
(-0.0138535346198 0.000833314371019 0)
(-0.014315982863 0.000486270818523 0)
(-0.0147794103538 0.000118029082476 0)
(-0.015242676927 -0.000271290225389 0)
(-0.0157047042028 -0.000681472255239 0)
(-0.0161644832315 -0.00111222154062 0)
(-0.0166210782677 -0.00156317469743 0)
(-0.017073627769 -0.00203391178372 0)
(-0.0175213433122 -0.00252396639133 0)
(-0.0179635069154 -0.00303283422329 0)
(-0.0183994657612 -0.00355997974001 0)
(-0.0188286177613 -0.00410483785969 0)
(-0.0192504187506 -0.00466682426722 0)
(-0.0196644126152 -0.00524535652741 0)
(-0.0200702044826 -0.00583984815312 0)
(-0.02046743115 -0.00644970070781 0)
(-0.0208557707617 -0.00707431264919 0)
(-0.0212349418822 -0.00771308291874 0)
(-0.021604700649 -0.00836541313817 0)
(-0.0219648376154 -0.00903070921994 0)
(-0.0223151747869 -0.00970838250872 0)
(-0.0226555627401 -0.0103978504496 0)
(-0.0229858776212 -0.0110985362817 0)
(-0.0233060160274 -0.0118098652566 0)
(-0.0236159010339 -0.0125312764717 0)
(-0.0239154810534 -0.0132622225212 0)
(-0.024204719901 -0.0140021585043 0)
(-0.02448359859 -0.0147505459013 0)
(-0.0247521149586 -0.0155068533505 0)
(-0.0250102829791 -0.0162705568692 0)
(-0.0252581319996 -0.0170411399825 0)
(-0.0254957060319 -0.0178180937851 0)
(-0.0257230629545 -0.0186009164658 0)
(-0.0259402734388 -0.0193891101473 0)
(-0.0261474181438 -0.0201821646234 0)
(-0.0263445903938 -0.0209795887211 0)
(-0.0265318989039 -0.021780938153 0)
(-0.0267094608445 -0.0225857748678 0)
(-0.0268773992536 -0.0233936532381 0)
(-0.0270358436096 -0.0242041323104 0)
(-0.0271849292397 -0.0250167777887 0)
(-0.0273247964562 -0.0258311617123 0)
(-0.0274555897557 -0.02664686151 0)
(-0.027577457173 -0.0274634587651 0)
(-0.0276905498654 -0.0282805378137 0)
(-0.0277950219559 -0.0290976842088 0)
(-0.027891030678 -0.0299144831222 0)
(-0.0279787368382 -0.0307305177181 0)
(-0.0280583056244 -0.0315453675685 0)
(-0.0281299078069 -0.0323586070969 0)
(-0.0281937215628 -0.0331698038283 0)
(-0.0282499360021 -0.0339785149822 0)
(-0.0282987614954 -0.0347842751422 0)
(-0.02834042329 -0.0355866085972 0)
(-0.0283751365754 -0.0363850665613 0)
(-0.028403127131 -0.0371792018421 0)
(-0.0284246535295 -0.0379685409573 0)
(-0.0284399988416 -0.0387526008374 0)
(-0.0284494705571 -0.0395308939396 0)
(-0.0284534016056 -0.040302930837 0)
(-0.0284521498447 -0.0410682208416 0)
(-0.0284460886623 -0.0418262647511 0)
(-0.0284353116987 -0.0425766024715 0)
(-0.00896012446138 0.0022659059075 0)
(-0.00937543710206 0.00207555954421 0)
(-0.00980198322985 0.00186481176402 0)
(-0.0102385508759 0.00163206998113 0)
(-0.0106834875082 0.00137635948742 0)
(-0.0111349134142 0.00109710933368 0)
(-0.0115909264312 0.000794046506491 0)
(-0.0120497088797 0.000467136499261 0)
(-0.012509581553 0.000116533602179 0)
(-0.0129690252262 -0.000257461533378 0)
(-0.0134266831336 -0.000654436369978 0)
(-0.0138813532501 -0.00107389380534 0)
(-0.0143319760078 -0.001515273277 0)
(-0.014777620563 -0.00197796715805 0)
(-0.0152174714197 -0.00246133339263 0)
(-0.0156508160222 -0.00296470546764 0)
(-0.0160770334257 -0.00348740012087 0)
(-0.0164955824785 -0.00402872281151 0)
(-0.0169059823135 -0.00458796820782 0)
(-0.0173078162529 -0.00516442944823 0)
(-0.0177007599259 -0.00575741807909 0)
(-0.018084551923 -0.0063662572838 0)
(-0.0184589618756 -0.00699027356763 0)
(-0.0188237988583 -0.00762880478054 0)
(-0.0191789091286 -0.0082812029531 0)
(-0.0195241719898 -0.00894683567622 0)
(-0.0198594954119 -0.00962508675666 0)
(-0.020184811972 -0.0103153562223 0)
(-0.0205000750512 -0.0110170596653 0)
(-0.0208052551844 -0.0117296264704 0)
(-0.0211003347225 -0.0124524946605 0)
(-0.0213853133404 -0.0131851203336 0)
(-0.0216602074002 -0.0139269756452 0)
(-0.0219250410793 -0.0146775370889 0)
(-0.0221798490344 -0.0154362878829 0)
(-0.0224246772736 -0.0162027178094 0)
(-0.0226595838677 -0.0169763229311 0)
(-0.0228846396173 -0.0177566056423 0)
(-0.0230999286739 -0.0185430750647 0)
(-0.0233055488862 -0.0193352473083 0)
(-0.0235016116527 -0.0201326435899 0)
(-0.0236882400985 -0.0209347768772 0)
(-0.0238655707158 -0.0217411813383 0)
(-0.024033755329 -0.022551438394 0)
(-0.0241929547938 -0.023365141411 0)
(-0.0243433355447 -0.0241818842557 0)
(-0.0244850684908 -0.0250012727744 0)
(-0.0246183268852 -0.0258229267483 0)
(-0.0247432838853 -0.0266464793346 0)
(-0.0248601101985 -0.0274715754944 0)
(-0.0249689720104 -0.0282978697315 0)
(-0.0250700293639 -0.0291250233028 0)
(-0.0251634351 -0.0299527010003 0)
(-0.0252493344552 -0.0307805676587 0)
(-0.0253278653614 -0.0316082845188 0)
(-0.0253991594774 -0.0324355056011 0)
(-0.0254633439825 -0.0332618741678 0)
(-0.0255205443233 -0.0340870191447 0)
(-0.0255708889056 -0.0349105502766 0)
(-0.0256145204964 -0.0357320457791 0)
(-0.0256515917643 -0.0365510619195 0)
(-0.0256822436233 -0.0373671648599 0)
(-0.025706627297 -0.0381799078905 0)
(-0.0257249273818 -0.0389888064692 0)
(-0.0257373561346 -0.0397933531861 0)
(-0.025744155505 -0.0405930229777 0)
(-0.025745600093 -0.0413872763932 0)
(-0.0257419983675 -0.0421755612685 0)
(-0.0257336844141 -0.0429573074023 0)
(-0.0257206806591 -0.0437319621189 0)
(-0.00710953529669 0.00177806721979 0)
(-0.00752125076226 0.00160810791521 0)
(-0.00794932634921 0.00141289957425 0)
(-0.00839002918956 0.00119031446937 0)
(-0.00883916048583 0.000939691621158 0)
(-0.00929299321926 0.000661132184561 0)
(-0.00974851958328 0.000355128183128 0)
(-0.010203383854 2.23725749063e-05 0)
(-0.010655747308 -0.000336342238566 0)
(-0.0111041617913 -0.000720178513213 0)
(-0.0115474700552 -0.00112828103115 0)
(-0.0119847323192 -0.00155979092398 0)
(-0.0124151741213 -0.00201385185485 0)
(-0.0128381499555 -0.00248961261651 0)
(-0.0132531183805 -0.00298622809026 0)
(-0.0136596249414 -0.0035028599751 0)
(-0.0140572902261 -0.00403867761063 0)
(-0.0144457996071 -0.004592858713 0)
(-0.0148248864736 -0.00516458710224 0)
(-0.0151943382557 -0.0057530604262 0)
(-0.0155540254139 -0.00635750869374 0)
(-0.0159038745138 -0.00697718818533 0)
(-0.0162438376995 -0.00761137479465 0)
(-0.0165739003018 -0.00825937239771 0)
(-0.0168940774618 -0.00892051609302 0)
(-0.0172044083509 -0.00959417358644 0)
(-0.0175049497643 -0.010279745233 0)
(-0.0177957699028 -0.0109766627083 0)
(-0.018076942541 -0.0116843862882 0)
(-0.0183485417854 -0.0124024004202 0)
(-0.0186106360409 -0.0131302058636 0)
(-0.0188632921701 -0.0138673236888 0)
(-0.0191065757367 -0.0146132894517 0)
(-0.0193405446663 -0.0153676396257 0)
(-0.0195652540465 -0.0161299102368 0)
(-0.0197807602202 -0.0168996341627 0)
(-0.0199871253433 -0.0176763393453 0)
(-0.0201844222022 -0.0184595484602 0)
(-0.0203727389714 -0.0192487801185 0)
(-0.0205521833652 -0.0200435511741 0)
(-0.020722885744 -0.0208433784024 0)
(-0.0208850002448 -0.0216477721395 0)
(-0.0210387056388 -0.0224562639311 0)
(-0.0211842062748 -0.0232684313622 0)
(-0.0213217265765 -0.0240838749769 0)
(-0.0214515052276 -0.0249022133203 0)
(-0.0215737896585 -0.0257230946937 0)
(-0.0216888293903 -0.0265462002248 0)
(-0.0217968688497 -0.0273712434682 0)
(-0.0218981403747 -0.028197967688 0)
(-0.0219928579928 -0.0290261411889 0)
(-0.022081212488 -0.0298555510661 0)
(-0.0221633681116 -0.0306859957996 0)
(-0.0222394611461 -0.0315172772225 0)
(-0.0223096003454 -0.0323491923739 0)
(-0.0223738691289 -0.0331815257199 0)
(-0.0224323293157 -0.0340140420687 0)
(-0.0224850262808 -0.0348464802306 0)
(-0.022531996117 -0.0356785465253 0)
(-0.02257327866 -0.036509903553 0)
(-0.0226089162824 -0.0373401758271 0)
(-0.0226389380172 -0.0381689727189 0)
(-0.0226633821193 -0.0389958710278 0)
(-0.0226823183738 -0.0398203956297 0)
(-0.0226958455516 -0.0406420307172 0)
(-0.0227040957375 -0.041460224042 0)
(-0.0227072396248 -0.0422743898349 0)
(-0.0227054902302 -0.0430839105523 0)
(-0.0226990968178 -0.0438881330169 0)
(-0.0226879612962 -0.0446863926181 0)
(-0.00519457412259 0.00123957948685 0)
(-0.00565017617464 0.00109203879704 0)
(-0.00611876084284 0.00090524754596 0)
(-0.00658657078754 0.00068151201083 0)
(-0.00704827485937 0.000423821641782 0)
(-0.00750189824826 0.000134759789572 0)
(-0.00794678941022 -0.000183602730089 0)
(-0.00838276860163 -0.000529591975812 0)
(-0.00880979666738 -0.000901813510419 0)
(-0.00922784971139 -0.00129906606858 0)
(-0.00963687529215 -0.0017202802965 0)
(-0.0100367817521 -0.00216447460886 0)
(-0.0104274419337 -0.00263072239447 0)
(-0.0108087033864 -0.00311812776311 0)
(-0.0111804019005 -0.0036258080921 0)
(-0.0115423763093 -0.00415288284764 0)
(-0.0118944831894 -0.00469846798177 0)
(-0.012236608813 -0.00526167510223 0)
(-0.0125686713222 -0.00584161246602 0)
(-0.0128906381255 -0.00643739747598 0)
(-0.0132025586791 -0.00704817896478 0)
(-0.0135045453909 -0.00767314121898 0)
(-0.0137967467439 -0.00831150800905 0)
(-0.0140793500185 -0.00896255591952 0)
(-0.0143525723638 -0.00962562166104 0)
(-0.0146166485108 -0.0103001053397 0)
(-0.0148718175706 -0.0109854700167 0)
(-0.0151183104287 -0.0116812377925 0)
(-0.0153563384372 -0.0123869828282 0)
(-0.0155860839515 -0.013102321609 0)
(-0.0158076918324 -0.0138269000391 0)
(-0.0160212700514 -0.0145603862818 0)
(-0.0162268900058 -0.015302457289 0)
(-0.0164245832973 -0.0160527811899 0)
(-0.0166143492196 -0.0168110065998 0)
(-0.0167961642288 -0.0175767522794 0)
(-0.0169699942409 -0.0183495991654 0)
(-0.0171358092836 -0.0191290859997 0)
(-0.0172935996078 -0.0199147094589 0)
(-0.0174433917902 -0.020705929169 0)
(-0.0175852632516 -0.0215021769277 0)
(-0.0177193534699 -0.0223028665405 0)
(-0.0178458681743 -0.0231074232465 0)
(-0.0179650808379 -0.0239153127503 0)
(-0.0180773273561 -0.0247260474934 0)
(-0.0181829931549 -0.0255391996375 0)
(-0.0182824951808 -0.0263544179809 0)
(-0.0183762610254 -0.027171435793 0)
(-0.0184647067367 -0.0279900710834 0)
(-0.0185482155431 -0.0288102198591 0)
(-0.0186271195742 -0.0296318432116 0)
(-0.0187016862937 -0.0304549496332 0)
(-0.018772110766 -0.0312795743836 0)
(-0.018838514205 -0.032105757969 0)
(-0.0189009485257 -0.0329335257671 0)
(-0.0189594059665 -0.0337628705745 0)
(-0.0190138323338 -0.0345937393388 0)
(-0.0190641422191 -0.0354260246261 0)
(-0.0191102349438 -0.0362595603671 0)
(-0.0191520122042 -0.0370941199108 0)
(-0.0191893822502 -0.0379294219603 0)
(-0.0192222517051 -0.0387651434198 0)
(-0.0192505417074 -0.0396009172382 0)
(-0.0192741999258 -0.0404363260554 0)
(-0.0192931954083 -0.0412709047397 0)
(-0.01930751924 -0.0421041380157 0)
(-0.0193171883844 -0.0429354554543 0)
(-0.019322251331 -0.0437642248374 0)
(-0.0193227870958 -0.0445897424643 0)
(-0.0193184728586 -0.0454112408842 0)
(-0.0411168421572 -0.00205591129539 0)
(-0.0412247730165 -0.00208351329876 0)
(-0.04133371151 -0.002111571807 0)
(-0.0414436368995 -0.00214004814691 0)
(-0.0415545335389 -0.00216893227735 0)
(-0.0416663812961 -0.00219821337152 0)
(-0.0417791560501 -0.00222787930624 0)
(-0.041892829329 -0.00225791644504 0)
(-0.0420073677471 -0.00228830949747 0)
(-0.04212273235 -0.00231904139095 0)
(-0.0422388778833 -0.00235009314285 0)
(-0.0423557519801 -0.00238144373074 0)
(-0.0424732942615 -0.00241306996062 0)
(-0.0425914353424 -0.00244494633368 0)
(-0.0427100957357 -0.00247704491275 0)
(-0.0428291846499 -0.00250933518985 0)
(-0.0429485986702 -0.00254178395659 0)
(-0.0430682203223 -0.00257435518054 0)
(-0.0431879165125 -0.00260700989153 0)
(-0.0433075368388 -0.00263970608333 0)
(-0.0434269117243 -0.00267239863747 0)
(-0.0435458500694 -0.002705039276 0)
(-0.0436641345674 -0.00273757654479 0)
(-0.0437815038172 -0.00276995583868 0)
(-0.043897558469 -0.00280211984008 0)
(-0.044011231373 -0.00283401367453 0)
(-0.0441177550679 -0.00286563367109 0)
(-0.0442163892551 -0.00289689939379 0)
(-0.0443112219192 -0.00292761736191 0)
(-0.0444026383965 -0.00295768165146 0)
(-0.0444902633858 -0.00298700291745 0)
(-0.0445735284888 -0.00301549088871 0)
(-0.0446517831589 -0.00304305281533 0)
(-0.0447243213018 -0.00306960058784 0)
(-0.0447903862466 -0.00309506299784 0)
(-0.0448492891269 -0.00311943998738 0)
(-0.0449000617461 -0.00314278906849 0)
(-0.0449417908418 -0.00316512774323 0)
(-0.044973131819 -0.0031862019958 0)
(-0.0449915867754 -0.00320315820475 0)
(-0.0449976330775 -0.00321500509603 0)
(-0.0449902341225 -0.00322526568096 0)
(-0.0449662296461 -0.00323713382111 0)
(-0.0449244953697 -0.00324838667041 0)
(-0.0448635745807 -0.00325632589245 0)
(-0.0447813007671 -0.00326104317913 0)
(-0.0446754158424 -0.00326268544034 0)
(-0.0445435996601 -0.00326124032952 0)
(-0.0443834089561 -0.00325660639691 0)
(-0.0441922412517 -0.00324864242694 0)
(-0.0439673185299 -0.00323718920372 0)
(-0.043705678939 -0.0032220782572 0)
(-0.0434041710997 -0.00320313531295 0)
(-0.0430594491481 -0.00318018157769 0)
(-0.0426679679606 -0.00315303405256 0)
(-0.0422259784135 -0.00312150531798 0)
(-0.0417295226073 -0.00308540294606 0)
(-0.0411744289711 -0.00304452858001 0)
(-0.040556307104 -0.00299867666833 0)
(-0.039870542151 -0.00294763281222 0)
(-0.0391122884264 -0.00289117166433 0)
(-0.038276461896 -0.00282905429608 0)
(-0.0373577310011 -0.00276102492767 0)
(-0.0363505051286 -0.00268680688429 0)
(-0.0352489197924 -0.00260609760146 0)
(-0.0340468172462 -0.00251856244543 0)
(-0.0327377207519 -0.00242382703219 0)
(-0.0313147999837 -0.00232146760686 0)
(-0.0297708239066 -0.00221099885804 0)
(-0.0280980956737 -0.00209185824213 0)
(-0.0262883611493 -0.00196338538851 0)
(-0.0243326777108 -0.00182479425403 0)
(-0.0222212212131 -0.00167513393134 0)
(-0.019942992605 -0.00151323014662 0)
(-0.0174853529584 -0.00133758975123 0)
(-0.0148332483046 -0.00114622354553 0)
(-0.0119678696911 -0.00093627227365 0)
(-0.00886456086715 -0.000703223211491 0)
(-0.00549243426124 -0.00044010259857 0)
(-0.00184013075417 -0.000143536577804 0)
(-0.0412702713522 -0.00602094664407 0)
(-0.0413749303061 -0.00610119196169 0)
(-0.0414804562549 -0.00618276933638 0)
(-0.0415868208237 -0.00626557225344 0)
(-0.0416940050039 -0.00634957387312 0)
(-0.0418019857602 -0.00643474494639 0)
(-0.0419107360189 -0.00652105234952 0)
(-0.0420202242357 -0.00660845848281 0)
(-0.0421304138524 -0.00669692088748 0)
(-0.0422412626798 -0.00678639189405 0)
(-0.0423527222058 -0.00687681826642 0)
(-0.0424647368232 -0.00696814083526 0)
(-0.0425772429693 -0.00706029412116 0)
(-0.0426901681703 -0.00715320594806 0)
(-0.0428034299839 -0.00724679705015 0)
(-0.0429169348315 -0.00734098067503 0)
(-0.0430305767123 -0.0074356621865 0)
(-0.0431442357911 -0.00753073867327 0)
(-0.04325777685 -0.00762609857055 0)
(-0.0433710475876 -0.00772162130519 0)
(-0.043483876701 -0.00781717697717 0)
(-0.0435960714229 -0.00791262609438 0)
(-0.0437074126608 -0.00800781938354 0)
(-0.043817637087 -0.00810259780342 0)
(-0.0439263450064 -0.0081967941147 0)
(-0.0440324837206 -0.00829024853692 0)
(-0.0441313995943 -0.00838294147338 0)
(-0.0442223512597 -0.00847463778341 0)
(-0.0443093047945 -0.00856481558846 0)
(-0.0443926463086 -0.00865317729471 0)
(-0.0444720259866 -0.00873946674628 0)
(-0.0445469069133 -0.00882342078139 0)
(-0.0446166706357 -0.00890475253507 0)
(-0.0446806371929 -0.00898316436951 0)
(-0.0447380671843 -0.00905808339751 0)
(-0.0447881696232 -0.00912951003554 0)
(-0.0448300742932 -0.00919739006625 0)
(-0.0448628526341 -0.00926088286911 0)
(-0.0448854702944 -0.00931931028542 0)
(-0.0448967236141 -0.00937195161639 0)
(-0.0448943477702 -0.00941878112947 0)
(-0.0448764877186 -0.00945960067011 0)
(-0.0448422055695 -0.00949493995558 0)
(-0.0447908149475 -0.00952424203543 0)
(-0.0447204190592 -0.00954651848736 0)
(-0.0446289085131 -0.00956105730501 0)
(-0.044514073634 -0.00956733546713 0)
(-0.0443735976978 -0.00956488624115 0)
(-0.0442050339733 -0.00955324141816 0)
(-0.0440057849117 -0.00953191640754 0)
(-0.0437730866745 -0.00950040951178 0)
(-0.0435039979909 -0.00945820402015 0)
(-0.043195391745 -0.00940476989721 0)
(-0.0428439481189 -0.009339564482 0)
(-0.0424461485939 -0.00926203224208 0)
(-0.041998270415 -0.0091716036785 0)
(-0.0414963812781 -0.00906769341079 0)
(-0.0409363340496 -0.00894969739961 0)
(-0.0403137613263 -0.00881698920687 0)
(-0.0396240696039 -0.00866891514455 0)
(-0.0388624327595 -0.00850478811542 0)
(-0.0380237844615 -0.00832387989479 0)
(-0.0371028089992 -0.0081254115366 0)
(-0.0360939298549 -0.00790854149938 0)
(-0.0349912951139 -0.00767235097036 0)
(-0.0337887584795 -0.00741582570179 0)
(-0.0324798541929 -0.00713783343852 0)
(-0.0310577634541 -0.00683709566937 0)
(-0.0295152688791 -0.00651215190935 0)
(-0.0278446918588 -0.00616131388731 0)
(-0.0260378049731 -0.00578260563417 0)
(-0.0240857070624 -0.00537368304403 0)
(-0.0219786404972 -0.00493172188989 0)
(-0.0197057152086 -0.00445325379991 0)
(-0.0172544752402 -0.00393390850563 0)
(-0.01461019406 -0.00336797237736 0)
(-0.0117547683044 -0.00274757973316 0)
(-0.0086656859837 -0.00206131676895 0)
(-0.00532085364986 -0.0012931540747 0)
(-0.00174824820808 -0.000432286204136 0)
(-0.0414276533556 -0.00975163546538 0)
(-0.0415271713704 -0.00988053482048 0)
(-0.0416273376389 -0.0100115800125 0)
(-0.0417281152839 -0.0101446107399 0)
(-0.0418294780114 -0.0102795872733 0)
(-0.0419313960088 -0.0104164659632 0)
(-0.0420338356185 -0.0105551969009 0)
(-0.0421367588456 -0.010695722973 0)
(-0.0422401228105 -0.0108379792585 0)
(-0.0423438791454 -0.0109818924738 0)
(-0.0424479733244 -0.0111273804077 0)
(-0.0425523439204 -0.0112743513376 0)
(-0.0426569217788 -0.0114227034236 0)
(-0.0427616291013 -0.0115723240829 0)
(-0.0428663784297 -0.0117230893466 0)
(-0.0429710715219 -0.0118748632014 0)
(-0.0430755981083 -0.0120274969198 0)
(-0.043179834518 -0.0121808283834 0)
(-0.0432836421608 -0.0123346814044 0)
(-0.0433868658431 -0.0124888650526 0)
(-0.0434893318468 -0.012643172992 0)
(-0.0435908454476 -0.0127973828357 0)
(-0.0436911860719 -0.0129512555461 0)
(-0.0437900898064 -0.0131045351614 0)
(-0.0438871601834 -0.0132569513474 0)
(-0.0439813689483 -0.0134082444931 0)
(-0.0440682094516 -0.0135583572383 0)
(-0.0441469586731 -0.013706920414 0)
(-0.0442214471512 -0.0138531706571 0)
(-0.0442920498009 -0.0139966334841 0)
(-0.0443584341055 -0.0141368794154 0)
(-0.0444200891242 -0.014273467299 0)
(-0.0444764228379 -0.0144059312477 0)
(-0.0445267750029 -0.0145337803691 0)
(-0.0445704186709 -0.0146564987719 0)
(-0.0446064537254 -0.0147735713225 0)
(-0.0446341210602 -0.0148844380805 0)
(-0.0446524525667 -0.0149884562575 0)
(-0.0446603557112 -0.0150849715917 0)
(-0.044656578335 -0.0151733562806 0)
(-0.0446396483508 -0.0152530026769 0)
(-0.0446080999888 -0.0153232768836 0)
(-0.0445605741322 -0.0153835866731 0)
(-0.0444956348211 -0.0154332778711 0)
(-0.0444116058787 -0.0154715811821 0)
(-0.0443066015414 -0.015497663777 0)
(-0.0441785604754 -0.0155106880605 0)
(-0.0440252613346 -0.0155098238776 0)
(-0.0438443251395 -0.0154942406075 0)
(-0.0436332106642 -0.0154630981738 0)
(-0.0433892070398 -0.0154155415696 0)
(-0.0431094258044 -0.0153506981155 0)
(-0.0427907933103 -0.0152676759568 0)
(-0.0424300437232 -0.0151655627538 0)
(-0.0420237125755 -0.0150434239691 0)
(-0.0415681307454 -0.0149003004018 0)
(-0.0410594187147 -0.0147352047229 0)
(-0.0404934809464 -0.0145471167877 0)
(-0.0398660002018 -0.0143349774808 0)
(-0.0391724315761 -0.0140976808093 0)
(-0.0384079959768 -0.0138340639023 0)
(-0.0375676726824 -0.0135428944927 0)
(-0.0366461905163 -0.0132228553603 0)
(-0.0356380170172 -0.0128725250739 0)
(-0.0345373447864 -0.0124903541877 0)
(-0.0333380739137 -0.0120746357865 0)
(-0.0320337889799 -0.0116234689116 0)
(-0.0306177285505 -0.0111347128637 0)
(-0.0290827442058 -0.0106059295845 0)
(-0.0274212448198 -0.0100343100798 0)
(-0.0256251196981 -0.00941657884615 0)
(-0.0236856307787 -0.00874886687214 0)
(-0.021593258391 -0.0080265376914 0)
(-0.0193374755191 -0.00724393948241 0)
(-0.0169064116581 -0.00639403413814 0)
(-0.0142863656453 -0.00546781565504 0)
(-0.0114612699776 -0.0044533938743 0)
(-0.00841328666742 -0.00333478539657 0)
(-0.00513189721744 -0.00209197384106 0)
(-0.00167087094971 -0.000712132124211 0)
(-0.0415316537057 -0.0132573618121 0)
(-0.0416248258256 -0.0134312817854 0)
(-0.0417183801916 -0.013608104538 0)
(-0.0418122714593 -0.0137876267027 0)
(-0.0419064639296 -0.0139697978392 0)
(-0.04200091891 -0.0141545623141 0)
(-0.0420955940402 -0.0143418561359 0)
(-0.0421904427651 -0.0145316056871 0)
(-0.0422854138128 -0.0147237269099 0)
(-0.0423804506279 -0.0149181245549 0)
(-0.0424754907452 -0.0151146914148 0)
(-0.0425704650928 -0.0153133075289 0)
(-0.0426652972182 -0.0155138393557 0)
(-0.0427599024272 -0.0157161389145 0)
(-0.0428541868286 -0.0159200428979 0)
(-0.0429480462744 -0.0161253717579 0)
(-0.0430413651846 -0.0163319287669 0)
(-0.0431340152454 -0.0165394990573 0)
(-0.0432258539669 -0.0167478486431 0)
(-0.0433167230781 -0.0169567234278 0)
(-0.0434064466941 -0.0171658481997 0)
(-0.0434948289429 -0.0173749256242 0)
(-0.0435816493195 -0.0175836352803 0)
(-0.0436666458111 -0.0177916331702 0)
(-0.0437494285828 -0.0179985550833 0)
(-0.0438289965025 -0.0182040488212 0)
(-0.0439009807771 -0.0184080077382 0)
(-0.0439646811328 -0.0186099431279 0)
(-0.0440238109107 -0.0188088952577 0)
(-0.0440787347135 -0.0190042381766 0)
(-0.0441291322322 -0.0191953936877 0)
(-0.0441745096128 -0.0193817679873 0)
(-0.0442142938103 -0.0195627382371 0)
(-0.0442478459953 -0.0197376482917 0)
(-0.0442744602153 -0.0199058060388 0)
(-0.0442933585475 -0.0200664844678 0)
(-0.0443036962614 -0.0202189243793 0)
(-0.0443045377892 -0.020362333998 0)
(-0.0442948484702 -0.0204958903844 0)
(-0.0442734905865 -0.0206187397995 0)
(-0.044239223278 -0.0207299915816 0)
(-0.0441907086709 -0.0208287303425 0)
(-0.0441265167868 -0.0209140106133 0)
(-0.0440451133999 -0.0209848654759 0)
(-0.0439448403342 -0.0210402889891 0)
(-0.0438238927998 -0.0210792271992 0)
(-0.0436803088928 -0.0211005866069 0)
(-0.0435119655636 -0.0211032442688 0)
(-0.0433165756862 -0.0210860528108 0)
(-0.0430916840726 -0.0210478412883 0)
(-0.0428346621877 -0.020987414155 0)
(-0.0425427019977 -0.0209035496415 0)
(-0.0422128094478 -0.0207949979031 0)
(-0.0418417979213 -0.0206604788236 0)
(-0.0414262818641 -0.0204986792001 0)
(-0.04096267064 -0.0203082489979 0)
(-0.0404471625981 -0.0200877963635 0)
(-0.0398757392776 -0.0198358810709 0)
(-0.0392441596277 -0.0195510060455 0)
(-0.038547954067 -0.0192316065595 0)
(-0.0377824181547 -0.018876036617 0)
(-0.0369426055641 -0.0184825519482 0)
(-0.0360233199648 -0.0180492888957 0)
(-0.0350191052914 -0.0175742383007 0)
(-0.0339242337194 -0.0170552132495 0)
(-0.0327326904528 -0.0164898092127 0)
(-0.0314381541306 -0.01587535464 0)
(-0.0300339712456 -0.0152088494074 0)
(-0.0285131223808 -0.0144868875363 0)
(-0.026868177226 -0.0137055591287 0)
(-0.0250912341087 -0.0128603241621 0)
(-0.0231738380319 -0.0119458470889 0)
(-0.0211068688975 -0.0109557750559 0)
(-0.0188803896465 -0.00988243237502 0)
(-0.0164834485629 -0.00871638816562 0)
(-0.0139038728153 -0.00744583776166 0)
(-0.0111283233696 -0.0060557632812 0)
(-0.00814401820258 -0.00452711136465 0)
(-0.00494906741138 -0.00283765114147 0)
(-0.00160651645589 -0.000972645992218 0)
(-0.0415529988571 -0.0165538849661 0)
(-0.0416389039828 -0.0167696193186 0)
(-0.041724893107 -0.0169889611254 0)
(-0.041810913457 -0.017211672284 0)
(-0.0418969186567 -0.0174376929576 0)
(-0.04198285991 -0.017666957003 0)
(-0.0420686849356 -0.0178993880393 0)
(-0.0421543374024 -0.0181348978951 0)
(-0.0422397564387 -0.0183733856017 0)
(-0.0423248761157 -0.0186147364546 0)
(-0.0424096248784 -0.0188588210536 0)
(-0.0424939249135 -0.0191054943046 0)
(-0.042577691445 -0.0193545943808 0)
(-0.0426608319482 -0.0196059416428 0)
(-0.042743245277 -0.0198593375206 0)
(-0.0428248206917 -0.0201145633572 0)
(-0.0429054367794 -0.0203713792155 0)
(-0.0429849602562 -0.0206295226515 0)
(-0.0430632446374 -0.0208887074564 0)
(-0.0431401287558 -0.021148622371 0)
(-0.0432154350661 -0.0214089297762 0)
(-0.0432889674342 -0.0216692643692 0)
(-0.0433605067275 -0.0219292318939 0)
(-0.0434297945294 -0.0221884084546 0)
(-0.0434964493471 -0.0224463443986 0)
(-0.043559496689 -0.0227026014438 0)
(-0.0436146905445 -0.0229570145232 0)
(-0.0436613549219 -0.0232089855233 0)
(-0.0437031075762 -0.0234573918612 0)
(-0.0437403090876 -0.0237014748141 0)
(-0.0437726553538 -0.0239405233361 0)
(-0.0437996754559 -0.0241738042452 0)
(-0.0438208241879 -0.0244005469652 0)
(-0.0438354960509 -0.024619939487 0)
(-0.0438430234731 -0.0248311269775 0)
(-0.0438426717358 -0.0250332119136 0)
(-0.0438336335734 -0.0252252548497 0)
(-0.0438150236123 -0.0254062741907 0)
(-0.0437858719528 -0.0255752450625 0)
(-0.0437451185207 -0.0257310983612 0)
(-0.0436916070713 -0.0258727209028 0)
(-0.0436240775778 -0.0259989578017 0)
(-0.0435411604056 -0.0261086129988 0)
(-0.0434413720644 -0.0262004514071 0)
(-0.0433231081654 -0.0262731976199 0)
(-0.0431846325272 -0.0263255330781 0)
(-0.0430240663113 -0.0263560955688 0)
(-0.0428393789121 -0.0263634810716 0)
(-0.0426283803805 -0.0263462460798 0)
(-0.0423887146403 -0.0263029091189 0)
(-0.0421178529437 -0.0262319511311 0)
(-0.0418130873209 -0.0261318148268 0)
(-0.041471523998 -0.0260009031274 0)
(-0.0410900768547 -0.0258375766968 0)
(-0.0406654610078 -0.0256401504289 0)
(-0.040194186579 -0.0254068886599 0)
(-0.0396725526642 -0.0251359988051 0)
(-0.0390966414804 -0.0248256230574 0)
(-0.0384623126157 -0.024473827725 0)
(-0.037765197264 -0.0240785897076 0)
(-0.0370006922748 -0.0236377795138 0)
(-0.0361639537815 -0.0231491401002 0)
(-0.035249890107 -0.0226102606483 0)
(-0.0342531535503 -0.022018544182 0)
(-0.03316813055 -0.021371167641 0)
(-0.0319889295854 -0.0206650326401 0)
(-0.0307093659989 -0.0198967046123 0)
(-0.0293229427094 -0.0190623372849 0)
(-0.0278228255198 -0.0181575783823 0)
(-0.0262018114221 -0.0171774509005 0)
(-0.0244522880265 -0.0161162020081 0)
(-0.02256618223 -0.0149671081931 0)
(-0.020534897244 -0.0137222201412 0)
(-0.0183492416909 -0.01237202365 0)
(-0.0159993713985 -0.0109049850312 0)
(-0.0134748256343 -0.00930695060134 0)
(-0.0107649709015 -0.00756042171876 0)
(-0.00786114201501 -0.00564399913191 0)
(-0.00476653334099 -0.00353355435254 0)
(-0.0015456300124 -0.00121273295295 0)
(-0.0414692110377 -0.0196561746051 0)
(-0.0415471108744 -0.0199108895332 0)
(-0.0416247750721 -0.0201698681402 0)
(-0.0417021453469 -0.0204328441969 0)
(-0.0417791640229 -0.0206997492198 0)
(-0.0418557716042 -0.0209705074555 0)
(-0.0419319052909 -0.0212450312292 0)
(-0.0420074983838 -0.0215232191252 0)
(-0.0420824798328 -0.021804954784 0)
(-0.0421567737787 -0.0220901057799 0)
(-0.0422302990517 -0.0223785224785 0)
(-0.0423029686128 -0.0226700368536 0)
(-0.0423746889298 -0.0229644612552 0)
(-0.0424453592806 -0.0232615871263 0)
(-0.0425148709765 -0.0235611836708 0)
(-0.0425831064953 -0.0238629964727 0)
(-0.0426499385164 -0.0241667460674 0)
(-0.042715228847 -0.0244721264694 0)
(-0.0427788272279 -0.0247788036583 0)
(-0.0428405699992 -0.0250864140286 0)
(-0.0429002785647 -0.025394562806 0)
(-0.0429577573645 -0.0257028224439 0)
(-0.0430127897098 -0.0260107310781 0)
(-0.0430651220465 -0.0263177916188 0)
(-0.0431143823941 -0.0266234757901 0)
(-0.0431596222763 -0.0269272638354 0)
(-0.0431967061524 -0.027228920953 0)
(-0.0432249839986 -0.027527746449 0)
(-0.0432479967766 -0.0278224842291 0)
(-0.0432661076662 -0.0281122568844 0)
(-0.0432790334979 -0.0283962320275 0)
(-0.0432863310827 -0.0286735483558 0)
(-0.0432874877187 -0.028943299516 0)
(-0.0432819348361 -0.0292045300295 0)
(-0.0432690464995 -0.0294562338902 0)
(-0.0432481347778 -0.0296973538242 0)
(-0.0432184444774 -0.0299267807911 0)
(-0.0431791476251 -0.0301433535758 0)
(-0.0431293374848 -0.0303458583421 0)
(-0.0430680221762 -0.0305330284039 0)
(-0.0429941178771 -0.0307035443909 0)
(-0.0429064416658 -0.030856034664 0)
(-0.0428037044996 -0.030989075911 0)
(-0.0426845044709 -0.0311011938229 0)
(-0.042547319704 -0.0311908635565 0)
(-0.0423905003696 -0.0312565096692 0)
(-0.042212260034 -0.0312965059478 0)
(-0.0420106669189 -0.0313091755782 0)
(-0.0417836354629 -0.0312927915928 0)
(-0.0415289183006 -0.0312455772182 0)
(-0.0412440986094 -0.0311657057426 0)
(-0.0409265827438 -0.0310512996381 0)
(-0.0405735931029 -0.0309004287514 0)
(-0.0401821612193 -0.030711107395 0)
(-0.0397491210898 -0.0304812901359 0)
(-0.0392711027654 -0.0302088660212 0)
(-0.0387445262201 -0.029891650915 0)
(-0.0381655954868 -0.0295273775473 0)
(-0.0375302930252 -0.0291136827961 0)
(-0.0368343742497 -0.0286480916248 0)
(-0.0360733621081 -0.0281279969868 0)
(-0.0352425415557 -0.0275506348573 0)
(-0.034336953726 -0.0269130533698 0)
(-0.0333513895421 -0.026212074792 0)
(-0.0322803824613 -0.0254442487585 0)
(-0.0311181999889 -0.0246057947591 0)
(-0.0298588335518 -0.023692531314 0)
(-0.028495986299 -0.0226997884984 0)
(-0.0270230584453 -0.0216222994165 0)
(-0.0254331299733 -0.0204540647496 0)
(-0.0237189410594 -0.0191881824336 0)
(-0.0218728719617 -0.0178166316731 0)
(-0.019886927406 -0.0163299967389 0)
(-0.0177527385851 -0.0147171117766 0)
(-0.0154616163892 -0.0129646055635 0)
(-0.0130047464855 -0.0110563340009 0)
(-0.0103738065032 -0.008972742267 0)
(-0.0075630998438 -0.00669044901066 0)
(-0.00457859560111 -0.00418359748933 0)
(-0.00148364146794 -0.00143502803478 0)
(-0.0412603181069 -0.0225772856423 0)
(-0.0413296182025 -0.0228684505513 0)
(-0.0413983508418 -0.0231644901722 0)
(-0.0414664548651 -0.0234651154726 0)
(-0.0415338611788 -0.0237702498325 0)
(-0.0416004994772 -0.0240798085735 0)
(-0.0416662963384 -0.0243936935027 0)
(-0.0417311745992 -0.0247117908244 0)
(-0.0417950529506 -0.0250339697806 0)
(-0.0418578455442 -0.0253600813829 0)
(-0.0419194615633 -0.0256899571121 0)
(-0.0419798047439 -0.0260234075634 0)
(-0.0420387728396 -0.0263602210319 0)
(-0.0420962570212 -0.026700162038 0)
(-0.042152141206 -0.0270429697954 0)
(-0.042206301308 -0.0273883566214 0)
(-0.0422586043988 -0.0277360062913 0)
(-0.0423089077732 -0.0280855723389 0)
(-0.0423570579038 -0.0284366763097 0)
(-0.0424028892694 -0.0287889059681 0)
(-0.0424462229961 -0.0291418134656 0)
(-0.0424868650259 -0.0294949134824 0)
(-0.0425246022077 -0.0298476814214 0)
(-0.0425591870901 -0.0301995522345 0)
(-0.0425902584134 -0.0305499242177 0)
(-0.042616893754 -0.0308981988555 0)
(-0.0426350601128 -0.0312440576285 0)
(-0.0426441354358 -0.0315867017803 0)
(-0.0426475980404 -0.0319247697278 0)
(-0.0426458189186 -0.0322572775631 0)
(-0.0426385394305 -0.0325832812795 0)
(-0.0426253474936 -0.0329018012138 0)
(-0.0426057662986 -0.0332118054517 0)
(-0.042579267801 -0.033512205502 0)
(-0.0425452714559 -0.0338018546071 0)
(-0.0425031398729 -0.0340795467001 0)
(-0.0424521736067 -0.034344015618 0)
(-0.0423916055363 -0.0345939345094 0)
(-0.0423205948684 -0.0348279154083 0)
(-0.0422382207704 -0.0350445089843 0)
(-0.0421434756622 -0.0352422044683 0)
(-0.0420352582135 -0.035419429725 0)
(-0.041912366099 -0.0355745514768 0)
(-0.0417734885678 -0.0357058756237 0)
(-0.0416171988249 -0.0358116475967 0)
(-0.0414419461518 -0.0358900526116 0)
(-0.0412460477311 -0.0359392157586 0)
(-0.0410276802668 -0.0359572019542 0)
(-0.0407848715542 -0.035942015749 0)
(-0.0405154921468 -0.0358916008856 0)
(-0.0402172472164 -0.0358038394142 0)
(-0.0398876686641 -0.0356765501343 0)
(-0.039524107511 -0.0355074861251 0)
(-0.0391237265976 -0.0352943311078 0)
(-0.0386834936173 -0.0350346943681 0)
(-0.0382001745098 -0.0347261039188 0)
(-0.0376703272368 -0.0343659975267 0)
(-0.037090295951 -0.0339517111588 0)
(-0.0364562055495 -0.0334804643101 0)
(-0.0357639565882 -0.0329493415727 0)
(-0.0350092205035 -0.0323552696753 0)
(-0.0341874350689 -0.0316949890571 0)
(-0.0332937999911 -0.0309650188418 0)
(-0.0323232725351 -0.0301616138105 0)
(-0.0312705630643 -0.0292807116435 0)
(-0.0301301304098 -0.0283178682619 0)
(-0.0288961770444 -0.0272681785298 0)
(-0.0275626441945 -0.0261261788227 0)
(-0.0261232073217 -0.0248857269658 0)
(-0.0245712729992 -0.0235398537165 0)
(-0.0228999793322 -0.0220805782254 0)
(-0.0211022042642 -0.0204986777091 0)
(-0.0191705903979 -0.0187833990419 0)
(-0.0170976035817 -0.0169220977989 0)
(-0.0148756606655 -0.0148997906657 0)
(-0.012497406293 -0.0126986174265 0)
(-0.00995636845296 -0.0102972589594 0)
(-0.0072489363256 -0.00767060411267 0)
(-0.00438264035409 -0.0047912981289 0)
(-0.00141905074325 -0.00164196464679 0)
(-0.0409076929077 -0.0253282949292 0)
(-0.0409679256354 -0.0256536175085 0)
(-0.0410272552808 -0.0259843841931 0)
(-0.0410856210346 -0.0263202876711 0)
(-0.0411429426564 -0.026661243384 0)
(-0.0411991392984 -0.0270071580409 0)
(-0.0412541271976 -0.0273579233743 0)
(-0.0413078190245 -0.0277134137872 0)
(-0.041360123523 -0.0280734848279 0)
(-0.0414109451823 -0.028437971772 0)
(-0.0414601838844 -0.0288066881706 0)
(-0.0415077345103 -0.0291794243354 0)
(-0.0415534864991 -0.0295559457561 0)
(-0.0415973233512 -0.0299359914482 0)
(-0.0416391220724 -0.0303192722341 0)
(-0.0416787525481 -0.0307054689593 0)
(-0.0417160768423 -0.0310942306443 0)
(-0.0417509484108 -0.0314851725768 0)
(-0.0417832112186 -0.0318778743483 0)
(-0.041812698742 -0.0322718778411 0)
(-0.0418392327988 -0.0326666851691 0)
(-0.0418626219271 -0.033061756588 0)
(-0.0418826577423 -0.0334565084408 0)
(-0.0418991002592 -0.0338503116699 0)
(-0.0419116003609 -0.0342424949518 0)
(-0.0419192626202 -0.0346323821373 0)
(-0.0419181536653 -0.0350195546123 0)
(-0.0419076819124 -0.0354031182799 0)
(-0.0418912721886 -0.0357816336271 0)
(-0.0418693072691 -0.0361540211628 0)
(-0.0418415560628 -0.0365192335326 0)
(-0.0418076405296 -0.0368761809826 0)
(-0.0417671227772 -0.0372237147989 0)
(-0.0417195184244 -0.0375606228303 0)
(-0.0416642954829 -0.0378856276117 0)
(-0.0416008701711 -0.0381973851433 0)
(-0.041528601842 -0.0384944839351 0)
(-0.0414467874447 -0.0387754442438 0)
(-0.0413546555974 -0.0390387174843 0)
(-0.0412513602919 -0.0392826858041 0)
(-0.0411359742436 -0.0395056618074 0)
(-0.0410074819052 -0.0397058884097 0)
(-0.0408647721657 -0.0398815388033 0)
(-0.0407066307675 -0.0400307164974 0)
(-0.0405317324809 -0.0401514553823 0)
(-0.0403386330614 -0.0402417197478 0)
(-0.0401257610157 -0.0402994041688 0)
(-0.0398914092166 -0.0403223331791 0)
(-0.0396337264393 -0.0403082606517 0)
(-0.0393507089067 -0.0402548687779 0)
(-0.0390401919406 -0.0401597664961 0)
(-0.0386998418035 -0.0400204871777 0)
(-0.0383271478059 -0.0398344853392 0)
(-0.0379194147445 -0.0395991321099 0)
(-0.037473755729 -0.0393117091492 0)
(-0.0369870854473 -0.0389694006536 0)
(-0.0364561139144 -0.0385692830388 0)
(-0.0358773407416 -0.0381083118025 0)
(-0.0352470499525 -0.0375833049831 0)
(-0.034561305363 -0.0369909225158 0)
(-0.033815946533 -0.036327640647 0)
(-0.0330065852908 -0.0355897203948 0)
(-0.0321286028396 -0.0347731688289 0)
(-0.0311771474673 -0.0338736916712 0)
(-0.0301471329333 -0.0328866353757 0)
(-0.0290332376923 -0.0318069164111 0)
(-0.0278299052785 -0.0306289349102 0)
(-0.0265313464562 -0.0293464691375 0)
(-0.0251315442332 -0.027952546312 0)
(-0.0236242636648 -0.0264392841747 0)
(-0.0220030698067 -0.0247976962708 0)
(-0.0202613596455 -0.0230174522823 0)
(-0.0183924180965 -0.0210865830802 0)
(-0.0163895156163 -0.0189911191018 0)
(-0.0142460788161 -0.0167146518671 0)
(-0.0119559984173 -0.0142378181291 0)
(-0.00951426339851 -0.0115377543844 0)
(-0.00691876912588 -0.0085878265984 0)
(-0.00417799942335 -0.00535938863708 0)
(-0.00135160123035 -0.0018350869507 0)
(-0.0403935219458 -0.0279183431542 0)
(-0.040444343948 -0.0282757140863 0)
(-0.0404939313163 -0.0286390604068 0)
(-0.0405422273279 -0.0290080605254 0)
(-0.040589141199 -0.0293826221055 0)
(-0.0406345820997 -0.0297626434817 0)
(-0.0406784564829 -0.0301480066159 0)
(-0.0407206674154 -0.030538574496 0)
(-0.040761114266 -0.0309341894505 0)
(-0.0407996924449 -0.0313346715829 0)
(-0.0408362931295 -0.0317398171684 0)
(-0.04087080296 -0.0321493969829 0)
(-0.0409031036969 -0.0325631545571 0)
(-0.040933071836 -0.0329808043543 0)
(-0.0409605781738 -0.0334020298759 0)
(-0.0409854873174 -0.0338264816953 0)
(-0.0410076571307 -0.0342537754221 0)
(-0.0410269381088 -0.0346834896016 0)
(-0.0410431726692 -0.0351151635542 0)
(-0.0410561943417 -0.0355482951617 0)
(-0.0410658268 -0.0359823386037 0)
(-0.0410718824613 -0.0364167020582 0)
(-0.0410741591218 -0.0368507454141 0)
(-0.0410724258249 -0.037283778421 0)
(-0.0410663473474 -0.0377150627408 0)
(-0.0410550573366 -0.0381438443472 0)
(-0.0410347249157 -0.0385695860831 0)
(-0.0410047922791 -0.0389912996465 0)
(-0.0409686346157 -0.0394074949279 0)
(-0.0409266494094 -0.0398170067442 0)
(-0.0408786358753 -0.0402186914697 0)
(-0.0408242528051 -0.0406113563336 0)
(-0.0407631040703 -0.0409937434656 0)
(-0.0406947518311 -0.0413645254215 0)
(-0.0406187155274 -0.0417223032005 0)
(-0.0405344678358 -0.042065604899 0)
(-0.0404414297362 -0.0423928846211 0)
(-0.0403389650941 -0.0427025215665 0)
(-0.0402263748351 -0.0429928192755 0)
(-0.0401028907301 -0.0432620050178 0)
(-0.0399676688 -0.0435082293075 0)
(-0.0398197823544 -0.0437295655245 0)
(-0.0396582146844 -0.0439240096102 0)
(-0.0394818514379 -0.0440894798014 0)
(-0.039289472715 -0.0442238163487 0)
(-0.0390797449264 -0.0443247811576 0)
(-0.0388512124601 -0.0443900572689 0)
(-0.0386022892127 -0.0444172480855 0)
(-0.0383312500469 -0.0444038762353 0)
(-0.0380362222505 -0.044347381942 0)
(-0.0377151770807 -0.0442451207496 0)
(-0.0373659214838 -0.0440943604113 0)
(-0.036986090074 -0.0438922767137 0)
(-0.0365731374601 -0.043635947964 0)
(-0.0361243309985 -0.043322347821 0)
(-0.0356367440486 -0.0429483360889 0)
(-0.0351072497989 -0.0425106470307 0)
(-0.0345325157331 -0.0420058746745 0)
(-0.0339089987931 -0.0414304544866 0)
(-0.0332329413013 -0.0407806406675 0)
(-0.0325003677042 -0.0400524781763 0)
(-0.0317070822084 -0.0392417684111 0)
(-0.0308486674104 -0.0383440272508 0)
(-0.0299204840645 -0.0373544338835 0)
(-0.0289176722196 -0.0362677685085 0)
(-0.0278351540987 -0.0350783365688 0)
(-0.0266676393241 -0.0337798766391 0)
(-0.025409633463 -0.0323654484286 0)
(-0.0240554514653 -0.0308272965471 0)
(-0.0225992385128 -0.0291566846983 0)
(-0.0210350023032 -0.0273436938205 0)
(-0.0193566631736 -0.0253769764716 0)
(-0.0175581321741 -0.0232434586107 0)
(-0.0156334329991 -0.0209279793616 0)
(-0.0135768936265 -0.0184128606068 0)
(-0.0113834587811 -0.0156774071944 0)
(-0.00904928485021 -0.0126973869698 0)
(-0.00657340274287 -0.00944481166711 0)
(-0.00396491278788 -0.00588988844904 0)
(-0.00128143897565 -0.00201531981406 0)
(-0.0397004542794 -0.0303546120849 0)
(-0.0397416571584 -0.0307420593 0)
(-0.0397813056278 -0.0311359792393 0)
(-0.0398193511546 -0.0315360397375 0)
(-0.0398556932299 -0.0319421408828 0)
(-0.0398902317806 -0.032354172895 0)
(-0.0399228641918 -0.0327720082534 0)
(-0.0399534846337 -0.0331954988433 0)
(-0.039981983802 -0.0336244741122 0)
(-0.0400082487285 -0.0340587393574 0)
(-0.04003216259 -0.0344980739738 0)
(-0.0400536044983 -0.0349422296282 0)
(-0.0400724492642 -0.0353909283537 0)
(-0.0400885671316 -0.0358438605633 0)
(-0.0401018234758 -0.0363006829879 0)
(-0.0401120784608 -0.0367610165399 0)
(-0.0401191866494 -0.037224444106 0)
(-0.0401229965559 -0.0376905082737 0)
(-0.040123350132 -0.038158708997 0)
(-0.0401200821652 -0.0386285012095 0)
(-0.0401130195313 -0.0390992923829 0)
(-0.040101980031 -0.0395704400426 0)
(-0.0400867693125 -0.040041249258 0)
(-0.0400671673107 -0.0405109703741 0)
(-0.0400428549126 -0.0409787995445 0)
(-0.0400129983239 -0.0414439034124 0)
(-0.0399738788166 -0.0419056061982 0)
(-0.0399249767967 -0.0423628250866 0)
(-0.0398696157135 -0.042814046474 0)
(-0.0398082096876 -0.0432580285129 0)
(-0.0397405909434 -0.0436935373414 0)
(-0.0396664579864 -0.0441192831748 0)
(-0.0395854593384 -0.0445339055984 0)
(-0.0394972065048 -0.044935969292 0)
(-0.0394012730216 -0.045323962042 0)
(-0.0392971905361 -0.0456962933354 0)
(-0.0391844440106 -0.0460512931751 0)
(-0.0390624664363 -0.046387211044 0)
(-0.0389306331255 -0.0467022149909 0)
(-0.0387882555907 -0.0469943908273 0)
(-0.0386345750196 -0.0472617414136 0)
(-0.0384687553583 -0.0475021860117 0)
(-0.0382898760254 -0.0477135596689 0)
(-0.0380969242875 -0.047893612591 0)
(-0.0378887873349 -0.0480400094507 0)
(-0.0376642441052 -0.0481503285636 0)
(-0.0374219569088 -0.048222060853 0)
(-0.0371604629183 -0.0482526085037 0)
(-0.0368781655915 -0.0482392831905 0)
(-0.0365733261039 -0.0481793037453 0)
(-0.0362440548733 -0.0480697930988 0)
(-0.0358883032701 -0.0479077743052 0)
(-0.0355038556001 -0.047690165418 0)
(-0.0350883214605 -0.0474137729404 0)
(-0.0346391285593 -0.0470752835243 0)
(-0.0341535160938 -0.0466712535246 0)
(-0.0336285287774 -0.0461980959498 0)
(-0.0330610116085 -0.045652064256 0)
(-0.0324476054714 -0.0450292323323 0)
(-0.0317847436697 -0.0443254698949 0)
(-0.0310686495015 -0.0435364123578 0)
(-0.0302953350117 -0.042657424058 0)
(-0.0294606011015 -0.0416835534916 0)
(-0.0285600392404 -0.0406094789342 0)
(-0.0275890351442 -0.0394294424848 0)
(-0.0265427749578 -0.0381371701558 0)
(-0.025416254756 -0.0367257751288 0)
(-0.0242042945949 -0.0351876406815 0)
(-0.0229015589861 -0.0335142785682 0)
(-0.0215025866296 -0.0316961577918 0)
(-0.020001833676 -0.0297224977641 0)
(-0.0183937369038 -0.0275810188992 0)
(-0.0166728062133 -0.025257642837 0)
(-0.0148337601638 -0.0227361341242 0)
(-0.0128717254797 -0.0199976763327 0)
(-0.0107825421655 -0.0170203840398 0)
(-0.00856331794295 -0.0137788013109 0)
(-0.0062139693182 -0.0102437221639 0)
(-0.00374398469767 -0.00638430457938 0)
(-0.00120881797813 -0.00218325926038 0)
(-0.038811358105 -0.0326422175333 0)
(-0.0388428921467 -0.0330578715473 0)
(-0.0388725713963 -0.0334804671371 0)
(-0.0389003598113 -0.0339096651915 0)
(-0.0389261480384 -0.0343453585257 0)
(-0.0389498275235 -0.0347874295532 0)
(-0.0389712873058 -0.0352357415555 0)
(-0.0389904133556 -0.0356901355673 0)
(-0.0390070883735 -0.0361504283652 0)
(-0.0390211916783 -0.0366164106027 0)
(-0.0390325991053 -0.0370878449039 0)
(-0.0390411828989 -0.0375644638807 0)
(-0.0390468115914 -0.0380459680681 0)
(-0.0390493498665 -0.0385320237774 0)
(-0.0390486584033 -0.039022260876 0)
(-0.0390445936949 -0.0395162704963 0)
(-0.0390370078399 -0.0400136026801 0)
(-0.039025748298 -0.0405137639664 0)
(-0.0390106576043 -0.0410162149295 0)
(-0.0389915730219 -0.0415203676739 0)
(-0.038968326076 -0.0420255832823 0)
(-0.0389407416931 -0.0425311692047 0)
(-0.0389086354662 -0.0430363765503 0)
(-0.0388718007002 -0.043540397301 0)
(-0.0388299374563 -0.0440423627717 0)
(-0.0387822498037 -0.0445413577813 0)
(-0.0387251488041 -0.0450365468166 0)
(-0.038658158849 -0.0455267511108 0)
(-0.038584542633 -0.0460104602081 0)
(-0.0385047320638 -0.0464863636511 0)
(-0.0384185954901 -0.0469531421417 0)
(-0.0383258744327 -0.0474094136678 0)
(-0.0382262650646 -0.0478537208476 0)
(-0.0381194308193 -0.0482845271164 0)
(-0.0380050015202 -0.0487002148308 0)
(-0.0378825696467 -0.0490990838314 0)
(-0.037751685731 -0.0494793501647 0)
(-0.0376118532363 -0.0498391449061 0)
(-0.0374625229761 -0.0501765130658 0)
(-0.0373030870883 -0.0504894125626 0)
(-0.0371328725774 -0.050775713244 0)
(-0.0369511344465 -0.0510331959221 0)
(-0.0367570484481 -0.0512595513887 0)
(-0.0365497034884 -0.0514523793609 0)
(-0.0363280937301 -0.0516091873017 0)
(-0.0360911104442 -0.0517273890466 0)
(-0.0358375336679 -0.0518043031546 0)
(-0.0355660237374 -0.0518371508863 0)
(-0.0352751127672 -0.051823053693 0)
(-0.034963196155 -0.0517590300797 0)
(-0.0346285241999 -0.0516419916776 0)
(-0.0342691939253 -0.0514687383316 0)
(-0.0338831412024 -0.0512359519699 0)
(-0.033468133275 -0.0509401889768 0)
(-0.0330217617879 -0.0505778707376 0)
(-0.032541436424 -0.0501452719567 0)
(-0.0320243792565 -0.0496385062765 0)
(-0.0314676199289 -0.0490535086311 0)
(-0.0308679917777 -0.0483860136583 0)
(-0.030222129032 -0.0476315293657 0)
(-0.0295264652385 -0.0467853050853 0)
(-0.0287772330996 -0.0458422925609 0)
(-0.0279704659682 -0.0447970987889 0)
(-0.0271020013262 -0.0436439289512 0)
(-0.0261674867096 -0.0423765174484 0)
(-0.025162388738 -0.0409880446439 0)
(-0.0240820062068 -0.0394710364498 0)
(-0.0229214886287 -0.037817243318 0)
(-0.021675862254 -0.036017494549 0)
(-0.0203400665118 -0.034061523088 0)
(-0.0189090051179 -0.0319377551771 0)
(-0.0173776178968 -0.0296330584455 0)
(-0.0157409817781 -0.0271324413408 0)
(-0.0139944526926 -0.0244186965365 0)
(-0.0121338656031 -0.0214719820793 0)
(-0.0101558278743 -0.0182693423076 0)
(-0.00805823643557 -0.0147842203758 0)
(-0.00584171080711 -0.0109863086022 0)
(-0.00351594206104 -0.00684379364539 0)
(-0.00113401548122 -0.00233932948295 0)
(-0.0377091846322 -0.0347840290838 0)
(-0.0377311953105 -0.0352261021669 0)
(-0.0377510775849 -0.0356755647195 0)
(-0.0377688121728 -0.0361320743993 0)
(-0.0377842816313 -0.0365955171802 0)
(-0.0377973695233 -0.037065768019 0)
(-0.0378079570805 -0.0375426812439 0)
(-0.0378159225775 -0.038026087163 0)
(-0.0378211412015 -0.0385157898701 0)
(-0.0378234850287 -0.0390115652124 0)
(-0.0378228230246 -0.0395131587181 0)
(-0.0378190210506 -0.0400202834465 0)
(-0.0378119418707 -0.0405326177587 0)
(-0.0378014451552 -0.0410498030096 0)
(-0.0377873874759 -0.0415714411739 0)
(-0.0377696222909 -0.0420970924142 0)
(-0.0377479999146 -0.0426262726016 0)
(-0.0377223674716 -0.0431584508062 0)
(-0.0376925688387 -0.0436930467754 0)
(-0.0376584445796 -0.0442294284226 0)
(-0.0376198318525 -0.0447669093384 0)
(-0.037576564078 -0.045304746317 0)
(-0.037528468965 -0.0458421367836 0)
(-0.0374753567459 -0.0463782157207 0)
(-0.0374169521954 -0.0469120514763 0)
(-0.0373525063521 -0.04744264561 0)
(-0.0372785866246 -0.0479689815593 0)
(-0.0371947678457 -0.0484897830176 0)
(-0.0371042362238 -0.0490035665313 0)
(-0.0370074437107 -0.0495089578931 0)
(-0.0369042990925 -0.0500045546197 0)
(-0.0367945900812 -0.0504888857759 0)
(-0.0366780624329 -0.0509604020241 0)
(-0.036554432699 -0.0514174722211 0)
(-0.0364233878395 -0.0518583814443 0)
(-0.0362845818608 -0.0522813293798 0)
(-0.0361376314279 -0.0526844288535 0)
(-0.0359821108506 -0.0530657044525 0)
(-0.0358175465539 -0.0534230912042 0)
(-0.0356434110785 -0.0537544332869 0)
(-0.0354591166476 -0.0540574827355 0)
(-0.0352640083323 -0.0543298981052 0)
(-0.0350573568484 -0.0545692430493 0)
(-0.0348383510254 -0.0547729847601 0)
(-0.0346060899932 -0.0549384922161 0)
(-0.0343595751389 -0.0550630341661 0)
(-0.0340977018929 -0.0551437767722 0)
(-0.0338192514141 -0.0551777808154 0)
(-0.0335228822457 -0.055161998352 0)
(-0.0332071220237 -0.0550932686873 0)
(-0.0328703593243 -0.0549683135042 0)
(-0.032510835745 -0.054783730955 0)
(-0.0321266383127 -0.0545359884855 0)
(-0.0317156923252 -0.0542214141106 0)
(-0.0312757547308 -0.0538361858104 0)
(-0.0308044081575 -0.0533763186433 0)
(-0.0302990557095 -0.0528376490954 0)
(-0.0297569166555 -0.0522158160903 0)
(-0.0291750231456 -0.0515062379688 0)
(-0.028550218112 -0.0507040846122 0)
(-0.0278791545372 -0.0498042437257 0)
(-0.0271582963144 -0.048801280098 0)
(-0.0263839209934 -0.047689386434 0)
(-0.025552124799 -0.0464623240741 0)
(-0.024658830452 -0.0451133515929 0)
(-0.0236997985316 -0.0436351388835 0)
(-0.0226706434169 -0.0420196638764 0)
(-0.0215668552705 -0.0402580885129 0)
(-0.020383830137 -0.0383406099896 0)
(-0.0191169110654 -0.0362562826214 0)
(-0.0177614443156 -0.0339928049528 0)
(-0.0163128562309 -0.0315362660551 0)
(-0.014766758318 -0.0288708443591 0)
(-0.0131190906723 -0.0259784521983 0)
(-0.0113663184786 -0.022838320517 0)
(-0.00950571252997 -0.0194265268101 0)
(-0.00753583310867 -0.015715520043 0)
(-0.00545786172251 -0.0116739970549 0)
(-0.00328152992221 -0.00726925509754 0)
(-0.00105731116061 -0.00248384452162 0)
(-0.0363769563197 -0.0367804407842 0)
(-0.036389832586 -0.0372472235385 0)
(-0.0364003402559 -0.0377218332281 0)
(-0.0364084807283 -0.0382039281477 0)
(-0.036414128849 -0.0386933879419 0)
(-0.0364171604875 -0.0391900804081 0)
(-0.0364174491945 -0.0396938509912 0)
(-0.0364148656476 -0.0402045190966 0)
(-0.0364092776187 -0.0407218756902 0)
(-0.0364005500638 -0.0412456810779 0)
(-0.0363885452533 -0.0417756626495 0)
(-0.0363731229209 -0.0423115125491 0)
(-0.0363541404267 -0.0428528852711 0)
(-0.0363314529249 -0.0433993951857 0)
(-0.0363049135274 -0.04395061401 0)
(-0.0362743734533 -0.044506068233 0)
(-0.0362396821471 -0.0450652365112 0)
(-0.0362006873499 -0.0456275470545 0)
(-0.0361572351058 -0.0461923750309 0)
(-0.0361091696977 -0.0467590400384 0)
(-0.0360563335323 -0.0473268037186 0)
(-0.0359985669558 -0.0478948676608 0)
(-0.0359357072452 -0.0484623718086 0)
(-0.0358675802572 -0.0490283934034 0)
(-0.0357939418158 -0.0495919448776 0)
(-0.0357141134406 -0.0501519635107 0)
(-0.0356248623691 -0.0507072638564 0)
(-0.035525824555 -0.0512564421264 0)
(-0.0354200980265 -0.0517980416993 0)
(-0.0353081579279 -0.052330620671 0)
(-0.0351899516543 -0.052852694982 0)
(-0.0350653089867 -0.0533627104547 0)
(-0.0349340218767 -0.0538590337205 0)
(-0.0347958581776 -0.0543399482978 0)
(-0.0346505614022 -0.0548036522101 0)
(-0.0344978471053 -0.0552482561392 0)
(-0.034337398176 -0.0556717817957 0)
(-0.034168859575 -0.0560721603739 0)
(-0.0339918326484 -0.0564472310193 0)
(-0.0338058690561 -0.0567947392584 0)
(-0.0336104643318 -0.0571123353472 0)
(-0.0334050510947 -0.0573975724967 0)
(-0.0331889919404 -0.0576479049318 0)
(-0.0329615720447 -0.0578606857369 0)
(-0.0327219915258 -0.058033164432 0)
(-0.0324693576162 -0.0581624842178 0)
(-0.0322026767014 -0.0582456788164 0)
(-0.0319208462937 -0.058279668817 0)
(-0.0316226470118 -0.0582612574235 0)
(-0.0313067346462 -0.0581871254735 0)
(-0.0309716323921 -0.0580538255763 0)
(-0.0306157233447 -0.0578577751794 0)
(-0.0302372433471 -0.0575952483381 0)
(-0.029834274296 -0.0572623659086 0)
(-0.0294047380108 -0.0568550838352 0)
(-0.0289463907789 -0.0563691791229 0)
(-0.0284568187012 -0.055800233013 0)
(-0.0279334339698 -0.0551436107761 0)
(-0.0273734722285 -0.0543944374201 0)
(-0.0267739911869 -0.0535475684765 0)
(-0.0261318706963 -0.0525975548595 0)
(-0.0254438145394 -0.0515386006016 0)
(-0.0247063542608 -0.0503645120396 0)
(-0.0239158554642 -0.0490686367517 0)
(-0.0230685271484 -0.0476437902275 0)
(-0.0221604348616 -0.0460821678758 0)
(-0.021187518745 -0.0443752395406 0)
(-0.0201456179406 -0.0425136231836 0)
(-0.019030503397 -0.0404869338293 0)
(-0.0178379218666 -0.0382836032352 0)
(-0.0165636548822 -0.0358906650784 0)
(-0.0152035978039 -0.0332934997991 0)
(-0.0137538656638 -0.030475532681 0)
(-0.0122109347516 -0.0274178786483 0)
(-0.010571833062 -0.0240989288219 0)
(-0.00883440793802 -0.0204938835374 0)
(-0.00699778106314 -0.0165742898878 0)
(-0.00506358503786 -0.0123079492015 0)
(-0.00304145555594 -0.00766137197578 0)
(-0.000978977641043 -0.00261701583057 0)
(-0.0347979021537 -0.0386291316916 0)
(-0.0348023341219 -0.0391190113661 0)
(-0.0348041957229 -0.0396171596304 0)
(-0.034803512177 -0.0401232393611 0)
(-0.0348001502777 -0.0406371242808 0)
(-0.0347939776665 -0.0411586750183 0)
(-0.0347848596307 -0.0416877277222 0)
(-0.0347726586821 -0.0422240900562 0)
(-0.0347572346673 -0.0427675385677 0)
(-0.0347384450226 -0.0433178162604 0)
(-0.0347161450877 -0.0438746301428 0)
(-0.0346901884592 -0.0444376487162 0)
(-0.0346604273754 -0.045006499404 0)
(-0.0346267131211 -0.0455807659296 0)
(-0.0345888964416 -0.0461599856574 0)
(-0.0345468279457 -0.0467436469088 0)
(-0.0345003584682 -0.0473311862566 0)
(-0.0344493393427 -0.0479219858044 0)
(-0.0343936224906 -0.0485153704384 0)
(-0.0343330601375 -0.0491106050122 0)
(-0.034267503742 -0.049706891361 0)
(-0.034196801167 -0.0503033649278 0)
(-0.0341207896083 -0.0508990906506 0)
(-0.0340392765607 -0.0514930582669 0)
(-0.0339519757007 -0.0520841833597 0)
(-0.0338582190852 -0.052671345834 0)
(-0.0337552284817 -0.0532537728865 0)
(-0.0336429012168 -0.0538293730687 0)
(-0.0335241553962 -0.0543967007548 0)
(-0.0333994051057 -0.0549542797318 0)
(-0.0332685907744 -0.0555005717815 0)
(-0.0331315677519 -0.0560339586164 0)
(-0.0329881718011 -0.0565527372989 0)
(-0.03283822457 -0.0570551185361 0)
(-0.0326815292568 -0.0575392254443 0)
(-0.0325178651826 -0.0580030922702 0)
(-0.0323469823649 -0.058444662975 0)
(-0.0321685960119 -0.0588617896659 0)
(-0.0319823807981 -0.0592522308655 0)
(-0.0317879648509 -0.059613649609 0)
(-0.0315849234272 -0.0599436113448 0)
(-0.031372772292 -0.0602395816143 0)
(-0.0311509608233 -0.0604989234787 0)
(-0.0309188648805 -0.0607188946539 0)
(-0.0306757794807 -0.060896644309 0)
(-0.0304209113333 -0.0610292094749 0)
(-0.030153371288 -0.0611135109986 0)
(-0.0298721667603 -0.0611463489622 0)
(-0.0295761942021 -0.0611243974708 0)
(-0.0292642316894 -0.0610441986896 0)
(-0.0289349317071 -0.0609021559794 0)
(-0.0285868142163 -0.0606945259521 0)
(-0.0282182600932 -0.0604174092193 0)
(-0.0278275050372 -0.0600667395622 0)
(-0.0274126340527 -0.0596382711886 0)
(-0.0269715766155 -0.0591275636714 0)
(-0.0265021026486 -0.0585299640802 0)
(-0.0260018194442 -0.0578405857125 0)
(-0.0254681696885 -0.0570542827172 0)
(-0.0248984307739 -0.0561656197579 0)
(-0.0242897156177 -0.0551688357022 0)
(-0.0236389752613 -0.0540578001236 0)
(-0.0229430035932 -0.0528259611797 0)
(-0.0221984446446 -0.0514662831539 0)
(-0.0214018030465 -0.0499711716368 0)
(-0.0205494584385 -0.0483323839538 0)
(-0.0196376848942 -0.0465409220193 0)
(-0.0186626768012 -0.0445869043051 0)
(-0.0176205831425 -0.0424594130641 0)
(-0.016507552794 -0.0401463123335 0)
(-0.0153197943282 -0.0376340315853 0)
(-0.0140536549265 -0.0349073092314 0)
(-0.0127057244184 -0.0319488896097 0)
(-0.0112729724518 -0.0287391669519 0)
(-0.0097529308199 -0.0252557716115 0)
(-0.00814394777713 -0.0214731049104 0)
(-0.00644561795763 -0.0173618879498 0)
(-0.00465993443424 -0.0128891118846 0)
(-0.00279633835138 -0.00802062682436 0)
(-0.000899258768812 -0.00273893072683 0)
(-0.0329557598265 -0.040324875433 0)
(-0.0329528013221 -0.0408363805916 0)
(-0.032947111053 -0.0413566200992 0)
(-0.0329387398547 -0.0418852651288 0)
(-0.0329275449808 -0.04242218336 0)
(-0.0329133841995 -0.0429672274147 0)
(-0.0328961129074 -0.0435202226337 0)
(-0.0328755839232 -0.0440809627371 0)
(-0.0328516478171 -0.044649206943 0)
(-0.0328241534044 -0.0452246773248 0)
(-0.0327929483228 -0.0458070561742 0)
(-0.0327578796713 -0.0463959833365 0)
(-0.0327187947015 -0.0469910535272 0)
(-0.0326755415522 -0.0475918136428 0)
(-0.0326279700193 -0.0481977600901 0)
(-0.0325759323568 -0.04880833615 0)
(-0.0325192841112 -0.0494229293941 0)
(-0.0324578850181 -0.0500408691746 0)
(-0.0323916000378 -0.0506614242114 0)
(-0.0323203007091 -0.0512838003082 0)
(-0.032243867116 -0.0519071382422 0)
(-0.0321621903418 -0.0525305118429 0)
(-0.0320751703936 -0.0531529258245 0)
(-0.0319826716631 -0.0537733102155 0)
(-0.0318842054027 -0.0543904973552 0)
(-0.0317770440823 -0.0550031087704 0)
(-0.0316608205685 -0.055610259947 0)
(-0.0315381148742 -0.0562100366272 0)
(-0.0314094351959 -0.0568008668252 0)
(-0.0312748854516 -0.0573812020821 0)
(-0.0311344574218 -0.057949436924 0)
(-0.0309880958887 -0.0585038865385 0)
(-0.0308357170513 -0.0590427819583 0)
(-0.0306772140906 -0.0595642685772 0)
(-0.0305124574686 -0.0600664049676 0)
(-0.0303412925696 -0.060547161466 0)
(-0.0301635358775 -0.0610044184783 0)
(-0.0299789702814 -0.0614359645229 0)
(-0.0297873398072 -0.0618394940179 0)
(-0.0295883439289 -0.0622126048094 0)
(-0.0293816315476 -0.0625527954251 0)
(-0.0291667946965 -0.0628574620349 0)
(-0.0289433620214 -0.0631238950949 0)
(-0.0287107920779 -0.0633492756465 0)
(-0.0284684664935 -0.0635306712338 0)
(-0.0282156830405 -0.0636650313981 0)
(-0.0279516486705 -0.0637491826915 0)
(-0.0276754725687 -0.0637798231416 0)
(-0.0273861592856 -0.0637535160765 0)
(-0.0270826020139 -0.0636666831979 0)
(-0.0267635760805 -0.0635155967598 0)
(-0.0264277327311 -0.0632963706768 0)
(-0.0260735932899 -0.0630049503387 0)
(-0.0256995437848 -0.0626371008619 0)
(-0.0253038301368 -0.0621883934437 0)
(-0.0248845540205 -0.0616541894108 0)
(-0.0244396695178 -0.0610296214696 0)
(-0.0239669807038 -0.0603095715597 0)
(-0.0234641403244 -0.0594886445936 0)
(-0.0229286497576 -0.058561137223 0)
(-0.0223578604846 -0.057521000607 0)
(-0.0217489773541 -0.0563617959595 0)
(-0.0210990639912 -0.0550766414291 0)
(-0.0204050508014 -0.0536581485911 0)
(-0.0196637461604 -0.0520983465226 0)
(-0.0188718515619 -0.0503885910655 0)
(-0.0180259817531 -0.0485194564637 0)
(-0.0171226912256 -0.0464806060755 0)
(-0.0161585088824 -0.0442606383187 0)
(-0.0151299832921 -0.0418469033914 0)
(-0.0140337416986 -0.0392252856384 0)
(-0.012866566922 -0.0363799457318 0)
(-0.0116254975244 -0.033293016163 0)
(-0.0103079584192 -0.0299442432682 0)
(-0.00891193296693 -0.0263105706497 0)
(-0.00743620205724 -0.0223656707025 0)
(-0.00588074902344 -0.018079496728 0)
(-0.00424783870725 -0.0134182805264 0)
(-0.00254665500742 -0.00834732987298 0)
(-0.000818318569626 -0.0028495162144 0)
(-0.0308352454834 -0.0418594821662 0)
(-0.0308263736708 -0.0423913573579 0)
(-0.0308146460719 -0.0429324834385 0)
(-0.0308001389237 -0.0434825427051 0)
(-0.0307826968331 -0.044041395349 0)
(-0.0307621645693 -0.0446088833633 0)
(-0.0307383846943 -0.0451848175781 0)
(-0.0307111976945 -0.0457689729823 0)
(-0.0306804426371 -0.0463610855898 0)
(-0.0306459580073 -0.0469608496004 0)
(-0.0306075826437 -0.0475679146224 0)
(-0.030565156743 -0.0481818829323 0)
(-0.0305185229152 -0.0488023067881 0)
(-0.0304675272684 -0.0494286858172 0)
(-0.0304120204992 -0.0500604645108 0)
(-0.0303518589571 -0.0506970298474 0)
(-0.0302869056416 -0.0513377090653 0)
(-0.0302170310585 -0.0519817675995 0)
(-0.0301421138057 -0.0526284071875 0)
(-0.0300620405929 -0.0532767641207 0)
(-0.029976704964 -0.0539259075452 0)
(-0.0298860026941 -0.0545748376105 0)
(-0.029789817515 -0.0552224835709 0)
(-0.029687967298 -0.0558677060777 0)
(-0.0295799448959 -0.0565092961531 0)
(-0.0294634579577 -0.0571460815254 0)
(-0.0293385822913 -0.0577760159811 0)
(-0.0292078890497 -0.0583978130638 0)
(-0.0290717990184 -0.0590099488533 0)
(-0.0289303368412 -0.0596108136522 0)
(-0.0287834675214 -0.0601987273188 0)
(-0.0286311494697 -0.0607719371084 0)
(-0.0284733358889 -0.0613286136375 0)
(-0.0283099689192 -0.0618668474368 0)
(-0.0281409737913 -0.0623846460673 0)
(-0.0279662535173 -0.0628799314756 0)
(-0.027785683791 -0.0633505373445 0)
(-0.0275991078435 -0.0637942062973 0)
(-0.0274063311448 -0.064208586873 0)
(-0.0272071159147 -0.0645912302278 0)
(-0.0270011754464 -0.0649395865343 0)
(-0.0267881682646 -0.065251001058 0)
(-0.0265676921421 -0.065522709891 0)
(-0.0263392780081 -0.0657518353239 0)
(-0.0261023837811 -0.0659353808266 0)
(-0.025856388163 -0.0660702256039 0)
(-0.0256005844368 -0.0661531186776 0)
(-0.0253341743136 -0.066180672431 0)
(-0.0250562618811 -0.0661493555325 0)
(-0.0247658477086 -0.0660554851302 0)
(-0.0244618231722 -0.0658952181779 0)
(-0.0241429650683 -0.0656645417179 0)
(-0.0238079305871 -0.0653592619023 0)
(-0.0234552527306 -0.0649749914798 0)
(-0.0230833362619 -0.0645071354138 0)
(-0.0226904542885 -0.063950874221 0)
(-0.0222747455989 -0.0633011445294 0)
(-0.0218342128894 -0.0625526162537 0)
(-0.0213667220472 -0.0616996656619 0)
(-0.020870002681 -0.0607363434679 0)
(-0.0203416501321 -0.0596563369187 0)
(-0.0197791292446 -0.058452924645 0)
(-0.0191797802455 -0.0571189228246 0)
(-0.0185408271751 -0.0556466209286 0)
(-0.0178593894369 -0.0540277050179 0)
(-0.0171324972052 -0.0522531661926 0)
(-0.0163571116633 -0.0503131913773 0)
(-0.0155301513401 -0.0481970331467 0)
(-0.0146485262205 -0.0458928547425 0)
(-0.0137091818132 -0.0433875458111 0)
(-0.0127091560189 -0.0406665036794 0)
(-0.0116456524752 -0.037713374215 0)
(-0.0105161351347 -0.0345097455031 0)
(-0.00931845044345 -0.0310347870142 0)
(-0.00805098703604 -0.0272648280458 0)
(-0.00671289632376 -0.0231728803639 0)
(-0.00530446620252 -0.0187281786329 0)
(-0.00382812340368 -0.0138961996726 0)
(-0.00229271156737 -0.00864172747883 0)
(-0.000736121379183 -0.00294853167274 0)
(-0.0284226302185 -0.0432219688172 0)
(-0.0284097903574 -0.0437732788113 0)
(-0.0283939978698 -0.0443344426315 0)
(-0.0283753514391 -0.0449051544954 0)
(-0.0283536778195 -0.0454852629632 0)
(-0.0283288038835 -0.0460745933752 0)
(-0.0283005550171 -0.0466729343179 0)
(-0.0282687557738 -0.0472800326483 0)
(-0.0282332310306 -0.0478955901555 0)
(-0.0281938073257 -0.0485192606143 0)
(-0.0281503142892 -0.0491506470022 0)
(-0.0281025861217 -0.049789298863 0)
(-0.0280504630857 -0.0504347098386 0)
(-0.0279937929742 -0.0510863153959 0)
(-0.0279324325261 -0.0517434907844 0)
(-0.027866248764 -0.0524055492531 0)
(-0.0277951202418 -0.0530717405521 0)
(-0.0277189382006 -0.0537412497463 0)
(-0.0276376076368 -0.0544131963596 0)
(-0.02755104824 -0.0550866339188 0)
(-0.0274591946857 -0.05576055026 0)
(-0.0273619907743 -0.0564338690311 0)
(-0.0272593388137 -0.0571054402907 0)
(-0.0271508806962 -0.0577740077285 0)
(-0.0270346624017 -0.0584383001608 0)
(-0.0269106783537 -0.059096821791 0)
(-0.0267811291577 -0.0597478895161 0)
(-0.0266464707684 -0.0603899497227 0)
(-0.0265068355704 -0.0610214331112 0)
(-0.0263622819924 -0.0616407083936 0)
(-0.0262128453713 -0.0622460692872 0)
(-0.0260585482133 -0.06283573257 0)
(-0.0258994007496 -0.0634078373317 0)
(-0.0257353983268 -0.0639604435571 0)
(-0.0255665175375 -0.0644915299669 0)
(-0.0253927118122 -0.0649989912916 0)
(-0.0252139067587 -0.0654806351034 0)
(-0.0250299953589 -0.0659341782749 0)
(-0.02484083306 -0.0663572430917 0)
(-0.0246462327716 -0.0667473530346 0)
(-0.0244459597778 -0.0671019282341 0)
(-0.0242397265702 -0.0674182805972 0)
(-0.0240271876147 -0.0676936086017 0)
(-0.0238079340678 -0.067924991744 0)
(-0.0235814884607 -0.0681093846222 0)
(-0.0233472993775 -0.0682436106216 0)
(-0.0231047361556 -0.0683243551603 0)
(-0.0228530836489 -0.0683481584315 0)
(-0.0225915370953 -0.0683114075617 0)
(-0.022319197141 -0.0682103280779 0)
(-0.0220350650747 -0.0680409745438 0)
(-0.0217380383317 -0.0677992201932 0)
(-0.0214269063282 -0.0674807453407 0)
(-0.0211003466949 -0.0670810242973 0)
(-0.020756921986 -0.0665953104518 0)
(-0.0203950769595 -0.0660186190995 0)
(-0.0200131365469 -0.0653457075102 0)
(-0.0196093046577 -0.0645710516256 0)
(-0.0191816639853 -0.0636888186577 0)
(-0.0187281770092 -0.0626928347172 0)
(-0.0182466884188 -0.0615765464408 0)
(-0.0177349292297 -0.0603329753796 0)
(-0.0171905229279 -0.0589546636944 0)
(-0.0166109940574 -0.0574336094214 0)
(-0.0159937797901 -0.0557611892719 0)
(-0.0153362451625 -0.0539280665604 0)
(-0.0146357028762 -0.0519240814432 0)
(-0.0138894388183 -0.0497381201595 0)
(-0.0130947448093 -0.047357959413 0)
(-0.0122489605265 -0.0447700813837 0)
(-0.0113495271114 -0.041959454106 0)
(-0.0103940556827 -0.0389092710875 0)
(-0.00938041489282 -0.0356006430493 0)
(-0.00830684304418 -0.0320122337493 0)
(-0.00717209334289 -0.0281198322016 0)
(-0.00597563264008 -0.0238958631556 0)
(-0.00471797524253 -0.0193089036058 0)
(-0.00340158227363 -0.0143236734543 0)
(-0.00203476500064 -0.00890429235441 0)
(-0.000652371352437 -0.00303581735779 0)
(-0.0257061500599 -0.0443989734846 0)
(-0.0256917724382 -0.0449692256628 0)
(-0.0256743533627 -0.0455500702676 0)
(-0.0256540073848 -0.0461412103461 0)
(-0.0256305354612 -0.0467424735597 0)
(-0.0256037395663 -0.0473536562503 0)
(-0.0255734221807 -0.0479745096679 0)
(-0.0255393877643 -0.0486047348625 0)
(-0.0255014446865 -0.0492439793554 0)
(-0.025459407307 -0.0498918343809 0)
(-0.0254130980911 -0.0505478324834 0)
(-0.0253623496808 -0.0512114454462 0)
(-0.0253070068428 -0.0518820825613 0)
(-0.0252469282169 -0.0525590892324 0)
(-0.0251819877792 -0.0532417459094 0)
(-0.0251120759525 -0.053929267339 0)
(-0.0250371003203 -0.0546208021433 0)
(-0.0249569858813 -0.0553154327947 0)
(-0.0248716744077 -0.056012176113 0)
(-0.0247811201919 -0.0567099837998 0)
(-0.0246852728216 -0.0574077423099 0)
(-0.0245840688462 -0.0581042860698 0)
(-0.0244773368438 -0.0587986903889 0)
(-0.0243635983292 -0.0594892450405 0)
(-0.0242429118719 -0.0601744517352 0)
(-0.024117204818 -0.0608528112729 0)
(-0.023986898318 -0.0615228028472 0)
(-0.0238521345718 -0.0621828705151 0)
(-0.0237130076806 -0.0628314089038 0)
(-0.0235696036369 -0.0634667528291 0)
(-0.0234220024204 -0.0640871717504 0)
(-0.0232702742427 -0.0646908659394 0)
(-0.0231144754193 -0.0652759632318 0)
(-0.0229546444337 -0.0658405158051 0)
(-0.0227907980663 -0.0663824967194 0)
(-0.0226229274886 -0.0668997961114 0)
(-0.0224509942926 -0.0673902170214 0)
(-0.0222749264566 -0.0678514708638 0)
(-0.0220946142545 -0.0682811725647 0)
(-0.021909906116 -0.0686768353888 0)
(-0.0217206044376 -0.0690358654718 0)
(-0.0215264613475 -0.069355556067 0)
(-0.0213271744262 -0.0696330815049 0)
(-0.0211223823895 -0.0698654908562 0)
(-0.0209116607448 -0.0700497012744 0)
(-0.020694517437 -0.0701824909877 0)
(-0.0204703885097 -0.0702604918921 0)
(-0.0202386338217 -0.0702801816839 0)
(-0.0199985328646 -0.0702378754483 0)
(-0.0197492807343 -0.0701297165967 0)
(-0.0194899843005 -0.069951667016 0)
(-0.0192196586191 -0.0696994962594 0)
(-0.0189372236249 -0.0693687695613 0)
(-0.0186415011462 -0.0689548344012 0)
(-0.0183312123013 -0.0684528052635 0)
(-0.0180049753785 -0.0678575461591 0)
(-0.0176613043372 -0.0671636503922 0)
(-0.0172986080901 -0.0663654169604 0)
(-0.0169151907386 -0.0654568228628 0)
(-0.016509252945 -0.0644314904527 0)
(-0.0160788946517 -0.0632826488 0)
(-0.0156221193964 -0.0620030878263 0)
(-0.0151368405303 -0.0605851037507 0)
(-0.0146208897251 -0.0590204341056 0)
(-0.0140720282577 -0.0573001802773 0)
(-0.0134879617003 -0.055414715163 0)
(-0.0128663588179 -0.053353573115 0)
(-0.0122048757087 -0.0511053188567 0)
(-0.0115011865137 -0.0486573914838 0)
(-0.0107530224006 -0.0459959189987 0)
(-0.00995822099275 -0.043105498025 0)
(-0.00911478900831 -0.0399689323998 0)
(-0.00822098162031 -0.0365669231724 0)
(-0.0072754031607 -0.0328777012719 0)
(-0.00627713624551 -0.0288765937127 0)
(-0.00522591618394 -0.0245355221435 0)
(-0.00412242016407 -0.019822495241 0)
(-0.0029690472693 -0.0147015537123 0)
(-0.0017733684082 -0.0091359961857 0)
(-0.000566887543319 -0.00311107850019 0)
(-0.0226750507595 -0.045374845446 0)
(-0.0226620488337 -0.0459640960096 0)
(-0.022645897376 -0.0465648897071 0)
(-0.0226267150698 -0.0471769281367 0)
(-0.0226042647089 -0.0477999984989 0)
(-0.0225783130559 -0.0484338431338 0)
(-0.0225486319915 -0.0490781462163 0)
(-0.022515001375 -0.0497325290717 0)
(-0.0224772122511 -0.0503965475669 0)
(-0.0224350700599 -0.0510696904558 0)
(-0.0223883976741 -0.051751378457 0)
(-0.0223370381343 -0.0524409640016 0)
(-0.0222808569751 -0.053137731594 0)
(-0.0222197440283 -0.0538408986729 0)
(-0.0221536145418 -0.0545496167921 0)
(-0.0220824093309 -0.0552629728604 0)
(-0.0220060934283 -0.0559799900759 0)
(-0.0219246517392 -0.0566996277466 0)
(-0.0218380788576 -0.0574207823024 0)
(-0.021746367714 -0.0581423168306 0)
(-0.0216494326886 -0.0588632477335 0)
(-0.0215460902023 -0.0595818850741 0)
(-0.0214365052472 -0.0602968656838 0)
(-0.0213222900728 -0.061007225741 0)
(-0.0212037838522 -0.0617111844705 0)
(-0.0210811926603 -0.0624072192866 0)
(-0.0209546921239 -0.0630938263573 0)
(-0.0208244402659 -0.0637694620841 0)
(-0.0206905823858 -0.0644325274176 0)
(-0.0205532514534 -0.0650813635994 0)
(-0.0204125666281 -0.0657142493593 0)
(-0.0202686308383 -0.066329397642 0)
(-0.0201215279553 -0.0669249517205 0)
(-0.0199713198371 -0.067498980826 0)
(-0.0198180433483 -0.068049475407 0)
(-0.0196617073886 -0.0685743420812 0)
(-0.0195022899229 -0.069071398317 0)
(-0.0193397350007 -0.0695383668741 0)
(-0.0191739497495 -0.0699728700197 0)
(-0.019004801323 -0.070372423537 0)
(-0.0188321137912 -0.070734430531 0)
(-0.0186556649591 -0.0710561750303 0)
(-0.0184751831064 -0.0713348153736 0)
(-0.0182903436496 -0.071567377355 0)
(-0.0181007657353 -0.0717507470935 0)
(-0.0179060087796 -0.0718816635823 0)
(-0.0177055689922 -0.0719567108614 0)
(-0.017498875969 -0.0719723097483 0)
(-0.0172852894305 -0.0719247090521 0)
(-0.0170640961768 -0.0718099761771 0)
(-0.0168345072391 -0.0716239869949 0)
(-0.0165956552118 -0.0713624148258 0)
(-0.0163465917463 -0.0710207183067 0)
(-0.0160862852013 -0.0705941278454 0)
(-0.0158136185317 -0.070077630266 0)
(-0.0155273875826 -0.0694659511874 0)
(-0.015226299985 -0.0687535346229 0)
(-0.014908974828 -0.0679345192147 0)
(-0.0145739432573 -0.0670027103974 0)
(-0.0142196501515 -0.0659515476362 0)
(-0.0138444570479 -0.0647740657028 0)
(-0.0134466465339 -0.0634628487456 0)
(-0.0130244283795 -0.0620099756816 0)
(-0.0125759477537 -0.0604069551619 0)
(-0.012099295966 -0.0586446480601 0)
(-0.0115925242864 -0.0567131750663 0)
(-0.0110536615505 -0.0546018065552 0)
(-0.0104807364479 -0.0522988314002 0)
(-0.0098718056375 -0.0497914008302 0)
(-0.00922498914312 -0.0470653427438 0)
(-0.00853851486262 -0.0441049410551 0)
(-0.00781077450081 -0.0408926736362 0)
(-0.00704039382144 -0.0374089011303 0)
(-0.00622632095616 -0.0336314974394 0)
(-0.0053679384066 -0.0295354119854 0)
(-0.00446521245841 -0.0250921615396 0)
(-0.00351893928874 -0.0202693134719 0)
(-0.00253141733012 -0.0150304306397 0)
(-0.00150947306307 -0.00933838456053 0)
(-0.000481071808684 -0.00317871639023 0)
(-0.0193113711105 -0.0461215016057 0)
(-0.0193032525946 -0.0467304464653 0)
(-0.0192918240663 -0.0473522426602 0)
(-0.019277185806 -0.0479865666172 0)
(-0.0192590384293 -0.0486331217512 0)
(-0.0192370940189 -0.0492915422079 0)
(-0.0192110808722 -0.0499613817898 0)
(-0.0191807491602 -0.0506421116774 0)
(-0.0191458762654 -0.0513331210018 0)
(-0.0191062713706 -0.0520337191301 0)
(-0.0190617790517 -0.0527431392494 0)
(-0.0190122817442 -0.053460542961 0)
(-0.0189577010749 -0.0541850256329 0)
(-0.0188979981875 -0.0549156222721 0)
(-0.0188331731885 -0.0556513136117 0)
(-0.0187632633757 -0.0563910322613 0)
(-0.0186883387683 -0.0571336713895 0)
(-0.0186084815858 -0.0578780992144 0)
(-0.0185236342825 -0.0586231351086 0)
(-0.0184328781955 -0.0593673781843 0)
(-0.0183365476131 -0.060109278252 0)
(-0.01823604851 -0.0608479305452 0)
(-0.0181317381182 -0.0615817540595 0)
(-0.0180238596488 -0.0623093746221 0)
(-0.0179126326405 -0.0630293942593 0)
(-0.0177982485804 -0.0637403776551 0)
(-0.0176808877653 -0.064440849461 0)
(-0.0175607210218 -0.0651292906438 0)
(-0.0174379069153 -0.0658041335444 0)
(-0.0173125885073 -0.0664637565833 0)
(-0.0171848905691 -0.0671064788555 0)
(-0.0170549172383 -0.0677305546185 0)
(-0.0169227499604 -0.068334167655 0)
(-0.0167884455963 -0.0689154255058 0)
(-0.0166520346193 -0.0694723535833 0)
(-0.0165135193454 -0.0700028891752 0)
(-0.0163728721574 -0.0705048753444 0)
(-0.0162300336879 -0.0709760547291 0)
(-0.0160849109352 -0.0714140632383 0)
(-0.0159373752872 -0.0718164236402 0)
(-0.0157872604296 -0.0721805390341 0)
(-0.0156343601144 -0.0725036861896 0)
(-0.0154784257635 -0.0727830087299 0)
(-0.0153191638943 -0.0730155101141 0)
(-0.0151562333755 -0.0731980463528 0)
(-0.0149892425274 -0.0733273183708 0)
(-0.0148177461369 -0.0733998639222 0)
(-0.0146412426708 -0.0734120489873 0)
(-0.0144591719509 -0.0733600586445 0)
(-0.0142709134525 -0.0732398874515 0)
(-0.0140757848078 -0.0730473293023 0)
(-0.013873040163 -0.0727779665776 0)
(-0.0136618681815 -0.0724271582473 0)
(-0.0134413898059 -0.0719900264637 0)
(-0.013210656173 -0.0714614411839 0)
(-0.0129686470791 -0.0708360024087 0)
(-0.0127142702209 -0.0701080196319 0)
(-0.0124463612918 -0.0692714879839 0)
(-0.0121636849779 -0.0683200603865 0)
(-0.0118649369262 -0.0672470148449 0)
(-0.0115487468172 -0.0660452158204 0)
(-0.0112136827268 -0.0647070684174 0)
(-0.0108582570239 -0.0632244639 0)
(-0.0104809341113 -0.0615887147831 0)
(-0.0100801403915 -0.0597904774405 0)
(-0.00965427693857 -0.0578196598118 0)
(-0.00920173547561 -0.0556653113732 0)
(-0.00872091841409 -0.0533154920387 0)
(-0.00821026391043 -0.0507571160864 0)
(-0.00766827713897 -0.0479757665036 0)
(-0.00709356928257 -0.0449554743015 0)
(-0.00648490610903 -0.041678456308 0)
(-0.00584126844543 -0.0381248036358 0)
(-0.00516192749427 -0.0342721115585 0)
(-0.00444653942426 -0.0300950410178 0)
(-0.00369527037706 -0.0255648104914 0)
(-0.00290900160911 -0.0206486831887 0)
(-0.00208989467317 -0.0153099251854 0)
(-0.00124396229701 -0.00951113485516 0)
(-0.000395273565145 -0.00323759623402 0)
(-7.41815339946e-06 0.000211514789929 0)
(-2.13636306308e-05 0.00061885136955 0)
(-3.77756728995e-05 0.000995246186345 0)
(-5.65226362971e-05 0.00133799253214 0)
(-7.68746408374e-05 0.00164589288909 0)
(-9.8077795531e-05 0.00191813234613 0)
(-0.000119454348313 0.00215405701499 0)
(-0.00014041802094 0.0023531297844 0)
(-0.000160475279001 0.00251492364746 0)
(-0.000179224950147 0.00263912507062 0)
(-0.000196357044138 0.00272554166324 0)
(-0.000211649680503 0.00277411256043 0)
(-0.000224964387431 0.00278491764063 0)
(-0.000236238265302 0.00275817445939 0)
(-0.000245461776082 0.00269420071935 0)
(-0.00025261422873 0.00259330001327 0)
(-0.000257509015911 0.00245547351756 0)
(-0.000259515123368 0.00227968459306 0)
(-0.000257218932873 0.00206174876316 0)
(-0.00024617037694 0.00178690996552 0)
(-6.07082837471e-06 0.000208510448717 0)
(-1.72410215802e-05 0.0006096294886 0)
(-3.05886206915e-05 0.000979830536982 0)
(-4.600692073e-05 0.00131636106617 0)
(-6.28251526844e-05 0.00161791585296 0)
(-8.03455733538e-05 0.00188356570265 0)
(-9.79360513859e-05 0.0021125449426 0)
(-0.000115044172835 0.0023042076682 0)
(-0.00013119891342 0.00245802014937 0)
(-0.000146011482407 0.00257356274731 0)
(-0.000159175438799 0.00265053557063 0)
(-0.000170463814702 0.00268876730055 0)
(-0.000179725027488 0.00268822439333 0)
(-0.000186881124937 0.00264900753318 0)
(-0.000191920657792 0.00257130709118 0)
(-0.000194862943493 0.00245526293368 0)
(-0.000195653060466 0.00230058482868 0)
(-0.000193889571564 0.0021054407077 0)
(-0.0001878891512 0.00186316696689 0)
(-0.000170962663123 0.00155601534834 0)
(-4.90048723002e-06 0.000205747070931 0)
(-1.36943747801e-05 0.000601159389959 0)
(-2.43780555522e-05 0.000965679259869 0)
(-3.6871755488e-05 0.0012965083642 0)
(-5.05702392947e-05 0.00159224272142 0)
(-6.48390399853e-05 0.00185184854085 0)
(-7.90993407032e-05 0.00207445766519 0)
(-9.28408058256e-05 0.00225932460058 0)
(-0.00010562372306 0.00240581876945 0)
(-0.000117081749054 0.00251342586438 0)
(-0.000126924761025 0.00258175190235 0)
(-0.000134936477088 0.00261053117332 0)
(-0.000140968766493 0.002599639377 0)
(-0.000144946412656 0.00254909861505 0)
(-0.00014687976114 0.00245904086561 0)
(-0.000146862690197 0.00232957072167 0)
(-0.000145012920947 0.00216038678474 0)
(-0.000141218322262 0.0019497233362 0)
(-0.000134066921329 0.00169125680415 0)
(-0.000117398404663 0.00136565967455 0)
(-3.89760176763e-06 0.000203261290736 0)
(-1.06938419279e-05 0.000593544701358 0)
(-1.90962899815e-05 0.000952963488179 0)
(-2.90519195238e-05 0.00127867487085 0)
(-4.00274326021e-05 0.0015691854665 0)
(-5.14587038497e-05 0.00182336759466 0)
(-6.28277171398e-05 0.00204026110201 0)
(-7.36740474127e-05 0.00221903126129 0)
(-8.35972397058e-05 0.00235896178783 0)
(-9.2261882575e-05 0.00245945704806 0)
(-9.94055512489e-05 0.00252004490256 0)
(-0.000104838471779 0.00254038285214 0)
(-0.000108430166971 0.00252027845582 0)
(-0.00011011689245 0.00245971386753 0)
(-0.000109938997306 0.00235883448469 0)
(-0.00010807194766 0.00221784578866 0)
(-0.000104798013813 0.00203672344627 0)
(-0.000100310932405 0.00181451555562 0)
(-9.39584011131e-05 0.0015475722792 0)
(-8.22019247729e-05 0.00122337203879 0)
(-3.04462239966e-06 0.000201075412326 0)
(-8.17917849933e-06 0.000586852005094 0)
(-1.46425788403e-05 0.000941792756063 0)
(-2.24068177427e-05 0.0012630139217 0)
(-3.10158255813e-05 0.00154894296762 0)
(-3.99822035671e-05 0.00179836977773 0)
(-4.88555834931e-05 0.00201025342512 0)
(-5.72325448374e-05 0.00218368081305 0)
(-6.47585232878e-05 0.00231786136246 0)
(-7.11346808066e-05 0.00241213238098 0)
(-7.61341440184e-05 0.00246596187024 0)
(-7.96101562176e-05 0.00247894869417 0)
(-8.14644066439e-05 0.00245085030198 0)
(-8.16395453807e-05 0.00238164084923 0)
(-8.01973303697e-05 0.00227154381227 0)
(-7.73802143207e-05 0.00212098871668 0)
(-7.35955918779e-05 0.00193046971674 0)
(-6.92843696456e-05 0.0017003268094 0)
(-6.45582524124e-05 0.00143102379066 0)
(-5.88836299113e-05 0.00112802438394 0)
(-2.32065158071e-06 0.000199206599953 0)
(-6.0814378022e-06 0.000581134974046 0)
(-1.09010762961e-05 0.000932256004421 0)
(-1.67743149169e-05 0.00124964997486 0)
(-2.33262948019e-05 0.00153167659442 0)
(-3.01517902803e-05 0.001777055538 0)
(-3.68741580055e-05 0.0019846769627 0)
(-4.31534082736e-05 0.00215356050979 0)
(-4.86865281728e-05 0.00228285213313 0)
(-5.32135794702e-05 0.00237183601076 0)
(-5.65440378267e-05 0.00241994182119 0)
(-5.85915045165e-05 0.00242673044512 0)
(-5.93181514111e-05 0.00239191766403 0)
(-5.86423545585e-05 0.0023154878621 0)
(-5.6625796639e-05 0.0021977940628 0)
(-5.3552390628e-05 0.00203958261385 0)
(-4.9897246054e-05 0.00184203974343 0)
(-4.62386731007e-05 0.00160711441254 0)
(-4.31131161055e-05 0.00133929993368 0)
(-4.11468483182e-05 0.00105289875362 0)
(-1.70235056758e-06 0.000197668833909 0)
(-4.32681725395e-06 0.000576438245345 0)
(-7.74829774917e-06 0.000924427555247 0)
(-1.19815198842e-05 0.00123868707296 0)
(-1.67355780928e-05 0.00151752124785 0)
(-2.16918446624e-05 0.00175959253041 0)
(-2.65526197487e-05 0.00196373466739 0)
(-3.10472179161e-05 0.0021289114094 0)
(-3.49297903296e-05 0.00225421471647 0)
(-3.7979547163e-05 0.00233888654497 0)
(-4.00304267445e-05 0.00238234335261 0)
(-4.10645293899e-05 0.00238414023393 0)
(-4.11894897425e-05 0.00234394186753 0)
(-4.02045453444e-05 0.00226173649613 0)
(-3.81518317944e-05 0.00213804674245 0)
(-3.53324905636e-05 0.00197398418072 0)
(-3.22224062375e-05 0.00177147898234 0)
(-2.94025099943e-05 0.00153398248332 0)
(-2.74474180649e-05 0.00126846266727 0)
(-2.68199814342e-05 0.0009896296691 0)
(-1.16412868624e-06 0.000196473646872 0)
(-2.83759349233e-06 0.000572798197625 0)
(-5.05523086154e-06 0.000918367760384 0)
(-7.84794191228e-06 0.00123020964248 0)
(-1.10104117407e-05 0.00150658639784 0)
(-1.43140300661e-05 0.00174611687172 0)
(-1.75442956838e-05 0.00194759158649 0)
(-2.05050532099e-05 0.00210993043081 0)
(-2.30141776639e-05 0.00223217956432 0)
(-2.48929377396e-05 0.00231354207576 0)
(-2.59736290908e-05 0.00235344398058 0)
(-2.62620452631e-05 0.00235150570243 0)
(-2.62556989927e-05 0.00230729692412 0)
(-2.53802864596e-05 0.00222075695179 0)
(-2.36867383016e-05 0.00209262694693 0)
(-2.14786413306e-05 0.00192437424704 0)
(-1.9165831609e-05 0.00171858202696 0)
(-1.72205615331e-05 0.00147978535439 0)
(-1.60524491164e-05 0.00121585399273 0)
(-1.57218793088e-05 0.000938983127834 0)
(-6.7817120215e-07 0.000195630875537 0)
(-1.53307316718e-06 0.000570243123177 0)
(-2.68898543123e-06 0.000914122774431 0)
(-4.18770445928e-06 0.00122428209806 0)
(-5.91029472007e-06 0.00149895556308 0)
(-7.720643467e-06 0.0017367324495 0)
(-9.49062959354e-06 0.00193637386709 0)
(-1.11027828194e-05 0.00209676913076 0)
(-1.24459202392e-05 0.00221692768074 0)
(-1.33960962717e-05 0.00229600647256 0)
(-1.37685614296e-05 0.00233343553695 0)
(-1.34173705944e-05 0.00232907206518 0)
(-1.3704518791e-05 0.00228228168462 0)
(-1.32072718231e-05 0.00219281510336 0)
(-1.21364007062e-05 0.00206174707377 0)
(-1.07758181512e-05 0.00189081663585 0)
(-9.40868105418e-06 0.00168306408907 0)
(-8.33526128428e-06 0.00144365075462 0)
(-7.7729465319e-06 0.00118050938241 0)
(-7.59628286483e-06 0.000903417174276 0)
(-2.15941013429e-07 0.000195149451288 0)
(-3.32878353184e-07 0.000568793078311 0)
(-5.16535660093e-07 0.000911724237451 0)
(-8.13652747622e-07 0.00122094842802 0)
(-1.19200844859e-06 0.00149468576066 0)
(-1.60957241473e-06 0.00173151018871 0)
(-2.02663326228e-06 0.00193016764043 0)
(-2.40701366288e-06 0.00208953154911 0)
(-2.71586069111e-06 0.00220858873356 0)
(-2.90583034247e-06 0.00228644302681 0)
(-2.84279233903e-06 0.00232244753617 0)
(-2.18787791225e-06 0.00231701279031 0)
(-2.75524683274e-06 0.00226911321801 0)
(-2.70053384696e-06 0.00217807092649 0)
(-2.40178826819e-06 0.00204553143691 0)
(-2.03097240248e-06 0.00187331940519 0)
(-1.69543780186e-06 0.00166469170331 0)
(-1.49896013723e-06 0.00142508501874 0)
(-1.50693679998e-06 0.00116231664136 0)
(-1.63916720228e-06 0.000884861190264 0)
(2.39324622489e-07 0.000195035994502 0)
(8.27864017274e-07 0.000568459280713 0)
(1.58011428157e-06 0.00091118910683 0)
(2.44740160759e-06 0.00122023204132 0)
(3.37509540934e-06 0.00149380724606 0)
(4.31053043109e-06 0.00173048765152 0)
(5.20423323508e-06 0.00192901839631 0)
(6.01016691474e-06 0.00208827226884 0)
(6.68541797358e-06 0.00220723384552 0)
(7.18695940498e-06 0.00228498487584 0)
(7.45354484145e-06 0.00232077177966 0)
(7.37218140637e-06 0.00231546424047 0)
(7.45247722052e-06 0.0022677377435 0)
(7.16484131254e-06 0.00217657125926 0)
(6.64005079754e-06 0.00204403914752 0)
(5.96808612976e-06 0.00187188015757 0)
(5.24100910528e-06 0.00166334214343 0)
(4.55792593724e-06 0.00142387991868 0)
(3.98447574419e-06 0.00116135143146 0)
(3.468939164e-06 0.000884274133874 0)
(6.92531346223e-07 0.000195290810876 0)
(1.99969482004e-06 0.000569242491953 0)
(3.70518503032e-06 0.000912518629607 0)
(5.75563724921e-06 0.00122213464435 0)
(8.00959375506e-06 0.00149632215425 0)
(1.03201315114e-05 0.00173366738688 0)
(1.25491595991e-05 0.00193292909209 0)
(1.45691092808e-05 0.00209299437795 0)
(1.6260366182e-05 0.00221286662124 0)
(1.74946932206e-05 0.00229167941048 0)
(1.8056271158e-05 0.00232884541564 0)
(1.75629760726e-05 0.0023244936941 0)
(1.80536573291e-05 0.00227779801554 0)
(1.74288790103e-05 0.00218828493116 0)
(1.61283734904e-05 0.00205727348224 0)
(1.44576203064e-05 0.00188650150568 0)
(1.2697607477e-05 0.0016790132157 0)
(1.1150670985e-05 0.00144001892517 0)
(1.0042474419e-05 0.0011775712733 0)
(9.2839582183e-06 0.00090160828549 0)
(1.15996495775e-06 0.000195907841825 0)
(3.24721278394e-06 0.000571133084517 0)
(5.97673254204e-06 0.000915698387053 0)
(9.28461435472e-06 0.00122663623698 0)
(1.29427894685e-05 0.00150220443958 0)
(1.67114919496e-05 0.00174101679511 0)
(2.03658590148e-05 0.0019418599402 0)
(2.36990659434e-05 0.00210365027844 0)
(2.65184886005e-05 0.00222542789505 0)
(2.86301561279e-05 0.00230638684607 0)
(2.98158558361e-05 0.00234597713408 0)
(3.00039230446e-05 0.00234392623969 0)
(3.00993376802e-05 0.0022997151052 0)
(2.91165329601e-05 0.0022131863132 0)
(2.71823331487e-05 0.00208517810345 0)
(2.46466330314e-05 0.00191718977554 0)
(2.19353397052e-05 0.00171182525251 0)
(1.95368621593e-05 0.00147368380478 0)
(1.78856985919e-05 0.00121081523766 0)
(1.70987188436e-05 0.000935785269432 0)
(1.67020506644e-06 0.000196878608308 0)
(4.650967881e-06 0.000574112521265 0)
(8.52815722137e-06 0.000920699177772 0)
(1.32220851672e-05 0.00123369608087 0)
(1.84187309574e-05 0.00151140106513 0)
(2.37878065038e-05 0.00175246959918 0)
(2.9020691338e-05 0.00195573014998 0)
(3.38351638334e-05 0.00212014239695 0)
(3.7972540445e-05 0.00224479461722 0)
(4.11926600599e-05 0.00232893066224 0)
(4.32961561785e-05 0.00237199372967 0)
(4.42684800872e-05 0.00237357625051 0)
(4.43636735574e-05 0.00233330629836 0)
(4.32274465955e-05 0.00225113850606 0)
(4.09027901911e-05 0.00212763506671 0)
(3.77265129996e-05 0.00196394144112 0)
(3.4203167395e-05 0.00176201552554 0)
(3.09473883473e-05 0.00152536428501 0)
(2.85814176407e-05 0.00126112850492 0)
(2.76554675761e-05 0.000984648080574 0)
(2.25121835942e-06 0.000198193758768 0)
(6.29200241437e-06 0.000578154039261 0)
(1.14929355275e-05 0.00092747727974 0)
(1.77547847906e-05 0.00124325297908 0)
(2.4679071438e-05 0.0015238324269 0)
(3.18482508984e-05 0.00176792645734 0)
(3.88740611626e-05 0.00197441873765 0)
(4.54040512554e-05 0.00214232478178 0)
(5.11210501505e-05 0.00227078937209 0)
(5.5747170294e-05 0.00235910322799 0)
(5.90751317756e-05 0.00240671578323 0)
(6.10345621194e-05 0.00241320265259 0)
(6.16296014629e-05 0.00237826752757 0)
(6.0729965694e-05 0.0023018880525 0)
(5.83877000472e-05 0.00218443989686 0)
(5.49120641464e-05 0.00202669890463 0)
(5.08138730225e-05 0.00182987902877 0)
(4.67214128911e-05 0.00159596249183 0)
(4.3240760117e-05 0.00132950332676 0)
(4.10887625861e-05 0.00104529932611 0)
(2.92878594774e-06 0.000199842294865 0)
(8.24850151098e-06 0.000583222814811 0)
(1.50008544044e-05 0.0009359747722 0)
(2.30643302136e-05 0.00125522569805 0)
(3.195857487e-05 0.0015393929205 0)
(4.1183063949e-05 0.00178725571369 0)
(5.02750226237e-05 0.00199776560291 0)
(5.88177909685e-05 0.00217000545381 0)
(6.64423834014e-05 0.00230318510509 0)
(7.28349599053e-05 0.00239664932061 0)
(7.77599544651e-05 0.00244988005502 0)
(8.10803779053e-05 0.00246248540141 0)
(8.27081248958e-05 0.00243422292944 0)
(8.25716843732e-05 0.00236507199611 0)
(8.07298353989e-05 0.00225527532241 0)
(7.74468003274e-05 0.00210528866407 0)
(7.31693851477e-05 0.00191563194922 0)
(6.83994956147e-05 0.00168666479723 0)
(6.33339031749e-05 0.00141879757671 0)
(5.74732590815e-05 0.00111674254049 0)
(3.72645931581e-06 0.000201810835902 0)
(1.05948257176e-05 0.000589275801502 0)
(1.91763655558e-05 0.000946119757928 0)
(2.93250231013e-05 0.00126951335351 0)
(4.04823738333e-05 0.00155795144973 0)
(5.20702215062e-05 0.00181029406961 0)
(6.35573055672e-05 0.0020255725291 0)
(7.4469358472e-05 0.00220294803383 0)
(8.43917318305e-05 0.00234170538816 0)
(9.2976249975e-05 0.00244125600121 0)
(9.99541493107e-05 0.00250113863006 0)
(0.000105138774552 0.00252101979749 0)
(0.000108401616102 0.00250071397676 0)
(0.000109676048558 0.00244021478809 0)
(0.000109006564351 0.00233968741993 0)
(0.000106590709856 0.00219936229137 0)
(0.000102751511924 0.0020192379743 0)
(9.77454441926e-05 0.00179836310047 0)
(9.10089219276e-05 0.00153295237977 0)
(7.91135489898e-05 0.00120986477764 0)
(4.66535439044e-06 0.000204082913932 0)
(1.34005953767e-05 0.000596260941473 0)
(2.41365366235e-05 0.000957825683784 0)
(3.67007820647e-05 0.00128599457118 0)
(5.04619407591e-05 0.00157935034074 0)
(6.47704045103e-05 0.00183684527714 0)
(7.90332346479e-05 0.00205760171844 0)
(9.27257314735e-05 0.00224086987772 0)
(0.000105394206799 0.00238602037771 0)
(0.000116660648596 0.00249254539999 0)
(0.00012622855189 0.00256006073039 0)
(0.000133880783173 0.00258831090918 0)
(0.000139469315165 0.00257718285076 0)
(0.000142920465761 0.00252671415579 0)
(0.00014425350674 0.00243705830857 0)
(0.000143585872971 0.00230834510429 0)
(0.000141076116891 0.00214029451378 0)
(0.000136671526508 0.00193113778774 0)
(0.000129048557853 0.00167448014906 0)
(0.000112274349352 0.00135109965966 0)
(5.76326751135e-06 0.000206637018626 0)
(1.67270377144e-05 0.00060411319447 0)
(2.99839337058e-05 0.000970985233363 0)
(4.53348245225e-05 0.00130451885748 0)
(6.20815892503e-05 0.00160339409681 0)
(7.95101633401e-05 0.00186666623306 0)
(9.69733630435e-05 0.00209355909309 0)
(0.000113903860499 0.00228342209641 0)
(0.000129816632006 0.00243572258997 0)
(0.000144311459609 0.00255004711674 0)
(0.000157074806748 0.00262610549337 0)
(0.00016787682046 0.00266373818962 0)
(0.000176565725834 0.00266292596288 0)
(0.000183067343792 0.0026237880715 0)
(0.00018738209049 0.0025465385996 0)
(0.00018955439232 0.00243134452932 0)
(0.00018957072312 0.00227794041029 0)
(0.000187088354127 0.00208451042222 0)
(0.000180515426476 0.00184445585991 0)
(0.000163468274499 0.00154064440819 0)
(7.03050291064e-06 0.000209439860771 0)
(2.06067719923e-05 0.00061273530156 0)
(3.6771268067e-05 0.000985436527671 0)
(5.52997418401e-05 0.00132485785825 0)
(7.54336631342e-05 0.00162978552192 0)
(9.64015509775e-05 0.00189938745454 0)
(0.000117509613394 0.00213299825873 0)
(0.000138156036458 0.00233007573639 0)
(0.00015783302714 0.00249019389151 0)
(0.000176127785412 0.00261304549132 0)
(0.000192722517782 0.00269844851982 0)
(0.000207391503513 0.00274635570498 0)
(0.000219996248199 0.00275686401211 0)
(0.000230479124926 0.00273021259238 0)
(0.000238844479209 0.00266674588393 0)
(0.000245098377118 0.00256679885267 0)
(0.000249098078211 0.00243040769684 0)
(0.000250278706875 0.00225658422145 0)
(0.000247330567623 0.00204130346683 0)
(0.000236093133575 0.00177061051778 0)
(-0.000193975621632 0.00150622753134 0)
(-0.000145142929714 0.00130086430423 0)
(-0.000102633305168 0.00110471735371 0)
(-6.80582530892e-05 0.000919276218241 0)
(-4.12611913029e-05 0.000742987669357 0)
(-2.16745014017e-05 0.000576183926808 0)
(-8.78329307335e-06 0.000422142001075 0)
(-2.06536277021e-06 0.000281251898854 0)
(-2.84485426209e-07 0.000148853955161 0)
(-1.66390592955e-07 3.78231069691e-05 0)
(-0.000129319481265 0.00127614729467 0)
(-9.51304909735e-05 0.00108733930792 0)
(-6.68371323764e-05 0.000908392666912 0)
(-4.51696198519e-05 0.000742488565874 0)
(-2.93357225576e-05 0.000586352521087 0)
(-1.87344537114e-05 0.000441131545868 0)
(-1.28247121087e-05 0.000314044982248 0)
(-1.02543699611e-05 0.000205997158273 0)
(-8.84539949006e-06 0.000114769073194 0)
(-5.14037337189e-06 3.61786551033e-05 0)
(-8.39589821294e-05 0.00107330787382 0)
(-6.29908919944e-05 0.000903545173102 0)
(-4.6720646615e-05 0.000748608901737 0)
(-3.56739813748e-05 0.000616662338185 0)
(-2.88243688129e-05 0.00050706460296 0)
(-2.42895561019e-05 0.000409084126662 0)
(-2.06568272999e-05 0.000312031795931 0)
(-1.7292828073e-05 0.000214553586106 0)
(-1.34021832457e-05 0.000124403764786 0)
(-7.02979586664e-06 4.1556239192e-05 0)
(-6.21001900309e-05 0.00095318582369 0)
(-5.27901321699e-05 0.000833985298149 0)
(-4.55047691677e-05 0.000725672609247 0)
(-3.91889307264e-05 0.000620228988316 0)
(-3.38189119146e-05 0.000517709666835 0)
(-2.93547036934e-05 0.000420056788412 0)
(-2.52012740009e-05 0.000323746286107 0)
(-2.0818109639e-05 0.000228091466055 0)
(-1.55826817783e-05 0.000135885526736 0)
(-7.82951443449e-06 4.68449516154e-05 0)
(-5.28436455468e-05 0.000926876219443 0)
(-4.76378227393e-05 0.000832862262145 0)
(-4.25558678759e-05 0.000733271869959 0)
(-3.78226264508e-05 0.000631586464878 0)
(-3.35249164034e-05 0.000531770488544 0)
(-2.94909810141e-05 0.000433556046972 0)
(-2.54126584123e-05 0.000336204947923 0)
(-2.09691353936e-05 0.000240260747231 0)
(-1.56472445418e-05 0.000145940430221 0)
(-7.72736356129e-06 5.15313462051e-05 0)
(-3.94741103794e-05 0.000877056151327 0)
(-3.61302575435e-05 0.000796713530521 0)
(-3.31921411453e-05 0.000715637585368 0)
(-3.04615323358e-05 0.000631007131242 0)
(-2.76591797928e-05 0.000539392137669 0)
(-2.47186602903e-05 0.000442724858781 0)
(-2.15684872986e-05 0.000345326285697 0)
(-1.80042432224e-05 0.00024972514427 0)
(-1.35346144627e-05 0.000154069247273 0)
(-6.58434383449e-06 5.54453418112e-05 0)
(-2.55940299346e-05 0.000815730212933 0)
(-2.32786519743e-05 0.000738003380065 0)
(-2.12785616879e-05 0.000660119796447 0)
(-1.95533266966e-05 0.000581283341941 0)
(-1.80176163618e-05 0.000501895859729 0)
(-1.65577401752e-05 0.000422757707151 0)
(-1.49021647333e-05 0.000341291764924 0)
(-1.26595221807e-05 0.000253507988161 0)
(-9.39085810798e-06 0.000158704317995 0)
(-4.11098309188e-06 5.78129356134e-05 0)
(-1.45100343792e-05 0.000763134437284 0)
(-1.31176979555e-05 0.000687860194956 0)
(-1.1891374261e-05 0.000612515129134 0)
(-1.08227175799e-05 0.000536999340833 0)
(-9.85146183233e-06 0.000461366853608 0)
(-8.88881230475e-06 0.000385371141734 0)
(-7.78825730826e-06 0.000307985897092 0)
(-6.33764608069e-06 0.000228639953239 0)
(-4.19969072931e-06 0.000146836012527 0)
(-7.40826232472e-07 5.50272759496e-05 0)
(-6.73111116008e-06 0.000725740484118 0)
(-6.04577623782e-06 0.000652563596282 0)
(-5.42868620757e-06 0.00057924596007 0)
(-4.87284182445e-06 0.00050573381117 0)
(-4.34467254388e-06 0.000431910342755 0)
(-3.78916378363e-06 0.00035752257815 0)
(-3.11114252213e-06 0.000282249411525 0)
(-2.1549834971e-06 0.000205870767792 0)
(-7.16023977277e-07 0.000127891335223 0)
(1.08994022224e-06 4.62936710232e-05 0)
(-1.45437320152e-06 0.000706323634414 0)
(-1.3047212413e-06 0.000634349293876 0)
(-1.17035278319e-06 0.000562155655653 0)
(-1.04848442517e-06 0.000489670218161 0)
(-9.28161992458e-07 0.000416776686706 0)
(-7.90201158351e-07 0.000343320430329 0)
(-6.01107183084e-07 0.000269163743421 0)
(-3.09499220076e-07 0.000194242140522 0)
(1.30557452722e-07 0.000118578257129 0)
(5.44265421686e-07 4.18060802463e-05 0)
(2.85964017295e-06 0.000706033921936 0)
(2.54530885016e-06 0.000634182019996 0)
(2.25194528523e-06 0.000562108432237 0)
(1.97568244647e-06 0.00048973100971 0)
(1.70585007158e-06 0.000416928190711 0)
(1.42179905768e-06 0.000343548854804 0)
(1.08734871125e-06 0.000269461409313 0)
(6.45530583695e-07 0.000194583220603 0)
(3.64231788843e-08 0.000118887616384 0)
(-5.52001209914e-07 4.19709445552e-05 0)
(8.05974360574e-06 0.00072483775824 0)
(7.24216784151e-06 0.000652028168158 0)
(6.49614997924e-06 0.000579068422452 0)
(5.81301444677e-06 0.000505890532464 0)
(5.16113669462e-06 0.000432347767544 0)
(4.48333760655e-06 0.000358164820326 0)
(3.6829900467e-06 0.000283077946633 0)
(2.60510452054e-06 0.000206906799826 0)
(1.02614230037e-06 0.000128840937783 0)
(-9.6063981617e-07 4.68164470156e-05 0)
(1.56641499704e-05 0.000761555316267 0)
(1.42044215473e-05 0.00068688444368 0)
(1.29071777284e-05 0.000612068993962 0)
(1.17634345627e-05 0.000537101587204 0)
(1.07181147753e-05 0.000462052743589 0)
(9.67173447276e-06 0.000386295886011 0)
(8.48006198847e-06 0.000308912721917 0)
(6.94894673891e-06 0.000230054238366 0)
(4.71577964912e-06 0.000148121436014 0)
(1.06967995591e-06 5.55131298529e-05 0)
(2.64366837422e-05 0.000813433803633 0)
(2.41459181438e-05 0.000736596260852 0)
(2.21453975443e-05 0.000659112179831 0)
(2.04077580629e-05 0.000580554789891 0)
(1.88739969302e-05 0.000502336873849 0)
(1.73627135759e-05 0.000423449971416 0)
(1.5581786649e-05 0.000340960308756 0)
(1.31650965897e-05 0.000251638073802 0)
(9.76471296833e-06 0.00015696046976 0)
(4.36395960102e-06 5.71478942868e-05 0)
(3.96712217752e-05 0.000873252492857 0)
(3.65224716567e-05 0.000794404677629 0)
(3.36534369224e-05 0.000713427032691 0)
(3.08795699293e-05 0.000627165429613 0)
(2.80032585839e-05 0.000533640388116 0)
(2.50326613155e-05 0.000437082755334 0)
(2.18617954056e-05 0.000341105955983 0)
(1.82472999372e-05 0.000246855003144 0)
(1.36878946139e-05 0.000152138965242 0)
(6.64520750834e-06 5.46786982744e-05 0)
(5.13084928043e-05 0.00091361102731 0)
(4.64593413895e-05 0.000820318010666 0)
(4.17255715168e-05 0.000722212880573 0)
(3.73147649498e-05 0.000623007028964 0)
(3.32191912022e-05 0.000524793263796 0)
(2.92991550674e-05 0.000427684812621 0)
(2.53061050147e-05 0.000331707609145 0)
(2.0918541778e-05 0.00023718606806 0)
(1.56070456019e-05 0.000144055035714 0)
(7.68686463658e-06 5.08260467055e-05 0)
(5.91654271744e-05 0.000939676036026 0)
(5.04038500085e-05 0.000821078234543 0)
(4.36720354359e-05 0.000714452206821 0)
(3.78780068022e-05 0.00061133262799 0)
(3.29103223353e-05 0.000510589776847 0)
(2.87351265147e-05 0.000414329584039 0)
(2.47977994994e-05 0.00031940206656 0)
(2.05695708258e-05 0.000225113441482 0)
(1.54265853477e-05 0.000134134386892 0)
(7.74413852888e-06 4.6228041668e-05 0)
(7.95663992638e-05 0.00106138156472 0)
(5.95515292373e-05 0.000892919997056 0)
(4.41639092713e-05 0.000739425996274 0)
(3.38109679017e-05 0.000608659825578 0)
(2.74921936613e-05 0.000500259527771 0)
(2.3381948975e-05 0.000403593143862 0)
(2.00934482073e-05 0.000307927950484 0)
(1.69754334389e-05 0.000211789133869 0)
(1.32201159877e-05 0.000122853445952 0)
(6.93756320426e-06 4.10433315478e-05 0)
(0.000122943712348 0.00126429339183 0)
(8.99531937157e-05 0.00107675895101 0)
(6.28129527252e-05 0.000899169895398 0)
(4.21950799539e-05 0.000734651242295 0)
(2.73217290394e-05 0.000580125908294 0)
(1.7519423423e-05 0.000436248980977 0)
(1.21966537614e-05 0.000310288836693 0)
(9.98811079902e-06 0.000203405342792 0)
(8.73369388714e-06 0.000113399371273 0)
(5.08465182781e-06 3.57643689692e-05 0)
(0.000185474001348 0.00149430397417 0)
(0.000138085073628 0.00129018245815 0)
(9.69908592695e-05 0.00109541412153 0)
(6.37079881174e-05 0.000911251351491 0)
(3.80999534301e-05 0.000736246274512 0)
(1.95964689989e-05 0.000570645759359 0)
(7.64934018968e-06 0.000417700805997 0)
(1.67084512505e-06 0.000277944374574 0)
(3.06080206024e-07 0.000146898901005 0)
(2.23106071324e-07 3.73237719474e-05 0)
(-0.00022095835675 0.00154581869785 0)
(-0.000234582109404 0.00156180199471 0)
(-0.000268042669924 0.00159548398047 0)
(-0.000316145755379 0.00163077848777 0)
(-0.000378654838395 0.00166244493378 0)
(-0.00045474861478 0.00168502986174 0)
(-0.000541547072951 0.00169178043188 0)
(-0.000632970875193 0.00167526485908 0)
(-0.000732700113691 0.00164631920228 0)
(-0.0008501151442 0.00161838453914 0)
(-0.000990917205903 0.00159355669353 0)
(-0.00115965877017 0.00156976638517 0)
(-0.00135944393041 0.00154301266154 0)
(-0.00159115478371 0.00150884578305 0)
(-0.00185224473534 0.0014636335655 0)
(-0.00213461959636 0.00140548547 0)
(-0.00241557387 0.00133260790012 0)
(-0.0025778487997 0.00122161218 0)
(-0.00271028116186 0.00111828152513 0)
(-0.00306724414118 0.00106209606232 0)
(-0.00016017390752 0.00133863957787 0)
(-0.000173055334904 0.00137371792009 0)
(-0.000205622911744 0.00142007685187 0)
(-0.000250508164414 0.0014625817444 0)
(-0.000307747920952 0.0014983032841 0)
(-0.000376599858727 0.00152291746408 0)
(-0.00045394175885 0.00153024153409 0)
(-0.000533627080045 0.00151338823465 0)
(-0.000617613088601 0.00148169584654 0)
(-0.000717367579138 0.00145324659427 0)
(-0.000838362781966 0.00142998402859 0)
(-0.000984913024098 0.00140966445648 0)
(-0.00116014052998 0.00138824956992 0)
(-0.00136535568759 0.00136127152563 0)
(-0.00159899566076 0.00132496403926 0)
(-0.00185359742733 0.00127692830582 0)
(-0.00210502848302 0.00121378052554 0)
(-0.00221292105959 0.00110423213496 0)
(-0.00225434206032 0.000999436594261 0)
(-0.00241350219164 0.00094670384424 0)
(-0.000110205266814 0.00114735964503 0)
(-0.000120010205722 0.00118901441845 0)
(-0.000148907007386 0.00124141686916 0)
(-0.000189103478114 0.00128871742495 0)
(-0.000240229270432 0.00132780599444 0)
(-0.000301439611372 0.00135482288922 0)
(-0.000369717112199 0.00136426782905 0)
(-0.000439235874059 0.00134974423771 0)
(-0.000508968611 0.0013163867899 0)
(-0.000592333745356 0.00128775645385 0)
(-0.000694736416767 0.00126611460216 0)
(-0.000820375958512 0.00124920008648 0)
(-0.000972401345715 0.00123292140102 0)
(-0.00115247524591 0.00121274264986 0)
(-0.00136016077074 0.00118491908779 0)
(-0.00158808214223 0.00114649256937 0)
(-0.00178964658292 0.00108399088914 0)
(-0.00185372874103 0.000978181611218 0)
(-0.00185090402534 0.000880124601298 0)
(-0.00188938102664 0.000831314820991 0)
(-7.06708305094e-05 0.000966277017291 0)
(-7.60260166098e-05 0.00100927542745 0)
(-9.95048328415e-05 0.00106293630971 0)
(-0.00013371671315 0.00111196393166 0)
(-0.0001778671185 0.00115287594753 0)
(-0.00023099714235 0.0011819780773 0)
(-0.000290391121261 0.00119433066334 0)
(-0.000350742536413 0.00118384047499 0)
(-0.000407964131747 0.00115036677236 0)
(-0.000476426041814 0.00112211683607 0)
(-0.000561614619721 0.00110223588347 0)
(-0.000667796848089 0.00108873750036 0)
(-0.000798146290746 0.00107746348401 0)
(-0.000954372450841 0.00106366120028 0)
(-0.0011363705653 0.00104339523215 0)
(-0.00133617270209 0.00101280457285 0)
(-0.00147851195689 0.000944972861082 0)
(-0.00151035983922 0.000846270473409 0)
(-0.00148505821439 0.000759675196857 0)
(-0.001472521384 0.000721148280828 0)
(-3.94921389861e-05 0.000792198482763 0)
(-4.03711057966e-05 0.000834198224541 0)
(-5.79511378676e-05 0.000886322190387 0)
(-8.55578017182e-05 0.00093455818022 0)
(-0.000122160791385 0.000975518663931 0)
(-0.000166803229597 0.00100579060562 0)
(-0.000217204865896 0.00102094966071 0)
(-0.000268771552613 0.00101521984241 0)
(-0.000315327842969 0.000983763383325 0)
(-0.00037022525501 0.000956336361918 0)
(-0.000439473505463 0.000938326247674 0)
(-0.000527573192721 0.000928312915058 0)
(-0.000637733165913 0.000922023713615 0)
(-0.000771445705348 0.000914338340363 0)
(-0.000927349512038 0.000900294822144 0)
(-0.00109364706385 0.000873684935528 0)
(-0.00118194551686 0.000800841797561 0)
(-0.00119147062135 0.000711640288868 0)
(-0.0011548935815 0.000637696158052 0)
(-0.00112412481078 0.000611495828171 0)
(-1.57151354263e-05 0.00062486939996 0)
(-1.25589181042e-05 0.000664058018833 0)
(-2.45451853245e-05 0.000712635203265 0)
(-4.55415981591e-05 0.000758048473805 0)
(-7.4383325371e-05 0.000797306939571 0)
(-0.000110249105109 0.000827454356046 0)
(-0.000151391945237 0.000844590402117 0)
(-0.000194032277467 0.000843279640096 0)
(-0.000231943566981 0.000816940327877 0)
(-0.000274286075633 0.000790297032731 0)
(-0.000328720190291 0.00077422716833 0)
(-0.00039998020154 0.000767845003701 0)
(-0.000491327058997 0.000766623768358 0)
(-0.00060407280595 0.000765073159159 0)
(-0.000735469751821 0.000757378039403 0)
(-0.000857328007306 0.000726766705992 0)
(-0.000907839681109 0.000654967555269 0)
(-0.00090323964916 0.00057639756334 0)
(-0.000862262053407 0.000514370233728 0)
(-0.000824254978746 0.000498320249617 0)
(1.09431207826e-06 0.000465173086124 0)
(7.57556923274e-06 0.000499600163556 0)
(2.3714419824e-07 0.000542817893642 0)
(-1.4565454475e-05 0.000583564338214 0)
(-3.57056848189e-05 0.000619365459003 0)
(-6.26616830202e-05 0.000647859068654 0)
(-9.43633216799e-05 0.000665775625116 0)
(-0.000128017676455 0.000668428990961 0)
(-0.000158274885862 0.000648917534542 0)
(-0.000189210831802 0.000623426213405 0)
(-0.000229885042775 0.000609566417085 0)
(-0.000285370449932 0.000607077655671 0)
(-0.000359127881686 0.000611139942788 0)
(-0.00045178933398 0.000615407114531 0)
(-0.000557594737845 0.000612042585599 0)
(-0.000634256191208 0.000574464518011 0)
(-0.000660763994723 0.000509533471941 0)
(-0.000648356749255 0.000442338946446 0)
(-0.000607700844412 0.000390422116028 0)
(-0.000567451480213 0.000381084867934 0)
(1.11929071042e-05 0.000313680902808 0)
(1.92781342618e-05 0.000341716927108 0)
(1.54175339356e-05 0.000377910333388 0)
(6.30871247879e-06 0.00041204516281 0)
(-7.35686423733e-06 0.00044239241174 0)
(-2.54037994633e-05 0.000467404116298 0)
(-4.76633798992e-05 0.000484520711587 0)
(-7.22781178063e-05 0.000490198696198 0)
(-9.52366333811e-05 0.000478293568587 0)
(-0.000115988299755 0.000454735090312 0)
(-0.000143826424302 0.000443690731249 0)
(-0.000184223765844 0.000445358721964 0)
(-0.000241382061561 0.000455015603245 0)
(-0.000314934550648 0.000464952328556 0)
(-0.000388648696881 0.000458332167995 0)
(-0.0004318581745 0.000419797289467 0)
(-0.000442956495663 0.000365467407527 0)
(-0.000427357225647 0.000310667840097 0)
(-0.000390880877329 0.000267660411263 0)
(-0.000352608247788 0.00026142887855 0)
(1.44178045463e-05 0.000172027681757 0)
(2.10760196731e-05 0.000192573212613 0)
(2.00276934085e-05 0.000219483637447 0)
(1.60146624816e-05 0.000244475246953 0)
(9.14943970586e-06 0.000266511234697 0)
(-2.39449901846e-07 0.000285579026106 0)
(-1.34084560807e-05 0.000299637095406 0)
(-2.90127857955e-05 0.000306484558155 0)
(-4.45347171584e-05 0.000301900508008 0)
(-5.65586943955e-05 0.000282589436491 0)
(-7.22540229803e-05 0.000275447012975 0)
(-9.74092157428e-05 0.000280895987052 0)
(-0.000137507921251 0.000295313744018 0)
(-0.000187974369814 0.00030524360915 0)
(-0.000230578539445 0.000294134448049 0)
(-0.000252293539867 0.000262539080946 0)
(-0.000254193773754 0.000222600274702 0)
(-0.000239029633106 0.000182668004176 0)
(-0.000210260226802 0.000149649299908 0)
(-0.000178887133557 0.000142880690944 0)
(9.27700447054e-06 4.85454187714e-05 0)
(1.3879185897e-05 5.96374323335e-05 0)
(1.55302865126e-05 7.21433288117e-05 0)
(1.43709527098e-05 8.29096736265e-05 0)
(1.20686021641e-05 9.20056858774e-05 0)
(8.4998892783e-06 0.000100522624531 0)
(3.47701005994e-06 0.000107565654086 0)
(-3.11468991188e-06 0.000111445456806 0)
(-1.0276410641e-05 0.000110853061656 0)
(-1.49579233669e-05 0.000102871780301 0)
(-1.92343201025e-05 0.000100838409214 0)
(-2.75950409907e-05 0.000106636605421 0)
(-4.35382586855e-05 0.000116425768323 0)
(-6.42893328488e-05 0.000120928552754 0)
(-8.07913631435e-05 0.000113300582735 0)
(-8.87430542406e-05 9.75446026891e-05 0)
(-8.80212285531e-05 7.87898939754e-05 0)
(-7.95819426338e-05 6.00878246273e-05 0)
(-6.43428659057e-05 4.3838385488e-05 0)
(-4.51869304345e-05 3.70269162727e-05 0)
(-4.57943539214e-05 5.65978623768e-05 0)
(-0.000179613970349 0.000179586609412 0)
(-0.000366897850019 0.000306115990685 0)
(-0.000605509599418 0.000430138613388 0)
(-0.000893866411388 0.000547219993109 0)
(-0.00123163967992 0.000655418958905 0)
(-0.00162231634635 0.000754767868395 0)
(-0.00207741695693 0.000845828622313 0)
(-0.00262105723889 0.000925057333461 0)
(-0.00330409725736 0.000979709780515 0)
(-4.17536791128e-05 6.10381228326e-05 0)
(-0.000170972744119 0.000190024246236 0)
(-0.000366155916763 0.000321528458607 0)
(-0.000616389966813 0.000446124246596 0)
(-0.000917231107804 0.000559189378262 0)
(-0.00126721689924 0.000659249183641 0)
(-0.00166857036018 0.000746414820379 0)
(-0.00212907861329 0.000820350153049 0)
(-0.00266222796276 0.000876003859602 0)
(-0.00328099912258 0.000898778794467 0)
(-4.30225768749e-05 6.6877956883e-05 0)
(-0.00017784971623 0.000200411092731 0)
(-0.000381915432331 0.000331523435667 0)
(-0.000642865198591 0.000451209263685 0)
(-0.0009545762959 0.000555189103595 0)
(-0.00131451756507 0.000642255398483 0)
(-0.00172333485395 0.000712361140702 0)
(-0.00218491280933 0.000764609581544 0)
(-0.0027020968931 0.000794759841519 0)
(-0.00326195723642 0.000794529775665 0)
(-4.52121012181e-05 7.1740694222e-05 0)
(-0.000187080649329 0.00020830812001 0)
(-0.000400050515659 0.000336621948789 0)
(-0.000670422303203 0.000448646130367 0)
(-0.000990559476065 0.000540671428955 0)
(-0.00135680870334 0.000611941451942 0)
(-0.00176779998094 0.000662593902956 0)
(-0.00222330807336 0.000692083891111 0)
(-0.00271675265955 0.000698362948664 0)
(-0.00322325530713 0.000678796409909 0)
(-4.78176919395e-05 7.56620184024e-05 0)
(-0.000196924313777 0.000213738347423 0)
(-0.000418426210116 0.000337101962565 0)
(-0.000696523787166 0.000438964213662 0)
(-0.00102190143759 0.000516540132583 0)
(-0.00138986120181 0.000569845232665 0)
(-0.00179651759664 0.00059965738607 0)
(-0.00223790977783 0.000606522660918 0)
(-0.00270153956445 0.000590966765799 0)
(-0.00316099185354 0.000554561503989 0)
(-5.06127453191e-05 7.87810178485e-05 0)
(-0.000206958041461 0.000216566784945 0)
(-0.000436011368097 0.000332614888592 0)
(-0.000719227275799 0.000421781537599 0)
(-0.00104513623739 0.000482697132768 0)
(-0.00140826589326 0.00051660221102 0)
(-0.00180104503901 0.000525398361659 0)
(-0.00221589785978 0.00051139870014 0)
(-0.00264128784713 0.000477256086648 0)
(-0.00305827324514 0.00042654999473 0)
(-5.3480877817e-05 8.12531099974e-05 0)
(-0.000216805147866 0.000216560664644 0)
(-0.000451452808712 0.000322656049161 0)
(-0.000735409818004 0.000396705685463 0)
(-0.00105337752248 0.000439360469598 0)
(-0.00139913258318 0.00045391086728 0)
(-0.00176058730851 0.000443984614332 0)
(-0.00212746539719 0.000414130475435 0)
(-0.00250634678195 0.000366585131147 0)
(-0.00290450057223 0.000300868876079 0)
(-5.64147648234e-05 8.32307936389e-05 0)
(-0.000225878981611 0.000213431751274 0)
(-0.000461998932905 0.000306704149179 0)
(-0.000736267533431 0.000363435109218 0)
(-0.00102665940646 0.000387740948106 0)
(-0.0013275172333 0.000386494493692 0)
(-0.0016495489933 0.000363287493902 0)
(-0.0019941917342 0.000319412188831 0)
(-0.00235575574786 0.000256792962375 0)
(-0.00273625730462 0.000175515998478 0)
(-5.95977239683e-05 8.46738363823e-05 0)
(-0.000232491425887 0.000206601621257 0)
(-0.000457261042332 0.000283214062326 0)
(-0.000689107555724 0.00032054768564 0)
(-0.00094570884228 0.000331648621732 0)
(-0.00122679664819 0.000318714961084 0)
(-0.00152956270427 0.000283088289511 0)
(-0.00185429365895 0.00022580824201 0)
(-0.00219795655004 0.000148336625054 0)
(-0.00255925655393 5.1370855318e-05 0)
(-6.32226509516e-05 8.43893158893e-05 0)
(-0.000226869134274 0.000192194998593 0)
(-0.00040888037659 0.000247396793424 0)
(-0.00062184752415 0.000274185304849 0)
(-0.000860342472063 0.000275106925387 0)
(-0.0011233007543 0.000251297383414 0)
(-0.00140800270682 0.00020362797583 0)
(-0.00171290895464 0.000133137819414 0)
(-0.00203617673153 4.1147688582e-05 0)
(-0.00237582724854 -7.13554066283e-05 0)
(-6.31625848966e-05 7.62890206636e-05 0)
(-0.000193414487066 0.000163012217527 0)
(-0.00035937880987 0.000209938254876 0)
(-0.000555501217326 0.00022759851929 0)
(-0.00077679775942 0.000218648973207 0)
(-0.00102111731674 0.000184186420131 0)
(-0.00128637816584 0.000124830151709 0)
(-0.00157051685528 4.14283041678e-05 0)
(-0.00187162432122 -6.4756717405e-05 0)
(-0.00218751478952 -0.000192534743991 0)
(-4.57688597573e-05 5.15007144992e-05 0)
(-0.00016160142817 0.00013280242891 0)
(-0.000313818725159 0.000172685564046 0)
(-0.000493237623817 0.000181144797977 0)
(-0.000696198508632 0.00016221718923 0)
(-0.000920719742054 0.000117247732711 0)
(-0.00116505254807 4.66126901029e-05 0)
(-0.00142708768554 -4.92088172445e-05 0)
(-0.00170459535094 -0.000169131211562 0)
(-0.00199506979341 -0.000311807489562 0)
(-3.24604158971e-05 3.85935264089e-05 0)
(-0.000135959274966 0.000106653712759 0)
(-0.000273366493407 0.000136520957874 0)
(-0.000435346212774 0.000134903259918 0)
(-0.000618685270089 0.000105735596161 0)
(-0.000821950139513 5.04334129707e-05 0)
(-0.00104383308593 -3.09508965619e-05 0)
(-0.00128233545485 -0.00013848585356 0)
(-0.00153490723613 -0.000271463435641 0)
(-0.00179859319481 -0.000428478679106 0)
(-3.20098302235e-05 3.94640842942e-05 0)
(-0.000117744595866 8.5648677135e-05 0)
(-0.000238133266963 0.000101978174865 0)
(-0.000381548156074 8.90805728187e-05 0)
(-0.000543938309768 4.93138539822e-05 0)
(-0.000724359758698 -1.60973659204e-05 0)
(-0.000922170806842 -0.000107532613117 0)
(-0.00113566332394 -0.000225821393772 0)
(-0.00136201214079 -0.000370893444033 0)
(-0.00159770635803 -0.000541441911332 0)
(-2.95629459081e-05 3.3441999236e-05 0)
(-0.000103126890548 6.59573493739e-05 0)
(-0.00020704344024 6.89053793079e-05 0)
(-0.000331102847497 4.39939951439e-05 0)
(-0.000471282372839 -6.64036245753e-06 0)
(-0.000627256293895 -8.18381383071e-05 0)
(-0.000799289696977 -0.000182432297147 0)
(-0.000986231455574 -0.000310227775521 0)
(-0.00118508237835 -0.00046611987722 0)
(-0.00139168169357 -0.000649103931941 0)
(-2.51868162645e-05 2.47431860966e-05 0)
(-8.94554344321e-05 4.6230393319e-05 0)
(-0.000178252996929 3.69150546257e-05 0)
(-0.000282708013732 9.25700893256e-08 0)
(-0.000399714514757 -6.12869445867e-05 0)
(-0.000529807211916 -0.000145760979402 0)
(-0.00067437018187 -0.000254436283803 0)
(-0.000833150730877 -0.000390204646287 0)
(-0.00100317615091 -0.000555327514453 0)
(-0.00117957632242 -0.000749348414119 0)
(-2.06023301422e-05 1.83920965855e-05 0)
(-7.6052162469e-05 2.71351644387e-05 0)
(-0.000150064766007 6.20681487918e-06 0)
(-0.000234724025291 -4.17123238638e-05 0)
(-0.000328024048167 -0.000113116349299 0)
(-0.000431244624092 -0.000206096468695 0)
(-0.000546854838811 -0.000321674845396 0)
(-0.000675816762095 -0.000463664854933 0)
(-0.000815513022484 -0.000636148058342 0)
(-0.00096038444446 -0.000839579622669 0)
(-1.64556280097e-05 1.26655606318e-05 0)
(-6.26201098927e-05 9.3544765599e-06 0)
(-0.00012090668501 -2.2406993347e-05 0)
(-0.00018542322277 -7.9770757781e-05 0)
(-0.000255015123393 -0.000159713077469 0)
(-0.00033114155453 -0.000260125154681 0)
(-0.000416861704646 -0.000381524670087 0)
(-0.000514389641363 -0.00052797442736 0)
(-0.000621862577395 -0.000705639831183 0)
(-0.000733180947946 -0.000916760522541 0)
(-1.34946229379e-05 5.95807437209e-06 0)
(-4.79762886576e-05 -7.82372085488e-06 0)
(-8.91422533937e-05 -4.76227407092e-05 0)
(-0.000133293880337 -0.000111700527963 0)
(-0.000179778422752 -0.000197826252257 0)
(-0.000229609481973 -0.000304252391781 0)
(-0.000285505751238 -0.000430674309038 0)
(-0.000350272953859 -0.000580318963207 0)
(-0.000422976775857 -0.000760384111654 0)
(-0.000497227979926 -0.000976719767659 0)
(-9.46181022533e-06 -1.99151790548e-06 0)
(-3.05521758723e-05 -2.35636798452e-05 0)
(-5.37681346223e-05 -6.74743055531e-05 0)
(-7.76747211749e-05 -0.000135261319198 0)
(-0.000102011052235 -0.000224468535969 0)
(-0.000127202786335 -0.000335330837551 0)
(-0.000154556185689 -0.00046604747604 0)
(-0.000185703339165 -0.000619061338654 0)
(-0.000220340467019 -0.000797609014814 0)
(-0.000252360645999 -0.00101032627467 0)
(-0.00410857332059 0.000940237403195 0)
(-0.00470530838593 0.000770508473769 0)
(-0.00521567096721 0.000558997561546 0)
(-0.0056803969765 0.000314063041931 0)
(-0.00611959156492 3.94496079942e-05 0)
(-0.00654184204681 -0.000263125643277 0)
(-0.00695107132049 -0.000592444078512 0)
(-0.00734926613795 -0.00094742754139 0)
(-0.00773751261248 -0.00132709287662 0)
(-0.00811641671593 -0.00173054481926 0)
(-0.00848629330343 -0.0021569607518 0)
(-0.00884726150632 -0.00260556724895 0)
(-0.00919930114829 -0.00307561267582 0)
(-0.0095422935175 -0.00356634010772 0)
(-0.00987605726849 -0.00407696390693 0)
(-0.0102003833349 -0.00460665322013 0)
(-0.0105150693571 -0.00515452449876 0)
(-0.0108199507035 -0.00571964399596 0)
(-0.0111149204928 -0.00630103811678 0)
(-0.011399957268 -0.00689771893471 0)
(-0.0116751587395 -0.00750872059785 0)
(-0.0119407257485 -0.0081331215123 0)
(-0.0121969323987 -0.00877006502957 0)
(-0.0124441156388 -0.00941878251953 0)
(-0.0126826527605 -0.0100786056761 0)
(-0.0129129361155 -0.0107489696639 0)
(-0.0131353491381 -0.0114294084612 0)
(-0.0133502461478 -0.0121195443701 0)
(-0.013557936625 -0.0128190739005 0)
(-0.0137586737054 -0.0135277517663 0)
(-0.0139526451538 -0.0142453736864 0)
(-0.0141399709141 -0.0149717619358 0)
(-0.014320701532 -0.015706747144 0)
(-0.0144948140586 -0.0164501471733 0)
(-0.0146622169926 -0.017201746873 0)
(-0.0148227601524 -0.0179612764667 0)
(-0.0149762516587 -0.0187283910367 0)
(-0.015122482639 -0.0195026543001 0)
(-0.0152612587781 -0.0202835302243 0)
(-0.0153924359301 -0.0210703855616 0)
(-0.0155159557913 -0.0218625048776 0)
(-0.0156318775554 -0.0226591173623 0)
(-0.015740393109 -0.0234594397769 0)
(-0.0158418323771 -0.0242627238872 0)
(-0.0159366585167 -0.0250682973723 0)
(-0.0160254436843 -0.0258756028721 0)
(-0.0161088301779 -0.026684228966 0)
(-0.0161874855478 -0.0274939261188 0)
(-0.0162620556495 -0.028304606606 0)
(-0.0163331207753 -0.0291163292205 0)
(-0.0164011594122 -0.0299292710847 0)
(-0.0164665230461 -0.0307436900745 0)
(-0.0165294240721 -0.0315598820729 0)
(-0.0165899374785 -0.0323781375908 0)
(-0.0166480155734 -0.0331987022466 0)
(-0.0167035136329 -0.0340217451899 0)
(-0.0167562230401 -0.0348473386971 0)
(-0.0168059074611 -0.0356754507755 0)
(-0.0168523373669 -0.0365059507979 0)
(-0.016895319823 -0.0373386270941 0)
(-0.0169347084992 -0.0381732094723 0)
(-0.0169703946132 -0.0390093917343 0)
(-0.0170023076319 -0.0398468526169 0)
(-0.0170304040525 -0.0406852646385 0)
(-0.0170546407664 -0.0415242887462 0)
(-0.017074956304 -0.0423635564555 0)
(-0.0170912628532 -0.0432026412777 0)
(-0.0171034510315 -0.0440410244917 0)
(-0.0171113996512 -0.0448780606407 0)
(-0.0171145347957 -0.0457129705683 0)
(-0.00392029063527 0.000829682591214 0)
(-0.00446274360832 0.000651107729141 0)
(-0.00495245045303 0.000434716549913 0)
(-0.00540359936252 0.000185525880701 0)
(-0.00582958170249 -9.31668184109e-05 0)
(-0.0062381474069 -0.000399414497329 0)
(-0.00663338651779 -0.000731888856415 0)
(-0.00701749558951 -0.00108952161669 0)
(-0.00739170405932 -0.00147138507534 0)
(-0.0077567086968 -0.0018766521749 0)
(-0.00811287908973 -0.00230457081174 0)
(-0.00846036196474 -0.00275443599385 0)
(-0.00879914243043 -0.00322555854226 0)
(-0.00912908849807 -0.00371723360488 0)
(-0.00944999132712 -0.00422871281226 0)
(-0.00976160572525 -0.00475918425628 0)
(-0.0100636913049 -0.00530776332626 0)
(-0.0103560507455 -0.00587349605249 0)
(-0.0106385568072 -0.00645537326773 0)
(-0.0109111842629 -0.00705236170574 0)
(-0.0111740443145 -0.00766344653122 0)
(-0.0114273689461 -0.00828766153613 0)
(-0.0116714787641 -0.00892411694278 0)
(-0.0119067666648 -0.0095720262614 0)
(-0.0121336691227 -0.0102307200968 0)
(-0.0123526352861 -0.0108996483785 0)
(-0.0125640987989 -0.0115783730215 0)
(-0.012768455208 -0.0122665539726 0)
(-0.0129660455031 -0.012963931828 0)
(-0.0131571449458 -0.0136703094811 0)
(-0.0133419547138 -0.0143855339197 0)
(-0.0135205989829 -0.0151094800839 0)
(-0.013693122535 -0.0158420321013 0)
(-0.0138594854368 -0.0165830618652 0)
(-0.0140195659082 -0.0173324057178 0)
(-0.0141731690019 -0.01808983844 0)
(-0.0143200442215 -0.0188550471784 0)
(-0.0144599134277 -0.0196276094436 0)
(-0.0145925083533 -0.0204069800714 0)
(-0.0147176144254 -0.0211924916471 0)
(-0.014835115729 -0.0219833711533 0)
(-0.0149450355156 -0.0227787731293 0)
(-0.0150475569489 -0.0235778288195 0)
(-0.0151430307931 -0.0243797021577 0)
(-0.0152319702178 -0.0251836446784 0)
(-0.0153150214348 -0.0259890453306 0)
(-0.0153929160098 -0.0267954674084 0)
(-0.0154664158198 -0.0276026674534 0)
(-0.0155362559345 -0.0284105944988 0)
(-0.0156030917831 -0.0292193707884 0)
(-0.0156674560493 -0.0300292570653 0)
(-0.0157297292262 -0.0308406068515 0)
(-0.0157901261126 -0.0316538148394 0)
(-0.0158486989486 -0.0324692647842 0)
(-0.015905356343 -0.033287282245 0)
(-0.0159598955567 -0.0341080971483 0)
(-0.0160120440746 -0.0349318202941 0)
(-0.0160615049578 -0.0357584363817 0)
(-0.0161079997775 -0.0365878140182 0)
(-0.0161513040816 -0.0374197318362 0)
(-0.0161912601779 -0.038253909253 0)
(-0.0162277676214 -0.0390900353881 0)
(-0.0162607766753 -0.0399278005004 0)
(-0.0162902659361 -0.0407669115919 0)
(-0.0163162049119 -0.0416070844375 0)
(-0.0163385253794 -0.0424480186733 0)
(-0.0163571071431 -0.0432893580873 0)
(-0.0163717818263 -0.0441306431663 0)
(-0.0163823473065 -0.0449712642208 0)
(-0.0163881266162 -0.0458104463323 0)
(-0.00379159308202 0.000708775666778 0)
(-0.00426619031638 0.000523113161193 0)
(-0.00471603687295 0.000302524388434 0)
(-0.00514156104825 5.00437595132e-05 0)
(-0.00554758101812 -0.000231684696773 0)
(-0.00593840386172 -0.000540706973996 0)
(-0.0063169248066 -0.000875587784642 0)
(-0.00668493678354 -0.00123520910978 0)
(-0.00704353051429 -0.00161865151545 0)
(-0.00739335417776 -0.00202513174873 0)
(-0.00773475699452 -0.00245396071184 0)
(-0.00806786816263 -0.00290450476781 0)
(-0.00839264658737 -0.00337614569314 0)
(-0.00870892098526 -0.00386824104067 0)
(-0.009016430629 -0.00438008878885 0)
(-0.0093148702582 -0.0049109013235 0)
(-0.00960393855893 -0.0054597929439 0)
(-0.0098833853113 -0.00602578355307 0)
(-0.0101530474052 -0.00660781750886 0)
(-0.0104128865042 -0.00720480206143 0)
(-0.010663024572 -0.0078156581985 0)
(-0.0109037282566 -0.00843936191706 0)
(-0.0111353727653 -0.00907498163461 0)
(-0.0113584169508 -0.00972170968568 0)
(-0.0115733658444 -0.0103788773411 0)
(-0.0117807321843 -0.0110459547448 0)
(-0.0119810031321 -0.0117225388779 0)
(-0.012174615558 -0.0124083341321 0)
(-0.0123619400677 -0.0131031302582 0)
(-0.0125432718446 -0.0138067812746 0)
(-0.012718824495 -0.0145191870463 0)
(-0.0128887274578 -0.0152402765631 0)
(-0.0130530225893 -0.0159699903358 0)
(-0.0132116563385 -0.0167082603536 0)
(-0.0133644784457 -0.0174549839851 0)
(-0.0135112472042 -0.0182099927197 0)
(-0.0136516460368 -0.0189730184746 0)
(-0.0137853141098 -0.0197436629391 0)
(-0.0139118908422 -0.0205213769059 0)
(-0.0140310704192 -0.0213054563419 0)
(-0.0141426594568 -0.0220950598524 0)
(-0.0142466299115 -0.0228892495293 0)
(-0.0143431482549 -0.0236870483258 0)
(-0.0144325869489 -0.0244875076406 0)
(-0.0145155185114 -0.0252897808316 0)
(-0.0145926791404 -0.0260931870868 0)
(-0.0146649093306 -0.0268972558933 0)
(-0.0147330855636 -0.0277017493337 0)
(-0.0147980502779 -0.0285066598678 0)
(-0.0148605480744 -0.0293121854834 0)
(-0.014921174552 -0.0301186865388 0)
(-0.0149803420616 -0.0309266299408 0)
(-0.015038264683 -0.0317365267711 0)
(-0.0150949630792 -0.0325488695461 0)
(-0.0151502883718 -0.0333640752698 0)
(-0.015203962505 -0.0341824402656 0)
(-0.0152556305611 -0.0350041121645 0)
(-0.0153049183763 -0.0358290828891 0)
(-0.0153514872979 -0.0366572040466 0)
(-0.0153950782259 -0.0374882246675 0)
(-0.0154355289911 -0.0383218341626 0)
(-0.0154727644039 -0.0391577013332 0)
(-0.0155067796224 -0.0399955214592 0)
(-0.0155376018414 -0.0408350422405 0)
(-0.0155652366655 -0.0416760529259 0)
(-0.0155896243086 -0.0425183498437 0)
(-0.0156106154366 -0.0433616807497 0)
(-0.0156279729043 -0.044205678114 0)
(-0.0156413925923 -0.0450497943639 0)
(-0.0156500655787 -0.0458932748535 0)
(-0.00367938851193 0.000578767269063 0)
(-0.0040930280069 0.000387030043502 0)
(-0.00449865900207 0.000162695478082 0)
(-0.00489237515483 -9.26012034874e-05 0)
(-0.00527359079058 -0.000376768126679 0)
(-0.00564324985497 -0.000687948100833 0)
(-0.00600257789733 -0.00102465402441 0)
(-0.00635260591323 -0.00138571790097 0)
(-0.00669408167658 -0.00177021306332 0)
(-0.00702749422831 -0.00217738968341 0)
(-0.00735311055714 -0.00260662080373 0)
(-0.0076710041277 -0.003057351268 0)
(-0.00798107963917 -0.00352904590832 0)
(-0.00828310146601 -0.00402113839832 0)
(-0.0085767314184 -0.00453298498045 0)
(-0.00886157728848 -0.00506382932354 0)
(-0.00913724993935 -0.00561278441866 0)
(-0.00940342197938 -0.00617883579332 0)
(-0.00965987590214 -0.00676086612155 0)
(-0.00990654989094 -0.00735770356361 0)
(-0.0101435752483 -0.00796818434667 0)
(-0.0103712600786 -0.00859120929961 0)
(-0.010590046719 -0.00922579421176 0)
(-0.0108004744548 -0.00987110720329 0)
(-0.011003129563 -0.0105264843003 0)
(-0.0111985965361 -0.0111914247687 0)
(-0.0113874186096 -0.0118655711843 0)
(-0.0115700716412 -0.0125486814443 0)
(-0.0117469507703 -0.0132405999761 0)
(-0.0119183660667 -0.0139412334287 0)
(-0.0120845411039 -0.0146505332859 0)
(-0.0122456120593 -0.0153684806893 0)
(-0.0124016230568 -0.0160950728413 0)
(-0.0125525139755 -0.0168303069416 0)
(-0.0126981118216 -0.0175741521883 0)
(-0.0128381290816 -0.018326512318 0)
(-0.0129721764959 -0.0190871814473 0)
(-0.0130997953159 -0.0198558005993 0)
(-0.0132205100161 -0.0206318249814 0)
(-0.0133338969125 -0.0214145122875 0)
(-0.0134396594064 -0.02220293969 0)
(-0.0135376984192 -0.0229960538968 0)
(-0.0136281539742 -0.0237927400148 0)
(-0.0137114223086 -0.0245919054958 0)
(-0.0137881485529 -0.0253925781151 0)
(-0.0138591804079 -0.0261939882455 0)
(-0.0139254928064 -0.0269956228613 0)
(-0.0139881020456 -0.0277972512231 0)
(-0.0140479794241 -0.0285989195571 0)
(-0.0141059743693 -0.0294009181418 0)
(-0.0141627542963 -0.0302037271227 0)
(-0.0142187653953 -0.0310079483391 0)
(-0.0142742162109 -0.0318142302531 0)
(-0.0143290844363 -0.0326231926575 0)
(-0.0143831462736 -0.033435357839 0)
(-0.0144360262256 -0.0342510952232 0)
(-0.0144872627749 -0.0350705866205 0)
(-0.0145363822333 -0.0358938180493 0)
(-0.0145829701031 -0.0367206014381 0)
(-0.0146267281373 -0.0375506276533 0)
(-0.0146674991578 -0.0383835270851 0)
(-0.0147052567482 -0.0392189247979 0)
(-0.0147400750516 -0.0400565103364 0)
(-0.0147720679771 -0.0408960788997 0)
(-0.0148013113237 -0.0417375177798 0)
(-0.0148277762058 -0.0425807587604 0)
(-0.0148512897289 -0.0434256996069 0)
(-0.0148715331458 -0.0442721094522 0)
(-0.0148880716231 -0.045119538008 0)
(-0.0148999250749 -0.0459672709856 0)
(-0.00356039391727 0.000442830172907 0)
(-0.0039228530443 0.000245642694885 0)
(-0.00428784246556 1.74539356505e-05 0)
(-0.00464925062795 -0.000240728837025 0)
(-0.00500378666154 -0.000527193650508 0)
(-0.00535028844255 -0.000840225127823 0)
(-0.00568866343535 -0.00117835484755 0)
(-0.00601921313325 -0.0015404070194 0)
(-0.006342305954 -0.00192546758128 0)
(-0.00665823605463 -0.00233283191086 0)
(-0.00696716317107 -0.00276194730233 0)
(-0.00726908702507 -0.00321235247239 0)
(-0.00756384187901 -0.00368361376022 0)
(-0.00785110922182 -0.00417526033474 0)
(-0.00813045030757 -0.00468672364754 0)
(-0.00840135834034 -0.0052172893848 0)
(-0.00866332645378 -0.00576607059921 0)
(-0.00891592194378 -0.00633200904579 0)
(-0.00915885120865 -0.00691390671406 0)
(-0.00939201744619 -0.0075104875413 0)
(-0.00961556151146 -0.00812047668793 0)
(-0.00982984389941 -0.00874267814435 0)
(-0.010035392119 -0.00937604256745 0)
(-0.0102328456937 -0.0100197121796 0)
(-0.0104228884524 -0.0106730357119 0)
(-0.0106061857153 -0.0113355555422 0)
(-0.01078333738 -0.0120069750677 0)
(-0.0109548517942 -0.0126871176278 0)
(-0.0111211384868 -0.0133758880366 0)
(-0.0112825129552 -0.0140732444985 0)
(-0.0114392038415 -0.0147791841955 0)
(-0.0115913559328 -0.0154937331143 0)
(-0.0117390241324 -0.0162169408749 0)
(-0.0118821543098 -0.0169488726572 0)
(-0.0120205627995 -0.0176895811104 0)
(-0.0121539226155 -0.018439061819 0)
(-0.0122817680329 -0.0191971949629 0)
(-0.0124035264227 -0.0199636832057 0)
(-0.0125185803593 -0.0207380004869 0)
(-0.0126263548285 -0.0215193673926 0)
(-0.012726416806 -0.0223067654701 0)
(-0.0128185704159 -0.0230989981972 0)
(-0.0129029165382 -0.0238947760862 0)
(-0.0129798780326 -0.0246928239064 0)
(-0.0130501897895 -0.0254920108063 0)
(-0.0131148380595 -0.0262914565481 0)
(-0.0131749631346 -0.0270905972768 0)
(-0.0132317502333 -0.0278892137758 0)
(-0.0132863228186 -0.0286874200709 0)
(-0.0133396508419 -0.0294856187467 0)
(-0.0133924815545 -0.0302844325361 0)
(-0.0134452959945 -0.0310846216646 0)
(-0.0134982916241 -0.0318869947504 0)
(-0.0135513909314 -0.0326923196225 0)
(-0.0136042759685 -0.0335012404514 0)
(-0.0136564480846 -0.0343142090314 0)
(-0.013707309353 -0.0351314397212 0)
(-0.013756257379 -0.0359528975442 0)
(-0.0138027797676 -0.0367783262757 0)
(-0.0138465308814 -0.0376073206717 0)
(-0.013887368836 -0.0384394118272 0)
(-0.0139253456488 -0.0392741473823 0)
(-0.0139606593499 -0.0401111939054 0)
(-0.0139935620557 -0.0409504002943 0)
(-0.0140242466175 -0.0417917825759 0)
(-0.0140527464981 -0.0426354585389 0)
(-0.0140788738326 -0.043481536831 0)
(-0.0141022118942 -0.04432998233 0)
(-0.0141221575936 -0.0451804877433 0)
(-0.0141375094899 -0.0460324039768 0)
(-0.00342006265337 0.000304431224123 0)
(-0.00374380873746 0.000101681673628 0)
(-0.00407475392252 -0.000130941644458 0)
(-0.00440625066946 -0.000392481892783 0)
(-0.00473430299106 -0.000681454841249 0)
(-0.0050569259399 -0.000996304368178 0)
(-0.00537333464096 -0.00133564370873 0)
(-0.00568336010412 -0.0016983462891 0)
(-0.00598708935251 -0.00208355090155 0)
(-0.00628465824262 -0.00249062644657 0)
(-0.00657613381901 -0.00291911789175 0)
(-0.00686144739305 -0.00336868123078 0)
(-0.00714036122621 -0.00383900962961 0)
(-0.00741246424611 -0.00432975402135 0)
(-0.0076771980036 -0.00484044483773 0)
(-0.00793391301008 -0.00537042616535 0)
(-0.00818195093812 -0.00591881545609 0)
(-0.00842074028648 -0.00648450047187 0)
(-0.00864988508824 -0.00706617884513 0)
(-0.00886924032513 -0.00766243785708 0)
(-0.0090789588487 -0.0082718575577 0)
(-0.00927947032235 -0.00889311771827 0)
(-0.00947141326358 -0.0095250895024 0)
(-0.00965555463251 -0.0101668900941 0)
(-0.00983269686457 -0.0108178949502 0)
(-0.010003595901 -0.011477711199 0)
(-0.010168905445 -0.0121461251507 0)
(-0.0103291532995 -0.0128230415666 0)
(-0.0104847455136 -0.0135084314057 0)
(-0.0106359868137 -0.0142022993491 0)
(-0.0107831021544 -0.0149046753244 0)
(-0.0109262470218 -0.0156156146058 0)
(-0.0110655000962 -0.0163352076908 0)
(-0.0112008336398 -0.0170635863114 0)
(-0.0113320747062 -0.0178008984718 0)
(-0.0114588715312 -0.0185472562617 0)
(-0.01158068313 -0.0193026585609 0)
(-0.0116968070172 -0.0200669021876 0)
(-0.0118064516849 -0.0208395028497 0)
(-0.0119088482955 -0.0216196497564 0)
(-0.0120033840513 -0.0224062135794 0)
(-0.0120897323647 -0.0231978203576 0)
(-0.0121679385542 -0.0239929596998 0)
(-0.0122384565185 -0.024790125303 0)
(-0.0123021338597 -0.0255879878062 0)
(-0.0123601300591 -0.0263855322239 0)
(-0.0124137883971 -0.0271821376479 0)
(-0.0124644959169 -0.0279776056371 0)
(-0.0125135519278 -0.0287721374591 0)
(-0.0125620605287 -0.0295662719948 0)
(-0.0126108540987 -0.030360799149 0)
(-0.0126604477919 -0.0311566611899 0)
(-0.0127110223318 -0.0319548497849 0)
(-0.0127624335923 -0.032756303064 0)
(-0.0128142502963 -0.0335618071131 0)
(-0.0128658223471 -0.0343719098132 0)
(-0.0129163794277 -0.0351868597444 0)
(-0.0129651521664 -0.036006585409 0)
(-0.0130114986079 -0.0368307279399 0)
(-0.0130550107555 -0.0376587363784 0)
(-0.0130955716271 -0.0384899871117 0)
(-0.0131333482275 -0.0393239019244 0)
(-0.0131687211993 -0.0401600971696 0)
(-0.0132021501592 -0.0409984797803 0)
(-0.0132340091343 -0.0418392327335 0)
(-0.0132644375843 -0.042682725869 0)
(-0.0132932452377 -0.0435293593526 0)
(-0.0133198959386 -0.0443793720218 0)
(-0.0133435684078 -0.0452326591991 0)
(-0.0133627736271 -0.0460886678403 0)
(-0.00325328950408 0.00016667348323 0)
(-0.00355149375187 -4.2860263167e-05 0)
(-0.00385486280133 -0.000280728138443 0)
(-0.0041594704825 -0.000546240746115 0)
(-0.00446212681089 -0.000838092748226 0)
(-0.00476091624566 -0.00115488288193 0)
(-0.00505489971923 -0.00149534640203 0)
(-0.00534373477851 -0.00185845657778 0)
(-0.00562738028529 -0.00224344857115 0)
(-0.00590589252831 -0.00264979859313 0)
(-0.00617928910941 -0.00307717734698 0)
(-0.0064474585047 -0.00352538567683 0)
(-0.0067101043651 -0.00399427410189 0)
(-0.00696672372269 -0.00448364876267 0)
(-0.00721662439725 -0.00499317146532 0)
(-0.00745898555922 -0.00552226919095 0)
(-0.00769295828856 -0.00607007309825 0)
(-0.00791779091294 -0.00663540647688 0)
(-0.00813295180865 -0.00721683300224 0)
(-0.00833823154118 -0.00781276089762 0)
(-0.00853380021962 -0.00842158027858 0)
(-0.0087201815886 -0.00904181145219 0)
(-0.0088981619616 -0.00967222951968 0)
(-0.00906867315685 -0.0103119316563 0)
(-0.00923266350987 -0.0109603431884 0)
(-0.00939098975593 -0.0116171687559 0)
(-0.0095443510657 -0.0122823093967 0)
(-0.00969327199491 -0.0129557728041 0)
(-0.00983812609584 -0.0136376016934 0)
(-0.00997918144678 -0.0143278363668 0)
(-0.0101166448532 -0.0150265165654 0)
(-0.0102506844406 -0.0157336995005 0)
(-0.0103814214174 -0.0164494943202 0)
(-0.0105088854531 -0.0171740911685 0)
(-0.0106329488115 -0.0179077446724 0)
(-0.0107532619275 -0.018650714229 0)
(-0.010869217749 -0.0194031618085 0)
(-0.0109799690697 -0.0201650252276 0)
(-0.011084511699 -0.0209358977031 0)
(-0.0111818283342 -0.0217149498284 0)
(-0.0112710690533 -0.0225009251289 0)
(-0.0113517314376 -0.0232922292931 0)
(-0.0114237841182 -0.0240870714386 0)
(-0.0114877194698 -0.024883652664 0)
(-0.0115445297102 -0.0256803967131 0)
(-0.0115955931828 -0.026476128237 0)
(-0.0116425023906 -0.0272701680581 0)
(-0.0116868824721 -0.0280623562638 0)
(-0.0117302300505 -0.0288530088583 0)
(-0.0117737913068 -0.0296428295315 0)
(-0.0118184832424 -0.0304328000028 0)
(-0.0118648514652 -0.0312240652797 0)
(-0.0119130553957 -0.0320178199748 0)
(-0.0119628767742 -0.0328151947235 0)
(-0.0120137554115 -0.033617141828 0)
(-0.0120648612348 -0.0344243264767 0)
(-0.0121152092402 -0.0352370404651 0)
(-0.0121638128206 -0.0360551629611 0)
(-0.0122098544567 -0.0368781925782 0)
(-0.0122528373549 -0.037705368783 0)
(-0.0122926755542 -0.0385358374387 0)
(-0.0123296949205 -0.0393688250171 0)
(-0.0123645349866 -0.040203855329 0)
(-0.012397955832 -0.0410408937583 0)
(-0.0124306001197 -0.0418803376664 0)
(-0.0124627734597 -0.042722895427 0)
(-0.0124943009287 -0.0435693657881 0)
(-0.0125244982351 -0.0444203652967 0)
(-0.0125522587483 -0.0452760697418 0)
(-0.01257571769 -0.0461360600721 0)
(-0.00306908512581 2.99135632842e-05 0)
(-0.00334671247171 -0.000186896661174 0)
(-0.00362663072168 -0.000430685468334 0)
(-0.00390683205883 -0.000700723075996 0)
(-0.00418527816208 -0.000995812057328 0)
(-0.00446057691121 -0.00131469257649 0)
(-0.00473198796888 -0.00165624240659 0)
(-0.00499922969777 -0.0020195699444 0)
(-0.00526227576249 -0.00240404142501 0)
(-0.00552118887875 -0.00280926859476 0)
(-0.00577599272205 -0.00323507170982 0)
(-0.00602657255222 -0.00368142174917 0)
(-0.00627260109879 -0.00414835863397 0)
(-0.00651349631681 -0.00463588365999 0)
(-0.0067484252586 -0.00514383301425 0)
(-0.00697636678752 -0.00567175263135 0)
(-0.00719623480912 -0.00621880480354 0)
(-0.00740704452828 -0.00678373880276 0)
(-0.00760808460532 -0.00736494729468 0)
(-0.00779905995424 -0.00796060335908 0)
(-0.00798016664576 -0.00856884725543 0)
(-0.00815205865637 -0.00918799370534 0)
(-0.00831572209466 -0.00981670257075 0)
(-0.00847230494592 -0.0104540625767 0)
(-0.00862293666867 -0.0110995853598 0)
(-0.00876858457018 -0.0117531214572 0)
(-0.00890997662777 -0.0124147316277 0)
(-0.00904759780745 -0.0130845551378 0)
(-0.00918174490983 -0.0137627114962 0)
(-0.0093126104032 -0.0144492578144 0)
(-0.00944036058535 -0.0151442072969 0)
(-0.00956517737448 -0.0158475758163 0)
(-0.00968725015419 -0.0165594540956 0)
(-0.00980671058286 -0.0172800724669 0)
(-0.00992352815613 -0.0180098011382 0)
(-0.0100373997975 -0.0187490845395 0)
(-0.010147673827 -0.0194983072875 0)
(-0.0102533465823 -0.020257614665 0)
(-0.0103531550389 -0.0210267313388 0)
(-0.0104457626317 -0.0218048327018 0)
(-0.0105300056721 -0.0225905180551 0)
(-0.0106051453404 -0.0233819177866 0)
(-0.0106710465494 -0.0241768822588 0)
(-0.0107282530576 -0.0249732403902 0)
(-0.0107779474679 -0.0257691101177 0)
(-0.0108217884955 -0.0265631305391 0)
(-0.0108616751623 -0.0273545729619 0)
(-0.0108995090077 -0.0281433479943 0)
(-0.0109369985407 -0.0289299258435 0)
(-0.0109755281528 -0.0297152084201 0)
(-0.0110160881348 -0.0305003906227 0)
(-0.0110592460655 -0.031286832288 0)
(-0.0111051386471 -0.0320759422732 0)
(-0.0111534750921 -0.0328690627059 0)
(-0.0112035606305 -0.0336673414436 0)
(-0.0112543611751 -0.0344715942873 0)
(-0.0113046293985 -0.0352821791779 0)
(-0.0113530957341 -0.0360989216566 0)
(-0.0113987000353 -0.0369211348421 0)
(-0.0114408115341 -0.0377477679148 0)
(-0.0114793731185 -0.0385776331877 0)
(-0.0115149203737 -0.0394096627554 0)
(-0.0115484498733 -0.0402432233131 0)
(-0.0115811461349 -0.0410783320243 0)
(-0.0116140389189 -0.0419156591419 0)
(-0.0116476820275 -0.0427563646233 0)
(-0.0116819402487 -0.043601787645 0)
(-0.0117159423206 -0.044453059708 0)
(-0.0117482057498 -0.0453107383067 0)
(-0.0117763725704 -0.0461745842965 0)
(-0.00287364476915 -0.000105835378092 0)
(-0.00313197236622 -0.000330032946855 0)
(-0.00339028271289 -0.000580046842541 0)
(-0.00364754553935 -0.000854922774206 0)
(-0.00390263781855 -0.0011534615251 0)
(-0.00415478220417 -0.00147450607351 0)
(-0.00440359805891 -0.00181707931557 0)
(-0.00464900223185 -0.00218044478661 0)
(-0.00489108059175 -0.00256412056285 0)
(-0.00512996982599 -0.00296786832574 0)
(-0.00536575257865 -0.0033916682712 0)
(-0.00559835849858 -0.00383567628566 0)
(-0.00582747154905 -0.00430014973685 0)
(-0.00605245906551 -0.00478532994897 0)
(-0.00627235100255 -0.00529128358063 0)
(-0.00648589795678 -0.00581772822873 0)
(-0.00669172035995 -0.00636388794081 0)
(-0.00688853067869 -0.00692843174203 0)
(-0.00707537750916 -0.00750953508356 0)
(-0.00725185063557 -0.00810506104205 0)
(-0.00741818494999 -0.00871281896088 0)
(-0.00757521629382 -0.00933085690785 0)
(-0.00772420345253 -0.00995769746982 0)
(-0.00786658026694 -0.0105924425252 0)
(-0.00800370201506 -0.0112347453823 0)
(-0.00813665428034 -0.0118846719996 0)
(-0.00826616494685 -0.0125425047367 0)
(-0.00839262470258 -0.0132085514648 0)
(-0.00851618977768 -0.0138830120121 0)
(-0.00863692162328 -0.0145659310247 0)
(-0.00875491355073 -0.0152572418693 0)
(-0.00887036066289 -0.0159568556611 0)
(-0.00898355361977 -0.0166647882126 0)
(-0.00909478670673 -0.0173812774678 0)
(-0.00920420077437 -0.0181068129755 0)
(-0.00931160689493 -0.0188420686401 0)
(-0.00941634840169 -0.0195877297746 0)
(-0.00951726019357 -0.0203442416536 0)
(-0.00961276619832 -0.0211115400154 0)
(-0.00970111880498 -0.0218888445551 0)
(-0.00978073748323 -0.0226745931993 0)
(-0.00985056503811 -0.0234665694828 0)
(-0.00991032817288 -0.024262160314 0)
(-0.00996064433366 -0.0250587177947 0)
(-0.0100029536564 -0.0258539821727 0)
(-0.0100392798306 -0.026646385845 0)
(-0.0100718998183 -0.0274351774309 0)
(-0.0101030290104 -0.0282203931361 0)
(-0.0101345876199 -0.0290027144184 0)
(-0.0101680728813 -0.0297832796612 0)
(-0.0102045184682 -0.0305635093086 0)
(-0.0102444977644 -0.0313449723223 0)
(-0.0102881296427 -0.0321292853351 0)
(-0.0103350696825 -0.032918012129 0)
(-0.0103845030302 -0.0337125308301 0)
(-0.010435180425 -0.0345138597157 0)
(-0.0104855422442 -0.0353224699735 0)
(-0.0105339509187 -0.036138147527 0)
(-0.0105790062939 -0.0369599789161 0)
(-0.0106198689554 -0.0377865232727 0)
(-0.010656492515 -0.0386161204855 0)
(-0.0106896785992 -0.0394472681002 0)
(-0.0107209057062 -0.0402790791284 0)
(-0.0107519466052 -0.0411116042875 0)
(-0.0107843767502 -0.0419458582728 0)
(-0.0108191082831 -0.0427835994756 0)
(-0.0108560781542 -0.0436268939881 0)
(-0.0108941756698 -0.0444775683557 0)
(-0.010931421349 -0.0453366923701 0)
(-0.0109648087674 -0.0462042613491 0)
(-0.00267013965024 -0.00024033466582 0)
(-0.00290927749739 -0.000471907134821 0)
(-0.00314653707507 -0.000728179141442 0)
(-0.00338147656297 -0.00100794165962 0)
(-0.00361365138296 -0.0013099358902 0)
(-0.00384284585257 -0.00163307860074 0)
(-0.00406907145559 -0.00197653825186 0)
(-0.00429249189375 -0.0023397457453 0)
(-0.00451334529818 -0.00272237829836 0)
(-0.00473187665058 -0.00312434283019 0)
(-0.00494826710662 -0.00354576757361 0)
(-0.00516254207061 -0.00398698783421 0)
(-0.00537445550776 -0.00444849484423 0)
(-0.00558337459896 -0.0049308169108 0)
(-0.00578821349208 -0.00543432335071 0)
(-0.00598747113274 -0.00595898018182 0)
(-0.00617940647196 -0.00650412507023 0)
(-0.00636233622277 -0.00706834829541 0)
(-0.00653498435855 -0.007649551055 0)
(-0.0066967830463 -0.00824518588981 0)
(-0.00684802393508 -0.00885262070669 0)
(-0.00698979769805 -0.00946955566002 0)
(-0.00712373691045 -0.0100943515498 0)
(-0.00725165431553 -0.0107261604269 0)
(-0.00737518571118 -0.0113648589517 0)
(-0.00749553714221 -0.0120108253051 0)
(-0.00761338998579 -0.0126646452358 0)
(-0.00772896270501 -0.0133268405996 0)
(-0.00784218409862 -0.0139976916703 0)
(-0.0079529105675 -0.0146771883462 0)
(-0.00806111828635 -0.0153651111695 0)
(-0.00816701184124 -0.0160611797737 0)
(-0.00827102292005 -0.0167652551298 0)
(-0.00837368585244 -0.0174775309846 0)
(-0.00847541248624 -0.0181986100938 0)
(-0.00857622552966 -0.0189294445618 0)
(-0.00867552921567 -0.0196711189487 0)
(-0.00877200519053 -0.0204245041659 0)
(-0.00886370336839 -0.0211898622576 0)
(-0.00894834715368 -0.0219665210794 0)
(-0.0090238002664 -0.022752741975 0)
(-0.0090885753164 -0.0235458675549 0)
(-0.00914221663773 -0.0243426791199 0)
(-0.00918545302501 -0.0251399122878 0)
(-0.00922008187921 -0.0259348418478 0)
(-0.00924860981321 -0.0267256826906 0)
(-0.00927378077377 -0.027511718304 0)
(-0.00929815509143 -0.0282932016503 0)
(-0.00932383739573 -0.0290711075454 0)
(-0.009352376655 -0.0298468528994 0)
(-0.00938479052232 -0.0306220781025 0)
(-0.00942163036153 -0.0313985241369 0)
(-0.00946301271738 -0.0321779775046 0)
(-0.00950858722834 -0.0329622159342 0)
(-0.00955746883178 -0.0337528870732 0)
(-0.00960820837508 -0.0345512904603 0)
(-0.00965888809192 -0.0353580966423 0)
(-0.00970739445327 -0.0361730995856 0)
(-0.00975184740522 -0.0369951291983 0)
(-0.0097910794751 -0.0378222345687 0)
(-0.00982500949661 -0.0386520977449 0)
(-0.00985476383579 -0.0394825854919 0)
(-0.00988245982168 -0.0403124160476 0)
(-0.00991067202071 -0.0411416383234 0)
(-0.00994172994214 -0.0419716981988 0)
(-0.00997704832067 -0.0428051409163 0)
(-0.0100166779451 -0.0436450008967 0)
(-0.0100591990185 -0.0444940325061 0)
(-0.0101019759317 -0.0453539843673 0)
(-0.0101411515576 -0.0462251502475 0)
(-0.00246030968935 -0.00037323009659 0)
(-0.00267986815578 -0.000612005923141 0)
(-0.00289599024662 -0.000874354356698 0)
(-0.00310868335359 -0.00115881200335 0)
(-0.00331805343551 -0.00146404888995 0)
(-0.00352437893109 -0.00178905753494 0)
(-0.00372803509781 -0.00213316923113 0)
(-0.0039294144895 -0.00249599851555 0)
(-0.00412889080344 -0.00287737967466 0)
(-0.00432681085933 -0.00327733810437 0)
(-0.00452347295394 -0.00369610744682 0)
(-0.0047190504564 -0.00413416532711 0)
(-0.00491344656578 -0.00459223112881 0)
(-0.00510611054861 -0.00507116391373 0)
(-0.00529589120603 -0.00557172684762 0)
(-0.00548102452324 -0.00609424533079 0)
(-0.00565932756934 -0.00663825600893 0)
(-0.00582859648021 -0.00720228727973 0)
(-0.00598711086431 -0.00778389693605 0)
(-0.00613408301757 -0.00837999159759 0)
(-0.00626988576387 -0.00898734657414 0)
(-0.00639596698021 -0.00960320643535 0)
(-0.00651447143709 -0.0102257452801 0)
(-0.00662771155256 -0.0108542261161 0)
(-0.00673766600876 -0.0114888663065 0)
(-0.00684565127348 -0.012130485903 0)
(-0.00695223154108 -0.0127800760485 0)
(-0.007057348113 -0.0134384232404 0)
(-0.00716059199936 -0.0141058815001 0)
(-0.0072615229091 -0.0147823288165 0)
(-0.00735994439575 -0.0154672999151 0)
(-0.00745606216624 -0.0161602128032 0)
(-0.00755049207339 -0.0168606685619 0)
(-0.00764409944952 -0.0175687411848 0)
(-0.00773769196505 -0.0182851235705 0)
(-0.00783163632411 -0.019011092329 0)
(-0.00792549995622 -0.019748248451 0)
(-0.00801784366407 -0.0204980533474 0)
(-0.00810628120423 -0.0212612588234 0)
(-0.00818785887358 -0.0220374017706 0)
(-0.00825969812419 -0.0228245585021 0)
(-0.00831972776398 -0.0236195071313 0)
(-0.00836725248267 -0.0244182284644 0)
(-0.00840317404514 -0.0252166529082 0)
(-0.00842979552206 -0.0260114828703 0)
(-0.00845027156517 -0.0268007256965 0)
(-0.00846792279883 -0.0275838069467 0)
(-0.00848566929529 -0.0283613414322 0)
(-0.00850572744886 -0.0291347131611 0)
(-0.00852958214329 -0.0299056601375 0)
(-0.00855813268534 -0.0306760062167 0)
(-0.00859186423127 -0.0314475779535 0)
(-0.00863092205883 -0.0322222442507 0)
(-0.00867504039993 -0.0330019578764 0)
(-0.00872336949825 -0.0337886762468 0)
(-0.00877432229569 -0.034584095066 0)
(-0.00882559330062 -0.0353892292001 0)
(-0.00887446041345 -0.0362039845835 0)
(-0.00891836638895 -0.0370269306486 0)
(-0.00895563107264 -0.0378554670743 0)
(-0.00898604979563 -0.0386863733542 0)
(-0.00901113001269 -0.0395166146845 0)
(-0.00903382238345 -0.0403443143478 0)
(-0.0090577761048 -0.0411694615151 0)
(-0.00908634014812 -0.0419940378515 0)
(-0.00912161305867 -0.0428216120777 0)
(-0.00916381020177 -0.043656490816 0)
(-0.00921111389033 -0.0445026493552 0)
(-0.00926003077513 -0.0453627243812 0)
(-0.00930559637962 -0.0462373838798 0)
(-0.0022450283872 -0.00050395688561 0)
(-0.00244436884603 -0.000749575969331 0)
(-0.00263894986286 -0.0010176194784 0)
(-0.00282918520312 -0.00130636253587 0)
(-0.00301568451937 -0.00161441681407 0)
(-0.00319917598885 -0.00194088768054 0)
(-0.00338034605022 -0.00228531649921 0)
(-0.00355974968887 -0.00264753279941 0)
(-0.0037378260996 -0.00302752161109 0)
(-0.00391497240989 -0.00342537685582 0)
(-0.00409159514263 -0.00384135718343 0)
(-0.00426806455017 -0.00427600159641 0)
(-0.0044445357579 -0.00473021547236 0)
(-0.00462066618021 -0.00520521915268 0)
(-0.00479533620711 -0.0057022805389 0)
(-0.00496653352408 -0.00622224213045 0)
(-0.00513154320656 -0.00676497608362 0)
(-0.00528747483009 -0.00732899346896 0)
(-0.00543199443014 -0.00791142727433 0)
(-0.00556400345466 -0.00850845625681 0)
(-0.00568398919789 -0.00911605700023 0)
(-0.00579389941184 -0.00973087812176 0)
(-0.00589657688934 -0.0103508874182 0)
(-0.0059949834019 -0.0109755564283 0)
(-0.00609150177151 -0.0116056072863 0)
(-0.00618752436488 -0.0122424665893 0)
(-0.00628339564108 -0.0128876468544 0)
(-0.00637864834265 -0.0135422464389 0)
(-0.00647240816762 -0.0142066742588 0)
(-0.00656383604697 -0.0148806246485 0)
(-0.00665249996148 -0.0155632780602 0)
(-0.00673859230631 -0.0162536230619 0)
(-0.00682295280639 -0.0169508743835 0)
(-0.00690687208231 -0.0176548851371 0)
(-0.00699169502518 -0.0183663891554 0)
(-0.00707829907689 -0.019087017637 0)
(-0.00716656461398 -0.0198190133353 0)
(-0.00725500647701 -0.0205646336186 0)
(-0.00734075327244 -0.0213253464527 0)
(-0.00741999643946 -0.0221010548768 0)
(-0.00748886773109 -0.0228896587987 0)
(-0.00754450029907 -0.0236872119554 0)
(-0.00758588320975 -0.0244886267959 0)
(-0.00761418841259 -0.0252887717294 0)
(-0.0076324435187 -0.0260836477141 0)
(-0.00764468034735 -0.0268711018432 0)
(-0.00765492651976 -0.0276508855142 0)
(-0.00766644290554 -0.0284241965594 0)
(-0.00768141451917 -0.0291929846595 0)
(-0.00770107020368 -0.0299593437008 0)
(-0.00772603333206 -0.0307251968048 0)
(-0.00775665856617 -0.0314923007765 0)
(-0.00779317033142 -0.0322624500758 0)
(-0.00783553359354 -0.0330376847706 0)
(-0.00788311779698 -0.0338203039995 0)
(-0.00793433444994 -0.0346125571757 0)
(-0.00798649827756 -0.0354160308548 0)
(-0.00803612495756 -0.0362309342737 0)
(-0.00807970957893 -0.0370556221505 0)
(-0.008114784119 -0.0378866905037 0)
(-0.00814086840768 -0.0387196980508 0)
(-0.00815989935954 -0.039550341992 0)
(-0.00817589875387 -0.0403758775599 0)
(-0.00819392852372 -0.0411961518205 0)
(-0.00821867792658 -0.0420138090322 0)
(-0.00825314048231 -0.0428337281318 0)
(-0.00829775233438 -0.0436618515435 0)
(-0.00835019420925 -0.0445037278539 0)
(-0.00840587695914 -0.0453631398576 0)
(-0.00845841702374 -0.0462412254916 0)
(-0.002024529481 -0.000631617005575 0)
(-0.00220292727604 -0.000883535512556 0)
(-0.00237543495766 -0.00115670786864 0)
(-0.00254288584516 -0.001449124977 0)
(-0.00270640450948 -0.0017593687791 0)
(-0.00286715075769 -0.00208673251203 0)
(-0.00302605595621 -0.00243105357895 0)
(-0.00318373024384 -0.00279242986666 0)
(-0.00334055818819 -0.0031709900236 0)
(-0.003496889342 -0.00356682469258 0)
(-0.00365319529114 -0.00398009726679 0)
(-0.00381007945706 -0.00441127373248 0)
(-0.00396807118987 -0.00486134881591 0)
(-0.00412721575148 -0.00533190256947 0)
(-0.00428659138493 -0.0058248317699 0)
(-0.00444400178113 -0.00634171331086 0)
(-0.0045961101341 -0.00688296640167 0)
(-0.00473912458357 -0.00744717525199 0)
(-0.00486986277147 -0.00803095646208 0)
(-0.00498678524297 -0.00862951917575 0)
(-0.00509053985713 -0.00923776370317 0)
(-0.00518377063426 -0.00985156548037 0)
(-0.00527026054426 -0.010468683843 0)
(-0.00535379220714 -0.0110889533485 0)
(-0.00543719134689 -0.0117138231999 0)
(-0.00552184649887 -0.0123455190712 0)
(-0.0056077422349 -0.0129861854045 0)
(-0.00569385578688 -0.0136372589313 0)
(-0.00577872148944 -0.0142991662058 0)
(-0.00586100547773 -0.0149713367282 0)
(-0.00593997859785 -0.0156524851619 0)
(-0.00601579899198 -0.016341039604 0)
(-0.00608955601257 -0.0170356936595 0)
(-0.0061630431077 -0.01773595814 0)
(-0.00623827687995 -0.0184425235955 0)
(-0.00631683239314 -0.0191573661718 0)
(-0.00639910748109 -0.0198834768244 0)
(-0.00648371639854 -0.0206241436456 0)
(-0.00656729735469 -0.0213818546221 0)
(-0.00664499156687 -0.0221571207971 0)
(-0.00671162118556 -0.0229477108605 0)
(-0.00676323286416 -0.0237487542946 0)
(-0.00679839676407 -0.0245537300756 0)
(-0.00681870186771 -0.0253560963522 0)
(-0.00682821600814 -0.0261510001414 0)
(-0.00683215788162 -0.0269362379007 0)
(-0.00683540406852 -0.0277121834008 0)
(-0.00684147347459 -0.0284809375861 0)
(-0.00685227499968 -0.0292452104042 0)
(-0.00686849719622 -0.030007459871 0)
(-0.00689027280885 -0.0307695576941 0)
(-0.00691774307931 -0.0315329539953 0)
(-0.00695127986464 -0.032299129608 0)
(-0.00699128242946 -0.0330700556403 0)
(-0.00703761849459 -0.0338483760794 0)
(-0.00708894274818 -0.0346370896683 0)
(-0.0071422708871 -0.0354386868664 0)
(-0.00719319742472 -0.0362539986262 0)
(-0.00723691459711 -0.037081293623 0)
(-0.00726977386306 -0.0379162051366 0)
(-0.00729078254063 -0.038752665991 0)
(-0.00730234293554 -0.0395846230964 0)
(-0.00730983431174 -0.040408110892 0)
(-0.00732013081441 -0.0412227361911 0)
(-0.00733961492143 -0.0420319641627 0)
(-0.00737238570563 -0.0428423115281 0)
(-0.00741915022002 -0.0436617512665 0)
(-0.00747698864801 -0.0444977932193 0)
(-0.00753997419211 -0.0453556771854 0)
(-0.00759995359792 -0.0462371512789 0)
(-0.0017985722253 -0.000754886615231 0)
(-0.00195533272415 -0.00101239784634 0)
(-0.00210523296215 -0.00128997195854 0)
(-0.00224958331318 -0.00158526979496 0)
(-0.00239008305554 -0.00189688731539 0)
(-0.00252832531171 -0.00222442586737 0)
(-0.00266540202606 -0.00256814896578 0)
(-0.00280183182702 -0.00292849639635 0)
(-0.00293778313648 -0.0033057305621 0)
(-0.00307342167703 -0.0036998510137 0)
(-0.00320920264507 -0.00411077648049 0)
(-0.0033459674491 -0.00453871411055 0)
(-0.00348474032035 -0.00498457874488 0)
(-0.00362618436416 -0.00545024362956 0)
(-0.0037698353897 -0.00593834827598 0)
(-0.00391346414864 -0.00645148806403 0)
(-0.00405304597413 -0.00699094597806 0)
(-0.00418362388814 -0.00755553919209 0)
(-0.00430085551638 -0.0081412699675 0)
(-0.00440258410061 -0.00874206671612 0)
(-0.00448968151603 -0.00935139207693 0)
(-0.00456574955298 -0.00996413501807 0)
(-0.00463581187624 -0.0105778820974 0)
(-0.0047046413002 -0.0111930735496 0)
(-0.00477547936999 -0.0118121749894 0)
(-0.00484955474857 -0.0124384030303 0)
(-0.00492631840543 -0.0130745964718 0)
(-0.00500406154744 -0.0137225098915 0)
(-0.00508063957969 -0.0143825298558 0)
(-0.00515416102135 -0.015053743958 0)
(-0.00522355336297 -0.0157343088739 0)
(-0.00528891483554 -0.0164219824407 0)
(-0.0053515841682 -0.0171148199472 0)
(-0.00541388851029 -0.0178118668776 0)
(-0.00547859846125 -0.0185136511958 0)
(-0.00554815166262 -0.019222412728 0)
(-0.00562371420226 -0.0199419230077 0)
(-0.00570425321788 -0.0206767252968 0)
(-0.0057860125232 -0.0214307172765 0)
(-0.00586290541985 -0.0222053862651 0)
(-0.00592805068099 -0.0229984826043 0)
(-0.00597601964649 -0.0238039748348 0)
(-0.00600482272216 -0.0246134251222 0)
(-0.00601667432398 -0.0254184199358 0)
(-0.00601711814188 -0.0262130775541 0)
(-0.00601295708321 -0.0269953504643 0)
(-0.00601004093651 -0.027766690302 0)
(-0.00601195056512 -0.0285305335938 0)
(-0.006019941753 -0.0292905547074 0)
(-0.00603379321291 -0.0300495193882 0)
(-0.00605290220902 -0.0308090165767 0)
(-0.00607710941589 -0.0315698828653 0)
(-0.006107006309 -0.0323329758888 0)
(-0.00614365993525 -0.0330999585618 0)
(-0.00618780249535 -0.0338737540422 0)
(-0.00623871606622 -0.0346583114114 0)
(-0.00629332570455 -0.0354574716196 0)
(-0.00634618003411 -0.0362731791904 0)
(-0.00639073258272 -0.0371038707678 0)
(-0.00642162688058 -0.0379440682848 0)
(-0.00643702076841 -0.0387855813112 0)
(-0.00643980478223 -0.0396199992671 0)
(-0.00643705181278 -0.0404417134642 0)
(-0.00643788453767 -0.0412500059594 0)
(-0.00645069769361 -0.0420493758266 0)
(-0.00648082820063 -0.0428483161016 0)
(-0.00652927009253 -0.0436571732111 0)
(-0.00659245968709 -0.0444857690573 0)
(-0.00666297604968 -0.0453411626979 0)
(-0.00673055954426 -0.0462259594678 0)
(-0.00156657501046 -0.000871943963208 0)
(-0.0017011238315 -0.00113420902342 0)
(-0.00182798510082 -0.00141533224409 0)
(-0.0019490383977 -0.00171256539094 0)
(-0.00206665789393 -0.00202458122705 0)
(-0.00218287604986 -0.00235146869628 0)
(-0.00229882705659 -0.00269408828011 0)
(-0.00241475526371 -0.0030532943585 0)
(-0.00253043635971 -0.00342945706028 0)
(-0.00264570774016 -0.00382239438058 0)
(-0.00276089553669 -0.0042316370732 0)
(-0.00287702295762 -0.00465692626641 0)
(-0.00299567589707 -0.00509884913224 0)
(-0.00311837822275 -0.00555939121121 0)
(-0.00324548699733 -0.00604198008455 0)
(-0.0033750285285 -0.00655056708865 0)
(-0.0035022947152 -0.00708775815079 0)
(-0.0036208707168 -0.00765285866176 0)
(-0.00372488068909 -0.0082411457945 0)
(-0.00381134116958 -0.00884489702619 0)
(-0.00388142540686 -0.00945570914461 0)
(-0.00394000952667 -0.0100672346004 0)
(-0.0039937009465 -0.0106769872334 0)
(-0.00404837705373 -0.0112863960347 0)
(-0.00410752662773 -0.0118992967516 0)
(-0.00417194925348 -0.0125200157154 0)
(-0.00424038609002 -0.0131520224314 0)
(-0.00431039613358 -0.0137972945907 0)
(-0.00437916395987 -0.0144561184645 0)
(-0.00444424350556 -0.0151271902389 0)
(-0.00450420596077 -0.0158080632094 0)
(-0.00455906460193 -0.01649577285 0)
(-0.00461037173614 -0.0171876711706 0)
(-0.00466094084155 -0.0178822501235 0)
(-0.00471425857339 -0.0185797501662 0)
(-0.00477367976169 -0.0192824949812 0)
(-0.00484138680476 -0.0199948999418 0)
(-0.00491709724853 -0.0207228812136 0)
(-0.00499695162996 -0.0214722087208 0)
(-0.00507355040706 -0.0222459045578 0)
(-0.0051378675097 -0.0230419216255 0)
(-0.00518252077613 -0.0238527957226 0)
(-0.00520478282028 -0.024667584189 0)
(-0.00520775395399 -0.0254754286487 0)
(-0.00519900278965 -0.0262692136328 0)
(-0.00518737915643 -0.0270473971466 0)
(-0.00517974476514 -0.0278131802914 0)
(-0.00517936045642 -0.0285718592596 0)
(-0.0051863098497 -0.029328202327 0)
(-0.00519906951254 -0.0300850962989 0)
(-0.00521610775257 -0.0308435411669 0)
(-0.00523691031651 -0.0316034470449 0)
(-0.0052623294084 -0.0323647334653 0)
(-0.00529428116688 -0.0331284406737 0)
(-0.00533474939407 -0.0338975707573 0)
(-0.00538417340138 -0.0346771398732 0)
(-0.00543979815524 -0.0354728706162 0)
(-0.00549511530553 -0.0362885367052 0)
(-0.00554136379311 -0.0371231707262 0)
(-0.00557084028501 -0.0379700498958 0)
(-0.00558043412847 -0.0388182928004 0)
(-0.0055735327969 -0.0396564357099 0)
(-0.00555926743711 -0.0404767609786 0)
(-0.00554942170006 -0.041278217008 0)
(-0.00555455237563 -0.0420666651208 0)
(-0.00558113268779 -0.0428528605015 0)
(-0.00563036945601 -0.0436496321581 0)
(-0.00569816616458 -0.0444692663634 0)
(-0.00577572337603 -0.0453210381507 0)
(-0.00585048091588 -0.0462088943735 0)
(-0.00132771644055 -0.000980426741098 0)
(-0.00143968128461 -0.00124649952058 0)
(-0.001543298012 -0.00153024375771 0)
(-0.0016411042336 -0.00182835970789 0)
(-0.00173627034537 -0.0021396953286 0)
(-0.00183124568158 -0.00246509096415 0)
(-0.00192702862477 -0.00280618534126 0)
(-0.00202338848726 -0.00316426325914 0)
(-0.00211957566906 -0.0035397305003 0)
(-0.00221501188254 -0.00393215462954 0)
(-0.00230978145692 -0.00434060909515 0)
(-0.00240494168471 -0.00476421808872 0)
(-0.00250256390643 -0.00520294773485 0)
(-0.00260518784476 -0.00565854928698 0)
(-0.00271441842533 -0.0061350998942 0)
(-0.00282901077351 -0.00663822347015 0)
(-0.00294372510944 -0.00717249318559 0)
(-0.00305042410656 -0.00773809778939 0)
(-0.00314135731639 -0.00832939707437 0)
(-0.00321256794651 -0.0089366466015 0)
(-0.00326557133933 -0.00954921741523 0)
(-0.00330679678304 -0.010159172257 0)
(-0.00334477168005 -0.0107641594899 0)
(-0.00338644384446 -0.0113672157372 0)
(-0.00343513326693 -0.0119739191189 0)
(-0.00349081158299 -0.0125896022285 0)
(-0.00355141659522 -0.0132180604736 0)
(-0.00361392567902 -0.0138613219514 0)
(-0.00367502062088 -0.0145195802253 0)
(-0.00373179002125 -0.0151911499944 0)
(-0.00378249805326 -0.0158729768318 0)
(-0.00382705759255 -0.0165614571807 0)
(-0.0038671511419 -0.0172532311846 0)
(-0.00390594278926 -0.0179462357216 0)
(-0.00394740489771 -0.018640392319 0)
(-0.00399561049071 -0.0193378417332 0)
(-0.00405387775231 -0.0200432084739 0)
(-0.00412320935302 -0.020763600133 0)
(-0.00420024712117 -0.0215071146584 0)
(-0.00427641558286 -0.0222791616384 0)
(-0.00434013670724 -0.0230782899418 0)
(-0.00438162604091 -0.0238952145123 0)
(-0.00439726787388 -0.024715949713 0)
(-0.00439125784459 -0.0255265747384 0)
(-0.00437374429326 -0.0263184295653 0)
(-0.00435606594896 -0.0270910555745 0)
(-0.00434592482202 -0.0278503527783 0)
(-0.00434561806122 -0.028603976672 0)
(-0.0043534582704 -0.0293576670544 0)
(-0.00436636494275 -0.0301140348305 0)
(-0.00438188724067 -0.0308731648565 0)
(-0.00439919613145 -0.0316338637472 0)
(-0.00441935746015 -0.0323949353468 0)
(-0.00444511479525 -0.0331564693292 0)
(-0.00447994594197 -0.0339211349002 0)
(-0.00452604984797 -0.0346948691858 0)
(-0.0045816719913 -0.0354857609464 0)
(-0.00463948064508 -0.0363003979006 0)
(-0.00468809371997 -0.0371390860388 0)
(-0.00471685064128 -0.0379936681359 0)
(-0.00472100526133 -0.0388500117363 0)
(-0.00470439224502 -0.0396930103586 0)
(-0.00467848150738 -0.0405122921382 0)
(-0.00465799185229 -0.0413066665851 0)
(-0.00465540286909 -0.0420839480338 0)
(-0.00467774589472 -0.0428572582357 0)
(-0.00472619141616 -0.0436414579903 0)
(-0.00479651027524 -0.0444509724573 0)
(-0.00487920465163 -0.0452976695204 0)
(-0.00495964544539 -0.0461877555589 0)
(-0.00108097340004 -0.00107744017841 0)
(-0.00117029615166 -0.00134627193851 0)
(-0.00125089912705 -0.00163170345822 0)
(-0.00132594291378 -0.00192958948046 0)
(-0.00139949878743 -0.0022391709294 0)
(-0.00147432272493 -0.00256241186544 0)
(-0.00155102274467 -0.00290181516236 0)
(-0.00162873264736 -0.00325896147731 0)
(-0.00170618547594 -0.00363413856268 0)
(-0.00178245047793 -0.00402665513405 0)
(-0.00185731977754 -0.00443521511767 0)
(-0.00193164628715 -0.00485835832994 0)
(-0.00200767230713 -0.00529520044463 0)
(-0.00208884196724 -0.00574675820221 0)
(-0.00217833123529 -0.00621726930577 0)
(-0.00227625594145 -0.00671409700744 0)
(-0.00237723758728 -0.00724459850209 0)
(-0.00247129430885 -0.00781056478743 0)
(-0.00254877055369 -0.00840494842057 0)
(-0.00260502478543 -0.00901568747185 0)
(-0.00264168549845 -0.00963008156546 0)
(-0.00266664422459 -0.0102377988623 0)
(-0.00269058445298 -0.0108371437726 0)
(-0.00272120761884 -0.011433742631 0)
(-0.00276092599272 -0.0120351117792 0)
(-0.00280843339133 -0.0126470333037 0)
(-0.00286100746932 -0.0132729799495 0)
(-0.00291551390493 -0.0139148267561 0)
(-0.00296849063982 -0.0145729081811 0)
(-0.00301670767902 -0.0152453050802 0)
(-0.00305832707391 -0.0159282062327 0)
(-0.00309316441759 -0.0166178309171 0)
(-0.00312283200549 -0.0173099792464 0)
(-0.00315067377029 -0.0180022112152 0)
(-0.00318070097419 -0.0186944002911 0)
(-0.00321710212324 -0.0193882347238 0)
(-0.00326410432407 -0.0200877314956 0)
(-0.00332451831023 -0.0208004181124 0)
(-0.00339645402603 -0.021536893395 0)
(-0.00347068529995 -0.0223062045539 0)
(-0.00353287428038 -0.0231083409312 0)
(-0.00357086303729 -0.0239312653758 0)
(-0.00358033679465 -0.0247579753817 0)
(-0.00356630810561 -0.0255709438699 0)
(-0.00354169913581 -0.0263593107642 0)
(-0.00352056272975 -0.0271248001491 0)
(-0.00351089394712 -0.0278772052543 0)
(-0.00351313971559 -0.0286266746055 0)
(-0.00352339514282 -0.0293792800807 0)
(-0.00353717687395 -0.0301367407904 0)
(-0.00355150680379 -0.0308980177167 0)
(-0.00356543540011 -0.0316609797522 0)
(-0.00358005331641 -0.0324234690248 0)
(-0.0035985335848 -0.0331844424322 0)
(-0.00362567137001 -0.0339456018029 0)
(-0.00366585206593 -0.0347131526952 0)
(-0.00371922797263 -0.0354976219388 0)
(-0.0037782726976 -0.0363096157092 0)
(-0.00382885830581 -0.0371518906923 0)
(-0.00385720225479 -0.038014370505 0)
(-0.00385712077888 -0.0388791924574 0)
(-0.00383251775768 -0.0397277120053 0)
(-0.0037969912076 -0.0405459018298 0)
(-0.0037681553662 -0.0413332305863 0)
(-0.00375952870366 -0.0421005574136 0)
(-0.00377741891427 -0.0428629979159 0)
(-0.00382248489903 -0.0436360015188 0)
(-0.0038911195237 -0.0444349891906 0)
(-0.00397457835254 -0.0452746668295 0)
(-0.00405736766534 -0.0461649509748 0)
(-0.000825048007782 -0.00115965956996 0)
(-0.000892236239454 -0.00143018587867 0)
(-0.000950884013885 -0.00171638086867 0)
(-0.00100436509388 -0.00201283688306 0)
(-0.00105768630802 -0.00231981304646 0)
(-0.0011136337238 -0.00264075998115 0)
(-0.00117215947444 -0.00297878194342 0)
(-0.00123177643132 -0.00333540549855 0)
(-0.00129094494589 -0.00371057573908 0)
(-0.00134865461262 -0.00410344592946 0)
(-0.0014044868666 -0.00451262112672 0)
(-0.00145885012257 -0.00493638864261 0)
(-0.00151361176925 -0.00537304417675 0)
(-0.00157255471339 -0.00582243136619 0)
(-0.00164027081154 -0.00628803272938 0)
(-0.00171874970969 -0.00677827069728 0)
(-0.0018031239998 -0.00730384074552 0)
(-0.0018817646669 -0.00786976938564 0)
(-0.00194400365946 -0.00846689361982 0)
(-0.0019863549016 -0.00908030806989 0)
(-0.00200930916617 -0.00969632264516 0)
(-0.0020208769023 -0.0103004433266 0)
(-0.00203392266883 -0.0108933814412 0)
(-0.00205617538373 -0.0114844841621 0)
(-0.00208825053954 -0.0120826735912 0)
(-0.00212737085305 -0.0126930246298 0)
(-0.00217068746828 -0.0133177871516 0)
(-0.00221572485375 -0.0139585127762 0)
(-0.00225936261899 -0.0146162681256 0)
(-0.00229812124833 -0.0152895432456 0)
(-0.00233076207045 -0.0159729638811 0)
(-0.0023570236159 -0.0166637359051 0)
(-0.00237781413858 -0.0173560594712 0)
(-0.00239662160501 -0.0180478226802 0)
(-0.0024169309548 -0.0187396152849 0)
(-0.00244207218262 -0.0194325088566 0)
(-0.00247640240213 -0.0201289107716 0)
(-0.00252461144008 -0.0208352351746 0)
(-0.00258730024842 -0.0215637749625 0)
(-0.00265558631826 -0.0223284518828 0)
(-0.00271256940835 -0.0231331286389 0)
(-0.00274547590946 -0.0239610117458 0)
(-0.00275085034645 -0.0247930469592 0)
(-0.00273235609061 -0.0256072917671 0)
(-0.00270463218629 -0.0263899029434 0)
(-0.00268413901495 -0.0271472459107 0)
(-0.00267818901441 -0.0278937901707 0)
(-0.00268461786857 -0.028641240795 0)
(-0.00269751797661 -0.029394698794 0)
(-0.00271183616815 -0.0301544197793 0)
(-0.00272487233517 -0.0309183614378 0)
(-0.00273588382389 -0.0316841118588 0)
(-0.00274567885012 -0.0324491356347 0)
(-0.00275706475178 -0.0332114818145 0)
(-0.00277529740537 -0.0339712585561 0)
(-0.00280668421397 -0.0347337076102 0)
(-0.0028540061155 -0.0355107151795 0)
(-0.00291055730368 -0.0363176874384 0)
(-0.00295991515332 -0.0371622281809 0)
(-0.00298640371489 -0.0380318194491 0)
(-0.00298473522317 -0.0389039853892 0)
(-0.00295717968974 -0.0397577765383 0)
(-0.00291757841385 -0.0405735594217 0)
(-0.00288590863339 -0.0413541945387 0)
(-0.00287512590972 -0.042114988077 0)
(-0.00288900025808 -0.0428715613451 0)
(-0.00292715602717 -0.0436373392101 0)
(-0.00298747591315 -0.0444266236826 0)
(-0.00306363365753 -0.0452568987794 0)
(-0.00314205217581 -0.0461434451475 0)
(-0.000558380034274 -0.00122381183068 0)
(-0.000604983142868 -0.00149568464775 0)
(-0.00064409419569 -0.00178104911589 0)
(-0.000678236069372 -0.00207455365408 0)
(-0.000713207143665 -0.00237878867357 0)
(-0.000751348400791 -0.00269826439048 0)
(-0.000791955456509 -0.00303581066044 0)
(-0.00083332304639 -0.00339242716291 0)
(-0.000874106708484 -0.00376761300921 0)
(-0.000913595254167 -0.00416056556436 0)
(-0.000951369405896 -0.00457014548706 0)
(-0.000987366113803 -0.00499492389664 0)
(-0.00102258325731 -0.00543287981053 0)
(-0.00106015114327 -0.00588278977617 0)
(-0.00110491299059 -0.00634646757521 0)
(-0.00116035186139 -0.00683141163884 0)
(-0.00122277018357 -0.00735013906539 0)
(-0.00127957914362 -0.00791358853472 0)
(-0.00132197732833 -0.00851400923461 0)
(-0.00135310896216 -0.00913109863601 0)
(-0.0013686464152 -0.00974656870445 0)
(-0.00137239785203 -0.0103439393663 0)
(-0.00137919072982 -0.010930681226 0)
(-0.0013956403419 -0.0115191394758 0)
(-0.00142034183535 -0.0121175580749 0)
(-0.00144972099273 -0.0127289826942 0)
(-0.00148164124423 -0.0133538984577 0)
(-0.00151492041332 -0.0139933304122 0)
(-0.00154720677751 -0.0146495024849 0)
(-0.00157449635837 -0.0153232093111 0)
(-0.0015981788539 -0.0160074595108 0)
(-0.00161793179656 -0.016698806656 0)
(-0.00163206607864 -0.0173897727485 0)
(-0.00164460309528 -0.0180806169133 0)
(-0.00165805544596 -0.0187732959733 0)
(-0.00167409048331 -0.0194682286973 0)
(-0.00169599631134 -0.020165761239 0)
(-0.0017292023677 -0.0208695650866 0)
(-0.00177676774102 -0.0215908359534 0)
(-0.00183138220323 -0.0223469602946 0)
(-0.00187416612142 -0.0231510230385 0)
(-0.00189782892761 -0.023985210212 0)
(-0.00190476921209 -0.0248230264032 0)
(-0.00189032778484 -0.0256343489228 0)
(-0.00186692146952 -0.0264077273885 0)
(-0.00185235896574 -0.0271580487414 0)
(-0.00185221541619 -0.027902320383 0)
(-0.00186215029995 -0.028651024022 0)
(-0.00187583138551 -0.0294069357104 0)
(-0.00188907588576 -0.0301689301508 0)
(-0.00190028019774 -0.030934638874 0)
(-0.00190915999847 -0.0317022629752 0)
(-0.00191601816536 -0.0324697349669 0)
(-0.00192250965264 -0.0332349508635 0)
(-0.00193290752398 -0.0339965123475 0)
(-0.00195381005496 -0.0347574459433 0)
(-0.00199006756583 -0.0355281451966 0)
(-0.00203672649847 -0.0363265752206 0)
(-0.0020762346331 -0.0371687738998 0)
(-0.00209529483234 -0.0380454482894 0)
(-0.00209716070045 -0.0389258630953 0)
(-0.00207742505212 -0.0397810182618 0)
(-0.00204392304415 -0.0405899254649 0)
(-0.00201813168937 -0.0413652095902 0)
(-0.0020105363031 -0.0421255621395 0)
(-0.00202128376061 -0.04288390984 0)
(-0.00204902745001 -0.0436487874027 0)
(-0.00209342379927 -0.0444307819964 0)
(-0.00215037345325 -0.0452489616402 0)
(-0.00221127348688 -0.0461259161492 0)
(-0.000281224700532 -0.00126895492745 0)
(-0.000309214871422 -0.00154558178017 0)
(-0.000332057166729 -0.00182391119278 0)
(-0.000350214027322 -0.00211223387795 0)
(-0.000369034723749 -0.00241515490627 0)
(-0.000389756839629 -0.00273499797585 0)
(-0.000411676088064 -0.00307344948043 0)
(-0.000433870591252 -0.00343033458596 0)
(-0.000455706095968 -0.00380537816473 0)
(-0.000476922200206 -0.00419770490298 0)
(-0.000497293792668 -0.00460689815757 0)
(-0.00051669903638 -0.00503196160332 0)
(-0.000535412032534 -0.00547169309888 0)
(-0.000554818725291 -0.00592477501683 0)
(-0.000577462025716 -0.00639152645867 0)
(-0.000605802746381 -0.00687558797876 0)
(-0.000638225168925 -0.00738446043378 0)
(-0.00066315356581 -0.0079311886962 0)
(-0.000679947230411 -0.0085415222253 0)
(-0.00070340175502 -0.00918254856459 0)
(-0.000720637886221 -0.00978094254335 0)
(-0.000725078278685 -0.0103650974688 0)
(-0.000731454108384 -0.0109487926251 0)
(-0.000743273421563 -0.0115395861373 0)
(-0.000758907388124 -0.0121420577318 0)
(-0.000776220420483 -0.0127563953181 0)
(-0.000794410429188 -0.0133827118789 0)
(-0.000813361543294 -0.0140205057263 0)
(-0.000831773706672 -0.0146721947598 0)
(-0.000844897046828 -0.0153408611151 0)
(-0.00085979464519 -0.0160376918848 0)
(-0.000875391338393 -0.0167244218305 0)
(-0.000885399737481 -0.0174102247085 0)
(-0.000894564366737 -0.0180997833063 0)
(-0.000904242729156 -0.0187936872447 0)
(-0.000914676989693 -0.0194928748602 0)
(-0.000927153749294 -0.0201955778308 0)
(-0.000944746785723 -0.0209038661795 0)
(-0.000970089404575 -0.0216221214482 0)
(-0.000999422996048 -0.0223625991057 0)
(-0.00101366657551 -0.0231434739196 0)
(-0.00102323739911 -0.0240091714442 0)
(-0.00103978306842 -0.0248629248759 0)
(-0.00104253303435 -0.0256505748741 0)
(-0.00103447594005 -0.0264102924128 0)
(-0.00103173439946 -0.0271587421308 0)
(-0.00103664916019 -0.0279074460033 0)
(-0.00104607114553 -0.0286603816263 0)
(-0.00105665598429 -0.0294193427452 0)
(-0.00106655686945 -0.0301818462808 0)
(-0.00107529040304 -0.0309477013624 0)
(-0.00108279957535 -0.0317148254789 0)
(-0.00108915050836 -0.0324835683678 0)
(-0.0010948470618 -0.0332513527065 0)
(-0.00110175040966 -0.0340181792387 0)
(-0.00111330854491 -0.034783522552 0)
(-0.00113291269088 -0.0355538909868 0)
(-0.00115846156389 -0.036338771352 0)
(-0.00117379679681 -0.0371581160236 0)
(-0.00117729466313 -0.0380494020719 0)
(-0.00118898872584 -0.038965331382 0)
(-0.00119241805257 -0.0397971246386 0)
(-0.0011792839869 -0.0405892862773 0)
(-0.00117031142624 -0.0413640831152 0)
(-0.00117052918144 -0.0421317277149 0)
(-0.00117860794953 -0.0429001466761 0)
(-0.00119360782761 -0.04367059135 0)
(-0.00121597531051 -0.0444495646471 0)
(-0.00124169224742 -0.0452489262635 0)
(-0.00126399381852 -0.0461054924379 0)
(-0.0171137912486 -0.0464364560246 0)
(-0.0171110167075 -0.0470576626782 0)
(-0.0171047878441 -0.0476928312497 0)
(-0.0170951502921 -0.0483415847231 0)
(-0.0170817355486 -0.0490035242327 0)
(-0.017064200852 -0.0496781545081 0)
(-0.0170422377966 -0.0503648776784 0)
(-0.0170155804627 -0.0510629964565 0)
(-0.0169840118883 -0.0517717209241 0)
(-0.0169473683765 -0.0524901774085 0)
(-0.0169055414305 -0.053217418533 0)
(-0.0168584772885 -0.0539524336509 0)
(-0.0168061741431 -0.0546941590498 0)
(-0.016748677476 -0.0554414880584 0)
(-0.0166860745437 -0.0561932821053 0)
(-0.016618484732 -0.0569483772329 0)
(-0.0165460168783 -0.0577055594158 0)
(-0.0164686368663 -0.0584635489805 0)
(-0.0163860338363 -0.0592215667862 0)
(-0.0162987374112 -0.0599777109216 0)
(-0.0162076587888 -0.0607306896407 0)
(-0.0161131522109 -0.0614793218298 0)
(-0.0160154851948 -0.0622223076828 0)
(-0.0159148903487 -0.0629583196078 0)
(-0.0158115850618 -0.0636860053964 0)
(-0.0157057688033 -0.0644039782691 0)
(-0.0155976233256 -0.065110811054 0)
(-0.0154873128652 -0.0658050310838 0)
(-0.015374983403 -0.0664851147958 0)
(-0.0152607615007 -0.0671494820489 0)
(-0.0151447531103 -0.0677964902948 0)
(-0.0150270424666 -0.0684244286797 0)
(-0.0149076910463 -0.0690315121031 0)
(-0.0147867365454 -0.0696158752358 0)
(-0.0146641918301 -0.0701755664929 0)
(-0.0145400438303 -0.0707085419533 0)
(-0.0144142523497 -0.0712126592126 0)
(-0.0142867487794 -0.0716856711607 0)
(-0.0141574347021 -0.0721252196687 0)
(-0.0140261803796 -0.0725288291788 0)
(-0.0138928231054 -0.0728939001901 0)
(-0.013757165391 -0.0732177026362 0)
(-0.0136189729267 -0.0734973691407 0)
(-0.0134779722539 -0.0737298880999 0)
(-0.013333848157 -0.0739120964821 0)
(-0.0131862407653 -0.0740406721753 0)
(-0.0130347422636 -0.0741121257094 0)
(-0.0128788939705 -0.074122791236 0)
(-0.0127181847478 -0.0740688169307 0)
(-0.0125520512336 -0.0739461552109 0)
(-0.0123798780581 -0.0737505529464 0)
(-0.0122009969056 -0.0734775413273 0)
(-0.0120146840093 -0.0731224245285 0)
(-0.0118201570116 -0.0726802663926 0)
(-0.0116165724318 -0.0721458747845 0)
(-0.0114030242786 -0.0715137835269 0)
(-0.0111785437378 -0.0707782317028 0)
(-0.01094209973 -0.0699331398243 0)
(-0.010692600248 -0.0689720821137 0)
(-0.0104288945232 -0.0678882539657 0)
(-0.0101497761582 -0.0666744334969 0)
(-0.00985398741925 -0.0653229359073 0)
(-0.00954022492744 -0.0638255591653 0)
(-0.00920714703364 -0.0621735192637 0)
(-0.00885338322661 -0.0603573729877 0)
(-0.00847754600289 -0.0583669257825 0)
(-0.00807824573318 -0.056191121883 0)
(-0.00765410919349 -0.0538179133806 0)
(-0.00720380259989 -0.0512341043213 0)
(-0.00672606019597 -0.0484251652419 0)
(-0.00621971969825 -0.0453750127023 0)
(-0.00568376621508 -0.0420657473486 0)
(-0.00511738662701 -0.0384773427557 0)
(-0.004520036949 -0.0345872759234 0)
(-0.0038915264821 -0.0303700899949 0)
(-0.00323212844163 -0.0257968886597 0)
(-0.002542760468 -0.0208348280704 0)
(-0.00182547849804 -0.0154470790719 0)
(-0.00108571159191 -0.00959613182864 0)
(-0.000344625357356 -0.00326694485554 0)
(-0.0163896425564 -0.0465382099089 0)
(-0.0163887566964 -0.0471634211499 0)
(-0.0163843553969 -0.0478029826714 0)
(-0.016376463912 -0.0484564906911 0)
(-0.0163646896279 -0.0491235046143 0)
(-0.0163486719351 -0.0498034775894 0)
(-0.0163280922692 -0.0504957527651 0)
(-0.016302682866 -0.0511995690418 0)
(-0.0162722332209 -0.0519140704999 0)
(-0.0162365938308 -0.0526383178625 0)
(-0.0161956771127 -0.0533713009147 0)
(-0.0161494555639 -0.0541119508809 0)
(-0.0160979571366 -0.0548591517485 0)
(-0.0160412578413 -0.0556117502716 0)
(-0.0159794740239 -0.0563685684381 0)
(-0.0159127597156 -0.0571284262963 0)
(-0.0158412663244 -0.0578901505224 0)
(-0.0157645956018 -0.0586523651256 0)
(-0.0156829063849 -0.0594141636046 0)
(-0.0155972816367 -0.0601738043295 0)
(-0.0155081654658 -0.0609300124548 0)
(-0.0154158480132 -0.0616815664026 0)
(-0.0153205826241 -0.0624272002979 0)
(-0.0152226032575 -0.0631656105588 0)
(-0.0151221271873 -0.0638954624133 0)
(-0.015019353361 -0.0646153861047 0)
(-0.0149144615214 -0.0653239713035 0)
(-0.0148076119408 -0.066019761514 0)
(-0.0146989450257 -0.0667012483865 0)
(-0.0145885807067 -0.0673668658744 0)
(-0.0144766177404 -0.0680149842973 0)
(-0.0143631329988 -0.0686439043626 0)
(-0.0142481807494 -0.0692518511683 0)
(-0.0141317919005 -0.0698369681877 0)
(-0.01401397318 -0.0703973112285 0)
(-0.0138947062247 -0.0709308423494 0)
(-0.0137739465641 -0.0714354237201 0)
(-0.0136516224878 -0.0719088114082 0)
(-0.0135276337951 -0.0723486490772 0)
(-0.0134018504204 -0.0727524615881 0)
(-0.0132741109226 -0.0731176484984 0)
(-0.0131442208041 -0.0734414774615 0)
(-0.0130119505852 -0.0737210775167 0)
(-0.012877033547 -0.0739534322215 0)
(-0.0127391631577 -0.0741353724944 0)
(-0.0125979901741 -0.074263568966 0)
(-0.0124531191557 -0.0743345236389 0)
(-0.0123041053752 -0.0743445606951 0)
(-0.0121504534972 -0.0742898166945 0)
(-0.011991618711 -0.0741662307349 0)
(-0.0118270076415 -0.0739695348401 0)
(-0.0116559776001 -0.0736952441649 0)
(-0.0114778337324 -0.07333864588 0)
(-0.0112918254608 -0.0728947858441 0)
(-0.0110971438058 -0.0723584528209 0)
(-0.0108929201016 -0.0717241602947 0)
(-0.0106782258746 -0.0709861257345 0)
(-0.0104520735733 -0.0701382467883 0)
(-0.0102134180257 -0.069174073622 0)
(-0.00996115867137 -0.0680867764499 0)
(-0.00969414271535 -0.0668691071522 0)
(-0.00941116939947 -0.0655133537028 0)
(-0.00911099562809 -0.0640112859206 0)
(-0.00879234322669 -0.06235409079 0)
(-0.00845390816999 -0.0605322952963 0)
(-0.00809437219237 -0.0585356743623 0)
(-0.00771241729282 -0.0563531410522 0)
(-0.00730674377399 -0.053972615717 0)
(-0.00687609261571 -0.0513808701831 0)
(-0.00641927318296 -0.04856334239 0)
(-0.0059351975091 -0.0455039160454 0)
(-0.00542292268758 -0.0421846588408 0)
(-0.00488170325437 -0.0385855114997 0)
(-0.00431105594461 -0.034683918583 0)
(-0.00371084042925 -0.0304543917369 0)
(-0.00308136524371 -0.0258680050713 0)
(-0.00242356021942 -0.0208918886672 0)
(-0.00173944668804 -0.0154891914724 0)
(-0.00103425988498 -0.00962236857339 0)
(-0.000328203979316 -0.00327617386464 0)
(-0.0156540456585 -0.0466254434169 0)
(-0.0156552076963 -0.0472548212926 0)
(-0.0156527760318 -0.0478989845745 0)
(-0.0156467503822 -0.0485574969989 0)
(-0.015636711256 -0.0492298648529 0)
(-0.0156222800784 -0.0499154773245 0)
(-0.0156031303021 -0.050613606233 0)
(-0.0155789964863 -0.0513234151573 0)
(-0.0155496802637 -0.0520439722152 0)
(-0.0155150528993 -0.0527742646267 0)
(-0.0154750545776 -0.0535132138143 0)
(-0.0154296908258 -0.0542596899832 0)
(-0.0153790260762 -0.0550125246873 0)
(-0.0153231724479 -0.0557705187076 0)
(-0.0152622706845 -0.0565324462374 0)
(-0.0151964651529 -0.0572970814704 0)
(-0.0151258283243 -0.0580632797579 0)
(-0.0150501020491 -0.0588300303614 0)
(-0.0149698664374 -0.0595955162385 0)
(-0.0148861167253 -0.0603586035296 0)
(-0.0147991525702 -0.0611180106675 0)
(-0.0147092216821 -0.0618724879716 0)
(-0.0146165680763 -0.0626207790039 0)
(-0.0145214238737 -0.0633615999398 0)
(-0.0144240040883 -0.0640936350683 0)
(-0.0143245043304 -0.0648155328141 0)
(-0.0142230997441 -0.0655259003552 0)
(-0.0141199446356 -0.0662232977824 0)
(-0.0140151723104 -0.0669062321653 0)
(-0.0139088948725 -0.0675731515654 0)
(-0.0138012029419 -0.0682224390217 0)
(-0.0136921653016 -0.0688524065323 0)
(-0.0135818284729 -0.0694612890416 0)
(-0.0134702162052 -0.0700472384258 0)
(-0.0133573288607 -0.0706083174646 0)
(-0.0132431426788 -0.0711424937789 0)
(-0.0131276089125 -0.071647633714 0)
(-0.0130106528346 -0.0721214961486 0)
(-0.0128921726163 -0.0725617262132 0)
(-0.0127720380803 -0.0729658489079 0)
(-0.0126500893225 -0.0733312626169 0)
(-0.0125261351655 -0.0736552325312 0)
(-0.0123999513506 -0.0739348839788 0)
(-0.0122712783425 -0.0741671956198 0)
(-0.0121398187687 -0.0743489923511 0)
(-0.0120052345223 -0.0744769376752 0)
(-0.011867142967 -0.0745475252914 0)
(-0.0117251134714 -0.0745570696715 0)
(-0.0115786664068 -0.0745016959599 0)
(-0.0114272755614 -0.0743773300521 0)
(-0.0112703699649 -0.0741796892451 0)
(-0.0111073332451 -0.0739042729168 0)
(-0.010937500133 -0.073546351665 0)
(-0.0107601523172 -0.0731009538955 0)
(-0.0105745156405 -0.0725628498188 0)
(-0.0103797589946 -0.0719265331141 0)
(-0.0101749944404 -0.0711862001564 0)
(-0.0099592781264 -0.070335726249 0)
(-0.00973161185981 -0.069368638028 0)
(-0.00949094539508 -0.068278081062 0)
(-0.00923617959605 -0.0670567815361 0)
(-0.00896617067435 -0.0656970007423 0)
(-0.00867973573799 -0.0641904808911 0)
(-0.00837565992077 -0.0625283804926 0)
(-0.00805270541746 -0.060701197254 0)
(-0.00770962282033 -0.0586986760783 0)
(-0.00734516524747 -0.0565096993358 0)
(-0.00695810587322 -0.0541221560817 0)
(-0.00654725962342 -0.0515227863242 0)
(-0.00611150998649 -0.0486969957557 0)
(-0.00564984211795 -0.0456286355204 0)
(-0.00516138369026 -0.0422997405743 0)
(-0.00464545526732 -0.0386902189362 0)
(-0.00410163245308 -0.0347774828092 0)
(-0.00352982322118 -0.0305360123771 0)
(-0.00293036915467 -0.025936852169 0)
(-0.00230420974564 -0.0209471060702 0)
(-0.0016533286358 -0.0155299002608 0)
(-0.000982764114807 -0.00964765228666 0)
(-0.000311769414789 -0.00328495883643 0)
(-0.0149066062495 -0.0467039218478 0)
(-0.0149100013325 -0.0473375939045 0)
(-0.0149097011151 -0.0479865388801 0)
(-0.0149056750548 -0.0486502757203 0)
(-0.0148974743922 -0.0493282425069 0)
(-0.0148847034552 -0.050019748347 0)
(-0.0148670315895 -0.0507239780551 0)
(-0.0148442019631 -0.0514400058493 0)
(-0.0148160362449 -0.0521668123605 0)
(-0.014782435063 -0.0529033027777 0)
(-0.0147433747076 -0.0536483247041 0)
(-0.0146989011195 -0.0544006849912 0)
(-0.014649122294 -0.0551591649346 0)
(-0.0145941960876 -0.0559225287987 0)
(-0.0145342936786 -0.0566895081914 0)
(-0.0144695070254 -0.0574587797231 0)
(-0.0143996752014 -0.0582294487415 0)
(-0.0143251713675 -0.0590001860072 0)
(-0.0142469052787 -0.0597693283433 0)
(-0.0141653436433 -0.0605357025334 0)
(-0.0140807927088 -0.0612981043713 0)
(-0.0139935107161 -0.0620553046827 0)
(-0.0139037408698 -0.0628060601868 0)
(-0.0138117116074 -0.0635491051763 0)
(-0.013717632879 -0.0642831436678 0)
(-0.0136216940387 -0.0650068433824 0)
(-0.0135240629513 -0.0657188298194 0)
(-0.0134248857673 -0.0664176801624 0)
(-0.0133242869931 -0.0671019171613 0)
(-0.0132223696084 -0.0677700030413 0)
(-0.0131192151166 -0.068420333451 0)
(-0.0130148834924 -0.0690512314456 0)
(-0.0129094130095 -0.0696609414981 0)
(-0.0128028199406 -0.0702476235214 0)
(-0.0126950981164 -0.0708093468825 0)
(-0.0125862183375 -0.0713440843843 0)
(-0.0124761276403 -0.0718497061895 0)
(-0.0123647484185 -0.0723239736674 0)
(-0.012251977415 -0.0727645331404 0)
(-0.0121376845911 -0.0731689095244 0)
(-0.0120217118756 -0.0735344998619 0)
(-0.0119038717584 -0.073858566768 0)
(-0.0117839456133 -0.0741382318094 0)
(-0.0116616815569 -0.074370468781 0)
(-0.0115367918653 -0.0745520967027 0)
(-0.0114089500962 -0.0746797722276 0)
(-0.0112777868584 -0.0747499811687 0)
(-0.0111428856274 -0.0747590287593 0)
(-0.0110037821427 -0.0747030291206 0)
(-0.0108599686758 -0.0745778952254 0)
(-0.0107108971009 -0.0743793299489 0)
(-0.0105559781685 -0.0741028174387 0)
(-0.010394576915 -0.0737436125343 0)
(-0.010226007748 -0.0732967271517 0)
(-0.0100495315923 -0.0727569139573 0)
(-0.00986435508484 -0.0721186478528 0)
(-0.00966963100306 -0.0713761051851 0)
(-0.00946445938745 -0.0705231400387 0)
(-0.00924788922517 -0.0695532567218 0)
(-0.00901892078567 -0.0684595774418 0)
(-0.00877650878464 -0.0672348040584 0)
(-0.00851956658385 -0.0658711726383 0)
(-0.00824697165771 -0.0643603993289 0)
(-0.00795757258937 -0.0626936158031 0)
(-0.00765019790808 -0.0608612922215 0)
(-0.00732366714661 -0.0588531453008 0)
(-0.00697680458654 -0.0566580286588 0)
(-0.00660845627265 -0.0542638021145 0)
(-0.00621751102146 -0.0516571760496 0)
(-0.00580292632552 -0.0488235262494 0)
(-0.00536376026857 -0.045746673806 0)
(-0.00489921082242 -0.0424086236549 0)
(-0.00440866420256 -0.0387892540714 0)
(-0.00389175439993 -0.0348659481664 0)
(-0.00334843709675 -0.0306131583048 0)
(-0.0027790862006 -0.026001903517 0)
(-0.00218464992424 -0.0209992659383 0)
(-0.00156707282574 -0.0155683530467 0)
(-0.000931195203794 -0.00967154674474 0)
(-0.00029532331246 -0.00329328914874 0)
(-0.0141471523035 -0.0467736169434 0)
(-0.0141529796375 -0.0474117243479 0)
(-0.014154980383 -0.0480656530534 0)
(-0.0141530879489 -0.0487348607164 0)
(-0.0141468227041 -0.0494186980031 0)
(-0.0141357743659 -0.0501163742465 0)
(-0.014119614209 -0.0508269688314 0)
(-0.0140981026691 -0.0515494508601 0)
(-0.0140710916178 -0.0522827013493 0)
(-0.0140385215826 -0.0530255353663 0)
(-0.0140004146251 -0.0537767222627 0)
(-0.0139568641612 -0.0545350033876 0)
(-0.0139080248578 -0.0552991097471 0)
(-0.0138541062058 -0.0560677842903 0)
(-0.0137953308364 -0.0568397875712 0)
(-0.0137314530418 -0.0576137020405 0)
(-0.0136627035943 -0.0583885989104 0)
(-0.013590060991 -0.0591629769433 0)
(-0.0135140139685 -0.0599355016369 0)
(-0.0134349133203 -0.0607049545646 0)
(-0.0133530577121 -0.0614701410485 0)
(-0.0132687125757 -0.0622298540844 0)
(-0.0131821209772 -0.0629828701284 0)
(-0.0130935061137 -0.0637279435198 0)
(-0.0130030703031 -0.0644637988565 0)
(-0.012910993966 -0.0651891238892 0)
(-0.012817435248 -0.065902562935 0)
(-0.0127225301185 -0.0666027104915 0)
(-0.0126263927094 -0.0672881049815 0)
(-0.0125291157021 -0.0679572226115 0)
(-0.0124307706434 -0.0686084713261 0)
(-0.0123314081302 -0.0692401848343 0)
(-0.0122310578412 -0.0698506166812 0)
(-0.0121297284046 -0.0704379343383 0)
(-0.0120274070963 -0.071000213285 0)
(-0.0119240593695 -0.0715354310548 0)
(-0.0118196282222 -0.0720414612157 0)
(-0.0117140334141 -0.0725160672645 0)
(-0.0116071705526 -0.0729568964105 0)
(-0.011498910067 -0.0733614732401 0)
(-0.0113890960823 -0.0737271932677 0)
(-0.0112775451644 -0.0740513164039 0)
(-0.0111640447976 -0.0743309603876 0)
(-0.0110483513003 -0.0745630941668 0)
(-0.0109301871626 -0.0747445310272 0)
(-0.010809238227 -0.0748719210687 0)
(-0.0106851489093 -0.0749417426857 0)
(-0.0105575167181 -0.0749502924012 0)
(-0.0104258921577 -0.0748936736963 0)
(-0.0102897857412 -0.0747677868109 0)
(-0.0101486727842 -0.0745683204103 0)
(-0.0100019921947 -0.0742907439625 0)
(-0.00984914013284 -0.073930297429 0)
(-0.00968946416268 -0.0734819772548 0)
(-0.0095222605105 -0.0729405195926 0)
(-0.00934677371988 -0.0723003815973 0)
(-0.00916219745581 -0.0715557206503 0)
(-0.00896767584301 -0.0707003707446 0)
(-0.00876230525239 -0.0697278150664 0)
(-0.00854513667346 -0.0686311537548 0)
(-0.00831517887177 -0.0674030657248 0)
(-0.00807140254396 -0.0660357632882 0)
(-0.0078127456979 -0.0645209380915 0)
(-0.00753812051082 -0.0628496966263 0)
(-0.00724642196429 -0.0610124832612 0)
(-0.00693653861709 -0.0589989883853 0)
(-0.00660736596108 -0.0567980388351 0)
(-0.00625782291213 -0.0543974672871 0)
(-0.00588687212297 -0.0517839567257 0)
(-0.005493544971 -0.0489428554127 0)
(-0.00507697227282 -0.0458579569491 0)
(-0.00463642201651 -0.0425112390197 0)
(-0.00417134568682 -0.0388825531785 0)
(-0.00368143516946 -0.0349492567754 0)
(-0.00316669324338 -0.0306857780628 0)
(-0.00262752538772 -0.0260631147047 0)
(-0.00206488755992 -0.0210483315594 0)
(-0.00148068392634 -0.0156045216225 0)
(-0.000879556150373 -0.00969403402476 0)
(-0.000278864525546 -0.00330115451109 0)
(-0.0133756632195 -0.0468345334544 0)
(-0.0133841347348 -0.047477239868 0)
(-0.0133886094585 -0.0481363852516 0)
(-0.0133889788203 -0.0488113442509 0)
(-0.0133847322786 -0.0495013557336 0)
(-0.0133754500951 -0.0502055052637 0)
(-0.0133608146848 -0.0509227454043 0)
(-0.0133406155231 -0.0516519229143 0)
(-0.0133147474722 -0.0523918070598 0)
(-0.0132832035228 -0.053141116106 0)
(-0.0132460629707 -0.0538985395776 0)
(-0.0132034750871 -0.0546627541295 0)
(-0.0131556376986 -0.0554324345185 0)
(-0.0131027713575 -0.0562062781057 0)
(-0.0130450498772 -0.056983060946 0)
(-0.012982381325 -0.0577616795645 0)
(-0.0129153332537 -0.0585404362954 0)
(-0.0128448485031 -0.0593182744494 0)
(-0.0127712774249 -0.0600939509203 0)
(-0.0126949188411 -0.0608662561823 0)
(-0.0126160584176 -0.0616340061748 0)
(-0.0125349591785 -0.0623960151694 0)
(-0.0124518597664 -0.0631510826411 0)
(-0.0123669753763 -0.0638979853426 0)
(-0.0122804980751 -0.064635469548 0)
(-0.0121925968855 -0.0653622435437 0)
(-0.012103418073 -0.0660769706335 0)
(-0.01201308566 -0.0667782625371 0)
(-0.0119217020551 -0.0674646730619 0)
(-0.0118293486766 -0.0681346919678 0)
(-0.0117360864734 -0.0687867389784 0)
(-0.0116419562884 -0.0694191578884 0)
(-0.0115469790406 -0.0700302107288 0)
(-0.0114511557157 -0.0706180719505 0)
(-0.0113544671659 -0.0711808225948 0)
(-0.0112568737263 -0.0717164444186 0)
(-0.0111583146573 -0.0722228139434 0)
(-0.0110587074345 -0.0726976964056 0)
(-0.0109579469111 -0.0731387395805 0)
(-0.0108559043856 -0.0735434674734 0)
(-0.0107524265994 -0.0739092738826 0)
(-0.0106473346501 -0.074233415884 0)
(-0.0105404226671 -0.0745130073163 0)
(-0.0104314558015 -0.0747450122936 0)
(-0.0103201674001 -0.0749262385158 0)
(-0.0102062563054 -0.0750533298563 0)
(-0.0100893814899 -0.0751227578374 0)
(-0.00996915430236 -0.075130810894 0)
(-0.00984513898308 -0.0750735822512 0)
(-0.00971686385942 -0.0749469594758 0)
(-0.0095838285503 -0.0747466171174 0)
(-0.00944550146199 -0.0744680105525 0)
(-0.00930131077332 -0.0741063658529 0)
(-0.00915063758365 -0.073656665085 0)
(-0.00899281357066 -0.0731136289435 0)
(-0.00882712130504 -0.0724716978682 0)
(-0.00865279549246 -0.0717250113368 0)
(-0.00846902452595 -0.0708673843791 0)
(-0.00827495235936 -0.0698922802719 0)
(-0.00806968090294 -0.0687927783857 0)
(-0.00785227316505 -0.0675615360806 0)
(-0.00762175735657 -0.0661907433926 0)
(-0.00737713217983 -0.0646720690373 0)
(-0.00711737354475 -0.0629965959892 0)
(-0.00684144299698 -0.0611547445868 0)
(-0.00654829820106 -0.0591361807575 0)
(-0.00623690590092 -0.0569297065338 0)
(-0.00590625788003 -0.054523129549 0)
(-0.00555539057039 -0.0519031076257 0)
(-0.00518340911411 -0.0490549638904 0)
(-0.00478951686697 -0.0459624670185 0)
(-0.00437305155469 -0.0426075702177 0)
(-0.00393352955644 -0.0389701013445 0)
(-0.00347070017108 -0.0350273953162 0)
(-0.0029846126752 -0.0307538599654 0)
(-0.00247570338093 -0.0261204756882 0)
(-0.0019449350482 -0.0210942944884 0)
(-0.00139417028913 -0.01563839918 0)
(-0.000827851590745 -0.00971510936932 0)
(-0.000262392206139 -0.00330855094941 0)
(-0.0125921657722 -0.0468866890305 0)
(-0.0126035039968 -0.0475341911029 0)
(-0.0126106235342 -0.0481988278729 0)
(-0.012613368894 -0.0488798619745 0)
(-0.0126112015786 -0.0495763894784 0)
(-0.0126037017204 -0.0502873431483 0)
(-0.0125905765466 -0.0510115243337 0)
(-0.0125716602626 -0.0517476392559 0)
(-0.0125469062632 -0.0524943340118 0)
(-0.0125163739283 -0.0532502254462 0)
(-0.0124802121264 -0.0540139257885 0)
(-0.0124386382391 -0.0547840569656 0)
(-0.0123918995407 -0.0555592434566 0)
(-0.0123401960432 -0.0563380963165 0)
(-0.012283550951 -0.0571195628004 0)
(-0.0122223954099 -0.0579023165856 0)
(-0.0121575834712 -0.0586848272605 0)
(-0.0120896045352 -0.0594659605966 0)
(-0.0120188098251 -0.0602445695691 0)
(-0.0119455012544 -0.0610194942751 0)
(-0.0118699574881 -0.0617895782177 0)
(-0.0117924334011 -0.0625536612476 0)
(-0.0117131581416 -0.0633105683751 0)
(-0.0116323353868 -0.0640591006106 0)
(-0.0115501442112 -0.0647980268189 0)
(-0.0114667399661 -0.0655260760662 0)
(-0.0113822551776 -0.0662419304876 0)
(-0.0112968004722 -0.0669442186192 0)
(-0.0112104654831 -0.0676315090864 0)
(-0.0111233196684 -0.0683023045414 0)
(-0.011035412983 -0.0689550357787 0)
(-0.0109467763629 -0.0695880559609 0)
(-0.0108574220037 -0.0701996349035 0)
(-0.010767343431 -0.0707879533732 0)
(-0.0106765153644 -0.0713510973612 0)
(-0.0105848933888 -0.0718870522991 0)
(-0.0104924134476 -0.0723936971846 0)
(-0.0103989911824 -0.0728687985912 0)
(-0.0103045211556 -0.0733100045364 0)
(-0.0102088759996 -0.0737148381958 0)
(-0.0101119055369 -0.0740806914724 0)
(-0.0100134358853 -0.0744048184828 0)
(-0.00991326839537 -0.074684329091 0)
(-0.00981117777208 -0.0749161825823 0)
(-0.00970690895019 -0.0750971812254 0)
(-0.00960017458091 -0.0752239630251 0)
(-0.00949064924496 -0.0752929932865 0)
(-0.00937795779649 -0.0753005531223 0)
(-0.00926167647742 -0.075242725888 0)
(-0.00914135075456 -0.0751153863309 0)
(-0.0090165058826 -0.0749141948115 0)
(-0.00888664151482 -0.0746345932852 0)
(-0.00875121878366 -0.0742717950779 0)
(-0.00860965258949 -0.0738207690544 0)
(-0.00846131011766 -0.0732762215233 0)
(-0.00830551204058 -0.072632577234 0)
(-0.00814153423966 -0.071883958817 0)
(-0.00796860955253 -0.0710241634687 0)
(-0.00778592970965 -0.0700466357736 0)
(-0.00759264773681 -0.0689444356412 0)
(-0.00738788107142 -0.0677102002734 0)
(-0.00717071561033 -0.0663360989168 0)
(-0.00694021090326 -0.064813778933 0)
(-0.00669540672321 -0.0631343014484 0)
(-0.00643533128356 -0.0612880645381 0)
(-0.00615901142683 -0.0592647115361 0)
(-0.005865485184 -0.0570530216505 0)
(-0.0055538171972 -0.0546407795718 0)
(-0.00522311761688 -0.0520146201951 0)
(-0.00487256522828 -0.0491598438983 0)
(-0.0045014357339 -0.0460601969932 0)
(-0.00410913632323 -0.042697610979 0)
(-0.00369524790365 -0.0390518930301 0)
(-0.00325957671825 -0.0351003589446 0)
(-0.00280221795847 -0.0308173998027 0)
(-0.00232363805334 -0.0261739827874 0)
(-0.00182480567238 -0.021137151422 0)
(-0.00130754083396 -0.0156699827122 0)
(-0.00077608621058 -0.00973477017409 0)
(-0.0002459058053 -0.00331547566052 0)
(-0.0117967169421 -0.0469301200788 0)
(-0.0118111495803 -0.0475826604198 0)
(-0.0118210730721 -0.0482531174239 0)
(-0.0118262828121 -0.0489406029371 0)
(-0.0118262204665 -0.0496440310473 0)
(-0.0118204815854 -0.0503621471713 0)
(-0.0118088178461 -0.0510935745491 0)
(-0.0117911285363 -0.0518368608466 0)
(-0.0117674437774 -0.0525905195668 0)
(-0.0117379033048 -0.0533530640269 0)
(-0.0117027347663 -0.054123033827 0)
(-0.0116622338338 -0.0548990151577 0)
(-0.0116167183043 -0.0556796427124 0)
(-0.0115661523021 -0.0564634178118 0)
(-0.011510904803 -0.0572492765407 0)
(-0.0114518840123 -0.058035810928 0)
(-0.0113895999985 -0.0588217506873 0)
(-0.0113244441078 -0.0596059331201 0)
(-0.0112567555666 -0.0603872352375 0)
(-0.0111868353098 -0.0611645380685 0)
(-0.0111149540789 -0.061936720292 0)
(-0.0110413546982 -0.0627026522064 0)
(-0.0109662524542 -0.0634611867108 0)
(-0.010889836016 -0.0642111503234 0)
(-0.010812268826 -0.0649513349648 0)
(-0.0107336905553 -0.0656804903571 0)
(-0.0106542184822 -0.0663973169687 0)
(-0.0105739487581 -0.0671004594376 0)
(-0.0104929575357 -0.0677885003784 0)
(-0.0104113019304 -0.0684599544606 0)
(-0.0103290207844 -0.0691132626733 0)
(-0.0102461352172 -0.0697467867008 0)
(-0.0101626489512 -0.0703588033485 0)
(-0.0100785484187 -0.0709474989688 0)
(-0.00999380265637 -0.0715109638478 0)
(-0.00990836300209 -0.0720471865175 0)
(-0.00982216261551 -0.072554047961 0)
(-0.00973511584853 -0.0730293156854 0)
(-0.00964711750967 -0.0734706376328 0)
(-0.00955804208201 -0.073875535915 0)
(-0.00946774296492 -0.0742414003771 0)
(-0.00937605179622 -0.074565482066 0)
(-0.00928277774544 -0.0748448867951 0)
(-0.00918770588932 -0.0750765690122 0)
(-0.0090905936026 -0.0752573257102 0)
(-0.00899116822636 -0.0753837894118 0)
(-0.00888912147888 -0.0754524200005 0)
(-0.00878409127312 -0.0754594922547 0)
(-0.00867566289973 -0.0754010800572 0)
(-0.00856339800632 -0.0752730448443 0)
(-0.00844684964383 -0.0750710324844 0)
(-0.00832555098039 -0.0747904723472 0)
(-0.00819899699348 -0.0744265663717 0)
(-0.00806663646675 -0.0739742714861 0)
(-0.00792787203358 -0.073428280685 0)
(-0.00778206249636 -0.0727830040345 0)
(-0.00762852503232 -0.0720325483646 0)
(-0.00746653709413 -0.0711706941678 0)
(-0.00729533837752 -0.0701908685591 0)
(-0.00711413321242 -0.0690861133015 0)
(-0.00692209364401 -0.0678490468436 0)
(-0.00671836341842 -0.0664718191357 0)
(-0.00650206307687 -0.0649460577678 0)
(-0.00627229637678 -0.0632628036925 0)
(-0.00602815829417 -0.0614124344911 0)
(-0.00576874491349 -0.0593845727755 0)
(-0.00549316558046 -0.0571679769098 0)
(-0.00520055778098 -0.0547504107413 0)
(-0.004890105319 -0.0521184884704 0)
(-0.00456106049944 -0.04925749011 0)
(-0.00421277118025 -0.0461511421651 0)
(-0.00384471374546 -0.0427813571877 0)
(-0.0034565332732 -0.0391279246745 0)
(-0.00304809249465 -0.035168144601 0)
(-0.00261953195062 -0.0308763949351 0)
(-0.00217134749653 -0.0262236336582 0)
(-0.00170451287329 -0.0211769001482 0)
(-0.00122080455992 -0.01569927004 0)
(-0.000724264599573 -0.00975301432833 0)
(-0.000229405098934 -0.00332192649837 0)
(-0.0109894072692 -0.0469648967489 0)
(-0.0110071559237 -0.0476227794028 0)
(-0.0110200152454 -0.048299452811 0)
(-0.011027734898 -0.0489938265595 0)
(-0.0110297531021 -0.0497045839506 0)
(-0.0110257051411 -0.0504302431392 0)
(-0.0110154142056 -0.0511692212343 0)
(-0.0109988699577 -0.051919891551 0)
(-0.010976199604 -0.05268062979 0)
(-0.0109476365248 -0.0534498480798 0)
(-0.0109134890611 -0.0542260179096 0)
(-0.0108741048951 -0.0550076839492 0)
(-0.01082980591 -0.0557934712097 0)
(-0.0107807416441 -0.0565821056155 0)
(-0.0107275016988 -0.0573719765633 0)
(-0.010670958594 -0.0581620440836 0)
(-0.0106115168182 -0.058951123176 0)
(-0.0105495231823 -0.0597380770917 0)
(-0.0104852990696 -0.0605218097083 0)
(-0.0104191341652 -0.0613012384491 0)
(-0.0103512856692 -0.0620752785506 0)
(-0.0102819800716 -0.0628428332433 0)
(-0.0102114149719 -0.0636027847364 0)
(-0.0101397609519 -0.0643539855595 0)
(-0.0100671635431 -0.065095250559 0)
(-0.009993745126 -0.0658253495345 0)
(-0.00991960664895 -0.066543000425 0)
(-0.00984482912938 -0.0672468629591 0)
(-0.00976947492404 -0.0679355326743 0)
(-0.00969358876607 -0.0686075351973 0)
(-0.00961719856481 -0.0692613206971 0)
(-0.00954031596818 -0.0698952584334 0)
(-0.00946293669177 -0.0705076313381 0)
(-0.00938504062385 -0.0710966305761 0)
(-0.00930659171932 -0.0716603500495 0)
(-0.00922753769905 -0.0721967808064 0)
(-0.00914780957631 -0.0727038053271 0)
(-0.00906732104038 -0.0731791916582 0)
(-0.00898596774611 -0.0736205873658 0)
(-0.00890362658535 -0.0740255132863 0)
(-0.00882015504405 -0.074391357072 0)
(-0.00873539076535 -0.0747153666113 0)
(-0.00864915132138 -0.0749946435918 0)
(-0.00856123308045 -0.0752261375896 0)
(-0.00847140688975 -0.0754066404683 0)
(-0.00837941568842 -0.0755327796707 0)
(-0.00828497058569 -0.0756010106338 0)
(-0.00818772218346 -0.0756076031383 0)
(-0.00808725966654 -0.075548622025 0)
(-0.00798315970353 -0.0754199143386 0)
(-0.00787500673199 -0.0752171108538 0)
(-0.0077623702987 -0.0749356295002 0)
(-0.00764477991901 -0.0745706624806 0)
(-0.00752171807124 -0.0741171561265 0)
(-0.00739262264594 -0.0735697911658 0)
(-0.00725689056271 -0.0729229639576 0)
(-0.00711388040535 -0.0721707665646 0)
(-0.00696291440891 -0.0713069639052 0)
(-0.00680328041884 -0.0703249668529 0)
(-0.00663423425145 -0.069217800347 0)
(-0.00645500273042 -0.0679780654945 0)
(-0.00626478760545 -0.0665978944496 0)
(-0.00606277054383 -0.0650688966189 0)
(-0.00584811939924 -0.0633820944601 0)
(-0.00561999599598 -0.0615278468335 0)
(-0.0053775657158 -0.0594957575024 0)
(-0.00512000923923 -0.0572745659674 0)
(-0.00484653687478 -0.0548520173318 0)
(-0.0045564060106 -0.0522147073321 0)
(-0.00424894234589 -0.0493478979958 0)
(-0.00392356570368 -0.0462352985726 0)
(-0.0035798213979 -0.0428588054197 0)
(-0.00321741832847 -0.0391981933494 0)
(-0.0028362752715 -0.0352307497934 0)
(-0.00243657756912 -0.0309308432195 0)
(-0.00201884983992 -0.0262694263797 0)
(-0.00158407011388 -0.0212135388086 0)
(-0.00113397045902 -0.0157262592624 0)
(-0.0006723912928 -0.00976983993299 0)
(-0.000212890148296 -0.00332790181669 0)
(-0.0101703661711 -0.046991147396 0)
(-0.0101916259882 -0.0476547548002 0)
(-0.0102075018134 -0.0483381202567 0)
(-0.0102177109375 -0.0490398836852 0)
(-0.0102217169747 -0.049758438319 0)
(-0.0102192307998 -0.0504920310905 0)
(-0.0102101823938 -0.0512388465205 0)
(-0.0101946810284 -0.0519970730321 0)
(-0.0101729714892 -0.0527649501661 0)
(-0.0101453921092 -0.0535407982789 0)
(-0.0101123351288 -0.0543230343304 0)
(-0.0100741979875 -0.0551101811248 0)
(-0.0100312688842 -0.0559009080423 0)
(-0.00998406972456 -0.0566938295183 0)
(-0.00993337977217 -0.0574875242837 0)
(-0.00987971965199 -0.0582808803599 0)
(-0.00982349174269 -0.0590728114924 0)
(-0.00976504000218 -0.0598622460399 0)
(-0.00970467096163 -0.0606481320211 0)
(-0.00964265622845 -0.0614294264782 0)
(-0.00957923336532 -0.0622050819191 0)
(-0.00951460810319 -0.0629740351545 0)
(-0.00944895700278 -0.0637351978864 0)
(-0.00938243007005 -0.0644874482787 0)
(-0.00931515320833 -0.0652296233097 0)
(-0.00924723043004 -0.0659605117846 0)
(-0.00917874577825 -0.0666788478854 0)
(-0.00910976494425 -0.0673833051467 0)
(-0.00904033658882 -0.0680724907596 0)
(-0.00897049338373 -0.0687449401008 0)
(-0.00890025278889 -0.0693991114014 0)
(-0.00882961758006 -0.0700333804835 0)
(-0.00875857614143 -0.0706460355017 0)
(-0.00868710253822 -0.0712352716421 0)
(-0.0086151563852 -0.0717991857395 0)
(-0.00854268252867 -0.0723357707825 0)
(-0.00846961056334 -0.072842910275 0)
(-0.00839585421406 -0.0733183724308 0)
(-0.008321310634 -0.0737598041657 0)
(-0.00824585971063 -0.0741647248604 0)
(-0.00816936352297 -0.0745305198755 0)
(-0.00809166615793 -0.074854433886 0)
(-0.00801259410419 -0.0751335643801 0)
(-0.00793195602809 -0.0753648559853 0)
(-0.00784953757736 -0.0755450955573 0)
(-0.00776509814951 -0.0756709058496 0)
(-0.00767837151622 -0.075738739043 0)
(-0.00758902127004 -0.0757448618211 0)
(-0.0074966311878 -0.0756853305029 0)
(-0.0074007920518 -0.0755559756305 0)
(-0.00730112566697 -0.0753524119378 0)
(-0.00719724137551 -0.0750700476222 0)
(-0.00708870346568 -0.0747040671695 0)
(-0.00697502755669 -0.0742494076947 0)
(-0.00685568647169 -0.073700738645 0)
(-0.00673011520666 -0.0730524436037 0)
(-0.0065977138615 -0.0722986008841 0)
(-0.00645784962104 -0.0714329609601 0)
(-0.00630985866155 -0.0704489196987 0)
(-0.00615304846138 -0.0693394865459 0)
(-0.00598670078488 -0.0680972466872 0)
(-0.00581007553003 -0.0667143159875 0)
(-0.00562241561473 -0.0651822872638 0)
(-0.0054229530907 -0.0634921661619 0)
(-0.00521091670648 -0.0616342945971 0)
(-0.00498554118752 -0.0595982593587 0)
(-0.00474607856136 -0.0573727830656 0)
(-0.00449181193151 -0.0549455941752 0)
(-0.00422207219645 -0.0523032721882 0)
(-0.00393625832205 -0.049431063522 0)
(-0.00363386190701 -0.0463126627164 0)
(-0.00331449693485 -0.0429299526785 0)
(-0.00297793578688 -0.0392626965161 0)
(-0.00262415285366 -0.0352881723781 0)
(-0.00225337774837 -0.0309807428176 0)
(-0.00186616321732 -0.0263113592923 0)
(-0.00146349085264 -0.021247065765 0)
(-0.00104704750626 -0.0157509486524 0)
(-0.000620470826446 -0.0097852452567 0)
(-0.000196361252812 -0.00333340036559 0)
(-0.00933976146335 -0.0470090952794 0)
(-0.00936466783409 -0.0476789038869 0)
(-0.00938355535299 -0.0483695239536 0)
(-0.0093961387237 -0.0490792391606 0)
(-0.00940195337083 -0.0498060833478 0)
(-0.00940083532656 -0.0505479875041 0)
(-0.00939286379467 -0.051302883099 0)
(-0.00937829758984 -0.0520687723865 0)
(-0.0093575157289 -0.052843770131 0)
(-0.00933096612205 -0.0536261236499 0)
(-0.00929911359586 -0.0544142215665 0)
(-0.0092623341088 -0.0552066301426 0)
(-0.0092211977323 -0.0560019308371 0)
(-0.00917647940003 -0.0567987499395 0)
(-0.00912870902877 -0.0575958661398 0)
(-0.00907833176437 -0.0583921782503 0)
(-0.00902573322834 -0.0591866473636 0)
(-0.00897124551488 -0.0599782600373 0)
(-0.00891515583481 -0.0607660149218 0)
(-0.00885771230379 -0.0615489122559 0)
(-0.00879912781149 -0.062325942428 0)
(-0.00873958354545 -0.0630960753612 0)
(-0.00867923239056 -0.0638582513137 0)
(-0.0086182020468 -0.0646113728324 0)
(-0.00855659778456 -0.0653542975785 0)
(-0.00849450481288 -0.066085831818 0)
(-0.00843199026282 -0.0668047244147 0)
(-0.0083691048051 -0.0675096611934 0)
(-0.00830588393109 -0.0681992595732 0)
(-0.00824234893005 -0.0688720633712 0)
(-0.00817850759143 -0.0695265377021 0)
(-0.00811435465797 -0.0701610639053 0)
(-0.00804987205095 -0.0707739344459 0)
(-0.00798502888692 -0.0713633477453 0)
(-0.00791978130298 -0.0719274029062 0)
(-0.00785407210816 -0.0724640943056 0)
(-0.00778783027993 -0.0729713060273 0)
(-0.00772097033302 -0.0734468061107 0)
(-0.00765339161069 -0.0738882405811 0)
(-0.00758497760083 -0.0742931272221 0)
(-0.00751559546299 -0.0746588490495 0)
(-0.00744509608271 -0.074982647516 0)
(-0.00737331522394 -0.0752616158459 0)
(-0.00730007488118 -0.0754926935714 0)
(-0.00722517732115 -0.0756726626103 0)
(-0.00714839914632 -0.0757981413595 0)
(-0.00706950130808 -0.0758655801594 0)
(-0.00698816289861 -0.075871245432 0)
(-0.00690394493114 -0.0758111857126 0)
(-0.00681645308217 -0.0756812110862 0)
(-0.00672535631318 -0.0754769190041 0)
(-0.00663030740103 -0.0751937106141 0)
(-0.00653090479802 -0.0748267651333 0)
(-0.00642669626315 -0.0743710118043 0)
(-0.00631718911387 -0.0738211096706 0)
(-0.00620185637491 -0.0731714304138 0)
(-0.00608013978045 -0.0724160395993 0)
(-0.00595145163603 -0.0715486743889 0)
(-0.00581517662708 -0.070562716886 0)
(-0.00567067406284 -0.0694511623823 0)
(-0.00551728080141 -0.0682065815696 0)
(-0.00535431502345 -0.0668210755368 0)
(-0.0051810810114 -0.0652862221107 0)
(-0.00499687510627 -0.0635930118121 0)
(-0.00480099304678 -0.0617317713904 0)
(-0.00459273893919 -0.0596920725372 0)
(-0.00437143616205 -0.0574626229711 0)
(-0.00413644057962 -0.0550311366005 0)
(-0.0038871565221 -0.052384178916 0)
(-0.0036230560922 -0.0495069830959 0)
(-0.00334370247553 -0.046383231509 0)
(-0.00304877806926 -0.0429947963474 0)
(-0.00273811840405 -0.0393214319823 0)
(-0.00241175306727 -0.0353404105217 0)
(-0.0020699554306 -0.0310260921635 0)
(-0.00171330576013 -0.0263494309717 0)
(-0.00134278853708 -0.0212774795776 0)
(-0.000960044663684 -0.015773336634 0)
(-0.000568507783746 -0.00979922872275 0)
(-0.000179818909604 -0.0033384212243 0)
(-0.00849778401293 -0.0470191097332 0)
(-0.0085263625147 -0.0476956985547 0)
(-0.0085481264742 -0.0483942191214 0)
(-0.00856284311481 -0.0491124905649 0)
(-0.00857018885792 -0.0498481109513 0)
(-0.00857018775021 -0.0505986560616 0)
(-0.00856311278946 -0.0513617960928 0)
(-0.00854939602301 -0.052135359326 0)
(-0.00852955634419 -0.0529173588097 0)
(-0.00850413820029 -0.0537059986927 0)
(-0.00847361398061 -0.0544996980594 0)
(-0.00843860630968 -0.0552969594627 0)
(-0.00839991640901 -0.0560963797527 0)
(-0.00835811550591 -0.056896721874 0)
(-0.00831368171579 -0.0576968630174 0)
(-0.00826703013855 -0.0584957611372 0)
(-0.0082185198541 -0.059292429093 0)
(-0.00816845725205 -0.0600859073777 0)
(-0.00811710193738 -0.0608752448765 0)
(-0.00806467312149 -0.0616594854039 0)
(-0.00801135508578 -0.0624376565202 0)
(-0.00795730178114 -0.0632087597217 0)
(-0.00790264078467 -0.0639717619208 0)
(-0.00784747668695 -0.064725588025 0)
(-0.00779189394448 -0.0654691143582 0)
(-0.00773595923741 -0.0662011627017 0)
(-0.00767972337939 -0.0669204947723 0)
(-0.00762322282877 -0.0676258070007 0)
(-0.00756648084904 -0.068315725509 0)
(-0.00750950836306 -0.0689888011953 0)
(-0.00745230453887 -0.0696435048617 0)
(-0.0073948571383 -0.0702782223264 0)
(-0.00733714265387 -0.0708912494746 0)
(-0.00727912625478 -0.0714807872084 0)
(-0.00722076155908 -0.0720449362709 0)
(-0.00716199024755 -0.0725816919156 0)
(-0.00710274153488 -0.0730889384029 0)
(-0.0070429315193 -0.0735644432976 0)
(-0.00698246245342 -0.0740058515343 0)
(-0.00692122204065 -0.074410679201 0)
(-0.00685908297994 -0.0747763069686 0)
(-0.00679590319156 -0.0750999731226 0)
(-0.00673152779586 -0.0753787665831 0)
(-0.00666579299894 -0.0756096215358 0)
(-0.00659852027705 -0.0757893149329 0)
(-0.00652950416068 -0.0759144610211 0)
(-0.00645853840142 -0.0759815098748 0)
(-0.00638532585063 -0.0759867320753 0)
(-0.00630937152289 -0.0759261696097 0)
(-0.00623030225746 -0.0757956047811 0)
(-0.00614784959242 -0.0755906165663 0)
(-0.00606171270316 -0.0753066033581 0)
(-0.00597152224529 -0.0749387419708 0)
(-0.0058768566361 -0.0744819549511 0)
(-0.00577725718564 -0.0739308916521 0)
(-0.00567223492237 -0.073279912662 0)
(-0.00556127335248 -0.0725230717879 0)
(-0.00544383007978 -0.0716540940166 0)
(-0.00531933847485 -0.0706663489404 0)
(-0.00518720983939 -0.0695528190449 0)
(-0.00504683626842 -0.068306061964 0)
(-0.00489759434888 -0.0669181655309 0)
(-0.00473884983042 -0.0653806941862 0)
(-0.00456996342365 -0.0636846250168 0)
(-0.00439029791292 -0.0618202713874 0)
(-0.00419922681283 -0.0597771917696 0)
(-0.00399614484857 -0.057544080963 0)
(-0.00378048060403 -0.0551086404229 0)
(-0.00355171175762 -0.0524574238519 0)
(-0.00330938341668 -0.049575653556 0)
(-0.00305313016559 -0.0464470022651 0)
(-0.00278270256348 -0.0430533341819 0)
(-0.00249799896673 -0.0393743978948 0)
(-0.00219910375468 -0.0353874626952 0)
(-0.00188633356276 -0.0310668899597 0)
(-0.00156029559528 -0.0263836402266 0)
(-0.00122197660088 -0.0213047790029 0)
(-0.000872970885775 -0.015793421774 0)
(-0.00051650683278 -0.00981178889145 0)
(-0.000163263783957 -0.0033429637719 0)
(-0.00764460391029 -0.0470217706449 0)
(-0.00767670156931 -0.0477058127159 0)
(-0.0077010247889 -0.0484129386772 0)
(-0.00771748485692 -0.0491403724344 0)
(-0.00772599351418 -0.0498852003386 0)
(-0.00772683178425 -0.0506446190351 0)
(-0.00772050114842 -0.0514160484287 0)
(-0.007707612904 -0.052197170854 0)
(-0.00768881033009 -0.0529859319453 0)
(-0.00766468085324 -0.0537805443206 0)
(-0.00763590839082 -0.0545793894646 0)
(-0.0076033276098 -0.055380999932 0)
(-0.00756757042141 -0.0561840967216 0)
(-0.00752916380842 -0.0569875421567 0)
(-0.00748855712674 -0.0577902992025 0)
(-0.00744613298642 -0.0585913990368 0)
(-0.0074022146165 -0.0593899160469 0)
(-0.00735707248557 -0.0601849453023 0)
(-0.00731093128651 -0.0609755839891 0)
(-0.00726397684527 -0.0617609173299 0)
(-0.00721636221921 -0.0625400076317 0)
(-0.00716821277744 -0.063311885282 0)
(-0.00711963036766 -0.0640755411047 0)
(-0.00707069671281 -0.0648299197247 0)
(-0.00702147615603 -0.0655739136729 0)
(-0.00697201785086 -0.0663063580126 0)
(-0.0069223574798 -0.0670260253125 0)
(-0.00687251857236 -0.067731620835 0)
(-0.00682251348292 -0.0684217778474 0)
(-0.00677234407987 -0.0690950529741 0)
(-0.00672200218692 -0.0697499215375 0)
(-0.00667146981002 -0.0703847728392 0)
(-0.00662071917545 -0.0709979053436 0)
(-0.00656971259954 -0.0715875217351 0)
(-0.00651840220541 -0.0721517238237 0)
(-0.00646672949933 -0.0726885072824 0)
(-0.00641462481736 -0.0731957561955 0)
(-0.00636200665496 -0.0736712374004 0)
(-0.00630878090858 -0.0741125945857 0)
(-0.00625484011974 -0.0745173420909 0)
(-0.0062000629606 -0.0748828582988 0)
(-0.00614431448551 -0.0752063784647 0)
(-0.00608744882035 -0.0754849872215 0)
(-0.00602931673981 -0.0757156130141 0)
(-0.00596976256948 -0.0758950276281 0)
(-0.00590860011479 -0.0760198411451 0)
(-0.00584566153448 -0.0760865048432 0)
(-0.00578069491501 -0.0760913006452 0)
(-0.00571308473981 -0.0760302662801 0)
(-0.00564249987716 -0.0758991427062 0)
(-0.00556875717187 -0.0756934903503 0)
(-0.00549160262168 -0.0754087116647 0)
(-0.00541069522178 -0.0750399841674 0)
(-0.00532564215287 -0.0745822245147 0)
(-0.0052360182388 -0.0740300728667 0)
(-0.00514137254426 -0.0733778794621 0)
(-0.00504123051542 -0.0726196873333 0)
(-0.00493509524093 -0.071749210439 0)
(-0.00482244895004 -0.0707598071243 0)
(-0.0047027550904 -0.069644448427 0)
(-0.00457546112659 -0.0683956803671 0)
(-0.00444000216378 -0.0670055790481 0)
(-0.00429580550982 -0.0654656971339 0)
(-0.00414229631368 -0.0637669999716 0)
(-0.00397890445006 -0.061899789325 0)
(-0.00380507285952 -0.0598536123242 0)
(-0.00362026760088 -0.0576171528312 0)
(-0.0034239899295 -0.0551781019417 0)
(-0.00321579078354 -0.0525230037898 0)
(-0.0029952881402 -0.0496370721708 0)
(-0.00276218779509 -0.0465039727004 0)
(-0.00251630822183 -0.043105564308 0)
(-0.00225761028723 -0.0394215927395 0)
(-0.00198623277076 -0.0354293276749 0)
(-0.00170253509455 -0.0311031351787 0)
(-0.00140715084416 -0.0264139861016 0)
(-0.00110106846171 -0.0213289629956 0)
(-0.000785835122038 -0.0158112027741 0)
(-0.000464472761219 -0.00982292443121 0)
(-0.000146696695688 -0.00334702770484 0)
(-0.00678027957546 -0.0470179368543 0)
(-0.00681548139896 -0.0477101580883 0)
(-0.00684182132239 -0.0484265950066 0)
(-0.00685949318584 -0.0491637274117 0)
(-0.00686875512457 -0.0499180690509 0)
(-0.00687019871198 -0.0506864411927 0)
(-0.00686455723815 -0.0514660471279 0)
(-0.00685259621831 -0.0522544629118 0)
(-0.00683503728604 -0.0530496091031 0)
(-0.00681263808628 -0.0538496878994 0)
(-0.00678627422074 -0.0546531259603 0)
(-0.006756655935 -0.0554585720518 0)
(-0.00672437323144 -0.0562648582104 0)
(-0.00668991892334 -0.0570709483108 0)
(-0.00665370289908 -0.0578758955067 0)
(-0.00661606400808 -0.058678808962 0)
(-0.00657728074964 -0.0594788281327 0)
(-0.00653758074822 -0.0602751022149 0)
(-0.00649714913109 -0.0610667736399 0)
(-0.00645613585288 -0.0618529652166 0)
(-0.00641466187174 -0.0626327701509 0)
(-0.00637282417128 -0.0634052440509 0)
(-0.00633069975725 -0.0641693982499 0)
(-0.00628834880326 -0.0649241940173 0)
(-0.00624581710589 -0.065668537369 0)
(-0.00620313797978 -0.0664012742709 0)
(-0.00616033369686 -0.067121186082 0)
(-0.00611741655235 -0.0678269851209 0)
(-0.00607438962236 -0.0685173102792 0)
(-0.00603124726556 -0.0691907226129 0)
(-0.00598797540875 -0.0698457008691 0)
(-0.00594455164784 -0.0704806369136 0)
(-0.00590094518778 -0.0710938310275 0)
(-0.00585711663926 -0.0716834870514 0)
(-0.00581301768508 -0.0722477073605 0)
(-0.00576859062488 -0.072784487654 0)
(-0.00572376780372 -0.0732917115473 0)
(-0.00567847092703 -0.07376714495 0)
(-0.00563261027112 -0.0742084301965 0)
(-0.00558608384736 -0.0746130798691 0)
(-0.00553877673424 -0.0749784701757 0)
(-0.0054905611121 -0.0753018335774 0)
(-0.00544129919189 -0.075580250549 0)
(-0.00539085542614 -0.0758106432328 0)
(-0.00533910154183 -0.0759897777424 0)
(-0.00528587457804 -0.0761142596716 0)
(-0.00523104798934 -0.0761805421206 0)
(-0.00517446391071 -0.0761849304876 0)
(-0.00511526109416 -0.0761234626391 0)
(-0.00505320619849 -0.0759918129884 0)
(-0.0049882311552 -0.0757855271913 0)
(-0.00492012341472 -0.0755000221993 0)
(-0.00484856415984 -0.0751304790796 0)
(-0.0047731872521 -0.0746718087667 0)
(-0.00469360069231 -0.0741186424713 0)
(-0.0046093917077 -0.0734653207774 0)
(-0.00452012789116 -0.0727058769322 0)
(-0.00442535801282 -0.0718340150287 0)
(-0.00432461333108 -0.0708430834416 0)
(-0.00421740958393 -0.0697260431302 0)
(-0.00410324972672 -0.068475429952 0)
(-0.00398162748246 -0.0670833098135 0)
(-0.00385203179585 -0.0655412252154 0)
(-0.00371395231115 -0.0638401314629 0)
(-0.00356688602689 -0.061970320504 0)
(-0.00341034531713 -0.0599213300068 0)
(-0.00324386755244 -0.0576818348764 0)
(-0.00306702660434 -0.0552395179405 0)
(-0.00287944657711 -0.052580915981 0)
(-0.00268081818048 -0.0496912366384 0)
(-0.0024709182343 -0.0465541409322 0)
(-0.00224963288333 -0.0431514852235 0)
(-0.002016985198 -0.0394630153425 0)
(-0.0017731679792 -0.0354660045434 0)
(-0.00151858297647 -0.0311348270648 0)
(-0.00125388962192 -0.0264404678796 0)
(-0.000980077518955 -0.0213500307135 0)
(-0.000698646314877 -0.0158266784648 0)
(-0.000412410512694 -0.00983263407365 0)
(-0.000130118631549 -0.00335061312255 0)
(-0.00590460003297 -0.0470087931734 0)
(-0.00594214965246 -0.0477098761152 0)
(-0.0059697403115 -0.0484362225387 0)
(-0.00598803054504 -0.0491834164448 0)
(-0.00599771499613 -0.049947375458 0)
(-0.00599968897402 -0.0507245835851 0)
(-0.00599486354119 -0.0515120724828 0)
(-0.00598410325548 -0.0523073392625 0)
(-0.00596825426327 -0.0531083145136 0)
(-0.00594824689584 -0.053913253717 0)
(-0.00592489170529 -0.0547206908946 0)
(-0.00589885725813 -0.0555294052334 0)
(-0.00587068876236 -0.0563383525572 0)
(-0.00584082749005 -0.0571466064959 0)
(-0.00580962848902 -0.0579533138059 0)
(-0.00577737626764 -0.0587576612714 0)
(-0.00574429816263 -0.0595588512474 0)
(-0.00571057537915 -0.0603560833481 0)
(-0.00567635196295 -0.0611485404381 0)
(-0.00564174204319 -0.0619353778142 0)
(-0.00560683561661 -0.0627157147623 0)
(-0.00557170309091 -0.0634886277855 0)
(-0.00553639879832 -0.0642531449368 0)
(-0.00550096368055 -0.0650082408572 0)
(-0.00546542731996 -0.0657528322489 0)
(-0.00542980945648 -0.0664857736061 0)
(-0.00539412109888 -0.0672058530722 0)
(-0.00535836531254 -0.0679117883343 0)
(-0.00532253774591 -0.0686022224914 0)
(-0.00528662694359 -0.0692757198457 0)
(-0.0052506144813 -0.0699307615833 0)
(-0.00521447494968 -0.0705657413195 0)
(-0.00517817580654 -0.0711789604862 0)
(-0.0051416771118 -0.0717686235449 0)
(-0.00510493115449 -0.0723328330141 0)
(-0.00506788197705 -0.0728695842996 0)
(-0.00503046479668 -0.0733767603187 0)
(-0.00499260531684 -0.0738521259087 0)
(-0.00495421891491 -0.0742933219888 0)
(-0.00491520971429 -0.0746978594171 0)
(-0.00487546967716 -0.0750631123874 0)
(-0.00483487811057 -0.0753863109125 0)
(-0.00479330384768 -0.0756645316319 0)
(-0.00475062181557 -0.0758946896696 0)
(-0.00470673493361 -0.0760735444378 0)
(-0.00466151385534 -0.0761976964501 0)
(-0.00461487113796 -0.0762635985007 0)
(-0.00456684114199 -0.0762676008225 0)
(-0.00451607838375 -0.0762057496847 0)
(-0.00446258023607 -0.0760736060596 0)
(-0.00440642384129 -0.0758667148253 0)
(-0.0043474222131 -0.0755805223944 0)
(-0.00428527045573 -0.0752102149348 0)
(-0.00421962726472 -0.0747506968912 0)
(-0.00415013375995 -0.0741965905243 0)
(-0.00407641558194 -0.0735422274399 0)
(-0.00399808272081 -0.0727816321115 0)
(-0.00391472983452 -0.0719084999495 0)
(-0.00382593737643 -0.0709161706508 0)
(-0.00373127350906 -0.0697975964757 0)
(-0.0036302967872 -0.0685453045792 0)
(-0.00352255963831 -0.0671513522089 0)
(-0.00340761270966 -0.0656072733202 0)
(-0.00328501018544 -0.0639040148764 0)
(-0.00315431621 -0.0620318607974 0)
(-0.00301511258804 -0.0599803411686 0)
(-0.00286700797103 -0.0577381239178 0)
(-0.00270964878398 -0.0552928856948 0)
(-0.00254273219847 -0.0526311581413 0)
(-0.0023660215168 -0.0497381450939 0)
(-0.00217936439647 -0.0465975054857 0)
(-0.00198271441434 -0.0431910958043 0)
(-0.00177615654615 -0.0394986648758 0)
(-0.00155993724883 -0.0354974926961 0)
(-0.00133450015786 -0.0311619651405 0)
(-0.00110053003713 -0.0264630850883 0)
(-0.000859017151497 -0.0213679815254 0)
(-0.0006114133903 -0.0158398478024 0)
(-0.000360325228065 -0.00984091654415 0)
(-0.000113530805274 -0.00335372072896 0)
(-0.00501685524845 -0.0469958230796 0)
(-0.0050556385155 -0.0477062223537 0)
(-0.00508362088586 -0.0484428041504 0)
(-0.0051020902338 -0.0492001369082 0)
(-0.00511214862131 -0.0499735712592 0)
(-0.00511486284774 -0.0507593003989 0)
(-0.0051112107454 -0.0515541817107 0)
(-0.00510214313326 -0.0523557108511 0)
(-0.00508867343305 -0.0531618556781 0)
(-0.00507174397347 -0.0539709678995 0)
(-0.00505212088859 -0.054781741743 0)
(-0.00503041095657 -0.0555931131192 0)
(-0.00500708988437 -0.0564041743474 0)
(-0.00498252851158 -0.057214112198 0)
(-0.00495701510921 -0.0580221645288 0)
(-0.00493077355992 -0.0588275901377 0)
(-0.00490397774077 -0.0596296476235 0)
(-0.00487676267375 -0.0604275802604 0)
(-0.00484923307588 -0.0612206048304 0)
(-0.00482146989046 -0.0620079031033 0)
(-0.00479353526404 -0.062788615122 0)
(-0.00476547631683 -0.0635618337146 0)
(-0.00473732797293 -0.0643265997971 0)
(-0.00470911506185 -0.0650818981563 0)
(-0.00468085385944 -0.0658266534975 0)
(-0.00465255319781 -0.0665597266173 0)
(-0.00462421524249 -0.0672799106021 0)
(-0.00459583600933 -0.0679859269845 0)
(-0.00456740567454 -0.0686764218148 0)
(-0.00453890871753 -0.0693499616063 0)
(-0.00451032392492 -0.0700050291358 0)
(-0.00448162427679 -0.0706400190783 0)
(-0.00445277672978 -0.0712532334621 0)
(-0.0044237419075 -0.0718428769326 0)
(-0.00439447370389 -0.0724070518174 0)
(-0.00436491880141 -0.0729437529849 0)
(-0.00433501609951 -0.0734508624923 0)
(-0.00430469603797 -0.0739261440161 0)
(-0.00427387978014 -0.0743672370451 0)
(-0.0042424782063 -0.074771650782 0)
(-0.00421039073023 -0.0751367576046 0)
(-0.0041775040087 -0.0754597855274 0)
(-0.00414369194485 -0.0757378079806 0)
(-0.0041088336131 -0.075967732303 0)
(-0.00407286117855 -0.0761463092147 0)
(-0.00403569853534 -0.0762701337169 0)
(-0.00399729672264 -0.0763356493824 0)
(-0.0039580585246 -0.0763392898567 0)
(-0.00391571201924 -0.0762771247844 0)
(-0.00387077834934 -0.076144514633 0)
(-0.0038234876517 -0.0759370415711 0)
(-0.00377364703382 -0.0756502004061 0)
(-0.00372095642673 -0.0752791808937 0)
(-0.00366509834615 -0.0748188790639 0)
(-0.00360574737735 -0.0742639080615 0)
(-0.00354256796789 -0.0736085912212 0)
(-0.00347521279958 -0.072846945295 0)
(-0.00340332263161 -0.0719726582203 0)
(-0.00332652727141 -0.0709790623257 0)
(-0.00324444742835 -0.0698591025636 0)
(-0.00315669735174 -0.0686052988538 0)
(-0.00306288824631 -0.0672097013283 0)
(-0.00296263251424 -0.0656638370189 0)
(-0.00285554891149 -0.0639586462498 0)
(-0.00274126873853 -0.0620844067008 0)
(-0.00261944321721 -0.0600306427544 0)
(-0.00248975223986 -0.0577860173398 0)
(-0.0023519147149 -0.0553382030162 0)
(-0.00220570077708 -0.0526737284932 0)
(-0.00205094617864 -0.0497777961487 0)
(-0.00188756922866 -0.0466340653312 0)
(-0.00171559070123 -0.0432243953386 0)
(-0.00153515718779 -0.0395285408899 0)
(-0.00134656844953 -0.0355237918703 0)
(-0.00115030958463 -0.0311845492321 0)
(-0.000947090191704 -0.0264818375232 0)
(-0.000737900715634 -0.021382815035 0)
(-0.000524145238233 -0.0158507098826 0)
(-0.000308222291833 -0.00984777045345 0)
(-9.69348105088e-05 -0.0033563522513 0)
(-0.00411560880418 -0.0469805991858 0)
(-0.00415437024862 -0.0477002177789 0)
(-0.00418218834026 -0.048446905321 0)
(-0.00420092351724 -0.0492141487392 0)
(-0.00421176278743 -0.0499967532748 0)
(-0.00421565128308 -0.0507905476494 0)
(-0.00421366367391 -0.05159226613 0)
(-0.00420696106737 -0.0523993584962 0)
(-0.00419666546947 -0.0532098782749 0)
(-0.00418366451226 -0.054022387719 0)
(-0.00416863561752 -0.0548357893929 0)
(-0.00415209011172 -0.0556491946663 0)
(-0.0041344121719 -0.0564618350546 0)
(-0.00411589009936 -0.0572730046444 0)
(-0.00409674047644 -0.0580820228434 0)
(-0.00407712637061 -0.0588882099931 0)
(-0.00405717083636 -0.0596908710238 0)
(-0.00403696683677 -0.0604892841113 0)
(-0.00401658450494 -0.0612826924351 0)
(-0.00399607645805 -0.0620702978688 0)
(-0.00397548169151 -0.0628512558851 0)
(-0.00395482842969 -0.0636246712327 0)
(-0.00393413620104 -0.0643895940796 0)
(-0.00391341733229 -0.0651450164105 0)
(-0.00389267800566 -0.0658898685317 0)
(-0.00387191898604 -0.0666230155858 0)
(-0.0038511360969 -0.0673432540082 0)
(-0.00383032050227 -0.0680493078788 0)
(-0.00380945883575 -0.0687398251415 0)
(-0.00378853320628 -0.0694133736626 0)
(-0.00376752110153 -0.0700684371158 0)
(-0.00374639520355 -0.0707034106803 0)
(-0.00372512312659 -0.0713165965437 0)
(-0.0037036670837 -0.0719061992002 0)
(-0.00368198348465 -0.0724703205397 0)
(-0.00366002246426 -0.0730069547261 0)
(-0.00363772733338 -0.0735139828587 0)
(-0.00361503393163 -0.07398916742 0)
(-0.00359186983133 -0.0744301464959 0)
(-0.00356815329198 -0.0748344277315 0)
(-0.00354379184494 -0.0751993819051 0)
(-0.00351868016167 -0.0755222355652 0)
(-0.00349269661086 -0.0758000599968 0)
(-0.00346571610332 -0.0760297542871 0)
(-0.00343768462199 -0.0762080566082 0)
(-0.00340859755714 -0.0763315565876 0)
(-0.00337847248898 -0.0763966671767 0)
(-0.00334838578982 -0.076399973617 0)
(-0.00331432726543 -0.0763375959748 0)
(-0.00327795307053 -0.0762045333332 0)
(-0.00323957534798 -0.0759964961272 0)
(-0.00319894685643 -0.0757090453911 0)
(-0.00315576528169 -0.0753373674305 0)
(-0.00310973741485 -0.0748763468328 0)
(-0.00306057213457 -0.0743205874647 0)
(-0.00300797323361 -0.073664405192 0)
(-0.00295163641785 -0.0729018101549 0)
(-0.00289124876354 -0.0720264840597 0)
(-0.00282648958163 -0.0710317531943 0)
(-0.00275703223687 -0.0699105566048 0)
(-0.00268254675356 -0.0686554084502 0)
(-0.0026027031719 -0.0672583532953 0)
(-0.00251717568736 -0.0657109128728 0)
(-0.0024256476465 -0.0640040225723 0)
(-0.00232781750411 -0.0621279556226 0)
(-0.00222340587495 -0.0600722325827 0)
(-0.00211216384285 -0.0578255133605 0)
(-0.00199388272205 -0.0553754685088 0)
(-0.00186840550104 -0.0527086260093 0)
(-0.00173564023666 -0.0498101891201 0)
(-0.00159557570398 -0.0466638200987 0)
(-0.00144829964383 -0.0432513837255 0)
(-0.00129401998252 -0.0395526434939 0)
(-0.00113308944775 -0.0355449023069 0)
(-0.000966034195896 -0.0312025796112 0)
(-0.000793588179801 -0.0264967253659 0)
(-0.000616741543015 -0.0213945311841 0)
(-0.000436850677089 -0.0158592640264 0)
(-0.000256107375952 -0.00985319414142 0)
(-8.03329548671e-05 -0.00335851125151 0)
(-0.00319892191018 -0.0469641117787 0)
(-0.00323708328024 -0.0476918291755 0)
(-0.0032651393136 -0.0484481026134 0)
(-0.00328493406432 -0.0492250684346 0)
(-0.00329692448622 -0.0500167061749 0)
(-0.00330234225868 -0.0508182391039 0)
(-0.00330265241433 -0.051626099104 0)
(-0.0032992255375 -0.0524378358802 0)
(-0.0032930957459 -0.0532518146241 0)
(-0.00328501637844 -0.0540668950579 0)
(-0.00327553102989 -0.0548822153765 0)
(-0.00326503091844 -0.0556970621907 0)
(-0.00325379798306 -0.0565107942133 0)
(-0.00324203618615 -0.0573227971438 0)
(-0.0032298938005 -0.0581324563977 0)
(-0.00321747911946 -0.0589391400821 0)
(-0.00320487149266 -0.0597421879019 0)
(-0.00319212907993 -0.0605409035269 0)
(-0.00317929431209 -0.0613345489748 0)
(-0.00316639774982 -0.0621223401663 0)
(-0.00315346081889 -0.0629034431503 0)
(-0.00314049774926 -0.0636769707064 0)
(-0.00312751694145 -0.064441979138 0)
(-0.00311452191519 -0.0651974651308 0)
(-0.00310151194932 -0.0659423625882 0)
(-0.00308848249128 -0.0666755393885 0)
(-0.00307542539251 -0.0673957940198 0)
(-0.00306232900992 -0.0681018520651 0)
(-0.00304917820166 -0.068792362522 0)
(-0.0030359542373 -0.0694658939359 0)
(-0.00302263463584 -0.0701209303407 0)
(-0.00300919294087 -0.0707558669992 0)
(-0.00299559843871 -0.0713690059351 0)
(-0.0029818158227 -0.0719585512527 0)
(-0.00296780480425 -0.0725226042418 0)
(-0.00295351966733 -0.0730591582651 0)
(-0.00293890875703 -0.0735660934279 0)
(-0.00292391387858 -0.0740411710356 0)
(-0.0029084695486 -0.0744820278377 0)
(-0.00289250196576 -0.0748861700406 0)
(-0.00287592748164 -0.0752509670341 0)
(-0.00285864991013 -0.0755736444512 0)
(-0.00284055355644 -0.0758512730341 0)
(-0.00282150391165 -0.0760807444239 0)
(-0.00280143207487 -0.0762587779683 0)
(-0.00278039562484 -0.07638195214 0)
(-0.00275849035376 -0.0764466188365 0)
(-0.00273811444081 -0.0764496261105 0)
(-0.00271206453322 -0.0763871909259 0)
(-0.00268425322189 -0.0762536585765 0)
(-0.00265484065078 -0.0760450689487 0)
(-0.00262347179397 -0.0757570495479 0)
(-0.00258984115296 -0.0753847684242 0)
(-0.00255368214896 -0.0749230951748 0)
(-0.00251473926643 -0.0743666244873 0)
(-0.00247275630702 -0.0737096657193 0)
(-0.00242747235872 -0.0729462235824 0)
(-0.00237862102635 -0.0720699748283 0)
(-0.00232593126027 -0.0710742410497 0)
(-0.00226912917342 -0.0699519567985 0)
(-0.00220794062961 -0.0686956319531 0)
(-0.00214209454743 -0.067297307063 0)
(-0.00207132693957 -0.0657485001887 0)
(-0.00199538574859 -0.0640401434912 0)
(-0.0019140365696 -0.0621625075371 0)
(-0.00182706937504 -0.0601051109404 0)
(-0.00173430638151 -0.0578566125625 0)
(-0.00163561122397 -0.055404683031 0)
(-0.00153089962986 -0.052735851799 0)
(-0.00142015181266 -0.049835325337 0)
(-0.00130342682852 -0.0466867712956 0)
(-0.00118087915899 -0.0432720625983 0)
(-0.00105277779362 -0.0395709743787 0)
(-0.000919528103265 -0.0355608256648 0)
(-0.000781696917968 -0.0312160577922 0)
(-0.000640042081516 -0.0265077498567 0)
(-0.000495552934018 -0.0214031307983 0)
(-0.000349538390473 -0.0158655102233 0)
(-0.000203986444116 -0.00985718556079 0)
(-6.37288627592e-05 -0.00336020436182 0)
(-0.00226697303722 -0.0469447132525 0)
(-0.00230590627201 -0.0476785049516 0)
(-0.00233527236399 -0.0484447463616 0)
(-0.00235568541464 -0.049232561204 0)
(-0.00236853466181 -0.0500336488307 0)
(-0.00237591442162 -0.0508422960483 0)
(-0.00237948748776 -0.0516551999887 0)
(-0.00238042966461 -0.0524704631214 0)
(-0.0023795547219 -0.0532869175484 0)
(-0.00237742039428 -0.0541037555918 0)
(-0.00237440846943 -0.0549203404085 0)
(-0.00237078165963 -0.0557361090263 0)
(-0.00236672225305 -0.0565505212079 0)
(-0.00236235786187 -0.0573630313114 0)
(-0.00235777851719 -0.0581730720441 0)
(-0.00235304807591 -0.0589800445403 0)
(-0.00234821189344 -0.0597833118725 0)
(-0.00234330202686 -0.0605821944403 0)
(-0.00233834078847 -0.0613759663704 0)
(-0.00233334318573 -0.06216385244 0)
(-0.00232831860074 -0.0629450252416 0)
(-0.00232327194342 -0.0637186024302 0)
(-0.00231820443368 -0.0644836439619 0)
(-0.00231311411727 -0.0652391492593 0)
(-0.00230799618684 -0.0659840542643 0)
(-0.00230284315788 -0.0667172283491 0)
(-0.00229764493477 -0.0674374710638 0)
(-0.00229238879147 -0.0681435087033 0)
(-0.00228705928396 -0.0688339906885 0)
(-0.00228163810611 -0.0695074857445 0)
(-0.00227610389663 -0.0701624778751 0)
(-0.00227043200217 -0.070797362127 0)
(-0.00226459419921 -0.0714104401395 0)
(-0.00225855837587 -0.0719999154757 0)
(-0.0022522881724 -0.0725638887351 0)
(-0.00224574257623 -0.0731003524449 0)
(-0.00223887546112 -0.0736071857334 0)
(-0.0022316350469 -0.0740821487909 0)
(-0.00222396322141 -0.074522877131 0)
(-0.00221579458191 -0.0749268756558 0)
(-0.00220705493573 -0.0752915125458 0)
(-0.00219765852397 -0.0756140129594 0)
(-0.00218749899556 -0.0758914490232 0)
(-0.00217643630774 -0.0761207082887 0)
(-0.00216437161245 -0.0762984822697 0)
(-0.00215137985814 -0.0764213183936 0)
(-0.00213730683725 -0.0764854803744 0)
(-0.00212755817388 -0.0764882230937 0)
(-0.00210902268502 -0.0764259646809 0)
(-0.00208982733223 -0.0762918950991 0)
(-0.00206943945827 -0.076082763409 0)
(-0.00204737360106 -0.075794219864 0)
(-0.00202332943136 -0.0754213927915 0)
(-0.00199707125766 -0.0749591339994 0)
(-0.00196838089039 -0.0744020296382 0)
(-0.00193704289005 -0.0737443837278 0)
(-0.00190284009149 -0.072980196815 0)
(-0.00186555282609 -0.0721031420075 0)
(-0.00182495980182 -0.0711065375639 0)
(-0.00178083995461 -0.0699833149609 0)
(-0.00173297503515 -0.0687259812803 0)
(-0.00168115286734 -0.0673265746098 0)
(-0.00162517129022 -0.0657766109643 0)
(-0.00156484283409 -0.0640670209805 0)
(-0.00150000020795 -0.0621880743501 0)
(-0.0014305026958 -0.0601292896168 0)
(-0.00135624357892 -0.0578793265667 0)
(-0.00127715872044 -0.0554258579777 0)
(-0.00119323646687 -0.0527554169664 0)
(-0.00110452903802 -0.0498532155394 0)
(-0.00101116558716 -0.0467029292138 0)
(-0.000913367115539 -0.0432864417017 0)
(-0.000811463413956 -0.0395835426242 0)
(-0.000705912188441 -0.0355715702189 0)
(-0.000597320579463 -0.0312249910781 0)
(-0.000486469879265 -0.0265149171416 0)
(-0.000374348084569 -0.0214086186976 0)
(-0.000262216776031 -0.0158694515532 0)
(-0.000151865540379 -0.00985974310527 0)
(-4.71278964796e-05 -0.00336144092788 0)
(-0.00133199264023 -0.046912774032 0)
(-0.00137029525252 -0.0476564069412 0)
(-0.00139685607106 -0.0484381775896 0)
(-0.00141550672241 -0.0492390325544 0)
(-0.00142899036872 -0.0500488758811 0)
(-0.00143904667711 -0.050863068297 0)
(-0.00144685133933 -0.0516794745502 0)
(-0.0014531759422 -0.052496992986 0)
(-0.00145851628294 -0.0533149359334 0)
(-0.00146319155271 -0.0541327790914 0)
(-0.00146741013522 -0.0549500555116 0)
(-0.00147131039208 -0.0557663069032 0)
(-0.00147498561991 -0.0565810593697 0)
(-0.00147849949225 -0.0573938104153 0)
(-0.00148189579248 -0.0582040214608 0)
(-0.00148520466525 -0.0590111131372 0)
(-0.00148844669817 -0.0598144619827 0)
(-0.00149163562148 -0.0606133978291 0)
(-0.00149478010883 -0.0614072014858 0)
(-0.00149788498299 -0.0621951025089 0)
(-0.00150095202056 -0.0629762769321 0)
(-0.00150398048157 -0.063749844898 0)
(-0.00150696744628 -0.0645148681566 0)
(-0.00150990801344 -0.06527034741 0)
(-0.00151279539648 -0.0660152194864 0)
(-0.0015156209424 -0.0667483543382 0)
(-0.00151837409045 -0.0674685518501 0)
(-0.00152104228257 -0.0681745384513 0)
(-0.00152361083323 -0.0688649635286 0)
(-0.00152606276434 -0.0695383956283 0)
(-0.00152837860821 -0.0701933184484 0)
(-0.00153053618059 -0.0708281266148 0)
(-0.00153251032453 -0.0714411212394 0)
(-0.0015342726246 -0.0720305052566 0)
(-0.00153579108943 -0.0725943785387 0)
(-0.00153702979808 -0.0731307327884 0)
(-0.00153794850004 -0.0736374462106 0)
(-0.00153850214673 -0.0741122779754 0)
(-0.0015386403018 -0.0745528624867 0)
(-0.00153830629915 -0.0749567034873 0)
(-0.00153743590488 -0.0753211680869 0)
(-0.00153595487637 -0.0756434811832 0)
(-0.00153376992783 -0.0759207179104 0)
(-0.0015307494094 -0.0761497658054 0)
(-0.00152679205102 -0.0763272796067 0)
(-0.00152195642291 -0.0764497657226 0)
(-0.00151508479906 -0.076513215884 0)
(-0.00151621636961 -0.0765158251878 0)
(-0.00150523894757 -0.0764540531651 0)
(-0.00149482630054 -0.0763192930962 0)
(-0.00148353099113 -0.0761096309301 0)
(-0.00147080605939 -0.0758206041503 0)
(-0.00145637675594 -0.0754472815618 0)
(-0.00144004416313 -0.0749844965593 0)
(-0.00142162939884 -0.0744268281636 0)
(-0.00140095855816 -0.0737685764753 0)
(-0.00137785857109 -0.0730037392398 0)
(-0.00135215667238 -0.0721259872844 0)
(-0.00132368142661 -0.0711286369321 0)
(-0.00129226465108 -0.0700046180384 0)
(-0.0012577440168 -0.0687464364073 0)
(-0.00121996626813 -0.0673461292557 0)
(-0.00117879106965 -0.0657952122216 0)
(-0.00113409552313 -0.0640846161679 0)
(-0.00108577941886 -0.0622046117499 0)
(-0.00103377130187 -0.0601447193744 0)
(-0.000978035447706 -0.0578936017869 0)
(-0.000918579854806 -0.055438936064 0)
(-0.000855465370847 -0.0527672612586 0)
(-0.00078881607611 -0.0498637973277 0)
(-0.000718831044182 -0.0467122302296 0)
(-0.000645797584991 -0.0432944572253 0)
(-0.000570106041674 -0.0395902853983 0)
(-0.000492266163634 -0.0355770754247 0)
(-0.000412925058074 -0.0312293226856 0)
(-0.000332887041826 -0.0265181758694 0)
(-0.000253138175129 -0.0214109509266 0)
(-0.000174892438047 -0.0158710536813 0)
(-9.97489833744e-05 -0.00986083833129 0)
(-3.0533898312e-05 -0.00336220504613 0)
(-8.98314688228e-06 4.79904328929e-05 0)
(-1.34879789717e-05 5.89448789066e-05 0)
(-1.56318270914e-05 7.08165018091e-05 0)
(-1.55109536817e-05 8.09337399152e-05 0)
(-1.33042461803e-05 9.00900696729e-05 0)
(-9.46095212996e-06 9.8968932753e-05 0)
(-4.39838809875e-06 0.00010634531754 0)
(2.05404781985e-06 0.000110314878139 0)
(9.15886796148e-06 0.000109790740681 0)
(1.38663837565e-05 0.000102340682034 0)
(1.82036463261e-05 0.000100726351057 0)
(2.66380849801e-05 0.000106881713148 0)
(4.27100578318e-05 0.000117046326606 0)
(6.36306951088e-05 0.000121786254192 0)
(8.01995493041e-05 0.000114133836063 0)
(8.81933708844e-05 9.82967001635e-05 0)
(8.75429946992e-05 7.94439507959e-05 0)
(7.92099306202e-05 6.06386618722e-05 0)
(6.41053049519e-05 4.42667492228e-05 0)
(4.50459936786e-05 3.72764820506e-05 0)
(-1.40507146981e-05 0.000169976657482 0)
(-2.04523131669e-05 0.00018992812083 0)
(-1.92778802227e-05 0.000215903099042 0)
(-1.58927661074e-05 0.00024050274985 0)
(-1.03816208679e-05 0.000262865099406 0)
(-1.6960370414e-06 0.000282265087312 0)
(1.11240159323e-05 0.000296666303254 0)
(2.65233178079e-05 0.00030368948723 0)
(4.17332977029e-05 0.000299638155248 0)
(5.38500230954e-05 0.000281366669148 0)
(6.97062516073e-05 0.000275087192552 0)
(9.50520333092e-05 0.00028126333687 0)
(0.000135358135721 0.000296321313367 0)
(0.00018618075396 0.000306927733359 0)
(0.000229058518779 0.000296088600767 0)
(0.000251003620495 0.000264501674467 0)
(0.000253150609043 0.000224466167001 0)
(0.000238265379891 0.000184365012183 0)
(0.000209765088266 0.000151094170718 0)
(0.000178452663569 0.000143937363352 0)
(-1.14871286156e-05 0.000310281292382 0)
(-1.92904393876e-05 0.0003378366991 0)
(-1.5831675539e-05 0.000373591301294 0)
(-7.43632952058e-06 0.000407446472971 0)
(5.16119501956e-06 0.000437822060443 0)
(2.23425143457e-05 0.000462966138439 0)
(4.39967552133e-05 0.000480331022947 0)
(6.81728760047e-05 0.000486331347338 0)
(9.08818520125e-05 0.000475178036383 0)
(0.000111819211964 0.000452990870045 0)
(0.000139923015803 0.000443139402039 0)
(0.000180629934431 0.000445824680331 0)
(0.000238142344717 0.000456387471392 0)
(0.000312120305059 0.000467160239229 0)
(0.000386484213845 0.000461319774295 0)
(0.000430280565091 0.000423096546387 0)
(0.000441835053163 0.000368752277268 0)
(0.000426669964543 0.000313773247632 0)
(0.000390565158826 0.000270409639334 0)
(0.000352345069521 0.000263637526192 0)
(-2.37108600758e-06 0.000460916936491 0)
(-9.04244184846e-06 0.000494978193674 0)
(-2.14462299717e-06 0.000537782682017 0)
(1.19991815819e-05 0.000578241038803 0)
(3.22474021709e-05 0.000613962742087 0)
(5.83201049907e-05 0.0006425135295 0)
(8.9279142173e-05 0.000660662544678 0)
(0.000122367763252 0.000663752362852 0)
(0.000152407684115 0.000645172657049 0)
(0.000183609961947 0.000621313660767 0)
(0.000224658942323 0.000608937476143 0)
(0.000280586591764 0.000607739384723 0)
(0.000354870244248 0.000612964763484 0)
(0.000448193479983 0.000618323104028 0)
(0.000554875415485 0.000615993058158 0)
(0.000632839976521 0.000579301267711 0)
(0.000660109163072 0.000514501380005 0)
(0.000648314470686 0.000447140055322 0)
(0.000608150733147 0.000394792061929 0)
(0.000568046075338 0.00038484319055 0)
(1.34017573341e-05 0.000619776410921 0)
(9.89689830065e-06 0.000658645461603 0)
(2.13027705933e-05 0.000706823023128 0)
(4.15854883277e-05 0.000751953472648 0)
(6.95739268308e-05 0.000791103805208 0)
(0.000104540675276 0.000821303487156 0)
(0.000144860868299 0.000838697360069 0)
(0.000186864752975 0.000837931499501 0)
(0.000224595860625 0.000812737026047 0)
(0.000267277033683 0.000787964901531 0)
(0.000322194914551 0.000773641022107 0)
(0.000394045001441 0.000768814407914 0)
(0.000486115926738 0.000769014806874 0)
(0.000599781453114 0.00076880157431 0)
(0.00073238701003 0.000762371297194 0)
(0.000856303683992 0.000733192626736 0)
(0.000908166601976 0.000661827692484 0)
(0.00090445676588 0.000583158054657 0)
(0.000864164337419 0.000520659295429 0)
(0.000826520611442 0.000503965708542 0)
(3.6082132716e-05 0.000786214979279 0)
(3.65180912781e-05 0.000827955454616 0)
(5.34038403053e-05 0.000879709404682 0)
(8.0230201485e-05 0.000927689437867 0)
(0.000115963087964 0.000968555692327 0)
(0.000159682907705 0.000998902149311 0)
(0.000209198847193 0.00101434987497 0)
(0.000260063490287 0.00100924125807 0)
(0.000306544759283 0.000979277866044 0)
(0.000361840023095 0.000953924096355 0)
(0.000431677821995 0.000937892826839 0)
(0.000520528893245 0.000929690726755 0)
(0.000631638690081 0.00092508372311 0)
(0.000766590928098 0.000918999899357 0)
(0.000924203596397 0.000906524839203 0)
(0.00109281632905 0.000881454739828 0)
(0.00118370113745 0.000809714159641 0)
(0.00119452863361 0.000720585757534 0)
(0.00115895538529 0.000646141363448 0)
(0.0011290167231 0.000619286825931 0)
(6.60927419172e-05 0.000959332385038 0)
(7.09301932228e-05 0.00100214565605 0)
(9.36304075365e-05 0.00105549007736 0)
(0.000127009497954 0.00110432299482 0)
(0.000170267003769 0.00114519464766 0)
(0.000222450910167 0.00117441912209 0)
(0.000280902016267 0.0011870921529 0)
(0.000340469414393 0.00117725099252 0)
(0.0003977873513 0.00114574418942 0)
(0.000466694569303 0.0011197330481 0)
(0.000552580187032 0.00110204557747 0)
(0.000659689178515 0.00109060724211 0)
(0.00079123662173 0.00108127467701 0)
(0.00094902700921 0.00106932645441 0)
(0.00113309393297 0.00105082596957 0)
(0.00133561626651 0.00102185034547 0)
(0.00148244177204 0.000956171885978 0)
(0.00151567641522 0.000857560514971 0)
(0.00149179020802 0.000770349194123 0)
(0.00148144952576 0.000731341204827 0)
(0.000104346566537 0.00113935745472 0)
(0.000113579733536 0.0011809042071 0)
(0.00014165086806 0.0012330810851 0)
(0.000180994369994 0.00128029754027 0)
(0.000231222958583 0.00131944927644 0)
(0.000291479786357 0.00134667460468 0)
(0.000358777017925 0.00135649874509 0)
(0.000427453051554 0.00134269242427 0)
(0.00049737516157 0.00131162389653 0)
(0.000581272604072 0.00128546249865 0)
(0.000684496013441 0.00126623740299 0)
(0.000811252285898 0.0012516267777 0)
(0.00096473895489 0.00123754145051 0)
(0.0011467033145 0.00121945754521 0)
(0.0013568083661 0.00119361570057 0)
(0.00158792037827 0.00115708164542 0)
(0.00179560947911 0.00109728175616 0)
(0.001861388657 0.000991399178063 0)
(0.00186018155538 0.000892745759333 0)
(0.00190487658339 0.000844203056241 0)
(0.000152822043544 0.00132937311322 0)
(0.000165140766796 0.00136446859438 0)
(0.000196909269161 0.00141077389644 0)
(0.000240972300188 0.00145337315926 0)
(0.00029734238902 0.00148931750696 0)
(0.000365262432435 0.00151427583591 0)
(0.000441613908863 0.00152206895537 0)
(0.000520376476445 0.00150596534592 0)
(0.000604615963093 0.00147683516336 0)
(0.000705000699912 0.00145109671766 0)
(0.000826955652374 0.00143047785205 0)
(0.000974828507705 0.00141270016115 0)
(0.00115179693403 0.00139372080681 0)
(0.001359257171 0.00136907503193 0)
(0.00159579961661 0.0013349992387 0)
(0.00185435917986 0.00128914119646 0)
(0.00211197747022 0.0012284980036 0)
(0.00222288606011 0.00111919984534 0)
(0.00226670543471 0.00101384366677 0)
(0.0024379875864 0.000962059505884 0)
(0.000212040082941 0.00153553508929 0)
(0.000225281552442 0.00155198752498 0)
(0.000258125674142 0.00158588577498 0)
(0.000305513332237 0.00162144899037 0)
(0.000367235129452 0.00165348097685 0)
(0.000442480091997 0.00167654343621 0)
(0.000528357146119 0.00168386229175 0)
(0.000618767699518 0.00166801131464 0)
(0.000718903721122 0.00164193136151 0)
(0.000837132089732 0.00161693876633 0)
(0.000979143701846 0.00159497513174 0)
(0.00114953510902 0.00157394118329 0)
(0.00135146514713 0.00154982238017 0)
(0.00158590817448 0.00151817315095 0)
(0.00185054074796 0.00147537697936 0)
(0.00213774863749 0.00141955405799 0)
(0.00242464536168 0.0013487935209 0)
(0.00259184535797 0.00123842242206 0)
(0.00272976359845 0.0011347818712 0)
(0.00310471184145 0.00107910451009 0)
(9.46141658497e-06 -1.99546389691e-06 0)
(3.05410882125e-05 -2.35880435685e-05 0)
(5.37165442252e-05 -6.75358775319e-05 0)
(7.75352984875e-05 -0.000135397086128 0)
(0.000101704885498 -0.000224680679008 0)
(0.00012664483633 -0.000335663248868 0)
(0.00015364959608 -0.000466451501701 0)
(0.000184368116963 -0.000619625033089 0)
(0.000218426547031 -0.0007983547212 0)
(0.000249643330305 -0.00101152378243 0)
(1.35015875016e-05 5.95356663046e-06 0)
(4.79901585477e-05 -7.85634441573e-06 0)
(8.91498304305e-05 -4.77273511374e-05 0)
(0.000133252040467 -0.000111930870649 0)
(0.0001796123335 -0.000198229855158 0)
(0.000229243139371 -0.00030485691802 0)
(0.00028487969457 -0.00043151347721 0)
(0.000349354598005 -0.000581500291005 0)
(0.000421619206041 -0.00076214465876 0)
(0.000495113926364 -0.000979244041025 0)
(1.64636141255e-05 1.26628571897e-05 0)
(6.2653368672e-05 9.33066029296e-06 0)
(0.00012097451488 -2.25104000186e-05 0)
(0.000185495782105 -8.00317631038e-05 0)
(0.000255036893929 -0.000160198961764 0)
(0.000331067319899 -0.000260888226138 0)
(0.000416678133234 -0.000382649463175 0)
(0.000514085185401 -0.000529641240499 0)
(0.000621311594092 -0.00070813215728 0)
(0.000732080264416 -0.000920258961303 0)
(2.06078397949e-05 1.83856819624e-05 0)
(7.6094426885e-05 2.7135060411e-05 0)
(0.000150172560996 6.14627889572e-06 0)
(0.000234894869865 -4.19285241083e-05 0)
(0.00032824067514 -0.00011357231496 0)
(0.000431509939491 -0.000206876001342 0)
(0.000547200936193 -0.000322913697066 0)
(0.000676255580987 -0.000465597334134 0)
(0.000815950500172 -0.000639080626283 0)
(0.000960552551433 -0.000843725339614 0)
(2.51982233069e-05 2.47294850747e-05 0)
(8.95046127414e-05 4.62813598176e-05 0)
(0.000178370969629 3.69391303151e-05 0)
(0.000282937822797 -1.13380138996e-08 0)
(0.000400097701214 -6.16129684372e-05 0)
(0.000530406896145 -0.000146422384862 0)
(0.0006752667453 -0.000255613308117 0)
(0.000834390176674 -0.000392171076523 0)
(0.00100470872461 -0.000558415163412 0)
(0.00118117528176 -0.000753810068295 0)
(2.96082689309e-05 3.34650758562e-05 0)
(0.000103183419881 6.61159882093e-05 0)
(0.00020712493165 6.90536514835e-05 0)
(0.000331329557301 4.40546395028e-05 0)
(0.000471772260894 -6.75667526107e-06 0)
(0.000628140756625 -8.22659465539e-05 0)
(0.00080070355049 -0.000183386785631 0)
(0.000988267286027 -0.000312014336061 0)
(0.00118774684755 -0.000469098363129 0)
(0.00139479272793 -0.000653565710357 0)
(3.22954309163e-05 3.98877470723e-05 0)
(0.000117763906096 8.59791744446e-05 0)
(0.000238095938171 0.00010227185766 0)
(0.00038168648733 8.9338445351e-05 0)
(0.000544449435067 4.94660678294e-05 0)
(0.000725446449248 -1.61981776064e-05 0)
(0.000924029218543 -0.000108128157747 0)
(0.00113844508115 -0.000227243703854 0)
(0.00136579189894 -0.00037353055466 0)
(0.00160235232522 -0.000545622293679 0)
(3.25408392508e-05 3.90902538663e-05 0)
(0.000135751314813 0.000107100666389 0)
(0.00027309911186 0.000136950301722 0)
(0.000435294770927 0.000135372441848 0)
(0.000619113414134 0.000106197341601 0)
(0.000823133536024 5.07319511975e-05 0)
(0.0010460363365 -3.1077586191e-05 0)
(0.00128578240469 -0.000139392713161 0)
(0.00153975249191 -0.000273565594048 0)
(0.00180476306912 -0.000432141008977 0)
(4.54732450778e-05 5.19915996559e-05 0)
(0.000161007764323 0.000133267130491 0)
(0.000313214241905 0.000173213879429 0)
(0.000492884941821 0.000181826994552 0)
(0.000696426308328 0.000163016349106 0)
(0.00092187853169 0.000117999339619 0)
(0.0011674843451 4.70390779161e-05 0)
(0.00143110502569 -4.94829043862e-05 0)
(0.00171044394044 -0.000170546050284 0)
(0.00200274330959 -0.000314763777684 0)
(6.22723197107e-05 7.6408203408e-05 0)
(0.000192383899228 0.000163361120941 0)
(0.000358356505035 0.000210532923817 0)
(0.000554722497129 0.000228493186351 0)
(0.000776702631984 0.00021980406474 0)
(0.0010221173869 0.000185428350637 0)
(0.00128891768813 0.000125868994135 0)
(0.00157501375354 4.1870305994e-05 0)
(0.00187842050844 -6.53724612583e-05 0)
(0.00219668685765 -0.000194644655844 0)
(6.21988917741e-05 8.40824133663e-05 0)
(0.000225459730451 0.000192427781327 0)
(0.000407356423433 0.000248053810105 0)
(0.000620505923209 0.000275295142689 0)
(0.0008598211555 0.000276629993292 0)
(0.00112399013207 0.000253052685107 0)
(0.00141055332341 0.000205312454271 0)
(0.0017178137108 0.000134346534956 0)
(0.00204388089154 4.14074161461e-05 0)
(0.00238653900266 -7.25226767516e-05 0)
(5.8689163587e-05 8.42609015271e-05 0)
(0.000230585127837 0.000206620780523 0)
(0.000455209650193 0.000283961079889 0)
(0.000687187556288 0.000321902610937 0)
(0.000944734698797 0.000333558238231 0)
(0.00122701390218 0.000320998244881 0)
(0.00153212952698 0.000285423520804 0)
(0.0018595385514 0.000227811863887 0)
(0.00220654861476 0.00014952273791 0)
(0.00257166589881 5.11981553525e-05 0)
(5.55998841725e-05 8.28367483033e-05 0)
(0.000224032455904 0.000213481190469 0)
(0.000460242031775 0.000307670293554 0)
(0.000735106564419 0.000365217093853 0)
(0.00102546786837 0.000390108869015 0)
(0.00132742226947 0.000389336544755 0)
(0.00165237161402 0.00036627391921 0)
(0.00199967670212 0.000322243345635 0)
(0.00236534111044 0.000258930287321 0)
(0.00275079334972 0.00017633659202 0)
(5.27318061764e-05 8.09022582992e-05 0)
(0.000215067822061 0.000216672092571 0)
(0.000449923803396 0.000323823536117 0)
(0.000735011061402 0.000398916798206 0)
(0.00105459637004 0.000442346681034 0)
(0.00140231357655 0.000457361571367 0)
(0.00176427845863 0.000447735038478 0)
(0.0021335912035 0.000417849451135 0)
(0.00251785771544 0.000369627432592 0)
(0.002921934204 0.000302672405437 0)
(4.99199708985e-05 7.84723943598e-05 0)
(0.000205328828421 0.000216740531108 0)
(0.000434647945754 0.000333961350548 0)
(0.00071924515629 0.00042439415585 0)
(0.00104745460701 0.000486348399 0)
(0.00141360955584 0.000520920713894 0)
(0.00180966693357 0.000529988812943 0)
(0.00222879930673 0.000515773937522 0)
(0.00265742120778 0.000481195216767 0)
(0.00307911306269 0.000429664269972 0)
(4.71814564841e-05 7.53922175815e-05 0)
(0.000195405539979 0.000213971131452 0)
(0.000417195657056 0.000338599967181 0)
(0.00069678670468 0.000441932376078 0)
(0.00102475601196 0.000520836045296 0)
(0.0013963387177 0.000575139797587 0)
(0.00180766226132 0.000605498700972 0)
(0.0022548472777 0.000612330613487 0)
(0.00272414764887 0.000596263782614 0)
(0.00318931869609 0.000558969230546 0)
(4.46373309404e-05 7.15105549019e-05 0)
(0.000185681901547 0.000208599085597 0)
(0.00039894186234 0.000338245393478 0)
(0.000670834379445 0.000451909358863 0)
(0.000993686439967 0.000545535144798 0)
(0.00136387698282 0.000618165562515 0)
(0.00178019722804 0.000669785106188 0)
(0.00224245347462 0.00069968534829 0)
(0.00274320806128 0.000705733380857 0)
(0.00325652632412 0.000685313559799 0)
(4.25149854876e-05 6.6693346882e-05 0)
(0.000176584658022 0.000200763153161 0)
(0.000380933901573 0.000333251138798 0)
(0.000643375310512 0.000454702078962 0)
(0.000957813718512 0.000560511770734 0)
(0.00132182225727 0.000649278348951 0)
(0.00173630494106 0.000720807054275 0)
(0.00220531027865 0.000774025965181 0)
(0.00273104014012 0.000804465725365 0)
(0.00329884616743 0.000803587053326 0)
(4.13156814539e-05 6.09138795714e-05 0)
(0.000169863946933 0.000190458188359 0)
(0.000365323212514 0.000323349847084 0)
(0.000616984715146 0.000449777971817 0)
(0.000920489911935 0.000564839714097 0)
(0.00127452985569 0.000666885591605 0)
(0.00168167474638 0.000755898031403 0)
(0.00215009495884 0.000831380757033 0)
(0.00269291788603 0.000887999552557 0)
(0.0033211728786 0.000910597166864 0)
(4.54280247419e-05 5.65908832595e-05 0)
(0.00017875643134 0.000180267910883 0)
(0.000366280151046 0.000308083369857 0)
(0.00060618026207 0.000433881667104 0)
(0.000897020499067 0.000553028837305 0)
(0.00123864931584 0.000663427861318 0)
(0.00163498028093 0.000764999763692 0)
(0.00209819089993 0.00085817179023 0)
(0.00265234941112 0.000939142254245 0)
(0.00334775400555 0.000994279472779 0)
(0.000277268941697 -0.0012705878581 0)
(0.000303830170585 -0.00154707396281 0)
(0.00032524522224 -0.00182569958481 0)
(0.000341765365453 -0.00211425733397 0)
(0.000358709054067 -0.00241761410289 0)
(0.000377302850692 -0.00273764166683 0)
(0.000396870319662 -0.00307649918369 0)
(0.000416460235341 -0.00343354445448 0)
(0.000435441281723 -0.0038090779301 0)
(0.000453507089273 -0.00420159753314 0)
(0.000470431161966 -0.00461136003844 0)
(0.000486058602598 -0.0050365725898 0)
(0.000500716422154 -0.00547676942335 0)
(0.000515863928316 -0.00592973862403 0)
(0.000534174526177 -0.00639679918768 0)
(0.000558038910476 -0.00688093439838 0)
(0.000585508650913 -0.00739104549544 0)
(0.000604327836711 -0.00793910029343 0)
(0.000613618096449 -0.00855083525336 0)
(0.00062962591476 -0.009189319055 0)
(0.000640901525948 -0.00978758815197 0)
(0.000638827243226 -0.0103732519712 0)
(0.000638096241635 -0.010957356306 0)
(0.000642423645335 -0.0115490838187 0)
(0.000650372883016 -0.0121512017215 0)
(0.000659923411925 -0.0127660880771 0)
(0.000670222798928 -0.0133920286242 0)
(0.000681050697513 -0.0140308110902 0)
(0.000690779575273 -0.0146827198064 0)
(0.000694540089242 -0.0153528388026 0)
(0.000699607675174 -0.0160485865932 0)
(0.000706230205858 -0.01673488047 0)
(0.000706863540444 -0.0174220203409 0)
(0.000706147722793 -0.0181115680938 0)
(0.000705594021922 -0.0188063938258 0)
(0.000705708845714 -0.0195046932722 0)
(0.00070813282672 -0.0202074690422 0)
(0.000716129214455 -0.0209147059437 0)
(0.000731979307036 -0.0216344637463 0)
(0.000750387335466 -0.0223769419807 0)
(0.000750870902566 -0.0231623870977 0)
(0.000744925480963 -0.0240252991366 0)
(0.000749910552611 -0.02487263347 0)
(0.00074297009587 -0.0256626340312 0)
(0.000723674623298 -0.0264238857555 0)
(0.000708731200174 -0.0271740472193 0)
(0.000701382279425 -0.0279222360863 0)
(0.000698814027738 -0.0286754462248 0)
(0.000697625604633 -0.029433493712 0)
(0.000695776028562 -0.0301966350142 0)
(0.000692591991769 -0.0309620542646 0)
(0.000687936141831 -0.0317300675287 0)
(0.000681908648949 -0.0324981971475 0)
(0.000675231088538 -0.0332662264272 0)
(0.000670174122889 -0.0340315713732 0)
(0.000670483403067 -0.034796899568 0)
(0.000679160301472 -0.0355671812581 0)
(0.000692650922775 -0.0363553724568 0)
(0.000692876378348 -0.0371779788485 0)
(0.000679128266643 -0.0380694197091 0)
(0.000676673791293 -0.0389766312238 0)
(0.000670121778806 -0.0398087164083 0)
(0.000645178559304 -0.0406041905966 0)
(0.000623180237789 -0.0413794504002 0)
(0.000610323951004 -0.0421476709091 0)
(0.000606099414024 -0.0429142968651 0)
(0.000609626530407 -0.0436850298145 0)
(0.000620512187891 -0.044464270999 0)
(0.000632906378861 -0.0452678249242 0)
(0.000637627741242 -0.0461281877828 0)
(0.00055516556167 -0.00122692546221 0)
(0.000600452084927 -0.00149926451334 0)
(0.000638113221083 -0.00178512220036 0)
(0.000670625733345 -0.00207924935093 0)
(0.000703734782765 -0.00238412050617 0)
(0.000739774714649 -0.00270424825815 0)
(0.000778072214789 -0.00304242565143 0)
(0.000816892583162 -0.00339974860155 0)
(0.000854853664413 -0.00377566654872 0)
(0.00089120298562 -0.00416943219975 0)
(0.000925497277212 -0.00457979398479 0)
(0.000957658363273 -0.00500531503976 0)
(0.000988804612691 -0.005443805277 0)
(0.00102222011289 -0.00589415139789 0)
(0.00106292298714 -0.00635833014694 0)
(0.00111419793464 -0.00684445899598 0)
(0.00117159321569 -0.00736526583696 0)
(0.00122165973457 -0.00793115167703 0)
(0.00125631256604 -0.00853198357089 0)
(0.00128048999258 -0.00914794728489 0)
(0.0012898971165 -0.00976357965897 0)
(0.00128718829493 -0.0103620675418 0)
(0.00128684199457 -0.0109500810987 0)
(0.0012956798109 -0.0115393115176 0)
(0.00131261547252 -0.012138220848 0)
(0.00133427930302 -0.0127499318979 0)
(0.0013584514414 -0.0133754732212 0)
(0.00138366993355 -0.0140158822239 0)
(0.00140709998241 -0.0146734955671 0)
(0.00142464699346 -0.0153481182606 0)
(0.00143874812958 -0.0160318564394 0)
(0.00144950189509 -0.0167234718195 0)
(0.00145427513943 -0.0174152863262 0)
(0.00145680720542 -0.0181070977256 0)
(0.00145982699122 -0.0188000961101 0)
(0.00146551108854 -0.0194948012179 0)
(0.0014777639092 -0.0201916798014 0)
(0.00150216271182 -0.0208957711946 0)
(0.00154069472552 -0.0216193519626 0)
(0.0015836396696 -0.0223802047321 0)
(0.00161057431467 -0.0231877074802 0)
(0.00161858036923 -0.0240176753954 0)
(0.00161490986053 -0.0248509814224 0)
(0.00159127015792 -0.0256626447539 0)
(0.00155698376044 -0.0264383985634 0)
(0.00153010598915 -0.0271902108609 0)
(0.0015172905364 -0.027934861479 0)
(0.00151498315427 -0.0286831411768 0)
(0.00151687192909 -0.0294387844771 0)
(0.0015184431404 -0.0302007400152 0)
(0.00151773829113 -0.0309668309465 0)
(0.00151433220365 -0.0317346979255 0)
(0.00150862530632 -0.0325021507554 0)
(0.00150273601319 -0.0332665610479 0)
(0.00150163615544 -0.0340270740347 0)
(0.00151222964987 -0.0347876156727 0)
(0.00153828876438 -0.0355604198235 0)
(0.00157223772094 -0.03636352166 0)
(0.00159436357477 -0.0372099894393 0)
(0.00159510682596 -0.0380832993013 0)
(0.00158422666609 -0.0389567009838 0)
(0.0015550456622 -0.0398110048548 0)
(0.00151046523849 -0.0406221025551 0)
(0.00147172010359 -0.0413991246609 0)
(0.00145087406312 -0.0421593551464 0)
(0.00144954874736 -0.0429170031662 0)
(0.00146642127711 -0.0436821980993 0)
(0.001499438249 -0.0444675207588 0)
(0.00154142131408 -0.0452919370127 0)
(0.00158236839583 -0.0461755059022 0)
(0.000823034270027 -0.0011641225859 0)
(0.000889006245188 -0.00143554214897 0)
(0.000946243428985 -0.00172259403584 0)
(0.000998129178064 -0.0020199809178 0)
(0.00104964051187 -0.00232792534294 0)
(0.00110355471556 -0.00264987762537 0)
(0.0011598260486 -0.00298892928049 0)
(0.00121694131229 -0.00334665581289 0)
(0.00127331855365 -0.00372297977634 0)
(0.00132790883395 -0.00411706124235 0)
(0.0013802755556 -0.00452741690968 0)
(0.00143085861733 -0.00495228879634 0)
(0.00148165322423 -0.00538988902713 0)
(0.00153660567385 -0.00584019742622 0)
(0.00160037304022 -0.0063069654797 0)
(0.00167464149601 -0.00679907751872 0)
(0.00175383724737 -0.00732723484158 0)
(0.0018258116482 -0.00789570751069 0)
(0.00188050847632 -0.00849397521451 0)
(0.00191570215416 -0.00910747788975 0)
(0.00193212224373 -0.0097238914986 0)
(0.00193707278044 -0.010329074865 0)
(0.00194301952093 -0.0109233538266 0)
(0.00195774951878 -0.0115155628629 0)
(0.0019821268519 -0.0121146427673 0)
(0.00201353769884 -0.0127257832402 0)
(0.00204905307096 -0.0133516173095 0)
(0.00208589827883 -0.0139937413235 0)
(0.00212060598246 -0.0146531002445 0)
(0.00214976740688 -0.0153274752764 0)
(0.00217281791991 -0.0160112752494 0)
(0.00218978698835 -0.0167025877402 0)
(0.00220106970665 -0.0173958060713 0)
(0.00220988799522 -0.0180885344928 0)
(0.00221991624447 -0.0187808144006 0)
(0.00223498458933 -0.0194737703033 0)
(0.00225992183749 -0.0201702033773 0)
(0.00229927573132 -0.0208776969372 0)
(0.00235238595589 -0.0216092788995 0)
(0.00240843640831 -0.0223782841896 0)
(0.00245013226147 -0.0231853378092 0)
(0.00246797628943 -0.0240110708334 0)
(0.00246168263182 -0.0248400035456 0)
(0.0024332314233 -0.0256535764017 0)
(0.00239478695674 -0.0264375319507 0)
(0.00236235181231 -0.0271962312866 0)
(0.00234393489935 -0.0279433902982 0)
(0.00233808006877 -0.0286907692135 0)
(0.00233904733387 -0.0294441070119 0)
(0.00234155756051 -0.03020386932 0)
(0.0023426096026 -0.0309681145877 0)
(0.00234134018762 -0.031734043279 0)
(0.00233873097014 -0.0324989166305 0)
(0.00233808200816 -0.0332605718211 0)
(0.00234519771417 -0.0340197302054 0)
(0.00236633140007 -0.0347826602011 0)
(0.00240293065103 -0.0355624386097 0)
(0.00244604879294 -0.0363737896077 0)
(0.00247838439349 -0.0372211977957 0)
(0.00248745683974 -0.0380885136571 0)
(0.00247226627181 -0.0389559806323 0)
(0.00243423410012 -0.0398077743831 0)
(0.0023838004869 -0.0406243626043 0)
(0.00233996191783 -0.0414063918974 0)
(0.00231662096606 -0.042167773226 0)
(0.00231865654109 -0.0429248669575 0)
(0.00234556083762 -0.043692548758 0)
(0.00239347777207 -0.044486551777 0)
(0.00245343326585 -0.0453238776602 0)
(0.00251142837698 -0.0462173747472 0)
(0.00108050016086 -0.00108288436647 0)
(0.00116878816645 -0.00135301503257 0)
(0.00124808803572 -0.00163969768468 0)
(0.00132162143622 -0.00193887514568 0)
(0.00139345325764 -0.00224979242741 0)
(0.00146633106058 -0.00257441712604 0)
(0.0015408501566 -0.00291525844493 0)
(0.0016161170304 -0.00327391241341 0)
(0.00169082833363 -0.00365065771842 0)
(0.0017640256258 -0.00404477722283 0)
(0.00183550293776 -0.0044549165699 0)
(0.00190616872783 -0.00487956869871 0)
(0.00197837797668 -0.00531784942858 0)
(0.00205568020677 -0.00577091556346 0)
(0.00214121305298 -0.00624326486031 0)
(0.00223477400574 -0.00674250943243 0)
(0.00233047022575 -0.00727589861489 0)
(0.00241805081702 -0.00784462037796 0)
(0.00248827140217 -0.00844091027113 0)
(0.0025372568031 -0.00905273161333 0)
(0.00256695988748 -0.00966805407095 0)
(0.00258501649493 -0.0102769937586 0)
(0.00260181046905 -0.0108777716928 0)
(0.0026249907588 -0.0114757647247 0)
(0.00265708064444 -0.012078427137 0)
(0.00269685198212 -0.0126916441353 0)
(0.00274150009317 -0.0133190792685 0)
(0.00278766625039 -0.0139626407244 0)
(0.00283169878429 -0.0146224766095 0)
(0.00287046427555 -0.0152963111784 0)
(0.00290248804788 -0.0159802304437 0)
(0.00292777389223 -0.0166707663329 0)
(0.00294776613186 -0.0173639380292 0)
(0.00296567488054 -0.0180571712543 0)
(0.00298565628907 -0.0187501051952 0)
(0.00301223707925 -0.0194445033904 0)
(0.00304985181404 -0.0201448448488 0)
(0.00310096459558 -0.0208593912991 0)
(0.00316262319686 -0.0215990242902 0)
(0.00322444820533 -0.0223719163662 0)
(0.00327224766306 -0.0231760947638 0)
(0.00329587188878 -0.0239984453125 0)
(0.00329283370266 -0.0248234137615 0)
(0.00326774046655 -0.0256355429767 0)
(0.00323210366968 -0.0264244061656 0)
(0.00319928392042 -0.0271908295983 0)
(0.00317746658508 -0.0279438851196 0)
(0.00316752912188 -0.0286935886881 0)
(0.00316576109296 -0.0294462793005 0)
(0.00316759540875 -0.0302038813414 0)
(0.00316988621047 -0.0309653851393 0)
(0.00317164042132 -0.0317284738281 0)
(0.00317413784242 -0.0324908400633 0)
(0.00318092147064 -0.0332515025587 0)
(0.00319704290926 -0.0340127016854 0)
(0.0032265528105 -0.0347814437985 0)
(0.00326842439549 -0.0355687084269 0)
(0.00331371822524 -0.0363842102908 0)
(0.00334820820618 -0.0372285302239 0)
(0.00336025756633 -0.0380899736113 0)
(0.0033461453738 -0.038951938686 0)
(0.00330981104524 -0.039798487151 0)
(0.00326313311533 -0.0406166201673 0)
(0.00322266788508 -0.0414049703758 0)
(0.00320209886374 -0.0421735915276 0)
(0.00320816404711 -0.042937887386 0)
(0.00324117639177 -0.0437142506906 0)
(0.00329610231915 -0.0445187987638 0)
(0.00336231563447 -0.045365680582 0)
(0.00342449772345 -0.0462629745652 0)
(0.00132900943821 -0.000986459378271 0)
(0.00144020628356 -0.00125420665839 0)
(0.00154271436824 -0.00153959734526 0)
(0.00163916539707 -0.0018394004722 0)
(0.00173274004449 -0.002152471672 0)
(0.00182588546393 -0.0024796586399 0)
(0.00191958650978 -0.00282260889442 0)
(0.00201358866402 -0.003182611312 0)
(0.00210711605855 -0.00356006091456 0)
(0.00219957716232 -0.00395449607508 0)
(0.0022910732996 -0.0043649518002 0)
(0.00238271877686 -0.00479053206775 0)
(0.00247666437798 -0.00523124296647 0)
(0.00257548920191 -0.00568896615972 0)
(0.00268070460767 -0.00616796571033 0)
(0.00279079310102 -0.0066739760677 0)
(0.0029001736345 -0.00721143283459 0)
(0.00300056808152 -0.0077801181581 0)
(0.00308447474895 -0.00837395722494 0)
(0.00314840229008 -0.00898309753488 0)
(0.00319418202925 -0.00959723374345 0)
(0.00322823493652 -0.0102087750187 0)
(0.00325893581408 -0.0108154389195 0)
(0.00329315222418 -0.0114201940512 0)
(0.00333421214754 -0.0120285871544 0)
(0.00338208796898 -0.0126460102843 0)
(0.00343463524595 -0.0132763410215 0)
(0.00348868591129 -0.0139216013672 0)
(0.00354082853737 -0.0145818433831 0)
(0.00358822299462 -0.0152551966326 0)
(0.00362932657236 -0.0159385119879 0)
(0.0036641930053 -0.0166282907693 0)
(0.00369450486954 -0.0173213207417 0)
(0.00372340959453 -0.0180155196719 0)
(0.00375498084271 -0.0187107706508 0)
(0.00379345268616 -0.0194093473152 0)
(0.00384214089185 -0.0201162335035 0)
(0.00390165575284 -0.0208389216319 0)
(0.00396789479362 -0.0215854954846 0)
(0.00403168775506 -0.0223606411897 0)
(0.00408170910413 -0.0231618068489 0)
(0.00410933115398 -0.0239791275557 0)
(0.0041120305675 -0.024799184965 0)
(0.00409410724214 -0.025609251419 0)
(0.00406506776949 -0.026401238446 0)
(0.00403569137392 -0.027174434945 0)
(0.00401358425167 -0.0279343072124 0)
(0.00400120797916 -0.0286883225383 0)
(0.0039970071859 -0.0294422771186 0)
(0.00399790206514 -0.0301988878459 0)
(0.00400139043456 -0.0309582572161 0)
(0.00400666498925 -0.0317191259998 0)
(0.00401494431275 -0.0324802714591 0)
(0.00402917455217 -0.0332419510916 0)
(0.00405285373791 -0.0340072511244 0)
(0.00408775919692 -0.0347825727634 0)
(0.00413127954497 -0.035576048471 0)
(0.00417532387215 -0.0363934953119 0)
(0.00420867827414 -0.0372339196136 0)
(0.00422199818956 -0.0380883565607 0)
(0.00421197323148 -0.0389431963265 0)
(0.00418278861978 -0.0397848409603 0)
(0.00414519185712 -0.0406039578553 0)
(0.00411310459965 -0.0413993330506 0)
(0.00409871316009 -0.0421785096017 0)
(0.00410893132574 -0.0429547317139 0)
(0.00414441589391 -0.0437433030812 0)
(0.00419984706363 -0.0445588489308 0)
(0.00426447524049 -0.0454126777386 0)
(0.00432421136767 -0.0463096754898 0)
(0.00156977261346 -0.000878194644722 0)
(0.00170389744983 -0.00114247247848 0)
(0.00182992741469 -0.00142562194236 0)
(0.00194985591244 -0.00172494721083 0)
(0.00206607517774 -0.00203911757912 0)
(0.00218062356004 -0.00236822411645 0)
(0.0022946288592 -0.00271313134757 0)
(0.002408320766 -0.00307469259363 0)
(0.00252146092621 -0.0034532663448 0)
(0.00263388581321 -0.00384864859276 0)
(0.0027459441412 -0.00426034981761 0)
(0.00285870397709 -0.00468811464821 0)
(0.00297379429233 -0.00513258260196 0)
(0.00309273140029 -0.0055958440255 0)
(0.00321576330575 -0.00608144224481 0)
(0.00334070411116 -0.00659336412326 0)
(0.00346262222912 -0.00713408934883 0)
(0.00357502130062 -0.00770265030802 0)
(0.00367217458996 -0.00829402507586 0)
(0.00375139630715 -0.00890034964398 0)
(0.00381412910386 -0.00951336948785 0)
(0.00386534458218 -0.0101269714011 0)
(0.00391160816376 -0.0107387818656 0)
(0.00395873694046 -0.0113502571062 0)
(0.00401018154852 -0.0119652457163 0)
(0.00406669830707 -0.0125881098685 0)
(0.00412695061305 -0.0132223487906 0)
(0.00418840390296 -0.013869914828 0)
(0.00424819545446 -0.0145309997434 0)
(0.00430392496485 -0.0152041885424 0)
(0.00435427717493 -0.0158869449986 0)
(0.00439938085962 -0.0165763348088 0)
(0.00444085281724 -0.0172698097702 0)
(0.00448154550087 -0.0179659034072 0)
(0.00452500563685 -0.0186649130498 0)
(0.00457462355173 -0.0193693101946 0)
(0.00463246995165 -0.0200837431031 0)
(0.00469791824356 -0.0208142912112 0)
(0.00476663195893 -0.0215665946526 0)
(0.00483092129044 -0.0223431663978 0)
(0.0048819747958 -0.0231413214591 0)
(0.00491308946269 -0.0239532097756 0)
(0.00492223435738 -0.024768096146 0)
(0.00491276214927 -0.0255758087452 0)
(0.00489202042322 -0.0263697165963 0)
(0.00486851134417 -0.0271483077154 0)
(0.0048489227111 -0.0279145989951 0)
(0.00483651909755 -0.0286737435431 0)
(0.0048314379653 -0.0294304831053 0)
(0.00483218085125 -0.0301877358447 0)
(0.0048372265185 -0.0309465186782 0)
(0.00484610780418 -0.0317067458968 0)
(0.00485977156446 -0.0324683923734 0)
(0.004880200031 -0.0332326767668 0)
(0.00490927034014 -0.034002881205 0)
(0.00494703938982 -0.0347842352769 0)
(0.00499019299767 -0.0355823461298 0)
(0.0050318463444 -0.0364004263953 0)
(0.00506344128252 -0.0372367560116 0)
(0.00507807743837 -0.0380841451483 0)
(0.00507352988772 -0.0389319189707 0)
(0.0050535718841 -0.0397695176412 0)
(0.00502707545868 -0.0405900757755 0)
(0.00500528611168 -0.041392843741 0)
(0.00499830637362 -0.0421837237332 0)
(0.00501220116125 -0.0429735526236 0)
(0.00504758837525 -0.0437752943747 0)
(0.00509953773273 -0.0446011597341 0)
(0.00515842183505 -0.0454598929628 0)
(0.00521245123076 -0.0463544648769 0)
(0.00180375103615 -0.000761025648042 0)
(0.0019604997863 -0.00102084954563 0)
(0.00210991864427 -0.00130080457653 0)
(0.00225344534232 -0.0015985906482 0)
(0.00239279829903 -0.00191278509977 0)
(0.00252958331283 -0.00224297998001 0)
(0.00266489573607 -0.00258943452911 0)
(0.00279925130358 -0.00295258307223 0)
(0.00293281642839 -0.00333267760735 0)
(0.00306576430724 -0.00372970457012 0)
(0.00319857147723 -0.00414357696566 0)
(0.00333210796416 -0.00457451852947 0)
(0.00346741193582 -0.0050234938948 0)
(0.00360511327651 -0.00549245148232 0)
(0.00374464424505 -0.00598409530803 0)
(0.00388361616612 -0.00650101884066 0)
(0.00401785479207 -0.00704439887218 0)
(0.00414235144594 -0.00761285978905 0)
(0.00425285793747 -0.00820218298707 0)
(0.00434741964403 -0.00880615842251 0)
(0.00442712565508 -0.00941830968745 0)
(0.00449570308955 -0.0100336772557 0)
(0.00455819644779 -0.0106499533466 0)
(0.00461934992954 -0.0112676414517 0)
(0.00468236069613 -0.0118892467451 0)
(0.00474840151162 -0.0125180157728 0)
(0.00481685466374 -0.0131567977703 0)
(0.00488594718076 -0.0138073204766 0)
(0.00495350709645 -0.0144699068117 0)
(0.00501767294202 -0.0151435696627 0)
(0.00507744795032 -0.0158263881792 0)
(0.00513302604899 -0.0165161265028 0)
(0.00518582386818 -0.0172109175606 0)
(0.00523821802588 -0.0179098711582 0)
(0.00529300442394 -0.0186136024571 0)
(0.00535258840859 -0.0193244786893 0)
(0.00541799155376 -0.0200464067635 0)
(0.00548791270312 -0.0207839752135 0)
(0.00555829878469 -0.0215409327393 0)
(0.00562292238817 -0.0223184196245 0)
(0.00567506181921 -0.0231137907539 0)
(0.00570970894315 -0.0239207301765 0)
(0.00572534350981 -0.0247308541672 0)
(0.00572444756783 -0.0255361575736 0)
(0.00571254423678 -0.0263311233615 0)
(0.00569625715412 -0.0271138275988 0)
(0.00568128533441 -0.0278856862247 0)
(0.00567114952208 -0.0286500641265 0)
(0.00566710474119 -0.0294106002305 0)
(0.00566894666337 -0.0301700632853 0)
(0.00567609738712 -0.0309300622234 0)
(0.0056884369549 -0.0316914727955 0)
(0.00570659571189 -0.0324552377417 0)
(0.00573162230498 -0.0332231676935 0)
(0.00576409961162 -0.0339983528844 0)
(0.00580300933495 -0.0347848144992 0)
(0.00584492891708 -0.0355862452888 0)
(0.00588422683571 -0.0364042095067 0)
(0.00591452768167 -0.0372367004614 0)
(0.00593098000515 -0.0380779450852 0)
(0.00593231347741 -0.0389198304873 0)
(0.00592173937083 -0.0397545321513 0)
(0.00590624957193 -0.0405771066158 0)
(0.00589459907533 -0.0413872068598 0)
(0.00589472277218 -0.0421894982829 0)
(0.00591145925029 -0.0429925438328 0)
(0.00594522256263 -0.0438066768522 0)
(0.00599180026988 -0.0446415198762 0)
(0.0060432114821 -0.0455036490379 0)
(0.00609010466844 -0.046394919826 0)
(0.00203173011147 -0.000637364794185 0)
(0.0022105880107 -0.000891858450428 0)
(0.00238302552863 -0.00116773684875 0)
(0.00255001519183 -0.00146301906015 0)
(0.00271269823298 -0.00177625342598 0)
(0.00287225189407 -0.00210671037654 0)
(0.00302962032632 -0.00245421307986 0)
(0.00318542216316 -0.00281884899978 0)
(0.00334005019545 -0.00320073739782 0)
(0.00349386653897 -0.00359996248957 0)
(0.00364736010571 -0.00401669082775 0)
(0.0038011486658 -0.00445140912563 0)
(0.00395575640672 -0.00490515272721 0)
(0.00411118486653 -0.00537955099465 0)
(0.0042664221613 -0.00587653188201 0)
(0.00441915299291 -0.00639765234229 0)
(0.00456593760979 -0.00694324297438 0)
(0.00470295013102 -0.00751174427567 0)
(0.0048270727905 -0.00809960328033 0)
(0.00493691108035 -0.00870190513905 0)
(0.00503328414631 -0.00931356715056 0)
(0.00511895856819 -0.00993056034612 0)
(0.005197767364 -0.0105507268619 0)
(0.00527349158031 -0.0111739684875 0)
(0.0053489248105 -0.011801783114 0)
(0.0054254062781 -0.0124364265638 0)
(0.00550286477469 -0.0130800506084 0)
(0.00558023125569 -0.0137340718445 0)
(0.00565602204681 -0.0143988739557 0)
(0.00572892421845 -0.0150738346193 0)
(0.0057982630935 -0.0157576063397 0)
(0.00586427341095 -0.0164486190502 0)
(0.00592811329372 -0.0171456325889 0)
(0.00599161560716 -0.017848223804 0)
(0.00605679749133 -0.0185571670499 0)
(0.00612517455645 -0.0192745332549 0)
(0.00619700761864 -0.0200033848782 0)
(0.00627071352644 -0.0207470009307 0)
(0.00634274556029 -0.0215077360386 0)
(0.00640817709763 -0.0222858610783 0)
(0.00646194788867 -0.0230788830525 0)
(0.00650038048078 -0.0238817118569 0)
(0.00652237551085 -0.0246878149419 0)
(0.00652976350809 -0.0254909050967 0)
(0.00652667787301 -0.0262863952475 0)
(0.00651826605877 -0.0270722191896 0)
(0.00650930457391 -0.0278487871076 0)
(0.0065032442838 -0.0286181872458 0)
(0.00650196713973 -0.0293831153946 0)
(0.00650616170956 -0.0301460342123 0)
(0.00651597459634 -0.0309088416601 0)
(0.00653156328954 -0.0316730395742 0)
(0.00655329588114 -0.0324401924128 0)
(0.0065815113401 -0.0332123789132 0)
(0.00661593016374 -0.0339923337757 0)
(0.00665498606984 -0.0347830615396 0)
(0.00669548068471 -0.0355869206342 0)
(0.00673292344514 -0.0364044912827 0)
(0.00676263664447 -0.0372337753171 0)
(0.00678129891467 -0.0380702122044 0)
(0.00678829441348 -0.0389077608516 0)
(0.00678625947043 -0.039740775304 0)
(0.00678054313146 -0.0405658021547 0)
(0.00677775091629 -0.0413827836404 0)
(0.00678385819083 -0.042195370224 0)
(0.00680248537684 -0.0430101347651 0)
(0.00683382084738 -0.043834977878 0)
(0.006874435766 -0.0446771743345 0)
(0.00691801360047 -0.0455415409619 0)
(0.00695738248516 -0.0464292341545 0)
(0.00225428274546 -0.000509087477697 0)
(0.00245460627935 -0.000757508713547 0)
(0.00264957751562 -0.00102855274405 0)
(0.00283976232679 -0.00132051327506 0)
(0.00302578403581 -0.00163195500928 0)
(0.00320839180836 -0.00196194734381 0)
(0.00338829275116 -0.0023100071151 0)
(0.00356605983956 -0.00267594765164 0)
(0.00374214836255 -0.00305974388494 0)
(0.00391697100012 -0.00346148639773 0)
(0.00409094759573 -0.00388144037857 0)
(0.00426445275366 -0.00432016398585 0)
(0.00443762603679 -0.00477859223909 0)
(0.00461007958524 -0.00525797473492 0)
(0.00478061857186 -0.00575958952493 0)
(0.00494714154344 -0.0062842506613 0)
(0.00510686118482 -0.00683175520473 0)
(0.00525686489804 -0.00740050227447 0)
(0.00539486712533 -0.00798749129316 0)
(0.00551987842547 -0.00858879383056 0)
(0.00563252014128 -0.00920038110691 0)
(0.00573484769075 -0.00981895996523 0)
(0.00582976412621 -0.0104425568753 0)
(0.0059202483316 -0.0110707008586 0)
(0.00600866801411 -0.0117041609561 0)
(0.00609638093537 -0.012344393963 0)
(0.0061836906818 -0.0129929222001 0)
(0.00627009701874 -0.0136508328129 0)
(0.0063547133748 -0.0143185075335 0)
(0.00643671589921 -0.014995606021 0)
(0.00651571234272 -0.0156812620826 0)
(0.00659195329363 -0.0163744679235 0)
(0.00666633057814 -0.0170744957405 0)
(0.00674015916407 -0.0177812564546 0)
(0.00681476976771 -0.0184955513674 0)
(0.00689097586682 -0.0192190754749 0)
(0.00696854358203 -0.0199541042914 0)
(0.00704584694798 -0.0207028646812 0)
(0.00711989867605 -0.0214667145269 0)
(0.00718685967066 -0.0222453861745 0)
(0.00724295104576 -0.0230365973355 0)
(0.00728549640537 -0.0238362284012 0)
(0.00731372595683 -0.0246391543728 0)
(0.00732901833712 -0.0254404107253 0)
(0.00733449824835 -0.0262361927358 0)
(0.00733418857716 -0.0270244710762 0)
(0.00733206346051 -0.0278050622774 0)
(0.00733133036999 -0.0285791895411 0)
(0.00733414045985 -0.0293488144465 0)
(0.00734170818686 -0.0301160487076 0)
(0.00735465273165 -0.0308828488869 0)
(0.0073733206005 -0.0316510247219 0)
(0.00739790459659 -0.0324224409538 0)
(0.00742829388165 -0.0331992108506 0)
(0.00746372967243 -0.0339836790355 0)
(0.00750246435608 -0.0347780756183 0)
(0.00754167840002 -0.0355838842233 0)
(0.00757784657035 -0.036401151051 0)
(0.00760755743545 -0.0372280686544 0)
(0.00762855716496 -0.0380611032316 0)
(0.00764061318756 -0.0388958192087 0)
(0.00764581741229 -0.0397282104406 0)
(0.00764816395783 -0.0405559237209 0)
(0.00765250406754 -0.0413790750126 0)
(0.00766318567908 -0.0422004667682 0)
(0.00768278784784 -0.0430250152417 0)
(0.00771131099312 -0.0438585718796 0)
(0.00774603820009 -0.0447064577991 0)
(0.00778210316791 -0.0455720968722 0)
(0.00781413698902 -0.0464561526586 0)
(0.00247167211125 -0.000377570606487 0)
(0.00269277817405 -0.000619343119814 0)
(0.00290978489797 -0.000884956633549 0)
(0.00312286916743 -0.00117295729364 0)
(0.00333215031178 -0.00148195686062 0)
(0.00353793154509 -0.00181090004786 0)
(0.00374061525667 -0.00215908368879 0)
(0.00394061923219 -0.00252609962484 0)
(0.00413833886085 -0.00291176929407 0)
(0.00433413828994 -0.00331611438148 0)
(0.00452832626049 -0.00373937424782 0)
(0.00472107468151 -0.00418204098338 0)
(0.00491226693122 -0.00464485305258 0)
(0.00510131008865 -0.00512868388973 0)
(0.00528699159378 -0.00563429351808 0)
(0.00546748030733 -0.00616197503856 0)
(0.00564054172869 -0.00671120018239 0)
(0.00580395822952 -0.00728040703604 0)
(0.00595604879721 -0.00786704611235 0)
(0.00609611163968 -0.00846793268895 0)
(0.00622462436525 -0.00907982498456 0)
(0.00634312470579 -0.00970000035238 0)
(0.00645381843904 -0.0103266709765 0)
(0.00655904650315 -0.0109591436648 0)
(0.00666078791548 -0.0115976757358 0)
(0.00676034052308 -0.0122431156191 0)
(0.00685824250562 -0.0128964672141 0)
(0.00695441351244 -0.0135585139914 0)
(0.00704843692124 -0.0142295951411 0)
(0.0071398837796 -0.0149095675464 0)
(0.00722858613847 -0.0155979330772 0)
(0.00731479152007 -0.0162941161262 0)
(0.00739915109383 -0.0169977667072 0)
(0.00748254135142 -0.0177090050474 0)
(0.00756574891503 -0.0184285731361 0)
(0.00764908249572 -0.0191577869307 0)
(0.00773202053111 -0.0198982576728 0)
(0.0078130255591 -0.0206514101458 0)
(0.00788963910421 -0.0214179078817 0)
(0.00795889741514 -0.0221971634461 0)
(0.00801799248842 -0.0229871216763 0)
(0.00806499029701 -0.023784422456 0)
(0.00809937681138 -0.0245850017441 0)
(0.00812222748724 -0.0253849052054 0)
(0.00813594899886 -0.0261809796559 0)
(0.00814372016677 -0.0269713361668 0)
(0.00814884200954 -0.0277554728026 0)
(0.00815420027341 -0.0285340505273 0)
(0.00816198014119 -0.0293084856064 0)
(0.00817364343931 -0.0300805475421 0)
(0.00819006987246 -0.0308520995797 0)
(0.00821171780265 -0.0316250181903 0)
(0.00823868534016 -0.0324012281864 0)
(0.00827062913264 -0.033182731132 0)
(0.00830659289335 -0.0339715059819 0)
(0.00834487407863 -0.034769223962 0)
(0.0083830792399 -0.0355768254063 0)
(0.00841846412118 -0.0363941118663 0)
(0.00844853441742 -0.0372195546952 0)
(0.00847174800422 -0.0380504652267 0)
(0.00848805882745 -0.0388836201216 0)
(0.00849906666358 -0.0397162063416 0)
(0.00850768370809 -0.0405466443488 0)
(0.00851738558779 -0.0413751249388 0)
(0.00853124189832 -0.0422037478279 0)
(0.00855101063824 -0.0430360991348 0)
(0.00857655577013 -0.0438763925004 0)
(0.00860575252716 -0.0447284004312 0)
(0.0086349087726 -0.0455944618639 0)
(0.00866008499223 -0.0464748604351 0)
(0.00268372934467 -0.000243763445056 0)
(0.00292500393668 -0.000478497591119 0)
(0.00316365332881 -0.000738270059523 0)
(0.00339943309568 -0.00102187329212 0)
(0.0036319171577 -0.00132798088436 0)
(0.00386091948775 -0.00165545119328 0)
(0.00408648392334 -0.00200340878362 0)
(0.00430880442513 -0.0023712549152 0)
(0.00452814433608 -0.00275864960745 0)
(0.00474476684408 -0.00316549313422 0)
(0.00495886174634 -0.00359191592501 0)
(0.00517045021416 -0.00403826162591 0)
(0.00537926584348 -0.00450503114248 0)
(0.0055846386967 -0.00499275614562 0)
(0.00578543354307 -0.00550179421776 0)
(0.00598009858517 -0.0060320774846 0)
(0.00616685582888 -0.00658288638743 0)
(0.00634401433777 -0.00715273618839 0)
(0.00651033243198 -0.00773944049895 0)
(0.00666531289333 -0.00834037434199 0)
(0.00680932940531 -0.00895288206967 0)
(0.00694354548502 -0.00957467881088 0)
(0.00706965126249 -0.0102041472727 0)
(0.00718949419382 -0.0108404700421 0)
(0.00730472229544 -0.0114835551468 0)
(0.00741653701064 -0.0121338057263 0)
(0.00752560697908 -0.0127918219339 0)
(0.00763213889035 -0.0134581288128 0)
(0.00773605814542 -0.0141330011889 0)
(0.00783722994846 -0.0148164183213 0)
(0.00793565042591 -0.0155081391674 0)
(0.00803155270167 -0.0162078916984 0)
(0.00812538998636 -0.0169155774257 0)
(0.00821769848491 -0.0176314249147 0)
(0.00830886733363 -0.0183560701059 0)
(0.00839887097647 -0.0190904869344 0)
(0.00848704729675 -0.019835757627 0)
(0.00857201090576 -0.0205927169524 0)
(0.00865176800547 -0.0213615568405 0)
(0.00872404393212 -0.0221415128607 0)
(0.0087867601177 -0.0229307492526 0)
(0.00883853154306 -0.0237264982467 0)
(0.00887904232893 -0.024525497552 0)
(0.00890916662524 -0.0253245661014 0)
(0.0089308009679 -0.0261210884278 0)
(0.00894649182006 -0.0269133646831 0)
(0.00895898517238 -0.0277007487925 0)
(0.00897082323371 -0.028483549023 0)
(0.0089840854044 -0.02926278494 0)
(0.00900029408945 -0.0300399146971 0)
(0.00902043769113 -0.0308166217999 0)
(0.00904502959767 -0.0315946933154 0)
(0.00907413251677 -0.0323759604023 0)
(0.00910732289841 -0.0331622344378 0)
(0.00914362808232 -0.03395517365 0)
(0.00918151263495 -0.0347560565048 0)
(0.0092189969857 -0.0355655026455 0)
(0.00925395146982 -0.0363832408271 0)
(0.00928453395966 -0.0372080427222 0)
(0.0093096615655 -0.0380378961116 0)
(0.00932934939302 -0.0388704759712 0)
(0.00934477026624 -0.0397038162615 0)
(0.0093579924109 -0.040536858635 0)
(0.0093714437419 -0.0413697960954 0)
(0.00938722762318 -0.0422041541154 0)
(0.00940648677274 -0.043042477765 0)
(0.00942899603773 -0.0438877127332 0)
(0.00945310171234 -0.0447424392447 0)
(0.00947602626751 -0.0456081622902 0)
(0.00949493528605 -0.0464848610399 0)
(0.00288971024055 -0.000108281214419 0)
(0.00315074539985 -0.000335774005376 0)
(0.00341092306988 -0.000589494014676 0)
(0.00366945141784 -0.000868480816131 0)
(0.003925235286 -0.00117145827141 0)
(0.00417753191525 -0.00149720049909 0)
(0.00442599654101 -0.00184467743876 0)
(0.0046705789279 -0.00221311603567 0)
(0.004911391534 -0.00260201202799 0)
(0.00514858902871 -0.00301111607124 0)
(0.00538226128777 -0.00344040561466 0)
(0.00561233258699 -0.00389003832769 0)
(0.00583846775901 -0.00436027307846 0)
(0.00606000248808 -0.00485134623466 0)
(0.00627592728459 -0.00536330692427 0)
(0.00648495427416 -0.00589583828161 0)
(0.00668567742637 -0.00644811292257 0)
(0.00687680606355 -0.00701873591043 0)
(0.00705742044969 -0.00760581012341 0)
(0.00722717084414 -0.00820713276689 0)
(0.00738635649711 -0.00882048581695 0)
(0.00753587110658 -0.00944391947487 0)
(0.00767702601336 -0.0100759659858 0)
(0.00781129253912 -0.0107157464447 0)
(0.0079400464468 -0.0113629371049 0)
(0.00806437970843 -0.0120176245817 0)
(0.00818501839993 -0.0126801057319 0)
(0.00830234979201 -0.0133506955802 0)
(0.00841653063715 -0.0140295950729 0)
(0.00852762982381 -0.0147168457898 0)
(0.00863575463098 -0.0154123681688 0)
(0.00874111890353 -0.0161160825394 0)
(0.00884402482662 -0.0168280374225 0)
(0.00894476308151 -0.0175484958547 0)
(0.00904345323323 -0.0182779683575 0)
(0.00913986834228 -0.0190171389083 0)
(0.00923330400305 -0.0197666838857 0)
(0.00932255079492 -0.0205270155546 0)
(0.00940600804491 -0.0212980140934 0)
(0.00948193736995 -0.0220788297777 0)
(0.00954880690647 -0.0228678278699 0)
(0.00960563824783 -0.0236627042871 0)
(0.00965226827767 -0.0244608075054 0)
(0.00968943626394 -0.0252595523124 0)
(0.00971867260051 -0.0260567642613 0)
(0.00974204651701 -0.026850945832 0)
(0.00976184940812 -0.0276414103704 0)
(0.00978029013184 -0.0284282515091 0)
(0.00979926992902 -0.0292122012833 0)
(0.00982025952085 -0.0299944445015 0)
(0.00984425913154 -0.0307764462157 0)
(0.00987179940961 -0.0315598180206 0)
(0.00990294451233 -0.0323462136564 0)
(0.00993728351882 -0.0331372222363 0)
(0.00997392892465 -0.0339342288154 0)
(0.0100115641805 -0.0347382369955 0)
(0.0100485821494 -0.0355496853897 0)
(0.0100833289943 -0.0363683207818 0)
(0.0101144223986 -0.037193196279 0)
(0.0101410692623 -0.0380228274113 0)
(0.0101632756132 -0.038855544444 0)
(0.0101818580021 -0.0396899705298 0)
(0.0101982394649 -0.0405253845207 0)
(0.0102140677424 -0.0413619356266 0)
(0.0102307362163 -0.0422006865175 0)
(0.0102489431266 -0.043043381765 0)
(0.0102684125109 -0.0438920051436 0)
(0.0102878579135 -0.0447482360379 0)
(0.0103052002142 -0.0456129461613 0)
(0.01031844657 -0.0464858700291 0)
(0.00308807268956 2.84830635398e-05 0)
(0.00336887450295 -0.000191717029554 0)
(0.00365105693703 -0.000439390519295 0)
(0.0039328883474 -0.000713785944233 0)
(0.00421236504531 -0.00101361582449 0)
(0.00448813170431 -0.00133754028168 0)
(0.00475948444134 -0.00168437580636 0)
(0.00502617416901 -0.00205318806776 0)
(0.00528819987603 -0.00244331600977 0)
(0.00554564032697 -0.00285435556628 0)
(0.00579852449473 -0.00328611883118 0)
(0.00604673147589 -0.00373857213427 0)
(0.00628991650725 -0.0042117498116 0)
(0.00652747082787 -0.00470564168023 0)
(0.00675852998218 -0.00522006222374 0)
(0.00698204354908 -0.00575452270359 0)
(0.00719690656794 -0.00630813828077 0)
(0.00740213444617 -0.00687960234518 0)
(0.00759704627936 -0.00746724656497 0)
(0.00778140078317 -0.00806918779796 0)
(0.00795544456979 -0.00868353648686 0)
(0.00811987668047 -0.00930859995348 0)
(0.00827573047974 -0.00994303858711 0)
(0.0084241920635 -0.010585951204 0)
(0.00856641665024 -0.0112368648775 0)
(0.00870338591789 -0.0118956462167 0)
(0.00883583447671 -0.0125623693042 0)
(0.00896425065102 -0.0132371824886 0)
(0.00908893531712 -0.0139202104505 0)
(0.00921008802566 -0.0146115122409 0)
(0.00932788539045 -0.0153110944552 0)
(0.0094425215519 -0.0160189821753 0)
(0.00955419094074 -0.0167352918673 0)
(0.00966301914906 -0.0174602713172 0)
(0.00976895745929 -0.0181943029954 0)
(0.00987167421277 -0.0189378339645 0)
(0.00997048467804 -0.0196912369098 0)
(0.0100643573343 -0.0204546281398 0)
(0.0101520175678 -0.0212276883196 0)
(0.0102321425455 -0.0220095401976 0)
(0.0103036106363 -0.0227987284473 0)
(0.0103657453284 -0.0235933148333 0)
(0.0104185000568 -0.0243911180013 0)
(0.0104625210405 -0.0251900154934 0)
(0.0104990709359 -0.0259881928379 0)
(0.0105298541904 -0.026784347252 0)
(0.0105567903935 -0.0275778080556 0)
(0.0105817819962 -0.0283685415048 0)
(0.0106065239069 -0.0291570695695 0)
(0.0106323760987 -0.0299443420905 0)
(0.0106602951654 -0.0307315982901 0)
(0.0106908057225 -0.0315202377569 0)
(0.0107239923072 -0.0323117018254 0)
(0.0107595048003 -0.033107354018 0)
(0.0107965871598 -0.0339083492048 0)
(0.0108341502429 -0.0347154952846 0)
(0.0108709067278 -0.0355291312674 0)
(0.0109055680729 -0.0363490607653 0)
(0.0109370762878 -0.0371745787764 0)
(0.0109648193915 -0.0380046026585 0)
(0.0109887619669 -0.0388379335218 0)
(0.0110094341634 -0.0396735966487 0)
(0.0110277753613 -0.040511079714 0)
(0.0110448634679 -0.0413504637645 0)
(0.0110615820474 -0.0421924430767 0)
(0.0110783181548 -0.0430381542573 0)
(0.0110947742171 -0.0438888611922 0)
(0.0111099486067 -0.0447455716753 0)
(0.0111222909039 -0.0456086823254 0)
(0.0111304436451 -0.0464777341847 0)
(0.00327582519561 0.000166311913084 0)
(0.00357748986029 -4.66851379697e-05 0)
(0.00388338734516 -0.000288607685875 0)
(0.00418989176602 -0.000558713371774 0)
(0.00449384824079 -0.000855590804993 0)
(0.00479337405137 -0.00117774831767 0)
(0.0050875622133 -0.00152385382761 0)
(0.00537609818608 -0.00189283381729 0)
(0.00565896131157 -0.00228389237589 0)
(0.00593621946127 -0.0026964855077 0)
(0.00620789220222 -0.00313027047374 0)
(0.00647386043821 -0.00358503743865 0)
(0.00673381147 -0.00406062514844 0)
(0.00698721951968 -0.00455682293472 0)
(0.00723336698358 -0.00507326764951 0)
(0.00747141055606 -0.00560935140649 0)
(0.0077004879629 -0.00616416133756 0)
(0.00791985022574 -0.00673647076439 0)
(0.008128995831 -0.00732479135011 0)
(0.00832776483987 -0.00792748302155 0)
(0.00851636698846 -0.00854290434312 0)
(0.00869536027315 -0.00916956094087 0)
(0.00886557320438 -0.00980622165245 0)
(0.00902797506111 -0.0104519865718 0)
(0.00918354296567 -0.0111062900621 0)
(0.00933315345816 -0.0117688483399 0)
(0.00947751853089 -0.0124395737247 0)
(0.00961717138538 -0.013118483297 0)
(0.00975249279306 -0.0138056269351 0)
(0.00988375836638 -0.0145010497737 0)
(0.0100111835288 -0.0152047893521 0)
(0.0101349448475 -0.0159169114787 0)
(0.0102551649358 -0.0166375450408 0)
(0.0103718670832 -0.0173668919333 0)
(0.0104849091599 -0.0181052131708 0)
(0.010593921195 -0.0188527663959 0)
(0.010698274453 -0.0196097008077 0)
(0.0107971057843 -0.0203759294195 0)
(0.0108894083353 -0.0211510106436 0)
(0.0109741812745 -0.0219340750167 0)
(0.0110506117328 -0.0227238251251 0)
(0.0111182477873 -0.0235186141135 0)
(0.011177130406 -0.0243166264736 0)
(0.0112278384965 -0.0251161017287 0)
(0.0112714342382 -0.0259155178929 0)
(0.011309339079 -0.0267137483822 0)
(0.0113431683295 -0.0275101654501 0)
(0.0113745524065 -0.0283046611177 0)
(0.0114049785701 -0.0290976015071 0)
(0.0114356716257 -0.0298897372728 0)
(0.0114675170251 -0.0306820929573 0)
(0.011501019924 -0.0314758508693 0)
(0.0115362919072 -0.0322722353567 0)
(0.0115730622528 -0.0330723969868 0)
(0.0116107181515 -0.0338772967622 0)
(0.0116483824664 -0.0346875979763 0)
(0.011685034072 -0.0355035833356 0)
(0.0117196640682 -0.0363251212905 0)
(0.0117514453014 -0.0371517016569 0)
(0.0117798800973 -0.037982540212 0)
(0.0118048828829 -0.038816770912 0)
(0.0118267619755 -0.0396536879314 0)
(0.0118461016908 -0.0404929011717 0)
(0.0118635715599 -0.0413344144012 0)
(0.0118796969965 -0.0421786318711 0)
(0.0118946542196 -0.0430262326852 0)
(0.0119081454844 -0.0438779473462 0)
(0.0119193910216 -0.044734288396 0)
(0.0119272400184 -0.0455953006248 0)
(0.0119308126631 -0.0464603758897 0)
(0.00344688602552 0.000305297431982 0)
(0.00377415697414 9.89581285422e-05 0)
(0.00410770390685 -0.000137912128307 0)
(0.00444123488052 -0.000404285459362 0)
(0.00477076940806 -0.000698558060113 0)
(0.00509433880096 -0.00101907747823 0)
(0.00541117869479 -0.00136438862005 0)
(0.0057211375151 -0.00173331767781 0)
(0.00602431319902 -0.00212497049298 0)
(0.00632084546406 -0.00253869217892 0)
(0.00661079804826 -0.00297400940438 0)
(0.00689409215147 -0.00343056195864 0)
(0.00717047390741 -0.00390802578679 0)
(0.00743951214792 -0.0044060305016 0)
(0.00770062745228 -0.0049240788622 0)
(0.00795315281074 -0.00546147976159 0)
(0.00819642051176 -0.00601730877584 0)
(0.00842986359224 -0.00659040800129 0)
(0.00865311643588 -0.00717943005296 0)
(0.00886608084128 -0.00778292038849 0)
(0.00906894054836 -0.00839942615297 0)
(0.00926215032221 -0.00902760672197 0)
(0.00944638626216 -0.00966632190878 0)
(0.00962245141565 -0.0103146862211 0)
(0.00979117844084 -0.0109720788028 0)
(0.00995334653861 -0.0116381141467 0)
(0.0101096265675 -0.0123125872863 0)
(0.0102605589761 -0.0129954115004 0)
(0.0104065597588 -0.0136865653386 0)
(0.0105479422062 -0.014386059589 0)
(0.0106849396912 -0.015093924909 0)
(0.0108177144528 -0.0158102241805 0)
(0.0109463450187 -0.0165350625425 0)
(0.011070798361 -0.0172685793511 0)
(0.0111908911744 -0.018010925232 0)
(0.0113062581817 -0.018762208196 0)
(0.0114163454435 -0.0195224147651 0)
(0.0115204431589 -0.020291320918 0)
(0.0116177632946 -0.0210684149137 0)
(0.0117075550702 -0.0218528555165 0)
(0.0117892388302 -0.0226434830596 0)
(0.011862529846 -0.0234388847837 0)
(0.0119275334668 -0.0242375325454 0)
(0.0119847769868 -0.0250379505673 0)
(0.012035168645 -0.0258388533201 0)
(0.0120799071573 -0.0266392672108 0)
(0.0121203586103 -0.0274386167623 0)
(0.012157917634 -0.0282367509915 0)
(0.0121938773867 -0.0290339181423 0)
(0.0122293238897 -0.0298307016577 0)
(0.01226506131 -0.0306279320361 0)
(0.01230156824 -0.0314265866488 0)
(0.0123389826022 -0.0322276851973 0)
(0.0123771140838 -0.033032185461 0)
(0.0124154855068 -0.0338408843125 0)
(0.0124534051744 -0.0346543325678 0)
(0.0124900687566 -0.0354727766054 0)
(0.0125246816894 -0.0362961413791 0)
(0.0125565839465 -0.0371240648097 0)
(0.0125853528236 -0.0379559782294 0)
(0.0126108571737 -0.0387912463105 0)
(0.0126332401889 -0.0396293385015 0)
(0.0126528318235 -0.0404699301655 0)
(0.0126700152019 -0.0413129482946 0)
(0.0126850703307 -0.0421585711197 0)
(0.0126980364596 -0.043007136164 0)
(0.0127086309161 -0.0438589821642 0)
(0.012716248514 -0.0447142602856 0)
(0.0127200414151 -0.0455727586603 0)
(0.0127194883788 -0.0464337576995 0)
(0.00359282067171 0.000445077544398 0)
(0.00395805083583 0.000244168097693 0)
(0.00432547021673 1.14851989776e-05 0)
(0.00468892296218 -0.000251795144851 0)
(0.00504503647367 -0.000543829873873 0)
(0.00539263863349 -0.000862813935969 0)
(0.00573163865178 -0.00120721869335 0)
(0.00606233743649 -0.0015758253499 0)
(0.00638509924392 -0.00196768695558 0)
(0.00670021107639 -0.00238207227901 0)
(0.0070078223002 -0.00281840591959 0)
(0.00730791893317 -0.00327620539839 0)
(0.00760031844246 -0.00375501504355 0)
(0.00788468386101 -0.00425433882285 0)
(0.00816055858346 -0.00477357814942 0)
(0.00842742182153 -0.00531198303491 0)
(0.0086847601453 -0.00586862606781 0)
(0.00893214673651 -0.00644240642893 0)
(0.00916931892615 -0.00703208653144 0)
(0.00939622516818 -0.00763635374573 0)
(0.00961303010775 -0.00825389917951 0)
(0.00982011155493 -0.00888350182885 0)
(0.0100180304817 -0.00952409713658 0)
(0.0102074607579 -0.0101748202688 0)
(0.0103891167994 -0.0108350191967 0)
(0.0105636891903 -0.0115042398149 0)
(0.0107317978824 -0.0121821914404 0)
(0.0108939668208 -0.0128687042874 0)
(0.0110506178057 -0.013563690092 0)
(0.011202076289 -0.0142671132784 0)
(0.0113485801814 -0.0149789736001 0)
(0.0114902808069 -0.015699303448 0)
(0.0116272327732 -0.0164281627675 0)
(0.0117593785792 -0.0171656214227 0)
(0.0118865281407 -0.0179117323914 0)
(0.0120083466902 -0.0186664861827 0)
(0.012124362238 -0.0194297517045 0)
(0.0122340010991 -0.0202012143807 0)
(0.0123366535359 -0.0209803266046 0)
(0.0124317634208 -0.0217662859423 0)
(0.0125189277451 -0.0225580519178 0)
(0.0125979860922 -0.0233544010311 0)
(0.0126690899033 -0.024154032414 0)
(0.0127327245744 -0.0249556948546 0)
(0.0127896773449 -0.025758292823 0)
(0.0128409694957 -0.0265609815816 0)
(0.0128877629673 -0.0273632374284 0)
(0.0129312516007 -0.0281648840359 0)
(0.0129725551026 -0.0289660786427 0)
(0.0130126285111 -0.0297672653009 0)
(0.013052194594 -0.0305691047414 0)
(0.0130917021934 -0.0313723902218 0)
(0.0131313110644 -0.0321779571644 0)
(0.0131709031121 -0.0329865931574 0)
(0.0132101198866 -0.0337989550208 0)
(0.0132484251763 -0.0346155010812 0)
(0.013285188477 -0.0354364481509 0)
(0.01331978019 -0.0362617621702 0)
(0.0133516642227 -0.037091186998 0)
(0.0133804707689 -0.0379243044414 0)
(0.0134060340619 -0.0387606349512 0)
(0.01342838005 -0.0395997581445 0)
(0.0134476621398 -0.0404413786304 0)
(0.0134640681859 -0.0412853525345 0)
(0.0134777155764 -0.0421316837079 0)
(0.0134885601481 -0.0429804567153 0)
(0.0134963447587 -0.0438317252378 0)
(0.0135006034443 -0.0446853799806 0)
(0.0135007194424 -0.0455410253988 0)
(0.0134964407241 -0.0463978619399 0)
(0.00371691852486 0.000582836018127 0)
(0.00413315758257 0.000386986244436 0)
(0.00454103752463 0.00015781083245 0)
(0.00493671844438 -0.000102877724706 0)
(0.00531954262517 -0.000392878617824 0)
(0.00569042262731 -0.000710272696031 0)
(0.00605055521027 -0.00105353108524 0)
(0.00640094386868 -0.0014214505727 0)
(0.00674231270576 -0.00181307255421 0)
(0.0070751308178 -0.00222761808273 0)
(0.00739964711717 -0.00266443351924 0)
(0.00771591741813 -0.00312293811255 0)
(0.00802382848908 -0.00360257056533 0)
(0.00832312714648 -0.00410273605157 0)
(0.00861345946635 -0.00462275871978 0)
(0.00889442172472 -0.00516184598188 0)
(0.00916562019777 -0.00571907123118 0)
(0.00942673435014 -0.00629337960294 0)
(0.00967757838385 -0.00688361840216 0)
(0.00991813494356 -0.00748858345401 0)
(0.0101485532796 -0.00810707590404 0)
(0.010369152144 -0.00873796781353 0)
(0.0105804037049 -0.00938025677004 0)
(0.0107828797109 -0.0100331003717 0)
(0.0109771967055 -0.010695830179 0)
(0.0111639654327 -0.011367945511 0)
(0.0113437510196 -0.0120490920087 0)
(0.0115170470519 -0.0127390323526 0)
(0.0116842628964 -0.0134376165164 0)
(0.0118457201416 -0.0141447567012 0)
(0.0120016531421 -0.0148604080191 0)
(0.012152205347 -0.0155845567081 0)
(0.0122974213175 -0.0163172066234 0)
(0.0124372398909 -0.0170583575539 0)
(0.0125714853259 -0.0178079777054 0)
(0.0126998670581 -0.0185659655421 0)
(0.0128219946961 -0.019332105288 0)
(0.0129374129879 -0.02010602389 0)
(0.0130456569773 -0.0208871597431 0)
(0.0131463222097 -0.021674753286 0)
(0.0132391395737 -0.0224678662234 0)
(0.0133240406928 -0.0232654284637 0)
(0.0134012088277 -0.0240663194717 0)
(0.0134710937762 -0.0248694650949 0)
(0.0135343858397 -0.0256739212677 0)
(0.0135919637128 -0.0264789490869 0)
(0.0136448223384 -0.0272840711276 0)
(0.0136939869455 -0.0280890952298 0)
(0.013740426859 -0.0288941069755 0)
(0.0137849794372 -0.0296994348032 0)
(0.0138282912588 -0.0305055941441 0)
(0.0138707806221 -0.0313132178609 0)
(0.0139126231625 -0.0321229801291 0)
(0.0139537609377 -0.0329355205766 0)
(0.0139939341515 -0.0337513755079 0)
(0.0140327330321 -0.034570923358 0)
(0.0140696648317 -0.0353943513966 0)
(0.0141042276729 -0.0362216492353 0)
(0.0141359800247 -0.0370526308072 0)
(0.014164593283 -0.0378869781079 0)
(0.0141898801334 -0.0387243127342 0)
(0.0142117884845 -0.039564279552 0)
(0.0142303546702 -0.0404065899814 0)
(0.0142456388762 -0.0412510377638 0)
(0.0142576561975 -0.0420974936982 0)
(0.0142663174689 -0.0429458569442 0)
(0.0142713979086 -0.0437959763361 0)
(0.0142725441426 -0.0446475579978 0)
(0.0142693168713 -0.0455000784823 0)
(0.0142616661755 -0.0463526841002 0)
(0.00383352743888 0.000714981943235 0)
(0.00431095852136 0.000524625506093 0)
(0.00476292722009 0.000298759708216 0)
(0.00519032670555 4.05820191422e-05 0)
(0.00559799337686 -0.000247225699154 0)
(0.00599017660524 -0.00056270026397 0)
(0.00636970057565 -0.000904388601636 0)
(0.00673830019192 -0.0012711445805 0)
(0.0070970237803 -0.00166201679984 0)
(0.00744648851667 -0.00207619025558 0)
(0.0077870192291 -0.0025129456737 0)
(0.00811872429007 -0.0029716201743 0)
(0.00844154372089 -0.00345156605383 0)
(0.00875528928116 -0.00395210968295 0)
(0.00905968602172 -0.00447251522923 0)
(0.00935441892282 -0.00501195822397 0)
(0.00963918346721 -0.00556951386327 0)
(0.0099137369874 -0.00614416316412 0)
(0.0101779489549 -0.00673481831464 0)
(0.0104318252203 -0.00734035756914 0)
(0.0106755008416 -0.00795966589648 0)
(0.0109092473827 -0.00859168741044 0)
(0.0111334667033 -0.0092354699687 0)
(0.0113486482357 -0.0098901925935 0)
(0.0115553265464 -0.010555178977 0)
(0.0117540409283 -0.0112298962253 0)
(0.0119453015112 -0.0119139416075 0)
(0.0121295643949 -0.0126070220007 0)
(0.0123072160322 -0.0133089309219 0)
(0.0124785647184 -0.0140195267835 0)
(0.0126438367111 -0.0147387135677 0)
(0.0128031700011 -0.0154664240152 0)
(0.0129566080857 -0.0162026021489 0)
(0.013104098817 -0.0169471810249 0)
(0.0132454924989 -0.0177000562953 0)
(0.013380548255 -0.0184610544063 0)
(0.013508952323 -0.0192298988079 0)
(0.0136303506854 -0.0200061798123 0)
(0.0137443952911 -0.0207893351757 0)
(0.0138507995974 -0.0215786480864 0)
(0.0139493956662 -0.0223732668408 0)
(0.0140401826696 -0.0231722454294 0)
(0.0141233646814 -0.0239746061962 0)
(0.0141993603177 -0.0247794139596 0)
(0.0142687811655 -0.0255858441026 0)
(0.0143323908065 -0.0263932426123 0)
(0.0143910480283 -0.0272011706882 0)
(0.0144456381845 -0.0280094250986 0)
(0.0144970030797 -0.0288180339983 0)
(0.0145458777042 -0.0296272302975 0)
(0.0145928401443 -0.0304374069691 0)
(0.014638278818 -0.0312490599753 0)
(0.0146823792274 -0.032062724995 0)
(0.0147251307445 -0.0328789142269 0)
(0.0147663523781 -0.0336980594952 0)
(0.0148057347113 -0.0345204676684 0)
(0.014842893128 -0.0353462936469 0)
(0.0148774252687 -0.0361755344623 0)
(0.0149089639305 -0.0370080448437 0)
(0.0149372159457 -0.0378435685939 0)
(0.0149619852755 -0.0386817887597 0)
(0.0149831731207 -0.0395223846439 0)
(0.0150007438117 -0.0403650610854 0)
(0.0150146798107 -0.0412095587371 0)
(0.0150249377043 -0.0420556482772 0)
(0.0150314106549 -0.0429030950188 0)
(0.0150339103718 -0.0437516033538 0)
(0.0150321756901 -0.0446007519694 0)
(0.0150259044021 -0.0454499321598 0)
(0.0150151979128 -0.0462982572648 0)
(0.00396604278647 0.000838105622053 0)
(0.00451151503513 0.000654106986327 0)
(0.00500323860452 0.000431994312096 0)
(0.00545630501823 0.000176847434008 0)
(0.00588410222109 -0.000108135680039 0)
(0.00629425958514 -0.000421056750386 0)
(0.00669075823655 -0.000760583502171 0)
(0.0070757183031 -0.00112561994099 0)
(0.00745031766872 -0.00151520416182 0)
(0.00781521708813 -0.00192847476413 0)
(0.00817075894213 -0.00236464678747 0)
(0.00851706781304 -0.00282298330636 0)
(0.00885410977411 -0.00330276316567 0)
(0.00918173660527 -0.00380324828739 0)
(0.00949972648466 -0.00432365513266 0)
(0.00980782578795 -0.00486313439281 0)
(0.010105791933 -0.00542076261424 0)
(0.0103934356777 -0.00599554796241 0)
(0.0106706632797 -0.00658645143583 0)
(0.010937493771 -0.00719241326439 0)
(0.0111940474042 -0.00781238177662 0)
(0.0114405561524 -0.00844535635891 0)
(0.0116773645047 -0.00909042474387 0)
(0.0119048941324 -0.00974678481233 0)
(0.0121236100935 -0.0104137569326 0)
(0.0123339879541 -0.0110907852389 0)
(0.0125364848739 -0.0117774293049 0)
(0.0127315166584 -0.0124733492218 0)
(0.0129194414618 -0.0131782873859 0)
(0.0131005491779 -0.0138920496513 0)
(0.013275055643 -0.0146144871537 0)
(0.0134430951163 -0.0153454772359 0)
(0.0136047154035 -0.0160849048632 0)
(0.0137598803455 -0.0168326418257 0)
(0.0139084716406 -0.0175885223362 0)
(0.0140502983484 -0.0183523165228 0)
(0.0141851158392 -0.0191237043731 0)
(0.0143126552326 -0.0199022542514 0)
(0.014432662134 -0.0206874109431 0)
(0.0145449411279 -0.0214784977408 0)
(0.0146494001202 -0.0222747353921 0)
(0.0147460871441 -0.0230752775926 0)
(0.0148352187255 -0.0238792592151 0)
(0.0149171856631 -0.0246858532929 0)
(0.0149925350696 -0.0254943281439 0)
(0.0150619374713 -0.0263040962121 0)
(0.0151261411496 -0.0271147491693 0)
(0.0151859166436 -0.0279260748008 0)
(0.0152419994144 -0.0287380544967 0)
(0.0152950373533 -0.0295508423966 0)
(0.0153455485341 -0.0303647293113 0)
(0.01539389301 -0.0311800958864 0)
(0.0154402608127 -0.0319973602006 0)
(0.0154846766971 -0.032816925246 0)
(0.0155270206026 -0.0336391316656 0)
(0.0155670611708 -0.0344642207058 0)
(0.0156044979988 -0.0352923113941 0)
(0.0156390067816 -0.0361233943268 0)
(0.015670280415 -0.0369573419234 0)
(0.0156980585942 -0.0377939308149 0)
(0.015722147974 -0.0386328766925 0)
(0.015742427532 -0.0394738723078 0)
(0.0157588234393 -0.0403166083647 0)
(0.0157712772304 -0.0411607814643 0)
(0.0157797186788 -0.0420060882787 0)
(0.01578404258 -0.0428521996835 0)
(0.0157840993172 -0.0436987212413 0)
(0.0157797040582 -0.0445451473309 0)
(0.0157706609038 -0.0453908165267 0)
(0.0157571842047 -0.0462348267315 0)
(0.00416095606055 0.000949865307793 0)
(0.00476108052102 0.000773307531205 0)
(0.00527324038518 0.000555741853777 0)
(0.00574015013477 0.000304570878119 0)
(0.00618155644454 2.33029268666e-05 0)
(0.00660581569291 -0.000286386429152 0)
(0.00701671384702 -0.000623250993498 0)
(0.00741615462039 -0.000986170953195 0)
(0.00780517046368 -0.00137412198623 0)
(0.00818432987872 -0.00178617031531 0)
(0.00855391922781 -0.00222145708089 0)
(0.00891403458469 -0.00267917365518 0)
(0.00926463640335 -0.00315853321376 0)
(0.00960559002798 -0.00365874261 0)
(0.00993670191864 -0.00417897847084 0)
(0.0102577556182 -0.00471837057275 0)
(0.0105685475995 -0.0052759952371 0)
(0.0108689222237 -0.00585088031091 0)
(0.0111588076714 -0.00644202294183 0)
(0.0114382277458 -0.0070484095856 0)
(0.0117072865299 -0.00766903639175 0)
(0.0119661812176 -0.00830294510501 0)
(0.012215207833 -0.00894925477926 0)
(0.0124547307018 -0.00960717913933 0)
(0.0126851547664 -0.0102760373377 0)
(0.0129068983672 -0.0109552562437 0)
(0.0131203685285 -0.0116443649328 0)
(0.0133259403476 -0.0123429833612 0)
(0.0135239413608 -0.0130508075406 0)
(0.0137146405744 -0.0137675932453 0)
(0.0138982422918 -0.0144931395535 0)
(0.0140748780118 -0.0152272693488 0)
(0.0142446025668 -0.015969811337 0)
(0.0144073988783 -0.0167205816612 0)
(0.0145631813932 -0.0174793620063 0)
(0.0147118065763 -0.0182458774427 0)
(0.0148530910053 -0.0190197759679 0)
(0.0149868373441 -0.0198006128181 0)
(0.015112866845 -0.020587843124 0)
(0.015231055423 -0.0213808260799 0)
(0.0153413686855 -0.0221788425997 0)
(0.0154438906459 -0.0229811265458 0)
(0.0155388451313 -0.0237869018005 0)
(0.0156265985686 -0.0245954262823 0)
(0.0157076451239 -0.0254060410469 0)
(0.015782579752 -0.0262182107082 0)
(0.0158520606625 -0.0270315509121 0)
(0.0159167638864 -0.027845841948 0)
(0.0159773360875 -0.0286610269042 0)
(0.0160343509908 -0.0294771948423 0)
(0.0160882739388 -0.0302945512922 0)
(0.0161394378625 -0.031113379619 0)
(0.0161880326009 -0.0319339975449 0)
(0.0162341080746 -0.0327567134085 0)
(0.016277590412 -0.0335817866619 0)
(0.016318308707 -0.034409396657 0)
(0.0163560287621 -0.0352396228545 0)
(0.0163904890331 -0.0360724381773 0)
(0.0164214332267 -0.0369077152648 0)
(0.016448633545 -0.0377452424812 0)
(0.0164719091652 -0.0385847479447 0)
(0.0164911354874 -0.0394259242463 0)
(0.0165062251749 -0.0402684442951 0)
(0.0165171050569 -0.0411119685135 0)
(0.0165237001824 -0.0419561392548 0)
(0.0165259200182 -0.0428005616149 0)
(0.0165236544701 -0.0436447749463 0)
(0.0165167831047 -0.0444882199193 0)
(0.01650519358 -0.0453302053686 0)
(0.0164891839058 -0.0461698268911 0)
(-0.000318965572071 -0.046843290537 0)
(-0.00033221093913 -0.0476307641825 0)
(-0.000345211018172 -0.0484355029593 0)
(-0.000358387846186 -0.0492477836675 0)
(-0.000371556541523 -0.0500633179507 0)
(-0.000384663807457 -0.0508805210763 0)
(-0.000397699069766 -0.0516986436784 0)
(-0.000410663659757 -0.0525172018179 0)
(-0.00042356181819 -0.05333580236 0)
(-0.000436397994889 -0.0541540743339 0)
(-0.000449176004418 -0.0549716365371 0)
(-0.000461898792039 -0.0557880811944 0)
(-0.000474568410824 -0.0566029653702 0)
(-0.000487186065198 -0.057415806156 0)
(-0.000499752165888 -0.0582260776876 0)
(-0.000512266375746 -0.0590332090186 0)
(-0.000524727639373 -0.0598365823497 0)
(-0.000537134194828 -0.0606355313536 0)
(-0.000549483567794 -0.0614293394515 0)
(-0.000561772549192 -0.0622172379657 0)
(-0.000573997157386 -0.0629984041044 0)
(-0.000586152585886 -0.0637719587635 0)
(-0.000598233137213 -0.0645369641395 0)
(-0.000610232143164 -0.065292421151 0)
(-0.000622141871449 -0.0660372666658 0)
(-0.000633953418413 -0.0667703705349 0)
(-0.000645656587396 -0.0674905324256 0)
(-0.000657239752202 -0.0681964784519 0)
(-0.000668689705096 -0.0688868576 0)
(-0.000679991488721 -0.0695602379396 0)
(-0.000691128211293 -0.0702151026218 0)
(-0.000702080844392 -0.0708498456595 0)
(-0.000712828002421 -0.0714627674881 0)
(-0.000723345702337 -0.0720520703032 0)
(-0.000733607101264 -0.0726158531751 0)
(-0.000743582207426 -0.0731521069402 0)
(-0.000753237555329 -0.0736587088703 0)
(-0.000762535826545 -0.0741334171325 0)
(-0.000771435373903 -0.0745738650593 0)
(-0.000779889551732 -0.0749775552758 0)
(-0.00078784569063 -0.075341853814 0)
(-0.000795243360464 -0.075663985225 0)
(-0.000802007683243 -0.075941027997 0)
(-0.000808037605471 -0.0761698704548 0)
(-0.000813278432194 -0.076347133534 0)
(-0.000817826311171 -0.0764693699585 0)
(-0.000819722098408 -0.0765309302015 0)
(-0.000829648416182 -0.076534316592 0)
(-0.000829058491351 -0.0764733970484 0)
(-0.000828788421125 -0.0763378006323 0)
(-0.000827744765746 -0.0761276264668 0)
(-0.00082550440427 -0.0758381460236 0)
(-0.000821854870196 -0.0754643597802 0)
(-0.00081664593075 -0.0750010843983 0)
(-0.000809744895696 -0.0744428934107 0)
(-0.000801025114615 -0.0737840842904 0)
(-0.000790363169881 -0.0730186531564 0)
(-0.000777638910982 -0.0721402697299 0)
(-0.000762736740838 -0.0711422496235 0)
(-0.000745547656598 -0.0700175223756 0)
(-0.000725971881961 -0.068758593914 0)
(-0.000703922049672 -0.067357502099 0)
(-0.000679326944387 -0.0658057638339 0)
(-0.000652135841702 -0.0640943119953 0)
(-0.000622323494508 -0.0622134201537 0)
(-0.000589895828495 -0.0601526127192 0)
(-0.000554896416511 -0.0579005577545 0)
(-0.000517413806533 -0.0554449392448 0)
(-0.00047758977878 -0.0527723050872 0)
(-0.000435628601247 -0.0498678864483 0)
(-0.000391807335107 -0.0467153834105 0)
(-0.000346487206644 -0.0432967109792 0)
(-0.000300126003614 -0.0395916985273 0)
(-0.000253291367131 -0.0355777347816 0)
(-0.000206674747174 -0.0312293505165 0)
(-0.000161105787449 -0.0265177390293 0)
(-0.000117567735498 -0.0214102712696 0)
(-7.72201093178e-05 -0.0158704127826 0)
(-4.14571448446e-05 -0.0098605357652 0)
(-1.19592884773e-05 -0.00336230992262 0)
(0.000685948498994 -0.0469373595223 0)
(0.000701757179634 -0.0476827316906 0)
(0.000704295491509 -0.0484657274889 0)
(0.000697642777814 -0.0492674060728 0)
(0.000685337254897 -0.0500777706915 0)
(0.000669479825088 -0.0508922756343 0)
(0.000651391701869 -0.0517088570186 0)
(0.000631899568405 -0.0525264622087 0)
(0.000611518766643 -0.0533444357059 0)
(0.000590574216691 -0.0541622740475 0)
(0.000569274837463 -0.0549795237576 0)
(0.000547757904427 -0.0557957352529 0)
(0.000526115558467 -0.0566104402412 0)
(0.000504410943143 -0.0574231397855 0)
(0.000482688255807 -0.0582332974996 0)
(0.000460979151483 -0.0590403352812 0)
(0.00043930690968 -0.059843630298 0)
(0.000417689198526 -0.0606425125654 0)
(0.000396139942486 -0.0614362627595 0)
(0.000374670608186 -0.0622241100735 0)
(0.00035329110787 -0.0630052300077 0)
(0.000332010448903 -0.0637787420413 0)
(0.000310837213127 -0.0645437071572 0)
(0.000289779921592 -0.0652991252037 0)
(0.000268847322324 -0.0660439320803 0)
(0.000248048627214 -0.0667769967423 0)
(0.000227393716523 -0.0674971180128 0)
(0.000206893324176 -0.0682030211972 0)
(0.000186559213116 -0.0688933544958 0)
(0.000166404347382 -0.0695666852063 0)
(0.000146443065501 -0.0702214957138 0)
(0.000126691258492 -0.0708561792649 0)
(0.00010716655503 -0.0714690355241 0)
(8.78885160826e-05 -0.0720582659068 0)
(6.88788416528e-05 -0.0726219686906 0)
(5.01615937681e-05 -0.073158133903 0)
(3.17634429677e-05 -0.0736646379865 0)
(1.3713951721e-05 -0.0741392382529 0)
(-3.95407861931e-06 -0.074579567146 0)
(-2.12041546094e-05 -0.0749831263595 0)
(-3.79955199684e-05 -0.0753472809352 0)
(-5.42824563221e-05 -0.0756692544303 0)
(-7.00126044367e-05 -0.0759461244537 0)
(-8.51354206797e-05 -0.0761747741726 0)
(-9.96436623042e-05 -0.0763518116088 0)
(-0.0001134555622 -0.0764738543497 0)
(-0.000126279994182 -0.0765346510794 0)
(-0.000141561924353 -0.0765381829069 0)
(-0.000152316949782 -0.0764773195832 0)
(-0.000162469464064 -0.0763413186627 0)
(-0.000171752893162 -0.0761307956354 0)
(-0.000180025310071 -0.0758409727893 0)
(-0.000187172514108 -0.0754668298522 0)
(-0.000193100890333 -0.0750031785968 0)
(-0.000197726103498 -0.0744445912936 0)
(-0.000200969492808 -0.0737853651926 0)
(-0.000202757579579 -0.0730194966957 0)
(-0.000203022944873 -0.0721406562064 0)
(-0.000201705871443 -0.0711421604265 0)
(-0.00019875653843 -0.0700169404393 0)
(-0.000194137699675 -0.0687575042469 0)
(-0.000187827835052 -0.0673558924039 0)
(-0.00017982479133 -0.0658036252395 0)
(-0.000170149943343 -0.0640916399213 0)
(-0.000158852914347 -0.0622102153362 0)
(-0.000146016899175 -0.0601488824284 0)
(-0.000131764635252 -0.0578963172481 0)
(-0.000116265064038 -0.0554402135085 0)
(-9.97407168134e-05 -0.0527671309309 0)
(-8.247584045e-05 -0.0498623150497 0)
(-6.48252458472e-05 -0.0467094834246 0)
(-4.72238072866e-05 -0.0432905723801 0)
(-3.01964566035e-05 -0.0395854374051 0)
(-1.43683909639e-05 -0.0355714993983 0)
(-4.75025418052e-07 -0.0312233290057 0)
(1.06291157712e-05 -0.0265121690745 0)
(1.7964328462e-05 -0.0214054511156 0)
(2.04289680133e-05 -0.0158667059431 0)
(1.68602313459e-05 -0.00985831482703 0)
(6.62615463941e-06 -0.00336155817564 0)
(0.00161640366813 -0.0469965816332 0)
(0.00163337974962 -0.0477320254763 0)
(0.00163999463106 -0.0484997330641 0)
(0.00163620188592 -0.0492887097674 0)
(0.00162402291969 -0.0500905704385 0)
(0.00160599233274 -0.0508996850347 0)
(0.00158400441113 -0.0517128382506 0)
(0.00155935370094 -0.0525282014989 0)
(0.00153291359552 -0.0533446567733 0)
(0.00150527172558 -0.0541614310076 0)
(0.0014768250578 -0.0549779108901 0)
(0.00144784429697 -0.0557935492488 0)
(0.00141851636009 -0.0566078163328 0)
(0.00138897211628 -0.0574201733441 0)
(0.00135930455439 -0.0582300573242 0)
(0.00132958079253 -0.0590368719988 0)
(0.00129985011128 -0.0598399818079 0)
(0.00127014939417 -0.0606387076484 0)
(0.00124050685896 -0.0614323235173 0)
(0.00121094464993 -0.0622200536036 0)
(0.00118148066411 -0.0630010695677 0)
(0.00115212985626 -0.063774487869 0)
(0.00112290518531 -0.0645393670568 0)
(0.00109381831143 -0.065294704972 0)
(0.00106488011905 -0.0660394358229 0)
(0.00103610111814 -0.066772427111 0)
(0.00100749176148 -0.0674924763875 0)
(0.000979062704328 -0.0681983078255 0)
(0.000950825025355 -0.0688885686021 0)
(0.000922790422093 -0.0695618250765 0)
(0.000894971390047 -0.0702165587625 0)
(0.000867381391852 -0.0708511620896 0)
(0.000840035021029 -0.0714639339479 0)
(0.00081294816391 -0.0720530750148 0)
(0.000786138162828 -0.07261668286 0)
(0.00075962398433 -0.0731527468282 0)
(0.00073342639763 -0.0736591427004 0)
(0.000707568170724 -0.0741336271412 0)
(0.000682074293098 -0.0745738319499 0)
(0.000656972208866 -0.0749772581482 0)
(0.000632291917984 -0.0753412699875 0)
(0.000608065632211 -0.0756630895863 0)
(0.000584324942812 -0.0759397899443 0)
(0.000561076556234 -0.07616824666 0)
(0.000538284594298 -0.0763450696453 0)
(0.000516040730522 -0.076466780325 0)
(0.00049379598424 -0.076528305658 0)
(0.000474020572616 -0.07653131689 0)
(0.000452737185994 -0.0764696517177 0)
(0.000433220372144 -0.0763335236821 0)
(0.000414692631189 -0.0761227911218 0)
(0.000397017588527 -0.0758327194089 0)
(0.000380216261309 -0.0754583107936 0)
(0.000364329926183 -0.074994382729 0)
(0.000349399067107 -0.0744355097807 0)
(0.000335459202616 -0.0737759909042 0)
(0.000322539072814 -0.0730098242592 0)
(0.000310658924853 -0.0721306822695 0)
(0.000299828521064 -0.0711318840288 0)
(0.000290044793502 -0.0700063634685 0)
(0.00028128911902 -0.0687466319781 0)
(0.000273524193785 -0.067344734132 0)
(0.000266690483294 -0.0657921950169 0)
(0.00026070222085 -0.0640799574213 0)
(0.000255442926161 -0.0621983068649 0)
(0.000250760416565 -0.0601367821165 0)
(0.000246461287704 -0.0578840684599 0)
(0.000242304849712 -0.055427870518 0)
(0.000237996522171 -0.0527547609279 0)
(0.000233180719994 -0.0498500005587 0)
(0.000227433308995 -0.0466973252494 0)
(0.000220253781989 -0.0432786932221 0)
(0.000211057413731 -0.0395739863631 0)
(0.000199167812879 -0.0355606576266 0)
(0.000183810553456 -0.0312133168892 0)
(0.00016410921376 -0.0265032552506 0)
(0.000139087827809 -0.0213979627951 0)
(0.000107699032611 -0.0158610334921 0)
(6.8999403372e-05 -0.00985486488642 0)
(2.3252937666e-05 -0.0033604867557 0)
(0.00254583068579 -0.047041766969 0)
(0.00256178380895 -0.0477715716031 0)
(0.00256752974149 -0.0485293949219 0)
(0.00256384919382 -0.0493075996433 0)
(0.0025515195692 -0.0501001629985 0)
(0.0025320790115 -0.050902320448 0)
(0.00250724207809 -0.0517105429276 0)
(0.00247852722564 -0.0525224493521 0)
(0.00244705761844 -0.053336462614 0)
(0.00241363943383 -0.054151485119 0)
(0.00237884774175 -0.0549666855868 0)
(0.00234309297761 -0.0557813721109 0)
(0.00230666940732 -0.056594918295 0)
(0.00226978956775 -0.0574067199659 0)
(0.00223260840791 -0.0582161692351 0)
(0.00219524012109 -0.0590226384284 0)
(0.00215776988498 -0.0598254696736 0)
(0.00212026208195 -0.0606239677513 0)
(0.00208276609128 -0.0614173948218 0)
(0.00204532040453 -0.0622049662266 0)
(0.0020079555782 -0.0629858468862 0)
(0.00197069637289 -0.0637591480242 0)
(0.00193356331716 -0.0645239240441 0)
(0.0018965738605 -0.0652791694452 0)
(0.00185974323158 -0.0660238156974 0)
(0.00182308508499 -0.066756728024 0)
(0.00178661199667 -0.0674767020536 0)
(0.00175033585095 -0.068182460315 0)
(0.00171426815002 -0.0688726485615 0)
(0.00167842026752 -0.0695458319055 0)
(0.00164280366164 -0.070200490758 0)
(0.00160743005824 -0.0708350165651 0)
(0.00157231161175 -0.0714477073357 0)
(0.00153746104924 -0.0720367629538 0)
(0.00150289180188 -0.072600280275 0)
(0.00146861812726 -0.073136248002 0)
(0.00143465522557 -0.0736425413393 0)
(0.00140101934989 -0.074116916433 0)
(0.00136772789883 -0.0745570046052 0)
(0.00133479941575 -0.074960306388 0)
(0.00130225322199 -0.0753241853652 0)
(0.00127010807286 -0.0756458619146 0)
(0.0012383762249 -0.0759224027415 0)
(0.00120703471947 -0.0761506775433 0)
(0.00117603151304 -0.0763273236697 0)
(0.00114550042014 -0.0764488202959 0)
(0.00111531885717 -0.0765109916688 0)
(0.00108833841711 -0.0765135266788 0)
(0.00105744344853 -0.0764507382628 0)
(0.00102870876593 -0.0763147843703 0)
(0.00100096395167 -0.0761039512818 0)
(0.00097389636388 -0.0758137043966 0)
(0.000947447983391 -0.0754391012969 0)
(0.000921609769107 -0.0749749736807 0)
(0.000896378671939 -0.0744159015491 0)
(0.000871747128999 -0.0737561873876 0)
(0.000847699170779 -0.0729898325732 0)
(0.000824207906207 -0.0721105129142 0)
(0.00080123318539 -0.0711115512575 0)
(0.000778719102993 -0.0699858857778 0)
(0.000756591226201 -0.0687260326973 0)
(0.000734753495135 -0.0673240421128 0)
(0.000713084764307 -0.065771445435 0)
(0.000691434961634 -0.0640591927061 0)
(0.000669620847097 -0.0621775777831 0)
(0.000647421359529 -0.0601161490395 0)
(0.000624572550127 -0.0578636028543 0)
(0.000600762117308 -0.0554076567102 0)
(0.000575623583161 -0.0527348982077 0)
(0.000548730191363 -0.0498306057077 0)
(0.000519588666646 -0.0466785356069 0)
(0.000487633065732 -0.043260670444 0)
(0.000452219080547 -0.0395569210816 0)
(0.000412619349673 -0.0355447752983 0)
(0.000368020676364 -0.0311988852024 0)
(0.000317525016286 -0.0264905934501 0)
(0.000260160611554 -0.0213874524077 0)
(0.00019493608482 -0.0158531237693 0)
(0.000121131520028 -0.00985003579603 0)
(3.98863801599e-05 -0.0033590375828 0)
(0.00346031419364 -0.0470831217492 0)
(0.00347701819577 -0.0478054023992 0)
(0.00348280827837 -0.0485539715046 0)
(0.00347853728014 -0.0493226120861 0)
(0.00346562060004 -0.0501062627375 0)
(0.00344518139182 -0.0509008170814 0)
(0.00341848418411 -0.0517030389554 0)
(0.0033868427166 -0.0525104090114 0)
(0.00335148110468 -0.0533210372043 0)
(0.00331335546063 -0.0541335336652 0)
(0.00327318843276 -0.0549468370335 0)
(0.00323152139085 -0.0557600850914 0)
(0.00318875899333 -0.056572528402 0)
(0.00314520415199 -0.0573834745456 0)
(0.00310108457294 -0.05819225225 0)
(0.00305657250911 -0.0589981880453 0)
(0.00301179928743 -0.0598005906984 0)
(0.0029668659315 -0.060598740451 0)
(0.00292185092332 -0.061391881209 0)
(0.00287681589406 -0.0621792145502 0)
(0.00283180982012 -0.0629598948609 0)
(0.00278687213338 -0.0637330251773 0)
(0.00274203503565 -0.0644976534468 0)
(0.00269732522718 -0.065252769009 0)
(0.00265276520399 -0.0659972991591 0)
(0.00260837423834 -0.0667301057043 0)
(0.00256416912686 -0.0674499814471 0)
(0.00252016476738 -0.0681556465553 0)
(0.0024763746088 -0.0688457447911 0)
(0.00243281100599 -0.0695188395744 0)
(0.00238948550228 -0.070173409869 0)
(0.00234640905589 -0.0708078458784 0)
(0.00230359222194 -0.0714204445446 0)
(0.00226104529839 -0.0720094048384 0)
(0.00221877844158 -0.0725728228406 0)
(0.0021768017552 -0.0731086866058 0)
(0.00213512535319 -0.0736148708089 0)
(0.00209375938937 -0.0740891311739 0)
(0.00205271402137 -0.074529098684 0)
(0.00201199918517 -0.0749322735459 0)
(0.00197162383518 -0.0752960188143 0)
(0.00193159387058 -0.0756175532431 0)
(0.00189190509448 -0.0758939384424 0)
(0.00185252158683 -0.076122043996 0)
(0.00181340871972 -0.0762985476985 0)
(0.0017747181746 -0.0764199870673 0)
(0.00173664991255 -0.0764826194657 0)
(0.0017006672197 -0.0764845449254 0)
(0.00166150210169 -0.0764208108459 0)
(0.00162379246284 -0.0762850547974 0)
(0.00158688678857 -0.076074183984 0)
(0.00155045001483 -0.075783821627 0)
(0.0015143708667 -0.075409086602 0)
(0.00147859466074 -0.0749448293059 0)
(0.00144307589817 -0.0743856376327 0)
(0.0014077642653 -0.0737258192837 0)
(0.00137259922588 -0.072959380292 0)
(0.00133750684237 -0.0720800012297 0)
(0.00130239713104 -0.0710810100883 0)
(0.001267161426 -0.0699553507188 0)
(0.00123166956447 -0.0686955456661 0)
(0.00119576681521 -0.0672936521041 0)
(0.001159270513 -0.0657412093914 0)
(0.00112196637946 -0.0640291765224 0)
(0.00108360452309 -0.0621478574683 0)
(0.00104389512278 -0.0600868120675 0)
(0.00100250381519 -0.0578347497452 0)
(0.000959046829156 -0.0553794028928 0)
(0.0009130859441 -0.0527073762313 0)
(0.000864123400001 -0.04980396789 0)
(0.0008115969602 -0.0466529572357 0)
(0.000754875436033 -0.0432363536879 0)
(0.000693255136858 -0.0395340998255 0)
(0.000625957940208 -0.0355237211954 0)
(0.00055213209921 -0.0311799153295 0)
(0.000470858201008 -0.0264740799523 0)
(0.000381169104696 -0.0213738336894 0)
(0.000282130128394 -0.0158429113995 0)
(0.000173241959737 -0.00984378913723 0)
(5.65177607397e-05 -0.00335720246132 0)
(0.00435933757405 -0.0471225464274 0)
(0.00437649050743 -0.0478360274912 0)
(0.00438286112332 -0.0485748778534 0)
(0.00437877007714 -0.0493338889395 0)
(0.00436553470616 -0.0501085668969 0)
(0.00434439602531 -0.0508952098881 0)
(0.0043164680482 -0.051690743137 0)
(0.0042828330407 -0.0524926964991 0)
(0.00424460486841 -0.0532990662885 0)
(0.00420280115182 -0.0541082519179 0)
(0.00415824277772 -0.0549189879598 0)
(0.00411157562191 -0.0557302410736 0)
(0.00406330348569 -0.0565411265031 0)
(0.00401381791141 -0.0573508478469 0)
(0.00396342305668 -0.0581586550513 0)
(0.00391235567353 -0.0589638153185 0)
(0.00386080075343 -0.0597655927904 0)
(0.00380890357899 -0.0605632340663 0)
(0.00375677893328 -0.0613559575321 0)
(0.00370451812789 -0.0621429452186 0)
(0.00365219436996 -0.0629233363697 0)
(0.00359986685642 -0.0636962221608 0)
(0.00354758389047 -0.0644606411544 0)
(0.00349538525246 -0.0652155751951 0)
(0.00344330400703 -0.0659599455388 0)
(0.00339136788632 -0.0666926090854 0)
(0.00333960035444 -0.0674123546177 0)
(0.00328802143131 -0.0681178989861 0)
(0.00323664833304 -0.0688078831972 0)
(0.00318549597105 -0.0694808683695 0)
(0.0031345773408 -0.0701353315392 0)
(0.00308390382255 -0.0707696612953 0)
(0.00303348541055 -0.0713821532325 0)
(0.00298333088268 -0.0719710052096 0)
(0.00293344791809 -0.0725343124051 0)
(0.00288384316746 -0.0730700621644 0)
(0.00283452227428 -0.0735761286319 0)
(0.0027854898334 -0.074050267165 0)
(0.00273674923816 -0.0744901085148 0)
(0.00268830226765 -0.0748931527137 0)
(0.00264014807236 -0.0752567624922 0)
(0.00259228084201 -0.0755781554911 0)
(0.00254468362496 -0.0758543910462 0)
(0.00249731872609 -0.0760823460409 0)
(0.00245017922943 -0.0762587350285 0)
(0.00240339033816 -0.0763801440158 0)
(0.00235708838248 -0.0764429823861 0)
(0.00231186202158 -0.076444455642 0)
(0.00226479325416 -0.0763800803405 0)
(0.00221829743832 -0.0762443688184 0)
(0.00217229670455 -0.0760334871435 0)
(0.00212652453772 -0.0757430617555 0)
(0.00208083943158 -0.0753682557355 0)
(0.00203514661962 -0.0749039382656 0)
(0.00198935969842 -0.0743447067056 0)
(0.00194338613882 -0.0736848754311 0)
(0.00189712107887 -0.0729184564987 0)
(0.00185044368028 -0.0720391365958 0)
(0.00180321423848 -0.0710402502373 0)
(0.00175527142918 -0.0699147483775 0)
(0.00170642945962 -0.0686551613702 0)
(0.00165647502934 -0.0672535550183 0)
(0.0016051640599 -0.0657014782504 0)
(0.00155221817945 -0.0639899007098 0)
(0.00149732096539 -0.0621091382567 0)
(0.00144011396591 -0.0600487640536 0)
(0.00138019254213 -0.0577975025205 0)
(0.0013171016026 -0.055343103004 0)
(0.00125033134385 -0.0526721894989 0)
(0.00117931317201 -0.0497700821755 0)
(0.00110341606774 -0.0466205857752 0)
(0.00102194378274 -0.0432057391533 0)
(0.000934133434155 -0.0395055193303 0)
(0.000839156331784 -0.035497492546 0)
(0.00073612237744 -0.0311564049199 0)
(0.000624091015327 -0.0264537127208 0)
(0.000502100029228 -0.0213571048385 0)
(0.000369271254309 -0.0158303951466 0)
(0.000225318676764 -0.00983612196256 0)
(7.31404292382e-05 -0.00335492793373 0)
(0.00524489988469 -0.0471592437485 0)
(0.00526134050515 -0.0478636574621 0)
(0.0052678293448 -0.0485925943834 0)
(0.0052640533979 -0.0493417740571 0)
(0.00525091522938 -0.0501072342817 0)
(0.00522948206426 -0.0508855647616 0)
(0.00520080176399 -0.0516738769963 0)
(0.00516585049295 -0.0524697274763 0)
(0.00512557312985 -0.0532710801055 0)
(0.00508097065924 -0.0540762172866 0)
(0.0050329126954 -0.0548837140955 0)
(0.00498211350311 -0.0556923840657 0)
(0.00492915291357 -0.0565012093796 0)
(0.00487449859859 -0.057309283587 0)
(0.00481852622623 -0.0581157682376 0)
(0.00476153701266 -0.058919860804 0)
(0.00470377248489 -0.0597207710423 0)
(0.00464542656776 -0.0605177033488 0)
(0.00458665534635 -0.0613098432905 0)
(0.00452758491075 -0.0620963472073 0)
(0.00446831761078 -0.0628763340878 0)
(0.0044089369851 -0.0636488790399 0)
(0.00434951160917 -0.0644130078085 0)
(0.00429009808711 -0.0651676919533 0)
(0.00423074337824 -0.0659118444293 0)
(0.00417148661007 -0.0666443153958 0)
(0.00411236049496 -0.0673638881306 0)
(0.00405339243923 -0.0680692749626 0)
(0.00399460541156 -0.0687591131675 0)
(0.00393601862151 -0.0694319607756 0)
(0.00387764804596 -0.0700862922642 0)
(0.00381950683223 -0.0707204941073 0)
(0.00376160559898 -0.0713328601649 0)
(0.00370395265052 -0.071921586892 0)
(0.0036465541147 -0.0724847683601 0)
(0.00358941400969 -0.0730203910771 0)
(0.00353253423715 -0.0735263285996 0)
(0.00347591448337 -0.0740003359262 0)
(0.0034195519725 -0.0744400436461 0)
(0.00336344092745 -0.0748429517592 0)
(0.00330757147116 -0.0752064229534 0)
(0.00325192751919 -0.0755276745818 0)
(0.00319648276199 -0.07580376667 0)
(0.00314120124154 -0.0760315878069 0)
(0.00308608799323 -0.0762078785582 0)
(0.00303121509148 -0.0763292419112 0)
(0.002976606867 -0.0763921404913 0)
(0.00292247312661 -0.0763933034019 0)
(0.00286724896147 -0.0763284917035 0)
(0.00281206271547 -0.0761927475324 0)
(0.00275703189551 -0.0759818682832 0)
(0.00270196617399 -0.0756914267655 0)
(0.00264670782541 -0.0753166088128 0)
(0.00259112708796 -0.0748523000082 0)
(0.00253509836294 -0.0742931079632 0)
(0.00247848756778 -0.0736333549473 0)
(0.00242114583155 -0.0728670603226 0)
(0.00236290560791 -0.0719879182101 0)
(0.00230357761659 -0.0709892710106 0)
(0.00224294800142 -0.0698640781997 0)
(0.00218077545973 -0.0686048794206 0)
(0.00211678824105 -0.0672037506522 0)
(0.00205068097554 -0.0656522520118 0)
(0.00198211132423 -0.0639413654843 0)
(0.00191069646598 -0.0620614205907 0)
(0.00183600945806 -0.0600020056726 0)
(0.00175757553388 -0.0577518620892 0)
(0.00167486843794 -0.0552987581839 0)
(0.00158730694824 -0.0526293393727 0)
(0.00149425180859 -0.0497289501314 0)
(0.00139500339401 -0.0465814229711 0)
(0.00128880057621 -0.0431688287244 0)
(0.00117482145925 -0.0394711815618 0)
(0.00105218696077 -0.0354660913164 0)
(0.000919968805348 -0.0311283558263 0)
(0.000777205482661 -0.0264294933445 0)
(0.000622939883813 -0.0213372670496 0)
(0.000456349664329 -0.0158155758042 0)
(0.000277356226793 -0.0098270306905 0)
(8.9749560313e-05 -0.00335216492952 0)
(0.00611856718732 -0.0471917446147 0)
(0.0061331849329 -0.047887426084 0)
(0.00613896010454 -0.0486066846924 0)
(0.00613509265359 -0.0493460739062 0)
(0.00612202826393 -0.0501021825779 0)
(0.00610052413686 -0.0508719163133 0)
(0.00607144863616 -0.051652553531 0)
(0.00603567738689 -0.0524417315403 0)
(0.0059940267686 -0.0532374200716 0)
(0.00594733270521 -0.054037851813 0)
(0.00589652331341 -0.0548414788862 0)
(0.00584235761635 -0.0556469856733 0)
(0.00578546523663 -0.0564532335837 0)
(0.00572637040903 -0.0572592090972 0)
(0.00566550809878 -0.0580639825829 0)
(0.00560323764296 -0.0588666760363 0)
(0.00553985487424 -0.0596664381409 0)
(0.00547560273846 -0.0604624243867 0)
(0.00541068055809 -0.0612537811202 0)
(0.00534525203434 -0.0620396331186 0)
(0.00527945195571 -0.0628190739468 0)
(0.00521339165891 -0.0635911582289 0)
(0.00514716340542 -0.0643548951817 0)
(0.00508084387177 -0.0651092429925 0)
(0.00501449693048 -0.0658531037592 0)
(0.00494817586558 -0.0665853187926 0)
(0.00488192513737 -0.0673046641284 0)
(0.00481578178636 -0.0680098461455 0)
(0.00474977654644 -0.068699497215 0)
(0.00468393472267 -0.0693721713176 0)
(0.00461827687648 -0.0700263395885 0)
(0.00455281935156 -0.0706603857551 0)
(0.00448757466576 -0.0712726014403 0)
(0.00442255178781 -0.0718611813064 0)
(0.00435775631114 -0.0724242180279 0)
(0.00429319053162 -0.0729596970744 0)
(0.00422885342646 -0.0734654912943 0)
(0.00416474051495 -0.0739393552826 0)
(0.0041008435478 -0.0743789194971 0)
(0.00403714991064 -0.0747816840349 0)
(0.00397364159005 -0.0751450118658 0)
(0.00391029358244 -0.075466120945 0)
(0.00384707214953 -0.0757420740885 0)
(0.00378394072363 -0.0759697714847 0)
(0.00372089629373 -0.0761459685156 0)
(0.00365795427742 -0.0762672710636 0)
(0.00359508269376 -0.0763301539996 0)
(0.00353229595946 -0.0763311049446 0)
(0.00346876239257 -0.0762660018247 0)
(0.00340493250817 -0.0761301996802 0)
(0.00334093347638 -0.0759193359693 0)
(0.00327662234859 -0.0756289214394 0)
(0.00321183078506 -0.0752541488531 0)
(0.00314639787447 -0.0747899167837 0)
(0.00308016044599 -0.0742308432916 0)
(0.00301294357569 -0.0735712595397 0)
(0.00294455475071 -0.0728051933937 0)
(0.00287477994731 -0.0719263476887 0)
(0.00280338048326 -0.0709280740558 0)
(0.00273009011983 -0.0698033418995 0)
(0.00265461218355 -0.0685447016248 0)
(0.00257661660993 -0.0671442409293 0)
(0.00249573687431 -0.0655935327322 0)
(0.00241156681028 -0.0638835730487 0)
(0.00232365734252 -0.0620047068279 0)
(0.00223151318749 -0.059946539441 0)
(0.00213458960742 -0.0576978311263 0)
(0.00203228934563 -0.0552463712595 0)
(0.00192395993029 -0.0525788288188 0)
(0.00180889161595 -0.0496805748416 0)
(0.00168631634693 -0.0465354719935 0)
(0.00155540828832 -0.0431256256123 0)
(0.00141528669828 -0.0394310897081 0)
(0.00126502225955 -0.0354295205829 0)
(0.00110364866703 -0.0310957708909 0)
(0.00093018360111 -0.0264014242696 0)
(0.000743675121045 -0.0213143222018 0)
(0.000543355784238 -0.0157984543331 0)
(0.000329350210919 -0.00981651207327 0)
(0.000106344015891 -0.00334890531314 0)
(0.00698116596433 -0.0472186157074 0)
(0.00699317420384 -0.0479061729101 0)
(0.00699745636667 -0.0486162742088 0)
(0.00699290719943 -0.0493461804113 0)
(0.00697959789692 -0.0500930162156 0)
(0.00695796197398 -0.0508540361146 0)
(0.00692863110019 -0.0516267208351 0)
(0.00689232494898 -0.0524088083601 0)
(0.00684977759172 -0.0531982918778 0)
(0.00680165863588 -0.0539934237475 0)
(0.00674871639878 -0.0547926126679 0)
(0.00669182653543 -0.0555944152031 0)
(0.00663166293363 -0.0563975833985 0)
(0.00656878797224 -0.0572010047394 0)
(0.00650368006899 -0.0580036614718 0)
(0.00643674585402 -0.0588045994275 0)
(0.00636832893418 -0.0596029038306 0)
(0.00629871772899 -0.0603976774646 0)
(0.00622815339069 -0.0611880226387 0)
(0.00615683741806 -0.0619730275142 0)
(0.00608493832233 -0.0627517554876 0)
(0.00601259718833 -0.0635232364653 0)
(0.00593993226175 -0.0642864594462 0)
(0.00586704272596 -0.0650403660759 0)
(0.00579401180218 -0.0657838449024 0)
(0.00572090928453 -0.0665157261141 0)
(0.00564779360542 -0.0672347765942 0)
(0.00557471351004 -0.0679396951697 0)
(0.00550170940501 -0.0686291079686 0)
(0.00542881443562 -0.0693015638074 0)
(0.00535605533592 -0.0699555295575 0)
(0.00528345308694 -0.0705893854434 0)
(0.00521102341076 -0.071201420238 0)
(0.00513877712129 -0.0717898263244 0)
(0.00506672034581 -0.0723526946044 0)
(0.00499485462527 -0.0728880092331 0)
(0.00492317689177 -0.0733936421649 0)
(0.00485167930651 -0.0738673474906 0)
(0.00478034891619 -0.0743067555246 0)
(0.00470916705707 -0.0747093665635 0)
(0.00463810847052 -0.0750725441603 0)
(0.00456714026506 -0.0753935075797 0)
(0.00449622176155 -0.075669323388 0)
(0.0044253114802 -0.0758969011524 0)
(0.00435438805662 -0.0760730036462 0)
(0.00428342282417 -0.0761942374067 0)
(0.0042123567199 -0.0762570726257 0)
(0.0041411048951 -0.0762578737773 0)
(0.00406919470701 -0.0761925785886 0)
(0.00399675344483 -0.0760567274513 0)
(0.00392384510849 -0.0758458977988 0)
(0.00385034186432 -0.0755555515747 0)
(0.00377606389702 -0.0751808802065 0)
(0.00370082140545 -0.0747167921587 0)
(0.00362441499913 -0.0741579158285 0)
(0.00354662960842 -0.0734985921011 0)
(0.00346722947131 -0.0727328584667 0)
(0.00338595434553 -0.0718544277185 0)
(0.00330251634518 -0.0708566620427 0)
(0.00321659701906 -0.0697325421681 0)
(0.00312784448011 -0.0684746307269 0)
(0.0030358705017 -0.0670750286704 0)
(0.00294024755533 -0.0655253233283 0)
(0.0028405057997 -0.0638165264299 0)
(0.00273613006117 -0.0619390001148 0)
(0.00262655687561 -0.0598823686295 0)
(0.0025111716989 -0.057635413026 0)
(0.00238930644253 -0.055185945742 0)
(0.00226023755767 -0.052520661452 0)
(0.00212318498391 -0.0496249600029 0)
(0.00197731240753 -0.0464827365885 0)
(0.00182172945363 -0.0430761335658 0)
(0.00165549668956 -0.0393852474558 0)
(0.00147763470123 -0.0353877838792 0)
(0.00128713927328 -0.0310586533697 0)
(0.00108300737512 -0.0263695083064 0)
(0.000864292191622 -0.021288272439 0)
(0.00063028021986 -0.0157790316491 0)
(0.000381296335478 -0.00980456348525 0)
(0.000122923658923 -0.00334514726919 0)
(0.00783299900576 -0.0472386913794 0)
(0.00784194259119 -0.0479188062479 0)
(0.00784415700597 -0.0486203990017 0)
(0.00783837641675 -0.0493413062072 0)
(0.00782440762197 -0.0500791385145 0)
(0.00780240956275 -0.0508315060791 0)
(0.00777277656716 -0.0515961229034 0)
(0.00773604533053 -0.0523708627422 0)
(0.00769282387333 -0.0531537811163 0)
(0.00764373313309 -0.0539431194349 0)
(0.00758931779078 -0.054737328456 0)
(0.00753025496698 -0.0555349347948 0)
(0.00746737948341 -0.056334557923 0)
(0.00740129987772 -0.057134988012 0)
(0.0073325265037 -0.0579351237594 0)
(0.00726150152748 -0.0587339392308 0)
(0.00718860717477 -0.0595304593815 0)
(0.0071141703581 -0.0603237336344 0)
(0.00703846945649 -0.0611128170874 0)
(0.00696174136511 -0.0618967574029 0)
(0.00688418754072 -0.0626745839495 0)
(0.00680597911597 -0.0634452982647 0)
(0.00672726131178 -0.0642078657715 0)
(0.00664815723551 -0.0649612085647 0)
(0.00656877111394 -0.0657041989961 0)
(0.00648919101876 -0.0664356538321 0)
(0.00640949114517 -0.067154328819 0)
(0.00632973369942 -0.0678589135298 0)
(0.00624997044628 -0.0685480263974 0)
(0.00617024396433 -0.0692202098437 0)
(0.00609058864996 -0.0698739254402 0)
(0.00601103150436 -0.0705075490446 0)
(0.00593159273098 -0.0711193658684 0)
(0.00585228616422 -0.071707565438 0)
(0.00577311954458 -0.0722702364254 0)
(0.00569409464895 -0.0728053613221 0)
(0.0056152072768 -0.0733108109381 0)
(0.00553644708057 -0.0737843387024 0)
(0.00545779721438 -0.0742235747261 0)
(0.00537923377396 -0.074626019564 0)
(0.00530072507685 -0.0749890375769 0)
(0.00522223104992 -0.0753098497762 0)
(0.00514370384985 -0.075585526643 0)
(0.00506509369068 -0.0758129847766 0)
(0.0049863585488 -0.075988990824 0)
(0.00490743904391 -0.0761101518969 0)
(0.00482825403459 -0.0761729286112 0)
(0.004748671559 -0.0761736229577 0)
(0.00466838695445 -0.0761082069246 0)
(0.00458737088132 -0.075972331751 0)
(0.00450561220797 -0.0757615606015 0)
(0.0044229748874 -0.0754713235796 0)
(0.00433926371275 -0.0750968082035 0)
(0.00425426085209 -0.0746329307156 0)
(0.0041677316901 -0.0740743296862 0)
(0.00407942164201 -0.0734153564453 0)
(0.00398905209406 -0.0726500591657 0)
(0.00389631686326 -0.0717721618087 0)
(0.00380087907848 -0.0707750384208 0)
(0.00370236826484 -0.069651682438 0)
(0.00360037749562 -0.0683946701759 0)
(0.00349446054916 -0.0669961173685 0)
(0.00338412905779 -0.0654476273581 0)
(0.00326884967037 -0.0637402292664 0)
(0.00314804128194 -0.061864304181 0)
(0.00302107241765 -0.0598094970644 0)
(0.00288725890003 -0.0575646117109 0)
(0.00274586198429 -0.0551174856444 0)
(0.00259608722121 -0.0524548413623 0)
(0.00243708441077 -0.0495621097604 0)
(0.00226794915136 -0.0464232209237 0)
(0.00208772668775 -0.0430203567285 0)
(0.0018954190389 -0.0393336588588 0)
(0.00168999681221 -0.0353408850787 0)
(0.00147041797171 -0.0310170068289 0)
(0.00123565882554 -0.0263337485392 0)
(0.000984777561268 -0.0212591200943 0)
(0.000717113702111 -0.0157573086749 0)
(0.000433190249046 -0.00979118296701 0)
(0.000139488279824 -0.0033408898396 0)
(0.00867407726227 -0.0472511135604 0)
(0.00867976233325 -0.0479244352579 0)
(0.00867955294459 -0.0486181859837 0)
(0.00867212142585 -0.0493306583427 0)
(0.00865710707106 -0.0500598819875 0)
(0.0086344618552 -0.0508038041184 0)
(0.00860437465217 -0.0515603842471 0)
(0.00856720269637 -0.0523276583971 0)
(0.00852341128811 -0.053103776308 0)
(0.00847352329736 -0.0538870183702 0)
(0.0084180692236 -0.0546758025421 0)
(0.00835748930477 -0.0554687200309 0)
(0.00829240100121 -0.056264373556 0)
(0.00822360836269 -0.0570614109318 0)
(0.00815167495937 -0.0578586349894 0)
(0.00807707499128 -0.0586549621386 0)
(0.00800021951585 -0.0594493665858 0)
(0.00792146368003 -0.0602408447825 0)
(0.00784111579722 -0.0610284024483 0)
(0.00775944369558 -0.061811044419 0)
(0.00767667920112 -0.0625877635164 0)
(0.00759302220865 -0.0633575301736 0)
(0.00750864456479 -0.06411928348 0)
(0.00742369361858 -0.0648719233601 0)
(0.00733829537468 -0.0656143035593 0)
(0.00725255724993 -0.0663452252429 0)
(0.00716657044826 -0.0670634310744 0)
(0.00708041197532 -0.0677675996546 0)
(0.00699414632329 -0.0684563402192 0)
(0.00690782686167 -0.0691281874946 0)
(0.00682149696752 -0.0697815966375 0)
(0.00673519092408 -0.0704149381933 0)
(0.00664893461148 -0.0710264930192 0)
(0.0065627460087 -0.0716144471312 0)
(0.00647663552101 -0.0721768864417 0)
(0.00639060614234 -0.0727117913624 0)
(0.00630465345577 -0.0732170312469 0)
(0.00621876546676 -0.0736903586509 0)
(0.00613292225968 -0.0741294033707 0)
(0.00604709548524 -0.0745316662203 0)
(0.00596124777431 -0.0748945124957 0)
(0.00587533237525 -0.0752151651548 0)
(0.00578929394744 -0.0754906983701 0)
(0.00570307255199 -0.0757180340073 0)
(0.00561660670049 -0.0758939412521 0)
(0.00552981445497 -0.07601502795 0)
(0.00544259399189 -0.0760777458016 0)
(0.005354790629 -0.0760783658102 0)
(0.00526617205264 -0.076012882296 0)
(0.00517662840806 -0.0758770145768 0)
(0.00508608136514 -0.0756663310577 0)
(0.00499437287572 -0.0753762444201 0)
(0.00490128781812 -0.0750019390515 0)
(0.00480658022418 -0.0745383379698 0)
(0.00470998089389 -0.073980089885 0)
(0.00461119626573 -0.0733215572493 0)
(0.00450990525992 -0.072556799931 0)
(0.00440575604141 -0.0716795542406 0)
(0.00429836298831 -0.0706832073712 0)
(0.00418730380715 -0.0695607668365 0)
(0.00407211672098 -0.0683048240824 0)
(0.00395229769446 -0.0669075111462 0)
(0.00382729769855 -0.0653604489794 0)
(0.00369652004921 -0.0636546857683 0)
(0.00355931788792 -0.0617806233008 0)
(0.00341499190834 -0.0597279290902 0)
(0.00326278848042 -0.0574854315962 0)
(0.00310189838451 -0.0550409954468 0)
(0.00293145645132 -0.0523813730816 0)
(0.00275054251722 -0.0494920286762 0)
(0.00255818426006 -0.0463569295592 0)
(0.0023533626967 -0.0429582996117 0)
(0.0021350214272 -0.0392763283141 0)
(0.00190208117818 -0.0352888283726 0)
(0.00165346215149 -0.0309708351267 0)
(0.00138811999521 -0.0262941483104 0)
(0.00110511771705 -0.0212268676848 0)
(0.000803847042119 -0.0157332864074 0)
(0.000485027501903 -0.00977636910243 0)
(0.000156037421047 -0.0033361322691 0)
(0.00950428126257 -0.0472552926727 0)
(0.00950669529667 -0.0479223895799 0)
(0.00950388733164 -0.0486089200507 0)
(0.00949452942122 -0.0493135312795 0)
(0.00947816633048 -0.0500346019508 0)
(0.00945460664233 -0.0507703821321 0)
(0.00942387714727 -0.0515190714047 0)
(0.00938617743183 -0.0522788808485 0)
(0.0093418340337 -0.0530480765236 0)
(0.00929125803875 -0.0538250062226 0)
(0.00923490595961 -0.0546081129465 0)
(0.00917323263951 -0.0553959424873 0)
(0.00910658432117 -0.0561871834616 0)
(0.00903552629405 -0.0569804695681 0)
(0.00896086290807 -0.0577744013967 0)
(0.00888314326794 -0.0585678858394 0)
(0.00880279691625 -0.0593598515337 0)
(0.00872019352826 -0.0601492374198 0)
(0.00863566298846 -0.0609349991087 0)
(0.00854949856559 -0.061716098771 0)
(0.00846195849462 -0.0624914918087 0)
(0.00837326875302 -0.0632601158807 0)
(0.00828362622126 -0.0640208817768 0)
(0.00819320173635 -0.064772665222 0)
(0.00810214294831 -0.0655142993525 0)
(0.00801057693982 -0.0662445678111 0)
(0.0079186125639 -0.0669621983804 0)
(0.0078263424795 -0.0676658570398 0)
(0.00773384489205 -0.0683541423423 0)
(0.00764118502005 -0.0690255800012 0)
(0.00754841630906 -0.0696786176055 0)
(0.00745558141197 -0.070311619392 0)
(0.00736271295236 -0.0709228610151 0)
(0.00726983408548 -0.0715105242662 0)
(0.00717695886924 -0.0720726917101 0)
(0.00708409245441 -0.0726073412053 0)
(0.00699123109932 -0.073112340283 0)
(0.00689836200994 -0.0735854403612 0)
(0.00680546300931 -0.0740242707598 0)
(0.00671250206625 -0.0744263324921 0)
(0.00661943679353 -0.0747889918217 0)
(0.00652621418197 -0.075109473687 0)
(0.00643277122702 -0.0753848556096 0)
(0.00633903719656 -0.0756120635821 0)
(0.00624493324744 -0.0757878689931 0)
(0.00615035925472 -0.075908880701 0)
(0.00605519427723 -0.0759715441191 0)
(0.00595927031854 -0.0759721159012 0)
(0.00586238058016 -0.0759066068054 0)
(0.00576436844901 -0.0757707799056 0)
(0.00566510006585 -0.0755602162536 0)
(0.00556438851665 -0.0752703216822 0)
(0.00546199488599 -0.0748962797984 0)
(0.00535764445084 -0.0744330203343 0)
(0.00525103377453 -0.073875202326 0)
(0.00514183075777 -0.073217200032 0)
(0.00502967221843 -0.0724530860023 0)
(0.00491416096225 -0.0715766100532 0)
(0.00479486286328 -0.0705811737941 0)
(0.00467130402874 -0.0694598001742 0)
(0.00454296803484 -0.0682050972064 0)
(0.00440929322725 -0.0668092147451 0)
(0.00426967010574 -0.0652637929398 0)
(0.00412343884173 -0.0635599007081 0)
(0.0039698870111 -0.0616879622838 0)
(0.00380824766425 -0.0596376695607 0)
(0.0036376979068 -0.0573978775812 0)
(0.00345735823127 -0.0549564800884 0)
(0.00326629293182 -0.0523002615766 0)
(0.00306351205782 -0.0494147217229 0)
(0.00284797553084 -0.046283867441 0)
(0.00261860028463 -0.0428899670886 0)
(0.00237427161649 -0.0392132605568 0)
(0.00211386044887 -0.0352316182663 0)
(0.00183624924733 -0.0309201424104 0)
(0.00154037295325 -0.0262507112197 0)
(0.00122529916856 -0.0211915179221 0)
(0.000890471097119 -0.0157069659645 0)
(0.000536803528476 -0.00976012089008 0)
(0.000172570380745 -0.00333087412611 0)
(0.0103234555692 -0.0472508444315 0)
(0.01032269992 -0.0479121910163 0)
(0.0103172512549 -0.0485920501205 0)
(0.0103058164551 -0.0492893412776 0)
(0.0102878960438 -0.0500027272059 0)
(0.0102632065353 -0.050730720223 0)
(0.0102316551091 -0.0514717425065 0)
(0.0101933126666 -0.0522241804892 0)
(0.0101483823155 -0.0529864282449 0)
(0.0100971667809 -0.0537569190305 0)
(0.0100400368524 -0.054534146125 0)
(0.00997739620248 -0.0553166746668 0)
(0.00990961867772 -0.0561031467186 0)
(0.00983691119864 -0.0568923028552 0)
(0.00975989749505 -0.0576825546822 0)
(0.00967946752988 -0.0584728774976 0)
(0.00959605543914 -0.0592621043885 0)
(0.00951003598853 -0.0600491098974 0)
(0.00942175572671 -0.0608328057921 0)
(0.00933152776036 -0.0616121149536 0)
(0.00923963161896 -0.0623859557149 0)
(0.00914631555324 -0.0631532322891 0)
(0.00905179885309 -0.0639128261481 0)
(0.00895627413382 -0.0646635875447 0)
(0.00885990970515 -0.0654043275448 0)
(0.00876285190304 -0.0661338107165 0)
(0.00866522725299 -0.0668507484023 0)
(0.00856714440774 -0.0675537924589 0)
(0.00846869584949 -0.0682415293533 0)
(0.00836995936123 -0.0689124745045 0)
(0.00827099927102 -0.0695650667869 0)
(0.00817186747375 -0.0701976631177 0)
(0.00807260423628 -0.0708085330702 0)
(0.00797323879474 -0.071395853461 0)
(0.00787378975243 -0.0719577028761 0)
(0.00777426528699 -0.072492056103 0)
(0.00767466317312 -0.0729967784394 0)
(0.00757497062655 -0.0734696198562 0)
(0.00747516398261 -0.0739082089867 0)
(0.0073752082496 -0.0743100469271 0)
(0.00727505664221 -0.0746725008624 0)
(0.00717465030479 -0.0749927976445 0)
(0.00707391862564 -0.075268017812 0)
(0.00697278016479 -0.0754950908223 0)
(0.00687114074262 -0.0756707903444 0)
(0.00676888442914 -0.0757917266811 0)
(0.0066658728414 -0.0758543418673 0)
(0.00656192713575 -0.0758548872352 0)
(0.006456843486 -0.0757893868954 0)
(0.00635043309776 -0.0756536338757 0)
(0.00624251664947 -0.0754432240686 0)
(0.00613287570238 -0.0751535636671 0)
(0.00602124472467 -0.0747798383247 0)
(0.0059073194546 -0.0743169850972 0)
(0.00579076236194 -0.0737596737732 0)
(0.00567120315739 -0.0731022911413 0)
(0.0055482368933 -0.0723389234082 0)
(0.00542142130833 -0.0714633350353 0)
(0.0052902740282 -0.0704689433022 0)
(0.00515426979203 -0.0693487879391 0)
(0.00501283774526 -0.0680954949534 0)
(0.00486535882153 -0.0667012335215 0)
(0.00471116325127 -0.0651576645729 0)
(0.00454952826047 -0.0634558794164 0)
(0.00437967605717 -0.0615863264718 0)
(0.00420077224533 -0.0595387238364 0)
(0.00401192486151 -0.0573019550466 0)
(0.00381218430272 -0.0548639449651 0)
(0.0036005445132 -0.0522115122458 0)
(0.00337594593201 -0.0493301942808 0)
(0.00313728088541 -0.046204039899 0)
(0.00288340236102 -0.0428153643924 0)
(0.00261313745571 -0.0391444606584 0)
(0.00232530734255 -0.0351692595783 0)
(0.00201875674333 -0.0308649331156 0)
(0.00169239979886 -0.0262034411256 0)
(0.00134530844644 -0.0211530737288 0)
(0.000976976744939 -0.0156783486159 0)
(0.000588513637602 -0.00974243761646 0)
(0.000189086179193 -0.00332511572987 0)
(0.0111314558899 -0.0472375286188 0)
(0.0111276959676 -0.0478935108211 0)
(0.0111196533508 -0.0485671679131 0)
(0.0111060873379 -0.049257627093 0)
(0.0110864865492 -0.0499637786681 0)
(0.0110605134209 -0.0506843563136 0)
(0.0110279915989 -0.0514179809899 0)
(0.0109888923392 -0.0521632057781 0)
(0.0109433150537 -0.0529185553522 0)
(0.0108914644816 -0.0536825580087 0)
(0.0108336280856 -0.0544537703424 0)
(0.0107701558205 -0.0552307956911 0)
(0.0107014158549 -0.0560122826426 0)
(0.0106274302326 -0.0567967500933 0)
(0.0105486091876 -0.0575831431407 0)
(0.0104658798564 -0.058370071417 0)
(0.0103797817251 -0.0591562842697 0)
(0.0102907342042 -0.0599406310945 0)
(0.0101991027229 -0.0607219972195 0)
(0.0101052132151 -0.0614992691968 0)
(0.0100093602982 -0.0622713285795 0)
(0.00991181002493 -0.0630370465714 0)
(0.00981280073403 -0.0637952754693 0)
(0.00971254431372 -0.0645448396455 0)
(0.00961122799843 -0.0652845272499 0)
(0.00950901629832 -0.0660130826602 0)
(0.00940605284961 -0.0667291995282 0)
(0.00930246213081 -0.067431514297 0)
(0.0091983510296 -0.0681186000841 0)
(0.00909381024419 -0.0687889608217 0)
(0.00898891549897 -0.0694410255713 0)
(0.00888372855958 -0.0700731429414 0)
(0.00877829804111 -0.0706835755472 0)
(0.00867266001062 -0.0712704944662 0)
(0.00856683838854 -0.0718319736522 0)
(0.00846084515533 -0.0723659842734 0)
(0.00835468037 -0.0728703889489 0)
(0.00824833200877 -0.0733429358567 0)
(0.00814177564189 -0.073781252692 0)
(0.00803497399117 -0.0741828404686 0)
(0.00792787645713 -0.074545067187 0)
(0.00782041876629 -0.0748651614914 0)
(0.00771252294317 -0.0751402066625 0)
(0.00760409729621 -0.0753671352749 0)
(0.00749503397281 -0.0755427235142 0)
(0.0073852026713 -0.0756635836756 0)
(0.00727444900714 -0.0757261569677 0)
(0.00716258307803 -0.0757266944877 0)
(0.00704939328954 -0.0756612320139 0)
(0.00693466486242 -0.0755255846815 0)
(0.00681818040964 -0.0753153634076 0)
(0.00669968954834 -0.0750259794846 0)
(0.00657889832977 -0.0746526233518 0)
(0.006455472222 -0.0741902404098 0)
(0.00632903962542 -0.073633511841 0)
(0.00619919233476 -0.0729768377446 0)
(0.0060654839463 -0.07221431896 0)
(0.00592742742019 -0.0713397357207 0)
(0.0057844923957 -0.0703465222172 0)
(0.00563610248521 -0.0692277362948 0)
(0.0054816326307 -0.0679760233725 0)
(0.00532040657198 -0.0665835734454 0)
(0.00515169448283 -0.0650420697975 0)
(0.00497471085312 -0.063342627782 0)
(0.00478861273005 -0.061475721738 0)
(0.00459249847607 -0.0594310977835 0)
(0.00438540726068 -0.0571976698536 0)
(0.00416631958264 -0.0547633959286 0)
(0.00393415922557 -0.0521151309194 0)
(0.00368779719489 -0.0492384521372 0)
(0.00342605837883 -0.0461174526463 0)
(0.00314773194773 -0.0427344971163 0)
(0.00285158688629 -0.0390699340272 0)
(0.00253639465062 -0.0351017574404 0)
(0.00220096217694 -0.0308052119681 0)
(0.00184418266464 -0.02615234215 0)
(0.00146513209953 -0.0211115382572 0)
(0.00106335486462 -0.0156474358071 0)
(0.000640153012443 -0.00972331869439 0)
(0.000205583433763 -0.00331885871323 0)
(0.0119281673063 -0.04721519976 0)
(0.0119215989831 -0.0478661284469 0)
(0.0119110640365 -0.0485339784715 0)
(0.0118953808712 -0.0492180349444 0)
(0.0118740455894 -0.049917368781 0)
(0.0118466930109 -0.0506308973012 0)
(0.0118130914943 -0.0513574143635 0)
(0.0117731382834 -0.0520956256412 0)
(0.0117268491964 -0.052844182367 0)
(0.011674343711 -0.0536017107719 0)
(0.0116158273577 -0.0543668352703 0)
(0.0115515703433 -0.0551381913208 0)
(0.0114818703344 -0.0559144162471 0)
(0.011406975435 -0.0566941339201 0)
(0.0113269557015 -0.0574762987852 0)
(0.0112422759126 -0.0582595971377 0)
(0.0111538134554 -0.0590425169054 0)
(0.0110620844783 -0.059823938196 0)
(0.0109674669807 -0.060602723819 0)
(0.0108702894653 -0.061377718747 0)
(0.0107708558784 -0.0621477686314 0)
(0.0106694457506 -0.0629117141287 0)
(0.0105663126066 -0.0636683798114 0)
(0.0104616844555 -0.0644165645934 0)
(0.01035576512 -0.0651550334722 0)
(0.01024873565 -0.0658825099819 0)
(0.0101407557115 -0.0665976691772 0)
(0.010031964963 -0.0672991310534 0)
(0.00992248440108 -0.0679854543025 0)
(0.00981241762274 -0.0686551303101 0)
(0.00970185195215 -0.0693065773182 0)
(0.00959085939625 -0.0699381346935 0)
(0.00947949741056 -0.0705480572477 0)
(0.00936780946953 -0.0711345095666 0)
(0.00925582544158 -0.0716955603141 0)
(0.00914356177231 -0.0722291764786 0)
(0.00903102148117 -0.072733217534 0)
(0.00891819398007 -0.0732054294927 0)
(0.00880505473328 -0.0736434388284 0)
(0.00869156479702 -0.074044746269 0)
(0.00857767030886 -0.0744067204823 0)
(0.00846330202438 -0.0747265917583 0)
(0.00834837497334 -0.0750014459089 0)
(0.00823278782486 -0.0752282184701 0)
(0.00811642036596 -0.075403688431 0)
(0.00799912890481 -0.0755244706801 0)
(0.00788074415106 -0.0755870076464 0)
(0.00776106419746 -0.0755875531981 0)
(0.00763986459388 -0.0755221538575 0)
(0.0075169072425 -0.0753866423962 0)
(0.00739194176557 -0.0751766443313 0)
(0.00726468645089 -0.0748875791413 0)
(0.00713481794521 -0.0745146444696 0)
(0.00700197087524 -0.0740527952933 0)
(0.00686573954702 -0.0734967249971 0)
(0.0067256780607 -0.072840847833 0)
(0.00658129884161 -0.0720792802579 0)
(0.0064320703546 -0.0712058193967 0)
(0.00627741451871 -0.0702139175796 0)
(0.00611670406923 -0.0690966520901 0)
(0.00594925998183 -0.0678466891667 0)
(0.00577434903103 -0.0664562411109 0)
(0.00559118155668 -0.0649170151281 0)
(0.00539890953132 -0.0632201522618 0)
(0.00519662505705 -0.0613561544973 0)
(0.00498335946735 -0.059314797784 0)
(0.00475808327305 -0.0570850283539 0)
(0.00451970727643 -0.0546548392958 0)
(0.00426708529222 -0.0520111238676 0)
(0.00399901906846 -0.0491395014954 0)
(0.00371426620877 -0.0460241117874 0)
(0.00341155218658 -0.0426473712204 0)
(0.00308958794822 -0.0389896864145 0)
(0.00274709524249 -0.0350291173045 0)
(0.00238284314331 -0.0307409839897 0)
(0.00199570372022 -0.0260974186863 0)
(0.00158475669178 -0.0210669149126 0)
(0.00114959632056 -0.0156142291938 0)
(0.000691716729171 -0.00970276342236 0)
(0.000222060178071 -0.00331210602278 0)
(0.0127135070981 -0.0471837714113 0)
(0.012704335794 -0.0478298978903 0)
(0.012691440877 -0.0484922718436 0)
(0.012673700205 -0.0491702985897 0)
(0.012650627973 -0.0498631916112 0)
(0.0126218489141 -0.050570018866 0)
(0.0125870970575 -0.0512897218608 0)
(0.0125462166477 -0.0520211423403 0)
(0.0124991582209 -0.0527630498425 0)
(0.0124459697082 -0.0535141671902 0)
(0.0123867834639 -0.0542731916287 0)
(0.0123217993777 -0.055038809574 0)
(0.0122512635336 -0.0558097065379 0)
(0.0121754418089 -0.0565845902392 0)
(0.0120945500459 -0.0573622429048 0)
(0.0120085419657 -0.0581415661796 0)
(0.0119180134067 -0.058920878363 0)
(0.0118239257744 -0.0596991384769 0)
(0.0117266579153 -0.0604751152632 0)
(0.0116265363942 -0.0612476027324 0)
(0.0115238733482 -0.0620154183351 0)
(0.0114189578729 -0.0627773773579 0)
(0.0113120542003 -0.0635322789554 0)
(0.0112034028242 -0.0642788976309 0)
(0.0110932214276 -0.065015975545 0)
(0.0109817055563 -0.0657422151779 0)
(0.0108690293878 -0.0664562724349 0)
(0.0107553466838 -0.0671567501112 0)
(0.0106407918548 -0.0678421916209 0)
(0.010525481027 -0.0685110749143 0)
(0.0104095130232 -0.0691618065341 0)
(0.0102929702023 -0.0697927157629 0)
(0.0101759191323 -0.0704020488224 0)
(0.010058411087 -0.0709879630895 0)
(0.00994048235933 -0.0715485212982 0)
(0.00982215439426 -0.0720816856989 0)
(0.00970343374137 -0.0725853121476 0)
(0.00958431183476 -0.0730571441027 0)
(0.00946476461742 -0.0734948065115 0)
(0.00934475204179 -0.0738957995852 0)
(0.00922421749748 -0.0742574924841 0)
(0.00910308722225 -0.0745771169885 0)
(0.00898126968904 -0.0748517612844 0)
(0.00885865457739 -0.0750783638248 0)
(0.00873511034826 -0.0752537066948 0)
(0.00861048067114 -0.0753744079752 0)
(0.00848458214165 -0.0754369128978 0)
(0.00835719992673 -0.0754374799814 0)
(0.00822809432972 -0.0753721660164 0)
(0.00809700517024 -0.0752368188724 0)
(0.00796365247335 -0.0750270781934 0)
(0.00782772418936 -0.0747383736864 0)
(0.00768886714912 -0.0743659122441 0)
(0.00754668475999 -0.0739046597264 0)
(0.00740073720844 -0.0733493226456 0)
(0.00725054108914 -0.0726943303042 0)
(0.007095567922 -0.0719338157743 0)
(0.00693524195421 -0.0710615941863 0)
(0.0067689376535 -0.0700711372304 0)
(0.00659597713459 -0.0689555429406 0)
(0.0064156276526 -0.067707499773 0)
(0.00622709925455 -0.0663192438147 0)
(0.00602954267828 -0.0647825077513 0)
(0.00582204760662 -0.0630884599552 0)
(0.00560364142049 -0.0612276317782 0)
(0.00537328864417 -0.0591898308046 0)
(0.005129891344 -0.0569640374552 0)
(0.00487229083186 -0.0545382819113 0)
(0.00459927114735 -0.0518994978601 0)
(0.00430956495671 -0.0490333490292 0)
(0.00400186272813 -0.0459240238687 0)
(0.00367482634979 -0.0425539930789 0)
(0.00332710878878 -0.0389037239583 0)
(0.00295738207298 -0.034951344981 0)
(0.00256437730186 -0.0306722545323 0)
(0.00214694517777 -0.0260386754309 0)
(0.00170416880098 -0.0210192073939 0)
(0.00123569194784 -0.0155787307089 0)
(0.000743199806044 -0.00968077066835 0)
(0.000238513814605 -0.00330485978097 0)
(0.0134874210738 -0.0471431927729 0)
(0.0134758498283 -0.047784723326 0)
(0.0134607420333 -0.0484419002259 0)
(0.0134410319879 -0.0491142206646 0)
(0.0134162569693 -0.0498010103996 0)
(0.0133860427018 -0.0505014600554 0)
(0.0133501038698 -0.0512146356243 0)
(0.0133082482296 -0.0519394979514 0)
(0.0132603769381 -0.0526749245316 0)
(0.0132064802813 -0.053419730994 0)
(0.0131466294023 -0.0541726905226 0)
(0.0130809653353 -0.0549325507136 0)
(0.0130096884269 -0.0556980503878 0)
(0.0129330515461 -0.0564679405849 0)
(0.0128513190363 -0.0572409863955 0)
(0.0127642913852 -0.0580157751785 0)
(0.0126722319809 -0.0587913845848 0)
(0.0125761375256 -0.0595663293564 0)
(0.0124765247619 -0.0603392873842 0)
(0.0123737721249 -0.061109043349 0)
(0.0122682058888 -0.0618744046087 0)
(0.0121601189869 -0.0626341655254 0)
(0.0120497810482 -0.0633871019618 0)
(0.0119374413386 -0.064131965574 0)
(0.0118233285726 -0.0648674764743 0)
(0.0117076504795 -0.0655923162573 0)
(0.0115905938695 -0.0663051214602 0)
(0.0114723251503 -0.0670044772212 0)
(0.011352991092 -0.067688911072 0)
(0.0112327196583 -0.0683568868416 0)
(0.0111116207839 -0.0690067986507 0)
(0.0109897870407 -0.0696369649734 0)
(0.0108672941644 -0.0702456227407 0)
(0.0107442014312 -0.0708309214609 0)
(0.0106205518743 -0.0713909173346 0)
(0.0104963723346 -0.0719235673362 0)
(0.0103716733446 -0.072426723237 0)
(0.0102464488483 -0.0728981255509 0)
(0.0101206757691 -0.0733353973829 0)
(0.00999431345152 -0.0737360381812 0)
(0.00986730300896 -0.0740974174081 0)
(0.00973956660447 -0.0744167681808 0)
(0.00961100661595 -0.0746911809432 0)
(0.00948150436014 -0.0749175970801 0)
(0.00935091780076 -0.0750928020542 0)
(0.00921907858712 -0.0752134177002 0)
(0.00908578977344 -0.0752758932647 0)
(0.00895082293066 -0.0752764931702 0)
(0.00881392202048 -0.0752112842788 0)
(0.00867480545935 -0.0750761281431 0)
(0.00853316594991 -0.0748666782015 0)
(0.00838866215395 -0.0745783757974 0)
(0.00824091105016 -0.0742064387787 0)
(0.0080894846312 -0.0737458451851 0)
(0.00793390896785 -0.0731913156539 0)
(0.00777366332322 -0.0725372954804 0)
(0.0076081785632 -0.0717779353633 0)
(0.00743683498989 -0.0709070695507 0)
(0.00725895989031 -0.0699181903039 0)
(0.00707382502068 -0.0688044177106 0)
(0.00688064416884 -0.0675584638328 0)
(0.00667857090025 -0.0661725900137 0)
(0.00646669659114 -0.0646385559699 0)
(0.00624404887045 -0.0629475590336 0)
(0.00600959062933 -0.0610901616357 0)
(0.00576221980936 -0.0590562047931 0)
(0.00550077025209 -0.0568347049997 0)
(0.00522401398891 -0.0544137315064 0)
(0.00493066547977 -0.051780260504 0)
(0.00461938848368 -0.0489200021997 0)
(0.00428880647811 -0.0458171961732 0)
(0.00393751786864 -0.0424543697497 0)
(0.00356411768715 -0.0388120534265 0)
(0.00316722820363 -0.0348684468566 0)
(0.00274554239513 -0.0305990294689 0)
(0.00229788930847 -0.0259761175462 0)
(0.00182335502783 -0.0209684198355 0)
(0.00132163254206 -0.0155409427308 0)
(0.000794597286912 -0.00965733865815 0)
(0.000254941600552 -0.00329711534767 0)
(0.0142498805699 -0.0470934383686 0)
(0.0142361039852 -0.0477305465227 0)
(0.0142189351389 -0.0483827648212 0)
(0.0141973602482 -0.0490496610516 0)
(0.0141709412707 -0.0497306492949 0)
(0.0141393115922 -0.0504250195579 0)
(0.0141021770001 -0.0511319418253 0)
(0.0140593214105 -0.051850479783 0)
(0.0140106098889 -0.0525796076694 0)
(0.0139559877948 -0.0533182280254 0)
(0.0138954763817 -0.0540651889809 0)
(0.013829165891 -0.0548193004102 0)
(0.0137572073118 -0.0555793483457 0)
(0.0136798001898 -0.0563441024898 0)
(0.0135971579411 -0.0571122987606 0)
(0.0135094138289 -0.057882618632 0)
(0.0134164422925 -0.05865416892 0)
(0.0133186417594 -0.0594256280378 0)
(0.0132169457526 -0.0601953433547 0)
(0.0131118476611 -0.0609621481989 0)
(0.0130036825655 -0.0617248426135 0)
(0.0128927377124 -0.0624821981792 0)
(0.0127792835447 -0.0632329701648 0)
(0.0126635751689 -0.0639758896216 0)
(0.0125458496413 -0.0647096556585 0)
(0.0124263243683 -0.0654329294154 0)
(0.0123051966013 -0.066144328152 0)
(0.0121826436069 -0.0668424191926 0)
(0.0120588231532 -0.0675257138482 0)
(0.0119338740708 -0.0681926613632 0)
(0.0118079167685 -0.0688416428956 0)
(0.0116810536631 -0.0694709655278 0)
(0.0115533695064 -0.0700788563052 0)
(0.0114249315967 -0.0706634562859 0)
(0.0112957898598 -0.0712228145871 0)
(0.0111659767871 -0.0717548824041 0)
(0.0110355072241 -0.0722575069784 0)
(0.0109043780056 -0.0727284254975 0)
(0.0107725674479 -0.0731652589088 0)
(0.0106400347108 -0.0735655056462 0)
(0.0105067190517 -0.0739265352794 0)
(0.0103725389756 -0.0742455821148 0)
(0.0102373912181 -0.0745197387681 0)
(0.0101011493086 -0.0747459496019 0)
(0.0099636613919 -0.0749210037182 0)
(0.00982474762591 -0.0750415272149 0)
(0.00968419795496 -0.0751039742895 0)
(0.00954176994746 -0.0751046161607 0)
(0.00939719076254 -0.0750395297471 0)
(0.00925015788334 -0.074904589536 0)
(0.00910033825155 -0.074695462604 0)
(0.00894736221301 -0.0744076029644 0)
(0.00879081708375 -0.0740362408493 0)
(0.00863024339887 -0.0735763677225 0)
(0.00846513316016 -0.0730227193794 0)
(0.00829492847066 -0.0723697580829 0)
(0.00811901978478 -0.0716116531813 0)
(0.00793674372805 -0.0707422591508 0)
(0.00774738067843 -0.0697550900273 0)
(0.00755015230016 -0.0686432892462 0)
(0.00734421917342 -0.067399593854 0)
(0.00712867863549 -0.0660162919114 0)
(0.00690256294897 -0.0644851717078 0)
(0.0066648379322 -0.0627974611585 0)
(0.00641440222513 -0.0609437554789 0)
(0.00615008741933 -0.0589139309076 0)
(0.00587065935637 -0.0566970418895 0)
(0.00557482100052 -0.0542811987143 0)
(0.00526121742901 -0.0516534221429 0)
(0.00492844366689 -0.0487994710311 0)
(0.0045750563408 -0.0457036383647 0)
(0.00419959046709 -0.0423485104821 0)
(0.00380058317118 -0.0387146835815 0)
(0.00337660690439 -0.0347804311067 0)
(0.00292631633726 -0.0305213162481 0)
(0.00244851851966 -0.0259097515512 0)
(0.00194230205904 -0.0209145575303 0)
(0.00140740888826 -0.015500868698 0)
(0.000845904351365 -0.00963246547937 0)
(0.000271342113496 -0.00328885324461 0)
(0.0150008954145 -0.0470345285117 0)
(0.0149850969876 -0.0476673643281 0)
(0.0149660176602 -0.0483148314161 0)
(0.014942690549 -0.0489765519745 0)
(0.0149147020171 -0.0496520094004 0)
(0.0148816969261 -0.0503405738314 0)
(0.0148433793356 -0.0510415014698 0)
(0.0147995188408 -0.0517539438464 0)
(0.0147499551488 -0.0524769605836 0)
(0.01469459951 -0.0532095337377 0)
(0.0146334329999 -0.0539505825048 0)
(0.0145665020619 -0.0546989772648 0)
(0.0144939114198 -0.0554535515139 0)
(0.0144158129309 -0.05621310918 0)
(0.0143323876493 -0.0569764286001 0)
(0.0142438197481 -0.0577422883719 0)
(0.0141502161334 -0.0585095427717 0)
(0.0140513501104 -0.0592771771868 0)
(0.0139478250041 -0.0600433804061 0)
(0.0138406582805 -0.0608070327933 0)
(0.0137301807954 -0.0615668581573 0)
(0.0136166702449 -0.062321605983 0)
(0.013500398279 -0.0630700176858 0)
(0.013381624205 -0.0638108057998 0)
(0.0132605907934 -0.064542649228 0)
(0.0131375223971 -0.0652641892796 0)
(0.013012624227 -0.0659740243375 0)
(0.0128860823487 -0.0666707040571 0)
(0.0127580639284 -0.0673527234633 0)
(0.0126287174761 -0.0680185169901 0)
(0.0124981730296 -0.0686664524874 0)
(0.0123665422843 -0.0692948252205 0)
(0.0122339186688 -0.0699018518767 0)
(0.0121003773488 -0.0704856645749 0)
(0.0119659751372 -0.0710443048682 0)
(0.0118307502887 -0.0715757177194 0)
(0.0116947221653 -0.0720777454285 0)
(0.0115578907644 -0.0725481214964 0)
(0.0114202361123 -0.0729844644093 0)
(0.0112817175293 -0.0733842713409 0)
(0.0111422727768 -0.0737449117773 0)
(0.0110018170781 -0.0740636210777 0)
(0.0108602419466 -0.0743374939647 0)
(0.0107174136362 -0.0745634778395 0)
(0.0105731710374 -0.0747383656846 0)
(0.0104273232763 -0.0748587883124 0)
(0.0102796475332 -0.0749212056089 0)
(0.0101298871766 -0.0749218962683 0)
(0.00997775242022 -0.0748569473692 0)
(0.00982292020352 -0.0747222459893 0)
(0.00966503282204 -0.0745134728435 0)
(0.00950369316108 -0.074226095433 0)
(0.00933845918767 -0.0738553575886 0)
(0.00916884005314 -0.0733962653722 0)
(0.0089942937829 -0.0728435707782 0)
(0.00881422549728 -0.0721917540305 0)
(0.00862798547756 -0.0714350041573 0)
(0.00843486693826 -0.0705671969701 0)
(0.00823410362067 -0.069581869475 0)
(0.00802486736724 -0.0684721897376 0)
(0.00780626581574 -0.0672309211571 0)
(0.00757734033515 -0.0658503799618 0)
(0.00733706432961 -0.0643223845458 0)
(0.00708434205727 -0.0626381950204 0)
(0.00681800815215 -0.060788441081 0)
(0.00653682809461 -0.0587630359685 0)
(0.00623949995598 -0.0565510739471 0)
(0.00592465785023 -0.0541407083059 0)
(0.00559087767006 -0.0515190064327 0)
(0.00523668587842 -0.0486717779905 0)
(0.00486057238608 -0.0455833716361 0)
(0.00446100890389 -0.042236435096 0)
(0.00403647466398 -0.0386116327521 0)
(0.00358549221414 -0.0346873144264 0)
(0.00310667769777 -0.0304391297471 0)
(0.00259881577069 -0.0258395902622 0)
(0.00206099702183 -0.0208576309174 0)
(0.00149301203202 -0.0154585161607 0)
(0.000897116514762 -0.00960615212623 0)
(0.000287717555339 -0.00328003970123 0)
(0.0157405925397 -0.0469666977138 0)
(0.0157229429425 -0.0475953916258 0)
(0.0157020983605 -0.0482382885421 0)
(0.015677133701 -0.0488950519192 0)
(0.0156476586257 -0.049565219239 0)
(0.0156133315172 -0.0502482249533 0)
(0.015573859564 -0.0509433963205 0)
(0.0155290051118 -0.051649959284 0)
(0.0154785909806 -0.0523670479629 0)
(0.0154225032588 -0.0530937160151 0)
(0.0153606913341 -0.0538289487881 0)
(0.0152931652549 -0.0545716752994 0)
(0.0152199905147 -0.055320779164 0)
(0.0151412806008 -0.0560751084822 0)
(0.0150571897301 -0.0568334882538 0)
(0.0149679095823 -0.0575947412331 0)
(0.0148736266156 -0.0583576900364 0)
(0.0147739759836 -0.0591209490796 0)
(0.0146691390833 -0.0598836136535 0)
(0.014560220359 -0.060643959499 0)
(0.0144476966465 -0.061400713911 0)
(0.0143318875643 -0.0621526554285 0)
(0.014213074192 -0.0628985166886 0)
(0.0140915182327 -0.0636369901138 0)
(0.0139674653131 -0.0643667348717 0)
(0.0138411437514 -0.0650863734173 0)
(0.013712763982 -0.065794485972 0)
(0.0135825186312 -0.0664896049502 0)
(0.0134505825294 -0.0671702092912 0)
(0.0133171125465 -0.067834718629 0)
(0.0131822473579 -0.0684814873611 0)
(0.0130461072148 -0.0691087986743 0)
(0.0129087937239 -0.0697148585579 0)
(0.0127703896082 -0.0702977898083 0)
(0.0126309584149 -0.0708556260169 0)
(0.0124905441384 -0.0713863055252 0)
(0.0123491707368 -0.0718876653281 0)
(0.0122068415298 -0.0723574349147 0)
(0.0120635384728 -0.0727932300307 0)
(0.0119192213079 -0.0731925463612 0)
(0.0117738265922 -0.0735527531316 0)
(0.011627266589 -0.0738710866329 0)
(0.0114794279602 -0.0741446436487 0)
(0.0113301701255 -0.0743703746869 0)
(0.0111793231919 -0.0745450768314 0)
(0.0110266856512 -0.0746653860061 0)
(0.0108720222092 -0.0747277683789 0)
(0.0107150619807 -0.0747285106665 0)
(0.0105554982515 -0.0746637102879 0)
(0.0103929877687 -0.0745292668162 0)
(0.0102271490136 -0.0743208747257 0)
(0.0100575581464 -0.0740340156991 0)
(0.00988374415534 -0.0736639482176 0)
(0.00970518496292 -0.0732056940361 0)
(0.00952130475122 -0.0726540223738 0)
(0.00933147184422 -0.0720034324113 0)
(0.00913499658577 -0.0712481338847 0)
(0.00893112904161 -0.0703820250385 0)
(0.00871905658791 -0.06939866703 0)
(0.00849790151747 -0.0682912538215 0)
(0.00826671879482 -0.0670525765152 0)
(0.00802449408621 -0.0656749809396 0)
(0.00777014219891 -0.0641503171075 0)
(0.00750250608848 -0.0624698789227 0)
(0.00722035663575 -0.0606243322394 0)
(0.00692239345599 -0.0586036290651 0)
(0.00660724708701 -0.0563969053356 0)
(0.00627348301537 -0.0539923592835 0)
(0.00591960815229 -0.0513771069652 0)
(0.00554408057342 -0.0485370109932 0)
(0.00514532360896 -0.0454564779438 0)
(0.00472174574493 -0.0421182192879 0)
(0.00427176832533 -0.038502970054 0)
(0.00379386389474 -0.0345891590012 0)
(0.00328660982331 -0.0303525248335 0)
(0.00274876793203 -0.0257656807803 0)
(0.00217943016719 -0.0207976788198 0)
(0.00157843535643 -0.0154139150825 0)
(0.000948230911859 -0.0095784174917 0)
(0.000304075237066 -0.00327065761528 0)
(0.0164704935432 -0.0468973131857 0)
(0.0164511406069 -0.0475219212903 0)
(0.01642865855 -0.0481603401513 0)
(0.01640216105 -0.0488122620292 0)
(0.0163712802079 -0.0494772669376 0)
(0.0163356891237 -0.0501548412561 0)
(0.0162951014856 -0.0508443710262 0)
(0.016249277601 -0.0515451454172 0)
(0.0161980298831 -0.0522563636872 0)
(0.0161412263384 -0.0529771440382 0)
(0.0160787917295 -0.0537065334728 0)
(0.0160107064196 -0.0544435179187 0)
(0.0159370030978 -0.0551870321862 0)
(0.015857761934 -0.055935970128 0)
(0.0157731048811 -0.056689195419 0)
(0.0156831851287 -0.05744554534 0)
(0.0155881443779 -0.0582038005583 0)
(0.0154879822808 -0.0589626733108 0)
(0.015382412244 -0.0597213860593 0)
(0.0152719895392 -0.0604780432585 0)
(0.015157659233 -0.0612313489879 0)
(0.0150397991947 -0.0619801329312 0)
(0.0149187031706 -0.0627230979886 0)
(0.0147946321919 -0.063458912363 0)
(0.0146678322406 -0.0641862176219 0)
(0.01453853248 -0.0649036190511 0)
(0.0144069457289 -0.0656096798492 0)
(0.014273268964 -0.0663029160559 0)
(0.0141376829864 -0.0669817911647 0)
(0.0140003516984 -0.0676447104317 0)
(0.0138614213654 -0.0682900150308 0)
(0.0137210199794 -0.0689159761451 0)
(0.0135792567124 -0.0695207890295 0)
(0.0134362214089 -0.0701025670475 0)
(0.0132919840644 -0.0706593356769 0)
(0.0131465942528 -0.0711890264687 0)
(0.013000080471 -0.0716894709489 0)
(0.0128524493851 -0.0721583944499 0)
(0.0127036849663 -0.0725934098641 0)
(0.0125537475109 -0.0729920113141 0)
(0.0124025725405 -0.0733515677395 0)
(0.0122500695603 -0.0736693163939 0)
(0.0120961206252 -0.0739423562289 0)
(0.0119405786128 -0.0741676410739 0)
(0.0117832651483 -0.0743419724628 0)
(0.011623968334 -0.0744619919339 0)
(0.0114624405564 -0.0745241725946 0)
(0.0112983966187 -0.0745248098337 0)
(0.0111315128905 -0.0744600118604 0)
(0.0109614261528 -0.0743256910626 0)
(0.010787731607 -0.0741175561774 0)
(0.0106099791943 -0.0738311040066 0)
(0.0104276691938 -0.0734616089531 0)
(0.0102402483987 -0.0730041098582 0)
(0.0100471072167 -0.0724533945812 0)
(0.00984757728337 -0.0718039827133 0)
(0.00964092916299 -0.0710501062386 0)
(0.0094263699697 -0.070185687496 0)
(0.00920304094248 -0.0692043135937 0)
(0.00897001508064 -0.0680992063373 0)
(0.00872629496276 -0.0668631866294 0)
(0.00847081087608 -0.0654886321514 0)
(0.00820241939863 -0.0639674269491 0)
(0.00791990260298 -0.0622909013003 0)
(0.007621968097 -0.0604497599788 0)
(0.0073072501806 -0.0584339967096 0)
(0.00697431248608 -0.0562327922575 0)
(0.00662165258755 -0.0538343931825 0)
(0.00624770922448 -0.0512259678419 0)
(0.00585087299638 -0.0483934357091 0)
(0.00542950167018 -0.0453212655007 0)
(0.00498194163174 -0.0419922369989 0)
(0.0045065575644 -0.0383871608278 0)
(0.00400177332568 -0.0344845500495 0)
(0.00346612888851 -0.0302602382488 0)
(0.00289836463358 -0.025686946587 0)
(0.00229757527239 -0.0207338506597 0)
(0.00166364960234 -0.0153664841663 0)
(0.000999230364934 -0.00954899543396 0)
(0.000320427297483 -0.00326079246635 0)
(9.58790738979e-06 0.000214735947263 0)
(2.8461757802e-05 0.000629041136132 0)
(5.04540657551e-05 0.00101275338255 0)
(7.52909104793e-05 0.00136328576167 0)
(0.00010211688198 0.00167962750856 0)
(0.000130072649389 0.00196115932519 0)
(0.000158397082737 0.00220742417703 0)
(0.000186443454892 0.0024180837506 0)
(0.000213681038652 0.00259291384193 0)
(0.000239694725653 0.00273181048804 0)
(0.000264184091025 0.00283480131 0)
(0.000286961309212 0.00290206036998 0)
(0.000307946456519 0.00293392376783 0)
(0.000327154949779 0.00293090054725 0)
(0.000344663411532 0.00289367066617 0)
(0.000360523471839 0.00282306175594 0)
(0.000374564202009 0.00272002135666 0)
(0.000386006871075 0.00258578451689 0)
(0.00039311013676 0.00242338307509 0)
(0.000395787225373 0.00224539211588 0)
(1.47395992262e-05 0.000223613154087 0)
(4.4340772479e-05 0.000656255470622 0)
(7.7878434304e-05 0.00105822692832 0)
(0.000114975000994 0.0014271428343 0)
(0.000154667954574 0.00176234117047 0)
(0.000196024643316 0.00206355586323 0)
(0.000238248147853 0.0023306712143 0)
(0.000280694255332 0.00256368137645 0)
(0.000322874462795 0.00276269188642 0)
(0.000364458202721 0.00292793342951 0)
(0.00040527653019 0.00305978304044 0)
(0.000445327527671 0.00315879302882 0)
(0.000484782840854 0.00322573012965 0)
(0.000523993854653 0.00326163181934 0)
(0.000563496887098 0.00326789917376 0)
(0.000604027144231 0.00324648177136 0)
(0.000646603832912 0.00320031276783 0)
(0.000692952314444 0.00313440281002 0)
(0.000747128020746 0.00305838011598 0)
(0.000820205234349 0.00299080587807 0)
(2.15962200115e-05 0.000233322788831 0)
(6.55716929117e-05 0.000685980261883 0)
(0.000114335521928 0.00110787577958 0)
(0.000167366833404 0.0014968321926 0)
(0.000223644512248 0.00185256100348 0)
(0.000282223798442 0.00217517611985 0)
(0.000342337802638 0.00246492624368 0)
(0.00040341625698 0.00272215624549 0)
(0.000465092644674 0.00294731460674 0)
(0.000527212922249 0.00314097431948 0)
(0.00058984903864 0.00330386296204 0)
(0.000653319349777 0.00343690409469 0)
(0.000718219225557 0.00354127601144 0)
(0.000785468977344 0.00361850049535 0)
(0.000856396661134 0.00367058751449 0)
(0.000932899798961 0.00370028565884 0)
(0.00101778903847 0.00371151461759 0)
(0.00111551297263 0.00371001453143 0)
(0.0012335076284 0.00370389059934 0)
(0.00138416170965 0.00370268782382 0)
(3.0233064615e-05 0.000243322287892 0)
(9.2395523802e-05 0.000716571801256 0)
(0.000160205612841 0.00115895171184 0)
(0.000232959711089 0.00156849777187 0)
(0.000309621567643 0.00194530200747 0)
(0.000389292123816 0.00228986309388 0)
(0.000471295791977 0.00260279398094 0)
(0.00055520076037 0.0028847828551 0)
(0.000640831895373 0.00313660402836 0)
(0.000728288054603 0.00335914257308 0)
(0.000817967849834 0.0035534278662 0)
(0.000910607814765 0.00372067793486 0)
(0.00100733943592 0.00386235940201 0)
(0.00110977683478 0.00398027069028 0)
(0.00122015672202 0.00407665801642 0)
(0.00134156722712 0.00415436724345 0)
(0.00147831485764 0.00421699719539 0)
(0.00163646078479 0.00426890588148 0)
(0.00182448266916 0.00431470182686 0)
(0.0020541196771 0.00435771137037 0)
(4.06972336144e-05 0.000253084471579 0)
(0.000124931536054 0.000746406854125 0)
(0.000215651620575 0.0012087373384 0)
(0.000311928698571 0.00163832702121 0)
(0.000412747820648 0.00203564178787 0)
(0.000517305592449 0.00240155298188 0)
(0.000625069586792 0.00273701908344 0)
(0.000735798476496 0.0030430437887 0)
(0.000849560589886 0.0033206869681 0)
(0.000966759486549 0.00357108829573 0)
(0.001088170607 0.00379549712483 0)
(0.0012149935329 0.00399530839897 0)
(0.0013489265353 0.00417210511878 0)
(0.00149227331576 0.00432770605506 0)
(0.00164809515828 0.00446421077963 0)
(0.00182042138577 0.00458401689177 0)
(0.00201451881032 0.00468974902032 0)
(0.00223719222905 0.00478398751585 0)
(0.00249710038549 0.00486865214725 0)
(0.00280544635427 0.00494392239271 0)
(5.29700079485e-05 0.000262072791798 0)
(0.000163094520024 0.000773843658895 0)
(0.00028048615593 0.00125449371419 0)
(0.000403946639125 0.00170248982137 0)
(0.000532510945785 0.00211865409948 0)
(0.000665511004376 0.002504205843 0)
(0.00080259666815 0.00286041724687 0)
(0.000943752922105 0.00318856637544 0)
(0.00108932240129 0.00348994499873 0)
(0.00124003676901 0.00376587699738 0)
(0.00139705996904 0.00401773893625 0)
(0.00156204702414 0.00424698012665 0)
(0.00173722296948 0.00445513879599 0)
(0.00192548691922 0.00464384731526 0)
(0.00213054462579 0.00481481216155 0)
(0.00235706659821 0.00496974254539 0)
(0.00261085656154 0.00511018756388 0)
(0.00289900892727 0.00523723359029 0)
(0.00323010839369 0.00535101349445 0)
(0.00361496042053 0.00544987833934 0)
(6.69668406962e-05 0.000269751751477 0)
(0.000206594834764 0.000797252606046 0)
(0.000354175417728 0.00129351186997 0)
(0.000508195210125 0.00175721233353 0)
(0.000667759232266 0.00218950721165 0)
(0.000832363126987 0.00259193099214 0)
(0.00100186445556 0.00296603053155 0)
(0.00117649361058 0.00331331135939 0)
(0.00135687764291 0.00363524017877 0)
(0.00154407386739 0.0039332555826 0)
(0.00173961442633 0.0042087769201 0)
(0.00194556387136 0.00446320697516 0)
(0.00216459172953 0.0046979232678 0)
(0.00240006083876 0.00491424983792 0)
(0.00265612921198 0.0051133972242 0)
(0.00293785771975 0.00529635421247 0)
(0.00325130993763 0.00546371322862 0)
(0.00360363826575 0.0056154113003 0)
(0.00400324186914 0.00575034460237 0)
(0.00446051253872 0.00586560281144 0)
(8.25436592927e-05 0.000275598288396 0)
(0.000254958861763 0.000815050220502 0)
(0.000435876506961 0.0013231687173 0)
(0.000623422384691 0.00179885475253 0)
(0.000816783289812 0.00224356383809 0)
(0.00101563613178 0.00265910942792 0)
(0.00122005901043 0.00304727217257 0)
(0.0014305322631 0.00340973895718 0)
(0.00164796065993 0.00374809914729 0)
(0.00187370562181 0.00406384714847 0)
(0.00210962643411 0.00435838020975 0)
(0.00235813090334 0.00463298657831 0)
(0.00262223541707 0.00488881876885 0)
(0.0029056328247 0.00512684514804 0)
(0.00321276413376 0.00534777188113 0)
(0.0035488875756 0.00555192731252 0)
(0.00392013850625 0.00573910301269 0)
(0.00433358625265 0.00590834381023 0)
(0.00479737865086 0.00605763496562 0)
(0.00532145631235 0.00618316449788 0)
(9.95047558654e-05 0.000279110196633 0)
(0.000307555776447 0.00082572422149 0)
(0.000524485330681 0.00134096794789 0)
(0.00074801400115 0.00182396714669 0)
(0.000977414775525 0.00227645078965 0)
(0.00121255418 0.00270047556591 0)
(0.00145373364645 0.00309801750043 0)
(0.00170167728185 0.00347090410948 0)
(0.00195754971672 0.00382080465149 0)
(0.00222298395758 0.00414922556482 0)
(0.0025001159504 0.00445749965806 0)
(0.00279162504697 0.0047467645369 0)
(0.00310077923978 0.00501792592111 0)
(0.00343148266837 0.00527160027446 0)
(0.00378832082676 0.00550803189788 0)
(0.00417659843001 0.00572698115579 0)
(0.0046023707766 0.00592758112383 0)
(0.00507249328985 0.00610815991092 0)
(0.00559480539587 0.00626597947386 0)
(0.00617890212552 0.00639652066096 0)
(0.0001176112422 0.00027981100466 0)
(0.000363626058269 0.000827847651153 0)
(0.000618686983779 0.00134456256958 0)
(0.000880067704287 0.00182931913205 0)
(0.00114712625875 0.00228409385255 0)
(0.00141992040497 0.00271115434937 0)
(0.00169897104801 0.00311263876694 0)
(0.00198523368253 0.00349048229223 0)
(0.00228010963678 0.00384640254999 0)
(0.00258546744577 0.00418188980178 0)
(0.00290366885593 0.00449819037339 0)
(0.00323759766053 0.00479627975411 0)
(0.00359068982483 0.00507682360524 0)
(0.00396696292865 0.00534012127345 0)
(0.00437104075364 0.00558602442186 0)
(0.00480816366882 0.00581383405441 0)
(0.00528418338086 0.00602216752193 0)
(0.00580557510282 0.00620877002519 0)
(0.00637963904623 0.00637030257832 0)
(0.00701560068741 0.00650160720318 0)
(0.000136589424696 0.000277251321908 0)
(0.000422309327852 0.000820082176223 0)
(0.000717004168184 0.00133175950114 0)
(0.00101746262179 0.00181190463425 0)
(0.00132312315203 0.00226272072568 0)
(0.0016342325543 0.0026866591028 0)
(0.00195152442832 0.00308599299226 0)
(0.00227617156487 0.00346274038679 0)
(0.00260978870934 0.00381864633285 0)
(0.00295444611915 0.00415517038499 0)
(0.00331268642379 0.00447346716134 0)
(0.00368754178657 0.00477435525252 0)
(0.00408254890168 0.00505827878386 0)
(0.00450176052493 0.00532526940602 0)
(0.00494975956964 0.0055748706355 0)
(0.00543165539496 0.00580604057766 0)
(0.00595305895694 0.00601706146733 0)
(0.00652001968249 0.0062052712046 0)
(0.00713907419715 0.00636665497695 0)
(0.00781776985705 0.00649589870826 0)
(0.000156138668524 0.000271006684581 0)
(0.000482670248269 0.000801170865064 0)
(0.000817841336506 0.00130050728906 0)
(0.00115792110436 0.00176892430883 0)
(0.00150242244747 0.00220883698523 0)
(0.00185177847335 0.00262285840936 0)
(0.00220692977676 0.00301337532509 0)
(0.00256925496811 0.00338247029254 0)
(0.00294056308014 0.00373190291809 0)
(0.0033230982961 0.00406309711094 0)
(0.00371954852193 0.00437712465851 0)
(0.00413305370187 0.0046746718843 0)
(0.00456720741965 0.00495597358972 0)
(0.00502604242663 0.0052208172848 0)
(0.00551402519962 0.00546854620079 0)
(0.00603607057307 0.00569790028427 0)
(0.00659763537685 0.00590688394531 0)
(0.00720446975086 0.00609327880266 0)
(0.00786349628691 0.0062518616041 0)
(0.00858136005056 0.00637853749169 0)
(0.000175938597298 0.000260671461846 0)
(0.000543722738534 0.000769919601016 0)
(0.000919524879497 0.00124886676286 0)
(0.00129906205978 0.00169774728314 0)
(0.00168191638495 0.00211917972274 0)
(0.00206870826512 0.00251592057782 0)
(0.00246058557912 0.00289045080445 0)
(0.00285912834457 0.00324490243043 0)
(0.00326632861245 0.00358104218951 0)
(0.00368458495295 0.00390025656488 0)
(0.00411670359233 0.0042035408014 0)
(0.00456591038208 0.00449151056438 0)
(0.00503583935489 0.00476426671055 0)
(0.00553054112992 0.0050211561489 0)
(0.0060542182041 0.00526142535288 0)
(0.00661150028203 0.00548417990813 0)
(0.00720803030011 0.00568581488892 0)
(0.00784974620478 0.00586606089421 0)
(0.00854139651451 0.00602015675544 0)
(0.00928858970904 0.00614146489957 0)
(0.00019565597454 0.00024584652794 0)
(0.000604455930861 0.000725162799623 0)
(0.00102034444758 0.00117496093792 0)
(0.00143844984662 0.00159585092682 0)
(0.00185842221961 0.0019906512403 0)
(0.00228108186408 0.00236224308222 0)
(0.0027077982624 0.00271317751998 0)
(0.00314036029065 0.00304561487282 0)
(0.00358094218057 0.00336132453384 0)
(0.00403209129864 0.00366167012464 0)
(0.00449671470844 0.00394753200914 0)
(0.00497814316612 0.00421934309515 0)
(0.00548001525009 0.0044777783436 0)
(0.0060067892465 0.00472102827196 0)
(0.00656177613492 0.00494757562659 0)
(0.00715048911534 0.00515848750881 0)
(0.0077768409666 0.00535062755236 0)
(0.00844474670854 0.00552003065224 0)
(0.00916015513112 0.00566560091305 0)
(0.00992979651567 0.00578021458857 0)
(0.00021495407138 0.000226112141867 0)
(0.000663874590039 0.00066570121539 0)
(0.00111861085946 0.00107689451368 0)
(0.00157364910273 0.00146073294993 0)
(0.00202872053783 0.00182023129141 0)
(0.00248488839495 0.00215837106863 0)
(0.00294378878203 0.00247773558748 0)
(0.00340744516358 0.00278046491279 0)
(0.00387821563691 0.00306829284958 0)
(0.00435882108612 0.00334262641059 0)
(0.00485238447292 0.00360443373615 0)
(0.00536238008773 0.00385245790864 0)
(0.00589298241525 0.00408897111049 0)
(0.00644857031004 0.00431369029877 0)
(0.00703002032804 0.00452340097889 0)
(0.0076421753851 0.00471682403608 0)
(0.00829016882407 0.00489444034554 0)
(0.00897897984971 0.00505169767323 0)
(0.00971337552708 0.00518564004231 0)
(0.0104989767117 0.00529124961956 0)
(0.000233520789514 0.000200961508243 0)
(0.000721094854873 0.000590187750585 0)
(0.00121276594767 0.000952627705341 0)
(0.00170230000733 0.0012897874748 0)
(0.00218957782492 0.00160486414329 0)
(0.00267602133464 0.00190090234256 0)
(0.00316363910819 0.00218046392442 0)
(0.00365475607197 0.00244559175268 0)
(0.00415190457993 0.00269782520482 0)
(0.00465795345143 0.0029383018668 0)
(0.00517789318239 0.00316869092652 0)
(0.00571349098438 0.0033883980076 0)
(0.00626696900107 0.00359646178914 0)
(0.0068430090935 0.00379484547435 0)
(0.00744456740869 0.00398210844311 0)
(0.00807615730956 0.00415536104277 0)
(0.00874204429407 0.00431353082026 0)
(0.00944666699634 0.00445413147381 0)
(0.0101945038945 0.00457401955215 0)
(0.0109905456521 0.00466883895356 0)
(0.000251185275386 0.000169654131546 0)
(0.000775601099442 0.000496939684323 0)
(0.00130159096531 0.000799794062305 0)
(0.00182219771242 0.00108014359957 0)
(0.00233770925355 0.0013413298313 0)
(0.00285016201163 0.00158638877665 0)
(0.00336211663023 0.00181777609898 0)
(0.00387634700803 0.00203738421866 0)
(0.0043958014052 0.00224660594633 0)
(0.00492371625973 0.0024464096815 0)
(0.00546362405856 0.00263751742366 0)
(0.00601766506623 0.00282153765987 0)
(0.0065894080107 0.00299671598755 0)
(0.00718235082828 0.00316328180959 0)
(0.00780005131695 0.00332057692194 0)
(0.00844636792085 0.00346707909133 0)
(0.00912524614546 0.00360119722846 0)
(0.00984073429862 0.00372092742625 0)
(0.0105970315747 0.00382359754921 0)
(0.0113989327816 0.00390546467884 0)
(0.000268324072685 0.000131039033231 0)
(0.000827795824246 0.000383732660769 0)
(0.00138440610583 0.000615488692776 0)
(0.00193115373131 0.00082850503569 0)
(0.00246946340986 0.00102616748145 0)
(0.0030024093835 0.00121133542903 0)
(0.00353327771016 0.00138618831852 0)
(0.00406530991935 0.00155233863028 0)
(0.00460171265281 0.00171095586736 0)
(0.00514568744404 0.00186287580654 0)
(0.00570035231407 0.0020087203847 0)
(0.00626867430383 0.00214899010246 0)
(0.00685390828859 0.00228334259505 0)
(0.00745936624775 0.00241141921679 0)
(0.00808848251056 0.0025326532806 0)
(0.00874479823505 0.00264613067783 0)
(0.00943196999859 0.00275064184066 0)
(0.0101537738192 0.00284465729987 0)
(0.0109141691857 0.00292604796788 0)
(0.0117181181036 0.00299145303011 0)
(0.000286733506088 8.39152207762e-05 0)
(0.000879174469273 0.000247833720281 0)
(0.00146009395755 0.000396215737738 0)
(0.00202551396497 0.000531256004502 0)
(0.00257927546111 0.000655966429752 0)
(0.00312581723387 0.000772626384702 0)
(0.00366913663244 0.000882841540494 0)
(0.00421283576243 0.00098774323973 0)
(0.00476027033035 0.00108813290114 0)
(0.0053146462296 0.00118457424319 0)
(0.00587907256709 0.0012774427421 0)
(0.00645664225656 0.00136691421971 0)
(0.00705048118576 0.00145293415897 0)
(0.00766375991652 0.00153525326139 0)
(0.00829970247795 0.00161348528112 0)
(0.00896157905144 0.00168709969293 0)
(0.00965275818094 0.00175543352518 0)
(0.0103769186565 0.00181769659617 0)
(0.0111386155944 0.00187250805836 0)
(0.0119456136337 0.00191475365077 0)
(0.000308247704999 2.8938879027e-05 0)
(0.0009256534843 8.70267668376e-05 0)
(0.00151889177294 0.000139272444898 0)
(0.00209229917058 0.000186335775765 0)
(0.00265242175209 0.000229561146142 0)
(0.00320460318027 0.000269930084558 0)
(0.00375317395726 0.000308085910855 0)
(0.00430186436511 0.000344458122578 0)
(0.00485406455125 0.00037934166304 0)
(0.0054129703059 0.000412938013868 0)
(0.00598167507567 0.000445372534537 0)
(0.00656323816016 0.00047669788076 0)
(0.00716071236746 0.000506904893361 0)
(0.00777716339655 0.000535914507577 0)
(0.00841566411113 0.00056359511994 0)
(0.00907925655988 0.000589775203202 0)
(0.00977094681242 0.000614258393747 0)
(0.0104942554146 0.000636846122613 0)
(0.0112574931028 0.000657185679406 0)
(0.0120637784789 0.000671313970625 0)
(0.000411767396818 0.00213482046455 0)
(0.000442814567437 0.00211368554573 0)
(0.000490806509492 0.00211598960456 0)
(0.000555229454407 0.00212847846674 0)
(0.000635439114237 0.00214261927278 0)
(0.000730553776744 0.00215246835987 0)
(0.000839610251579 0.00215401478465 0)
(0.000962638744415 0.00214596959212 0)
(0.0011025373677 0.00213107627902 0)
(0.00126319770697 0.00211173057028 0)
(0.00144861047946 0.00208864325111 0)
(0.0016621514455 0.00206071793247 0)
(0.00190599438936 0.00202563067554 0)
(0.00218058910656 0.00198077190392 0)
(0.00248429026697 0.00192489722038 0)
(0.00281398695114 0.00185710171271 0)
(0.00316413965714 0.00177478778254 0)
(0.00353619539113 0.00167531115306 0)
(0.00398064331245 0.00156015444359 0)
(0.00459689438247 0.00141388886523 0)
(0.000904673746117 0.00296450977622 0)
(0.000974212882417 0.0029542723 0)
(0.00105876554046 0.00295149857934 0)
(0.00116001817755 0.00295394793478 0)
(0.00127877071067 0.00295828967341 0)
(0.00141564623448 0.00296149524262 0)
(0.00157152643902 0.00296137330391 0)
(0.00174782316221 0.00295656294853 0)
(0.00194640039323 0.0029460016469 0)
(0.00216951672453 0.0029287039769 0)
(0.00241973475095 0.00290364038568 0)
(0.00269969155272 0.00286952953486 0)
(0.00301198193671 0.0028248534093 0)
(0.00335936643684 0.0027683015346 0)
(0.00374564324849 0.00270061349675 0)
(0.00417656822439 0.00262090729213 0)
(0.00466064769578 0.00252389369727 0)
(0.00521038201093 0.0024001178462 0)
(0.00583856413435 0.00223682660516 0)
(0.00655585274588 0.00201599613549 0)
(0.00153202405176 0.00370944723142 0)
(0.00164408513525 0.00371543825783 0)
(0.00177147680834 0.00372258491442 0)
(0.00191636393716 0.00373017161058 0)
(0.00208034094619 0.0037369594076 0)
(0.00226488613546 0.00374146509116 0)
(0.00247155507339 0.00374217252416 0)
(0.00270207508388 0.00373758454583 0)
(0.0029583719446 0.00372617729419 0)
(0.00324261369403 0.00370640497685 0)
(0.00355725365572 0.0036766892273 0)
(0.00390507930494 0.00363537883434 0)
(0.00428933216736 0.0035807362815 0)
(0.004714007307 0.00351110542447 0)
(0.00518454010857 0.00342601746767 0)
(0.0057067224527 0.00332295399716 0)
(0.00628600826884 0.00319460634671 0)
(0.00692597665114 0.00302967740696 0)
(0.00762857807296 0.00281561884279 0)
(0.0083937937107 0.00253900381788 0)
(0.0022658433332 0.00438804454631 0)
(0.00242171261558 0.00440713107619 0)
(0.0025940617336 0.00442456210091 0)
(0.00278517291 0.00443956506975 0)
(0.00299685288504 0.00445119366651 0)
(0.00323085828053 0.00445831543474 0)
(0.00348899694465 0.00445963196632 0)
(0.00377317675703 0.00445369999559 0)
(0.00408544560634 0.00443894647883 0)
(0.00442803285133 0.00441367695884 0)
(0.00480339997452 0.00437606316698 0)
(0.00521429536541 0.00432412124635 0)
(0.005663840601 0.00425567044088 0)
(0.00615568981785 0.00416828652254 0)
(0.00669461416614 0.00405959401047 0)
(0.00728366889896 0.00392645382166 0)
(0.00792502311127 0.00376192213633 0)
(0.00861887449694 0.00355613702592 0)
(0.00936544634922 0.00330018587661 0)
(0.0101622271465 0.00298310032965 0)
(0.00308042224709 0.00499218919733 0)
(0.00327968105377 0.00502120378857 0)
(0.00349656155339 0.00504648253011 0)
(0.00373339198461 0.00506714047975 0)
(0.00399199293779 0.00508220150656 0)
(0.00427415160547 0.00509053726521 0)
(0.00458170765231 0.0050908499841 0)
(0.00491658038495 0.00508166470105 0)
(0.00528079087573 0.00506131305319 0)
(0.00567647447555 0.00502793716662 0)
(0.00610583839581 0.00497950840366 0)
(0.006571254208 0.00491376567422 0)
(0.00707539947557 0.00482832918569 0)
(0.00762186854727 0.00472161592114 0)
(0.00821259812598 0.00458857992091 0)
(0.00884820788089 0.00442443796718 0)
(0.00953143528439 0.00422596758892 0)
(0.0102613687695 0.00398544519685 0)
(0.0110363651432 0.00369497578482 0)
(0.0118531735147 0.00334645207171 0)
(0.00395072428472 0.00551086980453 0)
(0.00419147585519 0.00554666523124 0)
(0.00445069503873 0.00557693301542 0)
(0.0047306949203 0.00560067212328 0)
(0.00503322026926 0.00561684891305 0)
(0.00535997546045 0.00562429225494 0)
(0.00571271371387 0.0056216576834 0)
(0.00609326514457 0.00560742634468 0)
(0.00650350866812 0.00557988105149 0)
(0.00694557135067 0.00553668234697 0)
(0.00742081601354 0.00547590503131 0)
(0.00793121731702 0.00539530851929 0)
(0.00847901184426 0.00529239040735 0)
(0.00906715651976 0.00516470709336 0)
(0.00969539342598 0.00500860152973 0)
(0.0103645386793 0.00481883941282 0)
(0.0110766974915 0.004592413326 0)
(0.0118300990937 0.00432357703903 0)
(0.0126225708555 0.00400599933284 0)
(0.0134508698865 0.00363322690277 0)
(0.00485298795781 0.00593467519161 0)
(0.00513217603697 0.00597438429607 0)
(0.00543029947716 0.00600697397594 0)
(0.00574959630352 0.00603131362526 0)
(0.00609166162835 0.00604632682873 0)
(0.00645803885018 0.0060508740494 0)
(0.00685035333709 0.00604366062076 0)
(0.00727064208908 0.00602282897688 0)
(0.00772102911887 0.00598753599424 0)
(0.00820203731375 0.00593451368563 0)
(0.00871404368372 0.00586080576694 0)
(0.009259671618 0.00576557342442 0)
(0.00984191795399 0.00564688263807 0)
(0.0104605887105 0.00550081494568 0)
(0.0111148469647 0.00532396254166 0)
(0.0118071293762 0.00511354919967 0)
(0.0125383148162 0.00486547301269 0)
(0.0133059805691 0.00457544076806 0)
(0.0141078266257 0.00423772702587 0)
(0.0149405045437 0.00384765991947 0)
(0.00576543750239 0.00625647743815 0)
(0.00607923350116 0.00629783158302 0)
(0.00641205546008 0.00633073015001 0)
(0.00676607200676 0.00635375600588 0)
(0.00714269807371 0.00636557749357 0)
(0.00754326384844 0.00636509119233 0)
(0.00797008274501 0.0063523862426 0)
(0.00842468707261 0.00632596475827 0)
(0.0089076639688 0.00628227902485 0)
(0.00941863747179 0.00621857797781 0)
(0.00995899570561 0.00613288619238 0)
(0.010532343986 0.00602529566367 0)
(0.0111396666653 0.00589278003756 0)
(0.0117784385978 0.00573158762202 0)
(0.0124499193006 0.0055386999207 0)
(0.0131574000621 0.00531273843333 0)
(0.0138998792138 0.00504934325176 0)
(0.0146749133822 0.00474476510663 0)
(0.0154799704754 0.0043944675887 0)
(0.0163103985403 0.0039941697447 0)
(0.00666867332765 0.00647077491188 0)
(0.00701303430955 0.00651204521435 0)
(0.00737606172058 0.00654441181868 0)
(0.00775993482283 0.00656577848526 0)
(0.008166333106 0.00657408290553 0)
(0.00859573529285 0.00656846027634 0)
(0.0090501657522 0.00654865944967 0)
(0.0095311459523 0.00651456135505 0)
(0.0100395087618 0.00646348900765 0)
(0.010574175938 0.00639157266449 0)
(0.0111364378472 0.00629689042581 0)
(0.0117296206608 0.00617865761679 0)
(0.0123524270021 0.00603501247694 0)
(0.0130039887027 0.00586254075176 0)
(0.0136865154285 0.00565902682164 0)
(0.0144019692488 0.00542250726177 0)
(0.0151488536688 0.00514985028511 0)
(0.0159247519529 0.00483659326757 0)
(0.016726644091 0.00448036643532 0)
(0.017550376657 0.00407710319614 0)
(0.00754492349899 0.00657363924472 0)
(0.00791669445719 0.00661176445516 0)
(0.00830782196196 0.00664059810585 0)
(0.00871709198651 0.0066582984197 0)
(0.00914421589019 0.00666384535478 0)
(0.00959510251555 0.00665612932226 0)
(0.0100722307875 0.00663231695154 0)
(0.0105743036 0.00659267847119 0)
(0.0111013290741 0.00653507871437 0)
(0.0116527187271 0.00645641878106 0)
(0.012230894017 0.00635571377201 0)
(0.0128362808804 0.00623059750549 0)
(0.0134673488883 0.00607936081155 0)
(0.0141260612318 0.00590015288823 0)
(0.0148132051902 0.00569077110366 0)
(0.0155302484664 0.00544851378698 0)
(0.0162771135125 0.00517193976608 0)
(0.0170495669284 0.00485688918738 0)
(0.0178429699604 0.0045010004823 0)
(0.0186554883455 0.00410126040692 0)
(0.00837732057207 0.00656653267755 0)
(0.00876966834318 0.00660422579216 0)
(0.0091833204016 0.00663080632422 0)
(0.00961670196565 0.00664570100797 0)
(0.010067305096 0.00664799586724 0)
(0.0105384490482 0.00663594601843 0)
(0.0110310869852 0.00660783013672 0)
(0.0115454010679 0.00656292711304 0)
(0.0120829512268 0.00649997858687 0)
(0.0126442087899 0.00641631297413 0)
(0.0132306994441 0.00631088441687 0)
(0.0138418277871 0.00618244631418 0)
(0.0144766430419 0.00602798847911 0)
(0.0151369387281 0.00584624699736 0)
(0.0158250373978 0.00563580072432 0)
(0.0165401503545 0.00539366902053 0)
(0.0172802870111 0.00511854894734 0)
(0.0180432039743 0.0048079501261 0)
(0.0188246744967 0.00445918910601 0)
(0.0196229623163 0.00406964497783 0)
(0.00916914503175 0.00644670403294 0)
(0.00957794729748 0.00648316176592 0)
(0.0100041441562 0.00650884688535 0)
(0.0104487697053 0.00652171023695 0)
(0.0109120649267 0.00652093914824 0)
(0.0113948961943 0.0065050232801 0)
(0.0118980067632 0.0064728682339 0)
(0.012422943572 0.00642415018606 0)
(0.012970135652 0.00635819653477 0)
(0.0135383784464 0.00627251129097 0)
(0.0141281635188 0.0061654728183 0)
(0.0147404066095 0.00603639601961 0)
(0.015375540101 0.00588296974408 0)
(0.0160340773022 0.00570344044271 0)
(0.0167179487374 0.00549641233332 0)
(0.0174250422596 0.00526004117977 0)
(0.0181543068818 0.00499263536328 0)
(0.0189047249487 0.00469227551994 0)
(0.0196716046433 0.00435668431686 0)
(0.0204532403794 0.00398357359924 0)
(0.00989557722205 0.00620541718376 0)
(0.0103159803529 0.00623851999212 0)
(0.0107523867685 0.00626105518258 0)
(0.0112061995811 0.00627158584434 0)
(0.0116780622485 0.00626899591206 0)
(0.012168584258 0.00625220500676 0)
(0.0126784903052 0.00622023349577 0)
(0.0132091696953 0.006171782447 0)
(0.0137603083906 0.00610638347662 0)
(0.0143304386398 0.00602219267373 0)
(0.014919960911 0.00591784846487 0)
(0.015530128686 0.00579232250801 0)
(0.0161613903895 0.00564417074889 0)
(0.0168141111302 0.00547176913634 0)
(0.0174896020619 0.00527297661501 0)
(0.0181856256298 0.00504765143052 0)
(0.0189015837678 0.00479343462718 0)
(0.0196366419748 0.00450894855774 0)
(0.0203864583129 0.00419239370278 0)
(0.0211493684891 0.00384177525362 0)
(0.0105506549019 0.00583972711509 0)
(0.0109792730492 0.00587017976661 0)
(0.0114228307354 0.00589062883081 0)
(0.0118827350386 0.00589989358758 0)
(0.0123596914184 0.00589692230945 0)
(0.0128543755213 0.00588006406031 0)
(0.0133685550672 0.00584929300801 0)
(0.013901625117 0.00580341566836 0)
(0.0144518153667 0.00574113735226 0)
(0.0150193804021 0.00566144566871 0)
(0.0156047661149 0.00556315105611 0)
(0.0162090488067 0.00544525400177 0)
(0.016832778778 0.00530655191061 0)
(0.017478156108 0.00514594040149 0)
(0.0181427637406 0.00496112757557 0)
(0.0188238562763 0.00475191497598 0)
(0.0195243732702 0.0045164786867 0)
(0.0202422813267 0.00425362657304 0)
(0.0209734015525 0.00396199390364 0)
(0.0217161596895 0.00363989548909 0)
(0.0111289890412 0.00534600925399 0)
(0.0115627060595 0.00537400122253 0)
(0.0120102836915 0.00539277493781 0)
(0.0124732923826 0.00540124252813 0)
(0.0129542422168 0.00539839361454 0)
(0.0134522310857 0.00538340100625 0)
(0.0139656600832 0.00535490745595 0)
(0.0144954068773 0.00531305723196 0)
(0.0150415987757 0.00525658542524 0)
(0.0156037919487 0.00518459764974 0)
(0.0161824275423 0.0050958102348 0)
(0.0167784703071 0.00498928432454 0)
(0.0173923469639 0.00486391889318 0)
(0.0180260274596 0.00471880861839 0)
(0.0186771266702 0.00455365656433 0)
(0.0193433747358 0.00436626180835 0)
(0.0200273531441 0.00415466810134 0)
(0.0207269138594 0.00391886441084 0)
(0.0214382596526 0.00365788318515 0)
(0.0221599999482 0.00337026579747 0)
(0.0116257988453 0.00471824193339 0)
(0.0120621413456 0.00474356730557 0)
(0.0125116900572 0.00476070519361 0)
(0.0129777103369 0.00476848384175 0)
(0.0134594134806 0.00476633018206 0)
(0.01395470507 0.00475379907488 0)
(0.0144646725922 0.00472995857027 0)
(0.0149895783859 0.00469412046288 0)
(0.0155289825209 0.00464570140541 0)
(0.0160832184602 0.00458387815023 0)
(0.0166533362197 0.00450763967373 0)
(0.017239695409 0.00441614174028 0)
(0.0178424877808 0.00430844986696 0)
(0.018461426543 0.00418290358661 0)
(0.0190960672768 0.00404030530166 0)
(0.0197483602374 0.00387875134475 0)
(0.0204168284413 0.00369636695776 0)
(0.0210971921667 0.00349330321085 0)
(0.0217881137381 0.00326878864761 0)
(0.0224885499576 0.00302160979062 0)
(0.0120367725693 0.00394857361111 0)
(0.012474164503 0.00397021606693 0)
(0.0129255689364 0.00398509366329 0)
(0.0133911597667 0.00399237552283 0)
(0.0138689513193 0.00399184969537 0)
(0.0143600827716 0.00398273528433 0)
(0.0148648532843 0.00396439580381 0)
(0.0153826785946 0.00393614621408 0)
(0.0159137299491 0.00389760458232 0)
(0.0164590521166 0.0038479167068 0)
(0.0170188927393 0.00378635324199 0)
(0.0175935490071 0.0037122033485 0)
(0.0181852380017 0.00362484911832 0)
(0.0187915787404 0.00352350875652 0)
(0.0194104739841 0.00340735177958 0)
(0.0200462609665 0.00327552895426 0)
(0.0206973399969 0.00312739372927 0)
(0.0213591703493 0.00296237150722 0)
(0.022030513961 0.00277982471132 0)
(0.0227104810118 0.00257881891054 0)
(0.0123588618909 0.0030252935801 0)
(0.0127975740547 0.00304280970595 0)
(0.0132464393962 0.00305478964057 0)
(0.0137073376465 0.00306168421172 0)
(0.0141805604844 0.00306264136869 0)
(0.0146663034516 0.00305714510372 0)
(0.0151646139101 0.00304476642762 0)
(0.0156749288701 0.00302523679983 0)
(0.0161976591531 0.00299775150647 0)
(0.0167338904444 0.0029618204867 0)
(0.017283878234 0.00291689407753 0)
(0.0178477642563 0.002862397904 0)
(0.0184256265869 0.00279783657795 0)
(0.0190171233804 0.00272355578893 0)
(0.0196221704961 0.00263795707124 0)
(0.0202428546832 0.00254028735688 0)
(0.0208775668331 0.0024303138711 0)
(0.0215220620572 0.00230770770149 0)
(0.0221752323972 0.00217200836433 0)
(0.0228362975686 0.00202251194958 0)
(0.0125842982558 0.0019368994571 0)
(0.0130198250404 0.00194907841537 0)
(0.0134655726842 0.00195808111167 0)
(0.0139225659994 0.00196357756656 0)
(0.0143911370273 0.00196526266533 0)
(0.0148713670442 0.00196286801385 0)
(0.0153626561279 0.00195639888798 0)
(0.0158652858818 0.00194552258448 0)
(0.0163803315825 0.00192962849484 0)
(0.0169080752741 0.00190839223137 0)
(0.017448631997 0.00188152430899 0)
(0.0180020498824 0.00184874905543 0)
(0.0185683466228 0.00180981976596 0)
(0.0191476137639 0.00176448488629 0)
(0.0197401830475 0.00171217801801 0)
(0.0203476173632 0.00165133850568 0)
(0.0209679888304 0.00158286137216 0)
(0.0215973242195 0.00150661944187 0)
(0.0222347136344 0.00142226157269 0)
(0.0228795019275 0.00132928764514 0)
(0.0126981886141 0.000679865893057 0)
(0.0131312340905 0.000684550962964 0)
(0.0135742609838 0.000688123809381 0)
(0.0140281814303 0.000690455740469 0)
(0.0144931969389 0.000691444128066 0)
(0.0149685854228 0.000690999848239 0)
(0.0154544692067 0.000689331102174 0)
(0.0159519617809 0.000686050573222 0)
(0.0164614085591 0.000681034676865 0)
(0.016982954614 0.000674182863065 0)
(0.0175166474687 0.000665402249463 0)
(0.0180624528258 0.000654607822123 0)
(0.0186203098217 0.000641721081918 0)
(0.0191905281509 0.000626655862629 0)
(0.019776073117 0.000609213085725 0)
(0.020375971395 0.000588227412539 0)
(0.0209857963974 0.000564710471696 0)
(0.0216042665648 0.000538583373427 0)
(0.0222306939155 0.000509688199019 0)
(0.0228643755181 0.000477828305263 0)
(0.0052417417253 0.00125115686661 0)
(0.00570835893962 0.00109751821736 0)
(0.00618289359092 0.000904384200929 0)
(0.00665533136643 0.000673817500795 0)
(0.00712081826647 0.000408830113272 0)
(0.00757759065409 0.000112024772508 0)
(0.00802507838364 -0.000214507439983 0)
(0.00846312485693 -0.000569068745477 0)
(0.0088916880652 -0.00095023747523 0)
(0.00931073016101 -0.00135678215406 0)
(0.00972018062278 -0.00178760093928 0)
(0.0101199292414 -0.00224167772624 0)
(0.010509831658 -0.00271804972947 0)
(0.0108897208543 -0.00321578332422 0)
(0.0112594214416 -0.00373395695613 0)
(0.0116187653484 -0.0042716503357 0)
(0.011967607621 -0.00482793989451 0)
(0.0123058424512 -0.00540190049658 0)
(0.0126334239375 -0.00599261484133 0)
(0.0129503645443 -0.00659917861204 0)
(0.0132567098427 -0.00722070065223 0)
(0.0135525559419 -0.00785632331706 0)
(0.0138380658339 -0.00850524170876 0)
(0.0141134487603 -0.00916670953437 0)
(0.0143789457703 -0.00984004481707 0)
(0.014634815552 -0.0105246326407 0)
(0.014881320458 -0.0112199242533 0)
(0.0151187133246 -0.0119254327077 0)
(0.0153472260626 -0.0126407255404 0)
(0.0155670606931 -0.0133654153454 0)
(0.0157783845751 -0.014099149775 0)
(0.0159813221673 -0.0148415935947 0)
(0.0161759533511 -0.0155924156248 0)
(0.016362321865 -0.0163512797548 0)
(0.0165404397653 -0.017117830887 0)
(0.0167102967232 -0.0178916838361 0)
(0.016871872664 -0.0186724153335 0)
(0.0170251529019 -0.0194595599832 0)
(0.0171701445144 -0.0202526110358 0)
(0.0173068925127 -0.0210510266722 0)
(0.0174354939921 -0.0218542424825 0)
(0.0175561088459 -0.0226616922809 0)
(0.0176689665356 -0.0234728170284 0)
(0.0177743633209 -0.0242870772174 0)
(0.017872654523 -0.0251039855389 0)
(0.0179642415795 -0.0259231280248 0)
(0.0180495538621 -0.0267441724664 0)
(0.018129027121 -0.0275668734962 0)
(0.0182030809498 -0.0283910714978 0)
(0.0182720974941 -0.0292166848334 0)
(0.0183364034648 -0.0300436960611 0)
(0.0183962570841 -0.0308721335208 0)
(0.0184518410226 -0.0317020501583 0)
(0.0185032616761 -0.032533501654 0)
(0.0185505544214 -0.0333665258978 0)
(0.0185936938194 -0.0342011255537 0)
(0.0186326072015 -0.0350372549772 0)
(0.0186671896627 -0.0358748121428 0)
(0.0186973180255 -0.0367136357654 0)
(0.0187228600135 -0.0375535080462 0)
(0.0187436902068 -0.0383941550174 0)
(0.0187597104677 -0.0392352417903 0)
(0.0187708425545 -0.0400763810178 0)
(0.0187770211277 -0.0409171416854 0)
(0.0187782012195 -0.0417570442936 0)
(0.018774362631 -0.0425955563271 0)
(0.018765515761 -0.0434320870708 0)
(0.018751709648 -0.0442659815097 0)
(0.0187330379812 -0.0450965104758 0)
(0.0187099967592 -0.0459227889068 0)
(0.00715717610558 0.00178934640368 0)
(0.00757659561837 0.00161455119229 0)
(0.00801146906569 0.00141401767236 0)
(0.00845846908964 0.00118528144205 0)
(0.00891329656469 0.000927765397271 0)
(0.00937219139667 0.000641653314507 0)
(0.00983214111767 0.000327507255928 0)
(0.0102907936782 -1.3920856562e-05 0)
(0.0107463139584 -0.000381787641694 0)
(0.0111972547182 -0.000775209351008 0)
(0.0116424567077 -0.00119328784172 0)
(0.0120809761049 -0.00163512290847 0)
(0.0125120333745 -0.0020998177657 0)
(0.0129349780479 -0.00258648109011 0)
(0.0133492646945 -0.00309422793544 0)
(0.0137544368224 -0.00362218050883 0)
(0.0141501162274 -0.00416946976977 0)
(0.0145359974411 -0.00473523865736 0)
(0.0149118525912 -0.00531864985182 0)
(0.0152775154856 -0.00591888433499 0)
(0.0156328435718 -0.00653512980883 0)
(0.0159777352768 -0.00716659473262 0)
(0.0163121499405 -0.00781252278455 0)
(0.0166360886932 -0.00847219076535 0)
(0.0169495852867 -0.00914490980532 0)
(0.0172526986706 -0.00983002638739 0)
(0.0175455060324 -0.0105269222362 0)
(0.0178280961206 -0.0112350129106 0)
(0.018100563353 -0.0119537451714 0)
(0.0183630031895 -0.0126825937339 0)
(0.0186155107931 -0.0134210595257 0)
(0.0188581725756 -0.0141686550219 0)
(0.0190910647738 -0.0149248990771 0)
(0.0193142616462 -0.0156893200769 0)
(0.0195278355632 -0.0164614484505 0)
(0.0197318602376 -0.017240812664 0)
(0.0199264151283 -0.0180269371763 0)
(0.0201115903327 -0.0188193421619 0)
(0.0202874913148 -0.0196175450124 0)
(0.0204542430286 -0.0204210638391 0)
(0.0206119929495 -0.0212294242283 0)
(0.0207609135262 -0.0220421757327 0)
(0.0209012016912 -0.0228588760677 0)
(0.0210330746257 -0.0236790782097 0)
(0.0211567683911 -0.0245023634604 0)
(0.0212725335644 -0.0253283548039 0)
(0.0213806282374 -0.0261567109776 0)
(0.0214813106746 -0.0269871254726 0)
(0.0215748318568 -0.027819325016 0)
(0.0216614283846 -0.0286530663251 0)
(0.02174131629 -0.029488131053 0)
(0.0218146862139 -0.0303243191795 0)
(0.0218817003089 -0.0311614413016 0)
(0.0219424910375 -0.0319993103305 0)
(0.0219971618791 -0.0328377331383 0)
(0.0220457897789 -0.033676502627 0)
(0.0220884290254 -0.0345153906434 0)
(0.0221251160021 -0.0353541421784 0)
(0.022155873526 -0.03619247194 0)
(0.022180710656 -0.037030067989 0)
(0.0221996370466 -0.0378665812958 0)
(0.022212691418 -0.0387016002456 0)
(0.0222199324811 -0.03953466644 0)
(0.0222214300245 -0.0403652940475 0)
(0.022217279957 -0.0411929609724 0)
(0.0222076125372 -0.0420171086807 0)
(0.0221925988782 -0.0428371443376 0)
(0.022172456208 -0.0436524423706 0)
(0.0221474481694 -0.0444623389597 0)
(0.0221181827038 -0.0452660200351 0)
(0.00900939729399 0.00227587249707 0)
(0.00943183906559 0.00208061405632 0)
(0.00986486969377 0.00186476215676 0)
(0.0103077324027 0.00162621864809 0)
(0.0107586820072 0.00136400869194 0)
(0.0112157592617 0.00107758814999 0)
(0.0116769975376 0.00076672065963 0)
(0.0121405284026 0.000431412414724 0)
(0.0126046329893 7.18597739012e-05 0)
(0.0130677609463 -0.000311594218707 0)
(0.0135285308098 -0.000718494954516 0)
(0.0139857208428 -0.0011483036629 0)
(0.0144382557189 -0.0016004186842 0)
(0.0148851922425 -0.00207419178409 0)
(0.0153257055917 -0.00256894093204 0)
(0.0157590769479 -0.00308396035994 0)
(0.0161846828514 -0.00361852897277 0)
(0.0166019877654 -0.00417191822549 0)
(0.0170105466025 -0.0047434029092 0)
(0.0174099857572 -0.00533226089172 0)
(0.0177999616863 -0.00593776052306 0)
(0.0181801779683 -0.0065591747382 0)
(0.0185504056816 -0.00719579587229 0)
(0.0189104642187 -0.00784693229871 0)
(0.0192602132438 -0.00851190904112 0)
(0.0195995470805 -0.00919006880476 0)
(0.0199283899337 -0.00988077257313 0)
(0.0202466915017 -0.0105833996864 0)
(0.0205544232019 -0.0112973474872 0)
(0.0208515752753 -0.0120220311534 0)
(0.0211381567693 -0.0127568861123 0)
(0.0214141862266 -0.0135013553219 0)
(0.021679689686 -0.0142548880001 0)
(0.0219347079512 -0.0150169483526 0)
(0.0221792936333 -0.0157870106297 0)
(0.022413510844 -0.016564557406 0)
(0.022637435568 -0.0173490789312 0)
(0.0228511562724 -0.0181400731346 0)
(0.0230547744169 -0.0189370462292 0)
(0.0232484047695 -0.0197395142632 0)
(0.023432175417 -0.0205470074214 0)
(0.0236062286798 -0.0213590859475 0)
(0.0237707182629 -0.0221753136288 0)
(0.0239258049558 -0.0229952345623 0)
(0.0240716587975 -0.0238184102453 0)
(0.0242084577801 -0.0246444321946 0)
(0.0243363841709 -0.025472910754 0)
(0.0244556216209 -0.0263034721419 0)
(0.0245663525085 -0.0271357567678 0)
(0.0246687555057 -0.0279694172938 0)
(0.0247630034982 -0.0288041161851 0)
(0.0248492619787 -0.0296395227391 0)
(0.0249276880417 -0.0304753097126 0)
(0.0249984300511 -0.031311149663 0)
(0.0250616280374 -0.032146711175 0)
(0.0251174148157 -0.0329816551219 0)
(0.0251659177532 -0.0338156311797 0)
(0.0252072608873 -0.0346482749745 0)
(0.0252415662201 -0.0354792072738 0)
(0.0252689494995 -0.0363080416946 0)
(0.0252895328511 -0.0371343723903 0)
(0.0253034748376 -0.03795774126 0)
(0.0253109571303 -0.0387776600494 0)
(0.0253121702438 -0.0395936360444 0)
(0.0253073277982 -0.0404051603448 0)
(0.0252966727235 -0.0412117073264 0)
(0.0252804813231 -0.0420127366877 0)
(0.0252590658297 -0.042807694579 0)
(0.0252327720121 -0.0435960060248 0)
(0.025202229954 -0.0443769350877 0)
(0.0107921223159 0.00269310424216 0)
(0.0112215394418 0.00248196506687 0)
(0.0116591817599 0.00225277305721 0)
(0.0121046983072 0.00200383759609 0)
(0.0125570278241 0.00173437103288 0)
(0.0130149691153 0.00144382857059 0)
(0.0134772595544 0.00113183330728 0)
(0.0139426168844 0.000798159339796 0)
(0.0144097710478 0.000442720170793 0)
(0.014877489033 6.55553900428e-05 0)
(0.0153445929895 -0.000333184163179 0)
(0.0158099723386 -0.000753251344235 0)
(0.016272590892 -0.00119431706594 0)
(0.0167314902113 -0.00165598341698 0)
(0.0171857901765 -0.00213779551657 0)
(0.0176346877607 -0.00263925195912 0)
(0.0180774548288 -0.00315981423695 0)
(0.0185134369315 -0.0036989158596 0)
(0.0189420602376 -0.00425597442364 0)
(0.0193628162952 -0.00483039253444 0)
(0.0197752238797 -0.00542154586713 0)
(0.0201788477493 -0.00602879816927 0)
(0.0205733202354 -0.00665151719781 0)
(0.0209583238707 -0.00728907185983 0)
(0.0213335848533 -0.00794083350611 0)
(0.0216988688238 -0.00860617777795 0)
(0.0220539773699 -0.00928448618966 0)
(0.0223987448 -0.00997514739548 0)
(0.0227330353381 -0.0106775582405 0)
(0.0230567409648 -0.0113911252277 0)
(0.0233697819219 -0.0121152689377 0)
(0.0236720969463 -0.012849412264 0)
(0.0239636410346 -0.0135929808168 0)
(0.0242443922686 -0.0143454140267 0)
(0.0245143476332 -0.0151061611759 0)
(0.024773521363 -0.015874680536 0)
(0.0250219438578 -0.0166504392111 0)
(0.0252596608234 -0.0174329132158 0)
(0.0254867324246 -0.0182215877489 0)
(0.0257032324662 -0.0190159580992 0)
(0.0259092476284 -0.0198155332947 0)
(0.0261048782691 -0.0206198526759 0)
(0.026290234593 -0.0214284547487 0)
(0.0264654324425 -0.0222408495323 0)
(0.0266305972033 -0.0230565590189 0)
(0.0267858636346 -0.0238751304766 0)
(0.026931373241 -0.0246961232801 0)
(0.0270672728511 -0.0255191055213 0)
(0.0271937135471 -0.0263436525281 0)
(0.0273108497873 -0.0271693455952 0)
(0.027418838742 -0.0279957706245 0)
(0.0275178398642 -0.0288225166075 0)
(0.0276080147427 -0.0296491740013 0)
(0.02768952726 -0.030475333022 0)
(0.0277625440805 -0.0313005819372 0)
(0.0278272354629 -0.0321245054146 0)
(0.0278837763419 -0.0329466830681 0)
(0.0279323474045 -0.0337666885441 0)
(0.0279731349665 -0.034584090676 0)
(0.0280063246216 -0.0353984640998 0)
(0.0280321124083 -0.0362093765832 0)
(0.0280507346943 -0.0370163527306 0)
(0.0280624519665 -0.0378188997889 0)
(0.028067530965 -0.0386165367199 0)
(0.0280662574765 -0.0394087805665 0)
(0.0280589405762 -0.0401951451123 0)
(0.0280459147391 -0.0409751420323 0)
(0.0280275405795 -0.04174828075 0)
(0.0280042008966 -0.0425140583559 0)
(0.0279765096175 -0.0432717952163 0)
(0.0124927104586 0.00303648046731 0)
(0.0129270143475 0.00281345550398 0)
(0.0133681010182 0.00257404961541 0)
(0.013815787227 0.00231682133548 0)
(0.0142692686898 0.00204115422019 0)
(0.0147276487487 0.00174660536227 0)
(0.0151899891454 0.00143283444965 0)
(0.0156553287964 0.00109959302838 0)
(0.0161226971848 0.000746722421977 0)
(0.0165911265681 0.000374151410157 0)
(0.0170596631125 -1.81077491391e-05 0)
(0.0175273766324 -0.000429964583153 0)
(0.0179933686342 -0.000861256663251 0)
(0.0184567786734 -0.0013117562937 0)
(0.018916789049 -0.00178117744057 0)
(0.0193726281356 -0.00226918255184 0)
(0.0198235727301 -0.00277538938039 0)
(0.0202689510371 -0.00329937830927 0)
(0.0207081529638 -0.00384070325085 0)
(0.0211406189953 -0.00439889192937 0)
(0.0215658068286 -0.00497343356076 0)
(0.0219832116591 -0.00556379375913 0)
(0.022392388775 -0.00616943072702 0)
(0.0227929388966 -0.00678979256516 0)
(0.023184503555 -0.00742431893786 0)
(0.023566762441 -0.00807244341603 0)
(0.0239394312335 -0.00873359566196 0)
(0.0243022594951 -0.00940720338535 0)
(0.0246550287816 -0.0100926941575 0)
(0.0249975512059 -0.0107894977007 0)
(0.025329670458 -0.0114970512326 0)
(0.0256512523418 -0.0122147883235 0)
(0.025962182796 -0.0129421400556 0)
(0.0262623746195 -0.0136785471059 0)
(0.0265517631663 -0.0144234562977 0)
(0.0268303044638 -0.0151763202119 0)
(0.0270979738455 -0.0159365973806 0)
(0.0273547647901 -0.0167037525806 0)
(0.0276006878037 -0.017477257196 0)
(0.027835769394 -0.0182565901255 0)
(0.0280600512187 -0.0190412414708 0)
(0.0282735910141 -0.0198307297933 0)
(0.0284764584379 -0.0206245693428 0)
(0.0286687310891 -0.0214222408188 0)
(0.0288504990895 -0.0222232337368 0)
(0.0290218652846 -0.0230270604355 0)
(0.029182943009 -0.0238332423748 0)
(0.0293338551733 -0.0246413068835 0)
(0.0294747337113 -0.0254507860491 0)
(0.0296057191898 -0.0262612159805 0)
(0.0297269605689 -0.0270721361215 0)
(0.0298386151012 -0.0278830885364 0)
(0.0299408483893 -0.0286936171979 0)
(0.0300338345997 -0.0295032672774 0)
(0.0301177568384 -0.0303115844893 0)
(0.0301928076718 -0.0311181145098 0)
(0.0302591897328 -0.0319224025825 0)
(0.0303171161391 -0.0327239936272 0)
(0.0303668095291 -0.0335224344395 0)
(0.0304084945678 -0.0343172858307 0)
(0.030442407991 -0.0351081098008 0)
(0.030468827768 -0.0358944314251 0)
(0.0304880554797 -0.0366757664595 0)
(0.0305003966389 -0.0374516519643 0)
(0.0305061723904 -0.0382216315423 0)
(0.0305057225308 -0.0389852533795 0)
(0.0304994064644 -0.0397420706728 0)
(0.0304876028841 -0.0404916405214 0)
(0.03047070481 -0.0412335120465 0)
(0.0304492900781 -0.0419670414115 0)
(0.0140951018106 0.00330842391581 0)
(0.0145314025694 0.00307674901796 0)
(0.014973405597 0.00283006190944 0)
(0.0154210346944 0.00256707982036 0)
(0.0158736371533 0.00228729737325 0)
(0.0163304883763 0.00199035220792 0)
(0.0167908326403 0.00167595635977 0)
(0.0172538955795 0.00134388534773 0)
(0.0177188916369 0.000993976887858 0)
(0.0181850306616 0.000626130651882 0)
(0.0186515242236 0.000240307375945 0)
(0.0191175916404 -0.000163472757702 0)
(0.0195824655178 -0.000585132522429 0)
(0.0200453967441 -0.00102454057668 0)
(0.0205056587998 -0.00148151489512 0)
(0.0209625514689 -0.00195582648195 0)
(0.0214154041166 -0.00244720349925 0)
(0.0218635798671 -0.00295533632148 0)
(0.0223064867576 -0.00347988656686 0)
(0.0227435690861 -0.00402048595187 0)
(0.0231742780327 -0.00457672291694 0)
(0.0235980921335 -0.00514815666709 0)
(0.0240145397758 -0.00573433279936 0)
(0.0244231869553 -0.00633478017715 0)
(0.0248236342563 -0.00694901237802 0)
(0.025215515535 -0.00757652996816 0)
(0.0255984969146 -0.00821682274444 0)
(0.0259722757158 -0.00886937184318 0)
(0.0263365794643 -0.00953365178301 0)
(0.0266911652178 -0.0102091330278 0)
(0.0270358211347 -0.0108952876217 0)
(0.0273703578439 -0.0115915785453 0)
(0.0276946069949 -0.0122974611961 0)
(0.0280084279669 -0.0130123957393 0)
(0.0283117039731 -0.0137358440204 0)
(0.0286043404326 -0.014467269497 0)
(0.0288862637922 -0.0152061377156 0)
(0.0291574205163 -0.0159519168573 0)
(0.0294177761032 -0.0167040783217 0)
(0.0296673141888 -0.0174620978318 0)
(0.0299060358323 -0.0182254593123 0)
(0.0301339605441 -0.0189936724668 0)
(0.0303511222494 -0.0197662400209 0)
(0.030557565714 -0.0205426284183 0)
(0.0307533511573 -0.021322310702 0)
(0.0309385545103 -0.0221047808926 0)
(0.0311132654309 -0.0228895404684 0)
(0.0312775865803 -0.023676095447 0)
(0.0314316332233 -0.0244639556645 0)
(0.0315755329523 -0.0252526344728 0)
(0.0317094255147 -0.0260416485303 0)
(0.031833462722 -0.0268305176026 0)
(0.0319478084511 -0.0276187643932 0)
(0.032052638726 -0.0284059143964 0)
(0.0321481418796 -0.029191495807 0)
(0.0322345187742 -0.029975039496 0)
(0.0323119830218 -0.0307560791451 0)
(0.0323807609395 -0.0315341518471 0)
(0.0324410900696 -0.0323088007754 0)
(0.0324932111313 -0.0330795879364 0)
(0.032537377205 -0.0338460813264 0)
(0.0325738819548 -0.0346078161582 0)
(0.0326030415464 -0.0353643230252 0)
(0.032625174295 -0.0361151589156 0)
(0.0326406115925 -0.0368598919274 0)
(0.032649700223 -0.0375980989145 0)
(0.0326528026892 -0.0383293654388 0)
(0.0326502962995 -0.0390532840556 0)
(0.032642567499 -0.0397694413244 0)
(0.032630147045 -0.0404772159571 0)
(0.0155848266468 0.0035129534684 0)
(0.0160202730795 0.00327578352506 0)
(0.0164605424447 0.00302479606282 0)
(0.0169056352488 0.00275883183109 0)
(0.0173550040838 0.00247746635172 0)
(0.0178080411467 0.00218039879177 0)
(0.0182641129848 0.001867387064 0)
(0.0187225703015 0.00153823709015 0)
(0.0191827531563 0.00119280143661 0)
(0.0196439953005 0.000830979342513 0)
(0.0201056282668 0.000452716557321 0)
(0.0205669853358 5.80048407798e-05 0)
(0.0210274052994 -0.000353119001214 0)
(0.0214862360282 -0.000780574415104 0)
(0.0219428377418 -0.00122423878679 0)
(0.0223965860554 -0.00168394940261 0)
(0.0228468749233 -0.00215950586373 0)
(0.0232931206615 -0.00265067351931 0)
(0.0237347725843 -0.00315719099098 0)
(0.0241713056413 -0.00367876776393 0)
(0.0246021941271 -0.00421506984803 0)
(0.0250269312351 -0.00476573279201 0)
(0.0254450504665 -0.00533037644334 0)
(0.0258561151879 -0.00590860115917 0)
(0.0262597166558 -0.00649998873814 0)
(0.0266554735753 -0.00710410429634 0)
(0.0270430319026 -0.00772049822316 0)
(0.0274220645416 -0.00834870809526 0)
(0.0277922710576 -0.00898826060305 0)
(0.0281533776367 -0.00963867404077 0)
(0.0285051390819 -0.0102994638428 0)
(0.0288473312188 -0.0109701323654 0)
(0.0291797500048 -0.0116501704314 0)
(0.0295022181306 -0.0123390695093 0)
(0.0298145817176 -0.0130363188787 0)
(0.0301167090907 -0.0137414057531 0)
(0.030408489934 -0.0144538159434 0)
(0.030689834571 -0.0151730345934 0)
(0.0309606732431 -0.0158985469588 0)
(0.0312209554452 -0.0166298396962 0)
(0.0314706494052 -0.017366404871 0)
(0.031709743125 -0.0181077574296 0)
(0.0319382407754 -0.0188534033721 0)
(0.0321561596928 -0.0196028112302 0)
(0.0323635346139 -0.0203554543577 0)
(0.0325604178543 -0.0211108253052 0)
(0.0327468775871 -0.0218684228352 0)
(0.0329229972246 -0.0226277493676 0)
(0.0330888750626 -0.0233883105885 0)
(0.03324462401 -0.0241496154751 0)
(0.0333903713826 -0.0249111764205 0)
(0.0335262587418 -0.0256725093694 0)
(0.033652441782 -0.0264331339848 0)
(0.0337690902572 -0.0271925738274 0)
(0.0338763879435 -0.0279503565796 0)
(0.0339745326174 -0.0287060143127 0)
(0.0340637359959 -0.0294590838839 0)
(0.0341442233845 -0.0302091077597 0)
(0.0342162318998 -0.0309556368538 0)
(0.0342800022218 -0.0316982433508 0)
(0.0343357871101 -0.0324365080322 0)
(0.0343838786245 -0.0331699817362 0)
(0.0344245901066 -0.0338982132872 0)
(0.0344582357875 -0.0346207801414 0)
(0.034485141139 -0.0353372730387 0)
(0.0345056447843 -0.0360472934388 0)
(0.0345200984872 -0.0367504531808 0)
(0.034528865908 -0.0374463724203 0)
(0.0345323164049 -0.0381346660421 0)
(0.0345309280656 -0.0388147283618 0)
(0.0169505144525 0.00365459329048 0)
(0.0173824541678 0.00341518844628 0)
(0.0178185191692 0.003163038678 0)
(0.0182587522763 0.0028970906853 0)
(0.018702673649 0.00261698468857 0)
(0.0191497547811 0.00232247055521 0)
(0.0195994478166 0.00201334666394 0)
(0.0200511928168 0.00168944949708 0)
(0.0205044211672 0.00135065218176 0)
(0.0209585583773 0.00099686451673 0)
(0.0214130267752 0.000628033008586 0)
(0.0218672481982 0.000244140754628 0)
(0.0223206466069 -0.000154792955703 0)
(0.0227726506432 -0.000568713236432 0)
(0.0232226960525 -0.0009975304688 0)
(0.0236702280396 -0.00144112136768 0)
(0.0241147036725 -0.00189933044473 0)
(0.0245555954002 -0.0023719724622 0)
(0.0249924007225 -0.00285883894487 0)
(0.0254246355972 -0.00335969493283 0)
(0.0258518107193 -0.00387426407833 0)
(0.0262734496079 -0.00440224075912 0)
(0.0266891083984 -0.00494330397323 0)
(0.0270983667191 -0.00549711296887 0)
(0.0275008263156 -0.00606330764382 0)
(0.0278961110881 -0.00664150995139 0)
(0.0282838673546 -0.00723132546143 0)
(0.0286637640164 -0.00783234494488 0)
(0.0290354927297 -0.0084441460313 0)
(0.0293987682871 -0.00906629545667 0)
(0.0297533308429 -0.00969835428964 0)
(0.0300989393453 -0.0103398681104 0)
(0.030435371101 -0.0109903684687 0)
(0.03076242811 -0.0116493846087 0)
(0.0310799343538 -0.0123164408009 0)
(0.0313877349537 -0.0129910565458 0)
(0.0316856956534 -0.0136727473184 0)
(0.0319737023887 -0.0143610253991 0)
(0.0322516608318 -0.0150554007639 0)
(0.0325194959599 -0.0157553824753 0)
(0.0327771517135 -0.0164604826957 0)
(0.0330245919484 -0.0171702336893 0)
(0.0332617974697 -0.0178841574318 0)
(0.033488763715 -0.0186017383395 0)
(0.0337055043445 -0.0193224641641 0)
(0.0339120512708 -0.0200458400397 0)
(0.0341084532538 -0.0207713761973 0)
(0.0342947753795 -0.0214985857381 0)
(0.0344710987339 -0.0222269844845 0)
(0.0346375201276 -0.0229560912311 0)
(0.0347941518544 -0.0236854280858 0)
(0.0349411214684 -0.0244145208183 0)
(0.0350785715832 -0.0251428992272 0)
(0.0352066596842 -0.0258700975099 0)
(0.0353255579521 -0.0265956546591 0)
(0.0354354530819 -0.0273191148835 0)
(0.0355365460433 -0.028040028132 0)
(0.0356290515462 -0.0287579510084 0)
(0.0357131961158 -0.029472449625 0)
(0.0357892098473 -0.0301831121693 0)
(0.0358573344083 -0.0308895365832 0)
(0.0359178492979 -0.0315912929465 0)
(0.0359710541461 -0.032287950645 0)
(0.0360172485959 -0.0329791081374 0)
(0.0360567422102 -0.0336643778853 0)
(0.0360898561465 -0.0343433837162 0)
(0.0361169229732 -0.0350157603138 0)
(0.0361382852394 -0.0356811509788 0)
(0.0361542888751 -0.0363391938152 0)
(0.0361653572898 -0.0369892962251 0)
(0.0181831901629 0.00373787845101 0)
(0.0186096043523 0.00349962353689 0)
(0.0190395049831 0.00324958754407 0)
(0.0194729805422 0.00298682045514 0)
(0.0199096134683 0.00271102223789 0)
(0.0203489428205 0.00242198962807 0)
(0.0207904907727 0.00211955925242 0)
(0.0212337690567 0.00180359805987 0)
(0.0216782817749 0.0014740020833 0)
(0.022123527567 0.00113069659457 0)
(0.0225690016261 0.000773636308467 0)
(0.0230141976974 0.000402805488804 0)
(0.0234586100195 1.82178505599e-05 0)
(0.0239017352463 -0.000380083672171 0)
(0.0243430742897 -0.00079202735619 0)
(0.0247821341581 -0.00121751327279 0)
(0.0252184298979 -0.00165641421314 0)
(0.0256514876041 -0.00210857755337 0)
(0.0260808530732 -0.00257383108227 0)
(0.0265060857951 -0.00305197927644 0)
(0.0269267375218 -0.00354278823968 0)
(0.0273423687262 -0.00404599706236 0)
(0.0277525666005 -0.00456133092561 0)
(0.0281569369618 -0.00508849634529 0)
(0.0285551032091 -0.0056271811465 0)
(0.0289467065847 -0.00617705546015 0)
(0.029331406658 -0.00673777291452 0)
(0.029708881735 -0.00730897188796 0)
(0.0300788292799 -0.00789027687082 0)
(0.030440966529 -0.00848130042179 0)
(0.0307950327614 -0.00908164799483 0)
(0.0311407836618 -0.00969090853164 0)
(0.0314779912029 -0.0103086557597 0)
(0.0318064495642 -0.0109344592937 0)
(0.0321259729338 -0.0115678820827 0)
(0.0324363949742 -0.0122084806161 0)
(0.032737568565 -0.0128558056649 0)
(0.0330293656064 -0.0135094031269 0)
(0.0333116767816 -0.0141688149428 0)
(0.0335844113168 -0.0148335805019 0)
(0.0338474967723 -0.0155032405432 0)
(0.0341008798123 -0.0161773534106 0)
(0.0343445239969 -0.0168554663779 0)
(0.03457840822 -0.0175370898904 0)
(0.0348025294805 -0.018221736504 0)
(0.0350169027209 -0.018908934359 0)
(0.0352215597819 -0.0195982156637 0)
(0.0354165489903 -0.0202891147376 0)
(0.0356019348736 -0.0209811680247 0)
(0.0357777978963 -0.0216739144802 0)
(0.0359442342085 -0.0223668960401 0)
(0.036101355395 -0.02305965809 0)
(0.0362492882289 -0.0237517499456 0)
(0.0363881744226 -0.0244427253242 0)
(0.0365181703764 -0.025132142831 0)
(0.0366394469089 -0.0258195664551 0)
(0.0367521889227 -0.026504566149 0)
(0.0368565947772 -0.0271867187677 0)
(0.0369528743139 -0.0278656108524 0)
(0.0370412407205 -0.0285408507335 0)
(0.0371219181455 -0.0292120567166 0)
(0.0371951671061 -0.0298788209081 0)
(0.0372612672005 -0.0305407352646 0)
(0.0373204973869 -0.0311974201198 0)
(0.0373731455529 -0.0318485096448 0)
(0.0374195100549 -0.0324936492315 0)
(0.0374598994534 -0.0331324948981 0)
(0.0374946309866 -0.0337647109863 0)
(0.037524023675 -0.0343899564007 0)
(0.0375484467085 -0.0350076520566 0)
(0.0192781517814 0.00376731617128 0)
(0.0196972678328 0.00353348579742 0)
(0.0201193338317 0.00328879718876 0)
(0.0205444659765 0.0030323912555 0)
(0.0209722926795 0.00276401585297 0)
(0.0214024054825 0.00248350610258 0)
(0.0218343823415 0.00219073114568 0)
(0.0222677928803 0.00188558504381 0)
(0.0227022004849 0.0015679855292 0)
(0.0231371638805 0.00123787412276 0)
(0.0235722386117 0.00089521636149 0)
(0.0240069785353 0.000540001981692 0)
(0.0244409372842 0.00017224495961 0)
(0.0248736697404 -0.000208016537858 0)
(0.0253047334613 -0.000600720350173 0)
(0.0257336901333 -0.00100578063839 0)
(0.0261601071472 -0.0014230884964 0)
(0.0265835601714 -0.00185251344698 0)
(0.0270036408547 -0.00229390876635 0)
(0.0274199513337 -0.00274710753681 0)
(0.0278320848904 -0.0032119077635 0)
(0.0282396408103 -0.00368808306663 0)
(0.0286422406073 -0.00417539504298 0)
(0.0290395207813 -0.00467358832187 0)
(0.0294311319689 -0.00518239024172 0)
(0.0298167392888 -0.0057015115323 0)
(0.0301960229047 -0.00623064720774 0)
(0.030568678537 -0.00676947753799 0)
(0.0309344179959 -0.0073176691465 0)
(0.0312929698916 -0.00787487668675 0)
(0.0316440818206 -0.00844074724915 0)
(0.0319875155451 -0.00901491141093 0)
(0.0323230470737 -0.00959698435405 0)
(0.0326504720631 -0.0101865762494 0)
(0.0329696040378 -0.0107832897999 0)
(0.0332802740796 -0.011386720406 0)
(0.0335823307526 -0.0119964568534 0)
(0.033875640073 -0.0126120821133 0)
(0.0341600854297 -0.0132331742254 0)
(0.0344355674827 -0.0138593076499 0)
(0.034702004033 -0.0144900569689 0)
(0.0349593305365 -0.0151250122009 0)
(0.0352074987065 -0.0157637519975 0)
(0.0354464757357 -0.0164058195446 0)
(0.0356762461392 -0.017050759173 0)
(0.0358968113706 -0.0176981290824 0)
(0.0361081891609 -0.0183474906224 0)
(0.0363104132235 -0.0189984065527 0)
(0.036503533021 -0.0196504411507 0)
(0.0366876135301 -0.020303160667 0)
(0.0368627350041 -0.0209561338553 0)
(0.0370289927246 -0.0216089324982 0)
(0.0371864967456 -0.0222611319376 0)
(0.0373353716271 -0.0229123115919 0)
(0.037475756156 -0.0235620554784 0)
(0.0376078030437 -0.0242099527365 0)
(0.0377316785544 -0.0248555982218 0)
(0.0378475618484 -0.0254985934294 0)
(0.0379556430147 -0.0261385491588 0)
(0.0380561150902 -0.0267750970101 0)
(0.038149181393 -0.0274078781953 0)
(0.0382350802277 -0.0280365091941 0)
(0.0383140680118 -0.0286606064288 0)
(0.0383863999672 -0.0292798132905 0)
(0.0384523394416 -0.0298937863089 0)
(0.0385121593791 -0.0305021926231 0)
(0.0385661420293 -0.0311047093549 0)
(0.0386145773821 -0.0317010213197 0)
(0.0386577560756 -0.0322908075387 0)
(0.0386959952668 -0.0328735048034 0)
(0.0202333720869 0.00374589688931 0)
(0.0206438385374 0.00351974429592 0)
(0.0210567775762 0.00328362324112 0)
(0.0214723314323 0.00303676318825 0)
(0.0218901698567 0.00277895388029 0)
(0.0223099300588 0.00251006333521 0)
(0.0227312378131 0.00222998861407 0)
(0.0231537120352 0.00193864739402 0)
(0.0235769664756 0.00163597680235 0)
(0.0240006109444 0.00132193352676 0)
(0.0244242524473 0.000996494049866 0)
(0.0248474963409 0.000659654863311 0)
(0.0252699474697 0.00031143257557 0)
(0.0256912113226 -4.81360436918e-05 0)
(0.0261108951609 -0.000418994132961 0)
(0.0265286091866 -0.000801064902 0)
(0.0269439678346 -0.00119425205387 0)
(0.0273565919818 -0.00159844103578 0)
(0.0277661157998 -0.00201350395102 0)
(0.0281721817362 -0.00243929556667 0)
(0.0285744230778 -0.00287563887656 0)
(0.0289724773168 -0.00332233515385 0)
(0.0293660007117 -0.00377917557496 0)
(0.0297546617815 -0.00424593625496 0)
(0.0301381405756 -0.004722377734 0)
(0.0305161290336 -0.00520824543207 0)
(0.0308883315527 -0.00570327031585 0)
(0.0312544655212 -0.00620716964874 0)
(0.0316142618794 -0.00671964787151 0)
(0.0319674658433 -0.00724039803263 0)
(0.0323138389283 -0.00776910578397 0)
(0.0326531548407 -0.00830544094333 0)
(0.0329851996692 -0.00884905843967 0)
(0.0333097767195 -0.00939960793043 0)
(0.0336267050676 -0.00995673144478 0)
(0.0339358194009 -0.0105200634932 0)
(0.034236970061 -0.0110892316751 0)
(0.0345300231192 -0.0116638574043 0)
(0.034814860402 -0.0122435567216 0)
(0.0350913794782 -0.0128279415516 0)
(0.0353594935612 -0.0134166231457 0)
(0.0356191317119 -0.0140092263289 0)
(0.0358702382643 -0.0146053646618 0)
(0.0361127728262 -0.0152046180906 0)
(0.0363467111392 -0.015806566984 0)
(0.0365720444475 -0.0164108039899 0)
(0.0367887792262 -0.0170169241232 0)
(0.0369969370039 -0.0176245232041 0)
(0.0371965541861 -0.0182331980103 0)
(0.037387681859 -0.0188425467525 0)
(0.0375703855805 -0.0194521696169 0)
(0.0377447451535 -0.0200616693026 0)
(0.0379108543855 -0.0206706515609 0)
(0.0380688208319 -0.0212787257172 0)
(0.0382187655224 -0.0218855051961 0)
(0.0383608226599 -0.0224906080406 0)
(0.0384951392502 -0.0230936574931 0)
(0.0386218744515 -0.0236942828797 0)
(0.0387411976491 -0.0242921221213 0)
(0.0388532806316 -0.0248868325205 0)
(0.0389583047349 -0.025478080288 0)
(0.0390564850098 -0.0260655083173 0)
(0.0391480537119 -0.0266487592981 0)
(0.0392332413557 -0.0272275010436 0)
(0.039312285872 -0.0278014135016 0)
(0.0393854340526 -0.0283701863557 0)
(0.0394529412676 -0.0289335184011 0)
(0.039515069902 -0.0294911153217 0)
(0.0395720821586 -0.0300426766547 0)
(0.0396242465587 -0.0305876587267 0)
(0.0210497483691 0.00367477274372 0)
(0.0214505179564 0.00345947494573 0)
(0.0218533391679 0.00323509149496 0)
(0.0222583773529 0.00300093609771 0)
(0.022665339759 0.00275683364126 0)
(0.0230739042417 0.00250267918285 0)
(0.0234837386626 0.00223839276973 0)
(0.0238945050109 0.00196391168316 0)
(0.0243058608655 0.00167918934952 0)
(0.0247174604143 0.00138419543096 0)
(0.0251289553787 0.00107891604535 0)
(0.0255399959518 0.00076335397957 0)
(0.0259502317157 0.000437528821662 0)
(0.0263593125789 0.000101477046791 0)
(0.0267668896918 -0.000244747985931 0)
(0.0271726164039 -0.000601076112584 0)
(0.0275761493394 -0.00096742067112 0)
(0.0279771503065 -0.00134367957867 0)
(0.0283752924056 -0.00172973986983 0)
(0.0287702554445 -0.00212547378816 0)
(0.0291617102206 -0.00253072501702 0)
(0.0295493305389 -0.00294531807869 0)
(0.0299328062586 -0.00336906919203 0)
(0.0303118374301 -0.00380178142255 0)
(0.0306861336482 -0.00424324406136 0)
(0.0310554143905 -0.00469323292024 0)
(0.0314194095535 -0.00515151083146 0)
(0.0317778599654 -0.00561782822885 0)
(0.0321305179301 -0.00609192385566 0)
(0.0324771479152 -0.00657352598476 0)
(0.0328175283785 -0.00706235602027 0)
(0.0331514482776 -0.00755812062935 0)
(0.0334787073153 -0.00806051253329 0)
(0.0337991201976 -0.00856921933034 0)
(0.0341125154546 -0.00908392125645 0)
(0.0344187353793 -0.00960429123824 0)
(0.0347176361387 -0.0101299954137 0)
(0.0350090879116 -0.0106606937703 0)
(0.0352929749751 -0.0111960408694 0)
(0.0355691957431 -0.0117356869853 0)
(0.035837662663 -0.012279281256 0)
(0.0360983020766 -0.0128264847803 0)
(0.0363510544494 -0.0133769478104 0)
(0.0365958751274 -0.0139302892137 0)
(0.0368327341963 -0.0144861277719 0)
(0.0370616155888 -0.0150440930919 0)
(0.0372825171908 -0.0156038165097 0)
(0.0374954507764 -0.0161649296789 0)
(0.0377004418873 -0.0167270647359 0)
(0.0378975296769 -0.0172898547613 0)
(0.0380867667359 -0.0178529343043 0)
(0.0382682188975 -0.0184159399009 0)
(0.0384419650242 -0.0189785105934 0)
(0.0386080967768 -0.0195402884323 0)
(0.0387667183638 -0.0201009189792 0)
(0.0389179462622 -0.0206600518027 0)
(0.0390619088692 -0.0212173410278 0)
(0.0391987458794 -0.0217724461639 0)
(0.0393286064143 -0.022325034438 0)
(0.0394516413358 -0.0228747907933 0)
(0.0395680102771 -0.0234214081979 0)
(0.0396779054418 -0.0239645577633 0)
(0.0397815353775 -0.0245039101487 0)
(0.0398791063094 -0.0250391590353 0)
(0.0399708312077 -0.0255700090742 0)
(0.0400569312377 -0.0260961736493 0)
(0.0401376355056 -0.0266173742772 0)
(0.0402131795251 -0.0271333384889 0)
(0.0402837980046 -0.0276437874 0)
(0.0403497150499 -0.0281482014495 0)
(0.0217306619142 0.00355257221519 0)
(0.0221209245154 0.00335125306043 0)
(0.0225128825185 0.00314174002649 0)
(0.0229067185957 0.00292342768428 0)
(0.0233021720778 0.00269616990237 0)
(0.0236989557958 0.00245988322578 0)
(0.0240967739799 0.0022145058725 0)
(0.0244953259417 0.00195999064772 0)
(0.0248943073096 0.00169630391156 0)
(0.0252934108661 0.00142342562758 0)
(0.0256923273004 0.00114134954317 0)
(0.0260907459767 0.000850083375159 0)
(0.0264883556829 0.000549648934884 0)
(0.026884845402 0.000240082221123 0)
(0.0272799050643 -7.85665563648e-05 0)
(0.0276732263417 -0.000406233014543 0)
(0.0280645035517 -0.000742838834023 0)
(0.0284534353179 -0.00108829270464 0)
(0.0288397300314 -0.00144249449887 0)
(0.0292231016561 -0.00180533154466 0)
(0.0296032555342 -0.00217666571477 0)
(0.0299798992101 -0.00255634213151 0)
(0.0303527541308 -0.00294419920563 0)
(0.0307215503432 -0.00334006401105 0)
(0.0310860259052 -0.00374375161737 0)
(0.0314459271906 -0.00415506527499 0)
(0.0318010093761 -0.00457379679218 0)
(0.0321510369128 -0.00499972698759 0)
(0.0324957840306 -0.00543262626159 0)
(0.0328350353676 -0.00587225563673 0)
(0.0331685875866 -0.00631836998113 0)
(0.0334962464219 -0.00677071076391 0)
(0.0338178269429 -0.0072290067132 0)
(0.0341331572566 -0.0076929818245 0)
(0.0344420775429 -0.00816235326182 0)
(0.0347444400546 -0.00863683136231 0)
(0.0350401092636 -0.0091161200727 0)
(0.0353289620286 -0.00959991749821 0)
(0.035610887714 -0.0100879165337 0)
(0.0358857882505 -0.0105798058753 0)
(0.0361535780018 -0.0110752728622 0)
(0.03641418327 -0.011574015366 0)
(0.036667543292 -0.0120757210722 0)
(0.0369136117136 -0.0125800488096 0)
(0.0371523554644 -0.0130866569913 0)
(0.0373837535956 -0.0135952135261 0)
(0.0376077977445 -0.0141053875509 0)
(0.0378244921736 -0.0146168481549 0)
(0.0380338536992 -0.0151292645366 0)
(0.0382359115743 -0.0156423064322 0)
(0.038430707349 -0.0161556446005 0)
(0.0386182947088 -0.0166689513028 0)
(0.0387987392942 -0.0171819007847 0)
(0.0389721185015 -0.0176941697416 0)
(0.0391385212625 -0.0182054377837 0)
(0.0392980477969 -0.0187153878946 0)
(0.0394508092956 -0.019223706938 0)
(0.0395969273357 -0.0197300864169 0)
(0.0397365320641 -0.0202342246092 0)
(0.0398697546158 -0.0207358357148 0)
(0.0399967340958 -0.0212346409998 0)
(0.0401176411736 -0.0217303414432 0)
(0.0402326620471 -0.02222263731 0)
(0.0403419799569 -0.0227112496382 0)
(0.0404457842302 -0.0231959092 0)
(0.0405442717573 -0.0236763544468 0)
(0.0406376467795 -0.0241523309489 0)
(0.040726119404 -0.0246235894158 0)
(0.0408098984551 -0.0250898740171 0)
(0.0408891683685 -0.0255506946283 0)
(0.0222813414987 0.00337491297723 0)
(0.022660553214 0.00319068130009 0)
(0.0230411631808 0.00299916403658 0)
(0.0234233676587 0.00279983529767 0)
(0.0238069341736 0.00259257354529 0)
(0.0241916059846 0.00237731257249 0)
(0.0245771188667 0.00215400490786 0)
(0.024963204484 0.00192261545556 0)
(0.0253495914696 0.00168312053548 0)
(0.0257360061297 0.00143550789271 0)
(0.0261221730677 0.00117977683404 0)
(0.0265078158203 0.000915938376848 0)
(0.0268926574752 0.000644015353597 0)
(0.0272764213108 0.000364042494602 0)
(0.0276588314183 7.6066457293e-05 0)
(0.0280396133656 -0.000219854193684 0)
(0.0284184949608 -0.000523649179492 0)
(0.0287952077039 -0.000835237342531 0)
(0.0291694916951 -0.00115453044337 0)
(0.0295410917771 -0.00148142969172 0)
(0.0299097446605 -0.00181581386404 0)
(0.0302751887137 -0.00215754725448 0)
(0.0306371744908 -0.00250648882501 0)
(0.0309954599093 -0.00286248789587 0)
(0.0313498097042 -0.00322538347625 0)
(0.0316999956927 -0.00359500437401 0)
(0.0320457972063 -0.00397116948135 0)
(0.0323870015133 -0.00435368812832 0)
(0.0327234042714 -0.00474236054474 0)
(0.0330548100889 -0.00513697874437 0)
(0.0333810339366 -0.00553732938048 0)
(0.0337018986554 -0.00594318717795 0)
(0.0340172352164 -0.00635431547757 0)
(0.0343268859102 -0.00677047340966 0)
(0.0346307035538 -0.00719141396081 0)
(0.0349285515272 -0.00761688394195 0)
(0.035220303933 -0.00804662434781 0)
(0.0355058457736 -0.00848037082052 0)
(0.0357850730833 -0.0089178541893 0)
(0.036057892992 -0.00935880135319 0)
(0.036324223547 -0.00980293780287 0)
(0.0365839928663 -0.01024999826 0)
(0.0368371408513 -0.0106997081078 0)
(0.0370836213317 -0.0111517666469 0)
(0.0373233999975 -0.0116058725755 0)
(0.0375564529677 -0.0120617328592 0)
(0.0377827675877 -0.0125190553124 0)
(0.0380023425615 -0.0129775474506 0)
(0.0382151879226 -0.0134369166296 0)
(0.0384213249511 -0.0138968704272 0)
(0.0386207860649 -0.0143571170778 0)
(0.0388136146898 -0.0148173659029 0)
(0.0389998651107 -0.0152773277426 0)
(0.0391796023042 -0.0157367153751 0)
(0.0393529017509 -0.0161952439338 0)
(0.0395198492217 -0.0166526313202 0)
(0.0396805404947 -0.0171085986592 0)
(0.0398350808095 -0.0175628709813 0)
(0.0399835830989 -0.0180151791445 0)
(0.0401261604698 -0.0184652680732 0)
(0.0402629331912 -0.0189128887871 0)
(0.0403940522391 -0.0193577737414 0)
(0.0405196833538 -0.0197996544581 0)
(0.0406399886251 -0.0202382809016 0)
(0.0407551355751 -0.020673411515 0)
(0.04086529868 -0.021104811356 0)
(0.0409706592065 -0.0215322515833 0)
(0.0410714037917 -0.02195550765 0)
(0.0411677174263 -0.0223743485406 0)
(0.0412597499284 -0.0227883196192 0)
(0.0227085926933 0.00313410920745 0)
(0.0230764878171 0.00297006966482 0)
(0.0234455407907 0.00279967785632 0)
(0.0238159573268 0.00262248694263 0)
(0.0241875292083 0.00243839689521 0)
(0.0245600257585 0.00224735570062 0)
(0.024933209793 0.00204932735979 0)
(0.0253068407674 0.00184428628468 0)
(0.0256806757377 0.00163221641809 0)
(0.0260544699594 0.0014131112088 0)
(0.0264279774047 0.00118697370734 0)
(0.0268009512883 0.000953816680504 0)
(0.0271731445751 0.000713662695233 0)
(0.0275443105075 0.000466544189581 0)
(0.0279142031183 0.000212503502945 0)
(0.0282825777831 -4.84071336661e-05 0)
(0.0286491918673 -0.000316125757529 0)
(0.0290138060027 -0.000590581407084 0)
(0.0293761885314 -0.000871697517461 0)
(0.029736111928 -0.00115938877375 0)
(0.0300933410341 -0.00145355041497 0)
(0.0304476419782 -0.00175406535685 0)
(0.030798791714 -0.00206081236664 0)
(0.0311465735992 -0.00237366214508 0)
(0.03149077688 -0.00269247668541 0)
(0.0318311969137 -0.00301710933074 0)
(0.0321676355436 -0.00334740498972 0)
(0.0324999014664 -0.00368320041294 0)
(0.0328278106283 -0.0040243245661 0)
(0.0331511867124 -0.00437059937626 0)
(0.0334698623614 -0.00472184222461 0)
(0.0337836770705 -0.00507786010975 0)
(0.0340924774328 -0.00543845009537 0)
(0.0343961198697 -0.00580340562412 0)
(0.0346944699754 -0.00617251477646 0)
(0.0349874025741 -0.00654556021507 0)
(0.0352748018806 -0.00692231947636 0)
(0.0355565616769 -0.00730256535538 0)
(0.0358325854447 -0.00768606635841 0)
(0.0361027864245 -0.00807258745782 0)
(0.0363670873847 -0.00846189228808 0)
(0.0366254194421 -0.00885375248998 0)
(0.0368777244299 -0.00924793136491 0)
(0.03712395766 -0.0096441691269 0)
(0.0373640849757 -0.0100422053136 0)
(0.0375980810584 -0.0104417865767 0)
(0.0378259305291 -0.0108426601382 0)
(0.0380476281618 -0.0112445727728 0)
(0.0382631788899 -0.0116472709225 0)
(0.0384725977506 -0.0120505010263 0)
(0.0386759098022 -0.0124540098967 0)
(0.0388731500211 -0.0128575450944 0)
(0.0390643631808 -0.013260855304 0)
(0.0392496037135 -0.0136636906992 0)
(0.0394289355525 -0.014065803308 0)
(0.0396024319491 -0.0144669473728 0)
(0.0397701752234 -0.0148668797492 0)
(0.0399322562525 -0.0152653605047 0)
(0.0400887727409 -0.0156621546124 0)
(0.040239821718 -0.0160570392258 0)
(0.0403855065797 -0.0164497966409 0)
(0.0405259607306 -0.0168401924925 0)
(0.0406613316362 -0.0172279913343 0)
(0.0407917623664 -0.0176129737842 0)
(0.0409174007716 -0.0179949276994 0)
(0.0410384010618 -0.0183736465108 0)
(0.0411549237022 -0.018748928753 0)
(0.0412671340734 -0.0191205764506 0)
(0.0413751956531 -0.0194883854348 0)
(0.0414792288417 -0.0198519434019 0)
(0.0230205506456 0.00281886783081 0)
(0.0233771820168 0.00267811690953 0)
(0.0237347850541 0.00253198069081 0)
(0.0240935691175 0.00238009287234 0)
(0.0244533455829 0.00222237373376 0)
(0.0248139053556 0.00205878383789 0)
(0.0251750339719 0.00188929694793 0)
(0.0255365144463 0.00171389528065 0)
(0.0258981280646 0.00153256875272 0)
(0.0262596548616 0.00134531494884 0)
(0.0266208740361 0.00115213919227 0)
(0.0269815643845 0.000953054633203 0)
(0.0273415047176 0.000748082316341 0)
(0.0277004742948 0.000537251245075 0)
(0.0280582532352 0.000320598421828 0)
(0.0284146229628 9.81688643761e-05 0)
(0.0287693667383 -0.00012998450467 0)
(0.0291222707814 -0.00036380147592 0)
(0.029473128335 -0.000603217513571 0)
(0.0298217363165 -0.000848161000468 0)
(0.0301678844574 -0.00109854390679 0)
(0.0305113635461 -0.00135426797756 0)
(0.030851974178 -0.0016152318041 0)
(0.0311895226535 -0.0018813273488 0)
(0.0315238204692 -0.00215243935123 0)
(0.0318546844787 -0.00242844535292 0)
(0.032181937195 -0.00270921586712 0)
(0.0325054070883 -0.00299461460413 0)
(0.0328249289162 -0.00328449878105 0)
(0.0331403441364 -0.00357871975147 0)
(0.0334515019601 -0.00387712514023 0)
(0.0337582575588 -0.00417955379947 0)
(0.0340604722915 -0.00448583617504 0)
(0.0343580160436 -0.00479579972667 0)
(0.0346507666819 -0.00510926740555 0)
(0.0349386101256 -0.00542605758778 0)
(0.0352214405054 -0.00574598430806 0)
(0.0354991603386 -0.0060688575723 0)
(0.0357716806638 -0.00639448372634 0)
(0.0360389210948 -0.00672266608197 0)
(0.0363008095411 -0.00705320677686 0)
(0.0365572807278 -0.0073859147694 0)
(0.0368082791501 -0.00772059180875 0)
(0.0370537623945 -0.00805701976953 0)
(0.0372936973917 -0.00839497986425 0)
(0.0375280584741 -0.00873425930926 0)
(0.0377568287475 -0.00907464569485 0)
(0.0379800003739 -0.00941592610096 0)
(0.0381975746044 -0.00975788718596 0)
(0.0384095617437 -0.0101003154611 0)
(0.0386159810864 -0.010442997606 0)
(0.0388168608348 -0.0107857207827 0)
(0.0390122379997 -0.0111282729528 0)
(0.0392021582854 -0.0114704431849 0)
(0.0393866759569 -0.011812021963 0)
(0.0395658536844 -0.0121528014918 0)
(0.0397397623206 -0.0124925760342 0)
(0.0399084804192 -0.0128311424218 0)
(0.0400720925279 -0.0131683015053 0)
(0.0402306816582 -0.0135038644067 0)
(0.0403843364203 -0.0138376464669 0)
(0.0405331749049 -0.0141694484717 0)
(0.0406773286317 -0.0144990700572 0)
(0.040816923941 -0.0148263244894 0)
(0.0409520913132 -0.0151510310543 0)
(0.0410829670133 -0.015473013625 0)
(0.0412096930416 -0.0157921002614 0)
(0.0413324158792 -0.0161081217997 0)
(0.0414512799214 -0.0164209033466 0)
(0.0415663813108 -0.0167300827221 0)
(0.0232265542678 0.00241397538789 0)
(0.0235723876502 0.00229955774137 0)
(0.0239190394749 0.00218077521971 0)
(0.024266722577 0.00205734332586 0)
(0.0246152670758 0.00192920175701 0)
(0.024964483594 0.00179632230727 0)
(0.0253141778375 0.00165868708133 0)
(0.0256641533185 0.00151628470869 0)
(0.0260142120961 0.00136910976148 0)
(0.0263641552154 0.0012171627393 0)
(0.0267137831008 0.00106045011959 0)
(0.027062895986 0.000898984403726 0)
(0.0274112943498 0.000732784125994 0)
(0.0277587793822 0.000561873840939 0)
(0.0281051534203 0.00038628409361 0)
(0.0284502203461 0.000206051413348 0)
(0.0287937859492 2.1218256476e-05 0)
(0.0291356587708 -0.000168167430506 0)
(0.0294756537361 -0.000362054562946 0)
(0.0298135888851 -0.000560386347679 0)
(0.0301492754399 -0.00076309296166 0)
(0.0304825258967 -0.000970096270187 0)
(0.0308131621848 -0.00118131550562 0)
(0.0311410116406 -0.00139666433065 0)
(0.0314659063229 -0.00161605039765 0)
(0.0317876829845 -0.00183937543862 0)
(0.032106183223 -0.00206653546543 0)
(0.0324212536764 -0.00229742100036 0)
(0.0327327462855 -0.00253191736284 0)
(0.0330405186576 -0.00276990521146 0)
(0.0333444350092 -0.00301126232971 0)
(0.0336443646517 -0.00325585945574 0)
(0.0339401822305 -0.00350356059129 0)
(0.0342317697634 -0.00375422748667 0)
(0.034519016185 -0.00400771836111 0)
(0.0348018174242 -0.00426388782012 0)
(0.0350800765753 -0.00452258705251 0)
(0.0353537041024 -0.00478366406339 0)
(0.0356226180041 -0.00504696394024 0)
(0.0358867438815 -0.00531232933018 0)
(0.0361460146229 -0.00557960193801 0)
(0.0364003686596 -0.00584862909484 0)
(0.0366497534253 -0.00611925216358 0)
(0.0368941291619 -0.00639129607055 0)
(0.0371334644595 -0.00666458515206 0)
(0.0373677340767 -0.00693894864114 0)
(0.0375969205396 -0.0072142160041 0)
(0.0378210144763 -0.00749021619998 0)
(0.0380400146657 -0.00776677774492 0)
(0.0382539280123 -0.00804372893071 0)
(0.038462769493 -0.00832089807797 0)
(0.0386665620881 -0.00859811378895 0)
(0.038865336697 -0.00887520520291 0)
(0.0390591320407 -0.00915200224469 0)
(0.0392479945484 -0.00942833587413 0)
(0.0394319782217 -0.00970403833311 0)
(0.0396111444355 -0.00997894341987 0)
(0.0397855614767 -0.0102528869052 0)
(0.039955302846 -0.0105257077243 0)
(0.040120439652 -0.0107972531376 0)
(0.0402810478782 -0.0110673737275 0)
(0.0404372326378 -0.0113359078633 0)
(0.0405891119246 -0.0116026927901 0)
(0.0407367977371 -0.0118675768891 0)
(0.0408804055903 -0.0121304133621 0)
(0.0410200562296 -0.0123910590415 0)
(0.0411558756288 -0.0126493740528 0)
(0.0412879938151 -0.0129052206282 0)
(0.0414165385934 -0.0131584559786 0)
(0.0415415868766 -0.013408777204 0)
(0.0233377196436 0.00189987092314 0)
(0.0236736376213 0.00181474095143 0)
(0.0240102565119 0.00172634881858 0)
(0.0243477906126 0.001634491278 0)
(0.0246860866131 0.00153912570657 0)
(0.025024972373 0.00144023314678 0)
(0.0253642710527 0.00133780217954 0)
(0.0257038037082 0.00123182615784 0)
(0.0260433899201 0.00112230282431 0)
(0.0263828480925 0.00100923436175 0)
(0.0267219956827 0.000892627500895 0)
(0.0270606494734 0.000772493623818 0)
(0.0273986258929 0.000648848814483 0)
(0.0277357415422 0.000521713818332 0)
(0.0280718140626 0.000391113781098 0)
(0.0284066631535 0.00025707767826 0)
(0.0287401113407 0.000119637493709 0)
(0.0290719850327 -2.11728754077e-05 0)
(0.029402118626 -0.000165322636695 0)
(0.0297303476977 -0.000312778933358 0)
(0.0300565011036 -0.000463498010149 0)
(0.0303804132468 -0.000617423980634 0)
(0.0307019292444 -0.000774496270459 0)
(0.0310208991168 -0.000934649049883 0)
(0.0313371762965 -0.00109781173936 0)
(0.0316506173203 -0.00126390945102 0)
(0.0319610819475 -0.00143286326471 0)
(0.0322684334162 -0.00160459040105 0)
(0.0325725387884 -0.0017790043815 0)
(0.0328732693824 -0.00195601537273 0)
(0.0331705017351 -0.00213553151599 0)
(0.0334641163902 -0.00231745567771 0)
(0.0337539982828 -0.00250168575329 0)
(0.0340400386936 -0.00268811828951 0)
(0.0343221349843 -0.00287664769798 0)
(0.0346001905833 -0.00306716636119 0)
(0.0348741151813 -0.00325956469627 0)
(0.0351438252226 -0.00345373095717 0)
(0.0354092441892 -0.0036495512393 0)
(0.0356703026673 -0.00384690975015 0)
(0.0359269379484 -0.00404568992095 0)
(0.0361790920036 -0.00424577946478 0)
(0.0364267153023 -0.00444706142304 0)
(0.0366697709815 -0.00464940608324 0)
(0.0369082297515 -0.0048526832307 0)
(0.0371420674763 -0.0050567663849 0)
(0.0373712669464 -0.00526152918649 0)
(0.0375958182448 -0.00546684482043 0)
(0.0378157187997 -0.00567258606195 0)
(0.0380309733624 -0.0058786254412 0)
(0.0382415939591 -0.00608483543439 0)
(0.0384475998305 -0.00629108865426 0)
(0.0386490173595 -0.00649725804235 0)
(0.0388458799869 -0.00670321705587 0)
(0.0390382281139 -0.00690883985536 0)
(0.0392261089841 -0.0071140014905 0)
(0.0394095765013 -0.00731857810704 0)
(0.039588690784 -0.00752244726261 0)
(0.039763516461 -0.00772548884017 0)
(0.0399341149445 -0.00792758902813 0)
(0.0401005518612 -0.00812863645825 0)
(0.0402629218086 -0.00832851018624 0)
(0.0404213318102 -0.00852708827474 0)
(0.0405758820582 -0.00872425731842 0)
(0.0407266756556 -0.00891990752776 0)
(0.0408738203984 -0.00911393179434 0)
(0.0410174288125 -0.00930622542294 0)
(0.0411576170535 -0.0094966852139 0)
(0.0412944989433 -0.0096852039628 0)
(0.0414281370556 -0.00987154897672 0)
(0.0233683991867 0.00125297095887 0)
(0.0236958653418 0.00119998251337 0)
(0.0240239577094 0.00114494244152 0)
(0.0243528875453 0.00108772837679 0)
(0.0246825134402 0.00102831425277 0)
(0.0250126765553 0.000966688658974 0)
(0.0253432142568 0.000902844827312 0)
(0.0256739625236 0.000836778920721 0)
(0.026004756453 0.000768489806568 0)
(0.0263354304019 0.000697979125189 0)
(0.0266658179281 0.000625251444193 0)
(0.0269957515524 0.000550314489705 0)
(0.027325062182 0.000473179575081 0)
(0.0276535779326 0.000393862434666 0)
(0.0279811224368 0.000312384002617 0)
(0.028307513899 0.000228770390141 0)
(0.0286325662019 0.00014305230222 0)
(0.0289560789238 5.5330495795e-05 0)
(0.0292778638744 -3.44377076457e-05 0)
(0.0295977676123 -0.000126240089635 0)
(0.0299156735821 -0.000220198276528 0)
(0.0302314858645 -0.000316235545089 0)
(0.0305450944829 -0.000414287097319 0)
(0.0308563791476 -0.000514295544767 0)
(0.031165214226 -0.000616207004887 0)
(0.0314714722477 -0.000719968808853 0)
(0.0317750262397 -0.000825528109805 0)
(0.0320757511986 -0.000932831014627 0)
(0.0323735249966 -0.00104182203817 0)
(0.0326682289068 -0.00115244384194 0)
(0.0329597482644 -0.00126463768447 0)
(0.0332479708331 -0.00137834078403 0)
(0.0335327865416 -0.00149348609532 0)
(0.0338140887633 -0.00161000437619 0)
(0.0340917742589 -0.00172782448994 0)
(0.0343657447459 -0.00184687635141 0)
(0.0346359100722 -0.00196709778835 0)
(0.0349021896526 -0.00208842300583 0)
(0.0351645113365 -0.00221078332319 0)
(0.0354228105807 -0.00233410792913 0)
(0.0356770294887 -0.00245832496803 0)
(0.0359271143058 -0.00258336512306 0)
(0.0361730193626 -0.00270915581053 0)
(0.0364147114509 -0.00283561589093 0)
(0.0366521641974 -0.00296266386033 0)
(0.0368853554455 -0.00309022067166 0)
(0.0371142691812 -0.00321820732479 0)
(0.037338895945 -0.00334654448532 0)
(0.0375592329067 -0.00347515251637 0)
(0.0377752838595 -0.0036039515866 0)
(0.0379870591883 -0.0037328617938 0)
(0.0381945758249 -0.0038618032868 0)
(0.0383978571915 -0.00399069638806 0)
(0.0385969331337 -0.00411946171226 0)
(0.0387918398399 -0.00424802028546 0)
(0.0389826197419 -0.00437629366266 0)
(0.0391693213515 -0.00450420405882 0)
(0.0393519988305 -0.00463167455023 0)
(0.0395307102782 -0.00475862966917 0)
(0.0397055098559 -0.00488499804055 0)
(0.0398764554036 -0.00501070983963 0)
(0.0400436337722 -0.00513568880695 0)
(0.0402071439006 -0.00525985795552 0)
(0.0403670770922 -0.00538314595209 0)
(0.0405235270246 -0.00550548380052 0)
(0.0406765916025 -0.00562680421478 0)
(0.0408263730143 -0.00574704145381 0)
(0.0409729766671 -0.00586613074462 0)
(0.0411165054757 -0.00598400472666 0)
(0.0412570126258 -0.00610051395172 0)
(0.0233448517312 0.000451659543648 0)
(0.0236666680936 0.00043348374955 0)
(0.023989072579 0.000414595952906 0)
(0.0243122682457 0.000394954959575 0)
(0.0246361209019 0.000374551472982 0)
(0.0249604807818 0.000353381260644 0)
(0.0252851950228 0.000331441731692 0)
(0.0256101099924 0.000308731313326 0)
(0.0259350720617 0.000285249324234 0)
(0.0262599282237 0.000260995938738 0)
(0.0265845266404 0.000235972151662 0)
(0.02690871776 0.000210179698926 0)
(0.027232356668 0.000183620841796 0)
(0.027555302418 0.000156297909116 0)
(0.0278774088899 0.000128212636493 0)
(0.0281985143937 9.93654733942e-05 0)
(0.0285187836195 6.97543349152e-05 0)
(0.0288375819953 3.93038111688e-05 0)
(0.0291542109524 8.08693203471e-06 0)
(0.0294680714514 -2.38835262702e-05 0)
(0.0297793867765 -5.64368895597e-05 0)
(0.0300890655083 -8.96046553117e-05 0)
(0.0303969090596 -0.000123401423286 0)
(0.0307027310552 -0.000157831073565 0)
(0.0310063645382 -0.000192890295731 0)
(0.0313076571731 -0.000228570868349 0)
(0.0316064683244 -0.000264861146178 0)
(0.0319026672851 -0.000301747045669 0)
(0.032196132282 -0.00033921273592 0)
(0.0324867499542 -0.000377241210662 0)
(0.0327744153956 -0.000415815010741 0)
(0.0330590294917 -0.000454915967183 0)
(0.0333404967668 -0.000494525718599 0)
(0.0336187184604 -0.000534626898505 0)
(0.0338935754665 -0.000575202269672 0)
(0.0341649022406 -0.00061623157389 0)
(0.0344325698051 -0.000657684228128 0)
(0.0346965190292 -0.000699531583128 0)
(0.0349566940772 -0.000741746027951 0)
(0.0352130425323 -0.000784300537039 0)
(0.0354655156701 -0.000827168569031 0)
(0.0357140667921 -0.000870324910326 0)
(0.0359586559184 -0.000913743610478 0)
(0.0361992545081 -0.000957396158427 0)
(0.0364358396277 -0.00100125404139 0)
(0.036668391468 -0.00104528962074 0)
(0.0368968955997 -0.00108947533428 0)
(0.0371213435297 -0.00113378355125 0)
(0.0373417328477 -0.00117818656681 0)
(0.0375580672618 -0.00122265662719 0)
(0.0377703565977 -0.00126716596435 0)
(0.0379786167757 -0.00131168683314 0)
(0.0381828697726 -0.00135619155083 0)
(0.0383831435693 -0.00140065253682 0)
(0.0385794720831 -0.00144504235392 0)
(0.0387718950795 -0.00148933375015 0)
(0.0389604580203 -0.00153349970604 0)
(0.0391452116488 -0.00157751350462 0)
(0.0393262102968 -0.0016213489246 0)
(0.0395035039909 -0.00166498107695 0)
(0.0396771462861 -0.00170838558209 0)
(0.0398472199018 -0.00175153599362 0)
(0.0400138192943 -0.00179440563985 0)
(0.0401770306121 -0.00183696973677 0)
(0.040336942088 -0.00187920432448 0)
(0.0404936460364 -0.00192108606501 0)
(0.0406472389868 -0.00196259218959 0)
(0.0407978206755 -0.00200370029958 0)
(0.0409454883955 -0.00204438710822 0)
(0.0410902918666 -0.00208460001654 0)
(0.0186854509518 -0.0466371777392 0)
(0.0186613275355 -0.0472496678661 0)
(0.0186342293898 -0.0478748718828 0)
(0.0186033753411 -0.0485125635893 0)
(0.0185684590965 -0.0491624280062 0)
(0.0185291985288 -0.0498240825307 0)
(0.0184853328376 -0.0504970652434 0)
(0.0184366267087 -0.0511808327512 0)
(0.0183828751475 -0.0518747609343 0)
(0.0183239076843 -0.0525781473533 0)
(0.0182595915752 -0.0532902148858 0)
(0.0181898338694 -0.0540101163121 0)
(0.0181145823473 -0.0547369395819 0)
(0.0180338254132 -0.0554697134383 0)
(0.0179475910444 -0.0562074129562 0)
(0.0178559448678 -0.0569489650053 0)
(0.0177589864294 -0.057693256524 0)
(0.0176568280231 -0.0584391486166 0)
(0.0175494397903 -0.0591854508328 0)
(0.0174359353107 -0.0599307423738 0)
(0.0173166719511 -0.0606734716979 0)
(0.0171930762857 -0.0614127437511 0)
(0.0170655435823 -0.0621469750642 0)
(0.0169343459029 -0.0628747892372 0)
(0.0167997294901 -0.0635947833978 0)
(0.0166619174126 -0.0643055121075 0)
(0.0165211224135 -0.0650054880632 0)
(0.0163775493611 -0.0656931786116 0)
(0.0162313929888 -0.0663670008307 0)
(0.0160828350679 -0.0670253161846 0)
(0.0159320420229 -0.0676664250475 0)
(0.015779163029 -0.0682885611397 0)
(0.0156243284414 -0.0688898858757 0)
(0.0154676484217 -0.0694684826093 0)
(0.0153092116675 -0.0700223507766 0)
(0.0151490841792 -0.0705493999352 0)
(0.0149873080226 -0.0710474437016 0)
(0.0148239000533 -0.071514193594 0)
(0.0146588505796 -0.0719472527767 0)
(0.0144921219399 -0.0723441097116 0)
(0.0143236469751 -0.0727021317058 0)
(0.0141533273689 -0.0730185583423 0)
(0.013981031829 -0.0732904947613 0)
(0.0138065940806 -0.0735149047365 0)
(0.0136298106821 -0.0736886034724 0)
(0.0134504387216 -0.0738082500486 0)
(0.013268193484 -0.0738703394427 0)
(0.0130827461782 -0.0738711941229 0)
(0.0128937217914 -0.0738069553579 0)
(0.0127006967896 -0.0736735744133 0)
(0.0125031964864 -0.0734668035638 0)
(0.0123006919094 -0.0731821865236 0)
(0.0120925962918 -0.0728150476714 0)
(0.0118782615171 -0.0723604795547 0)
(0.0116569747882 -0.0718133283964 0)
(0.011427955586 -0.0711681774436 0)
(0.0111903528533 -0.0704193279047 0)
(0.0109432423376 -0.069560776998 0)
(0.0106856240815 -0.0685861924219 0)
(0.0104164201135 -0.067488882392 0)
(0.0101344724356 -0.0662617602286 0)
(0.00983854143521 -0.0648973023142 0)
(0.00952730488279 -0.063387498047 0)
(0.00919935771402 -0.0617237901839 0)
(0.0088532128523 -0.0598970037011 0)
(0.00848730340004 -0.0578972609951 0)
(0.00809998662964 -0.0557138808932 0)
(0.00768955033945 -0.0533352585486 0)
(0.007254222322 -0.0507487228429 0)
(0.00679218393248 -0.0479403674265 0)
(0.0063015890664 -0.0448948509608 0)
(0.00578059029357 -0.0415951615535 0)
(0.00522737451358 -0.0380223397914 0)
(0.00464021149888 -0.0341551544844 0)
(0.00401752086697 -0.0299697262063 0)
(0.00335797049961 -0.0254391016123 0)
(0.00266065557784 -0.0205328283492 0)
(0.00192560921589 -0.0152168550026 0)
(0.00115606802527 -0.00945570111263 0)
(0.000370748651459 -0.00322871698617 0)
(0.0220885552082 -0.0459592445514 0)
(0.0220603323342 -0.0465526696771 0)
(0.0220292610825 -0.0471574870953 0)
(0.0219946775063 -0.047773555041 0)
(0.0219563330797 -0.048400647064 0)
(0.0219139921346 -0.0490384920362 0)
(0.0218674275563 -0.0496867604952 0)
(0.0218164227833 -0.0503450600346 0)
(0.0217607748806 -0.0510129328208 0)
(0.0217002976958 -0.0516898540538 0)
(0.0216348248157 -0.0523752311349 0)
(0.0215642121823 -0.0530684034683 0)
(0.0214883402581 -0.0537686428288 0)
(0.0214071156399 -0.0544751541917 0)
(0.0213204720094 -0.0551870769023 0)
(0.0212283702457 -0.0559034860098 0)
(0.021130797239 -0.0566233932303 0)
(0.0210277621194 -0.0573457459882 0)
(0.0209192880678 -0.0580694254589 0)
(0.0208053935095 -0.0587932789285 0)
(0.0206860096318 -0.0595163061163 0)
(0.020559970332 -0.0602367902611 0)
(0.0204274620479 -0.0609533561506 0)
(0.0202901304328 -0.0616650445077 0)
(0.0201483581836 -0.0623700650136 0)
(0.0200023829156 -0.0630668847232 0)
(0.0198524078972 -0.0637539867445 0)
(0.0196986247725 -0.0644298088722 0)
(0.0195412156268 -0.0650927310358 0)
(0.0193803529567 -0.065741071267 0)
(0.0192161985129 -0.0663730829065 0)
(0.0190489014291 -0.0669869514692 0)
(0.0188785959488 -0.0675807909196 0)
(0.0187053989611 -0.0681526394066 0)
(0.0185294074738 -0.0687004545575 0)
(0.0183506960874 -0.0692221084171 0)
(0.0181693144911 -0.0697153821 0)
(0.0179852849772 -0.0701779602047 0)
(0.0177985999578 -0.0706074250193 0)
(0.0176092194592 -0.0710012505444 0)
(0.0174170685718 -0.0713567963372 0)
(0.0172220348302 -0.0716713011816 0)
(0.0170239655058 -0.0719418765695 0)
(0.0168226648008 -0.0721654999747 0)
(0.0166178909493 -0.0723390078917 0)
(0.0164093532403 -0.0724590886077 0)
(0.0161967089744 -0.0725222746737 0)
(0.0159795603574 -0.0725249350368 0)
(0.0157574513222 -0.0724632667994 0)
(0.0155298642381 -0.0723332865467 0)
(0.0152962165052 -0.0721308211285 0)
(0.0150558570347 -0.0718514977159 0)
(0.0148080626246 -0.0714907328671 0)
(0.0145520342802 -0.0710437202701 0)
(0.0142868935769 -0.0705054167925 0)
(0.0140116791649 -0.0698705264539 0)
(0.0137253434912 -0.069133481911 0)
(0.0134267497863 -0.0682884229503 0)
(0.0131146693631 -0.0673291713491 0)
(0.0127877793014 -0.0662492013134 0)
(0.0124446606182 -0.0650416045293 0)
(0.0120837970658 -0.0636990486828 0)
(0.0117035747428 -0.0622137281062 0)
(0.0113022827573 -0.0605773049712 0)
(0.0108781152509 -0.0587808391918 0)
(0.0104291751859 -0.0568147048958 0)
(0.00995348042131 -0.0546684909862 0)
(0.00944897276548 -0.0523308829175 0)
(0.00891353091241 -0.049789522384 0)
(0.00834498845237 -0.0470308411255 0)
(0.00774115852505 -0.0440398645133 0)
(0.00709986718635 -0.0407999800142 0)
(0.00641899825609 -0.0372926650664 0)
(0.00569655353581 -0.0334971686334 0)
(0.00493073481243 -0.0293901417837 0)
(0.00412006317446 -0.0249452209152 0)
(0.00326359548716 -0.0201326148549 0)
(0.00236153994409 -0.0149190203577 0)
(0.0014179506128 -0.00926977876149 0)
(0.000455234738144 -0.00316484215794 0)
(0.0251716505018 -0.0450495039128 0)
(0.0251427400979 -0.0456246561058 0)
(0.0251110405089 -0.0462102226806 0)
(0.0250759736996 -0.0468061120674 0)
(0.0250373273334 -0.0474121416836 0)
(0.0249948967635 -0.0480280967203 0)
(0.0249484801922 -0.0486537165237 0)
(0.0248978795351 -0.049288689574 0)
(0.0248429023462 -0.0499326502205 0)
(0.0247833639711 -0.0505851759837 0)
(0.0247190897274 -0.0512457852099 0)
(0.0246499170222 -0.0519139350519 0)
(0.0245756973294 -0.0525890197849 0)
(0.0244962979572 -0.0532703694539 0)
(0.0244116035321 -0.0539572488459 0)
(0.0243215171364 -0.0546488567668 0)
(0.0242259610491 -0.0553443256005 0)
(0.0241248770144 -0.0560427212106 0)
(0.0240182255379 -0.0567430433436 0)
(0.0239059813845 -0.0574442259726 0)
(0.023788119418 -0.0581451337666 0)
(0.0236645995737 -0.0588445795399 0)
(0.023535262357 -0.0595416173854 0)
(0.0233986338733 -0.0602344988991 0)
(0.0232548014595 -0.0609217024452 0)
(0.0231057439185 -0.061601733356 0)
(0.022951915909 -0.0622730628374 0)
(0.0227934891916 -0.0629341185264 0)
(0.0226305914406 -0.0635832677776 0)
(0.0224633451946 -0.0642188131025 0)
(0.0222918713098 -0.0648389893194 0)
(0.0221162859722 -0.0654419608611 0)
(0.0219366967281 -0.0660258187437 0)
(0.0217531985353 -0.0665885771552 0)
(0.0215658699724 -0.0671281697079 0)
(0.0213747695782 -0.0676424453841 0)
(0.0211799322659 -0.0681291641864 0)
(0.0209813657677 -0.0685859925052 0)
(0.020779047078 -0.0690104982089 0)
(0.0205729188727 -0.0694001454726 0)
(0.0203628858884 -0.0697522893523 0)
(0.0201488112489 -0.0700641701144 0)
(0.0199305127314 -0.0703329073202 0)
(0.0197077589663 -0.0705554936629 0)
(0.0194802655731 -0.0707287885431 0)
(0.0192476912353 -0.0708495113648 0)
(0.0190096337172 -0.0709142345183 0)
(0.0187656258263 -0.0709193760062 0)
(0.0185151313218 -0.0708611916505 0)
(0.0182575407716 -0.0707357667924 0)
(0.0179921673711 -0.0705390073692 0)
(0.017718242745 -0.0702666302087 0)
(0.0174349127529 -0.0699141523317 0)
(0.0171412333386 -0.0694768789927 0)
(0.0168361664762 -0.068949890127 0)
(0.0165185762855 -0.0683280248082 0)
(0.0161872254001 -0.0676058632634 0)
(0.0158407716667 -0.0667777059072 0)
(0.0154777652662 -0.0658375487494 0)
(0.0150966463567 -0.0647790543984 0)
(0.0146957433676 -0.0635955177253 0)
(0.0142732721069 -0.0622798250727 0)
(0.0138273358944 -0.0608244056967 0)
(0.0133559269943 -0.0592211738932 0)
(0.0128569297025 -0.057461460007 0)
(0.0123281255547 -0.0555359282191 0)
(0.0117672012636 -0.0534344786773 0)
(0.011171760185 -0.0511461311472 0)
(0.0105393383632 -0.0486588869365 0)
(0.00986742653732 -0.0459595653642 0)
(0.00915349991275 -0.0430336105053 0)
(0.00839505806298 -0.0398648633646 0)
(0.00758967807302 -0.036435294029 0)
(0.00673508518936 -0.0327246879433 0)
(0.00582924781089 -0.0287102812379 0)
(0.00487051326313 -0.0243663477832 0)
(0.0038578495491 -0.0196637881148 0)
(0.00279153338309 -0.0145700478774 0)
(0.0016762294322 -0.00905128933035 0)
(0.000538017846708 -0.00308824502106 0)
(0.0279484301367 -0.0439237264278 0)
(0.0279217070894 -0.0444808400343 0)
(0.0278922217957 -0.045047599195 0)
(0.0278594659366 -0.0456239483404 0)
(0.0278232523555 -0.0462097281277 0)
(0.0277833989949 -0.0468047543516 0)
(0.0277397238908 -0.0474088050076 0)
(0.0276920453871 -0.0480216154302 0)
(0.0276401833302 -0.0486428749778 0)
(0.0275839605184 -0.0492722240933 0)
(0.027523204248 -0.0499092515299 0)
(0.0274577479059 -0.0505534917232 0)
(0.0273874325708 -0.0512044223322 0)
(0.0273121085924 -0.0518614619727 0)
(0.0272316371183 -0.0525239681747 0)
(0.0271458915526 -0.0531912355926 0)
(0.0270547589404 -0.0538624944955 0)
(0.0269581412979 -0.054536909575 0)
(0.0268559569129 -0.0552135790903 0)
(0.0267481415849 -0.0558915343994 0)
(0.0266346491202 -0.0565697402889 0)
(0.0265154450962 -0.0572470963786 0)
(0.0263904584811 -0.0579224231932 0)
(0.0262593532386 -0.0585944291656 0)
(0.026120164425 -0.0592618040015 0)
(0.0259728976679 -0.0599230478973 0)
(0.0258198097903 -0.0605765047616 0)
(0.0256613877664 -0.0612205861486 0)
(0.0254977786782 -0.0618536714041 0)
(0.0253290711284 -0.06247407893 0)
(0.0251553433279 -0.0630800582376 0)
(0.0249766682811 -0.0636697848691 0)
(0.0247931114313 -0.0642413567737 0)
(0.0246047272408 -0.0647927913233 0)
(0.0244115556077 -0.0653220224743 0)
(0.0242136181373 -0.0658268978038 0)
(0.024010914228 -0.0663051752907 0)
(0.0238034169763 -0.0667545197971 0)
(0.0235910689225 -0.0671724992324 0)
(0.0233737776593 -0.0675565804093 0)
(0.0231514113236 -0.0679041245946 0)
(0.0229237939848 -0.0682123827652 0)
(0.0226907009404 -0.0684784905715 0)
(0.022451853929 -0.0686994630079 0)
(0.0222069162703 -0.0688721887805 0)
(0.021955487944 -0.0689934243557 0)
(0.0216971006166 -0.0690597876586 0)
(0.0214312126323 -0.0690677513779 0)
(0.0211572039792 -0.0690136358108 0)
(0.0208743712496 -0.0688936011637 0)
(0.0205819226178 -0.0687036391889 0)
(0.020278972863 -0.0684395640059 0)
(0.0199645384733 -0.0680970019091 0)
(0.0196375328743 -0.0676713799116 0)
(0.0192967618371 -0.0671579127171 0)
(0.0189409191304 -0.0665515877366 0)
(0.0185685824986 -0.0658471476995 0)
(0.0181782100553 -0.0650390703148 0)
(0.0177681371962 -0.0641215443336 0)
(0.0173365741551 -0.0630884412426 0)
(0.0168816043507 -0.0619332816662 0)
(0.0164011837082 -0.060649195383 0)
(0.0158931411931 -0.0592288736707 0)
(0.0153551808598 -0.0576645124585 0)
(0.0147848858113 -0.0559477445169 0)
(0.0141797245866 -0.0540695586185 0)
(0.0135370606608 -0.0520202032709 0)
(0.0128541659531 -0.049789072248 0)
(0.012128239528 -0.0473645687181 0)
(0.0113564330441 -0.0447339442975 0)
(0.0105358849825 -0.0418831088103 0)
(0.00966376629772 -0.0387964059456 0)
(0.00873734092236 -0.035456349337 0)
(0.00775404571049 -0.0318433130273 0)
(0.0067115968647 -0.0279351706113 0)
(0.00560813944996 -0.0237068838711 0)
(0.0044425080879 -0.0191300847486 0)
(0.003214972318 -0.0141729495864 0)
(0.00193070178604 -0.00880223695685 0)
(0.00061966279009 -0.00300003782326 0)
(0.0304266122321 -0.0425977310572 0)
(0.0304045187775 -0.0431364400928 0)
(0.0303796909917 -0.0436841634493 0)
(0.0303516792501 -0.044240874701 0)
(0.0303203140818 -0.0448064277564 0)
(0.0302854298421 -0.0453806561273 0)
(0.0302468597067 -0.0459633609529 0)
(0.0302044354831 -0.0465543064772 0)
(0.0301579883194 -0.0471532169113 0)
(0.0301073496504 -0.0477597735641 0)
(0.0300523522496 -0.0483736120319 0)
(0.0299928313525 -0.0489943194237 0)
(0.0299286258293 -0.0496214316387 0)
(0.0298595793878 -0.050254430713 0)
(0.0297855417826 -0.0508927422634 0)
(0.0297063700055 -0.0515357330432 0)
(0.0296219294274 -0.0521827086171 0)
(0.0295320948533 -0.0528329111541 0)
(0.0294367514341 -0.0534855173038 0)
(0.0293357953173 -0.0541396360727 0)
(0.0292291337242 -0.0547943064826 0)
(0.0291166833637 -0.0554484945086 0)
(0.0289983624853 -0.0561010887437 0)
(0.0288740484008 -0.0567508966441 0)
(0.0287433132853 -0.0573966517373 0)
(0.0286039002074 -0.0580371855161 0)
(0.0284557449387 -0.0586709636342 0)
(0.0283012854598 -0.0592961394429 0)
(0.0281410070687 -0.0599110948647 0)
(0.02797503382 -0.0605142041707 0)
(0.0278034140712 -0.0611037683125 0)
(0.0276261718394 -0.0616780040367 0)
(0.0274433178138 -0.0622350422612 0)
(0.0272548508258 -0.0627729275308 0)
(0.0270607560198 -0.0632896169549 0)
(0.0268610015529 -0.0637829785326 0)
(0.0266555345485 -0.0642507889981 0)
(0.0264442766202 -0.0646907312879 0)
(0.0262271191075 -0.0651003916791 0)
(0.0260039180829 -0.0654772566229 0)
(0.0257744891665 -0.0658187092796 0)
(0.0255386021704 -0.0661220257575 0)
(0.0252959755931 -0.0663843710519 0)
(0.0250462709846 -0.0666027946777 0)
(0.024789087202 -0.0667742259797 0)
(0.024523954579 -0.0668954691005 0)
(0.0242503290309 -0.0669631975726 0)
(0.0239675861208 -0.0669739484876 0)
(0.0236750151155 -0.0669241161758 0)
(0.0233718130591 -0.0668099453107 0)
(0.0230570789011 -0.0666275233187 0)
(0.0227298077179 -0.0663727719463 0)
(0.0223888850735 -0.0660414377901 0)
(0.0220330815718 -0.0656290815486 0)
(0.0216610476625 -0.0651310656976 0)
(0.0212713087715 -0.0645425402183 0)
(0.0208622608365 -0.0638584259359 0)
(0.0204321663482 -0.0630733949304 0)
(0.019979151005 -0.0621818473786 0)
(0.0195012011176 -0.0611778840632 0)
(0.0189961619241 -0.0600552736407 0)
(0.0184617370142 -0.0588074135916 0)
(0.017895489118 -0.0574272835869 0)
(0.0172948425838 -0.0559073897775 0)
(0.0166570879721 -0.0542396982651 0)
(0.0159793893263 -0.0524155557195 0)
(0.0152587948631 -0.0504255947812 0)
(0.0144922520663 -0.0482596215119 0)
(0.0136766284875 -0.0459064817372 0)
(0.0128087399738 -0.0433539026529 0)
(0.0118853885721 -0.0405883055246 0)
(0.0109034130348 -0.0375945847079 0)
(0.0098597556954 -0.0343558475181 0)
(0.00875155066055 -0.0308531087885 0)
(0.00757624073583 -0.0270649338914 0)
(0.00633174051473 -0.0229670290763 0)
(0.00501672022489 -0.0185318172704 0)
(0.00363143640659 -0.0137283014259 0)
(0.00218167923428 -0.00852423413006 0)
(0.000701130906369 -0.00290357484563 0)
(0.0326152077223 -0.0410855233259 0)
(0.0325997329948 -0.0416049606586 0)
(0.0325815769562 -0.0421328727717 0)
(0.0325603408618 -0.042669258857 0)
(0.0325358677873 -0.0432139814702 0)
(0.0325080039471 -0.0437668854498 0)
(0.0324765938069 -0.0443277870403 0)
(0.0324414796532 -0.0448964697549 0)
(0.0324025019757 -0.0454726814826 0)
(0.0323595000555 -0.046056131795 0)
(0.0323123126442 -0.0466464892544 0)
(0.032260778703 -0.0472433786941 0)
(0.0322047381905 -0.0478463784825 0)
(0.0321440328808 -0.0484550177816 0)
(0.0320785071937 -0.049068773825 0)
(0.0320080090068 -0.049687069229 0)
(0.0319323904165 -0.0503092693518 0)
(0.0318515083899 -0.0509346797169 0)
(0.0317652252326 -0.0515625435098 0)
(0.0316734087387 -0.0521920391611 0)
(0.0315759317896 -0.0528222780225 0)
(0.0314726708624 -0.0534523021539 0)
(0.0313635017876 -0.0540810821563 0)
(0.0312482858813 -0.0547075143408 0)
(0.03112681286 -0.0553304152957 0)
(0.0309985077936 -0.0559485344196 0)
(0.030860837837 -0.0565607398119 0)
(0.0307138444854 -0.0571648584506 0)
(0.0305603166296 -0.0577595194269 0)
(0.0304007053041 -0.058343165212 0)
(0.0302350250623 -0.0589141342262 0)
(0.0300632187918 -0.0594706804156 0)
(0.0298852203414 -0.0600109742559 0)
(0.0297009588069 -0.0605331005203 0)
(0.0295103536535 -0.0610350559848 0)
(0.0293133092139 -0.0615147473193 0)
(0.0291097094722 -0.0619699890382 0)
(0.0288994129406 -0.0623985013867 0)
(0.0286822474347 -0.0627979080862 0)
(0.0284580046501 -0.0631657338964 0)
(0.0282264345122 -0.063499401964 0)
(0.0279872392986 -0.0637962309383 0)
(0.0277400675502 -0.0640534318324 0)
(0.0274845077941 -0.0642681046096 0)
(0.0272200821045 -0.0644372344692 0)
(0.0269462395336 -0.0645576877996 0)
(0.0266623494447 -0.0646262077578 0)
(0.0263676947861 -0.0646394094198 0)
(0.026061465344 -0.0645937744324 0)
(0.0257427510187 -0.0644856450723 0)
(0.0254105351701 -0.064311217594 0)
(0.0250636880871 -0.0640665347158 0)
(0.0247009606346 -0.0637474770507 0)
(0.0243209781433 -0.0633497532447 0)
(0.0239222346118 -0.0628688885287 0)
(0.0235030872996 -0.0623002113221 0)
(0.023061751799 -0.0616388374507 0)
(0.0225962976885 -0.0608796514537 0)
(0.0221046448839 -0.0600172843444 0)
(0.0215845608265 -0.0590460870746 0)
(0.0210336586766 -0.0579600988078 0)
(0.0204493967171 -0.0567530089404 0)
(0.0198290792331 -0.0554181116271 0)
(0.0191698592042 -0.0539482513416 0)
(0.0184687432559 -0.0523357577555 0)
(0.0177225994606 -0.0505723679326 0)
(0.0169281687779 -0.0486491335054 0)
(0.0160820811882 -0.0465563101318 0)
(0.0151808779293 -0.0442832261101 0)
(0.0142210417126 -0.0418181265609 0)
(0.0131990373856 -0.0391479890512 0)
(0.012111366267 -0.0362583059395 0)
(0.0109546383094 -0.033132828027 0)
(0.00972566754046 -0.029753263389 0)
(0.00842159896372 -0.0260989250552 0)
(0.00704008661907 -0.0221463261541 0)
(0.00557960884767 -0.0178687634333 0)
(0.00404040494722 -0.0132362170297 0)
(0.00242885594982 -0.00821765349268 0)
(0.000781740434237 -0.0027983871275 0)
(0.034525509151 -0.039399102713 0)
(0.0345181878463 -0.0398980200363 0)
(0.0345082775019 -0.0404049304246 0)
(0.0344954247665 -0.0409198566401 0)
(0.0344794820956 -0.0414426681656 0)
(0.0344603045898 -0.0419732183211 0)
(0.0344377453267 -0.0425113345489 0)
(0.0344116547968 -0.0430568146628 0)
(0.0343818810746 -0.0436094242033 0)
(0.0343482701639 -0.04416889395 0)
(0.0343106664141 -0.0447349174026 0)
(0.0342689129849 -0.045307148204 0)
(0.0342228523499 -0.0458851975095 0)
(0.0341723268339 -0.046468631313 0)
(0.0341171791717 -0.0470569677499 0)
(0.0340572530808 -0.0476496743962 0)
(0.0339923938357 -0.0482461655825 0)
(0.0339224488393 -0.0488457997551 0)
(0.0338472681968 -0.0494478769214 0)
(0.0337667053289 -0.050051636235 0)
(0.0336806177101 -0.0506562537965 0)
(0.0335888678109 -0.0512608407798 0)
(0.0334913235706 -0.051864441933 0)
(0.0333878519296 -0.0524660339399 0)
(0.0332782624269 -0.0530645204958 0)
(0.0331619559765 -0.0536586993515 0)
(0.0330359250729 -0.0542471109346 0)
(0.0328998792132 -0.0548282196862 0)
(0.0327567956796 -0.0554006254044 0)
(0.0326071744772 -0.0559627785325 0)
(0.0324510396032 -0.0565130539073 0)
(0.0322883193466 -0.0570497589212 0)
(0.0321189114082 -0.0575711215487 0)
(0.0319426941633 -0.0580752837528 0)
(0.0317595281104 -0.0585602987968 0)
(0.0315692539624 -0.0590241292665 0)
(0.0313716891058 -0.0594646452789 0)
(0.0311666231577 -0.0598796227145 0)
(0.0309538129496 -0.0602667414112 0)
(0.0307329770788 -0.0606235832796 0)
(0.030503790096 -0.0609476303026 0)
(0.0302658763685 -0.0612362623899 0)
(0.0300188036495 -0.0614867550518 0)
(0.0297620763871 -0.0616962768625 0)
(0.0294951288075 -0.0618618866739 0)
(0.0292173178119 -0.0619805305381 0)
(0.0289279157303 -0.062049038286 0)
(0.0286261029793 -0.0620641197 0)
(0.0283109606755 -0.0620223601997 0)
(0.027981463258 -0.061920215941 0)
(0.0276364711809 -0.0617540082057 0)
(0.0272747237384 -0.061519916923 0)
(0.02689483209 -0.0612139731319 0)
(0.0264952725598 -0.0608320501435 0)
(0.0260743802898 -0.0603698531128 0)
(0.0256303433307 -0.0598229066612 0)
(0.0251611972669 -0.0591865401201 0)
(0.0246648204805 -0.0584558698762 0)
(0.0241389301734 -0.0576257781965 0)
(0.0235810792885 -0.0566908877934 0)
(0.0229886544973 -0.0556455312505 0)
(0.0223588754591 -0.0544837142683 0)
(0.021688795617 -0.0531990715048 0)
(0.0209753048686 -0.0517848135663 0)
(0.0202151345646 -0.0502336634576 0)
(0.019404865439 -0.0485377805123 0)
(0.0185409392888 -0.0466886694999 0)
(0.0176196755115 -0.0446770722282 0)
(0.0166372939973 -0.0424928385467 0)
(0.0155899463983 -0.0401247731856 0)
(0.0144737584646 -0.0375604543394 0)
(0.0132848870006 -0.0347860193351 0)
(0.0120195960713 -0.0317859120744 0)
(0.0106743585945 -0.028542586333 0)
(0.00924599271933 -0.0250361590952 0)
(0.00773185593707 -0.0212440144192 0)
(0.00613019464502 -0.0171404060211 0)
(0.00444117783005 -0.0126964018309 0)
(0.00267162864481 -0.00788220821405 0)
(0.000861021846899 -0.00268392795562 0)
(0.0361707299192 -0.0375478938689 0)
(0.0361726717396 -0.0380247688107 0)
(0.0361721620014 -0.0385091867664 0)
(0.036168888922 -0.0390011924612 0)
(0.036162712748 -0.0395006620391 0)
(0.0361534958792 -0.0400074563479 0)
(0.036141098504 -0.0405214123998 0)
(0.0361253779731 -0.0410423399857 0)
(0.0361061888315 -0.0415700192604 0)
(0.036083382997 -0.0421041984508 0)
(0.0360568099919 -0.0426445915168 0)
(0.036026317208 -0.0431908757367 0)
(0.0359917501999 -0.0437426892193 0)
(0.0359529530049 -0.0442996283471 0)
(0.035909768485 -0.0448612451658 0)
(0.0358620386875 -0.0454270447327 0)
(0.0358096052219 -0.0459964824342 0)
(0.0357523096501 -0.0465689612912 0)
(0.0356899938889 -0.0471438292626 0)
(0.035622500617 -0.0477203765562 0)
(0.035549673659 -0.0482978329288 0)
(0.0354713582354 -0.0488753649188 0)
(0.0353874007137 -0.0494520728447 0)
(0.0352976466052 -0.0500269872901 0)
(0.0352018978337 -0.0505990640207 0)
(0.0350995347543 -0.0511671760614 0)
(0.0349873100243 -0.0517300806647 0)
(0.0348647563249 -0.052286391127 0)
(0.0347348616736 -0.0528346267118 0)
(0.034598093243 -0.0533732575151 0)
(0.0344544918552 -0.0539007252693 0)
(0.0343039795004 -0.0544154165266 0)
(0.0341464099561 -0.0549156346152 0)
(0.0339816032406 -0.0553995947537 0)
(0.033809357358 -0.0558654224682 0)
(0.0336294472533 -0.0563111522774 0)
(0.0334416211868 -0.0567347263999 0)
(0.0332455963084 -0.0571339934318 0)
(0.0330410537126 -0.057506706991 0)
(0.0328276330263 -0.0578505243256 0)
(0.0326049265633 -0.0581630048691 0)
(0.0323724730801 -0.0584416087223 0)
(0.0321297511692 -0.0586836950303 0)
(0.0318761723288 -0.0588865202212 0)
(0.0316110737499 -0.0590472360621 0)
(0.0313337108667 -0.0591628874837 0)
(0.0310432497178 -0.0592304101152 0)
(0.0307387591745 -0.0592466274534 0)
(0.0304192030949 -0.0592082475825 0)
(0.0300834324659 -0.0591118593342 0)
(0.029730177603 -0.0589539277566 0)
(0.0293580404816 -0.0587307887318 0)
(0.0289654872736 -0.0584386425421 0)
(0.0285508411748 -0.0580735461452 0)
(0.028112275607 -0.0576314038653 0)
(0.0276478078868 -0.0571079561447 0)
(0.0271552934608 -0.0564987659305 0)
(0.0266324208115 -0.0557992021844 0)
(0.0260767071553 -0.0550044199046 0)
(0.0254854950662 -0.0541093359336 0)
(0.0248559501894 -0.0531085996891 0)
(0.0241850602379 -0.0519965577958 0)
(0.0234696355294 -0.0507672114172 0)
(0.0227063113869 -0.0494141648648 0)
(0.0218915528477 -0.0479305638195 0)
(0.0210216622786 -0.0463090212097 0)
(0.0200927907211 -0.0445415284614 0)
(0.0191009541019 -0.0426193494565 0)
(0.0180420558735 -0.0405328941121 0)
(0.016911918231 -0.0382715680234 0)
(0.0157063248199 -0.035823594091 0)
(0.014421078853 -0.0331758015134 0)
(0.0130520818347 -0.0303133769598 0)
(0.0115954399166 -0.027219572343 0)
(0.0100476087843 -0.0238753643218 0)
(0.00840560314527 -0.0202590686327 0)
(0.00666737698006 -0.0163459625057 0)
(0.00483293557447 -0.012108253822 0)
(0.00290937854829 -0.00751733172495 0)
(0.000938694837011 -0.0025597382518 0)
(0.0375654356304 -0.0355384245429 0)
(0.0375773739843 -0.0359915413877 0)
(0.0375870435955 -0.0364517626914 0)
(0.0375941715266 -0.0369191533999 0)
(0.0375986253817 -0.0373935966777 0)
(0.0376002743487 -0.0378749608728 0)
(0.0375989852063 -0.0383630921332 0)
(0.0375946216767 -0.0388578113608 0)
(0.0375870443607 -0.0393589120011 0)
(0.0375761107927 -0.0398661579276 0)
(0.0375616755305 -0.0403792812707 0)
(0.0375435902625 -0.0408979801628 0)
(0.037521703928 -0.0414219163987 0)
(0.0374958628459 -0.0419507130124 0)
(0.0374659108493 -0.0424839517802 0)
(0.037431689418 -0.0430211706565 0)
(0.0373930377995 -0.0435618611458 0)
(0.0373497931051 -0.0441054656231 0)
(0.0373017903583 -0.0446513746063 0)
(0.0372488624605 -0.0451989239864 0)
(0.0371908400185 -0.0457473922145 0)
(0.0371275509244 -0.0462959974457 0)
(0.0370588193732 -0.0468438946268 0)
(0.0369844627879 -0.0473901725148 0)
(0.0369042784693 -0.0479338496228 0)
(0.0368176928186 -0.048473880877 0)
(0.036721316668 -0.0490092204654 0)
(0.0366144555974 -0.0495385830875 0)
(0.0365000062088 -0.0500604368952 0)
(0.0363784439722 -0.0505733064687 0)
(0.0362498806223 -0.0510757063756 0)
(0.0361142230886 -0.0515660988322 0)
(0.0359712644723 -0.0520428656257 0)
(0.0358207614863 -0.0525043032285 0)
(0.0356624462603 -0.0529486202036 0)
(0.0354960250717 -0.0533739356394 0)
(0.0353211743375 -0.0537782778985 0)
(0.0351375358451 -0.0541595834926 0)
(0.0349447115704 -0.0545156960227 0)
(0.0347422581153 -0.0548443651619 0)
(0.0345296807584 -0.0551432456593 0)
(0.0343064271162 -0.055409896344 0)
(0.0340718804296 -0.0556417790994 0)
(0.0338253524992 -0.0558362577728 0)
(0.0335660763065 -0.0559905969741 0)
(0.0332931983643 -0.0561019607138 0)
(0.0330057708454 -0.0561674108116 0)
(0.0327027435497 -0.0561839050002 0)
(0.032382955771 -0.0561482946282 0)
(0.0320451281324 -0.0560573218481 0)
(0.0316878544655 -0.0559076161515 0)
(0.0313095938128 -0.0556956900835 0)
(0.0309086626334 -0.0554179339335 0)
(0.0304832273019 -0.0550706091592 0)
(0.0300312969905 -0.0546498402489 0)
(0.0295507170267 -0.0541516046695 0)
(0.0290391628255 -0.053571720478 0)
(0.0284941345022 -0.0529058310927 0)
(0.0279129522755 -0.052149386625 0)
(0.0272927527893 -0.0512976210586 0)
(0.0266304864997 -0.0503455244339 0)
(0.0259229163063 -0.0492878090361 0)
(0.0251666176563 -0.0481188684109 0)
(0.0243579804241 -0.0468327278112 0)
(0.0234932129758 -0.0454229844344 0)
(0.0225683489906 -0.0438827355174 0)
(0.0215792578378 -0.0422044920178 0)
(0.0205216596392 -0.0403800752232 0)
(0.0193911466093 -0.0384004931885 0)
(0.0181832129152 -0.0362557934187 0)
(0.0168932961778 -0.0339348876869 0)
(0.0155168349233 -0.0314253443562 0)
(0.0140493478535 -0.0287131431001 0)
(0.0124865430355 -0.025782386769 0)
(0.0108244695588 -0.022614966433 0)
(0.00905974035406 -0.0191901844871 0)
(0.0071899383829 -0.0154843897206 0)
(0.00521479713045 -0.011470946841 0)
(0.00314155507264 -0.00712236609814 0)
(0.00101460528101 -0.00242544986424 0)
(0.0387250497344 -0.0333742539092 0)
(0.0387473979645 -0.033801755017 0)
(0.0387677019911 -0.0342359182353 0)
(0.0387857256542 -0.0346768265687 0)
(0.0388013442565 -0.035124370732 0)
(0.0388144340217 -0.0355784269289 0)
(0.0388248685248 -0.0360388505814 0)
(0.0388325180495 -0.0365054735989 0)
(0.038837249447 -0.0369781023522 0)
(0.0388389260905 -0.0374565157186 0)
(0.0388374078474 -0.0379404630665 0)
(0.0388325510543 -0.0384296621559 0)
(0.0388242084876 -0.0389237969519 0)
(0.0388122293287 -0.039422515349 0)
(0.0387964591167 -0.0399254268161 0)
(0.0387767396842 -0.0404320999646 0)
(0.03875290907 -0.0409420600458 0)
(0.0387248013996 -0.0414547863871 0)
(0.0386922467273 -0.0419697097781 0)
(0.0386550708343 -0.0424862098227 0)
(0.0386130949776 -0.0430036122737 0)
(0.0385661355698 -0.0435211863769 0)
(0.038514003592 -0.0440381422403 0)
(0.0384565024003 -0.0445536281612 0)
(0.0383934157706 -0.045066727915 0)
(0.0383241399362 -0.0455764718127 0)
(0.0382451236156 -0.0460819704749 0)
(0.0381555779798 -0.04658202455 0)
(0.0380584303902 -0.0470750954375 0)
(0.0379541286225 -0.0475597900996 0)
(0.0378427613238 -0.048034698215 0)
(0.0377242005021 -0.0484983575951 0)
(0.0375981909672 -0.0489492333919 0)
(0.037464433428 -0.0493857098378 0)
(0.0373225979674 -0.049806086902 0)
(0.0371723236047 -0.0502085784274 0)
(0.0370132147328 -0.0505913107695 0)
(0.0368448365492 -0.0509523216945 0)
(0.0366667099227 -0.0512895594567 0)
(0.0364783058055 -0.0516008820182 0)
(0.0362790392239 -0.0518840563798 0)
(0.0360682628704 -0.0521367579936 0)
(0.0358452603154 -0.0523565702253 0)
(0.0356092388637 -0.0525409838266 0)
(0.0353593220893 -0.0526873963727 0)
(0.0350945420889 -0.0527931116082 0)
(0.0348138315017 -0.0528553386338 0)
(0.0345160153536 -0.0528711908511 0)
(0.0341998027886 -0.0528376845675 0)
(0.0338637787581 -0.0527517371417 0)
(0.0335063957436 -0.0526101645267 0)
(0.0331259655956 -0.0524096780375 0)
(0.0327206515722 -0.0521468801401 0)
(0.0322884606662 -0.0518182590114 0)
(0.0318272363116 -0.05142018158 0)
(0.0313346515602 -0.0509488846935 0)
(0.0308082028229 -0.0504004639982 0)
(0.0302452042711 -0.049770860036 0)
(0.0296427829997 -0.0490558409715 0)
(0.0289978750612 -0.0482509812562 0)
(0.0283072224942 -0.0473516354068 0)
(0.0275673714982 -0.0463529059242 0)
(0.0267746719464 -0.0452496042047 0)
(0.0259252784922 -0.0440362030757 0)
(0.025015153631 -0.0427067793455 0)
(0.0240400732246 -0.0412549444545 0)
(0.0229956352307 -0.0396737609685 0)
(0.0218772727092 -0.0379556422453 0)
(0.0206802726724 -0.0360922321399 0)
(0.0193998030541 -0.0340742610956 0)
(0.0180309510783 -0.0318913744083 0)
(0.0165687777182 -0.0295319279225 0)
(0.0150083948654 -0.0269827459957 0)
(0.0133450745956 -0.0242288366022 0)
(0.011574405026 -0.0212530600616 0)
(0.00969252424487 -0.0180357567598 0)
(0.00769655071472 -0.0145543854371 0)
(0.00558583354521 -0.0107834757174 0)
(0.00336763066629 -0.00669661907629 0)
(0.00108861904578 -0.00228078167513 0)
(0.0396655079708 -0.0310560600224 0)
(0.0396984143278 -0.0314559696574 0)
(0.0397295369498 -0.0318620838496 0)
(0.0397586747083 -0.0322745009596 0)
(0.0397857114087 -0.0326931197267 0)
(0.0398105310414 -0.0331178246587 0)
(0.0398330146753 -0.0335484808129 0)
(0.0398530398339 -0.0339849313607 0)
(0.039870480292 -0.0344269957327 0)
(0.0398852059435 -0.0348744678132 0)
(0.0398970826746 -0.0353271140752 0)
(0.0399059722256 -0.0357846716336 0)
(0.0399117320378 -0.0362468462144 0)
(0.0399142150816 -0.0367133100366 0)
(0.0399132696608 -0.0371836996155 0)
(0.0399087391899 -0.0376576134883 0)
(0.0399004619379 -0.0381346098666 0)
(0.0398882707354 -0.0386142042251 0)
(0.0398719926372 -0.0390958668327 0)
(0.0398514485344 -0.0395790202384 0)
(0.0398264527016 -0.0400630367168 0)
(0.0397968122244 -0.0405472356792 0)
(0.0397623260323 -0.0410308810335 0)
(0.0397227820054 -0.0415131784018 0)
(0.0396779434108 -0.0419932723445 0)
(0.0396271664083 -0.0424702667465 0)
(0.0395667612889 -0.0429434279565 0)
(0.0394958840423 -0.043411656003 0)
(0.0394175131803 -0.0438734149607 0)
(0.0393320715956 -0.0443273818801 0)
(0.0392396092657 -0.0447722265427 0)
(0.0391399530655 -0.0452065737975 0)
(0.0390327965129 -0.045628981702 0)
(0.0389177844454 -0.0460379314307 0)
(0.0387945263101 -0.0464318238742 0)
(0.0386625954569 -0.046808977949 0)
(0.0385215254388 -0.0471676294049 0)
(0.0383708054008 -0.0475059298813 0)
(0.0382098749438 -0.0478219461606 0)
(0.0380381185399 -0.0481136596044 0)
(0.0378548595221 -0.0483789657533 0)
(0.0376593536684 -0.0486156740716 0)
(0.0374507824017 -0.0488215078079 0)
(0.037228245635 -0.0489941039336 0)
(0.0369907542966 -0.0491310131162 0)
(0.0367372225756 -0.0492296996684 0)
(0.0364664599352 -0.0492875414049 0)
(0.0361771629521 -0.0493018293236 0)
(0.0358679070415 -0.0492697670088 0)
(0.0355371381412 -0.0491884696376 0)
(0.0351831644276 -0.0490549624425 0)
(0.0348041481477 -0.0488661784563 0)
(0.0343980976481 -0.0486189553318 0)
(0.0339628596864 -0.0483100309886 0)
(0.0334961121127 -0.0479360377966 0)
(0.0329953570026 -0.0474934949474 0)
(0.0324579143269 -0.0469787986082 0)
(0.0318809162411 -0.0463882093746 0)
(0.0312613020749 -0.0457178364548 0)
(0.030595814108 -0.0449636179116 0)
(0.0298809942263 -0.0441212961696 0)
(0.0291131815657 -0.0431863878439 0)
(0.0282885112883 -0.0421541467775 0)
(0.0274029146812 -0.0410195189574 0)
(0.0264521208601 -0.0397770877318 0)
(0.0254316604932 -0.0384210074426 0)
(0.0243368721764 -0.0369449232243 0)
(0.0231629124141 -0.0353418742806 0)
(0.0219047706598 -0.0336041774439 0)
(0.0205572916242 -0.0317232872401 0)
(0.0191152081757 -0.0296896280497 0)
(0.0175731898243 -0.0274923933571 0)
(0.0159259141714 -0.0251193066248 0)
(0.0141681722494 -0.022556338422 0)
(0.0122950248711 -0.0197873761446 0)
(0.0103020456056 -0.0167938511921 0)
(0.00818577737029 -0.0135543717656 0)
(0.00594506172241 -0.0100446469011 0)
(0.00358705485183 -0.00623932915185 0)
(0.001160575446 -0.00212547288976 0)
(0.0404030751889 -0.0285818003939 0)
(0.0404464708534 -0.0289520244005 0)
(0.0404883722166 -0.0293279717326 0)
(0.0405286115025 -0.0297097528217 0)
(0.0405670820269 -0.0300972747593 0)
(0.0406036765149 -0.0304904307613 0)
(0.0406382844811 -0.0308890959228 0)
(0.0406707916331 -0.0312931250615 0)
(0.0407010796126 -0.0317023510255 0)
(0.0407290257847 -0.032116583033 0)
(0.0407545030193 -0.0325356049546 0)
(0.0407773794518 -0.0329591735184 0)
(0.0407975182161 -0.0333870164349 0)
(0.0408147771465 -0.0338188304401 0)
(0.0408290084439 -0.0342542792608 0)
(0.0408400582999 -0.0346929915048 0)
(0.0408477664745 -0.0351345584774 0)
(0.0408519658181 -0.0355785319312 0)
(0.0408524817311 -0.0360244217546 0)
(0.0408491315486 -0.0364716936051 0)
(0.0408417238306 -0.0369197664921 0)
(0.040830057497 -0.037368010312 0)
(0.0408139205225 -0.0378157433329 0)
(0.0407930866283 -0.0382622295925 0)
(0.0407673010175 -0.0387066765677 0)
(0.0407358872095 -0.0391482639401 0)
(0.0406950386653 -0.0395863999988 0)
(0.0406438611906 -0.0400200852491 0)
(0.0405853734775 -0.0404478078097 0)
(0.0405199780124 -0.0408683178005 0)
(0.0404476918502 -0.0412803693612 0)
(0.0403682992605 -0.041682680647 0)
(0.0402814438205 -0.0420739102278 0)
(0.0401867153864 -0.0424526450996 0)
(0.040083663625 -0.0428173970255 0)
(0.0399717971508 -0.0431666009324 0)
(0.0398505796223 -0.0434986138931 0)
(0.0397194249623 -0.0438117143861 0)
(0.0395776921033 -0.0441041017685 0)
(0.0394246793273 -0.0443738959501 0)
(0.0392596182142 -0.0446191372595 0)
(0.0390816672115 -0.0448377864904 0)
(0.0388899048443 -0.0450277251101 0)
(0.0386833225916 -0.0451867555968 0)
(0.0384608174608 -0.0453126018644 0)
(0.0382211842997 -0.0454029097181 0)
(0.037963107888 -0.0454552472752 0)
(0.0376851548672 -0.0454671052702 0)
(0.0373857655697 -0.045435897145 0)
(0.0370632458177 -0.0453589588054 0)
(0.0367157587672 -0.0452335478972 0)
(0.0363413168762 -0.0450568424278 0)
(0.0359377740719 -0.044825938524 0)
(0.0355028181978 -0.0445378470832 0)
(0.0350339638147 -0.0441894890305 0)
(0.0345285454268 -0.0437776888443 0)
(0.0339837112027 -0.0432991659571 0)
(0.0333964172521 -0.0427505235667 0)
(0.0327634225172 -0.0421282343134 0)
(0.0320812843319 -0.0414286221802 0)
(0.031346354702 -0.0406478398567 0)
(0.0305547773647 -0.0397818406649 0)
(0.0297024857045 -0.0388263439781 0)
(0.0287852016335 -0.0377767928514 0)
(0.0277984356105 -0.0366283023299 0)
(0.0267374880834 -0.0353755965875 0)
(0.0255974528152 -0.0340129326614 0)
(0.0243732228509 -0.0325340080772 0)
(0.0230595003486 -0.0309318490842 0)
(0.021650812252 -0.0291986755501 0)
(0.0201415349687 -0.0273257377975 0)
(0.0185259331085 -0.0253031198945 0)
(0.0167982202734 -0.023119503296 0)
(0.0149526545252 -0.0207618847054 0)
(0.0129836892841 -0.0182152437089 0)
(0.0108862220532 -0.0154621639941 0)
(0.00865608127956 -0.0124824529214 0)
(0.00629145075208 -0.00925302773936 0)
(0.00379924581099 -0.0057495974516 0)
(0.00123028233258 -0.0019592251074 0)
(0.0409543145937 -0.0259468794994 0)
(0.0410079512354 -0.02628518459 0)
(0.041060404386 -0.0266287017268 0)
(0.0411115378103 -0.0269775495447 0)
(0.0411612553318 -0.0273316436645 0)
(0.0412094593981 -0.0276908863325 0)
(0.0412560489584 -0.0280551630619 0)
(0.0413009188984 -0.0284243407427 0)
(0.0413439597279 -0.0287982661101 0)
(0.0413850572954 -0.0291767642299 0)
(0.0414240924825 -0.0295596369302 0)
(0.0414609408658 -0.0299466611614 0)
(0.0414954723413 -0.0303375872821 0)
(0.0415275507056 -0.0307321372661 0)
(0.0415570331881 -0.0311300028373 0)
(0.041583769929 -0.0315308435346 0)
(0.0416076033954 -0.0319342847082 0)
(0.0416283677279 -0.0323399154544 0)
(0.0416458880081 -0.0327472864911 0)
(0.0416599794358 -0.0331559079816 0)
(0.0416704463967 -0.0335652473097 0)
(0.0416770813611 -0.0339747268154 0)
(0.0416796633285 -0.0343837214913 0)
(0.0416779542165 -0.0347915566405 0)
(0.0416716840131 -0.0351975059578 0)
(0.0416601476771 -0.0356008261747 0)
(0.0416394319393 -0.0360010487466 0)
(0.0416085965012 -0.0363972729463 0)
(0.0415706974879 -0.0367880370446 0)
(0.041526119022 -0.0371721743984 0)
(0.0414748483749 -0.037548531376 0)
(0.0414166304942 -0.0379159268127 0)
(0.0413510620632 -0.0382731275359 0)
(0.0412776805618 -0.0386188351503 0)
(0.0411959780859 -0.0389516822455 0)
(0.0411054004315 -0.0392702308802 0)
(0.0410053430768 -0.0395729717185 0)
(0.04089514629 -0.0398583234697 0)
(0.0407740897721 -0.0401246325539 0)
(0.0406413869139 -0.0403701729834 0)
(0.0404961786887 -0.0405931464612 0)
(0.0403375272039 -0.0407916826981 0)
(0.0401644089381 -0.040963839928 0)
(0.0399757076846 -0.0411076055899 0)
(0.0397702072232 -0.0412208971245 0)
(0.0395465837459 -0.0413015628383 0)
(0.0393033980832 -0.041347382778 0)
(0.0390390877904 -0.0413560695476 0)
(0.0387519591645 -0.0413252689756 0)
(0.0384401792626 -0.0412525605121 0)
(0.0381017679948 -0.0411354572063 0)
(0.0377345903619 -0.0409714050896 0)
(0.0373363489018 -0.0407577817585 0)
(0.0369045764113 -0.0404918939191 0)
(0.0364366290028 -0.0401709736205 0)
(0.0359296795504 -0.0397921728541 0)
(0.0353807115735 -0.0393525561458 0)
(0.0347865135988 -0.0388490907048 0)
(0.034143674026 -0.0382786336134 0)
(0.0334485765165 -0.0376379154539 0)
(0.0326973959087 -0.0369235196589 0)
(0.0318860946583 -0.0361318567331 0)
(0.031010419802 -0.0352591323379 0)
(0.0300659004491 -0.0343013080191 0)
(0.0290478458441 -0.0332540531062 0)
(0.0279513441058 -0.0321126859917 0)
(0.0267712618785 -0.0308721025922 0)
(0.0255022453524 -0.0295266892776 0)
(0.0241387235005 -0.0280702169098 0)
(0.0226749150516 -0.0264957118261 0)
(0.0211048418663 -0.0247952986356 0)
(0.0194223533729 -0.0229600086313 0)
(0.0176211701347 -0.0209795466181 0)
(0.0156949605841 -0.0188420085659 0)
(0.0136374761059 -0.0165335440136 0)
(0.0114427972326 -0.014037965545 0)
(0.00910585282622 -0.011336347396 0)
(0.00662396331879 -0.0084068650437 0)
(0.00400362436222 -0.00522630047895 0)
(0.00129752843776 -0.00178164981596 0)
(0.0413361958348 -0.0231442750626 0)
(0.0413996711695 -0.0234482510501 0)
(0.0414622872315 -0.0237568928022 0)
(0.0415239372316 -0.0240703227138 0)
(0.0415845363189 -0.0243884650032 0)
(0.0416439975061 -0.0247112312151 0)
(0.0417022300372 -0.0250385176643 0)
(0.0417591388526 -0.0253702038063 0)
(0.0418146242255 -0.025706150866 0)
(0.0418685814031 -0.0260462004701 0)
(0.0419209002172 -0.026390173229 0)
(0.0419714646509 -0.0267378672563 0)
(0.0420201523579 -0.0270890566195 0)
(0.0420668341267 -0.0274434897224 0)
(0.0421113732871 -0.0278008876235 0)
(0.0421536250502 -0.0281609422953 0)
(0.0421934357744 -0.0285233148227 0)
(0.0422306421489 -0.0288876335451 0)
(0.0422650702836 -0.0292534921442 0)
(0.0422965346954 -0.0296204476854 0)
(0.0423248371714 -0.0299880186166 0)
(0.0423497654487 -0.0303556827333 0)
(0.042371091419 -0.0307228751165 0)
(0.0423885672134 -0.0310889860581 0)
(0.0424019097557 -0.0314533594868 0)
(0.0424103877664 -0.0318153310963 0)
(0.0424099841424 -0.0321745381611 0)
(0.0423997157239 -0.0325301789116 0)
(0.0423826799123 -0.0328808683026 0)
(0.0423592453976 -0.0332255342041 0)
(0.0423293724476 -0.0335631249773 0)
(0.042292769502 -0.0338925693963 0)
(0.0422489891849 -0.0342127519143 0)
(0.0421975193643 -0.0345224988625 0)
(0.0421377972095 -0.0348205747187 0)
(0.0420692082546 -0.0351056807825 0)
(0.0419910823423 -0.0353764545138 0)
(0.0419026886514 -0.0356314691283 0)
(0.0418032302149 -0.0358692333885 0)
(0.0416918380525 -0.0360881916257 0)
(0.0415675649952 -0.0362867240475 0)
(0.0414293792642 -0.0364631473204 0)
(0.0412761578175 -0.0366157153833 0)
(0.0411066794334 -0.0367426204021 0)
(0.0409196175012 -0.0368419938131 0)
(0.0407135325516 -0.0369119074539 0)
(0.0404868646114 -0.0369503747774 0)
(0.0402379254775 -0.0369553520945 0)
(0.039964890995 -0.0369247397379 0)
(0.0396657934047 -0.0368563830078 0)
(0.0393385138136 -0.0367480727378 0)
(0.0389807748372 -0.0365975453071 0)
(0.0385901334575 -0.0364024819055 0)
(0.0381639741435 -0.0361605068311 0)
(0.0376995022787 -0.035869184572 0)
(0.0371937379309 -0.0355260153724 0)
(0.0366435099941 -0.0351284289431 0)
(0.0360454507151 -0.0346737759097 0)
(0.035395990601 -0.0341593165264 0)
(0.0346913536836 -0.0335822060978 0)
(0.0339275530929 -0.0329394764505 0)
(0.0331003868696 -0.0322280126697 0)
(0.0322054339243 -0.0314445241657 0)
(0.0312380500328 -0.0305855089325 0)
(0.0301933637503 -0.029647209617 0)
(0.0290662721398 -0.028625559689 0)
(0.02785143626 -0.0275161175862 0)
(0.0265432764712 -0.0263139861527 0)
(0.0251359678668 -0.0250137139617 0)
(0.023623436611 -0.0236091741622 0)
(0.0219993588915 -0.0220934152476 0)
(0.0202571659952 -0.0204584766309 0)
(0.0183900625288 -0.0186951602318 0)
(0.0163910718401 -0.0167927480328 0)
(0.0142531375162 -0.0147386564558 0)
(0.0119693468859 -0.0125180272077 0)
(0.00953347213111 -0.0101132950255 0)
(0.00694165858398 -0.00750397220117 0)
(0.00419970967357 -0.00466796884345 0)
(0.00136211218207 -0.00159219295244 0)
(0.0415663298614 -0.0201645871661 0)
(0.0416391005186 -0.0204315943585 0)
(0.041711341159 -0.020702681834 0)
(0.0417829719441 -0.020977970749 0)
(0.0418539198572 -0.0212573940049 0)
(0.0419241090418 -0.0215408727757 0)
(0.0419934596338 -0.0218283146599 0)
(0.0420618872514 -0.0221196123149 0)
(0.0421293025769 -0.0224146422669 0)
(0.0421956109253 -0.0227132636979 0)
(0.042260711773 -0.0230153171673 0)
(0.0423244982365 -0.0233206232722 0)
(0.0423868564928 -0.0236289812687 0)
(0.0424476651374 -0.0239401676582 0)
(0.0425067944731 -0.0242539347318 0)
(0.0425641057226 -0.0245700090536 0)
(0.0426194501539 -0.0248880898795 0)
(0.0426726681106 -0.0252078475187 0)
(0.0427235879374 -0.0255289216484 0)
(0.0427720247886 -0.0258509195908 0)
(0.0428177793003 -0.0261734145566 0)
(0.0428606360632 -0.026495943861 0)
(0.0429003615946 -0.0268180071221 0)
(0.0429367001186 -0.0271390644673 0)
(0.0429693574991 -0.0274585352581 0)
(0.0429975777727 -0.0277758374029 0)
(0.0430172371066 -0.0280906986384 0)
(0.0430273114975 -0.0284024181658 0)
(0.0430309484502 -0.0287097147813 0)
(0.043028505127 -0.0290116233837 0)
(0.0430199178718 -0.0293072055814 0)
(0.0430048614223 -0.0295955109033 0)
(0.0429828471123 -0.0298755522994 0)
(0.0429533159166 -0.0301462924086 0)
(0.0429156526226 -0.0304066402655 0)
(0.042869185332 -0.030655450414 0)
(0.0428131817202 -0.0308915222584 0)
(0.0427468437969 -0.0311135993921 0)
(0.042669301917 -0.0313203692869 0)
(0.0425796085207 -0.031510463514 0)
(0.0424767319732 -0.0316824584832 0)
(0.0423595505565 -0.0318348764927 0)
(0.0422268462593 -0.0319661868329 0)
(0.042077297999 -0.032074806696 0)
(0.0419094742907 -0.0321591021025 0)
(0.0417218256528 -0.0322173891356 0)
(0.0415126770092 -0.0322479355089 0)
(0.0412802202249 -0.0322489622937 0)
(0.0410225068072 -0.0322186455817 0)
(0.0407374407663 -0.0321551178918 0)
(0.0404227716312 -0.0320564691667 0)
(0.0400760876321 -0.0319207472229 0)
(0.0396948090751 -0.0317459575005 0)
(0.039276181947 -0.0315300619343 0)
(0.0388172717856 -0.0312709767291 0)
(0.0383149578396 -0.0309665687732 0)
(0.0377659275304 -0.0306146503844 0)
(0.0371666712031 -0.0302129720216 0)
(0.0365134771298 -0.0297592125367 0)
(0.0358024266975 -0.0292509664679 0)
(0.0350293896767 -0.028685727784 0)
(0.0341900194275 -0.0280608693767 0)
(0.0332797478579 -0.0273736174586 0)
(0.0322937798932 -0.0266210198392 0)
(0.0312270871704 -0.0257999068122 0)
(0.0300744006098 -0.0249068430752 0)
(0.0288302014743 -0.023938068676 0)
(0.0274887104921 -0.0228894264057 0)
(0.0260438746505 -0.0217562722662 0)
(0.0244893514256 -0.020533364541 0)
(0.0228184906639 -0.0192147254645 0)
(0.0210243154935 -0.0177934673994 0)
(0.0190995064245 -0.0162615727234 0)
(0.0170363996153 -0.014609613746 0)
(0.0148270275191 -0.0128263978945 0)
(0.0124632782997 -0.0108985314932 0)
(0.00993741359933 -0.00880993984786 0)
(0.00724390052021 -0.00654158284293 0)
(0.00438734475312 -0.00407260751398 0)
(0.00142392223271 -0.00138998353265 0)
(0.0416633348698 -0.0169959867159 0)
(0.0417447160305 -0.0172230895327 0)
(0.0418258924734 -0.0174536439783 0)
(0.041906808349 -0.0176877644781 0)
(0.0419874025591 -0.017925392958 0)
(0.0420676105254 -0.018166460825 0)
(0.0421473634567 -0.0184108876974 0)
(0.0422265878645 -0.0186585803246 0)
(0.0423052050887 -0.0189094316279 0)
(0.0423831307856 -0.0191633196764 0)
(0.0424602743724 -0.0194201065448 0)
(0.0425365384249 -0.0196796371052 0)
(0.0426118180198 -0.0199417378334 0)
(0.0426860000037 -0.0202062156414 0)
(0.0427589621757 -0.0204728566844 0)
(0.0428305723782 -0.0207414250891 0)
(0.0429006874909 -0.0210116616035 0)
(0.0429691523224 -0.0212832821955 0)
(0.0430357983897 -0.0215559766194 0)
(0.0431004425709 -0.0218294069565 0)
(0.0431628856116 -0.0221032061277 0)
(0.043222910419 -0.022376976379 0)
(0.0432802798328 -0.0226502877424 0)
(0.0433347321308 -0.0229226765004 0)
(0.0433859643453 -0.0231936441098 0)
(0.0434331971943 -0.0234626953899 0)
(0.0434721925891 -0.0237296350779 0)
(0.0435018873797 -0.0239938666862 0)
(0.0435254932731 -0.0242542402139 0)
(0.0435433610181 -0.0245099112477 0)
(0.0435554058924 -0.0247600678519 0)
(0.0435612702875 -0.0250038935688 0)
(0.0435604251679 -0.0252405425834 0)
(0.0435522667092 -0.0254691263082 0)
(0.0435361298316 -0.0256887129691 0)
(0.0435112898604 -0.0258983286744 0)
(0.0434769584983 -0.0260969540854 0)
(0.0434322763313 -0.0262835207786 0)
(0.043376305865 -0.0264569110017 0)
(0.0433080248744 -0.0266159602636 0)
(0.0432263214244 -0.0267594592703 0)
(0.0431299900379 -0.0268861564131 0)
(0.0430177263672 -0.0269947579731 0)
(0.042888118991 -0.0270839270745 0)
(0.042739640606 -0.0271522839715 0)
(0.0425706399488 -0.0271984080238 0)
(0.0423793345853 -0.0272208403826 0)
(0.0421638042596 -0.0272180865495 0)
(0.0419219844917 -0.0271886184639 0)
(0.0416516602515 -0.0271308760673 0)
(0.0413504596652 -0.0270432683692 0)
(0.0410158477864 -0.0269241740066 0)
(0.0406451204919 -0.0267719412161 0)
(0.0402353985645 -0.0265848870778 0)
(0.0397836220067 -0.026361295835 0)
(0.0392865446057 -0.0260994160525 0)
(0.0387407287415 -0.0257974563342 0)
(0.0381425404006 -0.0254535792794 0)
(0.0374881443197 -0.0250658933072 0)
(0.0367734991477 -0.0246324419165 0)
(0.0359943524661 -0.0241511898766 0)
(0.0351462354499 -0.0236200057413 0)
(0.0342244568909 -0.0230366399625 0)
(0.0332240962151 -0.0223986977079 0)
(0.0321399950301 -0.021703605276 0)
(0.0309667466098 -0.0209485687033 0)
(0.0296986825637 -0.0201305227549 0)
(0.0283298557386 -0.019246067918 0)
(0.0268540181575 -0.0182913922032 0)
(0.0252645925237 -0.0172621733694 0)
(0.0235546355656 -0.0161534554117 0)
(0.021716791483 -0.0149594904964 0)
(0.0197432346546 -0.0136735335783 0)
(0.0176256048337 -0.0122875715168 0)
(0.0153549528994 -0.0107919629928 0)
(0.0129217683313 -0.00917496816639 0)
(0.0103163604362 -0.00742219183007 0)
(0.00753072016841 -0.00551618611867 0)
(0.0045672094547 -0.00343746896948 0)
(0.00148319890596 -0.00117354814071 0)
(0.0416474157839 -0.0136240731452 0)
(0.0417365663382 -0.0138079607024 0)
(0.0418258234318 -0.0139946244126 0)
(0.0419151516831 -0.0141841658198 0)
(0.042004501461 -0.014376536441 0)
(0.042093819075 -0.0145716788817 0)
(0.0421830464255 -0.014769526031 0)
(0.0422721205454 -0.0149700001956 0)
(0.0423609730817 -0.0151730123011 0)
(0.04244952972 -0.0153784610587 0)
(0.0425377095564 -0.0155862320717 0)
(0.0426254244216 -0.0157961968957 0)
(0.0427125781463 -0.0160082120789 0)
(0.042799065749 -0.0162221181954 0)
(0.0428847725266 -0.0164377388604 0)
(0.0429695730447 -0.0166548797095 0)
(0.0430533300214 -0.0168733273342 0)
(0.0431358931028 -0.0170928481821 0)
(0.0432170975186 -0.0173131874276 0)
(0.0432967626067 -0.017534067825 0)
(0.0433746901836 -0.0177551885415 0)
(0.043450662699 -0.0179762239673 0)
(0.0435244408576 -0.0181968224891 0)
(0.0435957589196 -0.0184166052165 0)
(0.0436643074756 -0.0186351649703 0)
(0.0437292852782 -0.0188521009187 0)
(0.0437863288369 -0.0190672842267 0)
(0.0438343390211 -0.0192802274586 0)
(0.0438766142193 -0.0194899375451 0)
(0.0439135103285 -0.0196957009134 0)
(0.0439449293454 -0.0198968416312 0)
(0.0439704805152 -0.0200926904499 0)
(0.0439895800068 -0.0202825628463 0)
(0.0440015525125 -0.020465739578 0)
(0.0440057001287 -0.0206414711658 0)
(0.0440012784829 -0.0208089832566 0)
(0.0439874594454 -0.020967457958 0)
(0.0439633184738 -0.0211160271806 0)
(0.0439278402658 -0.0212537779759 0)
(0.0438799240824 -0.0213797677629 0)
(0.0438183877643 -0.0214930239167 0)
(0.0437419616072 -0.0215925507578 0)
(0.0436492769644 -0.0216773171991 0)
(0.0435388483232 -0.0217462487691 0)
(0.0434090628464 -0.0217982327015 0)
(0.0432581748705 -0.0218321257123 0)
(0.0430843018397 -0.0218467592715 0)
(0.0428854199792 -0.021840942256 0)
(0.0426593592823 -0.0218134621629 0)
(0.0424037979354 -0.0217630857635 0)
(0.0421162564538 -0.0216885595651 0)
(0.0417940917744 -0.0215886101103 0)
(0.0414344914709 -0.0214619439806 0)
(0.0410344681913 -0.0213072473075 0)
(0.040590854355 -0.0211231845733 0)
(0.0401002971049 -0.0209083964697 0)
(0.0395592534744 -0.0206614965712 0)
(0.0389639856931 -0.0203810665512 0)
(0.0383105565178 -0.0200656496403 0)
(0.0375948244304 -0.0197137419762 0)
(0.0368124384893 -0.0193237814373 0)
(0.0359588325524 -0.0188941334722 0)
(0.0350292185049 -0.0184230733362 0)
(0.0340185780092 -0.0179087640057 0)
(0.0329216521499 -0.0173492288581 0)
(0.0317329281472 -0.016742317946 0)
(0.0304466220426 -0.0160856663341 0)
(0.0290566558791 -0.0153766424441 0)
(0.0275566273709 -0.0146122835818 0)
(0.0259397692888 -0.0137892146455 0)
(0.0241988946882 -0.0129035441662 0)
(0.0223263225569 -0.0119507288304 0)
(0.0203137764445 -0.0109253926465 0)
(0.0181522470724 -0.0098210786728 0)
(0.0158318143949 -0.00862989879657 0)
(0.0133414633957 -0.00734203546058 0)
(0.0106691343951 -0.00594507502091 0)
(0.00780324900585 -0.00442338700183 0)
(0.00474184349927 -0.00275893220512 0)
(0.00154129996169 -0.000940502260074 0)
(0.0415416475883 -0.0100318233395 0)
(0.0416375332438 -0.0101687205126 0)
(0.0417338106278 -0.0103076679232 0)
(0.0418304605572 -0.0104487474526 0)
(0.0419274436772 -0.0105919212832 0)
(0.0420247160594 -0.0107371446791 0)
(0.0421222291619 -0.0108843655438 0)
(0.0422199293921 -0.0110335237804 0)
(0.0423177575648 -0.0111845506836 0)
(0.0424156482944 -0.0113373683182 0)
(0.0425135293246 -0.0114918888759 0)
(0.0426113207936 -0.0116480140046 0)
(0.0427089344269 -0.0118056341102 0)
(0.042806272647 -0.0119646276347 0)
(0.042903227591 -0.0121248603162 0)
(0.0429996800251 -0.0122861844359 0)
(0.0430954981492 -0.0124484380539 0)
(0.0431905362831 -0.012611444236 0)
(0.0432846334271 -0.0127750102789 0)
(0.0433776116854 -0.0129389269414 0)
(0.0434692745302 -0.013102967693 0)
(0.043559404843 -0.0132668879878 0)
(0.0436477624034 -0.0134304245624 0)
(0.0437340789798 -0.0135932947411 0)
(0.0438180404931 -0.0137551958724 0)
(0.0438988236456 -0.0139158346753 0)
(0.0439719230252 -0.0140751462788 0)
(0.0440362044427 -0.0142327681981 0)
(0.0440950799394 -0.0143879005183 0)
(0.0441489327636 -0.0145399700737 0)
(0.0441976871484 -0.0146884190175 0)
(0.0442409706282 -0.0148326771979 0)
(0.0442781890896 -0.0149721710005 0)
(0.0443081976672 -0.0151064786574 0)
(0.0443304601455 -0.0152352433126 0)
(0.044344407788 -0.015357888378 0)
(0.0443492074995 -0.0154736887304 0)
(0.0443437899037 -0.0155819292231 0)
(0.0443269332074 -0.0156819338422 0)
(0.0442974030456 -0.0157730378032 0)
(0.0442540290878 -0.015854588092 0)
(0.0441956021608 -0.0159259033522 0)
(0.0441207318506 -0.0159862108688 0)
(0.0440278586966 -0.0160346737869 0)
(0.0439152757714 -0.016070439905 0)
(0.043781139548 -0.0160926560906 0)
(0.0436234717533 -0.0161004661503 0)
(0.0434401559746 -0.0160930059966 0)
(0.0432289318489 -0.0160694004679 0)
(0.0429873884883 -0.0160287620442 0)
(0.0427129579484 -0.015970190715 0)
(0.0424029090599 -0.0158927742951 0)
(0.0420543417038 -0.015795588699 0)
(0.0416641815141 -0.0156776978611 0)
(0.0412291749492 -0.0155381530781 0)
(0.0407458846535 -0.0153759915929 0)
(0.0402106850184 -0.0151902342409 0)
(0.0396197578243 -0.0149798819706 0)
(0.0389690878136 -0.0147439110228 0)
(0.038254457999 -0.0144812665177 0)
(0.037471444453 -0.0141908541558 0)
(0.0366154102421 -0.0138715296768 0)
(0.0356814980741 -0.0135220856441 0)
(0.0346646210801 -0.013141235018 0)
(0.0335594509736 -0.0127275908346 0)
(0.0323604025684 -0.0122796411091 0)
(0.0310616132692 -0.0117957177926 0)
(0.0296569156127 -0.0112739581859 0)
(0.0281398001467 -0.0107122565712 0)
(0.0265033647171 -0.010108202811 0)
(0.0247402443256 -0.00945900299818 0)
(0.0228425126458 -0.00876137438959 0)
(0.0208015411475 -0.00801140165812 0)
(0.0186077932945 -0.0072043316605 0)
(0.0162505192401 -0.00633426510182 0)
(0.0137173162064 -0.00539367148018 0)
(0.010993650264 -0.00437262797881 0)
(0.00806339498434 -0.00325784365411 0)
(0.00491691949672 -0.00203286384971 0)
(0.00160249068747 -0.000688135565559 0)
(0.0413766804928 -0.00620072130357 0)
(0.041477973756 -0.00628631501341 0)
(0.0415799012939 -0.00637317928798 0)
(0.0416824546567 -0.00646136865576 0)
(0.0417856023545 -0.00655085780118 0)
(0.0418893078694 -0.00664161696354 0)
(0.0419935298882 -0.00673361174091 0)
(0.0420982219148 -0.00682680269482 0)
(0.0422033317295 -0.00692114496524 0)
(0.0423088007677 -0.00701658787778 0)
(0.0424145634239 -0.00711307453852 0)
(0.0425205462768 -0.00721054141533 0)
(0.0426266672308 -0.00730891790498 0)
(0.0427328345668 -0.00740812588667 0)
(0.0428389458968 -0.00750807926689 0)
(0.0429448870154 -0.00760868352095 0)
(0.0430505306393 -0.00770983523676 0)
(0.0431557350297 -0.00781142166845 0)
(0.0432603424883 -0.00791332030889 0)
(0.043364177722 -0.00801539849501 0)
(0.0434670460559 -0.00811751306585 0)
(0.0435687314288 -0.00821951010436 0)
(0.0436689938245 -0.00832122480897 0)
(0.043767564195 -0.00842248156274 0)
(0.043864125888 -0.00852309435278 0)
(0.0439578337257 -0.00862288950255 0)
(0.0440440235843 -0.00872186190399 0)
(0.044121517953 -0.00881980660667 0)
(0.0441938421696 -0.0089162047047 0)
(0.0442613756999 -0.00901071919192 0)
(0.0443240163112 -0.00910301108423 0)
(0.0443813643648 -0.00919262821685 0)
(0.0444328453089 -0.00927776880436 0)
(0.0444778395239 -0.00935881285282 0)
(0.0445155941702 -0.00943773355191 0)
(0.0445452850879 -0.00951360822481 0)
(0.0445660199115 -0.00958491185574 0)
(0.0445767820866 -0.00965066303266 0)
(0.0445757859758 -0.00971062430706 0)
(0.0445613839953 -0.00976490738086 0)
(0.0445326440683 -0.00981368408721 0)
(0.0444891249695 -0.00985656316103 0)
(0.0444292671443 -0.0098926222463 0)
(0.0443513113696 -0.00992114428633 0)
(0.044253406823 -0.00994157515403 0)
(0.0441336087657 -0.00995341575328 0)
(0.043989861541 -0.00995617216623 0)
(0.0438199823163 -0.00994934018217 0)
(0.0436216482547 -0.00993240298524 0)
(0.0433923867535 -0.00990483265707 0)
(0.0431295678296 -0.00986609222777 0)
(0.0428303978865 -0.00981563733012 0)
(0.0424919143606 -0.00975291726388 0)
(0.0421109809424 -0.00967737546632 0)
(0.0416842831911 -0.00958844939811 0)
(0.0412083244065 -0.00948556982301 0)
(0.0406794216418 -0.00936815942562 0)
(0.0400937017242 -0.0092356306804 0)
(0.0394470971182 -0.00908738285689 0)
(0.0387353414189 -0.0089227980182 0)
(0.0379539641966 -0.00874123583808 0)
(0.0370982848278 -0.00854202702329 0)
(0.036163404835 -0.00832446507884 0)
(0.0351441981001 -0.00808779608659 0)
(0.0340352981077 -0.00783120607658 0)
(0.03283108107 -0.00755380544129 0)
(0.0315256433559 -0.00725460965502 0)
(0.0301127709996 -0.0069325152805 0)
(0.0285858980866 -0.00658626981229 0)
(0.0269380492859 -0.00621443321135 0)
(0.0251617593157 -0.00581532781087 0)
(0.023248957968 -0.0053869711731 0)
(0.0211908019726 -0.00492698242163 0)
(0.018977421324 -0.00443244408158 0)
(0.0165975215139 -0.00389968236213 0)
(0.0140377383655 -0.00332388564744 0)
(0.0112816281675 -0.00269839986119 0)
(0.00830872270675 -0.00201352328471 0)
(0.00509881957719 -0.00125572989001 0)
(0.00167662734678 -0.000417493458257 0)
(0.0412138237267 -0.00211918476298 0)
(0.0413185209073 -0.00214872649655 0)
(0.0414240174858 -0.00217870326334 0)
(0.0415303075801 -0.00220913428115 0)
(0.0416373625876 -0.00224001004727 0)
(0.0417451489671 -0.00227131956317 0)
(0.0418536286049 -0.0023030502633 0)
(0.0419627584085 -0.00233518786614 0)
(0.0420724897189 -0.00236771623016 0)
(0.0421827676354 -0.00240061720911 0)
(0.0422935302661 -0.002433870505 0)
(0.0424047079004 -0.00246745351858 0)
(0.0425162220961 -0.00250134119728 0)
(0.0426279846751 -0.00253550588128 0)
(0.0427398966219 -0.00256991714891 0)
(0.0428518468782 -0.00260454166354 0)
(0.042963711027 -0.00263934302469 0)
(0.0430753498611 -0.00267428162752 0)
(0.0431866078344 -0.00270931453627 0)
(0.0432973113945 -0.00274439537884 0)
(0.0434072671935 -0.00277947427213 0)
(0.0435162601313 -0.00281449778891 0)
(0.0436240509093 -0.00284940897324 0)
(0.0437303711366 -0.00288414738978 0)
(0.0438349047049 -0.00291864913645 0)
(0.043936792244 -0.00295285499024 0)
(0.0440312412266 -0.002986767473 0)
(0.0441170538508 -0.00302031392189 0)
(0.0441978638121 -0.00305328823414 0)
(0.0442740348004 -0.00308554609689 0)
(0.0443454148171 -0.00311694475688 0)
(0.044411554299 -0.00314733724765 0)
(0.0444718950691 -0.00317659721884 0)
(0.0445263454196 -0.00320479554287 0)
(0.0445739639821 -0.00323213667055 0)
(0.0446136405277 -0.00325863213457 0)
(0.0446441095726 -0.00328391624769 0)
(0.0446637369837 -0.00330569464444 0)
(0.0446719883865 -0.00332260787265 0)
(0.0446682479306 -0.00333739682707 0)
(0.044650754721 -0.00335345981161 0)
(0.0446177762017 -0.00336937522673 0)
(0.0445683318058 -0.00338213946405 0)
(0.0445005988347 -0.00339173045637 0)
(0.0444126679074 -0.00339826078595 0)
(0.0443025774075 -0.00340170999926 0)
(0.0441682643695 -0.00340197457274 0)
(0.0440075335858 -0.00339891115265 0)
(0.0438180424241 -0.00339235758922 0)
(0.0435972926171 -0.00338214239068 0)
(0.0433426247276 -0.00336808902855 0)
(0.0430512136147 -0.00335001796689 0)
(0.0427200643126 -0.00332774763273 0)
(0.0423460081352 -0.00330109483448 0)
(0.0419256989398 -0.00326987483343 0)
(0.0414556094987 -0.00323390114254 0)
(0.0409320279111 -0.00319298506744 0)
(0.0403510539482 -0.00314693497505 0)
(0.0397085951789 -0.00309555525781 0)
(0.0390003626642 -0.00303864494879 0)
(0.0382218659402 -0.00297599593087 0)
(0.0373684069131 -0.00290739066894 0)
(0.036435072175 -0.00283259937761 0)
(0.0354167230843 -0.00275137651288 0)
(0.0343079827322 -0.0026634564452 0)
(0.0331032186008 -0.00256854812561 0)
(0.0317965192578 -0.00246632849053 0)
(0.0303816627453 -0.00235643425084 0)
(0.0288520732688 -0.00223845155509 0)
(0.0272007611398 -0.00211190276228 0)
(0.0254202382268 -0.00197622912366 0)
(0.023502396636 -0.0018307673749 0)
(0.0214383303146 -0.00167471664176 0)
(0.0192180642565 -0.00150708847333 0)
(0.0168301258922 -0.00132662365155 0)
(0.0142608308667 -0.00113163415437 0)
(0.0114930465086 -0.00091966500836 0)
(0.00850424188613 -0.000686798270722 0)
(0.00526592066529 -0.00042705574212 0)
(0.0017655620888 -0.000138512822704 0)
)
;

boundaryField
{
    front
    {
        type            empty;
    }
    back
    {
        type            empty;
    }
    inlet
    {
        type            cellMotion;
        value           uniform (0 0 0);
    }
    outlet
    {
        type            cellMotion;
        value           uniform (0 0 0);
    }
    top
    {
        type            slip;
    }
    bottom
    {
        type            slip;
    }
    flap
    {
        type            cellMotion;
        value           nonuniform List<vector> 
161
(
(-6.77903780044e-06 -6.02021865806e-06 8.12728385422e-22)
(-2.11613975931e-05 -3.09799132035e-05 2.51442937691e-21)
(-3.50717842775e-05 -7.56439702892e-05 4.13987507543e-21)
(-4.88576691456e-05 -0.000144792997353 5.76532585612e-21)
(-6.24533650659e-05 -0.000234178195505 7.39078405098e-21)
(-7.58913498556e-05 -0.000347397677469 9.01624916476e-21)
(-8.92230790501e-05 -0.000480032979958 1.06417194974e-20)
(-0.000102420085488 -0.000635870454548 1.22671967057e-20)
(-0.000115506158736 -0.000810672615337 1.38926798853e-20)
(-0.00012846531705 -0.00100799117187 1.55181703975e-20)
(-0.000144749896278 -0.0012885464621 1.75813095629e-20)
(-0.000159812720111 -0.00157398563625 1.9505673062e-20)
(-0.000172408348666 -0.00183970441321 2.11311879321e-20)
(-0.000184913774948 -0.0021230916928 2.27567097231e-20)
(-0.000197316490653 -0.00242673006508 2.43822398619e-20)
(-0.000209633123299 -0.00274741329957 2.60077774012e-20)
(-0.000221850921543 -0.00308760866717 2.76333238949e-20)
(-0.000233985210514 -0.00344420532791 2.92588783453e-20)
(-0.000246022850343 -0.00381955322349 3.08844424276e-20)
(-0.000257978156401 -0.00421064181919 3.2510015068e-20)
(-0.000269837340416 -0.00461970077529 3.41355980503e-20)
(-0.000281613930265 -0.00504382243362 3.57611902047e-20)
(-0.000293293383668 -0.00548511369466 3.73867934315e-20)
(-0.000304888788325 -0.00594077310013 3.901240647e-20)
(-0.000316384742782 -0.0064127827701 4.06380313441e-20)
(-0.00032779415188 -0.00689845075407 4.22636666988e-20)
(-0.000339100650534 -0.00739963257633 4.38893146889e-20)
(-0.000350317212507 -0.00791374897152 4.55149738614e-20)
(-0.000363447198327 -0.0085426318176 4.74395377808e-20)
(-0.000377393436609 -0.00923363136333 4.95029174951e-20)
(-0.000388259055326 -0.00979301692402 5.11286213409e-20)
(-0.000399007797854 -0.0103657788662 5.27543403453e-20)
(-0.000409657500126 -0.0109492555426 5.43800722704e-20)
(-0.000420185042259 -0.0115452221004 5.60058202227e-20)
(-0.000430609276548 -0.0121511679861 5.76315818024e-20)
(-0.000440906399486 -0.0127687161658 5.92573602398e-20)
(-0.000451096342483 -0.0133955096753 6.08831529675e-20)
(-0.000461154831356 -0.0140330223549 6.25089633225e-20)
(-0.000471102868758 -0.0146790523252 6.41347885809e-20)
(-0.000480915844169 -0.0153349283368 6.57606321787e-20)
(-0.000491512737196 -0.0160617301227 6.75390313663e-20)
(-0.000501074479867 -0.0167343941707 6.91649094309e-20)
(-0.000510496983392 -0.0174155846302 7.07908068249e-20)
(-0.000519803514126 -0.0181034946813 7.24167204687e-20)
(-0.000528969619415 -0.01879910602 7.40426539948e-20)
(-0.000538019271668 -0.0195007645845 7.56686041922e-20)
(-0.000546928471189 -0.0202093273932 7.7294574731e-20)
(-0.000555721738792 -0.0209232902447 7.89205622709e-20)
(-0.000564375926689 -0.0216433931119 8.05465704797e-20)
(-0.000572915885063 -0.0223682780909 8.21725959083e-20)
(-0.000581319442524 -0.0230985767171 8.37986422126e-20)
(-0.000591801271184 -0.0240322941464 8.58625051219e-20)
(-0.000601431428997 -0.0249083066121 8.77875581955e-20)
(-0.000609413033654 -0.0256532218125 8.94136705901e-20)
(-0.000617284378594 -0.0264014548367 9.10398006588e-20)
(-0.000625030220915 -0.027153262475 9.26659512297e-20)
(-0.000632671382927 -0.0279078848029 9.42921192558e-20)
(-0.000640194016718 -0.0286655193438 9.59183074543e-20)
(-0.000647618215268 -0.0294255077462 9.75445127627e-20)
(-0.000654931561004 -0.0301879956962 9.91707377623e-20)
(-0.000662153395757 -0.0309524195605 1.00796979392e-19)
(-0.000669272874451 -0.031718880573 1.02423240079e-19)
(-0.000676308484262 -0.0324869028324 1.04049516787e-19)
(-0.000683251065696 -0.0332565505666 1.05675811768e-19)
(-0.000690118128091 -0.0340274285567 1.07302122034e-19)
(-0.000696902342278 -0.0347995715338 1.08928449647e-19)
(-0.000703620164969 -0.0355726578617 1.10554791695e-19)
(-0.000710266437174 -0.0363467005157 1.12181149982e-19)
(-0.00071685637016 -0.0371214443327 1.13807521646e-19)
(-0.00072457415027 -0.0380395774744 1.1573293074e-19)
(-0.000732782755662 -0.0390245869146 1.1779721625e-19)
(-0.000739193703908 -0.0398011593372 1.19423632046e-19)
(-0.000745557933633 -0.0405780881006 1.2105005953e-19)
(-0.00075188820244 -0.0413552466238 1.22676495722e-19)
(-0.000758183031956 -0.0421326136713 1.24302941199e-19)
(-0.000764452928465 -0.0429101063345 1.25929393302e-19)
(-0.000770698113955 -0.0436877025447 1.27555852036e-19)
(-0.000776927330461 -0.0444653532329 1.29182315061e-19)
(-0.000783142148366 -0.0452430409296 1.30808781729e-19)
(-0.000785899888471 -0.0460572565375 1.32511672285e-19)
(-0.000314450300685 -0.0464498925875 1.33340695048e-19)
(0.000140520904051 -0.00128922621528 1.7590809191e-20)
(0.000154162636335 -0.00157480696471 1.95161285173e-20)
(0.000165303219871 -0.00184065463767 2.11424337584e-20)
(0.000176154628374 -0.00212417748598 2.27687332718e-20)
(0.00018665981732 -0.00242795846362 2.43950261667e-20)
(0.000196860828634 -0.00274878965463 2.60213134536e-20)
(0.000206698921463 -0.00308913872109 2.76475943069e-20)
(0.000216219249102 -0.00344589359793 2.92738697476e-20)
(0.000225361816811 -0.00382140440756 3.09001390177e-20)
(0.000234174777125 -0.00421265944451 3.25264031265e-20)
(0.000242597114031 -0.00462188840508 3.41526613619e-20)
(0.000250679639463 -0.00504618265631 3.57789146936e-20)
(0.000258360703577 -0.00548764901362 3.74051624842e-20)
(0.000265693597899 -0.00594348521163 3.90314056864e-20)
(0.000272616383333 -0.00641567304996 4.06576437491e-20)
(0.000279184547151 -0.00690151989037 4.22838775969e-20)
(0.00028533628438 -0.00740288107917 4.39101067799e-20)
(0.000291129042724 -0.00791717699643 4.55363321904e-20)
(0.000297404218196 -0.00854627127609 4.74615420828e-20)
(0.00030363126701 -0.00923749568616 4.95255933166e-20)
(0.000308077595137 -0.00979705660904 5.11518068363e-20)
(0.000312096723257 -0.0103699919305 5.27780173816e-20)
(0.000315763029454 -0.0109536398628 5.44042257902e-20)
(0.000319005406258 -0.0115497746425 5.60304320299e-20)
(0.000321898803648 -0.0121558859552 5.76566368279e-20)
(0.000324374295193 -0.0127735958402 5.92828403239e-20)
(0.000326506962068 -0.0134005476745 6.09090431136e-20)
(0.000328230550764 -0.0140382143149 6.25352455161e-20)
(0.000329619779533 -0.0146843944698 6.41614479984e-20)
(0.000330611374271 -0.0153404158398 6.57876510673e-20)
(0.000331305246952 -0.0160673714225 6.75664258701e-20)
(0.000331588733851 -0.0167401711487 6.91926314289e-20)
(0.000331496486902 -0.017421491863 7.08188391495e-20)
(0.000331099797098 -0.0181095275799 7.24450491052e-20)
(0.000330344396344 -0.0188052588588 7.40712623073e-20)
(0.000329299438303 -0.019507032539 7.56974786501e-20)
(0.000327914523695 -0.0202157046171 7.73236993251e-20)
(0.000326256266142 -0.0209297718719 7.89499240272e-20)
(0.000324278466479 -0.0216499732384 8.05761541078e-20)
(0.000322044823487 -0.0223749518928 8.22023890706e-20)
(0.000319513350648 -0.0231053385465 8.38286304385e-20)
(0.000315911740367 -0.0240391598286 8.58927218394e-20)
(0.000312251501267 -0.0249152626679 8.78179731186e-20)
(0.000308856062898 -0.0256602476313 8.94442377148e-20)
(0.000305248692277 -0.0264085459841 9.10705092427e-20)
(0.000301405835113 -0.0271604137968 9.26967892343e-20)
(0.00029737133812 -0.0279150918796 9.43230767971e-20)
(0.000293124909707 -0.028672777235 9.59493735127e-20)
(0.000288706770042 -0.0294328124231 9.75756783331e-20)
(0.000284099733927 -0.0301953426414 9.92019928548e-20)
(0.000279340551852 -0.0309598050554 1.00828315887e-19)
(0.000274415054748 -0.0317263004879 1.02454649027e-19)
(0.000269356546465 -0.0324943538144 1.04080990966e-19)
(0.000264153752721 -0.0332640289554 1.05707343272e-19)
(0.000258836569693 -0.034034931424 1.07333704536e-19)
(0.000253396506945 -0.0348070956233 1.08960076292e-19)
(0.000247860154992 -0.0355802005453 1.10586457056e-19)
(0.000242221983932 -0.0363542591966 1.12212848269e-19)
(0.000236505325176 -0.0371290171488 1.13839248347e-19)
(0.000229623903572 -0.038047163744 1.15764684457e-19)
(0.000222159513129 -0.0390321848247 1.17828993824e-19)
(0.000216206034296 -0.0398087643403 1.19455424113e-19)
(0.000210194575403 -0.0405856987448 1.21081862613e-19)
(0.000204141954342 -0.0413628617702 1.22708307324e-19)
(0.000198047452989 -0.0421402320609 1.24334758747e-19)
(0.000191924239811 -0.0429177270592 1.25961215009e-19)
(0.000185773232943 -0.0436953247429 1.27587676145e-19)
(0.000179604539199 -0.0444729764543 1.29214140427e-19)
(0.000173420537785 -0.0452506647074 1.3084060739e-19)
(0.000163198230442 -0.0460648206697 1.32543248984e-19)
(6.77467878199e-06 -6.02272130921e-06 8.13179734405e-22)
(2.11356883803e-05 -3.09956200928e-05 2.51583791352e-21)
(3.49955386399e-05 -7.56850352474e-05 4.14220840412e-21)
(4.86737763417e-05 -0.000144872874667 5.76857377619e-21)
(6.20969397616e-05 -0.000234307417267 7.39493172335e-21)
(7.52634804495e-05 -0.000347588554687 9.02128278108e-21)
(8.82256621559e-05 -0.000480295273232 1.06476287063e-20)
(0.000100916124864 -0.000636215309354 1.22739679635e-20)
(0.000113367511165 -0.000811108862345 1.39003015305e-20)
(0.000125520392683 -0.00100852910866 1.55266282588e-20)
)
;
    }
    squareblock
    {
        type            cellMotion;
        value           uniform (0 0 0);
    }
}


// ************************************************************************* //
