/*--------------------------------*- C++ -*----------------------------------*\
  =========                 |
  \\      /  F ield         | OpenFOAM: The Open Source CFD Toolbox
   \\    /   O peration     | Website:  https://openfoam.org
    \\  /    A nd           | Version:  13
     \\/     M anipulation  |
\*---------------------------------------------------------------------------*/
FoamFile
{
    format      ascii;
    class       volScalarField;
    location    "10.625";
    object      Co;
}
// * * * * * * * * * * * * * * * * * * * * * * * * * * * * * * * * * * * * * //

dimensions      [];

internalField   nonuniform List<scalar> 
15080
(
0.632830590827
0.635099144396
0.637728371977
0.640418481179
0.643445288868
0.646675924788
0.649977631944
0.653391125953
0.656956807197
0.660697696124
0.66463789374
0.668794823511
0.673179887131
0.677798566746
0.682648340862
0.687717201536
0.692977681843
0.698347269268
0.703815153504
0.711848255786
0.635113578388
0.636584499067
0.638482603139
0.640578268382
0.643695429357
0.647303360494
0.650974135476
0.654757503929
0.658690364118
0.662800831185
0.667119054238
0.671656483087
0.676418772552
0.681408032298
0.68661658782
0.692024458437
0.697598641268
0.703281047123
0.709047595306
0.717409552735
0.637418390443
0.638144046742
0.639343334024
0.640853251582
0.644117869874
0.648065574266
0.652074230104
0.656193482389
0.660462508387
0.664928718689
0.669619678166
0.674534412155
0.679669026561
0.685025386457
0.690594079189
0.696347768965
0.702249164235
0.708256255405
0.714334721814
0.72305809897
0.639476418736
0.63961932114
0.640204678547
0.641148379194
0.644654160265
0.648872754089
0.653164104036
0.65756664217
0.662125405964
0.666930802496
0.672003495565
0.677292098811
0.682782323521
0.688497250879
0.69443694182
0.700561040525
0.706820344845
0.713172819001
0.719584476859
0.72868866507
0.641283487126
0.640958064198
0.641012021545
0.641433791174
0.645319685302
0.649768948041
0.654310793028
0.658969699855
0.66380645505
0.668938335999
0.674373213184
0.680020340086
0.685854772421
0.691930712514
0.698270118177
0.70479469372
0.711436424921
0.718162149656
0.724936506183
0.734452772155
0.642870809521
0.642145546961
0.641727398246
0.641709727795
0.646088563018
0.650731297489
0.655488252519
0.660394767213
0.665512094688
0.670926677757
0.676649320206
0.682626640528
0.68882680711
0.695292792256
0.702054606894
0.709009570856
0.716072405508
0.723213952242
0.730396413783
0.740333752949
0.644274313535
0.643180576955
0.642328303454
0.642224630546
0.646932338934
0.651735402061
0.656676139478
0.661805175626
0.667179502332
0.672851190321
0.678842894032
0.68514843788
0.691745734948
0.698635957341
0.705822664295
0.713231091949
0.720770227825
0.728380345761
0.736024694493
0.74642812975
0.645505860495
0.644064064141
0.642806052682
0.643002113046
0.647819705539
0.65275033211
0.65784334389
0.663156445591
0.668747788156
0.674666572054
0.680942821473
0.687584001749
0.694580434505
0.70191149055
0.709548971843
0.717440653264
0.725507169567
0.733659470453
0.741840400204
0.752748714292
0.646560546308
0.644794803348
0.643158085756
0.643821562147
0.648715270769
0.653739677078
0.658951482078
0.664415421103
0.67019541056
0.676345445099
0.682901676389
0.689878589699
0.697270236449
0.705052002367
0.713182950441
0.721607632616
0.730256420663
0.739040260798
0.747872741082
0.759350266807
0.647434430217
0.645371528479
0.643384006765
0.644646090017
0.649579675123
0.654661225556
0.659955474321
0.665535611794
0.671473860864
0.677831984365
0.684653347095
0.691958586116
0.699745140621
0.707988875707
0.716647168011
0.72566200993
0.734962191651
0.744461863785
0.754070062586
0.766235394252
0.648127412939
0.645796262421
0.64348713374
0.645435395882
0.650368848753
0.655466424505
0.660801600874
0.666457492316
0.672516571185
0.679050492606
0.686111683592
0.693728643733
0.701905043043
0.710621414242
0.719838213979
0.729498754068
0.739531472931
0.74984867633
0.760362045231
0.773375256331
0.648643002597
0.646075375694
0.643475445682
0.646146081584
0.651034286553
0.656100509183
0.661427375048
0.667109169783
0.673240559962
0.679905130336
0.687166684258
0.695064418363
0.703612199288
0.712800166328
0.722597453007
0.73295503958
0.743807453235
0.755069010809
0.766647748068
0.780676656808
0.64898817317
0.646218875031
0.643361932184
0.646731441985
0.65152312627
0.656502750083
0.661762119454
0.667407596082
0.67354765699
0.68027981104
0.687682068271
0.695807626923
0.704685728618
0.714322624853
0.724703893503
0.735797212876
0.747552415931
0.759894271876
0.77273060948
0.787979909094
0.649173526275
0.646234646138
0.643162008459
0.647143952142
0.651782422733
0.656612379926
0.661730182884
0.667260397113
0.673326031953
0.680039275867
0.687494684794
0.695763069098
0.704895914439
0.71492352785
0.725858177276
0.737697279196
0.750420640816
0.763979098311
0.778292512895
0.795034635045
0.649219555033
0.646176467758
0.643135917801
0.647364493561
0.651775071888
0.656362934369
0.661250291034
0.666571964376
0.672456560708
0.679038018827
0.686421556068
0.694702722615
0.703963444508
0.714266975462
0.725666391988
0.738207413249
0.751921724846
0.766812769386
0.78284154565
0.80143459146
0.64911857487
0.645999983088
0.643217540046
0.647266731776
0.651384936676
0.655667186542
0.660242808178
0.665245437783
0.67082434209
0.677116514872
0.684254375219
0.692364028284
0.701558671672
0.71194027828
0.723623918264
0.736730647021
0.751378308789
0.767664817157
0.785634128998
0.806504614572
0.648937378217
0.645810699661
0.643204660742
0.646919391748
0.650663751312
0.654532965185
0.658665667431
0.663208249328
0.668312394396
0.674128272784
0.680808056365
0.688489740919
0.697318431322
0.707460301703
0.719110695334
0.732496123665
0.747872856283
0.765518119034
0.78563462539
0.809316507062
0.648681789066
0.64560176043
0.642936436442
0.646251134975
0.649538743119
0.652900363136
0.656479182435
0.660421553293
0.664878048523
0.669998220613
0.675933150966
0.682844224042
0.690909526281
0.70035320505
0.711451919078
0.724576831599
0.740173612317
0.758830005579
0.781059196127
0.808344716513
0.648375132903
0.645409084918
0.642409711529
0.645258861321
0.64801483318
0.650786199009
0.653705189033
0.656906968147
0.660526828336
0.664698552836
0.669564533895
0.675288297429
0.682064563812
0.690150763164
0.699906232957
0.711854089889
0.726667102807
0.745330421976
0.768606473613
0.798969703944
0.648078575994
0.645282126638
0.642058955238
0.643937207194
0.646113844234
0.648228969086
0.650391697339
0.652718479332
0.655316091403
0.658290499394
0.661760766222
0.665863208464
0.6707598056
0.676684436942
0.684012295397
0.693360618794
0.705666982165
0.72247040706
0.745439468862
0.777888991827
1.41412649536
1.43044316996
1.43635636591
1.44214919683
1.44792285463
1.45367737866
1.45940044251
1.46499694275
1.47041930195
1.47589980497
1.48171061205
1.48756664607
1.49305015425
1.49830666178
1.50357036525
1.50881918429
1.51396988124
1.51897138212
1.52391110469
1.53791710042
1.41937775021
1.43608572509
1.44210765696
1.44798016634
1.45382222235
1.45963084979
1.46540426671
1.47107984991
1.47658467462
1.48205509288
1.48774365396
1.49356955816
1.49915146459
1.50438845019
1.50956211174
1.51476136418
1.51985759605
1.52480096857
1.52968654531
1.54357205832
1.42505748811
1.44199067116
1.44807202958
1.45404663873
1.45998690609
1.46589021111
1.4717595713
1.47755932237
1.48318992237
1.48867870545
1.49425154779
1.50001336656
1.50564161037
1.51090030972
1.51606498034
1.5212542008
1.52633296202
1.53124992412
1.5360956527
1.54993194128
1.43097960557
1.44809593193
1.45427903828
1.46037994298
1.46646963228
1.47255154812
1.47859821493
1.48458265199
1.49039419926
1.49600942276
1.50160246711
1.50732401288
1.51300716246
1.5184327777
1.52370692485
1.52894877284
1.53410159416
1.53909240783
1.54400723299
1.55798039122
1.43738428344
1.45481518281
1.46116579655
1.46734559717
1.47353474189
1.4798090053
1.48608725636
1.49229924461
1.49833819648
1.50415735858
1.50986723361
1.5156283809
1.52145416826
1.52712270749
1.5325316671
1.53786076802
1.54314204432
1.54825384607
1.553275612
1.56744945738
1.4440509688
1.4618454817
1.46852604281
1.47495116718
1.48126431645
1.4877102141
1.49426388481
1.50078639311
1.50713615678
1.51325721532
1.51922827753
1.52518528245
1.53120430863
1.53710205545
1.54272264258
1.5482572264
1.55375131947
1.55906497085
1.56427828022
1.57877796615
1.45119658084
1.46929601376
1.47638498735
1.48323647552
1.48990188337
1.49659446246
1.5034207878
1.51027179964
1.51698472222
1.52349533701
1.52985872297
1.5361450684
1.54240797367
1.54857777354
1.55452494975
1.5603464502
1.56610092364
1.57168701762
1.57716174975
1.59207664499
1.45878013739
1.47716583054
1.4847423449
1.49211007133
1.49933745802
1.50649824028
1.51369155104
1.52088293486
1.52798136656
1.53494878631
1.54182364289
1.54859335684
1.55523879522
1.56178981585
1.56816230376
1.57433255832
1.58041067379
1.58635969392
1.5921868711
1.60762605215
1.466864706
1.48554606819
1.49375652704
1.50173504308
1.50962438348
1.51739872689
1.52514320818
1.53283693347
1.54040521715
1.54786035259
1.55533497089
1.56271186446
1.5698789789
1.5769443875
1.58380824551
1.59040355359
1.59691839688
1.60333642093
1.60961609675
1.6256896201
1.4754218642
1.49435510766
1.50333088838
1.51208420635
1.52077590267
1.52928675606
1.53775866963
1.54617745969
1.55443733017
1.56253290116
1.57067062699
1.57865557886
1.58640683674
1.59412633108
1.6016175479
1.60879529031
1.61588111827
1.62287283904
1.62972082087
1.64654969897
1.48437279613
1.50351969308
1.51334609889
1.52302786169
1.53270411689
1.54217187993
1.55155773278
1.5608713253
1.57005165701
1.57909269334
1.5880525796
1.59672464474
1.60517311608
1.61361788594
1.62189280066
1.62984481814
1.63760088568
1.64525787806
1.65280662674
1.67052954026
1.49342788532
1.51286927768
1.52371612293
1.53449669836
1.54531670652
1.55598428562
1.56653471631
1.57698637517
1.58729945849
1.59747267728
1.60743675327
1.61706272732
1.62648623878
1.63581275602
1.64496258462
1.65376832887
1.66229073629
1.67074566558
1.6791465246
1.69790899647
1.50218730417
1.52206864621
1.53421471691
1.5463535242
1.55855156069
1.5706998554
1.58271009377
1.59462253326
1.60635686027
1.61784797064
1.6290579486
1.63990832655
1.65049243135
1.6608832993
1.67102906966
1.68078592667
1.690222089
1.69963010995
1.70903996225
1.72900810172
1.5101143264
1.53061711667
1.54440572302
1.5582732214
1.57224349219
1.58623398208
1.60006407152
1.61378524892
1.62728663937
1.64046207543
1.65330546334
1.66569151148
1.67761161158
1.68922741506
1.70052854992
1.71138464305
1.72186396441
1.73227841653
1.74274815923
1.76398052633
1.51636716565
1.53779106629
1.5536923199
1.56980668128
1.58610650813
1.60247517446
1.61870421837
1.63477103989
1.6505201483
1.66582665743
1.68068238595
1.69496044444
1.70852845256
1.72152724577
1.73402004549
1.74596240089
1.75745597251
1.76880673522
1.78030352529
1.80285460914
1.51957255199
1.54240158338
1.56111008899
1.58026298366
1.5997461439
1.61939432881
1.63891851667
1.65818814095
1.67695857701
1.695003666
1.71222471943
1.72856603345
1.74388289537
1.7581966622
1.77165677808
1.78439102545
1.79659615285
1.80862378761
1.82087879417
1.84439634474
1.51793291998
1.54285535008
1.5653041543
1.58856874549
1.61245743368
1.63649348321
1.66030720998
1.68358265964
1.70594322759
1.72710827029
1.74704077518
1.76586184707
1.78355344871
1.8000356
1.81537425462
1.82962833817
1.84287013966
1.85548820488
1.8681463156
1.89216818414
1.5085609761
1.53643448149
1.56365180987
1.59225877081
1.62190042876
1.6517719743
1.6811445744
1.70920598438
1.73561315282
1.76066121202
1.78524378538
1.80944494524
1.83255029993
1.85373344303
1.87230790352
1.88789978958
1.90046656228
1.91033564133
1.9184551061
1.93682736261
1.48146008048
1.51297290071
1.54688940683
1.58394700927
1.62306176785
1.66296981991
1.70276698004
1.74187130046
1.78005101351
1.81662591415
1.84939531948
1.87656016448
1.8979191031
1.91371203079
1.9243796712
1.93144553566
1.93620618172
1.93678298755
1.9314087132
1.93471317732
1.42792359805
1.46546832269
1.5093035017
1.56152213277
1.61768848779
1.67584986069
1.73580296971
1.79544855735
1.85087386076
1.8939838088
1.9158495622
1.9134741904
1.88673331947
1.83899771669
1.77708279042
1.70712611436
1.63018763026
1.53752402666
1.41874377403
1.28914874823
3.02289783044
3.06615060638
3.07167058653
3.076552718
3.08135917551
3.08610846447
3.09080060577
3.09543324791
3.10000356087
3.10450857022
3.10894521276
3.11331038186
3.11760099639
3.12181394336
3.12594590104
3.12999302126
3.13394943769
3.13780181837
3.14153795943
3.14517130714
3.14872020195
3.15217540744
3.15552335586
3.15876386621
3.16190116414
3.16492418519
3.16805049593
3.17119331984
3.17433225792
3.17730954812
3.17996725767
3.18254585764
3.18525496337
3.18775333962
3.18996190759
3.19204811605
3.19400816724
3.1958391597
3.19753869342
3.19910416088
3.20052915312
3.20180967829
3.2029525711
3.20396284705
3.20483784946
3.20557616235
3.20617962233
3.20665061358
3.2069849448
3.20718362411
3.20725825299
3.20720650866
3.20701847901
3.20669251589
3.20622949776
3.2056303278
3.20489634801
3.20403092917
3.20304497801
3.20194720015
3.20071628163
3.19932532244
3.19778206516
3.19610322846
3.19429374188
3.19235556056
3.19029043987
3.18810307158
3.18585169358
3.18886708433
3.03007066789
3.07339215611
3.07889616679
3.08375121044
3.08852732908
3.09324317216
3.09789864457
3.10249124537
3.10701808979
3.11147627529
3.11586295492
3.12017537225
3.12441083814
3.12856664003
3.13263998155
3.13662772244
3.14052493482
3.1443197605
3.14800194096
3.15158624042
3.15509266569
3.15851544451
3.16184177881
3.16506586353
3.1681826193
3.17132436819
3.17481902997
3.17822717513
3.1815333557
3.18468131581
3.18762106541
3.19044726301
3.19323664466
3.19587251552
3.19832846117
3.20066099636
3.20286885593
3.20495072577
3.20690528027
3.20873060345
3.21042040676
3.21197117534
3.2133913023
3.2146863534
3.21585225377
3.21688584391
3.21778701572
3.21855607997
3.21919109543
3.21969197443
3.22006222669
3.22030058646
3.2204033502
3.22036980957
3.22020030523
3.21989540485
3.21945624542
3.21888600145
3.21819500277
3.21739163821
3.21645621975
3.21536344347
3.21412000058
3.21274101866
3.21123076516
3.20959077709
3.20782257088
3.20593158998
3.20399202853
3.20769854047
3.03828866798
3.08207659039
3.08762882804
3.09251380933
3.09731534391
3.10205170417
3.10672251769
3.11132511472
3.11585634502
3.12031291701
3.124691508
3.12898884518
3.13320179454
3.13732746148
3.14136315426
3.14530608221
3.14915189271
3.15289003844
3.15651248219
3.16003253685
3.16347383636
3.16682449328
3.17000585743
3.17301459714
3.17601566816
3.17972784976
3.18354602913
3.18723182849
3.19081207447
3.19427674888
3.19762207535
3.20085518636
3.20397291699
3.20696566514
3.20983083224
3.21256653314
3.21517113325
3.21764308003
3.21998082949
3.22218225127
3.22424063016
3.2261525618
3.22792777013
3.22957254617
3.23108201169
3.23245208616
3.23368191248
3.23477116853
3.2357196083
3.23652711582
3.23719359568
3.23771886918
3.23810284889
3.23834558891
3.23844728024
3.23840832111
3.23822966189
3.23791422242
3.23747169705
3.23691003755
3.23621091977
3.23535062525
3.23433528753
3.23317907209
3.23188617116
3.23045833362
3.22889748989
3.22721030635
3.22548341662
3.22967338822
3.0498351149
3.09440196341
3.10008796034
3.10508430613
3.10999172205
3.11482896044
3.1195955818
3.12428871548
3.12890501497
3.13344100748
3.13789315819
3.14225790981
3.1465317428
3.15071126294
3.15479318866
3.15877413868
3.16264930533
3.16640796482
3.1700421466
3.1735652369
3.17700164011
3.18034022414
3.18349925374
3.18647539017
3.18988470106
3.19428762469
3.19849758615
3.20256679043
3.20652321693
3.21035730581
3.21406554706
3.21765247851
3.22111583493
3.22444902718
3.22764873833
3.23071262107
3.23363874702
3.2364254046
3.23907093746
3.24157302911
3.2439243497
3.2461212886
3.24817475083
3.2500917179
3.25186648313
3.25349409016
3.25497327523
3.25630348814
3.25748437688
3.25851571549
3.25939738482
3.26012935441
3.26071167808
3.26114450417
3.26142809311
3.26156289841
3.26154990922
3.26139201046
3.26109846602
3.26067684383
3.26010995068
3.25937550539
3.25847929965
3.25743472144
3.25624582254
3.25491437799
3.25344246249
3.2518372846
3.2501902051
3.25464718171
3.0640337229
3.10956911433
3.11543423975
3.12058822666
3.12564832249
3.13063283577
3.13554083268
3.14036907481
3.14511387408
3.149771428
3.15433789128
3.15880938478
3.16318196075
3.16745152084
3.17161370445
3.17566353532
3.17959419737
3.18339173755
3.18704276288
3.19056028506
3.19395714479
3.19722743797
3.20040737194
3.20352365601
3.20790365289
3.21254431707
3.21715142178
3.22165687815
3.2260341828
3.23027519416
3.23437839045
3.23834967124
3.24218738922
3.2458850517
3.2494391564
3.25284703092
3.25610634928
3.25921495523
3.26217070975
3.26497071688
3.26760657283
3.27007413235
3.27238554497
3.27454860031
3.27655674188
3.27840421462
3.28008953023
3.28161208314
3.28297153595
3.28416771667
3.28520059302
3.28607026359
3.28677694964
3.28732099418
3.28770287266
3.28792326963
3.28798341272
3.28788638464
3.2876412929
3.28725555722
3.28671319787
3.28599345222
3.28510205157
3.28405196266
3.28284738501
3.28149034264
3.27998316242
3.27833316481
3.27662845244
3.28115077586
3.08184873851
3.12855447386
3.13468701531
3.14008570313
3.14538385467
3.150599424
3.15573093979
3.16077461395
3.16572618656
3.1705812511
3.17533530171
3.17998371418
3.18452168976
3.18894417062
3.19324577682
3.19742053999
3.20146076074
3.20535162816
3.20907905793
3.21265688206
3.21609881135
3.21939829201
3.22259541333
3.2263216048
3.23158810337
3.23667634315
3.24173391838
3.24667915997
3.25148172324
3.25613412307
3.26063308243
3.26498365377
3.26918372127
3.27322628885
3.27710747873
3.28082424555
3.28437396645
3.28775426397
3.29096279044
3.29399634175
3.29684560219
3.2995061122
3.30199178068
3.30431162205
3.30645834928
3.30842553097
3.31021164654
3.31181622968
3.31323914922
3.314480485
3.31554049822
3.3164196216
3.31711844949
3.31763773483
3.31797839768
3.31814160017
3.31812907638
3.3179444084
3.31759688046
3.31709406091
3.31642137596
3.31555977688
3.31451526833
3.31330080169
3.31192112756
3.31037889284
3.30867697679
3.30682263313
3.30489339029
3.30926609734
3.10338505576
3.15140013882
3.15786241637
3.16356886462
3.1691676125
3.17467576884
3.18009095503
3.18540848901
3.19062316391
3.19572955384
3.2007220663
3.20559495409
3.2103423241
3.2149581603
3.21943633678
3.22377042623
3.22795245486
3.23196764108
3.23580310247
3.23947278167
3.24299593941
3.24636268249
3.24955638443
3.25449678563
3.26030835117
3.26597805636
3.27150255364
3.27687577638
3.28209144254
3.28714020574
3.2920173182
3.29672656518
3.30126440926
3.30562245354
3.30979591893
3.31378104512
3.31757462685
3.32117384695
3.32457601377
3.32777754215
3.33076808198
3.33354284367
3.33611782104
3.33850354452
3.34069205587
3.3426763629
3.34445514233
3.34602833441
3.34739630592
3.348559699
3.34951939235
3.35027648593
3.35083228628
3.3511882991
3.35134623383
3.35130807609
3.35107641519
3.35065569334
3.35005572957
3.3492845443
3.34832920208
3.34717261239
3.34582154526
3.34428879433
3.34258015988
3.34069915953
3.33864945462
3.33643799386
3.33412418254
3.33815104522
3.12918421538
3.17865536415
3.1855455254
3.1916587991
3.19765640359
3.20355418938
3.2093485667
3.21503365901
3.22060302803
3.22604998925
3.23136769248
3.23654916947
3.24158737597
3.24647522978
3.25120558943
3.25577096802
3.26016210598
3.26436231334
3.26835670855
3.27215838995
3.27578585327
3.2792272515
3.28268295583
3.28893447006
3.29530934356
3.30151795982
3.30755254999
3.31340610858
3.31907212311
3.32454056314
3.32980613763
3.33487219039
3.33973430568
3.34438298188
3.34881273625
3.35301923074
3.35699879629
3.36074831363
3.36426491201
3.36754480701
3.37057672534
3.37335574462
3.3759004572
3.37822338904
3.38031617162
3.3821715712
3.38378889385
3.38516895707
3.38631312398
3.38722312244
3.38790099448
3.38834907212
3.38856995457
3.38856649293
3.38834178707
3.38789924547
3.38724293613
3.38637883032
3.38531788386
3.38406912889
3.38262177323
3.38096098363
3.37909490957
3.377037446
3.37479555383
3.37237407483
3.36977774195
3.36701347042
3.3641158978
3.36757579362
3.15968954612
3.21073533323
3.21815413307
3.22477700885
3.23127639379
3.23766651305
3.24394224467
3.25009617117
3.25612024363
3.26200608915
3.26774509344
3.27332845036
3.27874719975
3.28399225483
3.28905436539
3.29392381054
3.29858888674
3.30302989617
3.30722910917
3.31119891506
3.31495770041
3.31849120987
3.32274467626
3.32993371777
3.33693032877
3.34372459634
3.35030657831
3.35666729028
3.3627984857
3.36868809568
3.3743293741
3.3797252511
3.38487040724
3.38975410333
3.39437015774
3.39871382014
3.40278123351
3.40656932869
3.41007549201
3.41329625297
3.41621990717
3.4188419951
3.42118461694
3.42326319474
3.42506966783
3.42659733746
3.42784700883
3.42882126991
3.42952338256
3.42995706207
3.43012640553
3.43003585451
3.42969015755
3.42909434317
3.42825376262
3.42717392689
3.4258611085
3.42432344328
3.42257368242
3.42062240255
3.41846149466
3.41607929734
3.41348500559
3.41069396352
3.40771483225
3.40455404996
3.40121760431
3.39771196629
3.39404023425
3.39673288315
3.19539185956
3.24813061724
3.25620955623
3.26347695937
3.27061420634
3.27763339351
3.28452739963
3.29128672444
3.29790106398
3.30435960478
3.31065111181
3.31676398971
3.32268633717
3.32840599802
3.33391055189
3.33918702001
3.34422026942
3.34898656216
3.35346435824
3.35766480655
3.36160569851
3.36526961166
3.37062791404
3.37858051588
3.38629504549
3.39375831176
3.40095686358
3.40787865055
3.41451362701
3.42084762659
3.42687176844
3.43258771542
3.43798864704
3.44306231995
3.44780176728
3.45220174884
3.45625821238
3.45996826038
3.46332977693
3.46633994394
3.46898699048
3.47126741679
3.47320759783
3.47482668458
3.47611761005
3.47707519663
3.47770272812
3.47800562195
3.47799016952
3.47766330295
3.47703239745
3.47610527155
3.47489010678
3.47339534634
3.47162985149
3.46960265046
3.46732344946
3.46480375255
3.46205919333
3.45910288946
3.45593045688
3.45253427588
3.44892590959
3.44512270337
3.44113575762
3.43697375768
3.4326445555
3.42815452511
3.4234688789
3.4251602982
3.23685601431
3.29139960416
3.30030160662
3.30838349089
3.31633322064
3.32416039099
3.3318553696
3.33940587882
3.34679849227
3.35401891844
3.36105209753
3.36788228398
3.37449313036
3.3808677752
3.38698887034
3.39283830254
3.39839549945
3.40363047406
3.40851562421
3.41305898385
3.4172759817
3.42114385007
3.42752291223
3.43639895389
3.44496998658
3.45321784929
3.46112392178
3.46867090787
3.47584393553
3.48262625732
3.48900710433
3.49498663897
3.50055616242
3.50570188383
3.51041645446
3.51469487049
3.51853387949
3.52193203349
3.524889244
3.52740507201
3.52946884407
3.53108124689
3.53227456074
3.53307411422
3.53347607085
3.53347881516
3.53309049575
3.53232169053
3.53118393105
3.52968945969
3.52785101506
3.5256817426
3.52319509191
3.52040473343
3.51732448814
3.51396833975
3.51035074392
3.50648775604
3.50239884783
3.49810041753
3.4935926562
3.48887280081
3.48395524528
3.47885959917
3.47359962722
3.46818635768
3.46262939099
3.45693487693
3.45102369952
3.45152260898
3.28454343097
3.34098000655
3.35089291875
3.35998824973
3.3689580227
3.37780906218
3.38652869045
3.39510102331
3.40350837757
3.41173154502
3.41974991122
3.42754158073
3.43508352061
3.44235172433
3.44932132381
3.4559663792
3.46225812691
3.4681575075
3.47362815089
3.47867280687
3.48330268055
3.48748760797
3.49462753266
3.50466777125
3.51431552577
3.52354518014
3.53232946082
3.54063950506
3.54845897187
3.55576930596
3.56255623083
3.56881404036
3.57453090878
3.57969098147
3.58428615034
3.58831143462
3.59176403877
3.59464449473
3.59695477897
3.59869973858
3.5998703106
3.60047106377
3.60054329814
3.60012029102
3.59920410578
3.59779939423
3.59592193066
3.59359040455
3.59082475088
3.58764570511
3.58407458126
3.58013307072
3.5758430636
3.57122648809
3.56630517854
3.56110083834
3.55563529928
3.54993157119
3.54401500579
3.53790706895
3.53161444962
3.52514109583
3.51850544934
3.51173024826
3.50483273354
3.49782694028
3.49072474931
3.48353193634
3.476118433
3.47518717083
3.3390103613
3.39743632311
3.40861517001
3.4190013421
3.42928882302
3.43948209134
3.44956521137
3.45951789279
3.46931682949
3.47893594273
3.48834649164
3.49751721848
3.50641453914
3.51500278709
3.52324444229
3.53110006237
3.53852656275
3.54546927858
3.55187636097
3.55773883454
3.56305737955
3.56778794944
3.57515877942
3.58673649162
3.59778499169
3.60826703582
3.61815062572
3.62739303661
3.63596170468
3.64382923519
3.65097301744
3.65739015109
3.66306674192
3.66798492555
3.67213720308
3.67552228197
3.6781418266
3.68000262366
3.68111333564
3.6814862829
3.68112286732
3.6800369464
3.67828406321
3.67591154193
3.67293279947
3.66936434411
3.66523490036
3.66057629981
3.65542157569
3.64980437954
3.64375866238
3.63731839885
3.63051733079
3.62338873996
3.61596525496
3.6082787656
3.60036063468
3.59224264932
3.58395735525
3.57553225901
3.56698187746
3.55831817372
3.54956402153
3.54074519072
3.53188212191
3.52299088236
3.51408386194
3.50516481079
3.49604811287
3.49354985037
3.40033188993
3.46071642418
3.47336297508
3.48528223189
3.49716927077
3.50902814748
3.52084081696
3.53258264712
3.54422341916
3.55572746502
3.56705383508
3.57815657743
3.58898515422
3.59948494385
3.60959782458
3.61926247642
3.62841287692
3.63697004614
3.6448581517
3.65204866817
3.65852464118
3.66422149835
3.67080397394
3.68458471213
3.69765999506
3.70996978169
3.72146023394
3.73207361671
3.74174807564
3.75045507821
3.75816946397
3.76487468235
3.77054752829
3.77517292054
3.77874030435
3.78124999459
3.78270906755
3.78313100131
3.78253553538
3.78094631749
3.77837804798
3.77486013699
3.77046807929
3.76527032408
3.75929984404
3.75259368192
3.74520253577
3.73718064262
3.7285834701
3.71946686822
3.7098864753
3.69989719841
3.68955273625
3.67890516376
3.66800458881
3.65689895434
3.64563416682
3.63425488859
3.6228038773
3.611316909
3.59981870894
3.58833082228
3.57687976036
3.565492936
3.5541948445
3.54301447099
3.53199464781
3.52109757253
3.51003112536
3.50578839912
3.46850138266
3.53071998393
3.54504494482
3.55878147977
3.57262954742
3.58659864559
3.60067224118
3.61482378491
3.62901743406
3.64320727024
3.65733667206
3.67133781344
3.68513175621
3.69862855966
3.71172962999
3.72433007937
3.73631854614
3.74756919801
3.75796000134
3.76742145434
3.77589860036
3.7832871439
3.78972900005
3.80408705819
3.82004481145
3.83490361502
3.84857649306
3.86099280965
3.87206497186
3.88171858117
3.88992796812
3.89668061454
3.90194187586
3.9056953433
3.90794268389
3.90869819507
3.90798698169
3.90584446202
3.90231593485
3.89745326373
3.89130081256
3.88391978465
3.87542106807
3.86590892825
3.85545010904
3.84411493592
3.83198719614
3.8191531969
3.80569910788
3.79170994111
3.77726890134
3.76245688006
3.74735198415
3.73202909382
3.71655946851
3.70101047199
3.68544558059
3.66992483544
3.6545027008
3.63922387683
3.62412461511
3.60923796673
3.59459911949
3.58024554091
3.56621976831
3.55248959709
3.53903687928
3.52594685968
3.51286233475
3.50693820774
3.54089947496
3.60470926167
3.62097334979
3.63692506347
3.65328189846
3.67007450935
3.68730020372
3.70493451762
3.72293193537
3.74122846036
3.75974110973
3.7783715568
3.79699659544
3.8154683291
3.83361782814
3.85126058516
3.86820048084
3.88422468642
3.89912647246
3.91276046988
3.92500375239
3.93568748775
3.94464135172
3.95579796216
3.97627155635
3.9954419975
4.01288175264
4.02847176644
4.04210344213
4.05354496685
4.06296414611
4.07021034798
4.07524711773
4.07804844232
4.07861457499
4.07696886773
4.07315570433
4.06723813225
4.05929685545
4.04942695288
4.03772195067
4.02429743941
4.0093257398
3.9929778047
3.97538895606
3.95669904266
3.9370615672
3.91663151902
3.89556164415
3.87400026043
3.85208932441
3.8299627782
3.80774535161
3.78555184309
3.76348671746
3.74164398842
3.72010738382
3.69895145914
3.67824174824
3.65804190059
3.63842281509
3.61933259103
3.60083716706
3.5829313621
3.56565091239
3.54907026034
3.53313617959
3.51782978831
3.50274679904
3.49528235562
3.6239632803
3.68805698629
3.70546921552
3.72303680659
3.74156560035
3.76116101104
3.78186583651
3.80368895641
3.82661260745
3.85060525392
3.87559998118
3.90151779826
3.92805471202
3.95488688028
3.981650877
4.00797232166
4.03346286679
4.05772281626
4.0803710267
4.1011051129
4.1196643871
4.13576131571
4.14913148763
4.15957474942
4.17805130297
4.20333488655
4.22595449076
4.24575370914
4.26272558035
4.27650447009
4.28713216861
4.29456251531
4.29875498696
4.29969311768
4.29739765666
4.2919188746
4.28333475887
4.2717507851
4.25729862354
4.24013261711
4.22041753732
4.19835067228
4.17418830872
4.14818551393
4.12056384256
4.09155043256
4.06138505912
4.03030600713
3.99854463579
3.96632405689
3.9338607334
3.90136387253
3.8690322804
3.83705216306
3.8055948692
3.77481472569
3.74484752414
3.71580886884
3.68778573878
3.66084365046
3.63502094741
3.61038274474
3.58695392016
3.56474642736
3.54376342302
3.52399484171
3.50541484127
3.48797238847
3.47115891295
3.46263072704
3.69458717313
3.75410103071
3.76956170925
3.78649372845
3.8055400179
3.82649361349
3.84896879283
3.87282180419
3.89802111894
3.92468959731
3.95332337164
3.98442936143
4.01773637389
4.05257648312
4.08816281484
4.12371927956
4.15849653966
4.19187110652
4.22333197349
4.25248156426
4.27898754808
4.30249610116
4.3226728018
4.33924092067
4.35458855449
4.38024211934
4.41338946069
4.4429071589
4.4684749584
4.48982251345
4.50667307802
4.51888541348
4.52636583895
4.52904558495
4.52691481894
4.52002779065
4.50850203954
4.49251042447
4.47228479393
4.44808702794
4.42008324135
4.38862089741
4.35415133278
4.31708509046
4.27779552502
4.23665249353
4.19403590805
4.15032966523
4.10591782493
4.06116509164
4.01640208432
3.97192147412
3.92798417409
3.88482466538
3.84265659491
3.80167265092
3.76200156097
3.72378117736
3.68709638774
3.65215558669
3.6190117787
3.58777012415
3.55847802021
3.53114196291
3.50573023187
3.48216484336
3.46036779604
3.4403116772
3.42143764737
3.4117424921
3.66505541062
3.7088919685
3.70943961029
3.70730405766
3.70340543182
3.69845153305
3.69413742227
3.69152931292
3.69148435
3.69617790467
3.70747533461
3.72591933362
3.75058332328
3.78048313322
3.81468787789
3.85204377187
3.89130535372
3.93120446234
3.97043048028
4.00785997033
4.04276625015
4.07452275433
4.10264405325
4.12678656599
4.14669476317
4.16710739827
4.19913493969
4.24317246595
4.28357272198
4.32090055686
4.35279944843
4.37966832241
4.40110544339
4.41694050172
4.42699887564
4.43112813407
4.42927452877
4.42149381066
4.40796350247
4.38909812712
4.36527339687
4.33685940838
4.30438008398
4.26846405789
4.22966569242
4.18847567871
4.14533376041
4.10062347293
4.05454552244
4.00748330478
3.95999478894
3.91257266203
3.8657028856
3.81981750418
3.77532592476
3.73247948246
3.6916047713
3.65274707242
3.61547739009
3.57949632092
3.54502112713
3.51236791793
3.48179324933
3.45354718068
3.42781074781
3.40456319227
3.38364863463
3.36490078637
3.34758702759
3.34002779827
2.22278659209
2.16430170135
2.0414808973
1.9126507774
1.78749554721
1.69228200949
1.63575036056
1.61504847256
1.62990995283
1.67681842125
1.74917132573
1.83940823223
1.94024800624
2.04588312492
2.15171550388
2.25434147225
2.35150154021
2.44180890729
2.52455471707
2.59963790718
2.66740652736
2.72827242121
2.78286492401
2.83192413237
2.87619038626
2.91632216107
2.9576322414
3.01173127046
3.06553504708
3.13888326635
3.21001874811
3.27914926585
3.34422012957
3.40503617576
3.46068493635
3.51044051291
3.55364021336
3.58973184679
3.61830186455
3.63914290294
3.65246849417
3.65862861427
3.65805257147
3.65140270762
3.63935957246
3.62258360303
3.60260468333
3.58091436276
3.55841380906
3.53518996239
3.51092244644
3.48521608198
3.45816505788
3.43010553023
3.40164034932
3.3733107878
3.34610106869
3.32091977529
3.29781264307
3.27620908558
3.2558032633
3.23655936639
3.21854368536
3.20200763751
3.1873462772
3.17485549872
3.16467492015
3.15674517513
3.15027650713
3.15318206088
4.28912779854
4.18598347736
4.07531829862
3.96731809263
3.86199754996
3.75929345215
3.65914166958
3.56147936285
3.4662451982
3.37337931257
3.28282324235
3.19451988935
3.1084135081
3.02444985281
2.942576202
2.86274164619
2.78489813617
2.70899287638
2.63498118732
2.56281155208
2.49243719413
2.42381020618
2.35688426231
2.29162451258
2.22800892453
2.16653416158
2.10735276516
2.0494053048
1.99217445069
1.93599272135
1.88105437958
1.82742400492
1.77520334719
1.72430713013
1.67459564938
1.62619569821
1.57907547523
1.53310928297
1.48827646172
1.44454145369
1.40187380554
1.36024176394
1.31961246841
1.27995213339
1.2412261024
1.20339880262
1.16643370021
1.13029323789
1.09493875474
1.06033037304
1.02642683176
0.993185252262
0.960560798417
0.928506271448
0.89697158939
0.865903233989
0.835243727973
0.804931289644
0.774899798732
0.745079282923
0.71539724759
0.685781361979
0.656164220528
0.626492310378
0.596743300804
0.566955933222
0.537276645571
0.508024344218
0.479766562391
0.453490361049
0.430694132104
0.413899840044
0.412197489925
0.430755441305
0.464377936806
0.511771254399
0.570170513924
0.634380120426
0.701165678872
0.749131322556
4.30936805743
4.2067512946
4.0961195136
3.98812694146
3.88281391743
3.78012026893
3.67998314598
3.58234045363
3.48713136052
3.39429639536
3.30377737697
3.21551724431
3.12945973209
3.04554973899
2.96373316189
2.88395954323
2.80618336669
2.73036220983
2.65645450208
2.58440295294
2.51415896771
2.44567511012
2.37889809318
2.31378953353
2.25031282249
2.1889435652
2.1298549457
2.07203895284
2.01499428247
1.95905101175
1.90438669355
1.85102039152
1.79898635097
1.74825888588
1.69877524063
1.65055081594
1.6035579742
1.55774595083
1.51307505605
1.46950176684
1.42699428233
1.38552062638
1.3450483703
1.30554460329
1.26697586401
1.22930800326
1.19250605111
1.15653407864
1.12135507514
1.08693083827
1.05322185457
1.02018714346
0.987784008466
0.955967708465
0.924690945226
0.893903144506
0.863549440547
0.83356938665
0.803895544066
0.774452112092
0.745153422632
0.715901998009
0.686586017904
0.657079490499
0.627247517748
0.596946802825
0.566013181459
0.534262966103
0.501511640628
0.468113292537
0.434621179057
0.40439355344
0.399677358545
0.433729182487
0.484811135296
0.549262626198
0.622242280529
0.69508482985
0.768389304378
0.802385109236
4.33416406504
4.23168620127
4.12090143173
4.01274727632
3.90727730663
3.80443465184
3.70416088186
3.60639511234
3.51107492008
3.41813990022
3.32753203352
3.23919382505
3.15306846739
3.06909958901
2.98722811898
2.90740620683
2.82957852326
2.75371414981
2.67978121386
2.60771598962
2.53746475814
2.46898298381
2.40222300938
2.33714509855
2.2737095153
2.21233889116
2.15318994168
2.09533564318
2.03830337336
1.9824082175
1.92783538997
1.87459307137
1.82265377052
1.77200222581
1.72261552685
1.67446239487
1.62751272199
1.58174610836
1.53712849402
1.49361999874
1.45118698552
1.40979665227
1.36941648185
1.33001402229
1.29155668791
1.25401159804
1.21734543561
1.18152428759
1.14651350672
1.11227758797
1.07878004494
1.04598326683
1.01384828743
0.98233445606
0.951398858924
0.92099542087
0.891073606994
0.861576518878
0.832438074348
0.803578914552
0.774900683226
0.74627842143
0.717549488186
0.688510812336
0.658906055518
0.628351213368
0.596233521093
0.56171350574
0.523773603025
0.482286473829
0.437649036059
0.393118271119
0.383539679811
0.433942602375
0.501056138746
0.578712263808
0.660702934525
0.73629513275
0.811591804814
0.826262899853
4.36316350958
4.26039145382
4.14916744755
4.04059199772
3.93471483677
3.83147928652
3.73082958378
3.6327070892
3.53704792296
3.44378891596
3.3528714015
3.26423921113
3.17783612363
3.09360815924
3.0114991634
2.93145767727
2.85342617815
2.77735705056
2.70322462554
2.63098146632
2.56056940814
2.49194470707
2.42506578898
2.35988875037
2.29638454977
2.23494416622
2.17567523862
2.11769457749
2.06056940819
2.00459929293
1.94996728572
1.89669807957
1.84475695508
1.7941123995
1.7447343141
1.69659354476
1.64966197929
1.60391231351
1.55931622176
1.51584050611
1.47345272853
1.4321211093
1.39181441817
1.35250154518
1.31415152682
1.27673338589
1.24021602904
1.20456807854
1.16975783552
1.13575322065
1.1025217083
1.07003027105
1.03824525696
1.00713219799
0.976655351741
0.946776777526
0.917454771215
0.888641580369
0.860280406606
0.832299320959
0.804602339879
0.777062033278
0.749487824052
0.721643625578
0.693174423089
0.663497802702
0.631567594698
0.595746900878
0.554155659768
0.505759401514
0.450991569879
0.3931199066
0.376551058738
0.441087371033
0.520105011518
0.605385551095
0.689989332643
0.761751137109
0.829678998006
0.816455863373
4.39433533473
4.29098780609
4.17915874852
4.07002145395
3.96360706377
3.85985526502
3.75870478267
3.66009629402
3.56396992866
3.47026376773
3.37891802712
3.28987624204
3.20308354707
3.11848621981
3.03603284484
2.95566855361
2.87734068373
2.8009866547
2.72656621032
2.65404785638
2.5833777153
2.51450936284
2.44739958122
2.38200328773
2.31829242669
2.25665667557
2.19718915827
2.13901699108
2.08172915829
2.02561653638
1.97084658913
1.917453
1.8654124837
1.8146919712
1.76525736967
1.71707576864
1.67011639066
1.62434835173
1.57974178434
1.53626668808
1.49389329881
1.45259071248
1.412332416
1.37308834721
1.3348299891
1.29752926879
1.26115798709
1.22568806755
1.19109159736
1.15734083203
1.12440825173
1.09226672531
1.06088960211
1.03025081424
1.00032469568
0.971085456781
0.942506558821
0.914559009764
0.887208551896
0.860408405874
0.834090655923
0.808163500923
0.782478027789
0.756847917236
0.730998392407
0.704288478824
0.67528889032
0.641501090345
0.599561392934
0.54688676235
0.482916842749
0.411795154103
0.383226830492
0.457954327749
0.543789408443
0.630959430005
0.711497416387
0.773182882694
0.822932970298
0.77889845581
4.42764773342
4.32338996916
4.21071344789
4.10079764461
3.99363977212
3.88917439212
3.78733424269
3.68805761399
3.59128701604
3.49696302326
3.40502672849
3.31542087927
3.22808982516
3.142979229
3.06003671204
2.97920735018
2.90044032176
2.82367900714
2.74887296559
2.67598228159
2.60496333459
2.5357702151
2.46835786034
2.40268419704
2.33871157659
2.27681713072
2.21709402649
2.15868668654
2.10119269392
2.04489654185
1.98996284887
1.93642313643
1.88425318462
1.83341995412
1.78388958036
1.73562906511
1.68860577794
1.64278841448
1.59814682138
1.55465146826
1.51227580333
1.47098833883
1.43076451541
1.39157829373
1.35340030722
1.31621017085
1.27998038167
1.24468683344
1.2103060494
1.17681523016
1.14419268957
1.11241824167
1.08147359367
1.05134311414
1.02201445726
0.993478579007
0.965729824948
0.938766161328
0.912588517274
0.887199407185
0.86257276276
0.838651208943
0.815430742063
0.792969191691
0.771293278249
0.749898857299
0.726881028024
0.698389986427
0.659323690523
0.60540480705
0.534763604123
0.451795894189
0.404873299635
0.485637735924
0.573316592905
0.656513175271
0.726801893359
0.772829657816
0.7987170541
0.727011171856
4.4619278739
4.35653651317
4.24285853904
4.1320284425
4.02399322957
3.91868441959
3.8160346769
3.71598083296
3.6184630458
3.52342186431
3.43079846413
3.3405351897
3.25257560675
3.16686449973
3.08334774475
3.00197226845
2.9226860496
2.84543791824
2.77017783743
2.69685361202
2.62542046084
2.55583354158
2.48804842443
2.42202261926
2.35772095983
2.2955097632
2.23547694425
2.17678827409
2.11905173317
2.06253772324
2.00740381898
1.9536805696
1.90134380117
1.85036014606
1.80069544026
1.75231620531
1.70519005714
1.6592858746
1.61457405606
1.57102533222
1.52861366059
1.48731132578
1.44709188223
1.40793629027
1.3698120715
1.33270511474
1.29658924926
1.26144473257
1.22725415227
1.19399788915
1.16166073272
1.13022916911
1.09969324164
1.07004824521
1.04129607753
1.01344619414
0.986518058191
0.960545123489
0.935569519532
0.91163340698
0.888771960028
0.867028711173
0.846599427194
0.827957803101
0.811627480384
0.797315175942
0.782563397388
0.762229252315
0.729302404933
0.678658137824
0.605644301869
0.514381518456
0.443926792293
0.526264191598
0.610167327817
0.683290626404
0.737911264083
0.764183595972
0.767836007115
0.674985172624
4.49672712242
4.3899451983
4.27506198457
4.16313622171
4.05405116174
3.9477349622
3.84412163191
3.7431471248
3.64474900168
3.54886628768
3.45543937609
3.36440997111
3.2757209797
3.1893164434
3.10514135414
3.02314182542
2.94327008183
2.86547583088
2.78970960025
2.71591354808
2.64402740374
2.57400372306
2.50580839815
2.43940341165
2.37475402954
2.31220997481
2.25185109596
2.19286436014
2.13486738153
2.07812078011
2.02277510069
1.96885806383
1.91634423434
1.86519936981
1.81538866027
1.76687826118
1.71963562614
1.67362966903
1.62883091082
1.5852110289
1.54274370099
1.50140438904
1.46116720089
1.42201351894
1.38391674603
1.3468601143
1.31082642505
1.27579139689
1.241748509
1.20867617818
1.176571495
1.14542440906
1.11523256342
1.08599996126
1.05773902435
1.03047488832
1.00425095766
0.979130770674
0.955206228957
0.932564883314
0.911278516833
0.891486255795
0.873627034279
0.858617323568
0.84753935252
0.840503543578
0.834837138736
0.824798673788
0.801531974988
0.759544384811
0.690392171424
0.596647549106
0.498252744412
0.576594057797
0.652062268126
0.710706281984
0.74602208167
0.751818754373
0.734880323728
0.620879540933
4.53091007746
4.42258098681
4.30636916319
4.19324567694
4.08301770491
3.97560811688
3.8709495723
3.76897704804
3.66962710611
3.57283776402
3.47854834778
3.38669932574
3.29723224033
3.21008998993
3.1252191651
3.04256638797
2.96207888619
2.88369691423
2.80736083745
2.73303109443
2.66066331834
2.5902021491
2.52159991608
2.45481136839
2.38980133961
2.32690911324
2.26620963526
2.20691061686
2.14863905411
2.09164596017
2.03607481778
1.98195014149
1.92924493467
1.87792379962
1.82795099314
1.7792919635
1.73191369808
1.6857848931
1.64087602179
1.59715927416
1.55460882663
1.51320051787
1.47291202781
1.43372191829
1.39561215539
1.35856198758
1.32255997408
1.28758403729
1.25362829486
1.22067695143
1.1887242225
1.15777239345
1.12782078466
1.09888454179
1.07098120453
1.04414639992
1.01843620342
0.993938407723
0.970768544073
0.949044515862
0.928870412324
0.910464517831
0.894480458427
0.882152235023
0.875116330365
0.874000515512
0.87632620025
0.876034870302
0.863793291111
0.832621151356
0.772653241321
0.683419234893
0.571816646956
0.62928509446
0.692585013794
0.734162291022
0.750034672577
0.738079574763
0.706216755219
0.578496712597
4.56371243653
4.45366286261
4.3359662174
4.22151220441
4.11002027077
4.00140712104
3.89560334442
3.79254227861
3.69215893208
3.59439008267
3.499177588
3.40646596257
3.31619802508
3.22830718122
3.14271559042
3.05936592274
2.97822016848
2.89923673574
2.82236019918
2.74753014079
2.67469412394
2.60380021314
2.53479782123
2.46763932881
2.40228761441
2.33906791258
2.27804904424
2.21845970452
2.15993575617
2.10271777932
2.0469415356
1.99262772158
1.93974727761
1.88826320265
1.83813840376
1.78933723087
1.7418258543
1.69557245998
1.65054734319
1.60672293637
1.564073786
1.52257647945
1.48220953967
1.44295324258
1.40478979677
1.36770310872
1.33167843441
1.29670391103
1.26276657536
1.22986057541
1.19797528553
1.16711557073
1.13728346103
1.10849765454
1.08078482949
1.05418189893
1.02874948065
1.00458067564
0.98179318013
0.960505557706
0.940813143862
0.922924959329
0.907586873219
0.896207217111
0.890712420751
0.892300559284
0.899326163747
0.906256181382
0.90449653573
0.884787245754
0.837573084473
0.75937998691
0.653609551874
0.672837638153
0.721621387757
0.746610476105
0.746210997181
0.721003328072
0.680696602851
0.551518886232
4.59330980511
4.48150479291
4.362284634
4.24648108084
4.13371464877
4.02389493733
3.91695034488
3.81281426434
3.71142784295
3.61272589122
3.51663873311
3.42307965273
3.3319932703
3.24334238573
3.15707099877
3.07311008067
2.9914029881
2.91189310763
2.83452382229
2.75923929272
2.68598494413
2.61470705348
2.54535272543
2.47787137697
2.41222228654
2.34871395987
2.28740901355
2.2275603039
2.16881305923
2.11139602933
2.05543661544
2.00095130756
1.9479087539
1.89627015751
1.84599691543
1.79705216529
1.74940119881
1.70301168247
1.65785375933
1.61390006442
1.57112568504
1.5295080535
1.48902679492
1.44966352843
1.41140167446
1.37422621159
1.33812355062
1.30308179048
1.26909078387
1.23614288077
1.20423028902
1.17334988588
1.14350401118
1.11470394117
1.0869790758
1.06037471991
1.03495231085
1.01079755512
0.988006063206
0.966666943316
0.946836774484
0.92868839678
0.912847270379
0.900680960316
0.894134363063
0.894766765535
0.902018174535
0.911877202272
0.916791495433
0.907032674987
0.873105879798
0.809546197645
0.716882222964
0.698524386902
0.73298669162
0.744024360015
0.732082882471
0.699327259915
0.657383923365
0.539031516192
4.61869586878
4.5050821914
4.38426609652
4.26707590421
4.15302719445
4.04201873664
3.93395093637
3.8287459258
3.72634122003
3.62667457727
3.529702434
3.43535963501
3.34357373225
3.25427771377
3.16740880955
3.08290470103
3.0007045217
2.92074857282
2.84297780515
2.7673336394
2.6937580421
2.62219361645
2.55258385984
2.48487444447
2.41901978168
2.35530562227
2.29378594698
2.23374507582
2.17484114376
2.11728940906
2.06120727742
2.00660536057
1.9534490707
1.90169719822
1.85130922191
1.8022468301
1.75447434386
1.70795894022
1.66267074352
1.61858281617
1.57567107711
1.53391411606
1.49329295447
1.45379071977
1.41539231707
1.37808403444
1.34185322454
1.30668824751
1.27257877327
1.23951580445
1.20749093348
1.17649711729
1.14652891668
1.11758681555
1.08968408832
1.06285969127
1.03718336963
1.0127460732
0.989623613087
0.967851004135
0.947417330823
0.928388082002
0.911194470467
0.896935968252
0.887343455544
0.884129536515
0.887653510312
0.895477870051
0.901709764329
0.897789661243
0.874691632942
0.825580532277
0.74902436479
0.69869311266
0.72182968701
0.723511321993
0.705783173607
0.6719029911
0.633262582913
0.532687751541
4.6364341556
4.52125416714
4.39903062961
4.28060884357
4.16539126664
4.05330721645
3.94428036621
3.83822611969
3.73506780478
3.63473432654
3.53715544785
3.44226138309
3.34998312282
3.26025304203
3.1730047106
3.08817247186
3.00569127186
2.92549680379
2.84752548737
2.77171441337
2.69800136348
2.62632486868
2.55662466816
2.48884436673
2.42294536877
2.35916526141
2.29750694309
2.23731148862
2.17830226741
2.12068520349
2.06454512178
2.00987814693
1.95664600609
1.90480582733
1.85431608849
1.80513802591
1.75723603872
1.71057789301
1.66513478862
1.62088131143
1.57779528761
1.53585750575
1.49505135573
1.4553623509
1.41677760166
1.3792852214
1.34287374798
1.30753173651
1.27324802247
1.24001231045
1.20781356144
1.1766428158
1.14648247725
1.11732136773
1.0891578206
1.06200430927
1.03590679488
1.01094682503
0.987208244658
0.964703251158
0.943350672698
0.923071359617
0.90403333216
0.886968191945
0.873283946009
0.864612947325
0.861783965958
0.863711588359
0.86642067187
0.863199115509
0.846261545603
0.809301980454
0.749585114197
0.682898284288
0.690823306073
0.687193784878
0.668986894858
0.639312522606
0.607824384543
0.527278119388
4.64523644881
4.52856834261
4.40499870762
4.28551745691
4.16938713473
4.05648772916
3.94673417438
3.84004585806
3.73634442006
3.63555302598
3.53759584973
3.44239795775
3.34988520127
3.25998422288
3.17262239712
3.0877278682
3.00522948544
2.92505683513
2.8471402352
2.77141076169
2.69780032627
2.62624179582
2.55666980377
2.48902560789
2.42334891779
2.35977850747
2.29810528108
2.23780628708
2.17878626842
2.12121978949
2.0651316763
2.01049379829
1.95726333891
1.90539632774
1.85485101138
1.80558903202
1.7575758441
1.71078092342
1.6651778048
1.62074396559
1.57746057449
1.53531208027
1.49428569141
1.45437072924
1.41555782495
1.37783803254
1.34120220018
1.30564050637
1.27114158995
1.23769390147
1.20527702082
1.1738751778
1.14347341946
1.11404579182
1.08556849787
1.05802856485
1.03144367033
1.00586872948
0.981378744208
0.957977367943
0.935537820846
0.913852735866
0.892836703929
0.872812486841
0.854807604221
0.840273532264
0.830244934301
0.824613406175
0.821128740435
0.814993054517
0.800334511215
0.772298099706
0.727855972741
0.66758294026
0.647886603313
0.64203893491
0.627189369253
0.604725106443
0.581563064582
0.519881858781
4.63883645605
4.52149254893
4.39726346951
4.27735870284
4.1609238246
4.04782891007
3.93798119612
3.8312928507
3.7276774786
3.62704966938
3.52932494504
3.43441970628
3.34225117966
3.25273747571
3.16579756318
3.08135136086
2.9993197225
2.91962449151
2.8421885169
2.76693569306
2.69379106067
2.62268121593
2.55353658601
2.4863026987
2.42111444076
2.35797695191
2.2964282082
2.23615947647
2.17726525248
2.11983806717
2.06385975146
2.0092855276
1.9560689921
1.90416636964
1.8535377371
1.80414759815
1.75596509892
1.70896413886
1.66312335568
1.61842595894
1.57485937184
1.53241461663
1.49108545088
1.45086729351
1.41175619228
1.3737479715
1.33683669552
1.30101559138
1.26626590812
1.23257386003
1.19992660475
1.16829490689
1.13764903543
1.10795621585
1.07917623521
1.05126842855
1.02421563772
0.998036582163
0.9727839334
0.948457954428
0.924915257466
0.901873412517
0.879057815466
0.85644307887
0.834643184936
0.814774548978
0.797827571371
0.784147633604
0.772853502669
0.761212501049
0.745319550863
0.721375830787
0.687171221936
0.642448497563
0.601695440885
0.595059821135
0.587001041534
0.572520646179
0.55650910779
0.510927511261
4.61492759665
4.49758217696
4.37329579035
4.25359885491
4.13750758002
4.024877322
3.91560388486
3.8095882185
3.70673286951
3.60694131138
3.51011780677
3.41616743618
3.32499615445
3.23651093032
3.15061981003
3.06723210244
2.9862584022
2.90761057503
2.83120162132
2.75694567885
2.68475878466
2.61456122934
2.54627713947
2.47989913832
2.41550607862
2.3529115557
2.29169137845
2.2317616976
2.17324261143
2.1161367006
2.06040491641
2.00599853841
1.9528710167
1.90098035474
1.85028983279
1.80076855177
1.75239175667
1.70514089684
1.65900332101
1.61397168109
1.5700431547
1.52721854059
1.48550133017
1.44489653412
1.40540941714
1.36704332417
1.32979653235
1.29366204266
1.25863544991
1.22469412026
1.1918135856
1.15996463389
1.12911004873
1.0992055259
1.07019518307
1.04201206947
1.01459451909
0.987915811461
0.962009362773
0.936890685075
0.912441608811
0.888350048379
0.864167522445
0.839522874697
0.814528474475
0.789805502734
0.766209716256
0.744549815479
0.7251240249
0.707087775273
0.688707147143
0.667484934558
0.641563119328
0.609769746663
0.571377494793
0.557986701538
0.555662778634
0.546282538435
0.534227394315
0.501095093601
4.56323963021
4.44760611414
4.32488294889
4.20701169782
4.09287083668
3.982290612
3.87514722596
3.77132311716
3.67070274605
3.57317194229
3.47861795295
3.38692959194
3.29799733124
3.21171345367
3.12797195933
3.04666848835
2.96770048748
2.89096811251
2.81637521983
2.74383016815
2.67324261832
2.6045738086
2.53773576092
2.47264491096
2.40923814977
2.34727549646
2.28658392502
2.2271989393
2.16914341363
2.11237613433
2.05684971899
2.00252049302
1.94935049437
1.89730822336
1.84636864342
1.79651295941
1.74772847005
1.70000864914
1.65335327403
1.60776843283
1.56326610989
1.51986304745
1.47757866475
1.43643249736
1.39644440373
1.35762084355
1.31997418924
1.28350163699
1.24819087408
1.2140211595
1.18096134578
1.14897099451
1.11799647227
1.08796967154
1.05880763223
1.03042412916
1.00273449498
0.975729845795
0.949454877625
0.923930676497
0.898994490425
0.874191111009
0.848831911258
0.822249356216
0.794237906528
0.765343723198
0.736707798344
0.70967333946
0.685180204482
0.663491518885
0.644086694371
0.625537400423
0.606182789524
0.583933781821
0.556617062884
0.535275285103
0.534155827128
0.526166526449
0.515365434375
0.491376845394
4.48685827963
4.3735675719
4.2529901904
4.13759739542
4.02613820642
3.91841252766
3.81426797626
3.71355851021
3.61614105495
3.52187402196
3.43061875743
3.3422396237
3.25660331375
3.17357987659
3.09304385785
3.01487487546
2.93895660267
2.8651710331
2.79338443678
2.72350434767
2.65542378734
2.58908513925
2.52439498547
2.46115417582
2.39926931056
2.33865295605
2.27922836659
2.2209725889
2.16383147061
2.10775391053
2.05269736043
1.99862766272
1.94551788454
1.89334775633
1.84210541929
1.79178934899
1.74240945089
1.69398619717
1.64654864582
1.60013174891
1.55477450799
1.51051813351
1.46740522444
1.42547698328
1.38477203645
1.34532546347
1.30715228416
1.2702610226
1.23464327837
1.20026941768
1.16708858471
1.13503711967
1.10404052276
1.07401555175
1.04487535912
1.01657782104
0.989037682143
0.962224646386
0.936095342422
0.910517992329
0.885157376836
0.85942842147
0.832638468254
0.804353066767
0.774668334156
0.744391923764
0.714868429689
0.68745671823
0.66289713436
0.641614916597
0.623366530262
0.606946258659
0.590589648341
0.572383816984
0.55025257481
0.52565924797
0.519445164606
0.510347217716
0.499449984042
0.481934305457
4.38674033197
4.27965011934
4.16468640274
4.05490392098
3.94893193137
3.84655982852
3.74762115695
3.65196346392
3.55943899005
3.4699030487
3.38321135919
3.29921672163
3.21778071572
3.13876930414
3.0620482418
2.98749282275
2.91499684954
2.84449604404
2.7758953482
2.7090797421
2.64386150487
2.57999451578
2.51732750782
2.45571032181
2.39508222265
2.33545467403
2.27678482645
2.219031917
2.16216974394
2.10617910151
2.05102741077
1.99669037117
1.94315106672
1.8903943895
1.83841232888
1.78720758996
1.73680312238
1.68723968439
1.63857582571
1.59088186662
1.54424509507
1.49875550429
1.45449252055
1.41152840586
1.36991765621
1.32970300043
1.2909164428
1.25357826571
1.21768748937
1.18319714358
1.15003340108
1.11810688945
1.08731043179
1.05759147572
1.02885558279
1.00101381849
0.973856066919
0.947149522275
0.920690358582
0.894318931423
0.86789316735
0.841257745936
0.814282634457
0.787011767347
0.759733713714
0.732885099308
0.707111344602
0.68312269199
0.661343439202
0.641707211127
0.623888099818
0.607174279821
0.590244867551
0.571675689375
0.550240572262
0.525125247639
0.506673362656
0.496185808947
0.485495414201
0.472712000028
4.14525922669
4.05402248004
3.95493984744
3.86042301862
3.76900734855
3.68046119457
3.59466499848
3.51147470939
3.43073549924
3.35230847341
3.27607216088
3.20190892069
3.12969509392
3.05930907089
2.99062962049
2.92353365578
2.85789518794
2.79367923021
2.73082395192
2.66921293024
2.60877022247
2.54930896635
2.49067327003
2.43275618736
2.37527643675
2.3180556962
2.26109173056
2.20442975569
2.14814137199
2.09230756517
2.03697460909
1.9821652451
1.92789522872
1.87418932105
1.82108205622
1.76861476911
1.71683897944
1.66582211938
1.61565054828
1.56643966458
1.51833141451
1.47148985484
1.42607798016
1.38220834388
1.33995158449
1.29935313717
1.26042021898
1.22315184865
1.18757236385
1.15362041867
1.12118093237
1.09014885391
1.06036215308
1.03170054071
1.00406969834
0.977270969347
0.950955386922
0.924795103716
0.898656067065
0.872641570546
0.847044478861
0.822176263078
0.798191049632
0.775070142079
0.752756804313
0.731226654593
0.710458165449
0.690249897118
0.670619097844
0.651558653138
0.632984243142
0.614462021225
0.595173985946
0.574784908892
0.552647230486
0.528261195603
0.502162200236
0.483774712823
0.473897420264
0.464264779931
0.656566373697
0.650066754238
0.642868873835
0.646200215484
0.652306437652
0.658640160233
0.665468346895
0.673091350263
0.681776764138
0.69177994093
0.703367034788
0.716819650308
0.732457902066
0.750738408426
0.772410825928
0.798696407025
0.831563641528
0.874006803349
0.930440318946
1.01159828593
0.656342201876
0.650155215762
0.643244663971
0.644977822726
0.650609976362
0.656414263693
0.662647054943
0.669588458207
0.677502130741
0.68663447251
0.69721986519
0.709491573758
0.723725650636
0.740340170399
0.760064785773
0.784116412011
0.814645918847
0.854893588448
0.91069772428
0.991718363832
0.656216218447
0.650356128406
0.643757169643
0.64364762497
0.648784092796
0.654032167746
0.659635896408
0.665856106737
0.672940474084
0.681109089541
0.690552652459
0.701446651612
0.714001554691
0.728558438236
0.745764998533
0.766746583724
0.793658504635
0.829731031384
0.881651843893
0.95867203289
0.656128691827
0.650581297843
0.644323850587
0.642239746627
0.646865385064
0.651541770168
0.656496653695
0.661970420171
0.668187715791
0.675334890427
0.683552538393
0.692949236433
0.703651218699
0.715891799214
0.730182682633
0.747477792807
0.769747687534
0.799956449676
0.844856357896
0.912750658073
0.656076992951
0.650840452741
0.644945208837
0.640764830296
0.644868580198
0.648961504214
0.653252667729
0.6579600127
0.663280166374
0.66935978643
0.676283044575
0.68408245127
0.692783658447
0.702482945483
0.713501963374
0.726538343552
0.743186243841
0.765929311671
0.800684676642
0.855425461844
0.656053932394
0.65114957021
0.64562325788
0.640069246096
0.642807905027
0.646310242477
0.649928471485
0.653856316719
0.658258879008
0.663238673877
0.668817755803
0.674944306938
0.681531750753
0.6885132834
0.695971593111
0.704270613548
0.714471329259
0.728337221137
0.750211687025
0.786421586686
0.656060527865
0.651509655369
0.646358557405
0.640710051394
0.640697354276
0.643607705394
0.646550185885
0.649693423663
0.653168774805
0.657031802421
0.661237630564
0.665644359622
0.670047725156
0.674195901768
0.677894715732
0.681114457461
0.684266795788
0.688193671838
0.69527707464
0.709280936595
0.65609996936
0.651914545314
0.647148792877
0.641910133393
0.638552108348
0.640874596878
0.643145003183
0.645506754513
0.648056320738
0.650801821238
0.653628357695
0.656303822981
0.658500204748
0.659765085003
0.659613211597
0.657576045007
0.653354040379
0.646735349426
0.638048640284
0.628046097113
0.656174207832
0.65235928966
0.647987387703
0.643169440788
0.638052497361
0.638130462539
0.639739991528
0.641332345287
0.642969501768
0.644613484284
0.646079370937
0.647049302697
0.647061950735
0.645461939575
0.641490819129
0.634204329862
0.622592735067
0.605326917229
0.580742090482
0.546310399803
0.656285254784
0.652840939137
0.648868571011
0.644479613852
0.639536251284
0.635884271677
0.636363166202
0.637206091289
0.637955116648
0.638527852698
0.638675481605
0.637997891978
0.635900416155
0.631544036426
0.623884693705
0.611556424079
0.592853674726
0.565351532864
0.52553747748
0.467394910411
0.656433542087
0.653357247731
0.649785035955
0.645829459238
0.641363260182
0.636205130517
0.633163294577
0.633163423552
0.633060151996
0.632606405685
0.631500705634
0.62926256709
0.625173303987
0.618232577382
0.607144571882
0.590180892129
0.564970493696
0.528123873193
0.474483210141
0.418439497624
0.656617589005
0.65390543616
0.650729815287
0.647207961152
0.643224138031
0.638612439457
0.633171404511
0.629878706862
0.628329051587
0.626911122008
0.624637661632
0.620952579524
0.615034836079
0.605753365358
0.591601923838
0.570543191598
0.539668562018
0.511162774228
0.474769239831
0.449065435216
0.65683606884
0.654482148482
0.651696140062
0.648604215522
0.645103317927
0.641042661021
0.636241216559
0.630508897733
0.626033609432
0.621497138386
0.618155987202
0.613162484326
0.605618808783
0.594293231657
0.577534391478
0.561757014118
0.54180337801
0.532525632344
0.527920796421
0.531526415519
0.657088203775
0.655083751299
0.652677414072
0.650007888215
0.646985877005
0.643475563567
0.639315563246
0.634342623586
0.628427878341
0.621656956655
0.616163272431
0.609520783993
0.601474428161
0.591687727427
0.579724200231
0.573652627252
0.570748899873
0.572966410694
0.583907592114
0.611838011393
0.657374677639
0.655707251471
0.65366715107
0.651408599954
0.648856983537
0.645891204875
0.642368187178
0.638149881034
0.633141292317
0.627338434432
0.620870301015
0.614029637988
0.607290594363
0.601337389272
0.597117971147
0.595917559571
0.599735800061
0.611424182602
0.636375794061
0.685869448714
0.657696365978
0.656349949353
0.654659216623
0.652796321104
0.650701543004
0.648268678019
0.645371779885
0.641895524396
0.637776237904
0.633051655635
0.627904877967
0.622701414112
0.618017118549
0.614676377521
0.613829857977
0.617072640994
0.626872222897
0.646738852889
0.683222823836
0.749439213456
0.658052567642
0.657008480856
0.655647368609
0.654161437117
0.652505321927
0.650588188019
0.648300121203
0.645545567998
0.642288622285
0.638604320626
0.634723923746
0.63107304906
0.628319157708
0.627392188597
0.629584108921
0.636719058763
0.651557628115
0.678026389215
0.723018268377
0.80072622726
0.658441590907
0.657677792462
0.656624901762
0.655494341774
0.654254859168
0.652832007121
0.651130248848
0.649069884804
0.646638551115
0.643943005133
0.641254541651
0.639045081474
0.638050345457
0.639286889603
0.644139930406
0.654549481147
0.673370263135
0.704725729429
0.755121905603
0.839276007876
0.658861268276
0.658351614056
0.657584898201
0.656784988865
0.655935920859
0.654981645987
0.653838920151
0.652439110164
0.650788854929
0.649020999071
0.647438038184
0.646549326682
0.647125987847
0.650239528742
0.657330538417
0.670357968805
0.692095668014
0.726586422862
0.779639612531
0.864613087491
0.659373333304
0.65908178481
0.658568461054
0.658061227469
0.657559745258
0.657034122768
0.656414706124
0.655635490239
0.654715782853
0.653810417873
0.653246205939
0.653561462208
0.655547196429
0.660294201405
0.669250180979
0.684342164006
0.708166589575
0.744453375837
0.798213780436
0.878230138499
3.98115200044
4.01864697217
4.0679595435
4.12536399873
4.19816264548
4.29472566488
4.41383482035
4.5661955776
4.6338080792
3.90260261356
3.67179237117
3.69644309418
3.72376173079
3.7540708222
3.78787386206
3.81931297386
3.84214140234
3.80388639987
3.5420891776
2.70859758924
3.36900902499
3.36704117532
3.36910464388
3.36721245533
3.35918486442
3.33160533655
3.26897644602
3.11963687138
2.77605036153
2.03683463716
3.05541174332
3.02925387842
3.00912518079
2.97633189564
2.931154208
2.85769183974
2.74034563119
2.5495832765
2.19432814325
1.54154827423
2.74100924228
2.69635165858
2.65445800822
2.59584007863
2.52093586762
2.41664476579
2.26963189575
2.06504192827
1.73019441408
1.17025525506
2.42662772385
2.36656324201
2.3039868799
2.22784764085
2.13240889619
2.0111373787
1.85589894283
1.6550737982
1.36344234494
0.879561335384
2.13382694583
2.06076908193
1.98354545046
1.89338620782
1.78566433332
1.65632424433
1.50060559392
1.31076717531
1.05931705148
0.640540528938
1.8729315133
1.78945667677
1.70147373461
1.60129980226
1.4858567457
1.35259330395
1.19893244343
1.02035412477
0.797137043216
0.445425116962
1.64759586654
1.55567152242
1.4592465218
1.35120898893
1.22953080315
1.09265001031
0.939240658558
0.766912758418
0.563696426166
0.282416245014
1.45812670258
1.35847275126
1.2541566703
1.13841752844
1.00996083446
0.867874996137
0.71156630775
0.540319728702
0.351122864225
0.142312085402
1.41186075504
1.31731348512
1.21321472216
1.09775565935
0.969588289141
0.827684003621
0.671302363912
0.500100741703
0.315241971427
0.128247056887
1.56225456058
1.48092090032
1.38534169509
1.2781866141
1.15728208188
1.02071715178
0.866719956808
0.693496112441
0.496619450339
0.253786104058
1.80238477854
1.73059334186
1.64466785073
1.54636084439
1.43236149074
1.29965517242
1.14499220073
0.964283246692
0.746539504732
0.427515115666
2.07745538072
2.01793101529
1.94477843069
1.85837723763
1.75379999742
1.62653478694
1.47066281516
1.2777633419
1.02615879371
0.629215097051
2.38082430907
2.33772937915
2.28257945206
2.21304012095
2.12417364355
2.01006033802
1.85903855491
1.65792766365
1.37086254098
0.900203344371
2.69674867125
2.67511301875
2.64296927839
2.59786924673
2.53511172881
2.44532646268
2.31212782176
2.11642744357
1.78742294416
1.24174330493
3.01298271165
3.01688409208
3.00890284261
2.99633631673
2.97102059361
2.92115484675
2.82867835254
2.65564334267
2.30841026928
1.67374396495
3.32419260159
3.35737157059
3.38042392468
3.40558387502
3.42600193701
3.43088407564
3.40699720762
3.30116867054
2.99549162117
2.28240998353
3.62072809652
3.67704630099
3.73440395065
3.80047049076
3.87544675897
3.95678194703
4.04591716536
4.08920297805
3.89089952394
3.11572833033
3.87418081099
3.9506897922
4.03290787247
4.13030834103
4.25095571191
4.39808958516
4.60541558494
4.92596276906
5.13146429445
4.34209403291
2.66682719029
2.77668388222
2.87874952282
2.98586532223
3.07224677962
3.14218781016
3.19451537798
3.20660119869
3.13872848425
2.95430325055
2.66400573374
2.30641612482
1.92314899288
1.55907576688
1.25352248117
1.01088323797
0.804792913207
0.601253222139
0.364322755336
0.139857846502
2.87173950589
2.98888186582
3.10664540078
3.22882007737
3.33369690466
3.41553370539
3.45541582494
3.40115882363
3.19926068931
2.85671066917
2.42349797702
1.95445968478
1.5113457306
1.1438232701
0.879023563677
0.689865941406
0.52887590816
0.354829655455
0.148976587473
0.105439062287
3.06059065618
3.186308091
3.32170793343
3.46741306942
3.59559617345
3.66735590237
3.62320240408
3.40611960503
3.01445247995
2.50394349639
1.95057076688
1.43166005098
1.01032569946
0.715524941532
0.536043144392
0.414231372732
0.323880515045
0.270011721844
0.196382536308
0.273362408107
3.28023788928
3.42296613886
3.59588762036
3.77988257692
3.89822151932
3.86479021895
3.61635659092
3.16280320724
2.56810290292
1.92573013089
1.33592925996
0.867369858379
0.547207076926
0.364122396731
0.27843705442
0.291415409697
0.342027678888
0.337314375984
0.258854332669
0.372995724477
3.53412187434
3.72470170462
3.96174220821
4.14474523485
4.13090295583
3.837779167
3.29007481874
2.5877471245
1.85201932669
1.1984359343
0.702446516333
0.3774089237
0.193332594598
0.176730089889
0.269800112617
0.346828149589
0.391467708086
0.385162429839
0.308855379063
0.435646720704
3.87413053212
4.1448247554
4.39613306564
4.41709586537
4.06498342546
3.3850778819
2.53667416182
1.69427142316
0.993939501606
0.500588339256
0.200729299618
0.100821687833
0.141977551845
0.220516091397
0.317003056995
0.386739930722
0.425548834536
0.417834827803
0.342457802661
0.461668894756
4.34464002363
4.64774788761
4.70972510422
4.28204544829
3.41402419293
2.37624739737
1.41750876946
0.698755198453
0.254038704882
0.103528409487
0.132319967086
0.166263508675
0.193877721812
0.243107097288
0.327275359128
0.39851262054
0.441290169149
0.441338409942
0.367627026171
0.450727376306
4.88172856155
4.95214390639
4.40778791298
3.28798735107
2.02422338383
0.983495783493
0.319929845861
0.132944495643
0.172002037285
0.200455882916
0.221637706647
0.222500020602
0.214724079942
0.22407586882
0.283391786329
0.350365525481
0.403052739486
0.424410641728
0.379253151496
0.402310619924
5.19229153379
4.39609242285
2.88830872791
1.42843814995
0.468175160634
0.195549782879
0.230589752726
0.25738547356
0.249508290529
0.232542113053
0.213347676265
0.191605882984
0.171253433713
0.155090041286
0.175792658704
0.222164921348
0.27409692356
0.314529281948
0.319286265682
0.299124196635
3.86520254398
2.0003775782
0.657642146423
0.289049418195
0.285850335052
0.26808706054
0.221900222222
0.182122217769
0.147369587208
0.120050637872
0.0972865177916
0.0765624461055
0.0584919643891
0.0442024318564
0.0377967143669
0.0488021283119
0.0704150362739
0.0974342516561
0.120811599086
0.120193184489
0.252979888446
0.736579510219
1.03770454211
1.19227896002
1.24604064418
1.20843972528
1.08377906016
0.878502074239
0.56194039076
0.235734278523
0.161568815096
0.434677594548
0.791747584368
1.00475350027
1.12735603311
1.17447101925
1.15391405394
1.09264611882
0.931603177343
0.708362738808
0.261245513108
0.295943288683
0.533405554635
0.780717655528
0.948103776217
1.0560344999
1.10647600849
1.13909390243
1.10463710282
1.02017049352
0.340716636452
0.361248752031
0.389701126524
0.534251702665
0.729001055326
0.876972106393
0.982131049407
1.07813118312
1.12910208346
1.15253122098
0.392216704932
0.462931307547
0.430251220236
0.455014447482
0.585138823314
0.699024646495
0.797960911855
0.942389834097
1.05716268794
1.14844724074
0.415778061259
0.535570498786
0.521079152223
0.541370527144
0.594509164225
0.656269355765
0.720987955423
0.824896162901
0.914389183507
1.05391491282
0.420043761688
0.587158550075
0.584958239298
0.605728425707
0.652280197112
0.709175846331
0.767472658702
0.810272963144
0.834732561979
0.907067601305
0.418030439593
0.624097775386
0.622093904352
0.642492802119
0.682896441303
0.732622710725
0.783959424644
0.824181996433
0.843733865393
0.824517393819
0.399760205808
0.660482167222
0.660267300047
0.652772268677
0.686242037348
0.726828211314
0.769449713778
0.80323635571
0.815953655848
0.797499433657
0.36981696243
0.672270178392
0.723388476991
0.689079475342
0.669472135827
0.691838074815
0.722329704035
0.745999728853
0.747643341957
0.724311167552
0.332536999596
0.655402755167
0.762372694902
0.776344179244
0.753898149437
0.715310083664
0.671389816282
0.653831926495
0.642504792008
0.60700125355
0.290705278614
0.61521140812
0.766372131335
0.823580056293
0.839270901279
0.838018382253
0.820498635283
0.781331500575
0.705819028633
0.586717672274
0.246405228039
0.557839267556
0.738805945774
0.832180911075
0.882364033596
0.913706133999
0.930722991324
0.926244400143
0.890280775704
0.808114154403
0.201509388203
0.487828298914
0.683557079236
0.804392805736
0.884307647184
0.94286074884
0.986415415084
1.01271949838
1.01380326439
0.976499200727
0.157565343309
0.409680010016
0.605721692978
0.744054329505
0.847641048515
0.930174831484
0.997534230202
1.04856972769
1.07967258932
1.08040766963
0.116281225085
0.327127523436
0.510787516635
0.656444058759
0.777195960851
0.877997067465
0.963519037186
1.03439548278
1.08920644298
1.11923962866
0.0791910775642
0.243846938494
0.40425406255
0.547014824221
0.673592052848
0.78622121252
0.885639410848
0.971918695972
1.04368148545
1.09560931334
0.0471067947567
0.163265906077
0.29141653336
0.418389001952
0.539508259947
0.653756082538
0.759048193056
0.853984808531
0.936500424578
1.00270495254
0.0213838966033
0.0886576134125
0.175614647351
0.271778279717
0.371308104223
0.470616853812
0.566348016377
0.656310748887
0.737425744994
0.805342365041
0.00489316109739
0.0276485293115
0.0638326160619
0.108906229323
0.159603699735
0.213335207728
0.267673214179
0.320800587003
0.370339248361
0.411755262585
0.077543041294
0.197251082682
0.2875183778
0.311026190963
0.238454228193
0.290853378973
0.391895330997
0.517965330655
0.739664144261
1.02958678665
1.30615477954
1.55905189494
1.78052829281
1.96673470335
2.11677970985
2.23200162308
2.31532787608
2.37030382251
2.40060820685
2.41017570987
2.40315406276
2.38327763606
2.35398300866
2.31815494964
2.27792721616
2.23458651108
2.18862061615
2.14015400237
2.10723355229
2.26032660992
2.45968579055
2.66862363787
2.88110623281
3.09662073104
3.31289241764
3.52699586051
3.73561341319
3.93538784528
4.12295364723
4.29463377029
4.44828145047
4.58287624075
4.69780910955
4.79380321907
4.87221971139
4.92990898762
4.96848296981
4.9908799421
5.00161638273
5.0083216863
5.01264273637
5.01186415104
5.00412574553
4.98842861607
4.96425202126
4.93103344877
4.89197709391
4.85215411668
4.81423630923
4.77785381442
4.74173465742
4.70472088028
4.66601086102
4.62580108548
4.58513078718
4.54531162953
4.5078243907
4.47371451694
4.44288179033
4.44846848017
0.597500450646
0.729012217612
0.769347980064
0.709517968101
0.583289208806
0.670735106988
0.783524210227
0.897290317376
0.997461496466
1.0706637345
1.20359065743
1.43046439752
1.65503357349
1.83916617121
1.98295679213
2.08863374191
2.16015789791
2.20199087562
2.21831976274
2.2133284662
2.19135655157
2.15658971516
2.11286189712
2.0633272208
2.01024468215
1.9548454674
1.89742466489
1.83770827993
1.77537378081
1.81579417768
2.00664488282
2.20212185262
2.40169988973
2.60500909936
2.81176045278
3.02045865447
3.22831897327
3.43174452322
3.62671806353
3.8089018702
3.97481954091
4.12224702357
4.24988840284
4.35802021258
4.44815553055
4.51819028797
4.56860341496
4.6008195857
4.61830212466
4.62831251203
4.63565049654
4.64018245492
4.64060394192
4.6353442506
4.62300070452
4.60216693124
4.57425889318
4.54324110893
4.51257871707
4.48351542506
4.45564837936
4.42793038772
4.39926407484
4.36921447498
4.33821349329
4.30727830909
4.2777697997
4.25088776617
4.22681204631
4.23445429789
0.969687649695
1.03231256374
1.00731062285
0.901105107603
0.823445315925
0.956669920393
1.10330456104
1.25063210303
1.38342306935
1.48687822037
1.54857782746
1.56163503265
1.54535144407
1.61169057253
1.74465348384
1.83899039992
1.89939853188
1.93088695362
1.93777886948
1.92428638482
1.89479144809
1.85354694567
1.80446556046
1.75067870802
1.69438311376
1.63667252629
1.5776441949
1.51661089923
1.45298223617
1.41101436688
1.56955302121
1.76457132838
1.96282023042
2.16358490587
2.36750462593
2.57508490805
2.7854419696
2.99592463553
3.20250132073
3.40037506369
3.58498410497
3.75275200704
3.90120057117
4.02962787516
4.13883540196
4.22798875398
4.29825369831
4.34807694067
4.38019607868
4.40116801783
4.41693266268
4.42987096876
4.44012355935
4.44642925357
4.44695646762
4.4398688538
4.42509037324
4.4049640331
4.38274457383
4.36074717955
4.3397274395
4.31926423405
4.29838948222
4.27628952817
4.25281411519
4.22854159166
4.20458791231
4.18219882015
4.16182912714
4.17240758732
1.19998617261
1.20957252016
1.14871270107
1.02959080576
1.00017368999
1.16985787582
1.35412375424
1.54056149137
1.71352311415
1.85650060302
1.95396952753
1.99607297194
1.98054113813
1.91303206566
1.80328025965
1.67987027863
1.6377942861
1.65941923956
1.65748348695
1.63623507987
1.60000505059
1.55302167804
1.49913945417
1.44108735747
1.38111364051
1.32018458287
1.25832044994
1.19479294963
1.1290360461
1.06147421964
1.12933182004
1.32311875527
1.52047220259
1.72077100639
1.92307901614
2.12866027222
2.33824751086
2.55080405556
2.76332537293
2.97135682162
3.16998369357
3.35474859533
3.52176359791
3.66927301454
3.79756385441
3.90623240201
3.99579021054
4.06530208514
4.11557152629
4.15124649506
4.17831363009
4.20102820393
4.22125815026
4.2388009388
4.25212913818
4.25925433127
4.25906509314
4.2523114255
4.24126123993
4.22842685824
4.21546297532
4.20285181945
4.19018169641
4.17667814877
4.16181444488
4.14567038486
4.12894875966
4.11270860838
4.09747687356
4.11223556565
1.33187699921
1.31147067844
1.23261003181
1.1074644251
1.08691562021
1.28661495601
1.50688097361
1.73592243668
1.95629601149
2.1487480162
2.29421674457
2.37919773968
2.39677184553
2.35139015169
2.2544441432
2.11819769629
1.95435583674
1.77261830467
1.57916664311
1.4074560773
1.31057653541
1.25815178313
1.19992560206
1.137182451
1.0731657513
1.00836366707
0.942718133535
0.875762229204
0.807308636788
0.737649090106
0.70667028878
0.882867635417
1.07766990478
1.27569521865
1.4761954192
1.68002180355
1.88796765479
2.09996577272
2.31425702207
2.52729700518
2.73448288522
2.93130595044
3.11326950867
3.2773947307
3.42291908167
3.54957589428
3.65758659636
3.74642741613
3.81599847926
3.86896552575
3.91030386867
3.94496712856
3.9762374571
4.00522209151
4.03119686452
4.0524210698
4.06730278829
4.07544068062
4.0779258065
4.07676063371
4.07386469965
4.07040775192
4.06667825633
4.06229901621
4.05672081537
4.04971316883
4.04158152496
4.03308331516
4.02462704228
4.04507698172
1.38387072843
1.34223431182
1.2513227955
1.12191136809
1.08076726195
1.29971614696
1.54430646866
1.80747510298
2.07488403237
2.32591132928
2.5354449722
2.68091413951
2.74949636546
2.74197342639
2.66998945492
2.54934132636
2.39312914018
2.21410894414
2.02109583492
1.81822447251
1.6114922446
1.40428846439
1.20083271639
1.00248309018
0.821037632053
0.702089600805
0.632364910387
0.561640895465
0.489724155682
0.416796315141
0.342825909255
0.445997389262
0.637538778587
0.832742895139
1.03084579763
1.23239734014
1.43803534279
1.64801934466
1.86140808397
2.07565218319
2.28693752703
2.49088200541
2.68310769262
2.8602222027
3.02042502294
3.16305371294
3.28805343555
3.39497289287
3.48338312511
3.55462935774
3.61236020289
3.66123707599
3.70522253114
3.74649898973
3.78530704139
3.82049101797
3.8504630841
3.87418948858
3.89178939859
3.90446685542
3.91385712552
3.92136657523
3.92781470686
3.93333297479
3.93762763934
3.94043484501
3.94183243465
3.94231155737
3.9420932142
3.9697557724
1.35526157997
1.3013818938
1.20150873746
1.06805422745
0.986843672337
1.21382054955
1.4725946125
1.75828541113
2.06163244712
2.3633172084
2.64018399376
2.86288991541
3.00662077695
3.05955521452
3.02962161985
2.93947149257
2.80179228055
2.63239654539
2.44545369122
2.24596829215
2.04012959401
1.83173497244
1.62469435708
1.42217759481
1.22686576686
1.03948093626
0.859118480977
0.68366676481
0.510382306853
0.336653144757
0.159982027443
0.0617982523254
0.207700329384
0.398267278381
0.59223613758
0.79006953765
0.992063978303
1.19852147793
1.40890245321
1.62138787452
1.83297505111
2.03986597753
2.23806558739
2.42413557327
2.59581151925
2.75189463819
2.89187721068
3.01517057483
3.12118513399
3.2104886658
3.28557365404
3.35032929076
3.40870038358
3.46345440922
3.51565045206
3.56484506245
3.6097892506
3.64927364419
3.6828093486
3.71085166911
3.73447452285
3.75490628662
3.77316518659
3.78975843166
3.80473376461
3.81799939448
3.82962207176
3.83997527233
3.84913871411
3.88533018864
1.2532551762
1.18645785268
1.0753568702
0.935808496387
0.807013430726
1.0267051914
1.28357407411
1.5768877808
1.90296387326
2.24894566746
2.58981723368
2.89327881176
3.12780466874
3.26896553827
3.30791048704
3.26719662707
3.16509351283
3.0164067984
2.84289472426
2.65320647732
2.45410598559
2.24979257715
2.04389000645
1.83995825155
1.64112373281
1.44924694332
1.26466106617
1.08627344192
0.912007436012
0.739410919866
0.566009471868
0.397186915497
0.424141859359
0.492514675294
0.55767863534
0.62057024705
0.681634837914
0.783365282638
0.958688629072
1.16712620212
1.37615277047
1.58268523982
1.78327246581
1.97468276902
2.15456121711
2.32130533078
2.47395255332
2.61165823306
2.73367213496
2.84008434112
2.93251452407
3.01397541251
3.08795358062
3.15731155287
3.22360810346
3.28703364621
3.34683413802
3.4019586955
3.45168434448
3.49594767896
3.53523537492
3.57034834281
3.60217389058
3.63133574507
3.65812890656
3.68268029032
3.705200248
3.72612522757
3.74552937705
3.79128763318
1.09557062489
1.00847992415
0.884356715118
0.7380141955
0.583428357679
0.769524253731
1.00670901193
1.28597848011
1.60956836983
1.97522230615
2.36631611512
2.74956175176
3.08369998829
3.33248626533
3.47142675965
3.50613960552
3.46138773555
3.34984143664
3.20162368692
3.0299883962
2.84444254942
2.65066982132
2.45220771268
2.25234092912
2.05427067397
1.86057657922
1.67273099516
1.49089630401
1.31410733579
1.14071891291
0.968667850789
0.795928405735
0.726788000943
0.794699470005
0.859948608954
0.922984902604
0.98397590977
1.04254989111
1.09742496569
1.14640019067
1.18664037183
1.21526372783
1.32375471661
1.51626417734
1.70148347049
1.87624978603
2.0392305251
2.18931767167
2.3255767195
2.44776650528
2.55686971864
2.65508974641
2.74525801328
2.82997672799
2.91096680444
2.98885990833
3.06340254024
3.13389434391
3.19967873832
3.26045415908
3.31625517888
3.3673902568
3.41438887336
3.45771206695
3.49770525549
3.53462607194
3.56886680282
3.60105507332
3.63141269048
3.68755369817
0.887590955704
0.782237828356
0.646918320837
0.495831684105
0.340531404511
0.476969628441
0.683752196883
0.929848859793
1.22456737874
1.57604682713
1.98282069359
2.4199006574
2.84343841105
3.20668188681
3.4709252858
3.61706674865
3.66021146553
3.61285174502
3.50442598251
3.36328261216
3.19946406111
3.02312226491
2.83897447677
2.65014480985
2.45950317553
2.26977421735
2.08312497387
1.90077102425
1.7228901021
1.54890867102
1.37759874357
1.20696086056
1.06192798868
1.10342821187
1.16813656191
1.2304740572
1.29026144333
1.34671457682
1.39815230791
1.44217542425
1.47593377852
1.49670489619
1.50242275885
1.4918698357
1.46464038132
1.47818145757
1.59263139131
1.75322766717
1.90200060306
2.03846893788
2.16315246052
2.27756290557
2.38384642587
2.48414865174
2.5800876266
2.67251930517
2.76160244636
2.84705604062
2.9284884359
3.00561253813
3.07821436858
3.14617849253
3.20958794743
3.2685412334
3.3231977839
3.3737726255
3.42076393375
3.46503860356
3.5070830482
3.57434524634
0.645092196128
0.526725553437
0.38461292044
0.232615383797
0.0818488198589
0.181453503321
0.353762190266
0.557001220289
0.802527706324
1.10768561632
1.48758769817
1.9349885557
2.41405299371
2.8746203523
3.26576289865
3.54866030678
3.71289549301
3.76736145829
3.72778969313
3.63436101347
3.50442986459
3.35350942493
3.19030110237
3.01924559607
2.84319577758
2.66469138222
2.48608051511
2.30915736191
2.13488312413
1.96339173234
1.79444096826
1.62679076934
1.45880712807
1.42223359582
1.48498731252
1.54462028633
1.60079489339
1.65253622669
1.69791045997
1.7344863522
1.7594466695
1.77022486242
1.76500480709
1.74280866288
1.70340372485
1.64719045137
1.57488360506
1.48738975946
1.49281382725
1.61761846737
1.75649986539
1.88602626184
2.00774387221
2.1232732789
2.23396364666
2.34070358171
2.44393302514
2.54377296763
2.64019986641
2.73313139512
2.82231583418
2.90736362551
2.98792280185
3.06356347355
3.13430654109
3.19986595602
3.26079685076
3.31817396182
3.37280511562
3.4520419672
0.52862266729
0.489514588875
0.42303683088
0.331529257715
0.220550132323
0.301351079464
0.404596661249
0.476171729426
0.509429215846
0.642723751622
0.94871610719
1.35339627374
1.83432778487
2.34961552218
2.84290913826
3.26108518957
3.56861496203
3.75655900204
3.82780657917
3.81234755851
3.73742607241
3.62501568331
3.4908008131
3.34361297923
3.18811996729
3.02725729979
2.86347251722
2.69877196171
2.53452998125
2.37137321256
2.2090898514
2.04733054496
1.88418067099
1.75870894631
1.80455747319
1.85931809924
1.909288073
1.95376603109
1.99047036452
2.0172420873
2.03125370445
2.0300522951
2.01206665171
1.97657214762
1.92352110761
1.85348969291
1.76746135654
1.66671980484
1.55293098689
1.42822206908
1.38968863338
1.48559617199
1.62154503026
1.75140512178
1.87618788326
1.99665256549
2.11337940088
2.2268206349
2.33734713188
2.44520107786
2.55027393334
2.65209756753
2.75009640718
2.84330729821
2.93087746702
3.01261647689
3.08877841356
3.16050046244
3.22892510064
3.32133551041
0.692068750225
0.669441070109
0.619687740994
0.545501412054
0.451084174903
0.528233822447
0.615843720351
0.671139173948
0.688875769914
0.66955571648
0.618190028108
0.763243391619
1.17719331009
1.68175557495
2.2224845839
2.74147014332
3.1868196513
3.52418870247
3.74045827867
3.84468681604
3.8595848413
3.81075618938
3.72095534038
3.60652629829
3.4774226485
3.3391789967
3.19527129261
3.04821721569
2.89965630333
2.75031099412
2.59991576133
2.44828208394
2.29435200922
2.13649993646
2.11295298533
2.16125925198
2.20321827716
2.23833201876
2.2646906505
2.28018141426
2.28187870203
2.26742903482
2.23550515935
2.18567098469
2.11817115154
2.03394042976
1.93438796167
1.82115970977
1.69610068508
1.561324462
1.41923125348
1.27233424585
1.25048564793
1.37306989586
1.51089536938
1.64417858822
1.77350013713
1.89953836568
2.02303300809
2.14460298588
2.26441704984
2.38209515164
2.49678529199
2.60766613142
2.7130750435
2.81214118532
2.9049014612
2.99250404125
3.07638323305
3.18372995064
0.825314802182
0.817121383906
0.783383589423
0.727233545007
0.650996966625
0.729271267202
0.80199046332
0.843243933267
0.849097321528
0.81886879603
0.755394392948
0.665679093535
0.669963742835
0.963531562913
1.47439241421
2.02403828794
2.55845526709
3.02846135033
3.39948373197
3.65680111864
3.80439092405
3.8594275401
3.8448876187
3.78312381053
3.69203901601
3.58357055979
3.46455047188
3.33939189068
3.21065661203
3.07946824837
2.94600525507
2.80895342776
2.66784126027
2.52112652411
2.40836222313
2.43385751779
2.46673821385
2.4916477803
2.507200218
2.51090357433
2.49997138805
2.47206420753
2.42615706597
2.36215891062
2.28065570145
2.18304120348
2.07124106209
1.9472419569
1.81290145671
1.670047928
1.52065718198
1.36683912727
1.21057666038
1.10059339232
1.14275348636
1.28775060235
1.42857607031
1.56605310423
1.70123421543
1.83510743075
1.96819660645
2.10040070686
2.23114682191
2.35914864999
2.48251771207
2.59974057447
2.71043515803
2.81566436339
2.91706911289
3.04165883398
0.925082167964
0.929122609792
0.909700117019
0.870308530241
0.818267119442
0.897175221867
0.955648922459
0.983705993169
0.978434785292
0.939207369625
0.869265738898
0.775867254817
0.66734992749
0.547488142254
0.714154017388
1.20613409147
1.74234336077
2.27713164902
2.76608643305
3.17404603468
3.48091246742
3.68307951459
3.79028083562
3.82042267596
3.79475934202
3.73337631847
3.65065888188
3.55552810101
3.45285632586
3.34408530766
3.23033258959
3.1117751917
2.98714521645
2.85519960184
2.71445919656
2.66347715731
2.686765888
2.70142071478
2.70647651636
2.69911911899
2.67619167515
2.63566164698
2.5769872868
2.50037760125
2.40657243762
2.29738080283
2.17531989053
2.04270721586
1.90126916809
1.75236285402
1.59739507675
1.43798620068
1.27587868342
1.11263206505
0.949187184992
0.938487911646
1.08404626197
1.23176624556
1.37734441371
1.52206184065
1.66677218533
1.81179372117
1.95699511972
2.10109412751
2.24188265495
2.37736638579
2.506819713
2.63120104057
2.7522460627
2.89656278112
0.98333935913
0.99892625095
0.992991934953
0.968654624377
0.952902734025
1.02197922576
1.06443378085
1.07858822317
1.06237863008
1.01573877204
0.94278577957
0.851722436518
0.751892778501
0.648277719747
0.536155531147
0.556004168911
0.873015515528
1.36745690329
1.88114208589
2.37540033612
2.81481501674
3.17418799319
3.44071977697
3.61390590358
3.70383396923
3.72851939281
3.70911558475
3.66200948591
3.59802041904
3.5226712571
3.43783852412
3.34472759856
3.24255396968
3.12934442883
3.00466843874
2.88626318264
2.85761662664
2.86231967161
2.85794251017
2.84084104144
2.80691782687
2.7549088371
2.6853818654
2.5985421618
2.49466125463
2.37583468539
2.2453615792
2.10596507729
1.9591662556
1.80573943439
1.64648741742
1.48253912072
1.31538528749
1.14666570384
0.977692509472
0.808739235176
0.774609536842
0.902493434022
1.05693812226
1.2107192106
1.36483904608
1.52013624696
1.67722025844
1.8350087276
1.99114088933
2.14346898329
2.29129068588
2.43564423122
2.57836065242
2.74514450894
0.995893192736
1.02090182105
1.02721022454
1.01570858525
1.03507664005
1.08192290744
1.10590398105
1.10568416368
1.07859547495
1.02588970013
0.953417541364
0.870398383682
0.786420325962
0.706905133402
0.628723798723
0.53895100789
0.420389236293
0.516452280133
0.904578108993
1.36418314431
1.83385139343
2.28332961474
2.68403059801
3.01538833588
3.26735011177
3.4387654378
3.53898915989
3.58309143812
3.58621196329
3.56264539275
3.5208298342
3.46508590781
3.39822953488
3.31847727756
3.22227056999
3.10932424501
3.01200206818
2.97403429451
2.96213010356
2.93737075385
2.89311808796
2.83014317168
2.75174945136
2.657301107
2.54544810651
2.41854043644
2.28105439077
2.13617151794
1.98521925687
1.82836957716
1.66592669639
1.49859426462
1.32759090045
1.1544994302
0.981249306865
0.808441377843
0.635538407839
0.604548675593
0.740464426703
0.900607213879
1.060865076
1.22273546621
1.38779838261
1.55523652724
1.72285767569
1.88895677778
2.05356181475
2.21822428434
2.38536647256
2.57861510313
0.949769236235
0.97917182698
0.992355439678
0.997949937441
1.03129048121
1.0552520345
1.05778575691
1.037208934
0.995097440404
0.936729714371
0.870065949025
0.803663623943
0.743987120239
0.701541448498
0.6556987995
0.609434897984
0.547756306872
0.454578562416
0.32423589038
0.406837064168
0.753687252691
1.14832744618
1.55734293481
1.95364465683
2.31769948833
2.63479671282
2.89782165616
3.10400915604
3.25279089597
3.34840323161
3.39764993722
3.410491129
3.3962473569
3.35979168832
3.30324167341
3.22689626566
3.12913969477
3.04254031682
2.99379918077
2.96802964639
2.91716949091
2.84485022094
2.76152855937
2.66382296293
2.54782977501
2.4158478284
2.27430889537
2.12623619575
1.97341037682
1.81517596805
1.65176997336
1.48361516471
1.31190769431
1.13719518943
0.962708760704
0.789342646629
0.616745320194
0.443006025517
0.430865626067
0.587392835451
0.749629872299
0.913581989822
1.08180390011
1.25343400301
1.42717494342
1.60243040194
1.78111061996
1.96595398699
2.16180233017
2.38855161156
0.798288986231
0.824156790516
0.837423624011
0.851453961583
0.863935312456
0.858306230599
0.836038159546
0.799482621027
0.752862384659
0.702772669194
0.655564340681
0.617014086559
0.596806899868
0.594919501081
0.585452021446
0.572611010841
0.551114047725
0.511052295976
0.453220632689
0.375316316006
0.268023669563
0.244211354345
0.418820169184
0.704100552519
1.00783486127
1.31351043345
1.61268960239
1.89489459366
2.14922023609
2.37033471341
2.55247950512
2.69726653611
2.80925306295
2.88490612188
2.92835566689
2.93792137656
2.91578845318
2.86119381692
2.80112825273
2.76070052539
2.7171873914
2.64405128956
2.5709791183
2.48274114464
2.37937955017
2.25652991934
2.12709338992
1.98783768051
1.8458849797
1.69579313914
1.54232907302
1.38334807438
1.22281965842
1.05608135363
0.891916169019
0.728341206282
0.566821205936
0.403540165443
0.262912187029
0.281493827199
0.435548330232
0.590894758663
0.750635562688
0.91356926316
1.08150430578
1.25333575002
1.43597538145
1.63233248504
1.85738736763
2.12705661778
0.422367607786
0.432539548511
0.434348480932
0.433129056409
0.421743098993
0.402975841047
0.378730135452
0.351925352814
0.324995807181
0.301505405163
0.283674601164
0.273945990138
0.279659365108
0.292654226616
0.306261217899
0.315743244491
0.321957401731
0.324494925309
0.323234578454
0.316442914572
0.29882941438
0.265073098948
0.216952900625
0.152933304829
0.101616502615
0.145909267838
0.272916937469
0.411475230567
0.558268469653
0.70963089108
0.855504589716
0.999282926088
1.13488308088
1.25918946187
1.3711686237
1.46892649818
1.54976101668
1.6094747966
1.6456766072
1.66018178962
1.67709294907
1.64208476963
1.60975757079
1.56862100591
1.51611153788
1.44724880188
1.37470271082
1.29100835544
1.20547117215
1.11063843065
1.01444406148
0.911847216812
0.808452077125
0.700599684938
0.596388764794
0.48915156732
0.382532802223
0.275044604116
0.171188207347
0.100814848817
0.132148431971
0.232545834503
0.335020525753
0.44059741202
0.552611351789
0.67183913248
0.804552900053
0.958034321651
1.15648277597
1.45752982136
5.39091351023
5.32285890345
5.20961593267
5.10192900801
4.99842734388
4.89905216359
4.80373959953
4.71245228512
4.62508925107
4.54154704882
4.46171856257
4.38555830367
4.31303511552
4.24409127111
4.17867741296
4.11671037957
4.05782838034
4.0017521
3.9481765045
3.89702934087
3.84880262033
3.80356576573
3.76080078619
3.72065351508
3.68233918804
3.64446942864
3.6062338684
3.56721045453
3.52729994747
3.48657726302
3.44507388641
3.40268922244
3.35922841812
3.31445240642
3.26812079678
3.22001490013
3.1699449619
3.11772957092
3.06319155484
3.00629144949
2.94712821568
2.88602137281
2.82356318698
2.76035993063
2.69687625891
2.63345193426
2.5704258041
2.50805993812
2.44682642574
2.38700377738
2.3285898044
2.27146604945
2.21536466609
2.16011783495
2.10588544159
2.05278492096
2.00104408018
1.95053367723
1.90037657613
1.84860030905
1.79196203613
1.72622158163
1.64702783224
1.55142495186
1.43967717614
1.31664438079
1.19090753376
1.07201590716
0.967830190972
0.883066705242
0.818299120279
0.769740350309
0.727002522281
0.686051307077
0.642628622301
0.593793095255
0.538124513235
0.481019531552
0.507582945784
0.543749320149
5.12232932064
5.05978500133
4.95940768095
4.86432230686
4.77279248033
4.68466942045
4.59996387378
4.5186520173
4.44067370583
4.36595996099
4.29443861036
4.22606245808
4.16081185623
4.0986780731
4.0396767417
3.98380952389
3.93090105177
3.88069522939
3.83280378526
3.78704129835
3.7436455631
3.70278701679
3.66425378877
3.62812883564
3.59391150745
3.56037807184
3.526477896
3.4915631921
3.455407809
3.41807561902
3.37969859348
3.34025094869
3.29957944607
3.25748281668
3.21375861133
3.16821165879
3.12068120518
3.07096768652
3.01886236916
2.96430213833
2.90735629784
2.84831693263
2.78778268118
2.72645453892
2.66486027259
2.60334865691
2.54229149113
2.48191519556
2.42255368063
2.36447405795
2.30776366145
2.25237179544
2.19810930382
2.14495338973
2.09311005501
2.04275359726
1.99394636871
1.94626936415
1.89835880228
1.84771757705
1.79077513609
1.72333875306
1.64148414763
1.54303337295
1.42923425579
1.30572478373
1.18126824529
1.06518147494
0.964529416834
0.883161465063
0.82125263583
0.774689262562
0.732949416196
0.692583551139
0.649448275863
0.600817475118
0.545280964477
0.484382238788
0.49868730484
0.536565179655
5.04915046763
4.99064395223
4.894412169
4.80324649036
4.71566390947
4.63142127785
4.5504447488
4.4726720645
4.39804363757
4.32650827174
4.25801852247
4.1925368983
4.13004909693
4.07056710202
4.0140919548
3.96064803801
3.91031742592
3.86291366023
3.81800417553
3.77530669697
3.73477730105
3.69649725174
3.66042825194
3.62656431379
3.59452862377
3.56332571571
3.5318169149
3.49913366828
3.46484140189
3.42891353674
3.39148940483
3.35264610415
3.31228831123
3.27026670428
3.2264172076
3.18060716305
3.13270794002
3.08252078996
3.02980665951
2.97447936278
2.9166127314
2.85649171029
2.79472559229
2.73213227097
2.66934908651
2.60674663233
2.54465787632
2.48335146993
2.42316851231
2.36437592915
2.30707779509
2.25121335648
2.1966730256
2.14350752341
2.09201202701
2.04241943333
1.99466266023
1.94792987983
1.90027725665
1.84868090444
1.78933602576
1.71823353009
1.63211466022
1.52985188562
1.41380289394
1.2902978374
1.16806766132
1.05579158969
0.959462720562
0.881940925356
0.823049675871
0.778296523828
0.737589349734
0.697879350756
0.655142942257
0.606808382566
0.551801577274
0.491227048921
0.490490787517
0.529565846857
4.97798792518
4.9243035034
4.83268651645
4.74583947496
4.66238410136
4.58212385642
4.50496829047
4.43083513265
4.35965190815
4.29136752353
4.22595046655
4.163381776
4.10366063774
4.04683209448
3.99286222576
3.94182754806
3.8939565021
3.84914766386
3.80709755091
3.76752474165
3.73017833441
3.69493614397
3.66171155061
3.63041496422
3.60072026575
3.57183411346
3.54267899207
3.51225888978
3.47992613212
3.44548589681
3.40902283174
3.37066919034
3.33041094525
3.28816628172
3.24384448023
3.19738890271
3.14873226722
3.09770224166
3.04403357729
2.98760011266
2.92847359479
2.86693913698
2.80360932309
2.73939713274
2.67506400055
2.61103734087
2.54763181513
2.48512149155
2.42385941701
2.3640990248
2.30596753412
2.24941947974
2.1944449609
2.14118143878
2.09002901661
2.04122350449
1.99447960529
1.94849719808
1.9007176168
1.84761237144
1.78526019955
1.70995482212
1.61934161818
1.51354713757
1.39594544758
1.27338797614
1.15431434703
1.04653636916
0.954874950718
0.881230941082
0.825215604778
0.781916693504
0.742138661357
0.702987272389
0.660585819893
0.61239624443
0.558018252789
0.497990215631
0.482481033373
0.522692204262
4.90048856385
4.85264985761
4.76653606867
4.68472510716
4.60592673149
4.53001544218
4.45693940346
4.3866414205
4.31906321997
4.25416282119
4.1919239467
4.1323505783
4.07546036474
4.0213053066
3.9699236883
3.92145022294
3.87606011501
3.8337632675
3.79446331488
3.75795575345
3.72393830851
3.69210903079
3.66219873403
3.63396147905
3.60702937191
3.58071944653
3.55406467491
3.52604674894
3.4958701503
3.46314836427
3.4278496484
3.39009797309
3.34994309253
3.30739237175
3.26244792954
3.21515391105
3.16553615125
3.11347884365
3.05871296011
3.0010617553
2.94057613151
2.87754332461
2.81256664345
2.74663627419
2.68063319289
2.61508544928
2.55031252193
2.48656196179
2.42416676083
2.36339247559
2.30436217267
2.24711888286
2.19174779522
2.13849610917
2.08785971002
2.04000711676
1.99432591626
1.94893661036
1.90064584095
1.84549897528
1.779635784
1.6997968885
1.60463120305
1.49565850883
1.37722138653
1.25642857529
1.1411939451
1.03832043329
0.951412580392
0.881522082161
0.828155172633
0.78593065525
0.746941521951
0.708193887892
0.66602786985
0.617945026764
0.564121690367
0.50458197064
0.474716058232
0.516031490969
4.81554493564
4.77482347643
4.69536212532
4.61956871664
4.5462170826
4.47524896178
4.40667254166
4.34048701052
4.27668471273
4.2152661916
4.1562561385
4.0997069169
4.04564586709
3.99413726832
3.94539541657
3.89954937355
3.85667382744
3.81690685012
3.78029810108
3.74676303979
3.71605572272
3.68779988969
3.66155181254
3.6368518772
3.61318271179
3.58985209782
3.56596371149
3.54053159945
3.51268865184
3.48189255389
3.44796217724
3.41096329426
3.37096760626
3.32806692903
3.28236707536
3.23403643506
3.18322548821
3.12991267582
3.07385935677
3.01484638593
2.95289105165
2.88826785061
2.82157406517
2.75383404976
2.68604397316
2.61887055017
2.55265781973
2.48763021265
2.42405564512
2.36222449817
2.30224580746
2.24430255118
2.18860092248
2.13550435036
2.08557577346
2.03882117024
1.99418976848
1.94915829571
1.89991451779
1.84217492908
1.77222901287
1.68759275906
1.5881031738
1.47652310814
1.35805334378
1.23983045898
1.1289973887
1.03126976178
0.949088406114
0.882777917009
0.831796690664
0.790361110243
0.751994296022
0.71350589456
0.671480286034
0.623496320949
0.570114739888
0.510944566924
0.467237606783
0.50961428926
4.72208089863
4.68978912255
4.61825649527
4.54963646841
4.48272743258
4.41751380395
4.35405764252
4.29242274413
4.23267378289
4.17488432426
4.11914974986
4.06560911934
4.01432414966
3.96545823463
3.91933437396
3.87605921192
3.83572610855
3.79854769085
3.76465784403
3.73407546675
3.70664644432
3.6820137893
3.65963286152
3.63885065853
3.61893682477
3.59907007853
3.57832987082
3.55574563797
3.53042990842
3.5017427225
3.46936892437
3.43327469324
3.39353976262
3.35029046818
3.30373740608
3.2541877377
3.20194264709
3.14711433277
3.08953736555
3.0289761436
2.96541315468
2.89909087979
2.83060590925
2.76097076985
2.69128850972
2.62238174871
2.55464314331
2.48828203618
2.4234811418
2.36054862827
2.29959903303
2.24095619221
2.18500719426
2.13224246363
2.08321879648
2.0376623904
1.99397566041
1.94896197079
1.89824926837
1.8373943746
1.76291831599
1.67335193841
1.56994313959
1.45649951293
1.33885023361
1.22391216331
1.11793899781
1.02543803329
0.947856156394
0.884922519331
0.836009339301
0.795193841373
0.757258915979
0.718907596918
0.676939131323
0.629037856581
0.575984071058
0.517067565489
0.460050596763
0.503429437004
4.61937960862
4.59670700824
4.53433439959
4.4740645884
4.41467023722
4.35613933673
4.29856468709
4.24206626698
4.18678655241
4.13289055641
4.0805679609
4.03004720516
3.98154832495
3.93536342306
3.89178902785
3.85100581642
3.81322390252
3.77868799401
3.74759075213
3.72002246932
3.69590319659
3.67494303872
3.65655323601
3.63996105395
3.62421625246
3.6082975043
3.59115084535
3.57175049475
3.54918836024
3.52277809736
3.49212180679
3.45706930478
3.41769283919
3.37412805685
3.32666433031
3.27574275798
3.22183229321
3.16521335464
3.10583991767
3.04350191393
2.97814750438
2.90999652242
2.83962731484
2.76802661901
2.69636963989
2.62562029706
2.55625581173
2.48846435917
2.42238721376
2.3583240139
2.29638481129
2.23705097848
2.18098154442
2.12875598831
2.08081077093
2.03648427578
1.99354163745
1.9480922361
1.8953114193
1.83084033797
1.75161944514
1.65724554517
1.55044469807
1.43597614409
1.32000153702
1.20894771323
1.10812547693
1.02081994816
0.947632524524
0.887842275627
0.840670125157
0.800370983385
0.762693319939
0.724372994581
0.68239071446
0.634545337835
0.581717639804
0.52295631711
0.457121746282
0.497459085726
4.50720826986
4.49512643448
4.44296228031
4.39208519639
4.34119657218
4.2902486325
4.23933796888
4.18862615177
4.1383291931
4.08870917284
4.04005706683
3.99272101884
3.94716125175
3.90373277492
3.86271083644
3.82444125986
3.78925344562
3.75744931968
3.72927234533
3.7048627189
3.68418230706
3.66699182927
3.65271523375
3.64051314528
3.62924804138
3.6176875856
3.60456211006
3.58870514646
3.56913792959
3.54515204977
3.51630616239
3.48239668881
3.44345323589
3.39961420653
3.35121250183
3.29880026196
3.24301585937
3.18433329729
3.1228695922
3.05848894217
2.99112444866
2.9209960564
2.84863715707
2.77499669565
2.70128629926
2.62858160434
2.55747360119
2.48813859331
2.4206938658
2.35549747768
2.29258461403
2.23258810957
2.17656907674
2.12509802798
2.07834913354
2.03519429293
1.99270392439
1.94633104379
1.89092770697
1.82224841712
1.73811526419
1.63940557046
1.52995765871
1.41535738534
1.30183597446
1.19515323246
1.0996131918
1.0173660609
0.948302109569
0.89140504267
0.845657542
0.805817164557
0.768254634694
0.729874088845
0.687815564081
0.639995658675
0.587308530171
0.528620836335
0.460498758936
0.491686199017
4.38576328596
4.3850477843
4.34392247682
4.30326412873
4.26167695647
4.21905559196
4.17548638111
4.13116409285
4.08637292022
4.0414560975
3.99683849385
3.95306635403
3.91072375534
3.8702117295
3.83191996717
3.79634618687
3.76393265738
3.73506242181
3.71003700995
3.68903420597
3.67205108212
3.65884607239
3.64887411471
3.64122894811
3.63467420436
3.62776570283
3.6189926801
3.60697833659
3.59060529063
3.56913520291
3.54211467703
3.50935857512
3.47086729225
3.42677039931
3.37741189944
3.32341798115
3.26557948251
3.20457542614
3.14072238076
3.0740077872
3.00438741918
2.93208122939
2.85759942965
2.78184682864
2.70601681218
2.63126057027
2.55827544194
2.48725625705
2.41829860013
2.3519580548
2.28822527243
2.2276807637
2.17185274005
2.12130233615
2.07578320091
2.03364551813
1.9911805888
1.94324093569
1.88473017511
1.81162491806
1.72262393082
1.62009622714
1.50886115175
1.39502635593
1.28464778522
1.18266427643
1.09241073577
1.01500259916
0.94974304635
0.895499095504
0.850885777043
0.811447447345
0.773894369889
0.735379708965
0.693192747062
0.645368987088
0.592752115435
0.534071050914
0.465949951586
0.486096159499
4.25564314196
4.26702597704
4.23765190886
4.20786462961
4.17616730147
4.14240164271
4.10666700951
4.06919036626
4.03031415728
3.99050108702
3.95038112014
3.91062593199
3.87181356428
3.83447984422
3.79921602374
3.76664061186
3.73731534127
3.71171912287
3.69022045566
3.67303475162
3.66016683804
3.65133861524
3.64600285114
3.6431860077
3.64155972568
3.63950754699
3.63528671178
3.62727650121
3.61417796822
3.59518772309
3.56989833137
3.53816809726
3.50003605683
3.45563019012
3.40527345359
3.34961822354
3.28957121925
3.22600989773
3.1594755148
3.09012417388
3.01798060849
2.94326947907
2.86649687307
2.78853712454
2.71052135956
2.6336264656
2.55862981599
2.48577485444
2.41515583419
2.34754296252
2.28311490436
2.22228447215
2.16686534081
2.11736649247
2.0730016516
2.03161717887
1.98872238201
1.93868078243
1.87642679792
1.79867350836
1.70526469579
1.59966006465
1.48756224495
1.37534528013
1.26867395714
1.17160211268
1.08649440511
1.01363657554
0.951857975501
0.899990288974
0.85631485748
0.81718764652
0.779566793683
0.740859496533
0.698503703882
0.650648349717
0.598043165795
0.539317382056
0.471165356351
0.480687401554
4.11818153624
4.14258692787
4.12574115602
4.10742443229
4.08606376505
4.06144972511
4.03378095691
4.00332542285
3.97055257029
3.93614228092
3.90084041871
3.86530378009
3.83018949882
3.79624115816
3.76423784037
3.73493739247
3.70903243729
3.68711040615
3.66962028461
3.65682235191
3.64870873312
3.6449527465
3.64488741523
3.64743555013
3.65113506839
3.65419957722
3.65467797668
3.65071040779
3.64080718007
3.62406437125
3.60021464968
3.56918237327
3.53115082836
3.48626645591
3.43480824051
3.37739889167
3.31500450216
3.24867330749
3.17918091397
3.106890138
3.03193969069
2.95458307085
2.87532786533
2.7950373815
2.71474875357
2.63562525109
2.55848576156
2.48365002418
2.41128446452
2.34220945726
2.2770875723
2.21631522531
2.16159249933
2.11321159737
2.06983007009
2.02879315584
1.98484307138
1.93222995517
1.86600530097
1.78361214568
1.68629726822
1.57848215117
1.46646594477
1.35663580234
1.25407724099
1.16198758542
1.08181484452
1.0131704564
0.954561805116
0.904762180142
0.861891259709
0.822980625115
0.785233677757
0.746288333074
0.703735143194
0.655822579643
0.603177585212
0.544366823236
0.476155896537
0.475468949175
3.97614366981
4.01483480056
4.01143315644
4.00507981931
3.99424938024
3.97877116454
3.95895377394
3.93526199832
3.90842427281
3.87925429693
3.84846963943
3.81681021461
3.78515004062
3.75443720517
3.72562391813
3.69963052244
3.67731285556
3.6593970196
3.64644345665
3.63876832436
3.63634380573
3.63875703252
3.6451445558
3.65417372011
3.66412562246
3.67296522963
3.6785055194
3.67865356346
3.67176745398
3.65685590747
3.633869609
3.60295717806
3.56453485424
3.51882067892
3.46604768801
3.40674632196
3.34186468982
3.27256987362
3.19986221517
3.12433868691
3.04629419151
2.96604218102
2.88409339903
2.80130727275
2.71864371058
2.63718823513
2.55777633671
2.4808267247
2.40669025002
2.33616003221
2.27037225118
2.20985970184
2.15599399322
2.10866051561
2.06599674783
2.02484711223
1.97931844966
1.92356802611
1.85317533745
1.76656483902
1.66606809578
1.55698089499
1.44595281863
1.33914384326
1.24097819707
1.15381537313
1.07829923572
1.01351642401
0.957742233479
0.909741994591
0.867565959239
0.82878392994
0.79086242134
0.751645057419
0.708874203005
0.660880533398
0.608152186634
0.549222953381
0.480961605883
0.470420577737
3.83357171878
3.88787899748
3.89873207908
3.90448924597
3.90371182645
3.8965889929
3.88371041302
3.86590948952
3.84408753111
3.81904235403
3.79160968822
3.76279482127
3.73370917922
3.70549630776
3.67930013642
3.65623602303
3.63736094264
3.62360144658
3.61568875663
3.6140664569
3.61865076258
3.62894209994
3.64376373509
3.6613530581
3.67950876415
3.69573062844
3.70745273766
3.71227193745
3.70840149916
3.69487500154
3.67191638189
3.64029301362
3.60068306525
3.55353485974
3.49906527406
3.43764886869
3.37011690368
3.29767504816
3.22151520082
3.14248142953
3.06106137303
2.97766151995
2.89281345839
2.80733000338
2.7221542263
2.63824148473
2.55642955358
2.47725521673
2.40132091175
2.32948586628
2.26309437233
2.20291033911
2.14996140913
2.10347169706
2.06115004713
2.01930593712
1.97169582466
1.9125648353
1.83806105306
1.74776808547
1.64496180312
1.53556976466
1.42634815122
1.32307646783
1.22943194864
1.14704726375
1.07585398283
1.01457903345
0.961324241106
0.914850300604
0.873276827983
0.834557099598
0.796425250723
0.756911880994
0.713908240839
0.665812602277
0.612966749726
0.553895153984
0.485611031381
0.465530483224
3.69269901117
3.76394366038
3.7890065208
3.80589406816
3.81363055196
3.81313629637
3.80553491828
3.79187540119
3.77307635512
3.75012346938
3.72419268419
3.69657186835
3.66859276758
3.64160738984
3.6169723312
3.59605221535
3.58014320004
3.57045303905
3.56801441349
3.57341592019
3.58671642249
3.60729063698
3.63362180166
3.6632989666
3.69321970695
3.72004475286
3.74053431301
3.751739968
3.75162556779
3.73945849893
3.71575646553
3.68222197498
3.64028355081
3.59078290766
3.53400022618
3.47011168443
3.39971468886
3.32394056002
3.24411037303
3.16130907936
3.07624449975
2.98944550006
2.90148423463
2.81309624759
2.7252349235
2.638716235
2.55438282623
2.47290694979
2.39513740132
2.32210381731
2.25520387177
2.1954121728
2.14333298958
2.09734293591
2.05486941527
2.01181107721
1.96165167857
1.89900731304
1.82077270018
1.72753544893
1.62337969179
1.51462284958
1.40791895223
1.30855925442
1.21946146041
1.14161155882
1.07438992275
1.01624101091
0.965225093417
0.920034893045
0.878979242635
0.840266850306
0.801897791109
0.762073342478
0.718827763672
0.670615509826
0.617625293064
0.558394690734
0.490102386747
0.460789011223
3.54930689938
3.63828424088
3.67675928415
3.70258981754
3.71641676639
3.72031287296
3.71569815532
3.70363377997
3.68531802539
3.66216944719
3.63568537807
3.607386433
3.57881660586
3.55153678466
3.52712377953
3.50722170768
3.49347076791
3.48741875821
3.49057944583
3.50387634035
3.52764041941
3.56124085192
3.6028719756
3.64945130365
3.6965557015
3.73943514344
3.77359437401
3.79505938905
3.80108894869
3.79110142778
3.76636511037
3.72983937876
3.68418674089
3.63107921025
3.57107727881
3.50417246472
3.43060960968
3.35130015863
3.26759661317
3.18079353994
3.09183303623
3.00138852891
2.91008472398
2.81858200635
2.72784736452
2.63855897791
2.55159625142
2.46778077818
2.38817775821
2.31400933587
2.2467058946
2.18727736979
2.13583343627
2.08991363934
2.04671571526
2.00194742387
1.94897173245
1.88291153137
1.80151499006
1.70622078989
1.60170821035
1.49445275933
1.39084731842
1.29561170955
1.21100554475
1.13739952352
1.07378853486
1.0184007202
0.96935644506
0.925275496989
0.884634215517
0.845882648159
0.807257780276
0.767115671754
0.723625269062
0.67528824411
0.622133790987
0.562728405349
0.494412426258
0.456169559763
3.39465238406
3.50313908534
3.55334175052
3.58509275747
3.60242327853
3.6081636051
3.60369052187
3.59048549431
3.57033296924
3.54498281493
3.51611476286
3.48542194712
3.45461760886
3.42543692537
3.39968315396
3.37928747469
3.36630693765
3.36286045535
3.37099706585
3.39231408427
3.42764680141
3.47660667934
3.53724228466
3.60593879656
3.676983849
3.74346279932
3.79858112375
3.83681611506
3.85399461288
3.84899634196
3.82414314805
3.78404214001
3.73328841325
3.67505427213
3.61061511741
3.539915517
3.46276159807
3.37967588762
3.29190506741
3.20089013202
3.10780317102
3.01347661283
2.91859703905
2.82375847107
2.72993721973
2.63773902688
2.54805929251
2.46189606838
2.38048623538
2.30521563415
2.23754234982
2.17831140172
2.12711721908
2.08077580822
2.036296749
1.98940486248
1.93353811859
1.864404248
1.78057965001
1.68419565607
1.58029420966
1.47529901687
1.37523188658
1.28422680044
1.20396075973
1.13427656584
1.07392857722
1.02100440951
0.973635463081
0.93049639965
0.890196366982
0.851376422174
0.812486228387
0.772026926421
0.728294746464
0.679830338583
0.626497642468
0.566901630827
0.49855588023
0.451669505084
3.22582169542
3.35892940864
3.41767086014
3.45170282749
3.46976162884
3.47443759649
3.46737309457
3.45076202305
3.4267486489
3.39723153999
3.36405978754
3.32909696227
3.29418003252
3.26115637546
3.23199972292
3.20893122414
3.1944811114
3.19143534022
3.20263930475
3.2306120597
3.27704244677
3.34219790835
3.42433349219
3.51930709601
3.62041104085
3.71860617445
3.80390403259
3.8683345752
3.90478401521
3.91026853383
3.88820600119
3.84511962682
3.78830637166
3.72336248996
3.65300348394
3.57747278249
3.49614270221
3.40897898574
3.31694763068
3.22153470712
3.12411392765
3.0256832726
2.92699825074
2.82861956073
2.73146936077
2.6362513258
2.54378820975
2.45528410354
2.37208524917
2.29569413509
2.22756366914
2.16824539256
2.11683122532
2.06954252692
2.02329951649
1.97402123732
1.91538572076
1.84371549435
1.75831400668
1.6618229463
1.55942575601
1.4573211322
1.36108758788
1.27433052806
1.19820725681
1.13212879485
1.07466878434
1.0239173699
0.978013457663
0.935669145091
0.895636475537
0.856724461847
0.817566599987
0.776796879411
0.732830165465
0.684239946752
0.630720962441
0.570920436441
0.502542554068
0.447286339809
2.99927785114
3.15747092584
3.22428630297
3.2679818264
3.29435735309
3.30433658648
3.3002787247
3.28452497577
3.25907533589
3.22607398768
3.18795656818
3.14720176642
3.10610214002
3.06680416089
3.03151919116
3.00277618236
2.98360060697
2.97752242718
2.98836841115
3.01981393427
3.07473614534
3.15446669282
3.25800455452
3.38125481005
3.51684097802
3.65373945295
3.77786973806
3.87775719031
3.94402767941
3.96967268691
3.9561099521
3.91254881254
3.84973472937
3.77678126872
3.69888759735
3.61723943046
3.53094903821
3.4393024153
3.34278592522
3.24278951336
3.14083159366
3.03807333455
2.93534913335
2.83323198268
2.73250091418
2.63414104293
2.5388399658
2.4479923855
2.36297063719
2.28534181666
2.21653447465
2.15673794483
2.10458236526
2.05584608846
2.00747942323
1.95572763247
1.89462852727
1.82109766981
1.73502526503
1.63937111947
1.53926617309
1.44055510935
1.34833648276
1.2657634259
1.19355677817
1.13078239578
1.07587080791
1.02702499877
0.982415951002
0.940736184636
0.900908423462
0.861889720929
0.822471053733
0.78140611126
0.737222138259
0.688525678022
0.634816270249
0.574789718647
0.506379593838
0.44301654428
2.36662626976
2.53750863672
2.68370896739
2.80855728666
2.905575901
2.97728718471
3.0237421419
3.04546154911
3.04483201402
3.02580064831
2.99325451283
2.95211491921
2.90674126255
2.86078964653
2.81748748088
2.78012487065
2.75248948959
2.73906107971
2.74487147897
2.77501132069
2.83386330684
2.9241955858
3.04620619679
3.19654901152
3.36775767346
3.54789382549
3.72002379904
3.86553474915
3.97092323573
4.02778518383
4.03276258796
3.99420002133
3.92709883306
3.84547453217
3.75838054071
3.66895390286
3.57648411904
3.47956214099
3.37799655433
3.2729069167
3.16587451295
3.05821643295
2.95086047057
2.84444712061
2.73958272435
2.6375435818
2.53900133158
2.44542093181
2.35820318429
2.27888651573
2.20882642901
2.1479020681
2.09430955034
2.04346654453
1.99249355446
1.9380904968
1.87468238916
1.79970302471
1.71349416709
1.61917032163
1.52167274427
1.42642173672
1.33804296742
1.2593097883
1.19059596081
1.1307343717
1.07802196676
1.03072408503
0.987149779489
0.945987940652
0.906272111237
0.867093787689
0.827385127179
0.786006892217
0.741591784924
0.692763510939
0.638821921518
0.578525384511
0.510048495962
0.438903665398
4.38864068324
2.06503083408
0.647061954459
0.251037951752
0.27232576957
0.276099440875
0.272969201851
0.2577127821
0.247946769988
0.243028283149
0.240545598516
0.239303192618
0.237004084202
0.231564982877
0.223017800129
0.211597929735
0.197598600111
0.184320400923
0.171068087468
0.164733772168
6.20199321491
5.19237721523
3.52641225855
1.98990421951
0.890687067524
0.287965829423
0.123639199813
0.164019107702
0.190135687735
0.207237134791
0.216587404708
0.22449172309
0.228338201054
0.223305019892
0.208248637003
0.184266457747
0.151507944973
0.116217082505
0.0708887586711
0.0916232333187
5.2987486808
5.59909609072
5.10565515331
4.06667435427
2.88568432166
1.85131990147
1.10247102098
0.636931126027
0.372308200969
0.225277073462
0.14141270856
0.0951897297572
0.0831659969227
0.0980553405179
0.124124050761
0.158814881648
0.197190541707
0.243262066355
0.28362579421
0.38989642076
4.30128544
4.8392254698
5.07203145735
4.78648189884
4.1446935202
3.33542241586
2.52809731049
1.84333166011
1.34335108697
1.00932728184
0.789163176685
0.643268784368
0.556177865332
0.523555166276
0.537299558784
0.560842521388
0.587750609289
0.621961439346
0.643064381354
0.740544128885
3.69968529029
4.05521526594
4.43131169799
4.52351251373
4.33584129833
3.93289592466
3.40180682024
2.83272691525
2.30801580964
1.88436848144
1.56551588337
1.33022963238
1.15957461778
1.04621660619
0.997865744839
1.00423298747
1.01335387754
1.02619584257
1.01954324739
1.08793309096
3.32905036873
3.54029991313
3.82781259612
4.0139641515
4.02692435935
3.87677368663
3.59966497394
3.24828024084
2.8720504668
2.50956388516
2.19038244815
1.92829608334
1.72144020935
1.56092986115
1.44456473741
1.39015859084
1.38430533049
1.37660091548
1.34537670315
1.37522199619
3.03898088687
3.20481256427
3.40247411079
3.56407486928
3.62979937439
3.58816198308
3.44167426594
3.22605923828
2.98430631028
2.73818329089
2.49652088318
2.27259394648
2.07663089696
1.91480324196
1.78431854266
1.67517181298
1.62156469301
1.60215443319
1.56002538147
1.56162766312
2.79111378889
2.93812250993
3.09343986661
3.21913120602
3.28026604733
3.27296649155
3.19016666635
3.04568591098
2.87288245534
2.69070764311
2.51076145285
2.34211311777
2.19031069728
2.05260760301
1.93582613659
1.83112473994
1.73778937553
1.68889882893
1.65110949228
1.63809551663
2.57471099045
2.70351954827
2.84063781502
2.95483120229
3.00637718941
3.00219439797
2.94265500659
2.83453277033
2.70313937254
2.56021952787
2.41172668781
2.26648345747
2.14130297319
2.03229257305
1.93650087838
1.85060997218
1.76752440621
1.70048727572
1.67032516391
1.64780011958
2.42689462519
2.53935333776
2.65724828194
2.76584737305
2.81777063317
2.81637582286
2.76542380897
2.6724819103
2.55773976259
2.43400250673
2.30455370219
2.17452799023
2.05555168718
1.95634447723
1.87126831022
1.79711350604
1.7285167829
1.67557484946
1.65317614777
1.63109923307
0.00352496520477
0.00397585956281
0.00544259076158
0.0122484947086
0.0266391748575
0.0433881663811
0.0611296253148
0.078899395796
0.0962045875723
0.112594611153
0.00687057351662
0.00527616073833
0.0233854125675
0.0559831705001
0.0946033885787
0.135260411348
0.175399371587
0.21365694195
0.249443300386
0.282115917993
0.00789452307363
0.0161940893158
0.0559629157354
0.108160207391
0.162636139952
0.214328741253
0.261139967006
0.302849667161
0.339713866764
0.3718429203
0.00687138096469
0.0308416860965
0.0898936989041
0.15479360549
0.214745894404
0.265160027541
0.30571378723
0.33833963295
0.3645267147
0.385815222207
0.00475894479752
0.04660185683
0.118596361836
0.187601840498
0.242981048882
0.282185808517
0.307769498021
0.324071310461
0.334325910853
0.34161141795
0.00206534539161
0.0600300067584
0.137214746847
0.201430875379
0.243555692576
0.264546733801
0.270706798979
0.268903524916
0.263669619973
0.258665503321
0.00142108472506
0.0689139007104
0.142386745578
0.19380872217
0.216850327591
0.216973784001
0.215975612059
0.22259283084
0.229798418475
0.236041775216
0.00322175352819
0.0741698894636
0.144304782373
0.196196816223
0.229546862405
0.252259531071
0.270308775014
0.288105853301
0.30786912393
0.327266617778
0.00486813512167
0.0810519068282
0.154685697987
0.21052831242
0.248458262663
0.277375370493
0.30230115069
0.326867964349
0.353949118283
0.383526384064
0.00947955883222
0.078839111183
0.152550983966
0.209953777606
0.25060749593
0.281433501985
0.307762482186
0.332664126358
0.360055888399
0.399392157285
0.021689623532
0.0678638847354
0.139462086649
0.195694385316
0.2363753154
0.265122365698
0.288028959163
0.309373391464
0.324337486628
0.363873624415
0.0392883168055
0.0572377503775
0.116697234541
0.170785034172
0.209742981637
0.234968028077
0.249326485003
0.26171697154
0.25091011598
0.334236534127
0.0628950246502
0.0776258062883
0.105469268906
0.139987633961
0.176975761489
0.19915662784
0.204181817168
0.245214579695
0.382925549109
0.687320860274
0.0927674626683
0.12254686136
0.118872968105
0.109986292173
0.147150704455
0.168762292499
0.263465417761
0.514368180038
0.821418174407
1.25253480327
0.128467940735
0.161959238847
0.127263099103
0.0888727628922
0.135225669152
0.290133925026
0.595418498716
0.998361217145
1.43749151831
1.99682121817
0.167298769019
0.187590368818
0.102464235821
0.0945588135829
0.288271170307
0.648285268797
1.11285336831
1.67220846292
2.25831284832
2.91088041736
0.206851448465
0.192861821457
0.0513458253486
0.228197408773
0.624810025953
1.16306638533
1.81537373806
2.54253657768
3.25352925277
3.93091279246
0.245673199847
0.172406735643
0.121299159257
0.515293327519
1.10884899855
1.8586426499
2.70780791459
3.56513936704
4.3278293438
4.94159556502
0.278838770046
0.127122616003
0.348798379272
0.97758810451
1.80430202856
2.7697304682
3.76155593296
4.65403759218
5.35678739008
5.82199549262
0.299248408722
0.156557491731
0.751701322565
1.64051293761
2.72255195102
3.86777711097
4.91480716796
5.73056439663
6.27256613885
6.54342011688
0.121848696597
0.132732142669
0.142697976173
0.152384989456
0.161754313834
0.170841949858
0.179468106906
0.187335979808
0.19378839996
0.198370127383
0.201009882589
0.202429618518
0.202818517901
0.202285924874
0.201265952842
0.197891509023
0.193921932092
0.188781283372
0.179366797894
0.15949183838
0.129118451081
0.0923874579225
0.0538520180163
0.0667889335803
0.131654110345
0.200302397852
0.271665365914
0.343386673161
0.41369371944
0.479126037991
0.541525153012
0.593737903497
0.635692840724
0.669191612945
0.691660053803
0.704630366627
0.705223136428
0.706266190655
0.69712805112
0.675896279074
0.643520814215
0.613381807327
0.573368142688
0.522447252726
0.464608272085
0.401783321747
0.334623580466
0.266663720286
0.19953364625
0.135359093545
0.0751998996258
0.0500189732983
0.0737725812671
0.110371368575
0.141218814026
0.165772072947
0.18572811223
0.200958511656
0.213430218199
0.223564929769
0.231154155057
0.228457262274
0.227319125738
0.222290875782
0.215102578253
0.205863643281
0.195937306459
0.185663420105
0.178390875783
0.219231874106
0.292840758802
0.316730986207
0.338649885807
0.359270412192
0.378764185174
0.397088909938
0.413710355831
0.427752662833
0.437648796398
0.44199446696
0.440014802093
0.435493109568
0.429558760828
0.418432137205
0.401964582452
0.375082279079
0.337916768373
0.29240068769
0.237151762419
0.165889307646
0.150531820813
0.246672562303
0.391210456506
0.537407786521
0.680804237104
0.817916853354
0.943190968998
1.05270500679
1.14424752659
1.21597937933
1.2672337611
1.29692670693
1.3064777107
1.29980732533
1.27657079319
1.25532532328
1.22854860842
1.19979767811
1.15918438431
1.1034897123
1.03700037434
0.961323389424
0.874310652916
0.782200079249
0.682284257912
0.576628764493
0.464739677907
0.350248983931
0.234892410673
0.164858075084
0.196733095907
0.281144641949
0.355916389042
0.421762230458
0.479128838114
0.527691540261
0.569225994246
0.603640869462
0.631925853079
0.652098686853
0.664175870083
0.666880914847
0.672309623021
0.678130962573
0.676196699131
0.666935515375
0.653181188015
0.633699676458
0.608044111956
0.598244901415
0.369779232378
0.398923615761
0.426610663517
0.45282113636
0.477286868728
0.499352725543
0.517778668883
0.530966478991
0.537263082742
0.534331363922
0.52102682423
0.517533206177
0.508715999509
0.488741295676
0.457500855861
0.412187653503
0.35133651063
0.275839455707
0.234042617734
0.325795795391
0.513044797681
0.700667995548
0.879200110395
1.04201120298
1.18292156625
1.29974035355
1.38947504773
1.45279951276
1.49075065813
1.50462676469
1.49724410376
1.47222542239
1.432618799
1.38074888607
1.3456301616
1.32573832843
1.30307362543
1.26820340522
1.22095678554
1.16075645857
1.0888546232
1.00604990093
0.914898900489
0.817681404445
0.712884324194
0.599843255835
0.47927461896
0.353610211796
0.293913308379
0.349577799499
0.448204768138
0.537931346045
0.6184992769
0.690428331789
0.753891138985
0.809822600702
0.859173948239
0.902248205188
0.938035593365
0.964322829189
0.980499937503
0.988160726786
0.993932238433
1.01095147157
1.02937226505
1.03846292652
1.03917132114
1.02978230226
1.00531281508
0.968924728852
0.372310361988
0.402886637749
0.432424517606
0.460610161552
0.486566697684
0.509047953291
0.526052117165
0.535122568066
0.533550011182
0.518396837599
0.497174854434
0.502269242192
0.495765122299
0.474420532442
0.437193253275
0.383060409965
0.312031198895
0.336438957797
0.505548807452
0.714114450473
0.913296937468
1.09144178867
1.24109552065
1.35871722234
1.44341871592
1.49756429647
1.52377938355
1.52746270463
1.51175779612
1.47792596954
1.42908003253
1.36756549505
1.29580246748
1.243506079
1.23320764031
1.22383248879
1.20415596819
1.17404744376
1.13310491436
1.08114475771
1.01868123664
0.946397882438
0.86591108725
0.777816852409
0.680594722324
0.573412246658
0.456967431702
0.422486542479
0.501058405552
0.602096136177
0.694040493777
0.776712628167
0.850361564414
0.91569226553
0.973627205263
1.02533920314
1.07158381599
1.11268808652
1.14698916277
1.17248046522
1.18869949059
1.19746473455
1.20195824043
1.21267556452
1.24098673617
1.27077653128
1.29075944969
1.29870019195
1.29029916374
1.27152162559
0.327583073352
0.357930801381
0.387361207473
0.415075654562
0.439696187757
0.459413863347
0.471655741611
0.473331154432
0.46098878666
0.431289857745
0.416958525145
0.430732929349
0.431481239568
0.416922915084
0.385820918733
0.338979520628
0.415000814593
0.624770604185
0.834149971097
1.02779714117
1.19266161784
1.32075316704
1.41000538889
1.46279721112
1.48468856699
1.48088981458
1.45622329734
1.41464986857
1.35824054714
1.28936707744
1.21136972483
1.1263454396
1.04995782114
1.04012402974
1.04437660862
1.03956256158
1.0258577439
1.0033011081
0.97187078466
0.931686638962
0.883019812736
0.826105035077
0.761083847579
0.687159189371
0.602654480825
0.533508856069
0.565802266636
0.674444273832
0.774297146488
0.864450239504
0.944501195601
1.01464839822
1.07560809436
1.12851163893
1.1747143471
1.21557079039
1.25194027869
1.28392320765
1.30997912799
1.3288265325
1.34019632932
1.34562842347
1.34806373728
1.35008324488
1.36411226091
1.40041159529
1.4354291332
1.45828796734
1.4661851947
1.46933628356
0.257849747616
0.287149379087
0.315336095884
0.340960320132
0.362417859829
0.377372053209
0.382639163544
0.37455358095
0.349329222951
0.303733276158
0.309317404852
0.335086853658
0.349879205241
0.351423880793
0.365029861434
0.480613062523
0.681411745714
0.879274080943
1.05883750227
1.20656630672
1.31400473027
1.37912356175
1.40548614692
1.39990768686
1.36976253173
1.3204602829
1.25713536047
1.18353594168
1.10148745191
1.01286337315
0.918616497588
0.820026528702
0.788206316532
0.804493374007
0.812249085962
0.811675110366
0.803194672108
0.787349058305
0.764716163957
0.73583193493
0.700932910785
0.659700687841
0.611104346328
0.589229557676
0.652581265845
0.767001370931
0.873867641837
0.971673759721
1.05919699224
1.13570756903
1.20114305366
1.25612614075
1.30183873333
1.33982356823
1.37172955248
1.39899664362
1.42245118079
1.44204050921
1.45689283056
1.46623385114
1.47006283934
1.46956818575
1.46731236555
1.46558241488
1.46554914619
1.48240488238
1.52175189088
1.55511669544
1.57550671949
1.59575972525
0.240947090967
0.224322890904
0.233307095977
0.256116894987
0.273499203107
0.282659776693
0.280043946948
0.261875626303
0.224354203164
0.164599055675
0.198583848121
0.241733661853
0.277442173473
0.348527216203
0.494933988868
0.678642418403
0.858649443951
1.02041222091
1.1509647242
1.24125513083
1.28855180946
1.2959047082
1.27028328944
1.21996982576
1.15233877083
1.07299184233
0.985970798423
0.893423154968
0.796401357486
0.695485942197
0.59070084335
0.51161732983
0.529109770158
0.548703931662
0.559828982918
0.562752435883
0.558234370113
0.547438449087
0.531613314072
0.511839957224
0.542900315699
0.643460827383
0.760959284009
0.877078724445
0.989047382333
1.09417681403
1.19021031736
1.2754202668
1.3486764714
1.40958325309
1.45855096184
1.49672959735
1.52580405051
1.5477043248
1.56428697321
1.57701353985
1.58666926263
1.59328219381
1.59640469031
1.59567531091
1.59122722149
1.58408150458
1.57633338211
1.56987806853
1.56590590028
1.56468913141
1.58313511851
1.62278214942
1.65243169776
1.68499052296
0.375165128164
0.353663041673
0.323322636673
0.285972725145
0.242600229527
0.206299075126
0.184584349349
0.158339269015
0.111706070626
0.0433928695776
0.105934808157
0.184860905363
0.304218612726
0.457994608808
0.620058986019
0.77927498484
0.922667586853
1.03711314407
1.11466521786
1.15036838293
1.1465269536
1.10909483712
1.04619885416
0.965922146034
0.87472496225
0.777072406551
0.675688395522
0.571611074397
0.465168660559
0.355728488517
0.243286889185
0.227533537287
0.259128300971
0.282754883033
0.297865187151
0.349324256969
0.451325445028
0.562294126576
0.671920088272
0.781354052402
0.891531525359
1.00264563033
1.11377160041
1.2227358633
1.32650363271
1.42186631092
1.5061394123
1.57749184033
1.6350342292
1.67888542081
1.71008119247
1.73040516107
1.74208257995
1.74740831881
1.74840265221
1.74654107988
1.74260303679
1.73672528822
1.72872628496
1.71850527979
1.70625516377
1.69279620913
1.67970752766
1.66857803161
1.66040945141
1.65535780395
1.65259848705
1.67679160994
1.71290092225
1.75453520506
0.466585146476
0.460176784542
0.441317933473
0.410604986694
0.369462588948
0.319095845064
0.260345038496
0.193752981023
0.119660903079
0.0399680922787
0.129228863398
0.242999550878
0.372124162442
0.509711248239
0.646660607362
0.771543461267
0.872642439067
0.940224759872
0.970423003633
0.961867481021
0.92004546603
0.851698234772
0.764650738484
0.66595964986
0.560615650842
0.451784601587
0.341071628656
0.252339903299
0.194194936002
0.144592892106
0.127484792394
0.238534257758
0.359647000184
0.480433656127
0.59933092753
0.714859910634
0.826388452574
0.934504549803
1.04000234507
1.14441980417
1.24908967864
1.3544033933
1.4593744346
1.56149439063
1.65712987866
1.74233893405
1.81399037244
1.87034091154
1.91097290147
1.93672205567
1.94936662997
1.95139518377
1.94557462549
1.93451470726
1.92034664296
1.90454001698
1.88786714927
1.87053899815
1.85252494742
1.83384588945
1.81466590916
1.79556998438
1.77772814648
1.76235795434
1.75018907691
1.7412284273
1.73463035934
1.73418377298
1.7636664895
1.81152953303
0.492674216588
0.508615306708
0.50653398788
0.488083864966
0.454791354358
0.406241191977
0.342672014286
0.265744149521
0.176938425554
0.0784914959064
0.138451733761
0.241293827229
0.353433162118
0.467089062787
0.573506169427
0.662061050784
0.72298557661
0.756254640015
0.78326690873
0.804287437077
0.805093589168
0.789352569635
0.760870332006
0.723830498567
0.68058283021
0.63371235022
0.5850501227
0.535961960634
0.48758861559
0.439984413516
0.491341402198
0.614529083932
0.738065921294
0.859726529602
0.977647185474
1.09023962669
1.19682837364
1.29941453614
1.39836833721
1.49617924339
1.59460821464
1.69405211467
1.79302083713
1.88821814056
1.97529493094
2.04950574678
2.10726278019
2.14721897998
2.16987157047
2.17683307576
2.17069393147
2.15466631731
2.13198849377
2.10547771786
2.07728402757
2.0488131028
2.02078635085
1.99342571001
1.96675362221
1.94081165461
1.91568152557
1.89172354008
1.869758903
1.85064576771
1.83483875834
1.82220699939
1.81193301003
1.80258299502
1.80794297807
1.85946312925
0.411470401666
0.464045826082
0.492674345736
0.496366762879
0.478895497497
0.439812785205
0.378235021498
0.295348348034
0.194302717374
0.0789050369153
0.0757642880437
0.187068573049
0.329746659892
0.472623099649
0.610186007369
0.735961594509
0.843648225442
0.929253501456
0.990497957472
1.02758215988
1.04255052956
1.03908757701
1.02092947423
0.99260845766
0.956905318596
0.916198809255
0.872311017836
0.826488500308
0.780106419648
0.758797389255
0.867169619064
0.993098285608
1.11699503108
1.23659899628
1.35011968336
1.45650655126
1.55604779258
1.65079166531
1.74169611219
1.83245908627
1.92486558266
2.01889521636
2.11203003352
2.19958480369
2.27684132632
2.33828596431
2.38009963197
2.40207626887
2.40590248788
2.39380293476
2.36929805725
2.3362281196
2.29811885325
2.25782052431
2.21737385193
2.17803730335
2.14041807823
2.10468217548
2.07082943155
2.03885879505
2.00874804536
1.98066114493
1.95513164909
1.93271638654
1.91363930312
1.89766213301
1.8840144895
1.87147291456
1.85933967382
1.90070103162
0.266908295434
0.287161576967
0.337675274042
0.376474870107
0.39239563227
0.382581366881
0.342200109117
0.269531904545
0.1841864086
0.117058967248
0.107280585938
0.260876875414
0.42437882231
0.58860338196
0.747044344536
0.892723220423
1.01912571885
1.12226248101
1.19972113218
1.25147298291
1.2796924695
1.28790577574
1.28011211676
1.26032284344
1.23170752918
1.1966503841
1.15702635144
1.11423604568
1.06946524992
1.11591380584
1.24161217546
1.36663070582
1.48684773061
1.60078309705
1.70687847285
1.80468744113
1.89524390037
1.98102688521
2.06496942256
2.15019154557
2.23808616535
2.32744671766
2.41429615016
2.4929307735
2.5578234364
2.60358578926
2.62683677276
2.62946470146
2.61392721624
2.58320238235
2.54164466806
2.49342076206
2.44206556172
2.39025751202
2.33979757128
2.29171811161
2.24645844827
2.20408160832
2.16452130062
2.12770577916
2.09351226128
2.06194775402
2.03332450337
2.00797070817
1.98594153541
1.96693261499
1.95023393461
1.93480367538
1.91894179219
1.93682964355
0.517538133273
0.505339612449
0.49585281762
0.476468389647
0.452676076424
0.427879143127
0.401230158468
0.371727736396
0.338191317554
0.29938781091
0.256071266215
0.354040987848
0.531845340834
0.712201376403
0.887064664378
1.04891430634
1.19135674775
1.31006847845
1.40255411152
1.46858921091
1.51008198438
1.5302734011
1.5329688757
1.52193270118
1.50036114489
1.47077996043
1.43517794913
1.39512588156
1.37645685271
1.48209840014
1.60442342259
1.72317545688
1.83587249161
1.94083374293
2.0371430084
2.12530521205
2.20742244035
2.28674793786
2.36659382894
2.4491511515
2.53432394795
2.61909989223
2.69796172363
2.76439977023
2.81276182806
2.83936067557
2.84221730209
2.82458767845
2.78998444886
2.74216058478
2.68585254607
2.62516575935
2.56334158033
2.50269657759
2.44469094328
2.39008234403
2.33911941438
2.29174938897
2.24783225586
2.20722889989
2.1697384871
2.13525599548
2.10393578322
2.07594678054
2.05123652708
2.02947505785
2.01002329258
1.99199546263
1.97389745658
1.96877955864
0.858438036666
0.839654817002
0.830720858522
0.808044851812
0.774900156021
0.737087942184
0.695429937195
0.650089021344
0.602615056339
0.555174459475
0.510751617438
0.508913431333
0.650129196142
0.834332813878
1.01815762852
1.19173760227
1.34758346444
1.48048654465
1.58749065649
1.66795932287
1.72328831968
1.7562123928
1.77011628861
1.76849232763
1.7543803691
1.73045223199
1.6987416777
1.66091152231
1.70849432846
1.82695084987
1.94168337246
2.05095616646
2.1531371477
2.24733420467
2.33386051724
2.41443119009
2.49189493635
2.56940990919
2.64923357649
2.7316006247
2.81412493059
2.89190711566
2.95853225524
3.0078303495
3.03549866618
3.0397953036
3.02122556133
2.98377467807
2.93195678389
2.86976835285
2.80191228652
2.73201622539
2.66279354985
2.59607992604
2.53294948356
2.47388361359
2.41895794756
2.36802634983
2.32089744872
2.27739019052
2.23725907231
2.20033133639
2.16665783358
2.13630516947
2.10916261514
2.08490676386
2.06297724935
2.04262445937
2.02251761059
1.99705128683
1.27720692288
1.25221029234
1.24384580446
1.22200970658
1.18671087044
1.14400631139
1.09458884641
1.03756556833
0.97466750866
0.909567840483
0.847874467837
0.795137099661
0.822306335522
0.978244668097
1.1481155153
1.3187358052
1.47922011008
1.62154525132
1.74079238036
1.83491437266
1.90420492193
1.95051095587
1.97652247505
1.98525322461
1.97951019838
1.96183941841
1.93433716412
1.92628601538
2.02537519879
2.13512322325
2.23981890618
2.3384634914
2.43058661881
2.51660638177
2.59796224908
2.67688439269
2.75576804301
2.8362469557
2.91824294275
2.99941131317
3.07530633222
3.14016605124
3.18816167809
3.21490970933
3.21846926972
3.19942613158
3.16038996042
3.10561735344
3.03987180737
2.96723267067
2.89159003993
2.81592049702
2.74229942658
2.67206232654
2.60592645857
2.5441476072
2.48668105966
2.43333380607
2.3839019476
2.33819690476
2.29596271825
2.25699632622
2.22128675073
2.18883962804
2.15951958783
2.1330293279
2.10888903615
2.08646954442
2.06457642349
2.02650413583
1.7606076561
1.73223743096
1.71639235188
1.68886818065
1.65030402782
1.60565331457
1.55467959535
1.49529767466
1.42754911436
1.35384817278
1.27845386951
1.20689579768
1.14842067789
1.22401034652
1.34148807175
1.47525327852
1.61377297927
1.74648829692
1.86528827279
1.96508221583
2.04367812251
2.10097657978
2.13823187692
2.1573842991
2.1606432738
2.15016996313
2.12806157138
2.19099959577
2.29642967422
2.39763162749
2.49419991492
2.58614654108
2.67411515649
2.75929725526
2.84313735105
2.92688122483
3.01099281492
3.09457088215
3.17500251984
3.24812963059
3.30899921141
3.35283712052
3.37599072393
3.37678475087
3.35579866848
3.31544905112
3.25934299012
3.19170573079
3.11671203257
3.03769148882
2.95808143666
2.8797607461
2.8043018488
2.73259824631
2.66510266005
2.60193107087
2.54298726386
2.48808446828
2.43704533466
2.38970374655
2.34581919992
2.305184222
2.267753862
2.23349913132
2.20227914573
2.17383102864
2.14775190602
2.1235194569
2.10005915859
2.0581829298
2.25624300399
2.2254626748
2.1991853244
2.1641989575
2.12145219249
2.07423172301
2.02233333765
1.96398453841
1.898644901
1.82755244004
1.75313885003
1.67900117933
1.6103349928
1.62699294946
1.67994601122
1.75138657799
1.8363517458
1.92783619132
2.01839302855
2.1014935131
2.17255429199
2.22888925282
2.26939238901
2.29411732803
2.30384243463
2.29980925905
2.32979171713
2.43220169344
2.53198893918
2.62914551377
2.72381518939
2.81654011112
2.90810734923
2.99903529146
3.08918716401
3.17760733934
3.26243227153
3.34080143066
3.40900473239
3.46307109949
3.49957764856
3.51622698005
3.51213837347
3.48805462275
3.44618249718
3.38964988574
3.32198706692
3.24673319219
3.1670971374
3.08578374914
3.0052988089
2.92672101249
2.85128282579
2.77954319813
2.71181834336
2.64816610862
2.58849947685
2.53267965682
2.48058101611
2.43207582302
2.38695143973
2.34500913195
2.30618593401
2.27043314586
2.23761284199
2.20749668583
2.17975111644
2.15394823941
2.12912279748
2.08608039182
2.69278233962
2.6576496893
2.62350666871
2.58574966508
2.54404743603
2.49850300198
2.44861734429
2.39355211079
2.33317669309
2.2685649091
2.20164547089
2.13507261239
2.09235380801
2.10101080954
2.12030614603
2.14914022725
2.18636938746
2.22979157807
2.27655188706
2.3232614625
2.36651821798
2.40339721392
2.43172075249
2.45001621661
2.45750575431
2.49263460017
2.57809548552
2.6747656539
2.77156250069
2.8685632195
2.96546050769
3.06209009891
3.15792212175
3.25150030925
3.3405368907
3.42240437455
3.49440491172
3.55368670234
3.59749131425
3.62379499416
3.63168955458
3.62131633723
3.59368639699
3.55065000867
3.49472001675
3.42869338055
3.35537321079
3.27738655043
3.19703789015
3.1162382798
3.03672309451
2.95960202845
2.88534961041
2.81446949866
2.74723874423
2.6837177823
2.623875863
2.5676436264
2.51495280714
2.46571500956
2.41974639499
2.37686122947
2.3369874976
2.30006451745
2.26595738657
2.23446581391
2.20531539183
2.17816118504
2.15215074479
2.10813189211
3.07031081433
2.99981722575
2.95756674645
2.91895695133
2.87970078051
2.83770613762
2.79179780356
2.74182679899
2.68811921482
2.63172711278
2.57434196275
2.53510770027
2.52378087816
2.52696884374
2.53637111763
2.55045340686
2.56775284672
2.58626996928
2.60492381299
2.62273856525
2.63874538583
2.65182140516
2.66085996449
2.66462088685
2.69725279898
2.77219692253
2.8599507453
2.95067339803
3.04450232735
3.14003255554
3.23506205601
3.32797684153
3.41660313214
3.49810749704
3.56965142244
3.62916254587
3.6751613633
3.70613575338
3.72107654348
3.7200556253
3.70386905396
3.67366477019
3.63082702198
3.57706340867
3.51436836561
3.44480787285
3.3703888173
3.29300709002
3.21435385249
3.13562562119
3.05809579912
2.98331047811
2.91063980283
2.84094883302
2.77450825956
2.71141181425
2.65169525668
2.59534915524
2.54235184151
2.49264722153
2.44607645371
2.40246751507
2.36174629885
2.32384736177
2.28863677746
2.25593508501
2.22551913213
2.19711438466
2.16998287096
2.12491894457
3.37971178778
3.19746256074
3.14745966539
3.10832989366
3.07127112699
3.03855519548
3.00209479442
2.96192757682
2.91858026382
2.87938662106
2.84574919465
2.83339980561
2.82998687665
2.83250199736
2.83993907709
2.85052699726
2.86251970895
2.87293610749
2.8803999395
2.88429556102
2.88454198408
2.88143910941
2.87566969721
2.90266339643
2.97100404539
3.05038651385
3.13381351137
3.21899458835
3.30370687868
3.38549492105
3.46208817818
3.53154392895
3.59196160347
3.64183883431
3.6803324946
3.7071383626
3.72192332004
3.72425393658
3.71424281823
3.69260193151
3.66023741646
3.61814612549
3.56738350957
3.50916692735
3.44489468465
3.37601374308
3.30393369825
3.22996399525
3.15528044166
3.08109662784
3.00881393564
2.93882943148
2.87020315966
2.80449372529
2.74184879245
2.68238111165
2.62612711528
2.57308119226
2.52322290446
2.47649229772
2.43274036294
2.39179964994
2.35356925701
2.31795013657
2.28478747556
2.25390753628
2.22512920672
2.19824783437
2.17266758088
2.1312636138
0.41961224418
0.778254727457
1.16868233376
1.51620943286
1.80903803978
2.04871768177
2.23394169981
2.36579657516
2.44863757133
2.48945465187
2.49725911402
2.48113913382
2.44951686528
2.40952700147
2.36703488187
2.32719448241
2.29509390158
2.27620141755
2.27639866332
2.30150452516
2.35650060881
2.44466098737
2.56662227755
2.71961867496
2.8969506509
3.08744046738
3.27538269878
3.44042225323
3.56317186739
3.63282349369
3.64545885849
3.60672954648
3.53213704626
3.43920629319
3.34097681307
3.24331543273
3.14648928223
3.04874531792
2.94905265886
2.8478219259
2.74624532854
2.64546447376
2.54626020185
2.44913316104
2.35438860704
2.26296319422
2.17541828191
2.0927944518
2.01611666504
1.94672900837
1.88589463116
1.83345156308
1.78792802437
1.74548456786
1.70428611707
1.66216863818
1.61436302091
1.55856581521
1.4946910588
1.42467856787
1.35181725351
1.27983737037
1.21205870088
1.15058679053
1.0957035703
1.04656260158
1.00206762287
0.961093509675
0.922527595363
0.885507429343
0.849437284297
0.813747083022
0.777714076281
0.740502739619
0.701070781701
0.658284346159
0.61142465698
0.559525802249
0.501196684583
0.434697907346
0.419823268422
0.329510965042
0.45279320651
0.709327183348
1.02804465339
1.34998717071
1.64987790427
1.90615901045
2.10621661258
2.2465004774
2.33161226105
2.37009127541
2.37273012848
2.35020307362
2.31165764344
2.26513295753
2.21857425723
2.18047070903
2.16029633647
2.16812118545
2.21348646035
2.30413617284
2.44429158548
2.63364977606
2.86675625941
3.13201311345
3.4111851697
3.67876581341
3.90425387923
4.06329005437
4.14321356202
4.14551651704
4.08678309373
3.99189581151
3.88288142697
3.77209324712
3.66242736696
3.55198029721
3.43871147685
3.3224366682
3.20439558901
3.08609509122
2.96868318217
2.85297430756
2.73954238082
2.62960602064
2.52427280835
2.42490402905
2.33259000096
2.2489709728
2.17537359267
2.11093954624
2.05331473638
1.99743257831
1.94116149568
1.88264162711
1.81698516866
1.74235902472
1.65956012161
1.57151216159
1.48233066955
1.39629352465
1.31704287909
1.24677052536
1.18531537263
1.13116996623
1.08280346006
1.03854579895
0.996844508183
0.956625962609
0.91712651902
0.877665567925
0.837433409068
0.795488549526
0.750656399563
0.701582024492
0.647238943948
0.586557580748
0.517793366626
0.434850988019
0.806092779729
0.712148623691
0.61201744382
0.624037607536
0.757342708495
0.950665598769
1.18618488138
1.43533376829
1.66750121767
1.86002782816
2.00315384616
2.09501759262
2.1408114065
2.14912757548
2.12914592754
2.090449215
2.042148256
1.99350554737
1.9559277794
1.94248655453
1.96632062837
2.03936923013
2.16920762292
2.35820041333
2.60248999061
2.8913817421
3.20682671164
3.52259157385
3.80516770009
4.02162831834
4.14998975627
4.18541595315
4.14219053978
4.0480410502
3.9313402756
3.81052887425
3.69204918733
3.57482900464
3.45618638446
3.33513274406
3.21251809903
3.08982434262
2.96828582357
2.84877965902
2.73191538047
2.61869688151
2.51033948946
2.40832987287
2.31354686924
2.22762513488
2.15195461282
2.08559972872
2.02608396175
1.9681810269
1.91032535216
1.85126813714
1.78612416433
1.71323334568
1.63339787087
1.54930559467
1.46463159339
1.38311580978
1.30800675564
1.24138064499
1.18293637345
1.13101669056
1.08431471089
1.04128034423
1.00034024726
0.960521063632
0.92115466204
0.881645953876
0.841277455101
0.799174696543
0.754250745362
0.705155979518
0.650668298407
0.589777492311
0.520988559239
0.437838687768
1.26916685153
1.18047429871
1.08838302885
1.02824522247
1.02212773108
1.06079786077
1.15339577893
1.29655640471
1.46895555517
1.64376079896
1.79958406062
1.92062664328
2.00107870454
2.04195547636
2.04704133432
2.02241208074
1.97647548752
1.91866113271
1.86076490044
1.81805298991
1.80718790127
1.84597704468
1.94674910788
2.11736399779
2.35669312039
2.6555988417
2.99619604474
3.35167807544
3.68663615665
3.96139145286
4.14417730919
4.2211089244
4.20141801728
4.11364067025
3.99185309434
3.8612601441
3.73309821097
3.60807827991
3.4832656597
3.35686642251
3.22922367312
3.10171044206
2.97561412878
2.85183803621
2.73100156751
2.61392623336
2.50180156165
2.39629376628
2.29821501939
2.20926770385
2.13094817719
2.0623258287
2.00071763563
1.94073147747
1.88137876411
1.8220016697
1.75765184519
1.68674784874
1.61000930439
1.52986281208
1.44956872205
1.37235145996
1.3010771791
1.23770982347
1.18189239229
1.13192586777
1.08664884863
1.04459121428
1.00425133116
0.96472375304
0.925415171819
0.885807986324
0.845266991259
0.802979763772
0.757933402449
0.708776106673
0.654109110086
0.5929771954
0.524151162092
0.440800441865
1.64952586553
1.58457734212
1.52307913843
1.4779067922
1.44707067443
1.43253996495
1.44209867237
1.48695205136
1.56905260305
1.67825000337
1.7973150283
1.90804469405
1.99660999287
2.05508762948
2.08066521257
2.07353683177
2.03671861561
1.97607510849
1.9011501337
1.82684665149
1.77198194436
1.76144974708
1.81140722239
1.94009542282
2.15114841674
2.43991284728
2.78882517271
3.17028498748
3.54723954048
3.87554194042
4.11410535089
4.23842641317
4.24971050521
4.17478112638
4.05194435185
3.91304742924
3.77516630277
3.64184216724
3.51047095875
3.37857769394
3.2459128489
3.1136341876
2.98300799706
2.85490641898
2.72989555614
2.6086472224
2.49228741991
2.38270750477
2.28077475397
2.18836339178
2.10713377982
2.0360989757
1.97263075947
1.91089424187
1.85055989563
1.79148909056
1.7285733186
1.66021375844
1.58698173231
1.51102415139
1.43521426836
1.36229931649
1.29474672491
1.23443396651
1.18103781087
1.13292885256
1.08898987793
1.04774885426
1.00791899984
0.968651637099
0.929401703277
0.889716028233
0.849030149309
0.806590844306
0.761446198061
0.712239379512
0.657416806678
0.596063912763
0.527206974515
0.443652113091
1.92903925564
1.88437248663
1.83480095288
1.80024458441
1.7795804768
1.77161953387
1.77662010008
1.79668094937
1.83516558922
1.89400042919
1.96809209821
2.04768767809
2.12161841019
2.17976243803
2.21468041658
2.22139359773
2.19722689944
2.14203324654
2.06011163117
1.96212984157
1.86494245948
1.79946642378
1.78601412415
1.8535160375
2.01154222274
2.2668804793
2.6032855905
2.99338913693
3.39858630737
3.77108909591
4.06207227638
4.23621493253
4.28430136379
4.22821585277
4.10921213919
3.96444486282
3.81746132695
3.67564069224
3.53745287008
3.40000115797
3.26240851223
3.12549881361
2.99040842052
2.85789966316
2.7284296514
2.60254990565
2.48142489525
2.36719017031
2.26090931358
2.1647080079
2.08051501773
2.00705416966
1.94186972707
1.87886679807
1.81813608695
1.76000644605
1.69911783008
1.6337863758
1.56438852586
1.49277715597
1.42149276721
1.3528859156
1.28902371386
1.23161265166
1.18036345693
1.13387531683
1.09118175492
1.05072676158
1.01136343078
0.972333277258
0.933144594007
0.893400355246
0.852596359479
0.810034007279
0.764815073148
0.715575144169
0.660607901432
0.599039298307
0.530145807772
0.446403042154
2.11387140127
2.08047907615
2.03892409717
2.0101933519
1.99493702857
1.99349588296
2.0053914061
2.02942693948
2.06479408513
2.11098019578
2.16590448287
2.2254164832
2.28384147558
2.33463952272
2.37133720095
2.38786649934
2.37850879442
2.33811522868
2.26444091927
2.16124376901
2.03995510495
1.92945938922
1.85618251734
1.85753216747
1.94916052294
2.15177069711
2.45535161875
2.83524188306
3.25257361219
3.65687261291
3.99308017712
4.2155841844
4.30422426749
4.27212543414
4.16152740619
4.01404736644
3.85926842455
3.70915840217
3.56408106532
3.42110112797
3.27874043609
3.13736606319
2.99784939188
2.86075313809
2.72640303928
2.5952570025
2.46869543757
2.3492077137
2.238115888
2.13784492983
2.05069118275
1.97518572911
1.90858795172
1.84484962438
1.78434564731
1.72776700253
1.66943619348
1.6075408567
1.54223222228
1.47506345886
1.40829968426
1.34395895963
1.28375073235
1.2290415035
1.17976242638
1.13483116325
1.09323222162
1.05349494652
1.01456710784
0.975762748467
0.936642767973
0.896861235695
0.855966830507
0.813310149181
0.768039129592
0.718779947666
0.663679921499
0.601903063013
0.532975106818
0.449063129544
2.24619256377
2.22040115368
2.18357439547
2.15663831414
2.14038135601
2.1358862192
2.1436823716
2.16355044534
2.19443717082
2.23449262011
2.28096267739
2.33048474736
2.37947329577
2.42424907631
2.46107557648
2.48577163754
2.49287946075
2.47516784674
2.42522037762
2.33908823111
2.22083619448
2.09061225439
1.97753457307
1.92319877657
1.95279726828
2.09484268462
2.35254235547
2.70617429282
3.11965280644
3.5417914865
3.913092509
4.17940413033
4.30918855911
4.30545901118
4.20730004679
4.06047863947
3.89975138472
3.74200817301
3.59022411582
3.44187272968
3.29496011501
3.14928115066
3.00529810049
2.86328911915
2.72347169396
2.58630911295
2.4535759075
2.32825470559
2.21201169821
2.10762175984
2.01766586928
1.94050657516
1.87296555488
1.80906217918
1.7494182594
1.69496077712
1.63965451478
1.581532898
1.52050690041
1.45783347715
1.39551602693
1.33534849314
1.27880374758
1.22669501735
1.1791978656
1.13574858716
1.09513559948
1.05604328303
1.01752023824
0.97893607872
0.939896279733
0.900100247752
0.859143183828
0.81642027829
0.771118887731
0.721853404667
0.666632792024
0.604656717878
0.535699310585
0.451636341654
2.35040177957
2.33003325714
2.29641600281
2.2702114533
2.25164153045
2.24151773952
2.24036871881
2.2483881841
2.26524546302
2.28993948476
2.32062011204
2.35480942125
2.39006806672
2.42437383598
2.45617270225
2.48380414661
2.50391830021
2.50988847518
2.49166344347
2.43909111213
2.34701536819
2.22547983838
2.10024217799
2.01124727107
1.9947963066
2.08280159537
2.29172746878
2.60993809319
3.00696781946
3.43401040097
3.82916572216
4.13194735521
4.30042741384
4.32733457939
4.24527965515
4.10257743555
3.93809460631
3.7737812078
3.61575820686
3.46233505566
3.31112205149
3.16124590116
3.01263078124
2.86521507624
2.71917949116
2.5751760295
2.43554651461
2.30392654327
2.18234932456
2.07392684188
1.98148383506
1.9031191128
1.83517445911
1.77168608899
1.7135658443
1.66175735416
1.60988154876
1.55580477898
1.49920344281
1.44104860019
1.38306682304
1.32695201074
1.27400135422
1.22444868471
1.17863735856
1.13654999004
1.09685981109
1.05836280488
1.0202189815
0.981852468636
0.942906638246
0.903119791088
0.862127467884
0.819365419042
0.774054531332
0.72479507914
0.669466604553
0.607301451249
0.538321270564
0.454124388216
2.43615526761
2.41953526135
2.38820700309
2.36267145906
2.34251505009
2.32802419077
2.31925651044
2.31609559418
2.31823999571
2.32508836716
2.33575127475
2.34905001797
2.36395721137
2.38012718951
2.39808564584
2.41875497189
2.44148573916
2.46185659838
2.47014462135
2.45343516661
2.39895485148
2.30637927256
2.1922738155
2.09180056266
2.04739592571
2.09615261675
2.26232359296
2.54388072721
2.91721096578
3.33832398487
3.74666598846
4.077595737
4.28060377107
4.33796279636
4.27435908643
4.13938259724
3.9735775249
3.80409733711
3.6405726695
3.48251181591
3.32725410243
3.17318971329
3.01961647607
2.86614632935
2.71300521633
2.56132321684
2.41414274967
2.27588140331
2.14895182217
2.03674121254
1.942245765
1.86321730985
1.79546470726
1.73293061066
1.67698589804
1.62830858272
1.58020985744
1.53039111293
1.4783129091
1.4246717842
1.37093040242
1.31871084982
1.26917154372
1.22219401598
1.17810772575
1.13723058566
1.09837897909
1.06044140475
1.02266078485
0.984513290505
0.945676787278
0.905923065584
0.864922136473
0.82214670302
0.776846061744
0.727604439897
0.672181355668
0.609837728109
0.540843556836
0.45652841939
2.50787190934
2.49332378627
2.4632075564
2.43802969932
2.41685926256
2.39951693044
2.38559745209
2.3745342887
2.36569557071
2.35842469022
2.35212923776
2.34636753281
2.34113066434
2.33731228519
2.33705780378
2.34346093974
2.35903831679
2.38253998403
2.40614609097
2.41606601301
2.39579707739
2.33602127859
2.24512763849
2.15096367363
2.09492530227
2.11893841292
2.2524087664
2.5014150618
2.84919315238
3.25767958851
3.66999470647
4.02048107765
4.25264575222
4.33890556312
4.29414871012
4.17000319398
4.005544056
3.83262444026
3.6645718696
3.50241051128
3.34332921072
3.18494963509
3.02591531602
2.86558548544
2.70438538483
2.54423996276
2.38896913862
2.24388971943
2.11175521125
1.99613879644
1.90011700997
1.82102049599
1.75405547826
1.69303451449
1.63986078963
1.5947459693
1.5507155952
1.50532056722
1.45782308886
1.40866756006
1.35911291682
1.31064138011
1.26423757207
1.2197400757
1.17743607823
1.13772819189
1.09966841906
1.06226824765
1.02484363225
0.986921065345
0.948210675806
0.908513895535
0.867529972527
0.824765431688
0.779492995226
0.730280832073
0.674776920408
0.612265970562
0.543268483386
0.45884958335
2.56864495561
2.55454647842
2.5243977916
2.4988635978
2.4766432755
2.45720420599
2.43976790154
2.42338317692
2.40706654393
2.38994629299
2.37141626078
2.35131181665
2.33016460979
2.30957359323
2.29260767101
2.28368203073
2.28743969891
2.30578639027
2.33435364487
2.35976079576
2.36509138184
2.33470603446
2.26940500589
2.18887884215
2.13201505929
2.14231735194
2.25295990788
2.47575417739
2.79966049349
3.19234946691
3.60186255379
3.96405454065
4.21918317112
4.33206204479
4.3058507849
4.19389608518
4.03340210096
3.8590536082
3.68766238792
3.52200266524
3.35924492728
3.19626443883
3.03109922182
2.86298012893
2.69281029368
2.52347575696
2.35974506484
2.20784349063
2.07079885247
1.95226860143
1.85530655382
1.77677153145
1.7111494752
1.65219933129
1.6023544318
1.56118074823
1.52146107876
1.48061490917
1.43771896466
1.39300980656
1.34755585255
1.30270331943
1.25922698567
1.21706197396
1.17654055738
1.13799648598
1.10070746851
1.06383386064
1.02676609112
0.98907885764
0.950512793562
0.910896491213
0.869953985241
0.827223346225
0.781994929666
0.732823457852
0.677253174912
0.614586347227
0.545598464639
0.461089006651
2.62080272852
2.60581685857
2.57448923269
2.54775485553
2.52408886789
2.50271890014
2.48259532124
2.46246557914
2.44100953557
2.41708105931
2.38992827094
2.35944334014
2.32644137245
2.2929704618
2.26265405201
2.24064522376
2.23276338292
2.2429960861
2.2701186934
2.30356626196
2.32623751476
2.31846139888
2.27568995356
2.21126249994
2.15942127646
2.16324193033
2.2586743487
2.46153879437
2.7649432761
3.14124923023
3.54354979263
3.9108991711
4.18260271489
4.31846060449
4.31116595134
4.21136101502
4.05684284974
3.88312723787
3.70973902442
3.54120593659
3.37481458091
3.20678500777
3.03468842687
2.85780222797
2.67780446208
2.49870332786
2.32631758651
2.1677444058
2.02620087305
1.90532335133
1.80804097428
1.73067924129
1.66694311679
1.61057389421
1.564607354
1.52770467067
1.49249836133
1.4562871882
1.41798636318
1.3776674768
1.33618111879
1.29481291136
1.25415370405
1.21417211271
1.1753860109
1.13799930515
1.10147769551
1.065131263
1.02842805983
0.990990287648
0.952587922892
0.913075246712
0.872197294159
0.829521898193
0.784351265377
0.735231735285
0.679610145302
0.616798643551
0.547835984988
0.463247502354
2.66908192194
2.64908256588
2.61570918098
2.5870367475
2.56145145564
2.53805460875
2.51561246884
2.49262598503
2.46750075535
2.43878711697
2.4054894635
2.36740409491
2.3254606549
2.28203207351
2.24118007674
2.20859849815
2.19085728394
2.19321300507
2.21659112767
2.25312793723
2.28718118388
2.29742501288
2.27372443487
2.22438991669
2.1795736388
2.18122161554
2.26681450883
2.4549927292
2.74168227445
3.10263624484
3.49530517686
3.86274058966
4.14516864611
4.29916461055
4.31086896115
4.22320497305
4.07597742628
3.90472505843
3.73068992071
3.55987406794
3.38977134928
3.21609846565
3.03619242116
2.8495769658
2.65899665265
2.46972191614
2.28865360245
2.12367858012
1.97812684486
1.85551063031
1.75853455581
1.68294096711
1.62163184288
1.56831003708
1.52668167267
1.49438931203
1.4638690524
1.4323474631
1.3986135576
1.3625958341
1.32496384392
1.28690186469
1.24896066656
1.21111185381
1.17397146398
1.13771822062
1.10196638015
1.06615615105
1.02983087399
0.992659585501
0.954441048028
0.915054297336
0.874262998247
0.831661443183
0.786560959121
0.737504004447
0.681846970486
0.618902315903
0.549983680693
0.465325212875
2.7207576446
2.68566394589
2.64969857677
2.61857693482
2.59067628792
2.56506327945
2.54042398374
2.51508598733
2.48721462799
2.45506746133
2.41734842669
2.37363652215
2.32482434027
2.27349508311
2.22411004979
2.18285163561
2.15690403978
2.15250908147
2.17196804866
2.20950652064
2.25107100814
2.27536586317
2.26818132677
2.23297195272
2.1957849641
2.19735565243
2.27639654583
2.45369955713
2.72704149703
3.07437085142
3.45650528264
3.82044941792
4.10865767289
4.27604008732
4.30535420617
4.23016774927
4.09119060261
3.92388767719
3.75040921044
3.57780049759
3.40378528255
3.22376168721
3.0351548895
2.8379054221
2.63613907661
2.43645785602
2.24682045996
2.07579137959
1.92676335315
1.8030284532
1.70697112111
1.63372909749
1.57535925739
1.52563573648
1.48862832249
1.46129259267
1.4356033455
1.4088030897
1.37959096771
1.34775326034
1.31387427029
1.27898756985
1.24360428435
1.20784630369
1.17228531434
1.13714595544
1.10216857061
1.06690783064
1.03097746684
0.994091603611
0.956077645588
0.916838030762
0.876155364613
0.833643229451
0.788623296715
0.739636502573
0.683960699116
0.620896775999
0.552044743947
0.467320671128
2.77177572985
2.71643661405
2.67759278619
2.64373933307
2.61328906717
2.58533310551
2.55852947835
2.53111581209
2.50107238009
2.46637991318
2.42542106046
2.37748414142
2.3233068894
2.26555623404
2.20904335637
2.1604538922
2.12756523849
2.11745643076
2.1335090285
2.17167757816
2.21880180727
2.25437831982
2.26152144102
2.23935365787
2.2100242726
2.21275485071
2.28727626981
2.45629006005
2.71890283774
3.0543738518
3.42603132528
3.78421043884
4.07424530759
4.25104107782
4.29540731805
4.23282461439
4.10294271954
3.94075905645
3.76880459303
3.5947334402
3.41649143151
3.2293382874
3.03112700348
2.82250207996
2.60911398805
2.39895068635
2.20096173487
2.02426700026
1.8722994604
1.74805138171
1.65350095592
1.58317683562
1.52820309711
1.48273955754
1.45053660018
1.42843076768
1.4077161201
1.38565943655
1.3609046141
1.3331435345
1.30287776896
1.27101876559
1.23807197519
1.20434792175
1.17032052454
1.13628089051
1.10208471562
1.0673889081
1.03187231759
0.995291736097
0.957503014417
0.918430704614
0.877877899724
0.835469274958
0.790539685659
0.741626129768
0.68594767255
0.622781531464
0.554023417226
0.469227004192
2.81468740161
2.74203005246
2.70019600356
2.66350272103
2.63042155594
2.60009629152
2.57118837793
2.54189240307
2.51005782189
2.47340575511
2.42999363692
2.37878203653
2.32027724503
2.25713178258
2.19444484914
2.13943836761
2.10051235789
2.08553630833
2.09883059646
2.13776153498
2.18997271261
2.23546554299
2.25537724445
2.24518825161
2.22358393376
2.2281769332
2.29950428104
2.46208590197
2.71596551074
3.04103457957
3.40249888459
3.75357048149
4.04257103749
4.2256066997
4.28219591563
4.23169124535
4.11169110787
3.95552301864
3.78578761158
3.61038962447
3.42748486269
3.23252040092
3.02381464694
2.8032168448
2.5779282077
2.3573343849
2.15127438198
1.96930643271
1.8149149237
1.69073738347
1.59825994239
1.5313920312
1.48024329622
1.4397014309
1.41267411649
1.39575574003
1.38020289182
1.36291402612
1.34254217806
1.31874368967
1.29195158713
1.26299313148
1.23239079731
1.20061238693
1.16807562833
1.13512534812
1.10171864095
1.06760417221
1.0325208225
0.996265455796
0.958722045818
0.919836023147
0.879432736447
0.837141116643
0.792311620977
0.743469386013
0.687803907422
0.624556212261
0.555928204638
0.471039703187
2.84972761574
2.76291591235
2.71807283797
2.6785289256
2.64284275219
2.61023040915
2.57935090661
2.54837194455
2.51506090682
2.47689696051
2.43159812397
2.37776792231
2.31561405444
2.24769908608
2.1793644515
2.11841701909
2.07403036811
2.0548721952
2.06612287258
2.10620428683
2.16357396588
2.21831735262
2.25000926191
2.25129651272
2.23737511642
2.2442250199
2.31315259936
2.47055862655
2.71727320969
3.033156463
3.38475350983
3.72799245317
4.01393493581
4.20068157277
4.26704587556
4.22747144358
4.11783758354
3.96836027023
3.80127851573
3.62453576473
3.436365648
3.23293390277
3.01304623339
2.78002785574
2.54269107633
2.31180850942
2.0979794794
1.91110240711
1.75477459036
1.63124117468
1.54138933168
1.47847625792
1.431611274
1.39646296357
1.37528702409
1.36332604527
1.35300573542
1.34055523585
1.32449169957
1.30452900526
1.28106754968
1.25487565402
1.22656313136
1.196639135
1.1655517174
1.13368231235
1.10107405123
1.06755749868
1.03292667415
0.997016007982
0.959737226523
0.921055800978
0.880819370816
0.838658320478
0.793939206079
0.745160602007
0.689524068814
0.626219063112
0.557753257136
0.472766836895
2.87744118208
2.77970246613
2.73185531963
2.68944942876
2.65117293533
2.61638020874
2.58370135151
2.55126031725
2.51677747819
2.47751032327
2.43078459129
2.3747961567
2.30938889882
2.23700692353
2.16321090617
2.09635934927
2.04657746513
2.02339412169
2.03301705307
2.0747817901
2.13795829666
2.20249164193
2.24602648644
2.25845509383
2.25208651009
2.26145526437
2.32840121704
2.48126878059
2.7220358035
3.03003743176
3.37202386508
3.70675630994
3.98809511955
4.17662610986
4.25081863749
4.22087154659
4.12162873006
3.97928561458
3.81506720187
3.63679833835
3.44286896797
3.23023693436
2.9987214052
2.75300028784
2.50358449406
2.26262886822
2.04131930885
1.84983246039
1.69203226359
1.56973272382
1.48306270857
1.42455046812
1.38244802464
1.3530895427
1.33835587516
1.33147527735
1.32614357743
1.31854037911
1.30673876316
1.29048294613
1.27021932788
1.24665827917
1.22056459223
1.19242518662
1.16274846905
1.13195139641
1.10014972494
1.06724644507
1.03308604358
0.997538217603
0.960542158656
0.922083581375
0.882029833761
0.840013009022
0.795413621004
0.746696211853
0.691109890568
0.627764524173
0.559497432768
0.4744058733
2.89859644022
2.79254376746
2.74178596123
2.69659934004
2.6558330252
2.61905379628
2.58483979799
2.55136049743
2.51624966053
2.47651907405
2.42906502856
2.37150123959
2.30307398409
2.22610740972
2.14641567242
2.07299479049
2.01730426375
1.98990156942
1.99813107527
2.04213519274
2.11196455204
2.18700383288
2.24326792798
2.26765503392
2.2692202395
2.28149056501
2.34690331625
2.49584707057
2.73164525757
3.03342035556
3.36682847461
3.69300568727
3.96860622666
4.15725707882
4.23742100303
4.21567151314
4.12556588517
3.9900499485
3.82830605414
3.64771596051
3.44731623044
3.22439076933
2.98066321021
2.72181640745
2.46017442217
2.20933779899
1.98078616875
1.78481156698
1.62588569686
1.50544013217
1.42257818397
1.36896586563
1.33223899766
1.30923743721
1.3010879558
1.29972104117
1.29921656613
1.2962511538
1.28856335041
1.27587450322
1.25866267041
1.23765532427
1.21366178064
1.18724617566
1.15895635552
1.12924216679
1.09828098643
1.06603939008
1.03240788269
0.997289084383
0.960648952965
0.922492762301
0.882704246745
0.840916351977
0.796534546189
0.748096099106
0.692641813824
0.62916811576
0.561146584752
0.475953744986
2.90193399758
2.79515303745
2.74456108651
2.69953789668
2.65912725587
2.62334451392
2.59099372305
2.5598224834
2.52715641126
2.48955625598
2.44331958508
2.38502614089
2.31286507741
2.22885472112
2.13935879292
2.05448963806
1.98899642602
1.95548019568
1.96466470637
2.01769726491
2.10575970667
2.20617242565
2.29084971227
2.3415113615
2.36364555071
2.3914230812
2.47140128033
2.63939777942
2.9014024557
3.23515934621
3.60177576097
3.95892245324
4.26214055985
4.47493157317
4.57396810204
4.56414876984
4.47864440696
4.34085725711
4.16914594146
3.97036806603
3.74400695655
3.48860058336
3.207402977
2.90818587517
2.60549507705
2.3157034108
2.0532161923
1.82965822351
1.64937348359
1.51427601842
1.42336093248
1.36534845627
1.32659231142
1.30568924001
1.30197343012
1.30525787177
1.30929300759
1.31043380916
1.30614668751
1.29616826301
1.2809069781
1.26117340495
1.23777891275
1.21140827238
1.18269841276
1.15215696508
1.12003164151
1.08635695836
1.05108041894
1.01415856336
0.975615080674
0.935514417409
0.893796948591
0.850137893142
0.803994729223
0.753997750803
0.696745522189
0.631386222582
0.562392350501
0.475973832525
0.648055723127
0.647748727716
0.647290726681
0.646716834962
0.646015650467
0.645175183012
0.644165243946
0.642952125725
0.641537675849
0.639981469779
0.638416765956
0.637071962467
0.636289468661
0.63655959539
0.638553809071
0.643195610196
0.651743686191
0.6660918807
0.688468688119
0.72179242434
0.648547134323
0.648386060433
0.648142179765
0.647865554912
0.6475521419
0.647197701356
0.646793182147
0.646327949978
0.645821359241
0.645348403678
0.645058819139
0.645198371026
0.646104389211
0.648252192964
0.652246694424
0.65885626731
0.669007128144
0.683904543712
0.704688972175
0.733338987773
0.649149540772
0.649044746536
0.648920270184
0.648839058871
0.648807706438
0.64882420102
0.648887130984
0.648998982095
0.649189331827
0.649521864981
0.650148315052
0.651300277472
0.653287489885
0.65650069068
0.661422984207
0.668622249029
0.67872452832
0.692430107909
0.710351438338
0.732439164816
0.649843156633
0.649731598186
0.649641200775
0.649667312782
0.649815161908
0.650084791029
0.650478039426
0.6509953511
0.651671467318
0.652574839491
0.653820877375
0.655592744687
0.658157763572
0.661831210529
0.66697419371
0.673977118245
0.683224440521
0.695047810513
0.709609280131
0.725800712812
0.650601736839
0.650406946348
0.65027274868
0.650301081293
0.650530601525
0.650952753454
0.651553081103
0.652333932386
0.653303188402
0.654526910093
0.65610548388
0.658185467293
0.660967485405
0.664690844171
0.669613718891
0.675989762745
0.684031177116
0.693860586568
0.705457002925
0.717320332907
0.65142652623
0.651094407577
0.650864013051
0.650839612442
0.65104313935
0.651481374764
0.65214546964
0.653027217773
0.654132313066
0.655496367564
0.657194958821
0.659340587172
0.662081434825
0.66558991647
0.670043323347
0.675599635568
0.682366290875
0.690364424149
0.699510328001
0.708039077762
0.652272368502
0.651757400731
0.651343719755
0.651177072448
0.651287511981
0.651667483195
0.65230070762
0.653171578269
0.654275572644
0.655631185556
0.657288498697
0.659328344777
0.661856991874
0.66499503791
0.668860464165
0.673547769999
0.679103990621
0.685503680166
0.692650144559
0.698578262902
0.653121047921
0.652378704794
0.651744857645
0.651380151732
0.65132213602
0.651561708254
0.652076851055
0.652843418214
0.653845124331
0.655084148379
0.656588301562
0.658411152559
0.660625967989
0.663314970366
0.666554871845
0.670400028192
0.674864684507
0.679906177081
0.685437960333
0.689331582929
0.653954653904
0.652960458267
0.652070822598
0.651465262621
0.651185900984
0.651222486689
0.651549873856
0.652138074308
0.652961163265
0.654007126998
0.655284783988
0.656824731663
0.658674222713
0.660887581549
0.663513788987
0.666582792695
0.670092234387
0.673995965432
0.678224609812
0.680509774844
0.65473941392
0.653480459258
0.652314655426
0.651441102142
0.650906897125
0.65069988314
0.650792024918
0.65114957674
0.651740322405
0.652541971223
0.65354864774
0.654772587888
0.656240548907
0.657986112739
0.660039335756
0.662415448017
0.665104356267
0.668061366993
0.671232069746
0.672234773117
0.655447163891
0.653923605548
0.652471457308
0.651314349587
0.650505402558
0.650031337586
0.649861327057
0.649958398157
0.650285955044
0.650814802125
0.651528745126
0.652426367141
0.653518655375
0.654823662314
0.656358427254
0.658129629723
0.660124625223
0.662302660279
0.664616692325
0.664578275135
0.656050753924
0.654273429354
0.652534373986
0.651088867006
0.649997448407
0.649246717566
0.648803977581
0.648629634352
0.648683656704
0.648931799724
0.649350525672
0.649928563527
0.650664869259
0.65156604864
0.652641200033
0.653894284639
0.655313040993
0.656868211037
0.65851644291
0.657640442176
0.656518511778
0.654504422676
0.652490134455
0.650763157309
0.649393860085
0.648369591519
0.647656994082
0.647215053306
0.64700142846
0.646978210794
0.647116506898
0.647397909921
0.647810548941
0.648349201638
0.649016637219
0.649834828752
0.650796797904
0.651849877089
0.652948652462
0.65145262962
0.65681915137
0.654590019818
0.65232125049
0.650330481738
0.648699243251
0.647416585186
0.646449270792
0.645755909448
0.645293080924
0.645020669321
0.644906493956
0.644929848962
0.645065288312
0.645285050558
0.645597206653
0.646058224565
0.646658004028
0.647296228959
0.647942062459
0.646004287231
0.656922449227
0.654505859052
0.652009083913
0.649780210502
0.647912282088
0.646396856038
0.645201122256
0.644283629908
0.643600474295
0.643110270157
0.642778755234
0.642584373205
0.64249214826
0.642456715476
0.64249548303
0.642666857535
0.642947677513
0.643249352302
0.643551637306
0.641302415401
0.656796821329
0.654227898005
0.651533799225
0.649098055534
0.647026666905
0.645313654393
0.643926057412
0.642821896461
0.64195665679
0.641287841364
0.640778823164
0.640402386151
0.640125993639
0.639913539763
0.639770009086
0.639718151762
0.63973762536
0.639785259973
0.639835120063
0.637380703257
0.656413392717
0.653732817677
0.650871500195
0.648264662525
0.646031742602
0.64416620653
0.642632661291
0.641387636352
0.640385979816
0.639584524993
0.638944784273
0.638434133067
0.638023742887
0.637690178661
0.637422453103
0.637216008873
0.637059017355
0.636932563567
0.636809521937
0.63423952461
0.655756760719
0.652986530179
0.649980975598
0.647250609891
0.644916146457
0.642960781422
0.641342166533
0.64001416585
0.638931445741
0.638051281102
0.637334935764
0.636748396255
0.636262451411
0.635854108334
0.635506834434
0.635207154509
0.634942892584
0.634705880885
0.634501986034
0.631943806291
0.65482009273
0.651906365995
0.648788207492
0.646008318813
0.643650427326
0.641677651836
0.640040131565
0.638690875676
0.637586277784
0.636685534452
0.635950820388
0.635347801279
0.634846149947
0.634420074111
0.634047910742
0.633710664598
0.633391784911
0.633081946832
0.632857880941
0.630442254972
0.653412028706
0.650401256265
0.647325211695
0.644643808155
0.642377473373
0.64047551887
0.638889637387
0.637578515353
0.636504577287
0.635631981453
0.634926172153
0.634354245024
0.633885527704
0.633491860702
0.633147076075
0.632825801759
0.632502708472
0.632159422187
0.631939812787
0.629766175885
1.39016301611
1.4317732978
1.48203106691
1.5399693008
1.59793098122
1.65061091229
1.69433771632
1.72681826322
1.74820315563
1.75971294659
1.76223171088
1.75706934352
1.74559831864
1.73046942427
1.71324648713
1.69449167641
1.67442678648
1.65780170132
1.65173376383
1.64382611562
1.41810277433
1.449157063
1.48340939965
1.51931332841
1.55504212125
1.58818670925
1.61697454841
1.64014870321
1.65717695717
1.6682278861
1.67377124007
1.67447747937
1.67125105873
1.66504336229
1.65699701194
1.64799249706
1.63905942766
1.63150729484
1.6262329229
1.61400923029
1.42390712448
1.4447403371
1.46888026403
1.49342804176
1.51767436791
1.54045135303
1.56077361782
1.57791786737
1.59147660327
1.60138356017
1.60784649541
1.61126882645
1.61214548509
1.61105740751
1.60868576049
1.60560190766
1.60223345518
1.59882052938
1.5952867164
1.58278873442
1.4181741417
1.43167633738
1.4491328169
1.4667127067
1.48392263201
1.50022324519
1.51510891315
1.52818970366
1.53921570224
1.54808223846
1.55483157735
1.55959700618
1.56253440727
1.56395177829
1.56424123609
1.56357986507
1.5620318183
1.55961188069
1.55624524946
1.54303319282
1.40869333031
1.416812628
1.42968025942
1.44256975996
1.45507267801
1.46697306472
1.47799719362
1.48791747348
1.49656867214
1.50386661558
1.50979288865
1.51432479512
1.51751441415
1.51960506692
1.52079941501
1.52113946325
1.52059406077
1.51909187529
1.5166879809
1.50452182755
1.39700096216
1.40099594166
1.41063840829
1.42020722355
1.42950487944
1.43837299158
1.44665218171
1.45420613077
1.46092078775
1.46671826207
1.47153842929
1.47533252431
1.47819087875
1.48027026795
1.48159569976
1.48216229852
1.48183444356
1.4804584976
1.4781796856
1.46606892448
1.38420760533
1.38491642761
1.39229744882
1.39950497127
1.40649864257
1.41315967464
1.41941126268
1.42519253921
1.43035154509
1.43475198065
1.43840231343
1.44136970542
1.443730158
1.44551440042
1.44668246318
1.4471299317
1.44664875024
1.44524555528
1.44314357301
1.43138322366
1.37110427842
1.36924516718
1.37481604202
1.38023913674
1.38548013287
1.39046521799
1.39518303541
1.39959147019
1.40344613745
1.40661578142
1.40925302378
1.41148700121
1.41332266956
1.41471620762
1.4155966077
1.41572448038
1.41490097857
1.41332558357
1.41118269215
1.39951569786
1.35807962494
1.35413776179
1.35834364789
1.3623986658
1.36630375668
1.37001198648
1.37351747646
1.37675455413
1.37952277857
1.38177777061
1.38364638048
1.38523489912
1.38657783654
1.38758710002
1.38806991704
1.38776639642
1.38666843565
1.38498964348
1.38278890528
1.37129292152
1.34556749668
1.33991456045
1.34304009812
1.34598300518
1.34883892692
1.3515650687
1.35406378559
1.35626730058
1.35818823857
1.35982988469
1.36112710337
1.36216847736
1.36309079918
1.36374170879
1.36376809221
1.36301842975
1.36171704674
1.35995287293
1.3576303531
1.34624552167
1.33370463116
1.32669905768
1.32896879624
1.3310330383
1.33304653845
1.33496502956
1.33663986675
1.33803805226
1.33931364449
1.34048270275
1.34137226742
1.34204493704
1.34261423024
1.34282706079
1.34237074068
1.34131929623
1.33991876527
1.33807839054
1.33569235333
1.32449862309
1.3225572572
1.31444437357
1.31605213996
1.31748478334
1.31884233493
1.32008829667
1.32114726579
1.32204214946
1.32288032859
1.32364919847
1.32422680184
1.32464304509
1.32484926772
1.32455284725
1.32368277035
1.32248001835
1.3210311676
1.3192000296
1.31743064015
1.30609287316
1.31232657034
1.3033299307
1.30441111748
1.30534929007
1.30619688115
1.3069358211
1.30758274083
1.3081960554
1.30876964258
1.30923309681
1.30954731643
1.30968221232
1.30947554313
1.30876269926
1.30767678597
1.30641968521
1.3053484639
1.30387226903
1.30257473879
1.2909943091
1.30315757018
1.29349937505
1.29415241575
1.29467176697
1.29511648153
1.29552389986
1.29596728471
1.29645672974
1.29687522289
1.29710457797
1.29715432823
1.2969650185
1.29638590044
1.29549127983
1.29469724939
1.29377638242
1.29293185136
1.29158978767
1.29001282143
1.27849256278
1.2950645305
1.28492833752
1.28523870723
1.28546087122
1.28567205051
1.28591231391
1.28628605861
1.28673788391
1.2870378107
1.28705398552
1.28682570705
1.28657913931
1.28598881096
1.28525192738
1.28473382723
1.28401411024
1.28282849556
1.281218839
1.27946719134
1.26812579917
1.28813137701
1.27769526005
1.27776103549
1.27785684559
1.27811175675
1.27838292456
1.27866334856
1.27903904479
1.27934449779
1.27934248479
1.27904632226
1.27871348949
1.27817046059
1.27759129256
1.27693583733
1.27592390799
1.27445721927
1.27268354347
1.2708252316
1.25974571364
1.28240600758
1.27191996194
1.27192356382
1.27199774371
1.27242257898
1.27291236505
1.27324601704
1.27355016498
1.27377500631
1.2736890264
1.2733045634
1.27268337119
1.27202301355
1.27143525656
1.27062275625
1.26933863963
1.26769974503
1.26585406345
1.26396324973
1.25323888121
1.2781961675
1.26791046187
1.26808983148
1.26832762029
1.26876349563
1.26925519216
1.26962304353
1.26980493796
1.26970938862
1.26930749646
1.26868666641
1.26796841992
1.26732161128
1.26666565834
1.2656317201
1.26415136938
1.2624216299
1.26054067322
1.25863449082
1.24826973437
1.27546045583
1.26549864216
1.26587154662
1.26622863314
1.26654578187
1.26683014026
1.26703771223
1.26700772307
1.266637259
1.26602264526
1.26532812536
1.26470580299
1.26411827232
1.26327113646
1.26200388278
1.26043289209
1.25870239033
1.25685588967
1.25501070772
1.24509190469
1.27420042612
1.26449186027
1.26482121495
1.26503818444
1.26520624997
1.26534006058
1.26539620613
1.26518481089
1.26463144151
1.26388055073
1.26318456414
1.26267062013
1.26201387162
1.26091477349
1.25947613877
1.25785856789
1.25612206353
1.25426972116
1.25241464784
1.24278257408
3.41466246768
3.30804474283
3.29248857418
3.27751109079
3.26313201224
3.24997816495
3.23713250606
3.22502027331
3.21385722542
3.2051183249
3.19916054453
3.19573469187
3.19505344759
3.19715662795
3.20194583241
3.20904036423
3.21801981102
3.2279109767
3.23993527352
3.25265963033
3.2651135451
3.27664296696
3.28669013154
3.30147206798
3.31559390567
3.32801166424
3.33825661194
3.34582857827
3.35024168686
3.35102907911
3.34759867836
3.33958585793
3.32676555453
3.30896957925
3.28618207635
3.25854044307
3.22630752142
3.18985981788
3.1496907887
3.10637088948
3.06046701412
3.01252027348
2.9630777757
2.91271530265
2.86201896852
2.8115497909
2.76182123164
2.7132876308
2.66633623987
2.62126817968
2.57826777067
2.53743947
2.49891779863
2.46283503165
2.42915755179
2.39783781138
2.36876378857
2.34186411487
2.31703553296
2.29415916736
2.27311373162
2.25378391889
2.23605238044
2.21979246858
2.20486974454
2.19114888018
2.17849997799
2.16681224646
2.15557817244
2.14016531515
3.26186343724
3.21881591935
3.21276345457
3.20542482056
3.19796806417
3.19052978742
3.18323006126
3.17664013335
3.17202875821
3.16916610101
3.16764432373
3.16746393446
3.16858217438
3.17092931194
3.17450148791
3.17917854727
3.18497154876
3.19131182813
3.1994513477
3.208169554
3.21682216665
3.22500911887
3.23231745195
3.23832909291
3.24261979766
3.24478531719
3.24448283205
3.2414445439
3.23546137862
3.22641514536
3.21429061843
3.19911769224
3.18098628107
3.16003195951
3.13641181367
3.11028239974
3.08181075811
3.05119331424
3.01865201813
2.98442608527
2.94877281792
2.91197224063
2.87432771345
2.83614854573
2.79773395596
2.75937112969
2.72132990342
2.68385544985
2.64716294059
2.61143484696
2.57682582338
2.54345901519
2.51141008037
2.48071771527
2.45140542332
2.42347869366
2.3969067963
2.37170161932
2.34780578284
2.32516586392
2.30372787687
2.2834387864
2.264240694
2.24607426976
2.22888334221
2.21261187272
2.19720223286
2.18259454537
2.17052347252
2.15873283726
3.20043934027
3.16046486559
3.15786018359
3.15448055334
3.15047722366
3.14610376315
3.14141704858
3.13792738633
3.13545221183
3.13336234129
3.13122178417
3.12910961126
3.12708894244
3.12520120947
3.12346057589
3.12185079548
3.12032117906
3.11878035532
3.11710452088
3.11518897437
3.11292472749
3.11015636242
3.10671532691
3.10244698155
3.0972093843
3.09087325185
3.08332049821
3.0744436966
3.06414631137
3.05234693686
3.03898942815
3.02403649941
3.00746229869
2.9892654664
2.96947634741
2.94815304812
2.92538121601
2.90127000242
2.87594611905
2.84954909015
2.82222112309
2.79411350141
2.76540079946
2.73625538944
2.70682957071
2.67726985077
2.64771919571
2.6183108644
2.58916596777
2.56039206249
2.53208226825
2.50431517377
2.47715601336
2.45065816252
2.4248631278
2.3997999867
2.37548655316
2.35192906141
2.32912107949
2.30704753023
2.28569196587
2.26503653132
2.24505415508
2.22571326384
2.20730840024
2.19250344578
2.17820950926
2.16438225998
2.15281499889
2.14364653033
3.12292740956
3.08128160711
3.07787083971
3.07387031843
3.06957931354
3.06495845899
3.06098333098
3.05886538857
3.05670976076
3.05429236126
3.05165400647
3.04882669444
3.0458323271
3.0426815498
3.03937291349
3.03589229988
3.03220936111
3.02827211225
3.02401729075
3.01940355
3.01438700136
3.00887943672
3.00278093709
2.99600405689
2.98846585701
2.980086903
2.97079435875
2.96052506687
2.94922709768
2.93685787711
2.92339578354
2.90884377949
2.89320971833
2.87650938947
2.8587756416
2.84005355694
2.82039833844
2.79987392178
2.77855159833
2.7565075376
2.73381372355
2.7105527357
2.68683819009
2.6627789866
2.6384578953
2.61395550627
2.58935633615
2.56474206375
2.5401893882
2.51576890993
2.49154437669
2.46757209114
2.44390033342
2.4205689157
2.39760908392
2.37504371327
2.35288738817
2.33114673888
2.30981910198
2.28889326648
2.26937412381
2.25232480937
2.23565456109
2.21932647157
2.20362477996
2.19120425722
2.17894780848
2.16679049951
2.15435007253
2.14256148917
3.05024994317
3.00858606131
3.00571632068
3.00212238033
2.99818430065
2.99448612089
2.99220590743
2.99024135027
2.98785459301
2.98505064544
2.98183542287
2.97821450289
2.97419191889
2.96977099326
2.96494800848
2.95971610613
2.9540637431
2.94796591338
2.94139426018
2.93435303509
2.9268508035
2.91885467288
2.91032166112
2.90122205523
2.89152979748
2.88122194295
2.87027865454
2.85868329738
2.84642230784
2.83348247527
2.81986255411
2.80557659876
2.79063333665
2.77504045682
2.75881577546
2.74198367373
2.7245740939
2.70662191694
2.68816605796
2.66924718518
2.64989820869
2.63016248849
2.61011731587
2.58983271653
2.56934840043
2.54870307456
2.52794235673
2.50711139795
2.48625282189
2.46540583208
2.44460565657
2.42388317523
2.40326463563
2.38277149172
2.36242032612
2.34222283735
2.32480567633
2.3076944118
2.29081749808
2.27416104371
2.25872625901
2.24557329667
2.2326085587
2.21980028675
2.20711118352
2.19449914793
2.18191678853
2.16930833717
2.15634230612
2.14367225092
2.97579586762
2.93369571774
2.93060680199
2.92677039002
2.92278775692
2.92010088439
2.91788126691
2.91525101887
2.91221250183
2.90876813223
2.90492021215
2.90067064999
2.89602082968
2.89096963763
2.88551613648
2.87965915687
2.87339210503
2.86669614336
2.85955401493
2.85198217981
2.84400207702
2.83559550483
2.82673485905
2.81740553639
2.80759639426
2.79729796706
2.78650235192
2.77520337817
2.76339633119
2.75107497194
2.73824311719
2.7249178429
2.71110861374
2.69682157135
2.68207062576
2.66687377217
2.65125209907
2.6352292577
2.61883073956
2.60208177226
2.5849977791
2.56760439403
2.54996237055
2.53212383123
2.51410856964
2.49593588426
2.47763335916
2.45922925613
2.44075058173
2.42222238503
2.40366735343
2.38719605618
2.37092724138
2.35477610467
2.33875034789
2.32285438388
2.30971487378
2.29684841663
2.28418254582
2.27170334057
2.2593860362
2.24720373695
2.23513661411
2.22316354588
2.21125705157
2.19938553319
2.18751310137
2.17559686899
2.16335933952
2.15115993283
2.90871225476
2.86668442355
2.8636504943
2.85996925305
2.85710108439
2.85489957369
2.85229409879
2.84928306089
2.84586558937
2.84204118373
2.8378095989
2.83317068972
2.82812543989
2.82267254172
2.81681325518
2.81054561485
2.80386704201
2.79676616525
2.78923294311
2.78129088493
2.7729696008
2.76426163857
2.75515129135
2.74563576645
2.73571570708
2.72539318031
2.71467128858
2.70355404174
2.69204577552
2.6801479681
2.66787039562
2.65523404829
2.64225059483
2.6289266254
2.61527453281
2.60130896965
2.58704599883
2.57250272446
2.55769674266
2.54264420457
2.52735046862
2.51183049622
2.49613391055
2.48030097648
2.46433923306
2.44827861887
2.43382189094
2.41937130241
2.40494182903
2.39054700926
2.37619873592
2.3640008415
2.35206062717
2.34028526465
2.32867574963
2.31723111073
2.30594850208
2.2948238552
2.28385313473
2.27302849271
2.26233020145
2.25173651702
2.24123593562
2.23081741771
2.22046401903
2.21015583877
2.19987018255
2.18957952808
2.17905942083
2.1683645327
2.84711727451
2.80443025394
2.80140903413
2.79848165576
2.79616527386
2.79348078201
2.79042518873
2.78699785411
2.78319886012
2.77902867752
2.77448807934
2.76957816721
2.76429952018
2.75865363785
2.75264326291
2.74626979679
2.73953244056
2.73242248237
2.72493329705
2.71709028027
2.70892461456
2.70043231308
2.69160162461
2.68243304226
2.67293017607
2.66309776184
2.65294121
2.64246641063
2.63167912315
2.62058187837
2.60918465309
2.597507608
2.58556137263
2.57335116254
2.56088722041
2.54818141311
2.53524645619
2.52209559587
2.50874212267
2.49519755851
2.48146263327
2.46890438098
2.45630191569
2.4436765656
2.43103273441
2.4183973498
2.40746959607
2.39664587358
2.38593639366
2.37535036078
2.36489586136
2.35457984361
2.34440809439
2.33438521011
2.3245145806
2.3147984353
2.30523803244
2.29583427627
2.28658929782
2.27750224331
2.26855967457
2.25974636145
2.25105969277
2.24249886026
2.23405755108
2.22572739705
2.21749857895
2.2093581413
2.20112970217
2.19255120803
2.793673058
2.74955235129
2.74720743903
2.74484318282
2.74216402076
2.73915207632
2.73580444409
2.73212028339
2.72809952394
2.72374259072
2.71905030685
2.71402399135
2.70866491341
2.70297613537
2.69695928773
2.6906167159
2.68394925065
2.67695014183
2.66961474259
2.66196887495
2.65404393946
2.6458382126
2.63734277778
2.62856037654
2.61949670582
2.61015848643
2.60055298913
2.59068780069
2.58057019894
2.57020416759
2.55960045589
2.54877912208
2.53775085108
2.52652088016
2.51509885471
2.50349559672
2.49250742936
2.48169165848
2.47080336344
2.45985274068
2.44884120315
2.43913366928
2.42949983721
2.41995334678
2.41049828962
2.40113860324
2.39188288879
2.38274015998
2.37371900657
2.36482741587
2.35607271552
2.34746155735
2.3389999127
2.33069308593
2.32254574592
2.31456201374
2.3067457076
2.29910106215
2.29163463318
2.28435086027
2.27724136665
2.27029650902
2.26352144654
2.25692447791
2.25050895679
2.24427689307
2.23822998257
2.23236804605
2.22655640072
2.22020453255
2.74615899161
2.7013592223
2.69940600363
2.69669605013
2.69370647859
2.69042108742
2.68683798933
2.68295716484
2.67877928989
2.67430549841
2.66953733372
2.66447678303
2.65912623632
2.65348861526
2.64756679346
2.64136374224
2.6348812382
2.62811388269
2.62105820847
2.61373944628
2.60618805497
2.59840325777
2.59037749498
2.58211415863
2.57361935592
2.56490007184
2.55596371421
2.54681788502
2.53746978705
2.52792340334
2.5181889112
2.50840332741
2.49918027721
2.48986638235
2.48047095492
2.47100412916
2.46226062869
2.45379733945
2.44536856919
2.43698396078
2.42864674744
2.42036404977
2.41216061774
2.40405646755
2.39605510672
2.38816017257
2.38037958746
2.37272178911
2.36519502578
2.35780721998
2.35056594263
2.34347842093
2.33655155641
2.32979195659
2.32320598033
2.31679983386
2.31057982619
2.30455313275
2.2987299193
2.29311866295
2.2877145255
2.28251153125
2.27752000664
2.27275418178
2.26822360103
2.26393705119
2.25990339275
2.25613065866
2.25251835283
2.24813358277
2.70426820498
2.65984752462
2.65762336651
2.6546727002
2.65147708759
2.64802178078
2.64430556431
2.64032884354
2.63609266529
2.63159851042
2.6268482842
2.62184420281
2.61658893765
2.61108548557
2.60533739635
2.59934796441
2.59311922078
2.58664664585
2.57992757589
2.57298625629
2.5658518174
2.55852404304
2.55099637365
2.54327253974
2.53535879172
2.52726217726
2.518990113
2.51061112528
2.50267325283
2.4946340682
2.48650377544
2.4784177957
2.47098885664
2.46356546113
2.45615690365
2.44877301184
2.44142368595
2.43411876092
2.42686786276
2.41967968154
2.41255720754
2.40550679724
2.39855033435
2.39170559123
2.38497597688
2.37836517862
2.37188069603
2.36553053417
2.3593226311
2.35326476686
2.34736455885
2.3416294821
2.33606689575
2.33068408067
2.32548828927
2.32048684458
2.31568740146
2.31109874531
2.30673309298
2.30260118114
2.29869983203
2.29502465653
2.29158862689
2.28840910459
2.28549868133
2.28286925866
2.28053378488
2.27850211163
2.27670175367
2.27385051559
2.66749614487
2.62369281688
2.62126651003
2.61814596392
2.61481318505
2.61125477783
2.60747018224
2.60346028098
2.59922654787
2.59477084301
2.59009544987
2.58520237878
2.58009527101
2.57477758274
2.56925278343
2.56352438376
2.55759481534
2.5514602092
2.54511834404
2.53859233235
2.53190989309
2.5250711104
2.51807008072
2.51091055899
2.50383723354
2.4969337075
2.48993844217
2.48292014192
2.476426059
2.46991580658
2.4633992321
2.4568919684
2.45040350604
2.44393962282
2.43750868279
2.4311195319
2.42478107315
2.41850215439
2.41229146333
2.40615691658
2.40010139303
2.39413061551
2.38826389177
2.38251702614
2.37689347405
2.37139709039
2.366035074
2.36081508615
2.35574479136
2.35083179765
2.34608366049
2.34150790276
2.33711203756
2.3329036003
2.32889019307
2.32507957851
2.32147993969
2.31810070343
2.31495498643
2.31205445615
2.30939616739
2.3069757528
2.30480691299
2.30290803802
2.30129237373
2.29997249839
2.29896292025
2.2982713315
2.29784055128
2.29603716364
2.63569320232
2.59273649716
2.59019247185
2.58698614227
2.58359635707
2.58001128338
2.57623107443
2.57225708201
2.56809115718
2.56373549509
2.55919266607
2.55446583345
2.54955833736
2.54447301964
2.53921351484
2.53378367401
2.52818620798
2.52241775445
2.51647640697
2.51038409722
2.50416709076
2.49787733283
2.49185863798
2.48575290621
2.47980460607
2.47409749607
2.46837098612
2.46263306665
2.45689136887
2.45115127028
2.44542169583
2.43971684955
2.43404532979
2.42841234511
2.42282546616
2.41729270317
2.41182212674
2.40642177583
2.40109957589
2.39586282857
2.39071438139
2.38565943438
2.38071501268
2.37589517481
2.37120341744
2.3666437043
2.36222287532
2.35794814781
2.35382675645
2.34986591673
2.34607283257
2.34245471508
2.3390188026
2.33577238857
2.33272286035
2.32987778619
2.32724516956
2.32483428977
2.32265827553
2.32072877076
2.31904213493
2.3175929995
2.31639448071
2.31546440987
2.31481490779
2.31445787062
2.31440244335
2.31466147767
2.31519045747
2.31396898297
2.60856710682
2.5666308136
2.56402647503
2.5607925345
2.55740093096
2.55384127968
2.55011433969
2.54622186569
2.54216603517
2.5379493321
2.53357449846
2.52904443347
2.52436241515
2.51953246979
2.51455834263
2.50944369004
2.50419120939
2.49879790722
2.4932621465
2.48761828368
2.48225612004
2.47688111322
2.47183752358
2.46676898754
2.46168229709
2.45658483875
2.45148386246
2.44638635855
2.44129912381
2.43622694062
2.43117786831
2.42616482357
2.42119556751
2.41627474643
2.41140916912
2.40660603443
2.40187259996
2.39721611283
2.39264375521
2.38816221758
2.38377423297
2.37948445705
2.37530785981
2.37125691475
2.36733506642
2.36354626269
2.35989689869
2.35639364607
2.35304317583
2.34985214218
2.34682719407
2.34397499129
2.34130221924
2.33881560989
2.33652197275
2.33442827291
2.33254187948
2.33087142158
2.32942947923
2.3282270792
2.32725927018
2.32651899564
2.32601827372
2.32577391002
2.3257969208
2.32609750793
2.32668309937
2.32755324408
2.32869176373
2.32771566955
2.58582293501
2.54505551035
2.54244763581
2.53924328071
2.53590400388
2.53242072528
2.52879467066
2.52502788338
2.52112274516
2.51708192146
2.51290790421
2.5086045558
2.50417493532
2.49962218972
2.49495012369
2.49016260702
2.48526242767
2.48024684011
2.47519850929
2.47033623854
2.4658039698
2.46125791901
2.45669577695
2.45212222634
2.44754360312
2.44296714419
2.43839961154
2.43384624287
2.42931118232
2.42479884854
2.42031780801
2.41587985249
2.41149192638
2.40715813396
2.40288460837
2.39867784135
2.39454437641
2.390490751
2.38652347638
2.38264869195
2.37886898182
2.37518849042
2.37162042226
2.3681758605
2.36485811856
2.36167104086
2.3586205591
2.35571278848
2.35295381632
2.35034969782
2.3479064671
2.34563015114
2.34352678145
2.34160240914
2.33986312879
2.3383151486
2.33696503301
2.33582056921
2.33489356642
2.33419422571
2.33371610437
2.33345021923
2.33340631974
2.33359749656
2.33403629352
2.33473159656
2.33569398834
2.33692801917
2.33841085655
2.33738890374
2.56715878975
2.52765763821
2.52507788914
2.52193499641
2.51867709052
2.51529626287
2.51179411281
2.50817290935
2.50443521987
2.50058383971
2.49662205984
2.49255298641
2.4883794216
2.48410526784
2.47973419104
2.47526959085
2.47071388541
2.4660641778
2.46166507684
2.45751695733
2.45336141033
2.44919941934
2.44502869546
2.44085333419
2.43667392717
2.43251430074
2.42841976415
2.42438212356
2.42029762257
2.41620249133
2.41218207068
2.40821158187
2.40429351489
2.40043168726
2.39663178262
2.39289977384
2.38924164597
2.38566334786
2.38217078963
2.37876956582
2.3754619998
2.37225172032
2.3691505002
2.36616826912
2.36330810618
2.36057362721
2.35797025239
2.35550350614
2.35317886314
2.35100175805
2.34897759299
2.34711173598
2.34540953372
2.34387632718
2.34251747032
2.34133838986
2.34034482754
2.33954371959
2.33894606483
2.3385610959
2.33838103459
2.3383953989
2.33861392325
2.33905061095
2.33971429686
2.34060935261
2.3417447629
2.3431235639
2.34473520619
2.34345255659
2.55242122662
2.51425871806
2.51174746007
2.50870519296
2.50556454355
2.50231875994
2.49896967956
2.4955196401
2.49197122015
2.48832717999
2.48459041078
2.48076389937
2.47685130664
2.47285585926
2.46878113136
2.4646306326
2.46040680638
2.45611352872
2.45224845962
2.44839940514
2.44454911588
2.44069809737
2.43684354626
2.43298919208
2.42913531165
2.42530189859
2.42152895896
2.41781089208
2.41405748811
2.41030171172
2.40661856352
2.40298549055
2.39940470203
2.39587956579
2.392415302
2.3890174443
2.38569152223
2.38244302332
2.37927738753
2.37619976496
2.37321218411
2.37031775899
2.36752731744
2.36485003592
2.36228879109
2.35984691906
2.357529422
2.35534136627
2.35328771291
2.35137335756
2.34960314749
2.34798193225
2.34651446344
2.34520547757
2.34405969554
2.34308188842
2.34227709197
2.34165152583
2.34121553821
2.34097760639
2.34092827341
2.34105423227
2.34136220343
2.34186380366
2.34257573491
2.34351312428
2.34467106594
2.34603985572
2.34762492568
2.34592596747
2.54094307142
2.50411965071
2.5016831378
2.49874623174
2.49572427749
2.49261128226
2.48940938104
2.4861212409
2.48274980826
2.47929827069
2.4757701293
2.47216897031
2.46849840081
2.46476235922
2.46096471549
2.45710912452
2.45319827176
2.4492364499
2.44560375879
2.44199460131
2.43839251842
2.4347988808
2.43120974006
2.42762817162
2.42406455073
2.4205024085
2.41689942414
2.41327662421
2.40976834074
2.40633900234
2.40290132446
2.39950713356
2.39616440612
2.39287322668
2.38963860545
2.38646713334
2.3833636327
2.3803330791
2.37738045229
2.37451050825
2.37172491365
2.36902639355
2.36642533222
2.36393051856
2.36154477087
2.35927100492
2.35711357054
2.35507702132
2.35316585514
2.35138456378
2.34973754473
2.3482292352
2.34686393116
2.34564588313
2.34457929481
2.34366841186
2.34291771165
2.34233282255
2.34192335727
2.34169716456
2.34164519438
2.34175621209
2.34203788165
2.34250145096
2.34315199367
2.34399622434
2.34503904769
2.34627757812
2.34772145732
2.34549284092
2.53348925625
2.49793090017
2.4955921169
2.49278319474
2.48990359757
2.48694690378
2.48391351399
2.48080405591
2.47761902508
2.47435862566
2.47102461046
2.46762111142
2.46415274199
2.46062428858
2.45704071298
2.45340713887
2.44972812258
2.44600354551
2.44244405117
2.43893558467
2.43543490177
2.43194245738
2.42845344256
2.4249699729
2.42150134527
2.4180323151
2.41452349074
2.41099542321
2.40756908508
2.40421662793
2.40088803028
2.39764359312
2.39441699799
2.39116867784
2.38797734567
2.38487105012
2.38182757345
2.37885147167
2.37594727275
2.37311928793
2.37036859755
2.36769723411
2.36511546377
2.36263398946
2.3602589945
2.35799444851
2.35584073487
2.35379846178
2.35187264518
2.35006888289
2.34839131265
2.34684408526
2.34543126744
2.34415684008
2.34302472983
2.34203889442
2.34120358223
2.34052421594
2.34001005805
2.33966797747
2.33948652256
2.33945111417
2.33956879082
2.33985685695
2.34032851694
2.34098827764
2.34183249469
2.3428556358
2.34407490138
2.34124258847
2.52818354769
2.4936066164
2.49130941619
2.48855239867
2.48572512363
2.48282471647
2.47985579583
2.47682339314
2.4737326379
2.4705890155
2.46739847737
2.46416558003
2.46089256167
2.45758147842
2.45423422606
2.45085249804
2.44743682029
2.44398224696
2.4405515448
2.43712532862
2.43369722463
2.43026712872
2.42683080252
2.4233907677
2.41995067831
2.41651154292
2.41307415603
2.40964724105
2.40622796484
2.40283543993
2.39956415315
2.39645833494
2.39330446148
2.38998818515
2.3867335232
2.38360915107
2.38053978461
2.37752986151
2.37458363592
2.37170486134
2.36889374311
2.36615165913
2.36348945988
2.36092152988
2.35845993851
2.35611066953
2.35386689687
2.35172194138
2.34968232928
2.34775628106
2.3459479253
2.34426136762
2.34270069796
2.34126995843
2.33997313502
2.33881415172
2.33779710861
2.33692709807
2.33621276258
2.33566080821
2.33526190286
2.33500457556
2.33489595025
2.3349472749
2.33516395233
2.33555305236
2.33611911615
2.33685980793
2.33779591221
2.33432217401
2.90266363672
2.81381971647
2.73984070585
2.67001218232
2.60356066543
2.54054802464
2.48089239543
2.42412836357
2.36944690487
2.31568983827
2.26160337888
2.20575921357
2.14712453626
2.08556543932
2.02227133374
1.95948014298
1.90134870504
1.85076088178
1.81090156159
1.78140581329
1.75981554887
1.73929478967
1.71075753904
1.66664723532
1.60551880272
1.53438721871
1.4656525281
1.41081027151
1.37528716397
1.35772106896
1.35257469394
1.35303339985
1.35194676833
1.34232997806
1.31800731701
1.2763282616
1.22014473649
1.15400882872
1.08303472564
1.01173215926
0.943244263738
0.880039273342
0.82435141744
0.778230660569
0.7434056876
0.721901877389
0.714038559769
0.718689235544
0.732769095558
0.753341940667
0.778062915184
0.800984308198
0.818991456374
0.834502233656
0.847375033184
0.855355002392
0.858231896102
0.856293164925
0.84989714266
0.839730302745
0.826495280658
0.810866335377
0.793428796355
0.774662265283
0.754964776144
0.734661203211
0.713992398267
0.693123980967
0.672169993072
0.651216191522
0.630335522624
0.609589628374
0.589001689908
0.568518370841
0.548004971504
0.527166343467
0.505459331815
0.482655930014
0.45950520825
0.43377710803
2.91611344577
2.82975590234
2.74953061068
2.67259755906
2.59825189012
2.52664272169
2.45798340421
2.39242947662
2.32995542597
2.27010367988
2.21211938503
2.15464502309
2.09600276829
2.03468915673
1.97013722461
1.90269304746
1.83557166567
1.77215790499
1.71714016037
1.67308857034
1.64064692723
1.61632156224
1.59226981755
1.55878856829
1.50928813143
1.4455661288
1.37824755207
1.32068811265
1.28145894396
1.26123315852
1.25491511755
1.25514954439
1.25514736574
1.24934223836
1.23347344312
1.20529989345
1.16576379629
1.1165615103
1.05955461827
0.996776455873
0.930679141664
0.864330070877
0.802001409302
0.749005446008
0.709225897715
0.684885564033
0.676541234733
0.683152730581
0.700630062407
0.725114900026
0.752563194266
0.776637992719
0.795708977705
0.813652748318
0.827554829964
0.835803088748
0.83870719206
0.836926237633
0.831126846417
0.82197663018
0.810083305861
0.79598316735
0.780146775053
0.76296986649
0.744775934973
0.725833562234
0.706358287275
0.68651578848
0.666434404023
0.646221740675
0.625972244109
0.605763867675
0.585641362977
0.565575406733
0.545421419911
0.524872222333
0.503591077736
0.481367294893
0.458564418725
0.433470975899
2.88391521323
2.79875198167
2.71567450569
2.6354848591
2.55742241116
2.48146780812
2.40765737219
2.33605845752
2.26672107939
2.19957018226
2.13428565637
2.07016363218
2.00606536413
1.94062176382
1.87272072928
1.802251025
1.73087295613
1.66218009664
1.60107457891
1.55234917354
1.51896417578
1.50021104983
1.49021928153
1.47858556965
1.45422416947
1.41191193655
1.3568494466
1.30210230424
1.26024580808
1.23646700253
1.22817497963
1.22894542187
1.23173568934
1.23124227955
1.22380330088
1.20700277776
1.17932708938
1.14108040067
1.09359310117
1.03853669011
0.977764976274
0.914132107173
0.852650466193
0.796591079519
0.752169303632
0.719546663678
0.703327454271
0.707664361738
0.750539249857
0.78266230825
0.803321106355
0.812837067428
0.814216258199
0.812077382765
0.814574290977
0.821075107117
0.822781642873
0.820308934412
0.814306770326
0.805373024128
0.794025601379
0.780698878262
0.76577115818
0.749576241837
0.732396845117
0.714463489425
0.695962830467
0.677045302604
0.657834046245
0.638437974151
0.618957072099
0.599474377223
0.580034081573
0.560609549085
0.541066532922
0.521124765725
0.500584894495
0.47908321896
0.456815971607
0.43233802363
2.87527775408
2.78767513176
2.70236969645
2.61981023802
2.5392804905
2.46066659053
2.3838573958
2.30875274206
2.23525855812
2.16326212224
2.09257915651
2.02286863681
1.95352527995
1.88365281689
1.81225044796
1.73873251095
1.66371610128
1.58979236381
1.52173770079
1.46576446654
1.42783581854
1.41133438112
1.41451323711
1.42904804881
1.44165320664
1.43973184105
1.41852030324
1.38426627473
1.34982604196
1.32607055832
1.31622470886
1.31712320254
1.32294522595
1.32846927765
1.32886756582
1.3242345466
1.31213352526
1.29086365289
1.26019209901
1.21997865096
1.1695252394
1.10893087258
1.04439427243
0.976937212783
0.917917725194
0.86929419938
0.84770983743
0.878766051811
0.926660882377
0.944759690866
0.940021870111
0.919484644485
0.889973873591
0.855932093938
0.829232391143
0.82634976964
0.822515612466
0.815942877813
0.807049101654
0.79617802429
0.783634428744
0.76968467127
0.754557914782
0.738463152857
0.721593203859
0.704113774755
0.686161396472
0.667848325407
0.649270851544
0.630520621439
0.611686908825
0.59284642529
0.574041486075
0.555245566571
0.536337758152
0.517100304433
0.497335593294
0.476491942062
0.454777034569
0.430934229916
2.87146331968
2.78310415871
2.69729165419
2.61405418165
2.5327634597
2.4533001821
2.37553620241
2.29933421035
2.22454889529
2.15102845288
2.07860470008
2.00707314337
1.93614609189
1.86539050376
1.79420883084
1.72199162872
1.64856547137
1.57491910394
1.5040199458
1.44120148458
1.39361592648
1.36848342579
1.37025477937
1.39736547821
1.44066944888
1.48569005543
1.51870862502
1.53350032501
1.53377880426
1.52929960319
1.52892637026
1.53608453149
1.54910740825
1.56463294672
1.57672675605
1.58425758816
1.58519796437
1.57680527601
1.55740054919
1.52633250246
1.48173760111
1.42225046029
1.35196621591
1.27119252182
1.19190961937
1.11816533701
1.10834521714
1.13784513524
1.13573958153
1.10712508959
1.06374563624
1.01194814787
0.957831765816
0.905153902175
0.856043589016
0.84019714709
0.829370631587
0.817643713896
0.804988884779
0.791372080683
0.776861827418
0.761569481353
0.745602691304
0.729066786068
0.712051936326
0.694643342935
0.676921013441
0.658955107153
0.640808644712
0.622548127935
0.604244251255
0.585959658646
0.567727816472
0.549522485893
0.531232344627
0.512674979891
0.493627466919
0.473472649541
0.452429837515
0.429286308839
2.87821914945
2.79030054179
2.70534865213
2.62291311097
2.54245398838
2.46386820883
2.38704588218
2.31186921595
2.23821139042
2.16593799319
2.09491039847
2.02498807196
1.95602367314
1.88784077254
1.82019701203
1.75276688179
1.68523118331
1.61759298098
1.55078503228
1.48745422902
1.43259387951
1.39335960301
1.3777049982
1.3914729896
1.43494490823
1.50094292207
1.57650675147
1.64801175535
1.70663848003
1.7508832322
1.78478167987
1.81372334822
1.840970566
1.86708149777
1.88970667734
1.90646415306
1.91531523365
1.9136449278
1.89872159646
1.86905432279
1.82234991144
1.7589213311
1.68224723146
1.58989069176
1.48970940957
1.38866106418
1.36730602643
1.34299174098
1.29273917632
1.22519207391
1.15158985186
1.07719220552
1.00646436815
0.941732900893
0.887161487514
0.862710481157
0.843468914221
0.825213026661
0.807597313958
0.790297630024
0.773076530576
0.755821688023
0.738467541503
0.72104200361
0.703527371942
0.685910397109
0.668190867184
0.650379285409
0.632497780853
0.614587779887
0.596701071444
0.578884676012
0.561158562758
0.543491290459
0.525775797592
0.507830751141
0.489414105999
0.470017076455
0.449802663746
0.427422933599
2.90012168014
2.8133662344
2.73011568643
2.64939958268
2.57076878394
2.4941483093
2.41946121887
2.34662928292
2.27557232673
2.20620878417
2.13845689627
2.07223882181
2.00748740048
1.94414871319
1.8821884406
1.82151796214
1.76204498056
1.70364268236
1.64633336907
1.5906779973
1.53840902717
1.49311982452
1.46056953249
1.44795356148
1.46175389109
1.50480625991
1.57432134837
1.66199024247
1.75619228104
1.84667130325
1.92757570634
1.99706655592
2.05590834458
2.10508507147
2.14511215046
2.1744960682
2.19157010468
2.19438459208
2.18061612088
2.14851745248
2.09666135082
2.0248278261
1.9339883808
1.82680123916
1.70906667782
1.58759170477
1.50259536746
1.43462301818
1.35554961171
1.26870326576
1.18162011073
1.09894223833
1.02319004623
0.960199615581
0.913618687338
0.883711100684
0.857235907493
0.833257197325
0.811110619153
0.790302783708
0.770440083798
0.75125329943
0.732505945533
0.714080801848
0.695883341522
0.677841871087
0.659917342801
0.642083210701
0.624324796339
0.606649182852
0.589083283207
0.571658188319
0.554373987465
0.537194934518
0.520013245006
0.50264367583
0.484843608931
0.466274558103
0.446961975449
0.425360916726
2.9332494778
2.84796616371
2.76680408354
2.68822975577
2.61187645892
2.5376942384
2.46563569647
2.39565732012
2.32772074059
2.2617924208
2.19784046569
2.13584355365
2.07579769941
2.01770954631
1.96165236013
1.90765190273
1.85578094718
1.80611389105
1.75867359607
1.71347955227
1.67076145338
1.63124078171
1.59670788025
1.57058140309
1.55774351406
1.56342724585
1.59191560538
1.64473092001
1.71824168421
1.80532570702
1.89824461328
1.98929699245
2.07322686304
2.14641093144
2.2065884952
2.25172705998
2.27986070145
2.28905111498
2.27755511078
2.24400610395
2.18805618455
2.11069410661
2.01419756318
1.90257455584
1.78199071282
1.65905456738
1.53947314809
1.44225169057
1.34819822551
1.25746971763
1.17366749962
1.09829758554
1.0315522396
0.977739727156
0.936392622943
0.900460646473
0.86876852343
0.840379473688
0.814559993047
0.790735482518
0.768446316623
0.747333412557
0.727122285601
0.707620138284
0.688675689841
0.67015469842
0.651957137259
0.634012737339
0.616280927072
0.598743194124
0.581410148335
0.56430215219
0.54739886874
0.530662457313
0.513977352825
0.497170863729
0.480042886604
0.462328339294
0.443901838872
0.423100335351
2.97238998362
2.88844827772
2.80926861526
2.73271715725
2.65849452046
2.58657111308
2.51692025086
2.44951370549
2.3843199328
2.32133565821
2.26059667856
2.20211430829
2.14586624382
2.09188815491
2.04029546051
1.99119007128
1.94468577822
1.90094145195
1.86012379366
1.82234374452
1.78772081893
1.75634060828
1.72832985426
1.70420275313
1.68516265357
1.6731394944
1.671273408
1.68347556989
1.71177221067
1.75573945081
1.81323117171
1.87920727468
1.94819152504
2.01468494161
2.07377384324
2.12128590878
2.15378032193
2.1683830989
2.16315885799
2.13699230169
2.08983380567
2.02298605313
1.93941910975
1.84312855903
1.73844739707
1.63078102887
1.52501899839
1.42407231875
1.32975910312
1.24414022853
1.16832706391
1.10204627245
1.0443145079
0.993922491035
0.949731238039
0.910709307592
0.875957662142
0.844706395724
0.816308188603
0.790227546908
0.766023754464
0.743335794265
0.721869928882
0.701391350034
0.68171047775
0.662669026532
0.644140001085
0.62602614371
0.608265651379
0.590815643901
0.573666988116
0.556826409649
0.540256820634
0.523919004851
0.507696613301
0.491434830977
0.474975652675
0.458056254815
0.440528818117
0.420635649855
3.01275846178
2.92973175458
2.85210227449
2.77709992151
2.70449193686
2.63425281277
2.56634936003
2.50076148016
2.43748396708
2.37649605919
2.31780636237
2.2614770877
2.20753534207
2.15600304874
2.10694319274
2.0604367172
2.01658755452
1.97552885498
1.93742372028
1.90245602475
1.87080923445
1.84262796864
1.81797621413
1.79683182723
1.77912661164
1.76476264453
1.75430304221
1.74919253852
1.75061004064
1.75945114747
1.77656351
1.80123822207
1.83157391787
1.86462452442
1.89682416652
1.92444752244
1.94398719892
1.95231949489
1.94712373328
1.92705077877
1.89172771516
1.84188339319
1.77943884963
1.7071693499
1.62824501767
1.5458040623
1.46290285594
1.38168668332
1.30373270102
1.23064215591
1.16353932553
1.10273936026
1.04797405389
0.998738499362
0.9544712722
0.914590796573
0.878533096091
0.845768574998
0.815814851053
0.788243958519
0.762682413852
0.738806756248
0.716339014304
0.695043893273
0.674723105809
0.655207576048
0.636356562294
0.618059018102
0.600237114721
0.582836625132
0.565832982326
0.549218478509
0.53295101181
0.516978614314
0.501191925314
0.485446728634
0.469602141533
0.453401839573
0.436824939214
0.417983714404
3.0506629542
2.96802687709
2.89141202772
2.81737963632
2.74572830935
2.67645384692
2.60955242361
2.54499863834
2.4827645251
2.42284199069
2.3652312569
2.30994320211
2.2569927274
2.2064047176
2.15821523416
2.11247232239
2.06923655272
2.02858271559
1.99060238042
1.9554056301
1.92311928075
1.89387770514
1.86780068423
1.84495522311
1.8252933963
1.80850010753
1.79446193251
1.7834593696
1.7753596253
1.76996653705
1.76737552554
1.76757638131
1.77022396242
1.77450372292
1.77909647675
1.7822905328
1.7821479434
1.77672686426
1.764334535
1.74373588064
1.71433414962
1.67620097072
1.63001898021
1.5770384221
1.51890083092
1.4572731721
1.39381120427
1.32980657812
1.26638872997
1.2049452296
1.14668506954
1.09222948493
1.04172212197
0.995117498426
0.952261461088
0.912911639228
0.876776715104
0.843541755994
0.812888438594
0.78450920623
0.758116301199
0.733446224984
0.710261312127
0.688349729937
0.667523945701
0.647618749284
0.628491964463
0.610028522096
0.592143512208
0.57477838082
0.557898210322
0.541481357008
0.525488337951
0.509854140198
0.494475485757
0.479218632525
0.463956175196
0.448450195439
0.432862111265
0.415165572406
3.08411611286
3.00134716041
2.92520268572
2.85162294708
2.78043960437
2.71161724494
2.64512634814
2.58094106486
2.51903991382
2.45940648257
2.40202957743
2.34690284718
2.29402575292
2.24340336277
2.19504659952
2.14897248744
2.10520396755
2.06376964136
2.02470352992
1.98804496625
1.95383851486
1.92213312662
1.89297830107
1.86641065789
1.84241015256
1.82073456962
1.80137608204
1.78465442098
1.77030524772
1.75772832828
1.74650832196
1.7362669128
1.72660853873
1.71707709957
1.70711213997
1.6960249381
1.68301508756
1.66722259446
1.64781389599
1.62408086276
1.59554377365
1.56202806202
1.5236761143
1.48094250249
1.43453213501
1.38525290073
1.33392677961
1.28123829208
1.22799617343
1.17532602963
1.12426203224
1.07544677996
1.02919941792
0.985672897398
0.944902111505
0.906848530627
0.871405174974
0.838415381561
0.807694047741
0.779042370855
0.752258542694
0.727145066324
0.703513251675
0.681185889253
0.659998898318
0.639802653655
0.620464461206
0.601872704423
0.583942264269
0.56661382916
0.549847486615
0.533613771754
0.517872802449
0.502557153175
0.487568151058
0.472779086699
0.458082059124
0.443279476054
0.428671480209
0.412154814116
3.11205142862
3.02882165882
2.95280819911
2.87928385113
2.80812354145
2.73928956261
2.6727464705
2.60846222515
2.5464079652
2.4865580769
2.42889064649
2.3733869782
2.32003197937
2.26881394091
2.21972437567
2.1727578429
2.12791151649
2.08518456721
2.04457723669
2.00608963902
1.96972030446
1.93546445144
1.90331143731
1.87323732904
1.84517266357
1.8188496798
1.79429220621
1.77191147035
1.75155900915
1.73274147077
1.71511401916
1.69831784264
1.68195728497
1.66560675772
1.64882026538
1.63113713196
1.61208982395
1.59121604986
1.56808108499
1.54230824903
1.51361757544
1.48186341368
1.44705754172
1.40936899496
1.36913103291
1.32680044402
1.28279369197
1.23738977968
1.19109514201
1.1447972614
1.09935865468
1.05530323179
1.01292247283
0.972423396149
0.933943710005
0.897542496579
0.86321317081
0.830909434951
0.80054547807
0.772009367765
0.745173441125
0.719901551924
0.696054365703
0.67349334358
0.652083897336
0.631698413693
0.612220026023
0.593547259288
0.575600019939
0.558321601188
0.541671768014
0.525617308325
0.510116611952
0.495103996063
0.480485330061
0.466145463633
0.4520014426
0.437896622063
0.424212801211
0.40890425037
3.13453179439
3.05053585013
2.97434851399
2.90058891875
2.82915958942
2.76001786008
2.69312287545
2.62843648381
2.56592306907
2.50554951307
2.44728520989
2.3911018589
2.33697344445
2.28487604081
2.23478752654
2.1866872985
2.14055579964
2.09637394705
2.05412233034
2.0137801819
1.97532403842
1.93872594955
1.90395065195
1.87094791264
1.8396206121
1.80967185335
1.78111416249
1.75437597915
1.72934523222
1.70559135865
1.68287449025
1.66095687998
1.6395686776
1.61840642916
1.59714078468
1.57542784649
1.55292254482
1.52929261567
1.50423449374
1.47748957806
1.4488619887
1.4182357679
1.38558962225
1.35101879156
1.31468589066
1.2768795643
1.23778600361
1.19742468821
1.15616286417
1.1147048875
1.07370078699
1.03357816826
0.994585190707
0.956896389285
0.920662486019
0.885997210204
0.852969093616
0.82158920409
0.79183949366
0.763674055242
0.737024437276
0.71180651988
0.687925813368
0.665281441333
0.643769690011
0.62328771832
0.603738029321
0.585033512105
0.567102858068
0.549892883511
0.533364929039
0.517487345886
0.502219488833
0.48749892044
0.473239589028
0.459336717988
0.445728140741
0.432292674781
0.419473443211
0.405399512967
3.1516686699
3.06671944754
2.99017110766
2.91599561608
2.84411851039
2.77449266602
2.70707284394
2.64181605019
2.57868133767
2.51762972154
2.4586241087
2.40162911978
2.34661095666
2.2935372184
2.24237659341
2.193098583
2.14567306849
2.10006983099
2.05625791518
2.01420486039
1.97387573529
1.93523180717
1.89822825088
1.86280675146
1.828863619
1.79609429288
1.76451383811
1.73456520177
1.70615313879
1.67886836791
1.65251119794
1.62690774054
1.6018706722
1.57719287431
1.55264925632
1.52800176183
1.50300692366
1.47742561055
1.45103426726
1.4236369134
1.39507734761
1.36525061277
1.33411498631
1.30170436589
1.26810466098
1.233521763
1.19793584706
1.16115627786
1.12358661217
1.08587288126
1.04842508754
1.01153916735
0.975404539664
0.940181408334
0.906023591041
0.873044511592
0.841340527622
0.810973372944
0.781966632
0.754318447271
0.728005457451
0.702985786919
0.679203042518
0.656590127497
0.635072704914
0.614572866699
0.595013534693
0.576323529907
0.558442477653
0.541323898759
0.524933254429
0.509239236876
0.494202126494
0.479765214173
0.465852461519
0.452372444481
0.439279182176
0.42648432537
0.414476554662
0.401643308631
3.16410355112
3.07808755303
3.00106551883
2.92636907908
2.85394325462
2.78373738486
2.71570288275
2.64979313439
2.58596327891
2.52417011274
2.46437196903
2.40652857389
2.35060091367
2.29655102643
2.24434172601
2.19393637387
2.14529850632
2.09839144849
2.05317781339
2.00961891399
1.96767405384
1.92729953087
1.88844677057
1.85105532158
1.81502105905
1.7800387882
1.74613272589
1.71376564314
1.68285477807
1.65301182234
1.62406271422
1.59586840175
1.56828641273
1.54116361902
1.51433674095
1.48763507039
1.46088436031
1.43391215531
1.40655430673
1.3786624101
1.35011174114
1.32080904682
1.2907015182
1.25978357595
1.22810201644
1.19580174936
1.16274522078
1.12857381504
1.09371072835
1.05886762094
1.02425539571
0.989998337819
0.956244522043
0.923124297532
0.890779715004
0.859337665223
0.828895508211
0.799533226508
0.771304383812
0.744237550369
0.718340999
0.693605201763
0.670004962247
0.647502205502
0.626049004877
0.605590880459
0.586070764026
0.5674337392
0.549631531543
0.532625152873
0.51638508946
0.500883313271
0.486082066767
0.471927607308
0.45835424669
0.445282930925
0.432680916511
0.420487594893
0.409217741586
0.397623066389
3.17186740798
3.08473803018
3.00719691619
2.93194387079
2.85894002107
2.78813194091
2.71946850418
2.65290040499
2.58837993597
2.52586088663
2.46529843414
2.40664898022
2.34987004993
2.29492007749
2.24175823656
2.19034417715
2.14063772854
2.09259862294
2.04618609699
2.00135844515
1.95807246943
1.91628270665
1.87593975254
1.83698356238
1.79931145856
1.76261859222
1.72693852908
1.69275335659
1.65999205745
1.62827855578
1.59746100142
1.56742485901
1.53805670666
1.50923729944
1.48084114468
1.45273817092
1.42479614302
1.39688388018
1.36887518569
1.34065338935
1.31211631649
1.28318133381
1.25379142849
1.22391891801
1.1935811382
1.16284948964
1.13163468276
1.09952521596
1.06675348705
1.03408234693
1.00167608744
0.969505474448
0.937680316316
0.906305076077
0.8755047709
0.845397382054
0.816084915112
0.787652302657
0.760168064293
0.73368105351
0.708221896296
0.683805032975
0.660430036704
0.638083159216
0.616739465564
0.596365498391
0.576922546635
0.558370787364
0.540673741239
0.52380010279
0.507724791816
0.492424286378
0.477865876113
0.463999858377
0.450767550888
0.43809918822
0.42596712022
0.414328054007
0.403699580022
0.393315119666
3.17589361169
3.08763369177
3.00955493824
2.93373434742
2.86014627255
2.7887353385
2.71944869375
2.65223523432
2.58704538972
2.52383102444
2.4625453222
2.40314265188
2.34557844074
2.28980894131
2.2357915746
2.18348392366
2.13284398639
2.08382986196
2.03639937337
1.99050975427
1.94611721697
1.90317631118
1.86163841319
1.82144507587
1.78249566924
1.74448535811
1.70745578913
1.67190577603
1.63777494781
1.60469310481
1.57252296197
1.54116896845
1.51053894923
1.48053676264
1.4510617476
1.42200979563
1.39327493147
1.36475143323
1.33633638402
1.30793262728
1.27945203144
1.2508188842
1.22197373239
1.19287718865
1.16351851064
1.13390649574
1.10406325107
1.07361498371
1.04254735106
1.01156917111
0.980870460391
0.950343494756
0.920062234819
0.890109661799
0.860591293246
0.831613017267
0.803274154058
0.775661699478
0.748850342745
0.722901040498
0.697860074448
0.673759718549
0.650619057576
0.628444618658
0.607231370051
0.586964462754
0.567621676674
0.549176869268
0.531604163514
0.514879076828
0.498980658601
0.48389042997
0.469581867283
0.456011187412
0.443124790086
0.430858723074
0.419180968026
0.408053743446
0.39796047779
0.388666222695
3.17493745151
3.08561796177
3.00705830285
2.93073459918
2.85663185014
2.78469331041
2.71486496835
2.6470945538
2.58133132144
2.51752595439
2.45563046702
2.3955981572
2.33738353792
2.28094229302
2.22623048226
2.17320327784
2.1218185414
2.07203388027
2.02380675462
1.97709435783
1.9318532132
1.88803854688
1.84560309608
1.80448987365
1.76459942147
1.72562660846
1.68762334127
1.65110994054
1.61603766173
1.58203801002
1.54897449238
1.51675632196
1.4853057395
1.45454296293
1.42438505879
1.39474617337
1.36553811788
1.33667185719
1.30805923194
1.27961503903
1.25125937109
1.22292013783
1.19453503761
1.16605691705
1.13745507501
1.1087101358
1.07987086538
1.05069988579
1.0210654865
0.991414999767
0.962000203762
0.93275711373
0.903684800864
0.874851829779
0.846349693353
0.81827480732
0.790721159239
0.763776601133
0.737520501146
0.712022510209
0.687341006364
0.663522318877
0.6406006494
0.618598224534
0.597525762412
0.577383522384
0.558162912594
0.539849026547
0.522424208388
0.50586964761
0.490169022726
0.47530714226
0.461262002793
0.447996356076
0.435465355466
0.423612724198
0.412392858088
0.401756843039
0.392080592839
0.383665881467
3.17049160111
3.08019151723
3.00119003113
2.92440489195
2.84983139169
2.77741207318
2.70709236669
2.63881946077
2.57254210196
2.50821049788
2.44577620583
2.38519199438
2.32641114904
2.26938889689
2.21408283402
2.16044901036
2.10844464101
2.05802754137
2.00915574518
1.96178732609
1.91588016368
1.87139118264
1.82827561638
1.78648042872
1.74591074969
1.70626241674
1.66758279812
1.63038514746
1.59462225423
1.5599445658
1.52623946433
1.49343153527
1.4614507572
1.43022478898
1.39967817435
1.36973306488
1.34030975592
1.31132758128
1.28270599628
1.25436588249
1.22623128091
1.19823112964
1.17030075313
1.14238678468
1.11444949715
1.08645650567
1.05837713727
1.03022019675
1.00189029042
0.973375733304
0.944961366323
0.916731962807
0.888611715475
0.860657070319
0.832951885374
0.805587349639
0.778655336965
0.752245163719
0.726440754336
0.701318296631
0.676944266888
0.653374223987
0.630652489683
0.608812393604
0.587876794596
0.567858820454
0.54876263579
0.530584703181
0.513315956162
0.496941911531
0.481446812612
0.466817561477
0.453039795006
0.440086632236
0.427918760438
0.416484877107
0.405727964257
0.395583346182
0.3862856782
0.378830401121
)
;

boundaryField
{
    front
    {
        type            empty;
    }
    back
    {
        type            empty;
    }
    inlet
    {
        type            zeroGradient;
    }
    outlet
    {
        type            zeroGradient;
    }
    top
    {
        type            zeroGradient;
    }
    bottom
    {
        type            zeroGradient;
    }
    flap
    {
        type            zeroGradient;
    }
    squareblock
    {
        type            zeroGradient;
    }
}


// ************************************************************************* //
