/*--------------------------------*- C++ -*----------------------------------*\
  =========                 |
  \\      /  F ield         | OpenFOAM: The Open Source CFD Toolbox
   \\    /   O peration     | Website:  https://openfoam.org
    \\  /    A nd           | Version:  13
     \\/     M anipulation  |
\*---------------------------------------------------------------------------*/
FoamFile
{
    format      ascii;
    class       volVectorField;
    location    "10.625";
    object      U;
}
// * * * * * * * * * * * * * * * * * * * * * * * * * * * * * * * * * * * * * //

dimensions      [0 1 -1 0 0 0 0];

internalField   nonuniform List<vector> 
15080
(
(51.3014930195 -0.00240806481063 1.5949347652e-20)
(51.3106732346 -0.00714720853389 -1.80177767786e-22)
(51.3308876201 -0.0116742043592 -1.59334995451e-19)
(51.3595713158 -0.0158946689224 -8.06611937074e-21)
(51.3951627736 -0.019817222216 -1.55089785316e-19)
(51.4371293007 -0.0235387144436 -1.8441692892e-19)
(51.485268769 -0.0271942060081 -1.8112515583e-19)
(51.5394638121 -0.0309245878652 4.21079089397e-19)
(51.5997698214 -0.0348561817749 2.97977822993e-19)
(51.6664587601 -0.0390826314288 2.71425667514e-19)
(51.7399397001 -0.0436516639773 3.29264415611e-19)
(51.8206435072 -0.0485606904827 -6.65848236229e-19)
(51.9089310446 -0.0537612146462 1.8651383419e-20)
(52.0050323017 -0.0591691473725 -8.03947390317e-19)
(52.1090046118 -0.0646777612942 -1.66137792978e-20)
(52.2207232728 -0.0701705835701 8.91366528996e-19)
(52.3398541938 -0.0755336093809 1.09612317515e-20)
(52.4659776571 -0.0806649373559 5.52862744596e-21)
(52.5982910951 -0.085492707513 -3.70608271396e-21)
(52.7375249582 -0.089985634511 9.48153738359e-19)
(51.3013123681 -0.0107232727974 4.5905391653e-20)
(51.3098256931 -0.0309941907224 9.02802658624e-21)
(51.3294927199 -0.0493352762636 -7.34895356932e-20)
(51.3579033646 -0.0657620371563 1.55565172967e-19)
(51.3933359357 -0.080593574892 6.30804819583e-20)
(51.435137977 -0.0943429457539 -7.8946289062e-19)
(51.4830772748 -0.107588229621 -2.27851751516e-19)
(51.537044564 -0.120887365888 -6.2812113303e-19)
(51.5971175813 -0.134714421482 -7.30675228394e-19)
(51.6636031915 -0.149400910646 1.11513103699e-18)
(51.7369553439 -0.165096793572 1.01368351388e-18)
(51.8176532236 -0.1817635015 -6.83890802201e-19)
(51.9061032635 -0.199197094336 3.54331310278e-19)
(52.0025736833 -0.217070150501 1.98569102973e-18)
(52.1071499314 -0.234980185095 -9.44808658692e-19)
(52.2197204503 -0.252496507995 -2.24780359724e-18)
(52.3399505036 -0.269199965552 -8.78246347965e-19)
(52.467372577 -0.284713430416 2.42055250623e-18)
(52.6011394781 -0.298731207212 2.47743344381e-18)
(52.7415864821 -0.310979715696 -5.09607831656e-18)
(51.3013732391 -0.017786387581 2.10385426455e-20)
(51.3101372867 -0.0510157943715 1.47794571385e-19)
(51.3300239502 -0.0806005484549 -8.2303332242e-20)
(51.3585120065 -0.106856346292 4.60678708697e-19)
(51.3938933979 -0.13048002103 -1.09011853518e-19)
(51.435564619 -0.15236010727 -2.08090648271e-20)
(51.483345589 -0.173454347829 -7.29458619913e-19)
(51.5371755931 -0.194687181957 -7.99980042266e-20)
(51.5971796081 -0.216844878441 4.24640825274e-19)
(51.6637134084 -0.24047722818 -5.63289132873e-20)
(51.7372816486 -0.265834715267 -4.61445693383e-20)
(51.8184143749 -0.292856529696 1.84862055252e-19)
(51.9075673783 -0.321208954553 -4.83358748346e-19)
(52.0050548938 -0.350354560078 1.33775663746e-18)
(52.1110014482 -0.379630478455 7.16914252256e-19)
(52.2253279337 -0.408323979882 -2.27539640391e-18)
(52.3477160238 -0.435737333328 -6.16843495661e-19)
(52.4777474529 -0.461238984458 9.3831044224e-19)
(52.6145724103 -0.484314226247 1.50863311612e-18)
(52.7590948774 -0.504526319828 6.88047497664e-19)
(51.3013833634 -0.0248166708434 -2.24782150732e-19)
(51.310176524 -0.0712228711426 2.25730056921e-19)
(51.3299604868 -0.112613430763 -3.4558020944e-19)
(51.3581722101 -0.149405864963 -2.23522247884e-19)
(51.3931500161 -0.182567846418 4.12237324805e-19)
(51.4343369234 -0.213352163698 6.97663910074e-19)
(51.4815859211 -0.243122859971 6.45854076011e-19)
(51.5348806482 -0.273204146911 -1.00596681936e-18)
(51.5944136998 -0.30472235499 -7.33028912663e-19)
(51.6606260952 -0.338461854431 -2.99979922007e-19)
(51.7341180711 -0.374776777185 -4.65778676209e-19)
(51.8155190624 -0.413573474142 -6.31907148272e-20)
(51.9053796573 -0.454364796557 7.35084274417e-19)
(52.0040995524 -0.496372158647 2.01146060057e-18)
(52.1118758167 -0.538637122114 4.01403883637e-19)
(52.228681463 -0.580125609745 -1.56091934339e-18)
(52.3542252439 -0.619821751392 -4.99430971201e-20)
(52.488061067 -0.656801649049 1.00607261872e-18)
(52.6292639671 -0.690318998837 -4.83341831934e-20)
(52.7783578056 -0.719751340787 -2.20021559414e-18)
(51.3013713844 -0.031859206104 -2.84739880598e-21)
(51.3101011869 -0.0913409140035 1.60109797348e-19)
(51.3296802221 -0.144264787957 2.5863730259e-19)
(51.3574980064 -0.191187901807 -6.64112302794e-19)
(51.3919053803 -0.233405494353 -6.76092024742e-19)
(51.4323845382 -0.272592422366 7.10452375518e-19)
(51.4788356578 -0.310567550841 2.89017655162e-19)
(51.5313117446 -0.349087994268 -6.73903704541e-19)
(51.5901037298 -0.38964017527 3.70087448262e-19)
(51.6557706189 -0.433252478955 -5.43116989289e-19)
(51.7290423982 -0.480384128922 2.99563637195e-19)
(51.8106846063 -0.530910461476 5.32677240698e-19)
(51.901380123 -0.584191553338 -4.53402423192e-19)
(52.0016489578 -0.639201010735 1.19572306692e-18)
(52.1117935575 -0.694672270145 2.18807776862e-18)
(52.2318739067 -0.749230457284 -2.02017001687e-18)
(52.3616487027 -0.801514212832 -1.40911447524e-18)
(52.5007161474 -0.850273821862 1.72659536746e-18)
(52.6481030678 -0.894468059213 -4.09414062035e-19)
(52.8046676223 -0.933182490364 -1.15424517742e-18)
(51.3013502963 -0.0388443768572 2.32836343547e-19)
(51.3099552951 -0.111151815777 -1.20442080833e-19)
(51.3291542056 -0.175285208457 -1.12803632134e-19)
(51.3562844281 -0.232034377555 7.76999304562e-19)
(51.3897306197 -0.283055258074 -2.33587796453e-19)
(51.4290236689 -0.330474646136 -1.70418843214e-19)
(51.4741166445 -0.376610505634 7.92841370983e-19)
(51.5251534644 -0.423697664607 -2.64045776048e-19)
(51.5825598619 -0.473618800895 -6.04831878906e-21)
(51.6470566593 -0.527671007871 -1.56197257802e-22)
(51.7195480944 -0.58642846747 -3.58391636796e-19)
(51.8009819339 -0.649731156229 3.49618500279e-19)
(51.8922275908 -0.716774089905 3.94495447557e-19)
(51.9939840041 -0.786258966643 -5.37460791032e-19)
(52.1067153318 -0.856573496047 8.07178671551e-19)
(52.2306160063 -0.925959655356 2.61874609742e-19)
(52.3655307547 -0.992661316733 -1.76713021987e-18)
(52.5110979345 -1.05504111144 -3.24026509124e-19)
(52.6662769614 -1.11171140476 -4.71401075034e-19)
(52.831906223 -1.1614300737 2.18266560426e-18)
(51.3013368789 -0.0457605531791 -2.59284322804e-21)
(51.3097771174 -0.130464373969 -6.15748967251e-19)
(51.3283174544 -0.205343802296 -1.17762160869e-19)
(51.3543349833 -0.271492301107 -9.11921971772e-19)
(51.386311147 -0.330905888696 2.899084704e-19)
(51.4238082677 -0.386197626905 -1.47358073069e-19)
(51.4668208658 -0.440242980778 2.06289897644e-19)
(51.5156064534 -0.495801594263 -5.96391052811e-20)
(51.5707679793 -0.555188364909 -1.09313471046e-19)
(51.6332405212 -0.620001007301 6.79939765348e-19)
(51.7041602938 -0.690956594257 4.73756037767e-19)
(51.7847164029 -0.767872699455 -3.46016720262e-19)
(51.8760261867 -0.84977349473 -2.46676732843e-20)
(51.9790347569 -0.935069561291 -1.01956448175e-21)
(52.0944346109 -1.02176818617 3.43538971032e-20)
(52.2226192976 -1.10768267052 9.65987941884e-21)
(52.363579148 -1.19060203861 -2.34491762306e-18)
(52.5170662296 -1.26842090142 -7.54199787233e-19)
(52.6819885107 -1.33930535598 2.42790446407e-18)
(52.8595076071 -1.40154839848 -6.82829937498e-20)
(51.3014036737 -0.0524574306631 2.98937107374e-19)
(51.3097570455 -0.14900580971 1.61887904574e-19)
(51.3271140289 -0.234017738983 5.33446495645e-19)
(51.351373726 -0.308910984716 -1.65106883235e-19)
(51.3811938195 -0.376087969073 -9.23421543993e-19)
(51.4160728321 -0.438725949239 -2.0631586192e-19)
(51.4560263494 -0.500324024829 -5.18249070339e-19)
(51.5014613113 -0.564230758948 -4.12020468564e-19)
(51.5531951347 -0.63324768315 -2.87261336086e-19)
(51.6124125943 -0.709307745896 -3.54472791481e-19)
(51.6805328668 -0.793291264839 6.07191652684e-20)
(51.7590620198 -0.885006397028 9.08362289171e-19)
(51.849459971 -0.983312013061 1.80548924965e-20)
(51.9530206277 -1.0863277638 -6.35195778535e-19)
(52.0707640986 -1.19166776837 3.11936681123e-19)
(52.2033762209 -1.29666872572 4.46813371222e-19)
(52.3510815597 -1.398581318 -4.08460704903e-19)
(52.5138205537 -1.49472502771 1.09664827037e-18)
(52.6904738302 -1.58269574108 9.28084808929e-19)
(52.8824874485 -1.66017172153 -1.30142883483e-18)
(51.3014759811 -0.0587497436197 -1.81465203433e-19)
(51.3096305904 -0.166466413046 1.29956561033e-18)
(51.3253469421 -0.260774892723 1.11979518017e-20)
(51.3471933419 -0.343476716923 5.03606411536e-19)
(51.3739872511 -0.417546838114 2.98896208036e-19)
(51.4051386483 -0.486790224678 -3.03485721378e-19)
(51.4406921395 -0.555371596984 2.03397777279e-19)
(51.4812424883 -0.627307854425 -2.01503138823e-19)
(51.5278921993 -0.705973313272 -4.10168190026e-19)
(51.5821534883 -0.79370830806 -7.55618709522e-19)
(51.645795717 -0.891610515825 -6.0874963971e-19)
(51.7207046733 -0.999503597106 7.18945551974e-19)
(51.808752274 -1.11607488285 1.02567534629e-18)
(51.9116750521 -1.23912839649 -3.17003782621e-20)
(52.0309552595 -1.36585609694 -1.69855165708e-18)
(52.167734463 -1.49307833346 -1.06142352939e-18)
(52.3226218923 -1.61743815245 9.8349333736e-19)
(52.4958869789 -1.73556870272 3.32797172103e-18)
(52.6864485211 -1.84431377987 1.00152296753e-18)
(52.896289501 -1.9404980332 -3.18334561284e-18)
(51.301528913 -0.0645649895806 -3.49677175617e-19)
(51.3093712153 -0.182539815215 -2.16027367857e-19)
(51.3230233535 -0.284879605007 4.36862784195e-19)
(51.3415496319 -0.374054617789 1.49743802317e-19)
(51.364035066 -0.453811762354 1.06721508961e-19)
(51.3899432481 -0.528613927507 3.48026947046e-19)
(51.4193767837 -0.603359906093 -3.74007460968e-19)
(51.4531191194 -0.682840806493 1.22435115655e-19)
(51.4925770706 -0.771074085633 9.27775640366e-19)
(51.5396142783 -0.870860640148 -7.79899520948e-19)
(51.5964109209 -0.983572732692 -1.12974456552e-20)
(51.6653538727 -1.10911581961 6.17886549115e-19)
(51.748874574 -1.24607733138 -4.90984111308e-19)
(51.849290377 -1.3919870962 -4.76752720479e-19)
(51.9686812851 -1.54359416089 2.17921875812e-18)
(52.1088093817 -1.69713187281 -2.07558527435e-19)
(52.2708675118 -1.84852998332 1.60447975234e-18)
(52.4556889176 -1.99358444043 1.13506549468e-18)
(52.6623792308 -2.12817995879 -1.11374385298e-18)
(52.8937634637 -2.24802005116 5.5131366932e-19)
(51.3015584072 -0.0697889223469 1.93498543664e-19)
(51.3090325193 -0.19662429543 -8.67218854134e-19)
(51.3200756669 -0.30521964803 -6.80851139256e-20)
(51.3338205728 -0.399077137683 5.51658028666e-19)
(51.3501714267 -0.4828507812 7.61893026212e-19)
(51.3688995405 -0.561795819576 3.27248510697e-19)
(51.3900535981 -0.641651931437 4.935280075e-19)
(51.4145608142 -0.728012377387 -1.16678051018e-18)
(51.4441901032 -0.825563724713 5.34208611476e-19)
(51.4811911596 -0.937663278051 5.08672345366e-19)
(51.5281671256 -1.06605698051 -1.14403638442e-18)
(51.5880318428 -1.2108098002 -1.22940042018e-18)
(51.6638769225 -1.37049847435 1.34107176576e-18)
(51.7588256427 -1.54247728075 -2.23857062291e-18)
(51.8758551585 -1.72312225321 -8.69146397883e-19)
(52.0176432627 -1.90807773759 6.52892274083e-19)
(52.1862316351 -2.09245422173 6.54040662466e-19)
(52.383311248 -2.27100031564 2.41397615732e-18)
(52.6083779792 -2.43834698676 -5.40879339913e-18)
(52.8656115998 -2.58868558611 6.67048401513e-18)
(51.3014893422 -0.0739539634807 0)
(51.3082516882 -0.207299635734 4.14369114573e-22)
(51.3158502699 -0.320434387067 -2.49005734975e-19)
(51.323413885 -0.41702208083 -8.3663038419e-19)
(51.3320541417 -0.502758518228 1.00598879098e-18)
(51.3417107284 -0.583920300934 -3.84291775859e-20)
(51.3522321623 -0.667303786225 1.99959876634e-19)
(51.364638135 -0.75932404975 7.06434204449e-19)
(51.3809947487 -0.865428918689 -1.83580530106e-18)
(51.403966315 -0.989696075206 9.31961421718e-19)
(51.4367856074 -1.13438663788 1.30056562589e-18)
(51.4831188279 -1.29987457358 -9.61320332841e-19)
(51.5468737342 -1.48487289283 -1.52105243991e-18)
(51.6321312911 -1.68667099176 9.50071066419e-19)
(51.743001083 -1.90137545406 -2.25805837712e-18)
(51.8834448068 -2.12410337175 -1.19937223724e-19)
(52.0568092048 -2.34910578593 -3.25557495963e-18)
(52.2661519514 -2.56990046817 -1.53523027012e-18)
(52.5116946381 -2.77946731088 -2.57558520287e-18)
(52.7997231161 -2.96988277431 -4.91325512432e-19)
(51.3011910551 -0.0762270160633 4.61725405148e-19)
(51.3059309073 -0.213054243651 -2.0099644906e-22)
(51.3090538659 -0.328749728125 -2.24770499984e-19)
(51.3099807103 -0.426245074124 1.95248178087e-19)
(51.3095519571 -0.511555991082 -1.07429431069e-18)
(51.3078074601 -0.592378878226 2.34796888711e-19)
(51.3046525043 -0.677013259264 -3.64137129255e-19)
(51.3014579864 -0.772668825805 7.29225142298e-19)
(51.3005340869 -0.885810502534 -8.01406476664e-19)
(51.3049253828 -1.02146137658 -1.00401635061e-18)
(51.318480981 -1.18251871052 -1.76358679885e-20)
(51.3456028805 -1.3699012692 2.6861580729e-18)
(51.3911718665 -1.58274223192 -9.28473683378e-19)
(51.4605548948 -1.81846989696 4.41779055283e-19)
(51.5594109958 -2.07311003407 2.20636001067e-18)
(51.6934961827 -2.34142538566 3.49013480434e-18)
(51.8680426226 -2.61682426293 -1.17038180216e-18)
(52.088231436 -2.89141973115 -2.51130847379e-18)
(52.3556494307 -3.15607450106 -6.12664037418e-18)
(52.6799102332 -3.39993809116 4.61552866715e-18)
(51.3006029468 -0.0768515955076 -5.05291541063e-19)
(51.3017832112 -0.214438281623 2.04620709066e-19)
(51.2990913695 -0.328775664225 2.47242054275e-20)
(51.2927275492 -0.423393536726 5.18105290858e-19)
(51.2821849536 -0.505224639784 -1.65234178729e-18)
(51.2664607852 -0.583174908632 1.17219924735e-18)
(51.246251239 -0.666321914655 1.27897421209e-18)
(51.2235971847 -0.763250905731 1.14345964381e-19)
(51.2005911511 -0.881269506553 1.88945062397e-18)
(51.1807237052 -1.02653358927 2.04636971204e-19)
(51.1685265547 -1.20313405737 -7.22465504862e-19)
(51.1690858564 -1.41280318059 4.46784679642e-19)
(51.188449888 -1.65541162809 5.99707623926e-19)
(51.233560797 -1.92907754698 -8.62050973496e-19)
(51.3119210941 -2.23014429904 -5.79673135538e-19)
(51.4317099942 -2.55329510969 4.48745588778e-20)
(51.6009947385 -2.89135255778 -1.72700857635e-20)
(51.8282648916 -3.23497083638 2.64210302107e-18)
(52.1175418077 -3.57233066632 2.13872916371e-18)
(52.4838318457 -3.88859853141 -8.98529709736e-19)
(51.2998269679 -0.0764164983514 -4.44367865825e-19)
(51.2973656022 -0.210970306403 4.54288436933e-20)
(51.2889960818 -0.31943630685 7.32454323097e-19)
(51.2730475634 -0.406693111757 -3.41859609648e-19)
(51.2488575731 -0.481027670861 6.4568564131e-19)
(51.2161777113 -0.552096103073 4.63305502163e-19)
(51.1756278624 -0.629670162909 -4.08733244021e-19)
(51.1293017036 -0.723895010843 -3.91394008385e-19)
(51.0794740567 -0.843665942602 7.45637530027e-19)
(51.0291318 -0.996180188338 4.92700100692e-19)
(50.983391985 -1.18686477769 -1.00852912188e-18)
(50.9483097983 -1.41810759902 5.34969915962e-19)
(50.9308941747 -1.69129370679 1.63433829473e-18)
(50.9398771104 -2.0060075467 1.26780851025e-18)
(50.985399103 -2.36002229727 9.03255182001e-20)
(51.078796419 -2.74851549296 1.35054680072e-18)
(51.2319882733 -3.16427901921 -4.17680808475e-18)
(51.458599151 -3.59692523867 -3.58320059305e-18)
(51.7668493106 -4.03142282045 1.41646566049e-18)
(52.1808717918 -4.44773544804 -2.85813509249e-18)
(51.2991422129 -0.0739699818203 -2.31499633304e-19)
(51.2935311254 -0.200697341757 3.16721539106e-19)
(51.2777104999 -0.299112645741 -1.41458139338e-20)
(51.2502799484 -0.374897596112 -2.08554157255e-21)
(51.2106953795 -0.436905109073 1.75726662658e-18)
(51.1586831266 -0.495703663625 -1.78450890168e-18)
(51.0945312379 -0.562586599641 -5.11468969064e-19)
(51.0195887394 -0.648883380348 5.72550922972e-20)
(50.936177266 -0.765273556019 -7.48579779237e-19)
(50.847598218 -0.920271796349 -1.04855833811e-18)
(50.7597315602 -1.12050135998 -1.58992468262e-18)
(50.6788072903 -1.370772586 -1.3621858665e-18)
(50.6118188342 -1.67435353461 1.41961167094e-18)
(50.5691928977 -2.03185514509 3.40002254714e-18)
(50.5642926609 -2.44424741843 1.99723981595e-18)
(50.612942936 -2.90901658047 2.92525202769e-18)
(50.7321104636 -3.42023950362 1.81794702355e-18)
(50.943180577 -3.96756662374 1.53121968838e-19)
(51.2615771472 -4.53280210847 -2.54920990653e-18)
(51.7267932445 -5.08949485164 4.67758344243e-18)
(51.2985835548 -0.0687540763147 7.92806623322e-20)
(51.2894086397 -0.182841844503 1.24343530718e-19)
(51.2651725322 -0.266158947725 -7.62939870927e-19)
(51.2249401181 -0.325108576469 5.51152751106e-19)
(51.168260134 -0.369326766055 -7.6672140965e-19)
(51.0945256025 -0.410346827638 -5.76895608862e-19)
(51.0034889376 -0.460696924539 6.94814682441e-19)
(50.8959046969 -0.533005697851 2.41034689435e-19)
(50.7736891819 -0.639117786075 2.65934144689e-20)
(50.6399766172 -0.789267627965 -1.94116746863e-18)
(50.4994776259 -0.991895887883 6.38411704501e-19)
(50.358225866 -1.25480830799 -1.49236638063e-18)
(50.2257501019 -1.58364895012 -1.42170315265e-18)
(50.1127447359 -1.98306848631 -1.67175154587e-18)
(50.0338308753 -2.45711574578 -2.10182494062e-19)
(50.0106586187 -3.00770264095 9.16233446732e-19)
(50.0672033074 -3.6338303375 1.98999246068e-18)
(50.2361196774 -4.32804468167 2.50943982555e-18)
(50.544600833 -5.07045287937 -2.58458668651e-18)
(51.0570515199 -5.82763318622 4.25091297426e-18)
(51.2980210881 -0.06081424627 5.92012677147e-19)
(51.2851714626 -0.156902053681 -7.05477802976e-20)
(51.2519746248 -0.219590200549 -3.16826909687e-19)
(51.1979936664 -0.255834344702 1.32890211287e-19)
(51.1229298656 -0.275942546997 -9.33729949189e-19)
(51.0257159633 -0.292286333728 5.96046323717e-19)
(50.9053236746 -0.318355276267 -6.42845766193e-19)
(50.7616414916 -0.367898527147 -1.59266980416e-20)
(50.5956831027 -0.454110527837 -1.22770082985e-18)
(50.4095503065 -0.589015277482 -7.83786990811e-19)
(50.2066851506 -0.783386756904 1.73939728659e-18)
(49.9924147544 -1.04710984324 9.49885420087e-19)
(49.7748977001 -1.38955490584 1.03195783394e-20)
(49.5656252441 -1.82174299407 -3.89937251584e-18)
(49.382289309 -2.35326802071 -1.54735373685e-20)
(49.249212895 -2.99483705937 3.04737239788e-18)
(49.1978717785 -3.75328653973 -6.19688672797e-19)
(49.2776036403 -4.63224637837 -1.07715946921e-18)
(49.5345377363 -5.61669284146 1.0795657931e-19)
(50.0868825923 -6.67764150905 1.85382821718e-17)
(51.2975144745 -0.049997700669 1.86357582098e-19)
(51.281145279 -0.122599949111 5.54240174572e-20)
(51.2391096753 -0.159654048464 4.31646952233e-19)
(51.1715959427 -0.168168861765 -2.73440301699e-19)
(51.0782451859 -0.158644181308 8.72300586381e-19)
(50.9572263991 -0.143975782965 -2.60824878458e-19)
(50.8065844559 -0.138420141643 -3.29224001439e-19)
(50.6250629629 -0.156571266108 -6.58117041976e-19)
(50.4121853837 -0.212639529978 -3.21988993036e-20)
(50.1682158209 -0.31985802839 1.39528880657e-18)
(49.8946206068 -0.49126136411 1.50785358167e-18)
(49.5944259977 -0.739731680275 4.26831352281e-18)
(49.2729168069 -1.07872924455 -1.31938489205e-18)
(48.9397624935 -1.52480704246 1.05313848742e-18)
(48.6112329782 -2.09742522225 -3.63682279998e-18)
(48.3149771365 -2.82079501886 2.65683433308e-18)
(48.0881400263 -3.71824139684 -2.67876595523e-18)
(47.9941473848 -4.81622284031 4.62548767822e-18)
(48.107330605 -6.11094657307 -1.27480394068e-17)
(48.6051042727 -7.62708878224 8.050182775e-18)
(51.2968018273 -0.0348522648071 -4.29114873295e-19)
(51.2759586624 -0.0756368690629 4.67540310782e-19)
(51.2245004182 -0.0794339276738 -4.56770029822e-19)
(51.1437549429 -0.0524680957433 2.09333430838e-18)
(51.0327733883 -0.00483934988425 -1.95879047061e-19)
(50.8885886067 0.0504767236183 -2.41373169371e-18)
(50.7082377726 0.0988341988062 -2.75553820828e-19)
(50.4892209881 0.125081266306 1.53044070765e-18)
(50.2293235116 0.114312609425 2.19932112883e-19)
(49.925688973 0.0518449885486 1.52011755006e-18)
(49.5757780669 -0.0747086571573 3.97177636611e-18)
(49.179357741 -0.279844509372 -1.51379395478e-21)
(48.7371067654 -0.58267911473 -3.14435053142e-18)
(48.2524271379 -1.00562599126 -8.57611820772e-18)
(47.7352683154 -1.57951983317 5.67429588145e-18)
(47.2081361847 -2.34686586561 -1.47036611906e-17)
(46.7060619987 -3.35811808912 3.97018071829e-19)
(46.3129302627 -4.6884925614 -1.48005797109e-17)
(46.1020943543 -6.357695393 -1.90639456273e-18)
(46.3364552194 -8.54311733945 -2.66983795287e-17)
(52.844254568 -0.0932140660627 -4.53312252582e-19)
(52.9162243986 -0.0952233809798 -1.61749401588e-18)
(52.9894750574 -0.097114953757 2.17476127246e-21)
(53.0634481411 -0.0988588693772 7.95086011335e-19)
(53.1382322954 -0.100464560939 -8.01312838582e-19)
(53.2137489074 -0.101947389304 5.28692523526e-20)
(53.2898689526 -0.103317034227 1.63472101674e-18)
(53.3664956047 -0.10457967187 -1.58812940004e-18)
(53.4435654167 -0.105745446082 1.52136064903e-18)
(53.5210238408 -0.106822364802 2.28982349167e-18)
(53.598829906 -0.107818865209 -2.25604816015e-18)
(53.6769594564 -0.108750448323 -7.89799054003e-19)
(53.7553845277 -0.109628224991 7.19887549183e-19)
(53.8340724911 -0.110456407456 2.46495164803e-21)
(53.9130137743 -0.111240080592 7.4364998665e-19)
(53.9922253933 -0.111986988188 -6.73645479057e-19)
(54.0717325116 -0.112704150376 -1.31048717075e-18)
(54.1515598428 -0.113398425567 3.17724088795e-20)
(54.2317399571 -0.114073255391 -3.51111522345e-21)
(54.3127745536 -0.114773166862 -5.635640342e-19)
(52.8493055871 -0.319061553616 1.14495313874e-18)
(52.9222642221 -0.323643931261 1.65896369463e-18)
(52.9967722624 -0.327779702716 -8.06427410929e-19)
(53.0720766878 -0.331459174663 -4.87387579778e-21)
(53.1481287138 -0.334683850386 2.6919148665e-21)
(53.2248420751 -0.337467565315 8.17846994704e-19)
(53.3021132424 -0.339833384879 -3.16660700632e-18)
(53.3798545372 -0.341809498295 -2.397641853e-18)
(53.4580010555 -0.343432568311 2.35258864309e-18)
(53.5364854029 -0.344738046139 4.61209329237e-18)
(53.6152387201 -0.345757836147 -8.30801481116e-19)
(53.6942197465 -0.346535089579 -4.51715666204e-18)
(53.7734055363 -0.347115009512 2.93323266246e-18)
(53.8527663854 -0.347530979578 3.56448257196e-18)
(53.9322773132 -0.347814693361 -1.40407535696e-18)
(54.0119453353 -0.348003547497 -1.34485240058e-18)
(54.0918024134 -0.348138275818 -4.75189525898e-20)
(54.171890513 -0.348263317671 3.24473172775e-20)
(54.252242787 -0.348415549568 1.57781068351e-20)
(54.3334690841 -0.348763663793 0)
(52.8701676206 -0.517954636716 -3.18911304922e-19)
(52.9449978781 -0.525671815566 -8.66506896389e-19)
(53.0210049001 -0.532670470127 -1.66758671582e-18)
(53.0978079036 -0.538919874384 -7.94821042721e-19)
(53.175491368 -0.544434856163 5.39300845827e-21)
(53.253892334 -0.549241630336 -8.49913912638e-19)
(53.3328290997 -0.553372879917 -2.53676119091e-18)
(53.412180503 -0.556871547768 5.87819507551e-18)
(53.4918576083 -0.559789707186 2.53803127607e-18)
(53.5717837086 -0.562183530009 -7.30410772602e-18)
(53.651889621 -0.564106199749 -7.04017714305e-20)
(53.7321050194 -0.565613740446 -7.30730123527e-19)
(53.8123746682 -0.566777220476 4.32267320262e-20)
(53.8926584031 -0.567669807307 2.95818615609e-18)
(53.9729152736 -0.568352685483 4.9063176136e-20)
(54.053122789 -0.568883077905 -2.69414269942e-18)
(54.1332887797 -0.569328791821 1.29701135919e-18)
(54.2134320439 -0.569764271937 2.57785311094e-18)
(54.2935602908 -0.570273635559 -1.22449499966e-18)
(54.3742525811 -0.571123793837 0)
(52.8928888309 -0.739424905669 3.98180167764e-21)
(52.9703386541 -0.750747929438 2.60282832716e-18)
(53.0493895251 -0.760943909944 -9.12957511168e-19)
(53.129363652 -0.769979767835 -2.61425847576e-18)
(53.2101602964 -0.777893839763 8.93670623795e-19)
(53.2916136344 -0.784715349544 0)
(53.3735643633 -0.790490142039 8.07039643307e-20)
(53.45586986 -0.795283541086 -8.47604075405e-19)
(53.5384141951 -0.799167757215 -1.92194121524e-19)
(53.6210952287 -0.802217439904 1.71995527391e-18)
(53.7038052419 -0.804512175242 8.99164691797e-20)
(53.7864355876 -0.806135025608 -1.68333063816e-18)
(53.8688943727 -0.807176914613 1.73363697433e-18)
(53.951115045 -0.807740241422 3.89659443091e-18)
(54.0330415326 -0.807922840662 1.55349074418e-18)
(54.1146187626 -0.807809941194 -3.62284938997e-18)
(54.1958154637 -0.807492525218 -1.99461785159e-18)
(54.2766286983 -0.807073528675 -8.03828197051e-20)
(54.3570487049 -0.806657235304 -7.01809339521e-19)
(54.4376891055 -0.806624574253 6.15011051913e-19)
(52.9254248081 -0.958888834487 0)
(53.0071474844 -0.97353117274 -1.89774309965e-18)
(53.0903018038 -0.986634987932 3.16639721658e-21)
(53.1743054692 -0.998201173578 1.9126404168e-18)
(53.2592578365 -1.00826133033 -1.11345787539e-20)
(53.3449655571 -1.01682695618 9.82425343007e-19)
(53.4311520337 -1.02394369152 -4.30479851749e-21)
(53.5176057234 -1.0296851366 -2.82343546151e-18)
(53.6041746164 -1.03414116992 -9.98455328021e-19)
(53.6907155662 -1.03741512399 2.79479414091e-18)
(53.7770800478 -1.03961094778 8.88723938958e-19)
(53.8631330464 -1.04083167603 -1.81833233746e-18)
(53.9487407008 -1.0411931859 -1.81967897412e-18)
(54.0337768439 -1.04082569365 1.7017618789e-18)
(54.1181523671 -1.03986268752 3.12101443204e-18)
(54.201786059 -1.03843174777 -1.98907948701e-18)
(54.2846006712 -1.0366610265 -1.33599126478e-18)
(54.3665649374 -1.03468282784 -5.72692274963e-20)
(54.4476344509 -1.03265644968 -1.01468503646e-20)
(54.5285146419 -1.03100618472 3.1210707106e-18)
(52.9599233612 -1.19447606212 1.3618802149e-18)
(53.0468364847 -1.21336588752 1.02613886021e-18)
(53.1354647505 -1.23019650562 -6.46637479058e-20)
(53.2250649268 -1.24497736909 -2.08658808273e-18)
(53.3157379051 -1.25773293226 9.54788529822e-19)
(53.4072273198 -1.26847745818 1.04260214832e-18)
(53.4991920003 -1.27725510639 -9.83376063399e-19)
(53.5913618698 -1.28413511357 -3.15201114528e-18)
(53.6835258428 -1.28921740959 1.24609785834e-18)
(53.7754869032 -1.29262721267 3.08479352005e-18)
(53.8670487331 -1.2944914944 -1.0519996426e-18)
(53.9580114847 -1.29493774994 -1.94000689393e-18)
(54.0481724011 -1.29411386138 5.56120422866e-20)
(54.1373474862 -1.29217956467 1.8834221581e-18)
(54.2253896917 -1.2892941053 -1.73276708977e-18)
(54.3121656306 -1.28562973081 1.70790087774e-18)
(54.3975400713 -1.2813653332 1.69728335261e-18)
(54.4814150338 -1.27667065475 -2.30697580287e-18)
(54.5636941538 -1.27174497661 -7.87935478712e-19)
(54.6450686189 -1.26712709846 3.91588958273e-18)
(52.9972749212 -1.4428458694 -4.51210397796e-19)
(53.09127752 -1.46632147108 -1.12164266319e-18)
(53.1871990483 -1.48715331036 -1.13120198659e-18)
(53.2840449075 -1.50527197785 -2.31323763157e-18)
(53.3822145349 -1.52074399643 1.18176227277e-18)
(53.4813922891 -1.53357783729 4.66168891931e-18)
(53.5811170735 -1.54379008386 -2.31975866146e-18)
(53.6810134747 -1.55144828883 3.46074731872e-18)
(53.7807768763 -1.55665787424 3.44236044447e-18)
(53.8801336576 -1.55954844396 -4.59177495461e-18)
(53.9788139961 -1.56027156108 -9.23763557585e-19)
(54.0765462838 -1.5589901222 -6.15408663351e-20)
(54.173057187 -1.55587971703 -1.09857388404e-18)
(54.2680890382 -1.55113530204 2.13081452147e-18)
(54.3614129137 -1.54495818392 1.01012715889e-18)
(54.4528205536 -1.53756711276 -1.83158614223e-18)
(54.5421188434 -1.52919042851 1.71053879518e-18)
(54.6291556481 -1.52004625395 -8.90857242655e-19)
(54.7137597205 -1.51039835505 -4.80231958287e-19)
(54.7967134075 -1.50079985864 1.79277718766e-18)
(53.0323554625 -1.7116387764 -2.87822928889e-18)
(53.1350765151 -1.74084859152 -1.20024119823e-18)
(53.2402040674 -1.76679687757 -1.19553970675e-18)
(53.346557277 -1.78909987888 2.25014530311e-20)
(53.4544093966 -1.80797482017 5.0158796983e-18)
(53.5635176252 -1.82342529002 1.28878749917e-18)
(53.6733503266 -1.83541630453 -2.58875723369e-18)
(53.7833703117 -1.84399655278 -2.53181398829e-18)
(53.893153852 -1.84927083883 -1.32819394277e-18)
(54.0023279573 -1.85137692824 1.31563309112e-18)
(54.1105162781 -1.85048644685 -8.69628376325e-20)
(54.2173485282 -1.84678455512 6.73996877755e-20)
(54.3224602729 -1.84047895482 2.51794385998e-18)
(54.4254953909 -1.83180858668 -8.77959149108e-20)
(54.5261218321 -1.82102973072 -2.45308083068e-18)
(54.6240329273 -1.80841310085 3.07816763949e-19)
(54.7189472545 -1.79423824196 8.96398551828e-19)
(54.8106246349 -1.778788279 2.67838700678e-18)
(54.8988033024 -1.76239503083 2.86672224624e-20)
(54.9842482556 -1.74567467915 -4.30838913837e-18)
(53.0613174195 -2.0044670686 -2.67577153414e-18)
(53.1750185702 -2.04073735026 -1.42910668798e-18)
(53.2920464665 -2.07290183414 2.79717476648e-18)
(53.4107453136 -2.10036512975 1.28447139367e-21)
(53.5309572243 -2.12336973935 -8.91839014969e-21)
(53.6528956868 -2.14189216439 -3.79124775382e-20)
(53.7759040662 -2.1558694367 -6.30339247082e-20)
(53.8991937816 -2.16530873772 6.05311349761e-18)
(54.0221770872 -2.17029790227 7.75335896618e-20)
(54.1443492108 -2.17098881782 -4.4772697188e-18)
(54.2651982909 -2.16757198208 2.90809344198e-18)
(54.3842164112 -2.16026116302 -2.04779076891e-20)
(54.5009120223 -2.14930443471 -5.59197474829e-18)
(54.6148124948 -2.13498594591 1.30109102562e-18)
(54.7254540424 -2.11761935281 6.75061917722e-18)
(54.8324190061 -2.09752873259 -3.92043291609e-18)
(54.9353316251 -2.07508907465 -5.98503102911e-18)
(55.0338456063 -2.05064615692 1.18924285352e-18)
(55.1275792881 -2.02460621058 2.76605983054e-18)
(55.2173248885 -1.99755894357 -1.93850068109e-18)
(53.0775070498 -2.32798145831 1.47765067975e-18)
(53.2050039762 -2.37340480225 -1.93958032489e-20)
(53.3369143789 -2.41359069387 -1.55758805447e-18)
(53.4712235299 -2.44794223034 -1.63044957141e-18)
(53.6074019409 -2.47632829357 1.63343908905e-18)
(53.7458894334 -2.49882038511 -3.08993932304e-20)
(53.8858750699 -2.51537642785 -3.26613992705e-18)
(54.0263682508 -2.52592033082 3.3495531825e-18)
(54.1665448609 -2.53049663659 1.53292755697e-18)
(54.3056902127 -2.529267546 -1.57373720929e-18)
(54.4431292233 -2.52245600174 -1.57929862294e-18)
(54.5781862349 -2.51032571334 -1.94528600169e-18)
(54.7101993907 -2.49318257032 3.54564905222e-18)
(54.8385387094 -2.47137103049 3.3038989265e-18)
(54.9626395989 -2.4452747161 -4.75132780447e-18)
(55.081899171 -2.41530603598 -7.14533538636e-19)
(55.1957759362 -2.38190774831 3.12917379451e-18)
(55.3038836304 -2.34551616402 -1.0513117677e-18)
(55.4057248734 -2.30665956658 -2.20553477847e-18)
(55.5020639331 -2.26590904648 1.75190654791e-18)
(53.0723417532 -2.68945419259 2.69945178933e-18)
(53.2172572342 -2.74690783559 -8.65906329314e-18)
(53.3678295257 -2.79762469469 -3.45706517345e-18)
(53.5221874005 -2.84111708235 3.31420713471e-18)
(53.6793225688 -2.87655368629 3.65397802843e-18)
(53.8390448072 -2.90427726027 5.90098816583e-18)
(54.0008540002 -2.92418122034 1.92864186004e-18)
(54.1636663653 -2.93607519845 -4.21286993783e-20)
(54.3262192769 -2.93997952342 -2.02810355171e-18)
(54.4874711559 -2.93607229434 2.09133854894e-18)
(54.6465355008 -2.92461857789 -2.0793311165e-18)
(54.8025287042 -2.90595478842 1.91342978211e-19)
(54.9545754178 -2.88047678571 -5.55698524589e-20)
(55.1018579244 -2.84862563065 -4.14565821381e-18)
(55.2436122207 -2.81087903215 -2.10184126973e-18)
(55.3791663363 -2.7677738334 3.76715335213e-19)
(55.5078577503 -2.71985539363 3.07163779452e-18)
(55.6290371769 -2.66764071282 -3.97328304353e-19)
(55.7420905913 -2.61177742342 1.37135703312e-18)
(55.8478078217 -2.55270621913 8.47988119466e-20)
(53.0346679615 -3.09826945021 4.68655359773e-18)
(53.2014607696 -3.17180346262 4.16657282444e-18)
(53.3753260951 -3.23669631261 -9.07212375641e-20)
(53.555281991 -3.29225010639 -5.77157390944e-21)
(53.7395770397 -3.33739012011 2.86235243293e-20)
(53.9266340819 -3.3722330924 -2.14704758209e-18)
(54.1168526435 -3.39656828858 -1.47073162023e-19)
(54.3087370927 -3.41020410995 2.17381430534e-18)
(54.5003826771 -3.41315333765 3.35098519975e-21)
(54.6903656188 -3.40561134295 0)
(54.8774989228 -3.38792726832 -2.67937497978e-19)
(55.0606104123 -3.36057719599 -2.2087361476e-18)
(55.2385827223 -3.32411873404 -4.81152288509e-18)
(55.4103921578 -3.27916035867 3.20628141174e-19)
(55.5751027091 -3.22635179129 4.36638193956e-18)
(55.7318627828 -3.1663765286 2.04299525214e-18)
(55.8799048008 -3.09996529871 -3.94518316744e-18)
(56.018561866 -3.02776757498 1.76738210096e-20)
(56.1471359674 -2.9505485431 8.73072452901e-18)
(56.2664844993 -2.86859066062 -6.50732860885e-18)
(52.9493865734 -3.5656110519 3.24363221529e-18)
(53.1435901394 -3.66106917029 -2.45349211961e-18)
(53.3475152544 -3.74542628328 -2.55945452677e-18)
(53.5601678143 -3.81736024903 3.47639342959e-20)
(53.7792126248 -3.87603521805 7.73446596204e-18)
(54.0024303014 -3.92050423799 -5.18013527871e-18)
(54.2299303946 -3.95056319231 -5.3813965813e-18)
(54.459598674 -3.96619902303 7.94381286596e-18)
(54.6890498145 -3.96743742803 -1.08971047223e-19)
(54.9162984984 -3.95453593107 -2.35697580821e-18)
(55.1396029932 -3.92803346886 -2.33434100943e-18)
(55.357394667 -3.88868307024 -4.58556869629e-19)
(55.5682861264 -3.83734765286 2.15754427181e-18)
(55.7710388917 -3.77493139411 3.19572432893e-18)
(55.9645500912 -3.7023691023 -2.16986351818e-18)
(56.1478629954 -3.62060904044 -4.63829138319e-18)
(56.3201647673 -3.53058890599 2.43242792091e-18)
(56.4807549927 -3.43311683591 6.85388750832e-18)
(56.6289107755 -3.32906888453 1.18159664439e-18)
(56.7655503215 -3.2184041053 -1.21320589168e-17)
(52.7955735535 -4.10542945505 1.32541428377e-18)
(53.0245440678 -4.23134129424 2.98916421575e-18)
(53.267346562 -4.34281940764 -3.11680209232e-18)
(53.5220466698 -4.43778174182 -3.04253785998e-18)
(53.7868433207 -4.51510078213 6.47202179312e-18)
(54.0588881085 -4.57286613147 -6.0483591672e-18)
(54.3358369194 -4.61066525701 -3.1422129664e-18)
(54.6151361707 -4.62848409356 -4.5283944192e-19)
(54.8940742143 -4.62650863223 6.34570800149e-18)
(55.1697486575 -4.60533223005 9.43628659176e-18)
(55.4395410457 -4.5659709154 -9.2647299066e-18)
(55.7013517825 -4.50973320747 -8.47880399951e-18)
(55.9534901077 -4.43804152697 3.2598521139e-18)
(56.194534563 -4.3523240586 5.4780005727e-18)
(56.423315015 -4.25400898999 -2.44260138504e-18)
(56.6389429042 -4.14450198841 3.60077384704e-18)
(56.8407969545 -4.02512059538 5.61447760258e-18)
(57.0284552589 -3.89696017965 -5.84225246871e-18)
(57.2014653067 -3.76110224663 -3.27321799653e-18)
(57.3613462267 -3.61725570737 7.00298029965e-18)
(52.544390255 -4.73645945726 -4.13258808877e-18)
(52.8178949373 -4.90564891199 3.05722075778e-18)
(53.1113287681 -5.05553770218 6.38672402995e-18)
(53.421829617 -5.1827639323 3.4312080612e-18)
(53.7478975952 -5.28517611192 -3.30473818866e-20)
(54.0853743898 -5.35987820836 -7.27753857124e-18)
(54.4291190356 -5.40654916016 -1.99283559605e-20)
(54.7754140278 -5.42512063173 1.11811837837e-17)
(55.1201510567 -5.41602721744 4.05562747384e-18)
(55.458985028 -5.38053177254 -1.08601990446e-17)
(55.7882725749 -5.32064636051 -3.58117291717e-18)
(56.1053135205 -5.23882538415 7.32764049836e-18)
(56.4081061085 -5.13764303122 5.78934367314e-19)
(56.6951515064 -5.01959191362 3.33811062955e-18)
(56.9653877617 -4.88701534052 6.07091320503e-18)
(57.2181803179 -4.74205925739 -2.81416039216e-18)
(57.4532914101 -4.58654537584 2.5716369578e-18)
(57.6707543867 -4.4218060084 -5.42377224013e-18)
(57.8705867116 -4.24889496283 -9.5969214465e-18)
(58.054990242 -4.06691626934 8.78239233e-18)
(52.1533481147 -5.48206829061 -2.08928356372e-18)
(52.4853547374 -5.7156475198 -3.9781407683e-19)
(52.847628568 -5.92349850956 2.67020289163e-19)
(53.2358558394 -6.09957394 4.18965995047e-18)
(53.6485280761 -6.23926682431 1.25492554551e-17)
(54.0776580165 -6.33921183197 -4.49420077656e-18)
(54.5135297209 -6.39657536311 -3.79289559342e-18)
(54.9516733352 -6.41183217887 3.31349241517e-19)
(55.3857143765 -6.38735574137 3.64195135816e-18)
(55.8085934857 -6.32635949564 -3.54119795053e-19)
(56.2146796659 -6.23265882939 -8.18591744446e-18)
(56.6002392158 -6.11056414814 -7.83756288787e-19)
(56.9629911462 -5.96456069514 -6.31817046485e-19)
(57.3016966412 -5.79896078084 4.73205766498e-19)
(57.6160464113 -5.61777867877 -5.23626991088e-18)
(57.90657641 -5.42471949893 -4.24228757446e-18)
(58.174492114 -5.22297029994 6.10707071067e-18)
(58.4214360894 -5.01494754131 1.35401335899e-18)
(58.6490010147 -4.80247464983 -2.14862535261e-18)
(58.8618950726 -4.58510013254 5.78217916661e-18)
(51.5559774654 -6.36899218038 6.14706092772e-18)
(51.9630596602 -6.69398981228 -1.00563835035e-17)
(52.4190146057 -6.98379413619 4.67968236461e-19)
(52.9189617606 -7.22930767454 1.01245954665e-17)
(53.4560308829 -7.42188913988 -5.08159025919e-20)
(54.0203697031 -7.55537597297 -1.04921599874e-19)
(54.5974433574 -7.62408393346 1.18712542538e-17)
(55.1703826822 -7.62769582 -5.96423671327e-18)
(55.727101208 -7.57144048663 -1.17345372794e-17)
(56.2589526377 -7.46319289959 -1.30595200107e-18)
(56.7593873377 -7.31155363963 -1.0283100252e-17)
(57.2240465828 -7.12503448404 3.73318461839e-18)
(57.6507505971 -6.91148277202 1.36887649085e-17)
(58.0390887946 -6.67801129803 -8.00933367421e-18)
(58.3901070201 -6.4307006306 -3.27814369585e-18)
(58.7060894003 -6.17446197202 1.12101210027e-17)
(58.9902168598 -5.91342204343 5.47480122566e-19)
(59.2462219397 -5.65088489683 -4.68435151006e-18)
(59.4779743747 -5.38964620075 1.25425742502e-18)
(59.6926243112 -5.13060483847 6.15034401593e-19)
(50.6799825476 -7.46553353215 6.29255890525e-18)
(51.1922688095 -7.95092119504 -2.12791180551e-17)
(51.7783834367 -8.38418663238 -1.20939675661e-18)
(52.433501526 -8.7464513224 2.57169460623e-17)
(53.1487337101 -9.02186091093 -1.35905535255e-17)
(53.9063703084 -9.19409839775 -7.86568546545e-18)
(54.6801633424 -9.2577679303 2.1623906279e-19)
(55.4373707755 -9.21653708596 -2.16131182338e-17)
(56.1527071914 -9.08140116917 -6.86121349216e-18)
(56.8119041534 -8.86802663418 1.23174565458e-17)
(57.4101122924 -8.59499711029 -4.80667890077e-18)
(57.9478259225 -8.28045569063 2.29016769147e-18)
(58.4281348887 -7.93972711088 1.4417511867e-17)
(58.8573438497 -7.58694798053 3.02205761388e-18)
(59.2392994655 -7.23522363283 -2.47049951889e-18)
(59.5799244678 -6.89284176689 -2.33885922836e-18)
(59.8826406853 -6.5646770203 -7.73817213588e-18)
(60.150232591 -6.25728219761 6.0524415646e-18)
(60.3906111608 -5.97822799438 8.93676427744e-18)
(60.6106756932 -5.73467266925 -2.20888754706e-18)
(49.2521474727 -8.80873003359 5.34893758848e-18)
(49.8886163813 -9.56687687461 -6.32947641605e-18)
(50.6594458866 -10.2613055966 6.83141154591e-18)
(51.5473400063 -10.8330812686 8.82205792359e-18)
(52.5420342767 -11.2318979521 -3.02844120762e-17)
(53.6126590814 -11.4286245791 9.63756091352e-19)
(54.695279734 -11.4250112423 2.92947427895e-17)
(55.7317265853 -11.2534210602 -1.07364225131e-17)
(56.6901805267 -10.9542708271 2.71413373333e-18)
(57.548924342 -10.5668312369 9.54411276614e-19)
(58.3085295199 -10.1243086247 4.78174771663e-18)
(58.968607147 -9.64933447985 2.84992664595e-18)
(59.54218525 -9.15825200105 -9.45824468211e-18)
(60.0404727538 -8.65705283342 -5.71945874828e-20)
(60.4427423272 -8.15530084263 6.47538016823e-18)
(60.7568206445 -7.66521559861 1.8515908734e-18)
(60.9921931642 -7.19062027046 -7.532773895e-18)
(61.1414328575 -6.73801404872 9.89660861478e-19)
(61.2059497307 -6.31932004332 2.7922621326e-18)
(61.1789177773 -5.96719546905 -7.70806747883e-21)
(46.8691350978 -9.9971404594 1.2879582854e-17)
(47.5333527775 -10.9260534146 4.04812171747e-17)
(48.4922606505 -11.895905656 1.74702056824e-18)
(49.7745668858 -12.8953948573 -7.86237575636e-17)
(51.3727500555 -13.6828605007 1.71629465903e-17)
(53.1519828215 -14.0658540235 6.67729808294e-17)
(54.8955010294 -14.0363235184 -7.143520646e-17)
(56.4904952938 -13.6869188635 1.89998169017e-17)
(57.884429075 -13.1126291951 2.64083418791e-17)
(59.0635566802 -12.4357528199 -2.96382694923e-17)
(60.0182300134 -11.7328900052 2.24373432076e-17)
(60.7665520697 -11.0280571075 9.71598928852e-18)
(61.3371574043 -10.3467921588 8.88262581856e-18)
(61.71356826 -9.68511299767 -1.9691262042e-17)
(62.0381841626 -9.0107353994 1.55359795694e-17)
(62.0320417835 -8.3105451261 2.38230321521e-18)
(61.9041998336 -7.61060277487 5.41782713972e-19)
(61.6207443746 -6.90245484504 1.05458904112e-17)
(61.1324619346 -6.28899768969 -3.86677748131e-18)
(60.498337314 -6.35484341662 1.49751853046e-17)
(54.3735939884 -0.115237919247 2.45082675088e-18)
(54.4139820237 -0.115518980642 2.77308945845e-18)
(54.4549684154 -0.115850732169 -1.91342970474e-18)
(54.4960649588 -0.116195699067 -1.21812796343e-18)
(54.5373318716 -0.116553223013 -1.88271462551e-21)
(54.5787927468 -0.116923506853 -5.86349839772e-19)
(54.6204534116 -0.117307274586 1.66458381943e-18)
(54.6623250617 -0.117705220056 -4.89652321152e-22)
(54.7044217252 -0.118117681552 -1.53475244956e-18)
(54.7467577786 -0.118545211583 -3.24575769437e-21)
(54.7893504629 -0.118988760573 0)
(54.8322182008 -0.119449256202 0)
(54.8753791306 -0.119928460542 -8.37632588069e-19)
(54.918851068 -0.120428615491 -8.16186640485e-19)
(54.9626498307 -0.120950012298 7.47551405669e-19)
(55.006792212 -0.121492655898 1.46727924259e-18)
(55.0512980888 -0.122057450374 3.58207153756e-19)
(55.0961882154 -0.122645277631 -6.52805930797e-19)
(55.1414840694 -0.123257122413 -6.17679349872e-19)
(55.187207747 -0.123893982524 2.74037809519e-19)
(55.2333814 -0.1245567543 2.62570992877e-19)
(55.2800276868 -0.125246382236 -4.40179263529e-19)
(55.32717009 -0.125963872884 1.98488226493e-19)
(55.3748325191 -0.126710102465 1.69304303085e-19)
(55.423039298 -0.127485814146 -3.25813606937e-19)
(55.4718153218 -0.128290802756 -4.2020859226e-19)
(55.5211857006 -0.129127261602 3.81883330103e-19)
(55.5711765522 -0.129992173526 3.05982274269e-19)
(55.6218153618 -0.13106857554 -1.68440759544e-19)
(55.6731326499 -0.1323253703 -1.29564362016e-19)
(55.7251663604 -0.133709320766 -1.46423793937e-19)
(55.7779550182 -0.135180805073 2.7948081847e-20)
(55.8315345183 -0.136702062218 -1.41681345068e-19)
(55.8859341448 -0.138201068677 -2.60657672598e-19)
(55.9411786237 -0.139421246316 -1.22981489433e-19)
(55.9972915245 -0.140433182728 -1.38534508018e-19)
(56.0542875068 -0.141346117512 5.27568140619e-20)
(56.112182673 -0.142250935625 2.8072213762e-20)
(56.171004372 -0.143189809226 -6.72034004702e-20)
(56.2307886103 -0.14434903663 0)
(56.2915703874 -0.145698922262 1.35892182588e-19)
(56.3533850515 -0.147190354773 -3.44432187557e-19)
(56.416269344 -0.148764703719 -1.72714818168e-19)
(56.4802572153 -0.150328466688 3.9853747048e-19)
(56.5453734535 -0.15183345406 -1.2383635986e-19)
(56.6116340729 -0.15327676484 -1.68608884947e-21)
(56.679052408 -0.154675102789 5.15012132069e-19)
(56.7476431923 -0.156050172149 -1.96896611534e-19)
(56.8174222753 -0.157425054867 -5.44935979598e-19)
(56.8884049519 -0.158813585058 2.03892157567e-19)
(56.9606051851 -0.160231374736 3.53760846567e-19)
(57.0340386119 -0.161691049338 -2.03342858159e-19)
(57.1087100517 -0.163194220044 -2.01480423888e-19)
(57.1846449044 -0.164729642565 1.95241024157e-19)
(57.2618231776 -0.166281239414 1.30198446877e-19)
(57.3402443919 -0.167838020702 -1.24050550557e-19)
(57.419920285 -0.169383867725 -1.17777435146e-19)
(57.5008482996 -0.170907607716 -3.65604722423e-22)
(57.5830004306 -0.172400249532 -9.99828355746e-20)
(57.6663453719 -0.17385347813 9.00666138174e-20)
(57.750853875 -0.17525841635 1.57149221572e-19)
(57.8364991908 -0.176606631791 -3.56742711734e-22)
(57.9232507913 -0.177889861215 4.79711946714e-20)
(58.0110696042 -0.1790900013 -7.5952921547e-20)
(58.0999072513 -0.180236970255 -4.2666312722e-20)
(58.1897107269 -0.181066937767 2.18024976039e-20)
(58.2804173421 -0.18176552362 2.66005829376e-20)
(58.3719490211 -0.182629087144 -1.03245172228e-20)
(58.4642326404 -0.183450458564 3.88235867024e-20)
(58.5573939058 -0.184135623226 -1.19024192592e-19)
(54.3942254539 -0.348943641128 7.10016816349e-19)
(54.4343320861 -0.349036662196 -7.25657777009e-19)
(54.4749724498 -0.349279407106 -6.90689877415e-19)
(54.5157081363 -0.349569062054 -1.54209095511e-21)
(54.5566031439 -0.349909686973 -7.67327565302e-21)
(54.5976651542 -0.350304625143 5.12061522461e-21)
(54.6388930195 -0.350754426548 -8.03394250048e-21)
(54.6802971701 -0.351257788624 -5.58429579367e-19)
(54.721890883 -0.35181862488 -1.02353924798e-18)
(54.7636873582 -0.352447371649 9.98554911927e-19)
(54.8057050102 -0.353154053593 9.19709732605e-19)
(54.8479657001 -0.353943752165 -4.01034115048e-20)
(54.8904911424 -0.354819685553 -1.3501465189e-20)
(54.9333012698 -0.355786579096 3.65444555896e-20)
(54.9764142862 -0.356848441287 -3.89564477927e-19)
(55.0198493232 -0.358008892183 1.19665880329e-20)
(55.0636274538 -0.359272431341 4.24358415389e-21)
(55.1077708501 -0.360643617292 6.2836442725e-19)
(55.1523028023 -0.362127134497 5.73140061901e-19)
(55.1972473591 -0.363727430758 -5.37788288164e-19)
(55.2426287607 -0.365448413068 6.65813621564e-21)
(55.288471872 -0.367293898752 4.34295275814e-19)
(55.3348026969 -0.369267923031 -5.84169893376e-19)
(55.381648246 -0.371374437961 -3.51968275542e-19)
(55.4290364146 -0.373617125297 7.75564336111e-19)
(55.4769961683 -0.375999321935 -4.34862599551e-21)
(55.5255574906 -0.378523877146 -3.23225038014e-19)
(55.5747515451 -0.38119313252 -6.70970484954e-21)
(55.6246133421 -0.384011216036 2.62545799024e-20)
(55.6751666921 -0.386977873275 0)
(55.7264367308 -0.390108646012 1.30282465539e-20)
(55.7783777181 -0.39335428976 1.56810531085e-20)
(55.831104231 -0.396778213941 1.81446869832e-20)
(55.8847224221 -0.400377929413 1.84893959965e-20)
(55.9391430829 -0.404144177745 -1.16567480209e-19)
(55.9943927594 -0.408074674019 2.19033363503e-19)
(56.0505558397 -0.412161365445 2.71270534348e-19)
(56.1077043765 -0.416409657978 -1.79473021231e-19)
(56.1658440086 -0.420818117382 -1.99460289916e-19)
(56.2250137045 -0.425378705181 -4.91693124558e-21)
(56.285271835 -0.430084173629 0)
(56.3466098872 -0.434930831691 4.50239723667e-19)
(56.4090295146 -0.439914998607 1.91660178297e-19)
(56.4725652173 -0.445031077615 -7.69169767483e-19)
(56.5372597372 -0.450272079158 -2.2518426377e-19)
(56.6031497393 -0.455629692314 2.9380768263e-19)
(56.6702676797 -0.461093507032 2.62263660858e-21)
(56.738643954 -0.466651295016 3.24660100646e-19)
(56.8083052395 -0.472289054723 -1.64598029697e-21)
(56.8792733233 -0.477991313739 -3.19429063393e-19)
(56.9515661628 -0.483741790968 3.96291408151e-19)
(57.0251976829 -0.489522424569 3.69335192584e-21)
(57.1001752155 -0.495314331556 -4.58749652714e-19)
(57.1765000651 -0.501098012397 1.0892803041e-21)
(57.2541487858 -0.506852316979 6.91477406722e-20)
(57.3331410097 -0.512556779134 -2.15397868547e-19)
(57.413505753 -0.518187528587 -2.63720938374e-22)
(57.4952114643 -0.523720449142 3.19972319183e-19)
(57.5782289703 -0.52913031213 1.22639309387e-19)
(57.6625335511 -0.534395165664 -1.06500989444e-19)
(57.7480977337 -0.539485700639 -9.72177268871e-20)
(57.8348930178 -0.544372382841 -8.36027752807e-20)
(57.9228874378 -0.54902679764 -2.60112371168e-22)
(58.0120418243 -0.553418744256 1.55183504343e-19)
(58.1023086806 -0.557517353805 8.21813140356e-20)
(58.1936287363 -0.561292577396 -1.53113412738e-20)
(58.2859474369 -0.564713584545 -8.29396417956e-21)
(58.3792137042 -0.567747802767 4.00185465094e-20)
(58.4733381676 -0.570356300685 -1.90664187469e-20)
(58.568406314 -0.572569281518 -3.58041653715e-19)
(54.4344711846 -0.571708100048 0)
(54.4741892307 -0.572052850959 -1.47020810925e-18)
(54.5144707042 -0.572630117721 7.91170826377e-21)
(54.5547836343 -0.57327068198 1.34848423642e-18)
(54.5951784105 -0.573988105596 6.37875084716e-19)
(54.6356723593 -0.574792710744 -6.0120608439e-19)
(54.6762707917 -0.575688647697 -2.37887682244e-18)
(54.7169835594 -0.576677119439 5.47891020898e-19)
(54.7578212011 -0.577762066268 1.67404211374e-18)
(54.7987955284 -0.578950914142 -4.81678434872e-19)
(54.8399263277 -0.580255249768 -9.82644985696e-19)
(54.8812391542 -0.581689688384 -4.29016697854e-19)
(54.922760214 -0.583267240825 8.60189413046e-19)
(54.9645133769 -0.584995889779 7.86664602226e-19)
(55.0065206287 -0.586882183526 7.25220581171e-19)
(55.0488038892 -0.588933939117 1.49862044941e-20)
(55.0913861601 -0.591159049088 -6.13708823564e-19)
(55.1342919108 -0.593565682869 6.31253965148e-19)
(55.1775471589 -0.596162351457 -2.99158257693e-19)
(55.2211788411 -0.598957249898 -5.16811051585e-19)
(55.2652141041 -0.60195762038 1.85747867157e-19)
(55.3096807256 -0.605170313472 -1.12494920705e-20)
(55.3546078579 -0.608602505068 -1.1244674449e-20)
(55.400025884 -0.61226152439 1.24235828294e-20)
(55.4459662209 -0.616154564994 -2.67254517049e-19)
(55.4924618795 -0.620289322811 -1.37344703442e-19)
(55.5395464256 -0.624674436267 2.47316030118e-19)
(55.5872440217 -0.629315105695 2.71096713407e-19)
(55.6356006349 -0.634195585054 -2.6328274544e-20)
(55.6845962092 -0.639301391743 -1.61210942117e-20)
(55.7345155081 -0.644723138873 1.81064132265e-20)
(55.785158354 -0.650451738184 -2.85964971234e-20)
(55.8363223655 -0.656432800324 -1.04129581249e-19)
(55.8884173769 -0.662659731743 1.20377960859e-19)
(55.941479628 -0.669177471109 1.44368714051e-19)
(55.9955191645 -0.67599070196 -1.34811000084e-20)
(56.0505107584 -0.683074056174 2.40492413855e-19)
(56.106446004 -0.690417652216 1.58612796524e-19)
(56.1634227654 -0.69802562469 -2.77774861525e-19)
(56.2215036936 -0.705894287254 -2.93162954569e-19)
(56.2807107884 -0.714024075088 -3.23601804935e-19)
(56.3410685204 -0.72240989775 -7.37886454492e-21)
(56.4026142864 -0.731039418229 -5.91972167729e-20)
(56.4653897711 -0.739897305528 1.31421617061e-20)
(56.5294334825 -0.748967880839 6.36282773732e-19)
(56.5947807832 -0.75823523328 -1.87253467184e-19)
(56.661464628 -0.767682366303 -3.87869176015e-19)
(56.7295155715 -0.777291703115 1.85741587305e-19)
(56.7989623712 -0.787043575154 -3.88062355466e-19)
(56.8698299292 -0.796915286943 -1.93743375538e-21)
(56.9421405428 -0.806882182857 3.9712354696e-19)
(57.0159135888 -0.816917262191 4.44670881878e-21)
(57.0911650588 -0.826991711011 -5.62844491987e-19)
(57.1679067833 -0.837073699081 6.52688442359e-19)
(57.2461391795 -0.847132730629 5.33611090852e-19)
(57.3258684741 -0.857131705703 -6.10656619445e-19)
(57.4071162948 -0.867030905357 5.84486086283e-21)
(57.4898852498 -0.876785580355 9.39253929911e-22)
(57.5741351104 -0.886352364434 6.95866588426e-20)
(57.659847532 -0.895687309109 3.70998702127e-21)
(57.7470142296 -0.904745314052 1.19921521055e-19)
(57.835590819 -0.913474254311 5.45539094178e-22)
(57.925540962 -0.921835019835 -1.40116429638e-19)
(58.016831848 -0.929761476123 -4.26888761718e-21)
(58.1094125801 -0.937193694951 7.89261500623e-20)
(58.2032262402 -0.944082140854 3.69554742431e-20)
(58.2982112402 -0.950374705347 -3.72386629232e-20)
(58.3943001338 -0.956022032172 -1.5163118229e-20)
(58.4914013819 -0.960956447397 2.61265436862e-21)
(58.5896402231 -0.965279233077 7.83650954861e-20)
(54.4975896561 -0.806427637644 -1.50859841757e-18)
(54.5369142442 -0.806233019935 -9.19716920828e-20)
(54.5767898405 -0.806348705374 2.18197090572e-18)
(54.6165953735 -0.806555842806 5.60753652809e-20)
(54.6563646325 -0.806870014367 -6.49372019833e-19)
(54.6961194084 -0.807307509802 -6.53455833696e-19)
(54.7358741676 -0.807885840044 -2.0858076432e-21)
(54.7756452605 -0.80862195797 1.18134997761e-18)
(54.8154482272 -0.809525280679 1.86225825427e-21)
(54.85529814 -0.810597163945 -5.08868969776e-19)
(54.8952135724 -0.811841987468 -2.06334657527e-22)
(54.9352152455 -0.813273525126 -4.015022765e-19)
(54.9753257425 -0.814911547981 4.51681158067e-19)
(55.0155705825 -0.816775831896 4.11456742589e-19)
(55.0559763065 -0.818882051795 -3.80538713463e-19)
(55.0965690037 -0.821242734354 3.01778375649e-19)
(55.1373758765 -0.823870729849 3.07085291914e-19)
(55.1784255728 -0.826779284731 -8.61127488623e-19)
(55.2197485968 -0.829982180282 -2.53882966455e-19)
(55.2613767519 -0.833492933477 4.59620312609e-20)
(55.3033421673 -0.837323918038 1.48595592519e-20)
(55.3456778017 -0.841486498223 4.95276363642e-19)
(55.3884186474 -0.845993247294 -1.29032399811e-19)
(55.4316017562 -0.850856349596 -2.23917037684e-19)
(55.4752609527 -0.856095154698 4.67882231912e-20)
(55.5194275101 -0.861690028573 9.28978311246e-20)
(55.56415597 -0.867604808446 -5.27730460904e-20)
(55.609598748 -0.873991529782 -3.33256644407e-20)
(55.6559039415 -0.88081120635 -8.62487928245e-20)
(55.7025520221 -0.88801986568 -6.43083321913e-20)
(55.7495545879 -0.895660852048 3.55556122928e-19)
(55.7976369244 -0.903803523499 9.35387812976e-20)
(55.8468726463 -0.912360104683 -2.41895464127e-20)
(55.8968562379 -0.921331750265 -7.64533252366e-21)
(55.9474787274 -0.930742095466 -2.79220751796e-19)
(55.9991243101 -0.940599762145 1.44105869217e-19)
(56.0519542174 -0.950916077003 2.1138261137e-20)
(56.1058929461 -0.961678073694 2.26926159619e-19)
(56.1609149932 -0.972872979087 2.32072357867e-19)
(56.2170914622 -0.984497499889 -2.40772490219e-19)
(56.2745003359 -0.99654849466 2.18638329026e-19)
(56.333193436 -1.00901740478 -2.90730743149e-20)
(56.3932083447 -1.02189078995 -4.75262581201e-19)
(56.4545872784 -1.03515123983 2.22301852304e-19)
(56.5173800984 -1.04877887259 7.50020359648e-19)
(56.5816359725 -1.06275166534 -2.32293476117e-19)
(56.6473963232 -1.07704496113 -5.19231557451e-19)
(56.7147018035 -1.0916308632 -1.14993112354e-20)
(56.7835995364 -1.10647818391 -4.86135385928e-21)
(56.8541302367 -1.12155236896 -5.28168750457e-19)
(56.9263273091 -1.13681528396 -2.52502158519e-21)
(57.0002194256 -1.15222543791 5.12945594235e-19)
(57.0758310988 -1.16773768219 2.36316444409e-19)
(57.1531664186 -1.18330458492 -2.00267019319e-21)
(57.232221055 -1.19888002563 -2.26571917535e-19)
(57.313047651 -1.21441001709 1.03603063801e-18)
(57.3956992162 -1.22982869521 1.40314599205e-19)
(57.4801577165 -1.24506819741 -6.15576215848e-19)
(57.5663884071 -1.26006419558 3.59658891561e-19)
(57.654365253 -1.2747476619 -6.50749285463e-19)
(57.744078448 -1.28905147118 -4.2095271739e-19)
(57.8354534026 -1.30290192048 7.50974672028e-20)
(57.9285038988 -1.31621853907 -1.26691412856e-19)
(58.0232724106 -1.32891596992 1.82415020349e-19)
(58.1196326021 -1.34092833464 1.79491984571e-19)
(58.2174843931 -1.35215734169 2.30330577973e-20)
(58.3167717509 -1.36251200623 -1.79836970936e-19)
(58.4174650494 -1.37191345056 3.58334454565e-20)
(58.5192903441 -1.38027679773 2.43352616074e-20)
(58.6226227088 -1.38766672684 1.95192028557e-20)
(54.5881405841 -1.029622992 -1.63903191593e-18)
(54.6269288394 -1.02861794674 -1.60713896041e-18)
(54.6661988334 -1.02797843767 1.43592306199e-18)
(54.7052677673 -1.02744898212 -1.81657945785e-20)
(54.7441574039 -1.02705171865 -1.35388005312e-18)
(54.7828852369 -1.02680898526 -6.25241913499e-19)
(54.8214699479 -1.02674644163 6.10992797756e-19)
(54.8599336025 -1.02688983484 5.58719736064e-19)
(54.8982981967 -1.02726075346 2.30468342663e-20)
(54.9365839806 -1.02787632595 -5.14466895744e-19)
(54.9748093919 -1.02875023117 4.51601181675e-19)
(55.0129908863 -1.02989541959 4.0586716419e-19)
(55.0511465751 -1.031328047 -2.06292266702e-20)
(55.0893004945 -1.03306954522 -3.78766599393e-19)
(55.1274815568 -1.03514277459 -3.51088676233e-19)
(55.1657203834 -1.03756845064 3.15554702293e-19)
(55.2040490825 -1.04036659243 -3.26105860021e-19)
(55.2425018767 -1.04355771932 4.37499998499e-19)
(55.2811154026 -1.04716288415 4.38026766329e-19)
(55.3199276646 -1.0512035434 -2.06633286003e-19)
(55.3589796705 -1.05569808689 -6.23396328669e-20)
(55.3983081061 -1.06067060162 -1.28418303922e-19)
(55.4379529776 -1.06613124124 -6.59131646792e-20)
(55.4779256461 -1.07205635363 -9.88276916765e-20)
(55.5184395747 -1.07842036763 4.17883745303e-20)
(55.559809187 -1.08542769584 6.38389122023e-20)
(55.6011881668 -1.09301777077 -1.43049216232e-20)
(55.6426144289 -1.1012170448 1.51256100693e-19)
(55.6851990383 -1.11006152768 -4.45711406735e-20)
(55.728531904 -1.11955035147 -4.07276797958e-19)
(55.772267675 -1.12960586786 -3.10245896759e-19)
(55.8168481048 -1.14026992456 3.75985176217e-19)
(55.8624933328 -1.1516009518 2.19944791988e-21)
(55.9090877029 -1.16361837332 -1.87428577494e-19)
(55.9565869071 -1.17627734352 1.88960748032e-19)
(56.0050459949 -1.18957469708 -4.18209128088e-22)
(56.0545892144 -1.20353709024 -2.56371590943e-19)
(56.1053482396 -1.21817159795 -3.15727005607e-19)
(56.1573690476 -1.23347267576 8.79827929507e-19)
(56.2106690155 -1.24943055855 3.32379153188e-19)
(56.2653112851 -1.26603698255 -3.01026830949e-19)
(56.3213778639 -1.28328257279 -8.06878055929e-21)
(56.378937594 -1.30115414937 -3.36174604036e-19)
(56.4380513442 -1.31962924032 -3.39881917952e-19)
(56.498781364 -1.33868010751 -6.78307916342e-19)
(56.5611920886 -1.35827766302 7.13586084693e-19)
(56.6253459807 -1.37838968155 1.05850869278e-18)
(56.6913013895 -1.39897788686 -1.53109855745e-20)
(56.759114044 -1.41999984639 -1.09510013832e-18)
(56.8288370842 -1.44140883221 -3.47931226926e-19)
(56.9005195611 -1.46315292148 3.58211873245e-19)
(56.9742062477 -1.48517600437 5.24801269276e-19)
(57.0499328541 -1.50741631746 2.45767019256e-21)
(57.1277091367 -1.52981007027 -5.0267031872e-19)
(57.2075561377 -1.55229296888 -7.74908327203e-24)
(57.2895543842 -1.57478819211 -4.74774003058e-19)
(57.3737783044 -1.59720400599 -3.05135505481e-19)
(57.4602205773 -1.6194459807 -8.55855111497e-21)
(57.5488414703 -1.64142163056 -2.68664100487e-19)
(57.639624304 -1.66303855433 -2.64131310107e-20)
(57.7325612485 -1.68419621223 1.05403131825e-18)
(57.8276320482 -1.70478726499 3.26082112546e-19)
(57.9248234333 -1.72468507484 -1.55544283142e-19)
(58.0240363102 -1.74378876746 1.0788740712e-21)
(58.1252707189 -1.76198803177 -2.21298213696e-19)
(58.2285593671 -1.77915170506 -1.73305390422e-19)
(58.3337475394 -1.79517950793 2.3716160112e-19)
(58.4406991935 -1.80992774812 1.31954965979e-19)
(58.5493538605 -1.82325084644 -9.91353331474e-20)
(58.6596122648 -1.83522540934 3.87453171794e-20)
(54.7045978091 -1.26340629239 3.51639241152e-19)
(54.7430394033 -1.26082934003 -1.63263663044e-18)
(54.7819412392 -1.25864631515 -8.81580458207e-19)
(54.8204620781 -1.25657988962 4.11626444708e-22)
(54.8585899208 -1.25466073429 7.30691606671e-19)
(54.8963491971 -1.25292008696 -6.78086268845e-19)
(54.933769423 -1.25138862585 -1.28359203879e-18)
(54.9708726493 -1.25009503814 1.73593650147e-18)
(55.007676122 -1.24906871373 6.06933104799e-19)
(55.0441979369 -1.24834051594 -1.0329911145e-18)
(55.0804591044 -1.24794073377 -9.2050859532e-19)
(55.1164814771 -1.24789709845 -1.35632313817e-18)
(55.1522878256 -1.24823554648 1.27741430989e-18)
(55.1879031865 -1.2489816332 1.01447581735e-18)
(55.2233571875 -1.25016337788 -3.31899945887e-19)
(55.2586838267 -1.25181172006 -2.92511580965e-19)
(55.2939193363 -1.25395749032 -2.42042937831e-19)
(55.3291037907 -1.25663295785 -2.71362450445e-19)
(55.3642776585 -1.25986774043 -2.05697870947e-19)
(55.3994898411 -1.26371771953 5.53684335615e-19)
(55.4347678407 -1.26815962617 2.30860495768e-19)
(55.4702038815 -1.27319436321 -3.24785693773e-19)
(55.5061130851 -1.27877048849 -5.85990543774e-20)
(55.5427034785 -1.28518761179 7.34994164988e-20)
(55.5788146452 -1.29234441031 -9.15835396382e-21)
(55.61467445 -1.3003389469 3.991412036e-19)
(55.6513394735 -1.30924260174 2.74916208627e-19)
(55.6884350021 -1.31890092533 -2.0643189703e-19)
(55.7262385874 -1.3293815618 -9.80424840059e-20)
(55.7648919772 -1.34076761009 -8.12439348331e-20)
(55.8041765013 -1.35302531089 -4.6623864363e-19)
(55.8441011337 -1.36616017121 -2.84380669829e-19)
(55.8848853366 -1.38022555283 5.99181111984e-19)
(55.9266726709 -1.39524779881 3.8157169351e-19)
(55.9694769672 -1.41123188353 -2.78583908064e-19)
(56.0133358984 -1.42817983507 3.4397877677e-19)
(56.0583615261 -1.44609224614 6.7185333863e-19)
(56.1046423502 -1.46497657542 2.24213728798e-20)
(56.1522539461 -1.48483993065 -8.25231530182e-19)
(56.2012966073 -1.50567753938 -1.23411890305e-18)
(56.2518577213 -1.52747903817 1.24228358467e-18)
(56.3040149447 -1.55023360486 4.85572197243e-19)
(56.3578538295 -1.57392568141 -3.88530546584e-19)
(56.4134749179 -1.59853110275 4.94965362823e-19)
(56.4709661638 -1.62401921325 -4.81722550655e-19)
(56.5304078918 -1.6503550126 9.30545167676e-19)
(56.5918868103 -1.67749837945 1.7161133491e-20)
(56.6554881897 -1.70540265711 -8.89517267843e-19)
(56.7212933987 -1.73401434343 -5.00314667394e-19)
(56.7893812895 -1.76327338097 -6.07032759697e-20)
(56.8598224978 -1.79311259269 4.93676257152e-19)
(56.9326855748 -1.82345774372 5.74503855519e-20)
(57.008023025 -1.85422838426 1.31047071181e-20)
(57.0858429911 -1.88533856766 2.34286270765e-20)
(57.1661910115 -1.91669690086 2.06104855765e-19)
(57.2492263887 -1.94820007256 8.20607213232e-19)
(57.3350658917 -1.97973446535 -7.96526522274e-19)
(57.4236893215 -2.01117022877 2.94824759542e-21)
(57.5150488814 -2.04237759484 -1.57678000953e-19)
(57.609141674 -2.07322618421 -6.60086335347e-19)
(57.7059945576 -2.10357949499 6.57782911404e-19)
(57.8056067733 -2.13328900508 4.16146489982e-19)
(57.9079460918 -2.16219992347 -2.58346837885e-19)
(58.01297146 -2.1901551276 -4.12419366285e-19)
(58.1206657778 -2.21696859546 6.14340017755e-19)
(58.2308735832 -2.24248648993 8.37923063151e-19)
(58.3435959258 -2.26654420538 -3.11658471941e-19)
(58.4589064425 -2.28897348892 -5.36473821055e-19)
(58.5765294553 -2.30960668155 1.52124281919e-19)
(58.6965970471 -2.32851854556 -1.68115535535e-19)
(54.8567155468 -1.49327916849 -1.04325876577e-18)
(54.8949484193 -1.48813114164 -1.05922793193e-18)
(54.9335250911 -1.48336310192 8.57082088002e-19)
(54.9714893677 -1.47870821396 -8.57819723683e-19)
(55.0088026762 -1.47420671801 -1.50800937334e-18)
(55.0454829364 -1.46990143297 2.10677311946e-18)
(55.081562512 -1.46583304891 -2.00552608028e-18)
(55.1170624777 -1.46203945331 -1.22237075517e-18)
(55.1519947221 -1.45855926646 3.51718611996e-18)
(55.1863734766 -1.4554327242 1.06191842944e-18)
(55.2202208349 -1.45270162751 -9.94209433408e-19)
(55.2535626436 -1.450407468 -4.20031153988e-19)
(55.2864265937 -1.4485912541 -7.38597428196e-19)
(55.318842448 -1.44729428848 -8.12664273573e-19)
(55.3508424463 -1.44655860649 5.89350522322e-19)
(55.382464316 -1.4464277381 2.5287857666e-19)
(55.4137450491 -1.44694690628 -5.39938790835e-19)
(55.4447407381 -1.44816168609 2.07274224327e-19)
(55.4753707523 -1.45011763955 5.30683147772e-19)
(55.5059671799 -1.45280030249 2.30525744646e-19)
(55.5368832982 -1.45619576561 -3.54776262775e-19)
(55.568332872 -1.46025560712 -1.06810213962e-19)
(55.5987134366 -1.46538666815 4.24151116234e-20)
(55.6282586145 -1.47171254142 -1.5636654093e-19)
(55.658382017 -1.47920344003 -1.0504117642e-19)
(55.6885532658 -1.48764492539 -4.70237267829e-19)
(55.7191945336 -1.49713365162 -1.43517289189e-19)
(55.7504043554 -1.50771366323 -5.62036519748e-20)
(55.7820483066 -1.51943121317 -2.64928825265e-19)
(55.8142578435 -1.53236031319 1.6973544212e-20)
(55.8471120966 -1.54653537381 6.8660971139e-19)
(55.8806152819 -1.56197210798 3.39521338921e-19)
(55.9148916937 -1.57869644722 -7.76945030924e-19)
(55.9500949288 -1.59674419306 -9.09811875026e-19)
(55.9863187172 -1.61614277046 1.46085758633e-18)
(56.0236446061 -1.63690914554 2.99083729433e-18)
(56.0621855772 -1.65905694912 -1.05310236109e-18)
(56.1020634373 -1.68260040804 -2.09014273004e-18)
(56.1433932736 -1.70754561577 1.75982579954e-18)
(56.1862876843 -1.7338948082 -1.60773253539e-20)
(56.2308610993 -1.76164601427 -1.26291394569e-18)
(56.2772301627 -1.79079313498 -1.7009643195e-18)
(56.3255137552 -1.82131993943 -6.79001452843e-19)
(56.3758324553 -1.85320160142 1.88122955961e-18)
(56.4283060329 -1.88640623071 -6.28277485995e-19)
(56.483053068 -1.92089439405 7.56699719692e-21)
(56.5401938858 -1.95661887186 5.31246255406e-20)
(56.5998484524 -1.99352435571 6.1933374803e-19)
(56.66213184 -2.03154611111 1.24714298028e-18)
(56.7271569164 -2.07060983356 -6.53611507884e-19)
(56.7950316662 -2.11063154967 -1.20770740478e-18)
(56.8658540246 -2.15151669487 -1.84107705819e-18)
(56.9397030723 -2.19316842487 1.17285952471e-18)
(57.0166286805 -2.23549111674 1.12899664266e-18)
(57.09672129 -2.27835753839 -3.39547026677e-20)
(57.1801427104 -2.32162338795 1.15864788562e-18)
(57.2670703722 -2.3651347659 3.11565344542e-20)
(57.3575628152 -2.40872695464 3.6239041809e-20)
(57.4515767598 -2.45222867707 -1.4047885813e-20)
(57.5491107934 -2.49545992864 -4.77729825709e-19)
(57.6502027795 -2.53823843122 -2.25658666898e-20)
(57.7548705568 -2.5803659591 0)
(57.8631104047 -2.62162737179 -6.05187429571e-19)
(57.9749392391 -2.66180122946 -6.64768898615e-19)
(58.0903297919 -2.70066205082 5.0645242243e-19)
(58.20919726 -2.73798598583 -6.14295466728e-20)
(58.3314414732 -2.77350242597 3.78902722921e-19)
(58.4568491481 -2.80698715704 6.21479915772e-19)
(58.585534111 -2.83817925992 -3.39624162614e-19)
(58.7178601062 -2.86726422151 -1.92495943685e-19)
(55.0453376263 -1.73263947516 -6.19071503645e-19)
(55.0837740989 -1.7237728586 1.01226315465e-18)
(55.122458078 -1.71522059946 1.0530682088e-18)
(55.1602341409 -1.70674252582 1.03714241939e-18)
(55.1970163288 -1.69838830737 -7.93638208325e-19)
(55.2328227405 -1.69021455575 -1.41205347817e-19)
(55.2676945332 -1.68227542507 6.20246187858e-19)
(55.3016510096 -1.67462177638 -6.01278525122e-19)
(55.3346966938 -1.66730595822 -5.91179617135e-19)
(55.3668399047 -1.66038236125 -4.61003438758e-21)
(55.3980995852 -1.65390701069 -3.43028502771e-20)
(55.4284998767 -1.64793696208 -4.90275828254e-19)
(55.4580673393 -1.64253014723 -4.2559461606e-19)
(55.4868313571 -1.63774580983 5.59982151766e-20)
(55.5148268098 -1.63364409655 5.64552560153e-19)
(55.5420905737 -1.63028748735 6.78787559498e-19)
(55.5686671956 -1.62773587447 -3.84675214539e-20)
(55.5945961325 -1.62605790199 -2.84764446314e-19)
(55.6203106248 -1.62523217575 1.62835982286e-19)
(55.6462279888 -1.62517517234 -1.29059614123e-19)
(55.672474715 -1.62633400687 -3.56827272818e-20)
(55.6966880052 -1.62877561886 -4.1597827286e-19)
(55.7183781632 -1.63261506882 5.37408768672e-19)
(55.7404178981 -1.63761611732 8.8925952072e-19)
(55.7633047506 -1.6439298853 2.84773037656e-19)
(55.7866123925 -1.65158725572 -3.41717963519e-19)
(55.8100231934 -1.66065005524 -6.12061533268e-20)
(55.8334117033 -1.67121949348 -3.61394418142e-19)
(55.8569379021 -1.68335700283 -9.13338011363e-19)
(55.8808355716 -1.69711811083 3.70387016461e-19)
(55.9052008661 -1.71256870521 -4.10202735548e-20)
(55.9301021717 -1.72975763048 -1.66698241794e-18)
(55.9556748334 -1.74872599164 -4.6675078732e-21)
(55.982075033 -1.76951899394 -1.01883659902e-19)
(56.0094323119 -1.7921800124 -8.18715350684e-20)
(56.0378716996 -1.81674362731 1.5030396948e-18)
(56.0675367436 -1.8432384343 -1.89765455228e-18)
(56.0985782778 -1.87169015067 -4.72776911399e-20)
(56.1311448756 -1.90211813028 2.22096004402e-18)
(56.1653862467 -1.93453744744 9.30587115721e-20)
(56.2014573546 -1.96895661429 0)
(56.2395161612 -2.00537695895 7.82083473709e-20)
(56.279720945 -2.04379034391 -2.64899029402e-18)
(56.3222321001 -2.08417720607 1.66527173117e-18)
(56.3672146891 -2.12650826366 1.75054254073e-18)
(56.4148356891 -2.17074478285 -1.00319544547e-18)
(56.4652615771 -2.21683721679 1.70280676567e-18)
(56.5186573608 -2.26472477431 -8.90498984314e-19)
(56.5751874983 -2.31433456748 9.78094880766e-21)
(56.6350134825 -2.36558071262 -1.62736795149e-18)
(56.6982921164 -2.41836481359 8.63841025674e-19)
(56.7651445694 -2.47257452168 2.42430305436e-18)
(56.8356189941 -2.52808567577 -8.70534775848e-19)
(56.9098599267 -2.5847584607 -1.58057949345e-18)
(56.9881338796 -2.64244440228 -1.59946859106e-18)
(57.0706929779 -2.70098533318 2.21345218119e-18)
(57.1577113427 -2.76019141789 7.69109455344e-19)
(57.2492330264 -2.81985862804 -1.48058920145e-18)
(57.345278526 -2.87975054609 -2.91896003775e-20)
(57.445883654 -2.93962656447 -1.19652710291e-18)
(57.5511237987 -2.99923802317 -1.75754008299e-20)
(57.6610963984 -3.05832071503 1.17352268764e-18)
(57.7758355645 -3.11659209223 5.52761386516e-19)
(57.8953247654 -3.17375322181 9.51830767367e-19)
(58.0195365063 -3.22949572008 -8.71811834391e-19)
(58.1484857631 -3.28349544489 -7.55067919005e-19)
(58.2821816688 -3.33542478508 1.11760215888e-18)
(58.4205043759 -3.38494027419 -6.63856711941e-19)
(58.5631035737 -3.43161888979 -1.01973635293e-18)
(58.7104045827 -3.47565291436 1.38054648285e-18)
(55.280614412 -1.97654815981 1.8440486739e-19)
(55.3197958466 -1.96226122811 1.26331496099e-18)
(55.3590606757 -1.94814644132 1.96034842686e-18)
(55.3970489761 -1.93402974298 9.22269226343e-21)
(55.4336247656 -1.91997011347 -3.7959503936e-18)
(55.4687989461 -1.9060396303 -1.17785435917e-20)
(55.5026180311 -1.89230883116 -4.18810515816e-20)
(55.5350981326 -1.87884460111 -1.17037635035e-19)
(55.5662347064 -1.86571582904 2.75166922011e-18)
(55.5960279196 -1.8529944223 7.43218734253e-19)
(55.6244912203 -1.84075497019 -1.19481910615e-18)
(55.6516449603 -1.82907406529 -4.80421387802e-19)
(55.6775115928 -1.8180303093 -3.12056497183e-19)
(55.7021205499 -1.80770381634 -2.39823297416e-19)
(55.7254997267 -1.79817793122 3.39221100458e-19)
(55.7477010636 -1.78953373845 -1.17578116661e-19)
(55.7687398535 -1.78186575488 -2.9640526222e-19)
(55.7892171956 -1.77519625225 1.86214573066e-19)
(55.8099581783 -1.76944300864 1.18758238657e-20)
(55.8285905952 -1.76501237515 -3.05055586938e-19)
(55.8442122357 -1.76218827718 2.75752671766e-19)
(55.8590419065 -1.76114555508 4.13354441823e-19)
(55.8739044328 -1.76147030832 -1.6418392648e-19)
(55.8887299347 -1.76319120278 5.38919139684e-20)
(55.9031151056 -1.76652967464 6.38968904367e-19)
(55.9169531046 -1.7716665635 2.06020788198e-19)
(55.9303615657 -1.77873105274 -9.43868044475e-19)
(55.9435149423 -1.78780586128 5.69691984091e-19)
(55.956572388 -1.79895448132 1.12255574405e-18)
(55.9696633364 -1.81225647323 -6.66045961743e-19)
(55.9829144159 -1.82779953246 -5.63902537168e-19)
(55.9964752219 -1.84566576397 -4.46678868406e-20)
(56.0105067604 -1.86593115515 -9.50646615692e-20)
(56.0251679333 -1.88866893138 0)
(56.0406233804 -1.91394581698 -1.74468005159e-18)
(56.0570504805 -1.94182019755 -9.79978122809e-21)
(56.0746278515 -1.97234443785 1.8046414696e-18)
(56.0935360325 -2.00556645073 -1.14566781287e-18)
(56.1139701726 -2.04152763692 -1.06394100673e-18)
(56.1361338187 -2.08026015814 1.12179439446e-18)
(56.1602297276 -2.12178986542 -2.03184152331e-18)
(56.1864649645 -2.16613964362 1.01078655239e-18)
(56.2150519343 -2.21331396781 3.27703001757e-18)
(56.2462059952 -2.26330695578 1.085085559e-18)
(56.2801462157 -2.31610292589 3.50907851225e-18)
(56.3170961871 -2.37167499509 -2.29879394442e-18)
(56.3572817087 -2.42998154494 -2.43342585246e-18)
(56.4009305468 -2.49096430973 7.07096942105e-20)
(56.4482724273 -2.55454720852 -1.02110099726e-18)
(56.4995344715 -2.62063658342 -1.91849264861e-20)
(56.5549396062 -2.68912207592 -1.16808582806e-18)
(56.6146957098 -2.75987835739 1.10237055579e-18)
(56.6789972613 -2.8327603254 -1.04807250975e-18)
(56.7480006792 -2.90760781552 -2.09789227022e-18)
(56.8218785347 -2.98424498403 1.11631656263e-19)
(56.9009542602 -3.06247994696 9.93376533144e-19)
(56.9855744468 -3.14208355715 9.1458735702e-19)
(57.0759947115 -3.22278880366 -1.87175532314e-18)
(57.1723410468 -3.30429771895 1.72434099809e-18)
(57.2746538575 -3.38630440017 8.72377539305e-19)
(57.3830384894 -3.46848897355 1.30384426714e-19)
(57.4976112628 -3.55051083815 7.66554164144e-19)
(57.6184843154 -3.63199424361 -1.49162491532e-18)
(57.7457657546 -3.71253819564 2.19716601557e-20)
(57.8795114635 -3.79172230408 6.65933722735e-19)
(58.0196905236 -3.86910164086 5.12777806298e-19)
(58.1662865471 -3.94421232621 -5.08002115998e-19)
(58.3193330613 -4.01660252278 -1.3047640828e-18)
(58.4787621651 -4.08573920809 4.4709312881e-19)
(58.6443270044 -4.15172926891 5.71679023007e-19)
(55.5691208976 -2.23428122374 2.52038879498e-18)
(55.6099846234 -2.21277943214 -3.64742135713e-18)
(55.6507451497 -2.19122293293 -1.28391449852e-18)
(55.689784018 -2.16953089646 4.47353603898e-18)
(55.7269022462 -2.14777135172 -1.11085067492e-18)
(55.762101423 -2.12603352621 -9.8625575503e-19)
(55.7954319419 -2.10440584255 -1.01070183268e-18)
(55.8269019921 -2.0829726065 4.98018834072e-20)
(55.8564916385 -2.06182107205 1.66848151414e-18)
(55.8841866016 -2.04104322782 -1.45526342614e-18)
(55.9099889324 -2.02073550007 -2.05632971545e-20)
(55.9339077513 -2.00099808588 1.64007958093e-18)
(55.9559591788 -1.98193448992 9.81198003133e-21)
(55.9761550355 -1.9636521143 -1.08926307074e-19)
(55.9945398054 -1.94626191205 -3.89714403801e-19)
(56.0110945405 -1.92988547534 -2.68862618562e-19)
(56.0263449477 -1.91462226192 3.05573817506e-19)
(56.041472488 -1.90048131355 -7.12676617596e-20)
(56.0540906971 -1.88724435242 2.2148393071e-19)
(56.0623578005 -1.87603636968 -9.42010641054e-19)
(56.0687613666 -1.86669202526 -6.99302648577e-19)
(56.0749203343 -1.85902718095 7.90108228282e-19)
(56.0807672646 -1.85310187733 -1.97092790793e-19)
(56.0853703955 -1.84910656147 -2.01782582352e-18)
(56.0885179538 -1.8472799612 -1.04299966696e-18)
(56.0906014632 -1.84779684239 2.01755107832e-18)
(56.0918030577 -1.85080392872 2.09048305038e-18)
(56.0922248743 -1.85636208783 5.89920870647e-19)
(56.0920589468 -1.86453871211 5.75068791184e-20)
(56.0914426022 -1.87544936647 -1.81960729996e-18)
(56.0905402991 -1.8892807082 -1.18086139548e-19)
(56.0895288908 -1.9062122037 1.12329462514e-18)
(56.0885955313 -1.92633810819 -9.97129763965e-19)
(56.0879432171 -1.94974820135 -1.10116398276e-18)
(56.0877836785 -1.97651824195 -6.27219217194e-20)
(56.0883363195 -2.00675618021 2.22401890849e-18)
(56.089819645 -2.04055585601 7.14534854864e-21)
(56.0924638547 -2.07800862217 -1.30835802409e-18)
(56.0965164833 -2.11921492866 -1.38281018055e-18)
(56.1022322579 -2.16426518058 -1.18226563876e-20)
(56.1098729457 -2.21319432759 2.80985085119e-18)
(56.1197051187 -2.26603288099 -1.57271522835e-19)
(56.1320046372 -2.32281218943 -2.94368594997e-18)
(56.1470576063 -2.38355134719 2.65106403957e-20)
(56.1651598834 -2.44825452614 1.55077377585e-18)
(56.1866130203 -2.5169127141 1.59193911743e-18)
(56.2117226811 -2.58950167005 1.43412201514e-18)
(56.2407976181 -2.66597866509 -4.48869719536e-18)
(56.2741485331 -2.74628097776 -4.16782393195e-18)
(56.3120794455 -2.83032488063 1.54655067554e-18)
(56.3548809714 -2.91800497634 1.32738694729e-18)
(56.4028338218 -3.00918808527 1.31903781538e-18)
(56.4561549192 -3.10371587822 -1.37796296953e-18)
(56.5151471712 -3.20139153671 2.64834036693e-18)
(56.58023361 -3.30202437466 2.64235726999e-18)
(56.651879648 -3.40539661577 -1.24927609693e-18)
(56.730532119 -3.51131366378 6.9999527717e-20)
(56.8165155371 -3.61946390945 -2.53824104543e-18)
(56.9100204954 -3.72946060483 1.27681925268e-18)
(57.0111735892 -3.84090248436 4.54682268523e-18)
(57.1201822495 -3.95338580054 -1.11300492186e-18)
(57.2373512741 -4.0664708808 -4.06192869611e-18)
(57.3629409589 -4.17967749534 1.95805232814e-18)
(57.4970952313 -4.29249002757 3.77896842734e-18)
(57.6399462544 -4.40433898942 -5.00593428157e-18)
(57.7916655892 -4.51462180709 -2.33290634299e-18)
(57.9523111328 -4.62271589375 3.37705486555e-18)
(58.1218435021 -4.72796024973 4.89791818512e-20)
(58.3003082041 -4.82961720335 -1.05454465265e-18)
(58.4877677046 -4.92777834585 -1.97755049642e-18)
(55.9205359828 -2.50685748037 5.26663884054e-18)
(55.9642330081 -2.47563560652 2.57167593234e-19)
(56.0076249554 -2.44401040743 -6.61169363997e-18)
(56.0487749994 -2.41203588018 -1.37192945745e-18)
(56.0874072327 -2.37978522189 -1.26484181171e-18)
(56.1235111719 -2.34736319518 6.51322103176e-20)
(56.1571393009 -2.31487563655 9.50802041599e-19)
(56.1882864898 -2.28242391949 2.9403906631e-18)
(56.2169095653 -2.25011346702 8.62957215876e-19)
(56.2429714809 -2.21805677354 -5.92116194492e-19)
(56.2664528427 -2.18637328636 7.28032381169e-19)
(56.2873455532 -2.15518906559 -5.6989292647e-19)
(56.3056398991 -2.12463472917 8.3368035823e-19)
(56.3213417536 -2.09485108071 3.74850343759e-19)
(56.334398879 -2.06597065819 -1.08929213362e-18)
(56.3450954717 -2.03819112284 7.93562471182e-20)
(56.3544021443 -2.0116199766 1.76543611001e-19)
(56.3637550861 -1.98624063795 5.21481096033e-20)
(56.3671349639 -1.96266192149 -2.89854940342e-19)
(56.3633704751 -1.94079347968 6.7829611892e-19)
(56.3595456317 -1.9208037453 1.34821244431e-18)
(56.3559338909 -1.90281895706 1.25760422686e-18)
(56.3504750209 -1.88707473312 -4.8446537561e-19)
(56.3423639343 -1.87382369424 -1.76009608997e-18)
(56.3320011976 -1.86322396273 -2.54976882196e-18)
(56.3198894134 -1.85547188364 -1.1089347701e-18)
(56.3061725311 -1.85072390767 1.83850297793e-18)
(56.2909056438 -1.84911713971 1.13276090142e-18)
(56.274255429 -1.85089108871 1.15155909403e-18)
(56.2564312883 -1.85627562731 1.23511281983e-18)
(56.2376355286 -1.86543051876 -5.00694702721e-18)
(56.2180758133 -1.87853594216 -1.45746851998e-18)
(56.1979732594 -1.89576697359 2.83020857158e-18)
(56.1775716147 -1.91728356165 1.3761536112e-18)
(56.1571285803 -1.94323244472 -5.94227122017e-20)
(56.1369044778 -1.97372610173 -1.64455577558e-18)
(56.1171857488 -2.00887714495 3.44586788564e-18)
(56.0982911962 -2.04891574336 -1.71419617054e-18)
(56.0804891284 -2.09399587746 -5.20089534098e-18)
(56.0640933537 -2.14414959913 5.20453118097e-18)
(56.0494444194 -2.19950716005 3.71085851107e-18)
(56.0368734764 -2.26018112274 -1.65551170067e-19)
(56.0267183923 -2.32626476654 -3.78351227568e-18)
(56.0193421489 -2.39782901206 -5.55360837461e-18)
(56.0151268539 -2.47492862 4.08806335928e-18)
(56.0144631715 -2.55759351578 -1.79498954225e-18)
(56.0177493409 -2.64582786876 -2.05656142339e-18)
(56.0253940697 -2.73961290024 9.5298316017e-20)
(56.0378174772 -2.83890651015 5.45034140978e-18)
(56.055445316 -2.94364569427 7.45935430059e-18)
(56.0787236568 -3.05374608881 -5.54365749045e-18)
(56.108091974 -3.16909369338 -3.74164042332e-18)
(56.1440301008 -3.2895505545 -3.52334585314e-18)
(56.1868505401 -3.41492990689 3.62791662448e-18)
(56.2368228628 -3.54503925821 1.69473200155e-18)
(56.2942501681 -3.67965897728 -5.36833253828e-18)
(56.3598385703 -3.81858166572 -1.02121666537e-20)
(56.4346842722 -3.9615042611 1.71851228289e-18)
(56.5192988926 -4.10802402123 1.60914102477e-18)
(56.6138017655 -4.25764257553 -6.72545859253e-20)
(56.7184654237 -4.40985665969 4.18341690538e-18)
(56.8337128611 -4.56414319114 1.35782239435e-18)
(56.9599386163 -4.71991955295 -3.82367647907e-18)
(57.0976006367 -4.87652491135 -1.29823714565e-18)
(57.2471025197 -5.03323672528 -1.27713686439e-19)
(57.4086049746 -5.18925920165 2.044462329e-19)
(57.5823680996 -5.343734594 0)
(57.7687031095 -5.49577781031 -1.75342830861e-18)
(57.9676766489 -5.64431053536 7.30245439964e-19)
(58.1793413068 -5.78938490982 2.08794958773e-18)
(56.3479080456 -2.80499572547 3.84726348582e-18)
(56.3962789447 -2.76165233425 4.59846662071e-18)
(56.444101161 -2.71743982061 -4.80322496303e-18)
(56.4891030219 -2.67257417887 -2.6762601345e-18)
(56.5309312607 -2.62712612649 1.84593830308e-19)
(56.5695527856 -2.58120870688 -1.500062216e-18)
(56.6050123396 -2.5349375941 8.43914752399e-20)
(56.6372827318 -2.48842370334 1.35847418519e-18)
(56.6662879474 -2.44178369418 8.31506711803e-19)
(56.6919568009 -2.3951446531 -8.28431447154e-19)
(56.7142369381 -2.34864455994 -7.09373494325e-19)
(56.7330889105 -2.30243222033 4.64663391102e-19)
(56.7484636011 -2.25666444756 -1.8587610828e-19)
(56.7603539614 -2.21151659087 -6.83421683338e-19)
(56.7686210928 -2.16714843413 1.85625674221e-20)
(56.7737445254 -2.12383567356 4.1659660784e-19)
(56.777782756 -2.08185135067 2.0675831364e-20)
(56.7764439143 -2.0407007104 4.7889203412e-19)
(56.7675415275 -2.00173675103 8.57463378267e-19)
(56.7563741166 -1.96466904165 -1.28539245139e-19)
(56.7436143674 -1.92952647383 -1.65094270333e-18)
(56.7278636957 -1.89666278885 -3.29937312235e-19)
(56.7084516773 -1.86642392635 -1.19294004257e-18)
(56.6855406232 -1.8391163765 2.13016782087e-19)
(56.6595180384 -1.81491041899 2.91635450845e-18)
(56.6306240166 -1.79415014318 -2.93859437863e-19)
(56.5989477032 -1.77707787167 -1.44738610581e-18)
(56.5646291859 -1.76394896783 1.90798360438e-19)
(56.5278659596 -1.75501025133 -1.76955812948e-19)
(56.4888880281 -1.75054345715 2.6058669176e-19)
(56.4479292779 -1.75082879248 4.83105535393e-18)
(56.405232815 -1.75612757873 -2.58712309198e-19)
(56.3610640217 -1.76669560006 -1.85426184434e-18)
(56.3157107395 -1.7827770273 1.77005472919e-20)
(56.269478285 -1.80461230259 -3.90671853954e-18)
(56.2226896933 -1.83241107603 -6.21469442398e-18)
(56.1756878456 -1.86635698927 -1.17023637508e-19)
(56.1288392006 -1.90665488599 6.73076623864e-18)
(56.0825130981 -1.95354278012 4.4049661696e-18)
(56.0370860797 -2.00721824947 2.27990567981e-18)
(55.9929520361 -2.06780715061 -4.49557530794e-18)
(55.9505458257 -2.13540118891 -4.69983740718e-18)
(55.9103048456 -2.21024655084 2.46942580099e-18)
(55.8726511266 -2.29249305621 -7.2251278223e-18)
(55.8380429802 -2.38224005554 -5.12574257412e-18)
(55.8069678821 -2.47956853245 1.46832965835e-17)
(55.7799203097 -2.58454786944 -1.6028167785e-19)
(55.7574070254 -2.69723201707 -7.39552125818e-18)
(55.7399529943 -2.81765487724 4.85915317539e-18)
(55.7280899245 -2.94582316855 9.96660890235e-18)
(55.7223674093 -3.08171087649 2.39509316934e-18)
(55.7233348411 -3.22526874451 -7.39446966067e-18)
(55.7315711901 -3.37639010936 -4.5591733861e-18)
(55.74764417 -3.53494539167 4.70770930995e-18)
(55.7721502336 -3.70069906226 4.58404787205e-18)
(55.8056214455 -3.8734722538 -4.59386039072e-18)
(55.8489077756 -4.05302529531 -4.41719017756e-18)
(55.9031220312 -4.23927549217 2.12493562895e-18)
(55.9691835329 -4.43193476666 -4.28539784716e-18)
(56.0476439071 -4.63047861912 -1.9981170962e-18)
(56.1388745072 -4.83424037202 1.96303017416e-18)
(56.2435403854 -5.04261306213 1.58588245877e-18)
(56.3624721181 -5.25495335429 1.85247863102e-18)
(56.4963827187 -5.47048765197 -3.43773374689e-18)
(56.6459237411 -5.68832670646 -2.65497119063e-21)
(56.811793025 -5.90749460672 1.49819268323e-18)
(56.9945272857 -6.12685722415 2.74605745986e-19)
(57.1946684812 -6.34520681479 2.19423693515e-19)
(57.4128295642 -6.56113708241 4.88162024706e-20)
(57.6487488681 -6.77439081374 1.50667466142e-18)
(56.858388685 -3.13253916019 -2.22582715436e-18)
(56.9133272164 -3.07392140574 7.38542524569e-18)
(56.9675977344 -3.0138222145 1.35518897598e-18)
(57.0184879031 -2.95264709748 -1.67681787967e-18)
(57.0655453662 -2.89044766431 -1.62866747527e-18)
(57.1087202017 -2.82733086551 -1.64347682068e-18)
(57.148050472 -2.76340918152 5.47273262343e-18)
(57.1834758675 -2.69878990294 1.47390966869e-19)
(57.2148692585 -2.63358788406 -2.50147778428e-18)
(57.2421037896 -2.56793299783 1.80874121472e-18)
(57.2650690314 -2.50197177412 -7.04785227072e-19)
(57.2836681779 -2.43586861151 -2.58794512847e-18)
(57.2977763464 -2.36980201152 4.27726695715e-19)
(57.3073505952 -2.3039796728 5.53550855254e-19)
(57.3120444491 -2.23859223238 9.66355720406e-20)
(57.3124342808 -2.17394478082 1.9519010161e-19)
(57.3113435981 -2.11064155242 8.16740968325e-20)
(57.3031623782 -2.04809472899 -5.30851504618e-20)
(57.2849212331 -1.98675182027 7.5104321447e-19)
(57.2631851341 -1.92748330505 1.37851958409e-18)
(57.2388578642 -1.87058325262 -6.38218235639e-20)
(57.210107322 -1.81621404068 -1.47413418491e-18)
(57.176005547 -1.7646674842 2.35173871318e-19)
(57.1367442072 -1.71638520443 -4.6610941021e-19)
(57.0928020581 -1.67173636728 2.69150423053e-18)
(57.0444147283 -1.63111432041 1.63011112078e-18)
(56.9916434456 -1.59488016889 -4.92775228595e-18)
(56.9346267409 -1.56341344699 1.32905880036e-18)
(56.8736065966 -1.53708788901 1.8518869192e-18)
(56.8088574919 -1.51626936386 -5.57743684871e-18)
(56.7406598736 -1.50132233475 7.6721173674e-21)
(56.6693106748 -1.49260632699 6.55804084969e-18)
(56.5951335199 -1.49047441365 3.40846584535e-19)
(56.5184778488 -1.49526773393 1.69595216052e-19)
(56.4397133657 -1.50732108769 2.43435650762e-18)
(56.3592277125 -1.52695757977 -2.08559326969e-18)
(56.2774293478 -1.55447843021 -2.69540222829e-18)
(56.1947479622 -1.59016670351 -4.90391855727e-18)
(56.1116268459 -1.63430912283 -1.91257236776e-20)
(56.028518601 -1.68718581349 2.82541257707e-18)
(55.945889028 -1.74904527874 2.67410025516e-18)
(55.8642225318 -1.82009996089 -2.85096655332e-18)
(55.78401996 -1.90057484134 1.07801874853e-19)
(55.7057979864 -1.99069069205 9.09163905241e-18)
(55.6300960519 -2.09065169111 -3.17278430087e-18)
(55.5574796981 -2.20064334263 -6.32896729079e-18)
(55.4885473016 -2.32083291534 1.21423494366e-19)
(55.4239278567 -2.45137013479 -6.01962941541e-20)
(55.3642830358 -2.59240193818 -4.88586425691e-20)
(55.3103302827 -2.74408227946 9.50732525156e-18)
(55.2627996345 -2.90652739771 3.22820560218e-18)
(55.2225339075 -3.07982780916 -1.24739359809e-17)
(55.1903892612 -3.26404070116 1.43414177885e-19)
(55.1672603748 -3.45917157492 3.02782166112e-18)
(55.1536082846 -3.66515396722 -3.08367374942e-18)
(55.1497638866 -3.88181909939 -5.5625365102e-18)
(55.1560306611 -4.10902013137 -5.69141102109e-18)
(55.173659874 -4.34665026608 -1.50396550895e-20)
(55.205015621 -4.59476052086 8.00047337019e-18)
(55.2518034424 -4.85313431212 7.96345016374e-18)
(55.3146973253 -5.12125055259 -4.96739723476e-18)
(55.394106512 -5.39836281227 -1.54199750353e-19)
(55.4911332314 -5.68377774617 -4.49676993076e-18)
(55.6072166484 -5.97675570762 -2.19001208045e-18)
(55.7435836497 -6.27637066934 6.24105037304e-18)
(55.9014104662 -6.58147968823 3.91404163965e-18)
(56.0820223647 -6.89075644934 5.76761417559e-18)
(56.2865160409 -7.20264129637 -3.34222401405e-18)
(56.516241276 -7.51519662932 -1.63317697121e-18)
(56.7710140335 -7.82797211501 -4.04386400934e-18)
(57.4702223274 -3.50603584078 -9.86330139004e-19)
(57.5347218735 -3.43021042931 -9.25215614656e-18)
(57.5984290811 -3.35224685515 -2.62291296811e-19)
(57.6582688409 -3.27270196963 6.42148781676e-18)
(57.7137326879 -3.19155798107 -1.93188757813e-18)
(57.7647396631 -3.10886050503 -1.51942744343e-18)
(57.8112995238 -3.0246615877 3.29471383229e-18)
(57.8533035392 -2.93900921699 -1.43213448025e-18)
(57.89055655 -2.85196433242 -1.4885460815e-18)
(57.9228517772 -2.76361220781 2.3766298881e-18)
(57.9499901044 -2.67406669636 1.87521181529e-18)
(57.971773926 -2.58347256521 -4.05805277446e-19)
(57.9879769425 -2.49200707484 -4.12088349653e-19)
(57.9984184812 -2.39988402925 2.99332708534e-19)
(58.0028265373 -2.30736492285 -5.32016264478e-19)
(58.0009376886 -2.21466189135 1.72206261934e-19)
(57.9960349454 -2.12275572978 -2.44758817658e-19)
(57.9830803811 -2.0313664724 -5.29989273924e-19)
(57.9580726457 -1.9399330658 -7.71949177927e-19)
(57.9273734342 -1.85010127261 1.30922324199e-18)
(57.8920615822 -1.76260463147 2.58231651505e-19)
(57.8503401718 -1.67759301592 -2.6027491733e-18)
(57.8011453896 -1.59543046215 1.04974976515e-18)
(57.7445459571 -1.51670910385 -1.07378721473e-19)
(57.6810227895 -1.44204317141 -1.51461149003e-18)
(57.6108191836 -1.37199983216 7.10699444021e-18)
(57.5339761483 -1.30713296231 3.78484871754e-18)
(57.4506457671 -1.2480027316 -2.37478999089e-18)
(57.3611055562 -1.19516658567 -4.31302841635e-18)
(57.265672118 -1.14916662519 -2.5035675723e-18)
(57.1646815283 -1.11052447987 -1.27469896154e-19)
(57.0585020101 -1.07974245717 -8.09386598706e-18)
(56.9475404202 -1.05730086979 4.77976186494e-19)
(56.8322378118 -1.04365337165 9.10415636122e-18)
(56.7130625511 -1.03922938259 -8.88459861162e-18)
(56.5905058575 -1.04443751268 -6.28945116498e-18)
(56.4650797074 -1.05966340103 8.51173188941e-19)
(56.3373157092 -1.08526753993 6.72211760975e-18)
(56.2077622131 -1.12158965611 9.96617446976e-18)
(56.0769789652 -1.16895211668 3.56267091238e-18)
(55.9455332961 -1.2276575398 2.97244176071e-20)
(55.8139981831 -1.29799759191 -7.39987901147e-18)
(55.6829535796 -1.3802765409 3.50033034489e-18)
(55.5529938578 -1.47482160578 1.73850951784e-19)
(55.4247273978 -1.58197207774 -3.61527621065e-18)
(55.2987743459 -1.70207150109 4.00482699509e-18)
(55.1757711291 -1.83546819962 0)
(55.0563726369 -1.98251094737 0)
(54.941266028 -2.14352255942 0)
(54.8311749532 -2.31877848062 -5.41223744403e-20)
(54.7268743556 -2.50854359045 8.00252800721e-18)
(54.6291662112 -2.71304289419 -3.90546507047e-18)
(54.5390122095 -2.93249769321 -1.1731347222e-17)
(54.4574456884 -3.1670916091 3.99398558917e-18)
(54.385681794 -3.41699599181 3.73679490028e-18)
(54.3245264235 -3.68221994919 3.67237974114e-18)
(54.2746176903 -3.96269661791 -4.02205833136e-18)
(54.2365091948 -4.25827826209 -3.62199686966e-18)
(54.211572142 -4.5691323979 4.63603718435e-19)
(54.2024721701 -4.89574028999 -3.75440394263e-18)
(54.2116662243 -5.23852107976 -2.83882030842e-19)
(54.240726165 -5.59742645605 1.00151761545e-17)
(54.2906210883 -5.97193242409 6.41547536173e-18)
(54.3629880086 -6.36132323778 -5.76026287303e-18)
(54.4600141539 -6.76486709879 -2.9555504791e-18)
(54.5839941084 -7.18156609051 5.60611639846e-18)
(54.7373133358 -7.61006194429 -2.81830364039e-18)
(54.9225107863 -8.04876956446 -4.99712945932e-18)
(55.1425787885 -8.4955266487 2.08945858799e-18)
(55.3979181711 -8.94993227501 -3.45845691979e-19)
(58.18124071 -3.92651210666 -3.40805927772e-19)
(58.2571483515 -3.83087535174 -2.90493248836e-18)
(58.3328839285 -3.73246591904 -2.23013122982e-18)
(58.4048508538 -3.63198334788 2.54101693708e-19)
(58.472457168 -3.52929295875 4.69787560163e-18)
(58.5356289469 -3.42431708389 -2.31097982972e-19)
(58.5943611388 -3.31697984786 1.45291348168e-19)
(58.6484654726 -3.20719510606 -1.43064802204e-19)
(58.6976180709 -3.09488793817 -1.41045700193e-18)
(58.7414528798 -2.98001300535 0)
(58.7795884603 -2.86256630998 3.11778969055e-18)
(58.8116108647 -2.74259218725 7.25047810107e-19)
(58.8370801334 -2.62019477047 -3.8192615232e-18)
(58.8554888985 -2.49553354669 -2.78771810671e-18)
(58.8665127475 -2.3688762104 1.11520871551e-18)
(58.8689088141 -2.24042314172 9.0541960082e-19)
(58.8646273827 -2.11087363877 -1.05045951242e-19)
(58.8537358476 -1.98137009918 5.99631762878e-19)
(58.8296821514 -1.85018365456 -5.18463341494e-19)
(58.7926693284 -1.71890600209 6.80946287137e-19)
(58.7479462938 -1.58913099984 -1.59769690786e-18)
(58.6950959249 -1.46137328751 1.33351506714e-18)
(58.6317297969 -1.33605640166 3.65601192274e-18)
(58.5573233437 -1.21393212668 -1.44448409132e-18)
(58.4724834818 -1.09591639309 -2.557679091e-18)
(58.3775390254 -0.982900275745 0)
(58.2725490928 -0.875712452622 2.75408878732e-18)
(58.1577237542 -0.775177352311 5.10387706162e-18)
(58.0334350711 -0.68212355767 -5.48028891446e-18)
(57.9001266359 -0.597354898138 -6.46334036086e-18)
(57.7582844201 -0.521637663608 2.82068058275e-18)
(57.6084392906 -0.455703824505 -6.45554928497e-18)
(57.4511692836 -0.400248006628 -6.81424983542e-19)
(57.2870915318 -0.355918144213 1.80837573254e-19)
(57.1168508029 -0.32331278268 3.44195719536e-18)
(56.941111117 -0.302982500199 3.68687528535e-18)
(56.7605495639 -0.295431182228 -8.24780781693e-18)
(56.5758509961 -0.301117563576 4.08642348868e-18)
(56.3877032311 -0.320457965377 -3.27043490802e-19)
(56.1967918069 -0.353829922806 8.62204004713e-20)
(56.0037944791 -0.40156859065 9.03686059684e-18)
(55.8093752019 -0.463971724666 -2.13882324207e-19)
(55.6141857521 -0.541331876597 -4.66381539601e-18)
(55.4188741341 -0.633958258944 2.60495272191e-19)
(55.2240854748 -0.742166748342 -1.1392973152e-19)
(55.0304565672 -0.866278587674 9.71721178552e-20)
(54.8386129658 -1.00664101433 0)
(54.6491844079 -1.16364336834 -4.96375422739e-21)
(54.4628123132 -1.33772347058 4.66368848344e-18)
(54.2801565547 -1.52936595678 1.95390485601e-19)
(54.1019412957 -1.73909675633 -4.67868686016e-18)
(53.9289835183 -1.96748127499 1.95517560605e-19)
(53.7621715766 -2.21509460078 4.7321736575e-18)
(53.6025445773 -2.48268682078 4.94221497848e-18)
(53.4512789011 -2.77093871761 -4.95178857058e-18)
(53.3096776991 -3.08058030607 -4.93595049129e-18)
(53.1787997557 -3.41215266967 4.90498465305e-18)
(53.0591106365 -3.76616230494 4.52771929991e-18)
(52.9507376666 -4.14280835975 -1.33494677056e-17)
(52.8546338267 -4.54254052264 -1.28283032369e-17)
(52.7737107779 -4.96614035434 8.79220769571e-18)
(52.7122160555 -5.41478734976 3.62615017931e-18)
(52.6738288766 -5.88957863287 8.56845862859e-18)
(52.6605488028 -6.3912457534 2.28075613508e-19)
(52.6743677588 -6.92012961602 -7.81126910805e-18)
(52.7189480996 -7.47638135169 -5.10312050597e-19)
(52.7988660198 -8.05994454133 3.45599694086e-18)
(52.9190018319 -8.67073425929 3.78199055512e-18)
(53.0853854819 -9.30802021863 -5.99657370956e-18)
(53.2989352339 -9.97223305483 8.4819894048e-19)
(59.0098803588 -4.42070974398 -2.05139151659e-18)
(59.0998012352 -4.31009877576 -3.35803953644e-18)
(59.1898617706 -4.19656228265 0)
(59.2766704628 -4.08054623076 1.78165831164e-19)
(59.3598835914 -3.96154526574 -2.73882050375e-18)
(59.439519002 -3.83903705093 -4.40255621171e-21)
(59.5155860095 -3.7125075803 2.47922403042e-18)
(59.5878685589 -3.58145895082 1.35997824399e-20)
(59.6559663501 -3.4454261009 0)
(59.7193658997 -3.3039994707 3.92269288007e-18)
(59.7774586435 -3.15685164608 -1.75202126504e-18)
(59.8295272501 -3.00376024592 -3.84716851541e-18)
(59.8747555507 -2.84463025153 -1.57329950157e-19)
(59.9122411496 -2.67951123736 5.69070563452e-19)
(59.9410331559 -2.50860333919 2.69862549198e-18)
(59.9602484972 -2.33231690072 1.32360014965e-18)
(59.9681404147 -2.15095393985 6.45526238169e-19)
(59.9678615289 -1.96620245081 8.45346668744e-19)
(59.95445161 -1.77832207594 -2.44763297116e-19)
(59.9222827545 -1.58685804755 1.0891344621e-18)
(59.8772284202 -1.39350285766 -1.02836993932e-18)
(59.8197470497 -1.20110635467 -6.05757161672e-19)
(59.7476227952 -1.01076667935 1.57536941293e-18)
(59.6597945155 -0.823323049585 4.09382426496e-18)
(59.5562541323 -0.640103156809 1.91104256545e-19)
(59.4372971266 -0.462719988924 -2.50254403084e-18)
(59.3031996009 -0.292675092965 2.81744448701e-18)
(59.1542075057 -0.1312878949 -6.64129384351e-18)
(58.9907417992 0.0201850717927 7.41111126181e-18)
(58.8134314866 0.160554715788 1.1027822789e-17)
(58.6230169273 0.288738489713 -1.2037447565e-17)
(58.4203188078 0.403760515944 -4.42719422017e-18)
(58.206240949 0.504745155421 -9.33562123727e-18)
(57.9817561233 0.590917852203 4.2123569421e-18)
(57.7478799939 0.661601233182 4.32522093347e-18)
(57.5056464071 0.716210418608 -1.42335845402e-17)
(57.2560876061 0.75424976464 1.21407102392e-19)
(57.0002180113 0.775306866999 1.0171370344e-17)
(56.7390200882 0.779044253813 1.01286596163e-19)
(56.47343153 0.765190848545 -8.80765668305e-19)
(56.2043336212 0.733539776278 5.14800632787e-18)
(55.9325402066 0.683935029771 -5.46449124023e-18)
(55.6587972101 0.616220191803 5.88354396213e-18)
(55.3837931019 0.530199692538 -2.0748143426e-19)
(55.1081600384 0.425652417278 -1.12953978307e-17)
(54.8324684928 0.302339286147 -4.31303993466e-20)
(54.5572287668 0.159982334505 6.19708366211e-18)
(54.2828967842 -0.00175292906601 3.02421126681e-21)
(54.0098884335 -0.183274845792 -1.17220399843e-17)
(53.7385963806 -0.385079583832 -6.03192721344e-18)
(53.4693928421 -0.607767177862 5.88039496436e-18)
(53.2026791203 -0.852066702125 -5.35429535568e-18)
(52.938925063 -1.11886323011 5.69630546588e-18)
(52.678705403 -1.40904867357 1.15343786013e-17)
(52.4227382297 -1.72374003046 -6.05201995015e-18)
(52.1720456704 -2.06415121359 -5.54564159344e-18)
(51.9277411921 -2.43172700696 5.98327946338e-18)
(51.6913494413 -2.82805556255 -4.8991323552e-18)
(51.4643255925 -3.2546720091 -1.13633423576e-17)
(51.2474020382 -3.71290284513 1.05173953811e-17)
(51.0408413694 -4.20417834673 1.11301222977e-17)
(50.8448991622 -4.73060940133 5.46646576948e-18)
(50.6611746923 -5.29519206526 2.3669178702e-20)
(50.4937138181 -5.90191146378 1.58668263489e-17)
(50.3485553669 -6.55550381516 -5.2520665649e-18)
(50.232547416 -7.2613363772 -2.57841051139e-17)
(50.1516953649 -8.0245682615 4.9572068322e-18)
(50.1101601785 -8.84678546536 1.42899489358e-17)
(50.1145843918 -9.72713416369 -1.46135732581e-19)
(50.1600961403 -10.6562250069 -2.12107231227e-17)
(59.8452577519 -4.93759198467 -7.04367504627e-21)
(59.9448357149 -4.81098183067 -3.88640221337e-19)
(60.0496675539 -4.68380591 -1.06104158859e-20)
(60.1554521168 -4.55606904198 1.06546331731e-20)
(60.2617057379 -4.42644923883 3.66051415049e-18)
(60.3687474008 -4.29373311659 4.29382693568e-19)
(60.4767492599 -4.15677571237 -1.98928699622e-20)
(60.5852759378 -4.01423684843 4.36127335565e-19)
(60.6935861005 -3.86466990132 -6.75204068098e-18)
(60.8006684966 -3.70666733594 -4.76266221844e-19)
(60.9052205627 -3.53894002879 2.84438126571e-18)
(61.0056509641 -3.36037460553 7.17498389174e-21)
(61.1001256085 -3.17008067276 2.19329134932e-18)
(61.1866301563 -2.96744742736 4.52545028913e-18)
(61.2630329401 -2.75220051475 -1.838995442e-18)
(61.3270943307 -2.52443996093 -1.47354883245e-18)
(61.3767634518 -2.2847044198 2.1209677897e-18)
(61.4091551148 -2.03361434182 -2.34413052497e-18)
(61.4245198359 -1.77346300075 -1.85448115841e-18)
(61.4233639648 -1.50515800062 6.54112992081e-19)
(61.3951133347 -1.22915556917 -1.05657790901e-18)
(61.3378071348 -0.946627969924 1.34625280333e-18)
(61.2588728683 -0.662974538612 -3.57378840062e-19)
(61.1577673221 -0.380255482116 -4.40371138954e-18)
(61.031583103 -0.0999050595394 5.46654260962e-20)
(60.8796249714 0.175683947667 3.58159885735e-18)
(60.7032733027 0.443729700238 7.13799129384e-18)
(60.5039456722 0.701592018233 4.02911193983e-18)
(60.2827213823 0.946879752022 -1.37514644385e-17)
(60.0409484382 1.17739463467 -9.20393653002e-18)
(59.7802255095 1.39110366839 1.12671074182e-17)
(59.5022242713 1.58621548541 5.18374298361e-18)
(59.2086183032 1.76123204536 -6.55274432905e-18)
(58.9010718195 1.91496375617 1.14967602991e-17)
(58.5812490956 2.0465125745 5.11027803928e-19)
(58.2508102786 2.15524408247 -1.30660470334e-17)
(57.9113808615 2.24076040769 6.08476318823e-18)
(57.5645116827 2.30287191523 -3.64871027815e-19)
(57.2116483685 2.34156868328 -6.12382727566e-18)
(56.8541100158 2.35699386481 2.10053627371e-19)
(56.4930694357 2.34942872144 2.02625159278e-17)
(56.1295354098 2.31926398645 -6.42998012866e-18)
(55.7643494178 2.2669180075 -8.07565674934e-18)
(55.39819559 2.19277174861 3.74529194491e-19)
(55.0315977633 2.09717575661 -1.3227601045e-17)
(54.6649074651 1.98044712712 -7.12633798171e-18)
(54.2983149316 1.84282411543 -1.88863264188e-20)
(53.9318687177 1.68442407794 6.72708705419e-18)
(53.5654859723 1.50521325884 6.29488723858e-18)
(53.1989803765 1.3049757178 1.93206082446e-17)
(52.8320967012 1.08327750925 -2.34700789083e-19)
(52.464505403 0.83942659178 -1.93708970955e-17)
(52.0958224831 0.572409985923 -7.19570455313e-18)
(51.7256509636 0.280842033454 1.99049710841e-17)
(51.3535150138 -0.0370253877578 -1.9368886677e-17)
(50.9789174644 -0.383336104672 -7.67603194614e-18)
(50.6016512594 -0.760420616712 1.98583122191e-17)
(50.2212252427 -1.17052599627 -5.98953813764e-18)
(49.8374762146 -1.61550162958 -1.87027768312e-19)
(49.4507797028 -2.09675802011 3.70834185397e-20)
(49.0621414781 -2.61594897755 2.02016952963e-17)
(48.6722894548 -3.17629246321 -6.83959698378e-18)
(48.2823645875 -3.78389178443 -7.4180569009e-18)
(47.8928496731 -4.44792159708 2.41495768083e-19)
(47.503564246 -5.17883816093 7.10964801589e-18)
(47.1132071183 -5.98398436708 6.31988755292e-20)
(46.7207415032 -6.86443231135 -2.08691258988e-17)
(46.3260653408 -7.81438667369 4.54725563378e-19)
(45.9366977574 -8.82034083837 4.0837283305e-17)
(45.5516498035 -9.88209675917 -6.20354434162e-18)
(60.7624839231 -5.57295017298 -1.00919512879e-17)
(60.8550054493 -5.47366882777 -4.1714293635e-18)
(60.9513521692 -5.37628389288 6.99864269044e-18)
(61.0544747897 -5.2797552389 4.13204697672e-18)
(61.1668444144 -5.18166662883 3.7133897085e-18)
(61.2892254599 -5.07913883807 -5.02684193765e-18)
(61.4221029695 -4.96887744574 3.7150023384e-18)
(61.5660606586 -4.8472343715 -8.98927362717e-18)
(61.7211915788 -4.71036439786 -1.69869492504e-17)
(61.886295068 -4.55472431983 1.70674752946e-17)
(62.0593380543 -4.3769414138 4.92190305298e-18)
(62.2375918682 -4.17437517011 -1.25224952023e-17)
(62.4176914363 -3.94496624646 -2.15454476572e-19)
(62.5956012598 -3.68722594369 3.23134124009e-18)
(62.76667764 -3.40040076795 9.26177317703e-18)
(62.9259386961 -3.08456246857 4.05743709474e-18)
(63.068354479 -2.74054881433 -9.11683508588e-19)
(63.1892268739 -2.37001704915 -2.40554342868e-18)
(63.2841944157 -1.97532951835 5.36833535077e-19)
(63.3492715819 -1.56044475791 -5.16260366298e-19)
(63.3880551373 -1.13097053144 -1.6815807961e-18)
(63.3863166437 -0.68958811888 9.56437329311e-20)
(63.3359790992 -0.240798370927 1.17696994968e-18)
(63.2497160248 0.206544735532 2.02959263652e-18)
(63.1249967634 0.64656711401 -3.55147134431e-18)
(62.9571756197 1.07543355706 -3.12716302014e-18)
(62.7460097347 1.4890520219 4.52604933114e-18)
(62.4931213585 1.883479286 1.27364354478e-18)
(62.2009248235 2.2554058407 1.15590616049e-17)
(61.8720935617 2.60225443535 -6.56429800102e-18)
(61.5097215037 2.92199537164 -1.16550859674e-18)
(61.1176851607 3.21304181344 1.49228207839e-17)
(60.7001865402 3.47406078859 -1.52857696611e-17)
(60.2613647479 3.70382964658 -1.59805150818e-17)
(59.8051934367 3.90135467859 1.36173396138e-18)
(59.335456333 4.06608390061 0)
(58.8556912889 4.19796032714 7.72296668936e-18)
(58.3691270193 4.29735308295 -8.35552098104e-18)
(57.8786355176 4.36498078286 -2.46409561189e-17)
(57.3866966683 4.40186019418 2.560818935e-17)
(56.8953714788 4.40926663962 1.64472689815e-17)
(56.4062872839 4.38867251426 -1.57620463501e-17)
(55.9206609245 4.34166600232 -8.17539186762e-21)
(55.439336928 4.26983007919 -7.79407586544e-18)
(54.9628033671 4.17464160972 6.90335720868e-18)
(54.4912038995 4.05747202259 2.37994699165e-17)
(54.0243362097 3.91955647838 -7.43029051951e-18)
(53.5616336766 3.76193341807 -7.78797774126e-18)
(53.1021273871 3.58540500624 3.88021941267e-20)
(52.6443809956 3.39052682501 -9.55960151778e-19)
(52.1863916271 3.1775967843 6.63352960822e-18)
(51.7255310133 2.94677223644 1.47816025851e-17)
(51.2586314903 2.69824530689 -6.39022783537e-18)
(50.7823089321 2.43204360717 -2.13595846208e-17)
(50.2935872744 2.14762243669 -6.19713257101e-18)
(49.7907203854 1.84353504415 -5.36923692945e-19)
(49.2736250744 1.51737286196 -1.41498167695e-17)
(48.7447465599 1.16564916703 -1.77087306477e-19)
(48.2081376073 0.784580523018 3.50983971281e-17)
(47.6686477481 0.368683614776 -6.15429382401e-18)
(47.1265833786 -0.0891170589103 -3.56147765467e-17)
(46.5798611178 -0.594635030116 8.18892525668e-18)
(46.0158565685 -1.15264290861 7.32398927328e-18)
(45.4145353643 -1.76666581915 -1.14919290301e-19)
(44.7521645355 -2.4307955832 1.4701452094e-17)
(44.0091680337 -3.12370200832 2.91435845856e-19)
(43.1743682344 -3.84575523949 -7.74232671069e-18)
(42.2550821086 -4.61745500237 -4.74006274881e-18)
(41.2857293979 -5.51830410035 3.49988785671e-17)
(40.3249429641 -6.69987650109 -5.98753830309e-17)
(61.1935922475 -5.76608186617 -7.41362928344e-18)
(61.2481304258 -5.6923414733 -3.3555187778e-18)
(61.3304016662 -5.65103378513 7.02480466514e-18)
(61.4386943059 -5.63031671898 3.09695990176e-19)
(61.5766612574 -5.62421108835 -1.46682262884e-17)
(61.7481909172 -5.62889624707 4.8234279493e-18)
(61.9564544816 -5.63768741609 7.31323888008e-18)
(62.202662422 -5.64111807205 -1.40397716755e-17)
(62.4851890199 -5.62882570407 7.26047711153e-18)
(62.8016885964 -5.59040963494 1.61831894151e-17)
(63.1462899663 -5.51522734447 8.30518650841e-18)
(63.5118226289 -5.3945521345 -7.64866179218e-18)
(63.8914128713 -5.22079422174 -8.22666066793e-18)
(64.2773273452 -4.98681905555 -1.72062464686e-17)
(64.6604200591 -4.68822666356 2.37237194233e-17)
(65.0308246401 -4.32501524665 7.75129194426e-18)
(65.3789710036 -3.89955686405 -7.40606953622e-18)
(65.6947053398 -3.41539074994 5.13254989567e-18)
(65.9672648181 -2.87756300846 -1.37338445312e-18)
(66.1877203027 -2.2904811764 -1.04558590388e-17)
(66.3440512997 -1.65877645277 8.84070771529e-19)
(66.4553006582 -0.991146033871 2.40229521435e-20)
(66.4661953417 -0.292366624106 1.74115191596e-18)
(66.4175610366 0.431949889297 -6.57788347582e-18)
(66.2940422347 1.16519670314 5.34345915083e-19)
(66.1042820052 1.89333107376 3.97075044682e-20)
(65.8488390592 2.60349022025 -1.39898889215e-17)
(65.53034946 3.28420783714 6.72823043743e-19)
(65.1534504144 3.92513220935 1.77609298168e-17)
(64.7222836097 4.51732081688 8.94605116757e-18)
(64.2406297514 5.054076926 1.37642161863e-20)
(63.7129609677 5.53015137087 9.19727300483e-19)
(63.1467618661 5.94334328802 -5.62671795057e-19)
(62.5484384971 6.29444058892 -2.19368290808e-17)
(61.9240466862 6.58471702956 -8.34388300398e-19)
(61.2803180477 6.81589048921 1.14066857411e-17)
(60.6238151319 6.99035901545 -2.25738159054e-17)
(59.9604220176 7.11122385383 -1.10162264451e-17)
(59.2954002969 7.18218279007 2.17451354162e-17)
(58.6334151376 7.20731322641 4.32890223771e-17)
(57.9784254289 7.19097855733 2.33000973438e-18)
(57.333769624 7.13757558301 -4.15696803137e-17)
(56.7020249755 7.05116521899 -1.01114743929e-17)
(56.0844721841 6.93564199162 1.89640175039e-17)
(55.4814759362 6.79486759926 1.7677722782e-17)
(54.8932057217 6.6325001746 -8.77238411327e-18)
(54.3195299494 6.45200973439 -5.96507123458e-19)
(53.7597843858 6.25698406488 -8.0479934604e-18)
(53.2127056282 6.05146223707 3.16223166367e-19)
(52.6762611681 5.84028676434 3.04310803332e-17)
(52.148067918 5.62907738682 -1.44824840895e-17)
(51.62625017 5.42268613992 -3.57538515677e-17)
(51.1083946116 5.22309698921 1.45816172045e-17)
(50.5898434632 5.02751750919 1.36425018943e-17)
(50.06424346 4.8264031898 -6.29682512215e-18)
(49.5251846844 4.60262730773 5.53149425222e-18)
(48.9669083865 4.3336467409 -5.0530838914e-19)
(48.3838336272 3.9975317504 -6.88147130914e-18)
(47.7694073327 3.58177951813 -1.22950049878e-17)
(47.1159258718 3.09491500325 -4.99790575515e-19)
(46.4139444997 2.57692612672 -5.4150550959e-18)
(45.6520938609 2.09613499033 9.92975805976e-18)
(44.8149385327 1.72920562646 1.50888664745e-17)
(43.8828201292 1.52998721188 -1.96535604264e-17)
(42.8372228974 1.50183711507 8.44030759386e-18)
(41.6702314366 1.57321479758 7.80257450917e-18)
(40.4013778181 1.57854696785 3.07200211323e-19)
(39.0757985452 1.22702530538 9.56692161038e-19)
(37.7637644991 0.175201939357 -2.08691700663e-18)
(36.5253053153 -1.87486402777 4.41974027282e-18)
(60.1076991606 -6.23375324133 -2.87259531158e-18)
(59.7053810762 -6.35560018253 -2.60556408185e-20)
(59.4314792447 -6.55032820884 1.76818593994e-18)
(59.2251650187 -6.76498088116 -7.98099824264e-18)
(59.0531839838 -6.99328945939 -7.24040806889e-18)
(58.920450856 -7.23613876227 4.52371086062e-18)
(58.8577827884 -7.47182414301 -2.2419546913e-20)
(58.8866989069 -7.67738246535 -1.87145399537e-17)
(59.0142142784 -7.83861465999 -1.175148209e-17)
(59.2408122389 -7.94605710196 2.89803809101e-17)
(59.5694325406 -7.93256846304 2.95858936955e-17)
(59.9980582841 -7.84778882385 -1.85172876622e-17)
(60.5163487936 -7.65384421684 -3.04307270721e-17)
(61.1114939692 -7.33884365666 1.23485230213e-18)
(61.7646781972 -6.90023193786 1.76176779896e-17)
(62.4491011835 -6.33084881462 -2.04219310483e-18)
(63.1257557577 -5.62490821 1.90203528623e-17)
(63.7806662547 -4.78892464749 -2.53464551169e-17)
(64.4012274892 -3.84108776458 -8.21277367362e-18)
(64.9676662977 -2.80330116694 1.56863376398e-17)
(65.4601814042 -1.69844599609 4.82011216154e-18)
(65.860476348 -0.545453558477 -1.08857729903e-18)
(66.1660451827 0.612143037244 -1.46869188542e-19)
(66.3566167526 1.75678444606 2.30915607583e-18)
(66.3551615814 2.88537507999 -9.23933571187e-18)
(66.265064804 3.97797646974 1.12635333292e-17)
(66.0380833699 5.02268456021 1.01399575351e-17)
(65.6830198667 6.01490181348 -5.98410552092e-17)
(65.2276379219 6.95425539506 3.661681892e-17)
(64.6802648916 7.83098499119 4.59417094645e-17)
(64.061754088 8.62641150042 -1.20671519437e-17)
(63.3905986549 9.3272612411 1.36691041727e-17)
(62.6780863676 9.92642498304 -1.6101315312e-17)
(61.937125229 10.4207503805 -1.22055236068e-18)
(61.1791516126 10.8097077663 -1.47389705858e-17)
(60.4146219255 11.0956151213 -3.58547472708e-17)
(59.651921983 11.2837860403 3.22722349445e-17)
(58.897976065 11.3812540352 1.50365537854e-17)
(58.1584885822 11.3957204542 -3.2457035149e-17)
(57.438000627 11.3366028717 -4.47904346092e-17)
(56.7392372452 11.2105125023 1.63015457138e-17)
(56.0641566683 11.026677324 1.5048337466e-17)
(55.4159812777 10.8060992117 -1.41825564054e-17)
(54.7957628444 10.5544607655 3.31367982015e-17)
(54.204090525 10.2766142774 2.25530810164e-17)
(53.6402994936 9.97760792514 -3.01262131344e-17)
(53.1027730636 9.6642324197 -9.81843919626e-18)
(52.5894073312 9.34364957833 1.78972839528e-17)
(52.0982963278 9.02503920627 1.05361160764e-19)
(51.6269324902 8.71377755304 -7.43743318106e-18)
(51.1701921432 8.40216460138 8.58468005816e-19)
(50.7260700798 8.10386702146 -1.38964424567e-17)
(50.2940805186 7.83036206226 -2.43636034661e-18)
(49.873690407 7.57734680301 -6.38348728942e-20)
(49.4619777415 7.33291787847 2.25785395259e-17)
(49.050883303 7.08117572058 2.87666749959e-17)
(48.6289070252 6.81989115743 -2.0180997893e-17)
(48.1807451683 6.56688707545 -1.04493228962e-17)
(47.6869164389 6.36408935829 1.92897746512e-17)
(47.1236949737 6.27478754126 -5.77312770777e-18)
(46.4666595076 6.37263212083 -1.81153470631e-17)
(45.6955912449 6.71644225846 3.12470479722e-18)
(44.8024311144 7.3246660452 -2.05948789722e-18)
(43.807371883 8.13593676828 -1.76036269036e-18)
(42.7092780309 8.95594090118 1.06680822012e-19)
(41.5350873335 9.47191398332 1.67558591894e-19)
(40.2953509581 9.27491674389 -9.93271073869e-19)
(39.0327999647 7.99906978677 -3.01775404611e-18)
(37.7964003149 5.40383818505 5.31211721688e-19)
(36.6553159969 1.52432144886 2.23019189969e-18)
(58.6388110664 -0.184586232992 -6.95418149873e-20)
(58.709197483 -0.184833058867 3.70533370688e-19)
(58.7819289771 -0.185003674988 -4.11613866622e-20)
(58.8569052959 -0.185066452692 -3.29292415072e-20)
(58.9341629209 -0.185015200312 3.56200329474e-19)
(59.0137188511 -0.184838010069 -2.77746426627e-19)
(59.0955794168 -0.184521201325 -2.17190370459e-19)
(59.179742568 -0.184049800126 -1.2659753008e-21)
(59.2661950718 -0.183407478832 1.01631069818e-19)
(59.3549090059 -0.182576572782 6.90213478846e-21)
(59.4458393623 -0.181538090501 -1.22824400554e-19)
(59.538922167 -0.180271742614 4.91507462153e-19)
(59.6340721207 -0.178756005024 5.4526401478e-19)
(59.7311795676 -0.176968185992 -1.9888261621e-20)
(59.8301074239 -0.174884459461 -5.71341025895e-19)
(59.9306882437 -0.172480027207 -5.74289559972e-20)
(60.0327212849 -0.169729319662 4.75902267861e-19)
(60.1359689802 -0.16660641851 -6.20460290129e-19)
(60.24015444 -0.16308524029 -1.41547220187e-18)
(60.3449578668 -0.159140643877 -6.53465738356e-19)
(60.4500127453 -0.154748476903 1.30801381123e-18)
(60.5549324525 -0.149881631895 1.01462391901e-18)
(60.6592768242 -0.144512836993 -3.26219301019e-19)
(60.7624962551 -0.13862167675 -3.62575553264e-19)
(60.863945246 -0.132193811372 -2.89171461635e-19)
(60.9629388418 -0.125207879756 -8.48940652397e-19)
(61.0587476502 -0.117645908445 -1.78289983049e-20)
(61.1505808251 -0.109490454764 8.53715431806e-19)
(61.2376066429 -0.100738341792 2.84852287801e-19)
(61.3189250286 -0.0914040289039 0)
(61.3935800155 -0.0815219752295 -3.64391373606e-21)
(61.4605781698 -0.0711455835554 0)
(61.518893743 -0.060325526609 -5.98359670431e-19)
(61.5674825469 -0.0491096604846 5.40385712272e-19)
(61.6052876293 -0.0375289848692 5.7629046104e-19)
(61.6312300392 -0.0255323921938 -4.95918197348e-19)
(61.6442184573 -0.0130987107362 -2.78143138353e-19)
(61.6431654742 -0.000311132302486 -8.24583130697e-19)
(61.6269829732 0.0127399641247 -2.03470422854e-21)
(61.5946824885 0.0259567514004 6.54699989486e-19)
(61.5453845574 0.039195886584 -1.1325822086e-19)
(61.4782740485 0.0522916768791 2.52706316005e-21)
(61.3926769911 0.0650805969691 1.8349470188e-19)
(61.2880693252 0.0774237455455 -5.12262222288e-20)
(61.1640755736 0.0892215388951 6.33310033983e-21)
(61.0204781636 0.100410845751 2.06065108141e-21)
(60.8572202054 0.110957632101 -7.33795021903e-21)
(60.6744038988 0.120858384163 6.5072079577e-20)
(60.4722465009 0.130120302888 1.32290384469e-20)
(60.2512130285 0.138755543538 -2.03452111273e-19)
(60.0119099256 0.146593937376 2.05643901921e-19)
(59.7548413498 0.153470370273 1.72096367551e-19)
(59.4806997849 0.159389652298 -2.50511453474e-19)
(59.1903901729 0.164451846717 -9.33222918463e-20)
(58.8847519842 0.168769158964 -7.70160879402e-20)
(58.5645222074 0.172422956705 2.33262504563e-19)
(58.230411608 0.17544083435 1.11541800083e-19)
(57.8831089695 0.177808574245 -6.73629809848e-19)
(57.5232631348 0.179542849576 2.11607621582e-20)
(57.1514799544 0.180745013645 1.85907505566e-19)
(56.7682238586 0.181581275709 -7.83241466665e-20)
(56.3738308831 0.182232531287 2.14101018946e-19)
(55.9685544764 0.182803841546 -1.57276398625e-19)
(55.5525963509 0.183340622256 -9.405186272e-21)
(55.1261695903 0.183641144582 1.66331185711e-19)
(54.6892898492 0.183746805526 -3.49914451305e-20)
(54.2425477209 0.183599742505 -2.80652234076e-20)
(53.7869012959 0.183315820492 -9.47617553856e-21)
(53.3194189721 0.18326534012 1.21422156672e-20)
(52.843129011 0.183782852653 -3.64171423856e-20)
(52.3550315522 0.185098427495 1.22606817758e-19)
(51.8506572896 0.187724861837 4.43679991752e-20)
(51.3264170642 0.192042718832 -2.95432190945e-19)
(50.7764764491 0.198227864546 8.84394980381e-20)
(50.1980724051 0.206420258285 -3.63665205344e-20)
(49.5749916024 0.217028685891 -1.24608294033e-19)
(48.9331652558 0.230251354609 1.48718906774e-19)
(48.1469489299 0.250732016359 1.03165474541e-19)
(47.5854809211 0.268898990324 1.20749997156e-19)
(45.9726135442 0.330774653155 -1.88573340898e-19)
(58.6515471921 -0.574086181499 1.39527887521e-19)
(58.7234888388 -0.574985026669 2.53811911467e-19)
(58.7978691509 -0.575672132961 -6.75932285279e-20)
(58.8745720954 -0.576027514217 2.98935236077e-19)
(58.9536373063 -0.576017686817 -2.23228867037e-19)
(59.0350881388 -0.575596918029 1.50583582649e-19)
(59.1189338456 -0.574715837172 5.32186195913e-19)
(59.205172637 -0.573321614057 -4.3046792559e-19)
(59.2937909212 -0.571357354731 -2.46190882774e-19)
(59.3847600302 -0.56876212533 -3.30451491215e-19)
(59.4780334251 -0.565470906272 2.28559400142e-19)
(59.5735444001 -0.561414613179 4.36762010402e-19)
(59.6712035217 -0.556520185447 -8.13665592747e-19)
(59.7708958733 -0.550710821397 2.36262061065e-19)
(59.8724778174 -0.543906388601 2.24606240992e-19)
(59.9757737522 -0.536023914886 -8.90639620869e-19)
(60.0805728653 -0.526978264427 1.35263499543e-18)
(60.1866262447 -0.516682922363 4.20856921816e-19)
(60.2936446804 -0.505051066959 -9.98821057943e-19)
(60.4012939764 -0.491998293528 1.33403281691e-20)
(60.5091906102 -0.477443337306 -2.51409552371e-20)
(60.6169279599 -0.461294592637 3.6668310076e-20)
(60.7240472993 -0.443463701455 5.56873344729e-22)
(60.8299627112 -0.423894404384 3.33817621223e-19)
(60.9339961034 -0.402550290741 -1.18786342813e-18)
(61.0354316758 -0.379393837627 -6.70475339004e-20)
(61.1335132083 -0.354385753908 1.23788077639e-18)
(61.227434308 -0.327517716233 -7.8504099427e-23)
(61.3163296531 -0.298799668958 2.4351961239e-21)
(61.3992742411 -0.268260218321 -7.4041198995e-19)
(61.4752860084 -0.235955438457 -4.52610316337e-20)
(61.543330872 -0.201973119741 9.60822706329e-19)
(61.6023310235 -0.166434032162 1.23998589029e-18)
(61.6511762465 -0.129492235983 -6.98635239496e-19)
(61.6887395244 -0.0913254032527 -5.22193979379e-19)
(61.7139036994 -0.0521311707949 5.83927303047e-19)
(61.7255953184 -0.0121223565552 -4.35113348033e-19)
(61.7227949964 0.0284799631508 -1.9278324333e-19)
(61.7045332499 0.0694251164757 6.48429943587e-21)
(61.6699014864 0.110409967816 2.540584353e-19)
(61.6180678549 0.151133266379 -1.1275980328e-19)
(61.5482885819 0.191306860796 3.1748314637e-19)
(61.4599178914 0.230640047191 7.64426583212e-20)
(61.3524233703 0.268827497916 -1.05788489121e-19)
(61.2254052061 0.305558119847 4.26142943927e-21)
(61.0786193611 0.340517061108 7.93922981992e-20)
(60.9119999452 0.373445833111 -3.88594501771e-21)
(60.7256490863 0.404084749886 -5.57047435723e-20)
(60.5198434401 0.432215044999 2.83270169028e-20)
(60.2949162327 0.457678603841 -1.49436725405e-19)
(60.0513484103 0.480197908816 -5.95431637889e-22)
(59.7899290368 0.499554042964 -1.85536359466e-20)
(59.5115111473 0.515755304383 -2.49767054008e-19)
(59.2169480994 0.52900868918 3.31472934835e-19)
(58.9071617964 0.539622417583 -8.35355357631e-20)
(58.583084528 0.547912310463 -2.23541247347e-19)
(58.2455766456 0.554176922396 -5.13961222984e-20)
(57.8953861403 0.558714406712 5.20533385206e-19)
(57.5331166975 0.561819018259 -1.49389154e-19)
(57.1592303349 0.563759439244 -1.56028453747e-19)
(56.7740882697 0.564785842315 2.32223899834e-19)
(56.3779762204 0.565112163996 -3.05838803426e-19)
(55.9711485692 0.564885982465 -1.5701523549e-21)
(55.5537664868 0.564258432362 2.82075242984e-19)
(55.1261856839 0.56311821532 6.00994712351e-20)
(54.6889292638 0.561551744421 -1.60892616111e-19)
(54.2421927862 0.559629923254 -5.88018688393e-20)
(53.7864866854 0.557752383523 3.93849008249e-21)
(53.3198058397 0.556592250875 5.46849591623e-22)
(52.8442758928 0.557167330055 -4.01688220777e-21)
(52.356891963 0.560774093909 -4.87969183689e-20)
(51.853324316 0.568744075279 4.25160548496e-20)
(51.3301623781 0.581976571693 4.98077417537e-22)
(50.781922972 0.600960160204 1.19929875193e-19)
(50.2060022737 0.626209029869 2.49422898049e-19)
(49.586528525 0.659343256989 -3.49401668324e-19)
(48.9496607251 0.700684678966 -6.08442630155e-19)
(48.1727179939 0.763736330083 3.64496153094e-19)
(47.6232610803 0.820878428301 5.37026726897e-19)
(46.0509297045 1.00778974397 -3.65641521481e-19)
(58.6756483044 -0.968322756976 4.74656002378e-21)
(58.7501187736 -0.970248227362 -2.50453129528e-19)
(58.8271718421 -0.971826874196 1.05206906501e-19)
(58.9067075118 -0.972858156668 2.97352861777e-19)
(58.9887742102 -0.973281564063 -4.71752252216e-19)
(59.0733949471 -0.973016427978 -2.98877181022e-19)
(59.1605798168 -0.971977747973 4.23274250574e-19)
(59.2503301874 -0.97007475401 2.48618211331e-19)
(59.3426341539 -0.96720899649 -5.36207639885e-19)
(59.4374626815 -0.963274945969 -3.40265022217e-20)
(59.5347671933 -0.95816012698 6.7901615711e-19)
(59.6344773239 -0.951745072888 8.55064538193e-21)
(59.7364981003 -0.94390359613 -1.305832591e-20)
(59.8407062903 -0.934503242922 -4.283065547e-19)
(59.9469470437 -0.923405882993 -7.19187087023e-19)
(60.0550307604 -0.91046857246 -6.14909585232e-19)
(60.1647297026 -0.895544957737 7.60237041419e-19)
(60.2757730386 -0.878486388365 6.07806909106e-19)
(60.387844683 -0.859143117428 5.60807206684e-19)
(60.5005784527 -0.837369703115 7.38826489732e-19)
(60.613556148 -0.813024299168 -7.03488476354e-19)
(60.7263310728 -0.785948753585 3.21570366632e-19)
(60.8383933378 -0.755989562231 3.2850560836e-19)
(60.9491163857 -0.72304671928 -1.57905755955e-18)
(61.0577762484 -0.687051533437 -4.15887306767e-19)
(61.1636339675 -0.647938447888 1.33109139016e-18)
(61.2658632206 -0.605662340608 -2.98202266704e-19)
(61.3635494168 -0.560205114948 2.71589104081e-19)
(61.4557846131 -0.511586353232 3.22251770274e-19)
(61.5415943903 -0.459866872315 -5.51067276749e-19)
(61.6199376195 -0.405151784528 2.36225459036e-19)
(61.6897308562 -0.34759226551 2.73439271092e-19)
(61.749858889 -0.287387816624 -2.35382641725e-20)
(61.799185071 -0.224787343396 -1.63667032117e-20)
(61.8365636087 -0.160087919163 1.79615741678e-19)
(61.8608569349 -0.093632108977 -1.34247998e-19)
(61.8709568252 -0.0258080325144 3.40141476254e-21)
(61.8658040817 0.0429494361848 -2.50981917308e-19)
(61.8444096134 0.112165845129 5.61825569911e-20)
(61.8058732671 0.181340199159 1.17947560488e-19)
(61.7493984221 0.24995725898 1.49329322951e-19)
(61.674305321 0.317495135372 3.93139928114e-19)
(61.5800464228 0.383440034961 -1.7626112563e-19)
(61.4662239523 0.447285771433 -2.53800053619e-19)
(61.3325808379 0.508576968884 9.87036336884e-20)
(61.1790841451 0.566707621807 -4.13653664143e-20)
(61.0058065527 0.621496067171 1.70942948975e-19)
(60.8128506487 0.672542638034 -4.14763902087e-20)
(60.6005209332 0.719434411184 -2.65734372826e-20)
(60.3692568618 0.761822244857 3.40856919899e-19)
(60.1196026361 0.799483581781 -3.328965677e-19)
(59.8522380594 0.832190375271 -4.62520544291e-19)
(59.5679377705 0.859745127526 -5.34473873171e-20)
(59.2675902881 0.882243522016 1.27807164894e-19)
(58.952199279 0.900144098674 5.46243952752e-20)
(58.6227854429 0.914042580064 1.14087264205e-19)
(58.2802739099 0.924488257553 2.7378824791e-19)
(57.9254527701 0.931996018557 -1.63951941782e-19)
(57.5589758796 0.937077502597 -1.08836179724e-20)
(57.181350726 0.940231467925 -3.84240387558e-20)
(56.7929400479 0.941917805977 2.94249764382e-20)
(56.3939981323 0.942503837459 -1.46292716071e-19)
(55.9847331052 0.94223953652 -1.05065347825e-19)
(55.5653481163 0.941214065899 2.06624010466e-19)
(55.1361641143 0.93949039977 1.26362979223e-19)
(54.6976163314 0.936998605671 -6.42897250429e-20)
(54.2500150574 0.933870577146 -2.80866965766e-20)
(53.794078911 0.930780278711 -9.69587935486e-21)
(53.3273189304 0.928911442161 1.87804299733e-22)
(52.8520690743 0.929878169132 -7.63367834287e-21)
(52.3653186025 0.935931720762 -6.49145257555e-20)
(51.8627436094 0.949024772713 5.49345071695e-20)
(51.3411407123 0.970519296332 6.48981436913e-20)
(50.7953572783 1.00140461986 -2.4374320155e-19)
(50.2231771742 1.04241459606 2.64472115872e-19)
(49.6095525945 1.09620764188 4.13254569734e-19)
(48.9806932327 1.1630924443 -2.14036201159e-19)
(48.2186112861 1.26363723258 -1.44933856056e-19)
(47.681246435 1.35488951842 -2.27996996778e-19)
(46.1774755917 1.65044822091 6.37742219407e-19)
(58.7134555571 -1.39310898773 3.30263593987e-20)
(58.7921941061 -1.39675998934 -1.49194107091e-19)
(58.8736985964 -1.39989576968 -1.71948309581e-19)
(58.9579265681 -1.40222911844 5.56785713518e-19)
(59.0449682236 -1.40367534406 3.35522882868e-19)
(59.134843165 -1.40411176017 -8.73950505554e-19)
(59.2275549295 -1.40340713462 -5.15685582089e-19)
(59.3231085006 -1.40142406442 2.5555636727e-20)
(59.4214954581 -1.3980144471 3.21754937366e-19)
(59.5226846417 -1.39301833913 4.71742960601e-19)
(59.6266224175 -1.38626508471 0)
(59.7332303497 -1.37757361912 0)
(59.842401155 -1.36675276296 -5.6742993656e-19)
(59.9539955368 -1.3536018872 -5.17878575225e-20)
(60.0678383052 -1.33791199161 1.13814273013e-18)
(60.1837133246 -1.31946729595 1.11599570252e-20)
(60.301360219 -1.29804676775 -2.85885237298e-19)
(60.4204717396 -1.2734265014 6.74063287509e-19)
(60.5406885047 -1.24538241977 -1.63055150518e-20)
(60.6615958463 -1.21369629942 -3.61096593772e-19)
(60.7827204118 -1.17815809951 -3.8784092552e-19)
(60.9035500134 -1.13853541726 2.89764655561e-19)
(61.0235074755 -1.09460698445 1.87940774274e-20)
(61.1418814951 -1.04621467395 -7.32860459296e-19)
(61.2578594433 -0.993274844629 -6.40904895504e-19)
(61.3705727863 -0.935697177272 -3.69451942086e-20)
(61.4791122819 -0.873452517721 6.80367389903e-19)
(61.5825213502 -0.806520706388 1.76777891217e-20)
(61.6797642532 -0.734942488625 2.71091495817e-19)
(61.7697487626 -0.658831955152 -8.18581557863e-19)
(61.8513397025 -0.57837018861 -3.10133423267e-19)
(61.9233690445 -0.493807868762 1.02545779065e-18)
(61.9846450797 -0.405469075025 8.78491061653e-19)
(62.0339688198 -0.313752745337 -6.36681370636e-19)
(62.0701528195 -0.219131798497 4.10101070527e-20)
(62.0920397571 -0.122148923906 1.03989209689e-18)
(62.0985232316 -0.0234111785227 -4.15615204996e-19)
(62.0885685289 0.0764174358457 -3.71918015838e-19)
(62.0612339655 0.176625547182 2.13596494415e-19)
(62.0156940011 0.2764673155 -8.80610039704e-20)
(61.9512518033 0.375199808919 -4.51440716898e-21)
(61.8673334211 0.472093300462 -9.2055200002e-20)
(61.7634928116 0.566408256467 -2.97483523836e-19)
(61.6394849976 0.657425597124 -1.89153852543e-19)
(61.4949546605 0.744412510679 -4.60296540636e-20)
(61.3302138928 0.826788057168 -2.40014996841e-19)
(61.1456908197 0.904001542303 8.40045478881e-20)
(60.9412592507 0.975461875623 6.48626145109e-20)
(60.7173863069 1.04066374626 -1.52986151701e-19)
(60.4747944592 1.09922657795 6.84025027301e-22)
(60.2142243694 1.15087223318 2.86718314541e-19)
(59.9364502063 1.19538542845 -3.00610764313e-19)
(59.642328808 1.2326363314 -2.20108634221e-19)
(59.3328093674 1.26271650322 -3.10069444667e-19)
(59.008931906 1.28614346403 -1.79668057358e-20)
(58.6717697761 1.30378840339 7.78259154094e-20)
(58.3222946516 1.31653714929 6.68663919683e-19)
(57.9613085887 1.32520032601 -2.99637431273e-19)
(57.5894588752 1.33057600319 -3.30308961313e-19)
(57.2072313598 1.33341084788 4.10310879228e-20)
(56.8149504895 1.3343486344 -4.31191628762e-20)
(56.4128132366 1.33387663906 7.10341444904e-20)
(56.0009529227 1.33227809687 1.67995034065e-19)
(55.5795020167 1.32963369169 2.56418902578e-20)
(55.1487302416 1.32591941123 -7.11878847329e-20)
(54.7090578735 1.32113339323 2.49451650606e-20)
(54.2606698943 1.31562958587 -3.85153036944e-21)
(53.8043396488 1.31030938085 -1.6916918203e-20)
(53.3378952598 1.30685768166 1.60274617197e-21)
(52.8629406649 1.30773978994 -1.33203870771e-20)
(52.3773056408 1.31584626664 -6.17990784991e-21)
(51.8767247667 1.33371867936 -1.66014896593e-20)
(51.3582852174 1.36311425563 -2.66027531726e-20)
(50.8171526242 1.40529856889 -6.40634708847e-20)
(50.2512115877 1.46141317398 5.59649900898e-20)
(49.6466079816 1.53473774934 -1.22641451531e-19)
(49.0288836599 1.62596291504 -4.43261296214e-20)
(48.2891360277 1.76119439877 1.52028737322e-19)
(47.7665318962 1.88402275097 -2.27467990297e-20)
(46.3557771103 2.28219767098 3.33870147601e-22)
(58.7567406895 -1.84423461837 -2.65437902997e-20)
(58.8414587732 -1.85066562993 4.91370301815e-20)
(58.929260371 -1.85642651516 7.22678969293e-20)
(59.0200622072 -1.86109419747 -2.15046155757e-20)
(59.114051386 -1.86456919094 4.17826730206e-20)
(59.2113097471 -1.86669029483 4.17810878519e-20)
(59.3118349232 -1.86726995427 -4.39168219818e-20)
(59.4156188296 -1.8661131489 3.59178456548e-19)
(59.5226576208 -1.86300860161 4.45376915299e-19)
(59.6329244095 -1.85772979682 -5.48916100307e-19)
(59.7463597712 -1.85003626763 -5.56917580824e-19)
(59.8628746091 -1.83967134098 -1.5786159157e-20)
(59.9823465486 -1.82636411022 4.73740557679e-19)
(60.1046141122 -1.80983088707 -3.26730931389e-21)
(60.2294712814 -1.78977645908 -9.03199322888e-19)
(60.3566643004 -1.76589613679 7.2255961418e-19)
(60.485887133 -1.73787905686 4.78411573721e-19)
(60.6167721867 -1.70541120306 -6.67664312455e-20)
(60.7488922898 -1.6681785715 7.06649336031e-20)
(60.8817519498 -1.6258778385 -8.53117090179e-19)
(61.0147864833 -1.57821879554 9.8277093738e-21)
(61.1473796705 -1.52488602373 3.88220131651e-19)
(61.2788719406 -1.46558031385 -3.51830541138e-19)
(61.4084085272 -1.40010317213 -6.31799825379e-20)
(61.5350154489 -1.32834005005 4.37126186312e-19)
(61.6576857927 -1.25016866605 -1.87926216784e-18)
(61.7753719408 -1.1655484758 9.62136548315e-19)
(61.8870108272 -1.07451144701 1.6263040622e-18)
(61.9914027027 -0.977159829036 -1.06078979698e-18)
(62.0872998206 -0.873685667551 5.64754895553e-22)
(62.1734331294 -0.764378592239 -5.18542767085e-19)
(62.2485117139 -0.649630450209 -5.82102423661e-19)
(62.3112375964 -0.529936847012 4.87178334724e-19)
(62.3603268065 -0.405896603582 1.87504540122e-18)
(62.3945323584 -0.27820917379 1.4514568309e-19)
(62.4126676868 -0.147667516646 -3.58115371245e-19)
(62.4136304571 -0.0151485331599 -7.52703274728e-20)
(62.3964340661 0.118393574624 -1.03624810157e-18)
(62.3602295699 0.251948681896 -2.17237876827e-19)
(62.30434718 0.384524297179 -4.83827954174e-20)
(62.228301125 0.515178253609 -2.58661570768e-19)
(62.1316689032 0.642955983408 1.62021234597e-19)
(62.0141154161 0.766841681899 -2.98107618492e-19)
(61.8754247342 0.885911953201 1.33133070256e-21)
(61.7157606275 0.998696601646 7.38002501799e-20)
(61.5355590922 1.10528596865 2.02796276268e-19)
(61.3349992667 1.20461645606 -8.64368185802e-20)
(61.1144195119 1.29579616742 -1.23345908371e-19)
(60.8746180625 1.37833010495 -2.68303013294e-19)
(60.616509593 1.45189757434 -3.66834219098e-20)
(60.341000999 1.51624205257 1.51429550278e-19)
(60.0490288379 1.57122219503 -9.52304687089e-20)
(59.7415721445 1.61684308323 -1.04449224216e-19)
(59.4196314116 1.65327898776 -2.71130146926e-19)
(59.0842975433 1.68111923973 5.18916828947e-21)
(58.7367303732 1.70147884158 5.99520010531e-20)
(58.3779573892 1.71560250547 -2.89146626297e-19)
(58.0087841538 1.72460720163 1.45918742862e-19)
(57.6298228216 1.72954222882 -1.83745235316e-19)
(57.2415147065 1.73138293889 2.6231870129e-19)
(56.8441318693 1.73096609405 1.16624149274e-19)
(56.4377986804 1.72892566943 -4.65663098827e-19)
(56.0225598718 1.72561542602 -3.21594510394e-19)
(55.5984694862 1.72109924962 3.13274332119e-19)
(55.1656775535 1.71534936826 2.2077042974e-19)
(54.7244796255 1.70833527025 -8.89371892286e-20)
(54.2750138323 1.7004406507 1.02601973426e-19)
(53.8179596731 1.69274670484 -9.61647052862e-21)
(53.351718876 1.68754399047 2.42932419081e-21)
(52.8773192621 1.68805831764 2.07327835195e-20)
(52.3933215003 1.69781210652 7.64848103362e-21)
(51.8955001078 1.71991753082 -6.49220636156e-20)
(51.3811158128 1.75648150679 7.37203603771e-20)
(50.8458689168 1.80875510518 1.79829963245e-19)
(50.2879092892 1.87821624523 -1.19834281232e-19)
(49.6954002549 1.96852149942 -4.39140296904e-19)
(49.0917866115 2.08073413503 2.82824215007e-21)
(48.3825182061 2.24588127832 2.41234642237e-19)
(47.8714629711 2.39241892115 -3.32307143639e-20)
(46.5745366237 2.87271098207 9.44888035975e-22)
(58.8022414878 -2.3430463669 3.37428387098e-20)
(58.8944944143 -2.35372427992 -2.4070270373e-20)
(58.9908716411 -2.36365653446 1.31098783229e-19)
(59.0907860414 -2.3722836154 3.3290092406e-20)
(59.1943105518 -2.37931002589 -3.32376342695e-19)
(59.301667318 -2.38452817322 1.31370548541e-19)
(59.41290685 -2.38773164491 6.82291617913e-19)
(59.5280210117 -2.38866233042 -2.20245384509e-19)
(59.6470133121 -2.38702033578 1.14326084049e-19)
(59.7698442334 -2.38248705987 -5.60875473741e-19)
(59.8964460486 -2.37473067129 -3.50913277007e-19)
(60.0267208695 -2.36339765203 7.35126275577e-19)
(60.1605204149 -2.34811244762 -3.63619717135e-19)
(60.2976480677 -2.32848185829 -3.28809854527e-19)
(60.4378547587 -2.30409736463 -3.33660772738e-20)
(60.5808287274 -2.27453834319 2.35542975946e-19)
(60.7261907894 -2.23937564708 3.27183254298e-20)
(60.8734921999 -2.19817831274 4.54529630405e-19)
(61.0222059845 -2.15051655526 -4.0337956243e-19)
(61.1717194815 -2.09597999402 1.71588297219e-20)
(61.321335913 -2.03417297146 5.02075285753e-19)
(61.4702958227 -1.96468163678 0)
(61.6177660073 -1.88710851845 -5.97113600374e-21)
(61.7627114405 -1.8012427096 4.30698999859e-19)
(61.9040296454 -1.70693079375 2.53285693674e-20)
(62.0404834632 -1.60409861621 -8.8491562616e-19)
(62.1707191154 -1.49268297988 2.42559114648e-18)
(62.2934562016 -1.37276356599 9.27840578197e-19)
(62.4073319069 -1.24454908417 -2.01458713472e-18)
(62.5109057273 -1.10837019866 -3.15116300757e-19)
(62.602713001 -0.964691570466 -3.66728188047e-19)
(62.6812916159 -0.814118758555 5.55057544011e-20)
(62.7452045207 -0.657399374113 -1.08206707021e-18)
(62.7930640881 -0.495419593492 -9.06858463135e-20)
(62.8235606475 -0.329195946814 1.73110420571e-19)
(62.8354915935 -0.159862972083 -1.21807789491e-19)
(62.827803846 0.0113349533223 1.35512651781e-19)
(62.7996204454 0.183061090416 -2.78015565308e-19)
(62.7503265692 0.353975319079 1.90571573268e-19)
(62.6796559067 0.522882551637 -2.12768297536e-19)
(62.587388483 0.688625744441 4.10241420965e-19)
(62.4731113346 0.84988438791 3.45621245248e-19)
(62.3366517753 1.00536989175 -3.07450210272e-19)
(62.1773321157 1.15346091216 4.07127297577e-19)
(61.9965921719 1.29324288959 3.21727279172e-21)
(61.7957064889 1.42423604268 2.01007529455e-19)
(61.5736741643 1.545229407 2.51428032776e-19)
(61.3314391743 1.6552816634 3.04901473046e-19)
(61.0704877749 1.75392204064 -2.97318645306e-19)
(60.7919835083 1.84087177743 -2.30432333584e-19)
(60.4969690642 1.91596350616 -3.81408227982e-20)
(60.1865743798 1.9792075044 -1.61537637938e-19)
(59.8619520789 2.03080353081 -4.95656305025e-21)
(59.524198545 2.07113259426 3.37877630044e-19)
(59.1744435461 2.10096715693 -1.93523083561e-19)
(58.8138957172 2.12166914437 1.76017941836e-20)
(58.4436398829 2.13485501403 2.55154368728e-19)
(58.064478434 2.14199849398 2.692817598e-19)
(57.6769654925 2.14443594056 -1.88143382104e-19)
(57.2814578425 2.14340832421 -3.42610367174e-20)
(56.8781274205 2.13997890342 2.45722525221e-19)
(56.4669779357 2.13492666653 3.59410710093e-20)
(56.0478989045 2.12866086683 -2.81154121526e-19)
(55.6208453488 2.12122385944 1.13321038041e-19)
(55.1858535221 2.11249493891 -3.12427429321e-20)
(54.7430366812 2.10240818026 -1.42863941993e-19)
(54.2923745072 2.09121579333 -1.70130436027e-20)
(53.8344209109 2.08042449054 -5.43384796248e-21)
(53.3684486997 2.07275185509 6.61507586833e-21)
(52.8949140133 2.07202968531 6.83458775576e-21)
(52.4130337673 2.08245447899 1.59397703823e-20)
(51.9186840515 2.10770981089 6.2451106187e-20)
(51.4093803898 2.15034674573 2.51148713295e-20)
(50.8815003618 2.21175788684 1.26630830272e-19)
(50.333346103 2.2933079821 -6.66491598059e-20)
(49.7558320546 2.39876910902 -3.44698837357e-19)
(49.1683597634 2.52883044249 4.34922205046e-19)
(48.4963181427 2.71846954205 -1.22417652732e-19)
(47.9966833139 2.88493938104 -6.25490368154e-19)
(46.8317062003 3.4229093463 8.47289717593e-19)
(58.835187833 -2.8901560995 8.87916565588e-20)
(58.9376495215 -2.90743746527 -6.91635500654e-20)
(59.0442322739 -2.92377789215 -3.59995287398e-20)
(59.1557882851 -2.93851508347 5.73631517112e-20)
(59.2724376193 -2.95142604414 -1.12619951595e-19)
(59.3934441558 -2.96201237214 -1.78191666507e-19)
(59.518912751 -2.96995527485 1.64602093145e-20)
(59.6491247591 -2.97497206003 2.64619151468e-19)
(59.7841719857 -2.97667181312 -2.64418729707e-19)
(59.9239768988 -2.97461069883 -4.05220840275e-19)
(60.068429789 -2.96832481635 2.80562926366e-19)
(60.2174212653 -2.95733014193 -1.21161117656e-19)
(60.3707822065 -2.94111367577 -1.90996585958e-20)
(60.5282686818 -2.91913499176 8.93026564144e-19)
(60.689565527 -2.89083365468 4.23257875599e-19)
(60.8542817262 -2.85563410138 -4.17176991849e-19)
(61.0219374331 -2.81295186221 -1.57133419339e-18)
(61.191955866 -2.76220107955 5.3971235005e-19)
(61.3636581131 -2.70280378083 1.6790738262e-18)
(61.5362681767 -2.63420993185 -4.73637552733e-19)
(61.7088864422 -2.55590010161 -6.075761634e-19)
(61.8805411189 -2.46733828455 1.62555046865e-18)
(62.0500874642 -2.36801433647 5.97027014771e-19)
(62.2162300621 -2.25764840459 -1.14356455423e-18)
(62.3775261985 -2.13608115618 -5.46118188642e-20)
(62.5324877528 -2.00328160932 4.10642548303e-20)
(62.6796366871 -1.85928326586 -4.91906903174e-19)
(62.8172705281 -1.70426660065 1.28463754113e-18)
(62.9436689864 -1.53860092914 1.38458277237e-18)
(63.0571207413 -1.36283971741 -1.27842730112e-18)
(63.1559176508 -1.17772378852 -1.28777971868e-18)
(63.2383819158 -0.984184921761 -8.18008281328e-19)
(63.3029044061 -0.783343128195 -4.57016493459e-19)
(63.3479833522 -0.576497551214 1.71968408643e-18)
(63.3722584797 -0.36511087482 -3.66720630564e-20)
(63.3745583734 -0.150792662694 -1.49905042257e-18)
(63.3539506586 0.0647236071082 -3.23836103905e-20)
(63.3098148686 0.279605408823 6.64230033711e-19)
(63.2421543222 0.492206190792 1.2241249783e-18)
(63.1512980478 0.701141062581 -1.6307830277e-19)
(63.036929646 0.904864844092 1.36952126688e-19)
(62.898587854 1.10166120064 -5.15696613238e-19)
(62.7357561142 1.28961022415 -1.03351274521e-19)
(62.5492631479 1.46692032005 2.76508939114e-19)
(62.3415653713 1.63393872121 -4.85706790228e-19)
(62.1127373546 1.78852430319 -1.91411897692e-19)
(61.862418164 1.92942390471 1.27205188325e-19)
(61.5924566692 2.0561450251 3.22585651398e-19)
(61.3047648333 2.16838378299 7.05056192778e-19)
(61.0006884094 2.26593315544 9.7131276984e-21)
(60.6814957337 2.34880652224 1.7423727535e-19)
(60.3485311979 2.41725927536 7.99256104896e-20)
(60.0030811926 2.47175736715 -4.12997306857e-19)
(59.6463153093 2.51296946304 5.24784088836e-20)
(59.279389755 2.54195216298 -4.66313543986e-20)
(58.9035445116 2.56038494461 -5.03564396669e-20)
(58.5198889567 2.57027176954 5.28249731702e-20)
(58.1291698785 2.57344749154 -5.66650204532e-21)
(57.731827472 2.57153945295 2.02135755907e-19)
(57.3280826437 2.56604372008 3.3765506926e-20)
(56.9179526938 2.55823020711 -2.03067951594e-19)
(56.5012815118 2.5490000861 4.05090435531e-20)
(56.0778311213 2.53879369359 2.40059319513e-19)
(55.647425696 2.52769680458 7.37711088322e-20)
(55.209950699 2.51541591552 -1.74230129255e-19)
(54.7652051545 2.50170421013 -1.38829791118e-20)
(54.3132211896 2.48669816576 8.36237063528e-20)
(53.8546548595 2.47232200128 3.94030486237e-21)
(53.388829844 2.46165422382 2.57847321263e-21)
(52.9168866587 2.4590406582 -2.91625281361e-20)
(52.4370411319 2.46939596798 4.16814208096e-22)
(51.9465970292 2.49693776709 2.33825733837e-19)
(51.4432970729 2.54446435533 7.56302603212e-20)
(50.9240155487 2.61329413249 -4.20672762137e-19)
(50.3870624612 2.70468824744 -1.02316759792e-19)
(49.8267639386 2.82233234868 5.14554155103e-19)
(49.2575522767 2.96621617929 1.07210892907e-19)
(48.6267003735 3.17310573198 -3.21857664318e-20)
(48.1422343326 3.35580961922 -6.84792320262e-20)
(47.1166945107 3.92197844966 2.11131300444e-19)
(58.841957837 -3.51102610138 -2.58444485264e-19)
(58.9578261748 -3.53848203579 -3.6456246385e-19)
(59.0787604169 -3.5648063038 2.69404232076e-19)
(59.2047153739 -3.58902860814 2.96256781086e-20)
(59.3370933369 -3.61109003932 1.03534064943e-19)
(59.4762037733 -3.63039568795 1.05636399195e-19)
(59.6207844527 -3.64640585425 -9.25480919542e-20)
(59.7709472524 -3.65865511014 0)
(59.9272122911 -3.66664634075 3.35966685076e-20)
(60.0896051578 -3.66978200496 -3.58904756344e-20)
(60.2579588035 -3.66742149022 4.47946613042e-19)
(60.4321011275 -3.65889197603 -5.94116632064e-19)
(60.6118278466 -3.64348249406 -4.85668750324e-19)
(60.796839095 -3.62044761196 -9.68622384845e-20)
(60.9867266449 -3.58901229473 -1.59563007329e-18)
(61.1809751554 -3.54838096964 1.18656731522e-18)
(61.3789522644 -3.49774903641 6.35701435122e-19)
(61.5798969291 -3.43631495403 5.08396061882e-19)
(61.7829101833 -3.36329423492 7.15734482144e-19)
(61.9869556932 -3.27794277349 -7.10182225079e-19)
(62.1908350438 -3.17958577601 5.42922375693e-20)
(62.393289893 -3.067518659 -1.26483871669e-18)
(62.5928496831 -2.94117062298 -1.32197711478e-18)
(62.7878142931 -2.80012551311 1.30795243709e-18)
(62.9762573838 -2.6443296062 2.52684531902e-18)
(63.1561588307 -2.47375456785 1.21442198933e-18)
(63.325577276 -2.28858782209 4.3808006728e-19)
(63.4824577308 -2.089243499 4.43856167649e-19)
(63.6246780744 -1.87637360811 -1.66486093738e-18)
(63.7501371197 -1.65089006407 -2.62192542873e-18)
(63.8567868569 -1.41396739224 -1.54228658499e-18)
(63.9426777374 -1.16703751037 -3.21059376196e-19)
(64.0060100099 -0.911777815227 -2.15121510846e-19)
(64.0451789851 -0.650088577916 1.96204735235e-18)
(64.0588248678 -0.384068064714 -2.90061923319e-19)
(64.0459309756 -0.115980783859 -1.9648158601e-19)
(64.0057932396 0.151807116345 5.02095294246e-19)
(63.9384921296 0.4168537699 4.9197681253e-19)
(63.8452216883 0.677217540911 4.18915568235e-19)
(63.7265418813 0.931281646006 -7.49136669221e-19)
(63.5817463557 1.17698545962 -1.99565646454e-19)
(63.4100667181 1.41184942132 8.55992943813e-20)
(63.2118221735 1.63331913663 1.89219004159e-19)
(62.9907171059 1.84159779217 1.6241038524e-19)
(62.7481003064 2.03516069193 4.61562242555e-19)
(62.4825747985 2.21162970119 7.09298435052e-20)
(62.196257566 2.37027571937 2.82020762336e-19)
(61.8919259233 2.51099079958 -3.8361712801e-21)
(61.5714671044 2.63362177832 3.59774288959e-19)
(61.2363902769 2.73818028237 4.23519865078e-19)
(60.888266292 2.82500778764 -5.0734658375e-19)
(60.5286462721 2.89472325633 6.88157773688e-22)
(60.1589286183 2.94816692627 -4.33296765487e-20)
(59.7803228244 2.98639094892 -4.48531879075e-19)
(59.3939656395 3.01084768528 8.22735159216e-20)
(59.0010648357 3.02363136793 -4.84189890664e-19)
(58.6026636759 3.02714536683 2.281651465e-19)
(58.1993706937 3.02357001678 3.18094571761e-19)
(57.7914519721 3.0148350497 -3.95409670242e-19)
(57.378940258 3.00269916199 1.19339056205e-19)
(56.9616531542 2.98863324207 1.79125085018e-20)
(56.539237894 2.97365423491 1.54365825649e-19)
(56.1113533001 2.95827156397 1.11137105743e-19)
(55.6776341269 2.94246376832 -1.78705718052e-19)
(55.2376356179 2.92573500626 -6.4121897404e-20)
(54.7909400807 2.90739882506 1.01249671123e-19)
(54.3375673381 2.88793882214 3.32707551994e-20)
(53.8787587556 2.86933136455 -4.97515393764e-20)
(53.4132537551 2.85497018894 2.24971328513e-22)
(52.942462481 2.84971631798 3.44395126813e-20)
(52.4652708906 2.85922900452 -1.21980169198e-19)
(51.9792338698 2.88821893232 -4.45778996847e-20)
(51.4823911769 2.93948485411 9.75240792883e-21)
(50.9725213016 3.01400511078 -2.60230851197e-20)
(50.4481540124 3.11267498565 2.22246314927e-19)
(49.906564685 3.23887078119 3.85791606696e-19)
(49.3579339013 3.39232777235 3.50327789119e-19)
(48.7690250184 3.60797496516 -5.0279124367e-19)
(48.3042945486 3.80266604173 -9.72099790545e-19)
(47.4152197785 4.36647902029 1.08753306797e-18)
(58.7931364161 -4.20545021713 -1.97687780704e-19)
(58.9254531054 -4.248031065 8.4829359221e-20)
(59.0646259271 -4.28949122287 0)
(59.210179598 -4.32851819556 -5.70371697241e-20)
(59.3632170723 -4.36468754286 -4.73911621928e-20)
(59.5247820021 -4.39778700856 2.10353403697e-19)
(59.693935005 -4.42683522588 7.31592700746e-19)
(59.8705774904 -4.45108461185 -8.12615035965e-19)
(60.0550919802 -4.46988232062 -1.97040298266e-20)
(60.2476531547 -4.4824531401 1.2585502356e-18)
(60.4480920941 -4.48789462493 5.20628947166e-20)
(60.6562171756 -4.48524991579 -1.0515741294e-19)
(60.8717635841 -4.47352322268 -1.27400344115e-19)
(61.0943355344 -4.45166986105 -2.56178653535e-18)
(61.3234031263 -4.41860068751 -7.58560039555e-19)
(61.5582792714 -4.37320093811 1.39814361772e-18)
(61.7981041771 -4.3143459154 8.60202511748e-19)
(62.0418322466 -4.24092099316 -6.12360608598e-20)
(62.2882434227 -4.15184315245 1.55564909334e-18)
(62.5358806561 -4.04610347906 -1.46867203126e-18)
(62.7831281224 -3.92278697717 -1.86047485626e-18)
(63.0280996512 -3.78100865076 1.75929704784e-18)
(63.2689208811 -3.62002585076 4.08917698689e-20)
(63.503233681 -3.439529344 7.81648795509e-19)
(63.7283132027 -3.23945142798 -1.48544338109e-18)
(63.9417487632 -3.01992440735 -2.29631567006e-18)
(64.1408674972 -2.78138625401 -7.39892769927e-19)
(64.3229334388 -2.5246323692 1.20586166862e-18)
(64.4852522145 -2.25081355386 1.36467039246e-18)
(64.6252092816 -1.96144613153 -1.69111758024e-18)
(64.7403349099 -1.65840937933 1.66962573439e-18)
(64.828367257 -1.34392412126 5.79228827365e-19)
(64.8873241825 -1.02052112035 -1.02667927891e-18)
(64.915564971 -0.690997696623 1.88078348183e-18)
(64.9118716397 -0.358374016318 1.08464928071e-19)
(64.8755827722 -0.0257751926946 -4.34108025466e-20)
(64.8065092688 0.30348685322 -6.20659205621e-19)
(64.7060671676 0.62627275504 1.06411228436e-18)
(64.5769828118 0.940372696484 -4.14363462778e-19)
(64.4196510317 1.24384559824 5.55466899537e-20)
(64.2323499759 1.53356187133 9.82450940047e-20)
(64.0145222257 1.80652037438 5.29527987038e-21)
(63.7712011442 2.06260629469 2.09739734721e-19)
(63.5057057886 2.30047196904 -4.49216314672e-19)
(63.2159630822 2.51689950989 7.76437761598e-19)
(62.9037700986 2.71099079549 -6.92195089128e-19)
(62.5731430799 2.88280315342 3.26065889057e-19)
(62.2268581638 3.03233271553 -3.54844171549e-19)
(61.8667981166 3.15970624081 1.32845417207e-19)
(61.4948561363 3.26544113906 8.98961705469e-19)
(61.1129360552 3.35040751592 3.50388729381e-19)
(60.7227209477 3.41572607708 -2.25644718173e-20)
(60.3256029804 3.46271627727 -3.09672892894e-19)
(59.9227122852 3.49289771094 -2.76778055454e-19)
(59.5150863526 3.50821763722 2.24494935942e-19)
(59.1038289725 3.51126877953 -3.33313796287e-19)
(58.689805089 3.50484869643 -5.64181516366e-19)
(58.2733736605 3.49144504573 2.25576152941e-19)
(57.854542591 3.47326828127 -6.09708199163e-19)
(57.433089105 3.45230512017 -1.53587877473e-19)
(57.0085842924 3.43017571595 1.11175744147e-18)
(56.5805141676 3.40800693434 3.32953495452e-19)
(56.1483286387 3.38635636303 -3.3793445872e-19)
(55.7113548158 3.3648890731 -1.94031234814e-19)
(55.2686967329 3.3428048163 6.80474489895e-20)
(54.8200218852 3.31910947529 2.90666403149e-20)
(54.3655203051 3.29437810407 -9.79226071051e-20)
(53.9066240479 3.2709046419 1.35606445103e-20)
(53.4418186663 3.2522686207 1.99409553449e-20)
(52.9724359331 3.24374921056 6.34598017895e-20)
(52.4980020186 3.25137681103 1.25770620951e-19)
(52.0166516447 3.2803475944 -8.38759964447e-20)
(51.5266978087 3.33350781554 -1.66017250787e-19)
(51.0265835525 3.41171584472 -7.0979225608e-20)
(50.5153868061 3.51525264667 2.59047787991e-19)
(49.9929360679 3.64660371913 1.37996657036e-19)
(49.4672655365 3.80504955223 1.59034349677e-19)
(48.9189581298 4.02094585121 -1.75697689413e-19)
(48.4776840666 4.22170389795 -1.97312205842e-19)
(47.7125533043 4.75733232801 2.64738646982e-22)
(58.657581964 -5.00879595426 8.14785647902e-19)
(58.8097085667 -5.07403627862 9.38797322265e-19)
(58.970839605 -5.13835771429 -1.1639713759e-19)
(59.141053396 -5.20012520031 0)
(59.3200052957 -5.25842395169 4.97860601521e-20)
(59.5097686961 -5.31305267492 -1.83591085938e-19)
(59.711340583 -5.36286475982 2.53427733886e-19)
(59.922859052 -5.40674505324 3.30362564937e-20)
(60.1445157087 -5.44369188549 -6.3301691339e-19)
(60.3769536543 -5.47263792527 -1.72789421493e-19)
(60.6202774342 -5.49231236697 1.83645845659e-18)
(60.8741783013 -5.5013548557 1.90732234828e-18)
(61.1382564202 -5.49833725705 4.07801869441e-19)
(61.4120215519 -5.48175456693 -3.31198387202e-18)
(61.6947700063 -5.45004909657 -1.90200587409e-18)
(61.9855494809 -5.40162257216 -8.22075606067e-19)
(62.2831615633 -5.33486869255 8.416623873e-19)
(62.5861417855 -5.24820371336 2.35150396652e-18)
(62.8927344942 -5.14010235599 -9.91528637028e-19)
(63.2008862072 -5.00916984289 2.02279449408e-18)
(63.5082146259 -4.85415393353 -2.03649691991e-18)
(63.8121349635 -4.67392859118 -3.78471405808e-19)
(64.1096511487 -4.46755180591 2.29729727507e-18)
(64.3975727282 -4.23474033967 -4.06761319936e-18)
(64.6726191345 -3.97560987388 7.82981753925e-19)
(64.9310499784 -3.69065596295 2.11854151424e-18)
(65.1691500682 -3.38082395199 7.42477373298e-21)
(65.3833217875 -3.04757416865 1.27217476569e-18)
(65.5700927469 -2.69289951124 -7.8244155476e-19)
(65.7261780998 -2.31931423174 -2.88734985002e-19)
(65.8485944004 -1.92982444249 -2.04093518319e-18)
(65.9347698372 -1.52787779705 -2.77435470857e-18)
(65.9826344808 -1.11729044216 2.13948335306e-18)
(65.9906983339 -0.702168312849 3.49336241618e-18)
(65.9581974181 -0.286813215785 -5.71533586079e-19)
(65.8851528859 0.124532855078 -2.16761942028e-18)
(65.7726284331 0.527238946895 -3.32815564482e-20)
(65.6241339193 0.917423400127 1.55587648287e-18)
(65.4439258047 1.29297882145 -4.7661315676e-19)
(65.2311683914 1.65084223657 1.33957595089e-20)
(64.9837149442 1.98719634759 -3.20951654892e-19)
(64.7077812396 2.30149790016 -5.00539827946e-19)
(64.4077437626 2.59225299298 -1.63673792129e-19)
(64.0814884623 2.85572249258 -1.17338810788e-18)
(63.7313223865 3.09061241421 6.64609653447e-19)
(63.3624850688 3.29735169998 -2.92928135285e-19)
(62.978735136 3.4763182069 -6.33439268958e-19)
(62.5825945453 3.62792056879 1.42109344128e-19)
(62.1764547351 3.75302029139 -3.06049956486e-19)
(61.7626352778 3.85290954057 7.14753285539e-19)
(61.3431343334 3.92915062118 -3.15344804206e-19)
(60.9195497691 3.98349420386 9.19870346206e-20)
(60.4931159922 4.0178526237 1.29679591614e-18)
(60.0647555711 4.03430965492 1.05276239746e-19)
(59.6352924697 4.03540884687 2.80510680173e-19)
(59.2055992483 4.02430159783 4.74280780453e-19)
(58.776198941 4.00414167663 -1.26723456938e-18)
(58.3470642716 3.97766323739 -5.53157096596e-19)
(57.9178580076 3.94731201521 5.20495109774e-19)
(57.4880333442 3.91525173555 4.14618621347e-20)
(57.0569260375 3.88323217188 -2.46587216511e-20)
(56.623853548 3.85254222658 2.62223735612e-19)
(56.1878850544 3.82346145851 2.24328012038e-21)
(55.7479029562 3.79537947745 9.16128439117e-20)
(55.3027819465 3.7667385317 1.45040742522e-19)
(54.8522228057 3.73701253537 -9.77004520027e-20)
(54.3968315601 3.70652222159 -3.23753605639e-20)
(53.937581879 3.67745099056 -7.24483913715e-20)
(53.4738381659 3.65372236838 2.79634344142e-20)
(53.0061240333 3.64108207346 -1.35376589879e-19)
(52.5344345278 3.64569993753 1.08830913563e-19)
(52.0577003165 3.67325534199 1.74758349345e-19)
(51.5747830131 3.72677592217 -1.11475573906e-19)
(51.0849292887 3.80671922351 -2.01937986927e-19)
(50.5876182599 3.91250165921 1.59775613056e-19)
(50.0842085016 4.04537755194 -8.33505951703e-20)
(49.5820136238 4.20431022633 1.58237525807e-19)
(49.0717259316 4.41309943833 3.43014499161e-19)
(48.6561951695 4.61167399297 -3.9072282115e-19)
(47.999169953 5.10126158526 4.38403298331e-19)
(58.3736185592 -5.91067633012 -1.56868929188e-18)
(58.5494208338 -6.0097851736 -6.39736573162e-19)
(58.7366532446 -6.10844993003 7.56209413874e-19)
(58.9373311124 -6.20477551543 2.20921678992e-19)
(59.1500557139 -6.29758256952 4.91059582439e-21)
(59.376233071 -6.38574648049 -5.97815577464e-20)
(59.6184759043 -6.46861976101 -1.12752611285e-19)
(59.8751202281 -6.54422323725 -6.12416289417e-19)
(60.1460559175 -6.61103722369 1.28161185143e-18)
(60.4320301617 -6.66755754989 1.82555273905e-18)
(60.7333667844 -6.71202811639 -1.14373247979e-18)
(61.0497410759 -6.74246070064 1.56588622626e-19)
(61.3807255824 -6.75672709529 -1.69813574895e-22)
(61.7256525587 -6.75261600958 2.47172412706e-19)
(62.0835149561 -6.72781408553 -2.42255494567e-18)
(62.4529631301 -6.67994295426 -1.14111811416e-18)
(62.8322397259 -6.60661220179 -3.56924262366e-18)
(63.2191795956 -6.50547638599 -1.79985188326e-19)
(63.6111602448 -6.37431574285 6.54674181741e-18)
(64.0051392132 -6.21109906913 5.32940972283e-18)
(64.3975764671 -6.01413393246 -6.28802609028e-18)
(64.7845732006 -5.78192567674 -7.07540359703e-18)
(65.1619694473 -5.51341447456 6.63667285154e-18)
(65.5250796399 -5.20833977754 1.39961592142e-18)
(65.8688391013 -4.86732905743 -3.63388954062e-18)
(66.1881354183 -4.4915896114 7.75723932196e-19)
(66.4779265706 -4.0830052518 6.48125772771e-18)
(66.7333235441 -3.64424706088 1.16842412057e-19)
(66.9497273969 -3.17877804767 -6.69126575931e-18)
(67.1229856359 -2.69080379826 -1.34988556192e-19)
(67.2495540316 -2.18518891207 3.8001811653e-18)
(67.3266410149 -1.66734729131 1.11380815062e-18)
(67.3523260578 -1.14309164111 5.39988523071e-19)
(67.3256647168 -0.618491796733 -1.8755439771e-18)
(67.2468699898 -0.0996440831301 -1.52753622036e-18)
(67.1172755726 0.407674846644 8.45165821699e-19)
(66.940110353 0.897206218636 2.0427099983e-18)
(66.7219492293 1.36414807467 1.08373728801e-19)
(66.4675935063 1.80415143589 5.00658587478e-19)
(66.1758492191 2.21647137535 -8.60837540619e-19)
(65.8515935946 2.60039861975 6.90211583597e-19)
(65.5000296254 2.95269539728 -6.03241301613e-19)
(65.1196131985 3.26908247327 7.41540352519e-19)
(64.7141318404 3.54853144374 -4.42836199908e-19)
(64.2902365602 3.79205854448 -9.04833031651e-19)
(63.8528168457 4.0005984463 9.77942666404e-19)
(63.4052936072 4.17511911176 -2.31735118327e-19)
(62.9507615658 4.31711737138 6.60587107578e-19)
(62.4920666582 4.42858110191 -7.49314356325e-19)
(62.0315786573 4.51178080208 -3.17682136229e-19)
(61.5711242546 4.56915142043 -2.10257845502e-19)
(61.1120277894 4.60323897021 -1.0797366409e-19)
(60.6551615969 4.616657628 8.10451053265e-19)
(60.2010196543 4.61211096575 -3.98321646069e-19)
(59.7500265087 4.59276968206 -1.19899403637e-18)
(59.3026328243 4.56230128037 3.22056241018e-19)
(58.8588328356 4.52410630129 9.05348730615e-19)
(58.4180838287 4.48105166922 8.00841835766e-19)
(57.9796076328 4.43572196844 -5.96270545995e-20)
(57.542510123 4.39040851787 -5.39998990284e-19)
(57.1059574941 4.34702039863 2.70522546656e-19)
(56.6688184346 4.30659555178 2.83099876034e-19)
(56.2296390129 4.26907005744 -4.34314190947e-19)
(55.7867210684 4.23304198244 -3.32444776958e-19)
(55.3392447254 4.19718771891 1.83813192536e-21)
(54.8874460853 4.1608311297 9.48382339222e-20)
(54.4314264655 4.12424185373 -3.25574040545e-20)
(53.9718974755 4.08899868944 -1.22315169994e-20)
(53.5087642639 4.05929073842 4.33740790437e-20)
(53.0426323319 4.04155967256 -3.77980424506e-20)
(52.5738567487 4.04231166983 -2.91449913216e-19)
(52.1020823489 4.06740617379 -7.46897058376e-20)
(51.6263849199 4.11984804896 4.30792439758e-19)
(51.146463528 4.19940778509 -4.2976468628e-20)
(50.6625646659 4.30441690808 -4.76281720364e-19)
(50.1776547578 4.43486424005 2.63421568374e-19)
(49.6986894542 4.58951475017 6.40543111227e-19)
(49.2232473457 4.78464730882 -1.66258161676e-19)
(48.833325666 4.97355272444 -4.58826014744e-19)
(48.2676500331 5.40414624776 -4.20549144008e-21)
(57.8693770151 -6.95510719109 -1.82601330087e-18)
(58.0722479368 -7.10501220631 -1.03722519584e-18)
(58.2891991638 -7.25543693776 1.11153736477e-18)
(58.5238514204 -7.40409240669 1.98225080256e-19)
(58.7772942646 -7.54981602744 -3.97502432824e-19)
(59.0487470934 -7.69051242229 -1.27525075896e-21)
(59.3419353806 -7.8253516684 -2.75577412386e-19)
(59.6580382115 -7.9519121228 -2.94895329794e-19)
(59.9944378 -8.06779682233 1.1975779927e-19)
(60.3520862157 -8.17071187435 9.82675882966e-19)
(60.732083313 -8.25803905971 -4.57120626799e-19)
(61.1344884024 -8.32677257154 9.56882566153e-19)
(61.5585749989 -8.37362140676 -1.10285432102e-18)
(62.0032192324 -8.39510133261 -1.36534655273e-18)
(62.4669711504 -8.38759033544 1.50827967396e-18)
(62.9477863754 -8.34738445033 7.6357801592e-18)
(63.443016317 -8.27079532864 3.08980396112e-19)
(63.9493499313 -8.15428369093 -4.39145977159e-18)
(64.4629113815 -7.99452417822 2.10899102039e-18)
(64.9790337494 -7.7886854541 -5.63528227334e-18)
(65.4923232295 -7.53445328357 -3.61169992893e-18)
(65.9971151282 -7.22999809488 1.14054594036e-19)
(66.4871695989 -6.87419733922 -3.21806407392e-18)
(66.9554160605 -6.46725312632 -5.81215470467e-19)
(67.3943405782 -6.01060821907 -2.48804432656e-18)
(67.7964872898 -5.50671874649 -1.4581294332e-18)
(68.1546326334 -4.95918085217 7.33072681819e-18)
(68.4619347013 -4.37282845765 7.93494940877e-19)
(68.7122045975 -3.7536682374 -6.50984108688e-19)
(68.9001768184 -3.10874991486 2.2088381968e-18)
(69.0217549726 -2.44598211344 2.95546711911e-18)
(69.0742308618 -1.77389464498 -1.45834334392e-18)
(69.0564257098 -1.10131129002 -4.11063367748e-18)
(68.9688577431 -0.43713840934 -8.04068825972e-19)
(68.813819057 0.210108621973 2.13807718925e-18)
(68.59522733 0.833015265054 9.03448403082e-19)
(68.3200659055 1.42205881108 2.85895180463e-19)
(67.9941214171 1.97332284114 -1.29761373225e-18)
(67.6292986651 2.48667958248 4.7487657724e-19)
(67.2366318502 2.95894010494 9.23613807619e-19)
(66.8114787749 3.38742981581 5.53644788587e-19)
(66.3522465223 3.76810970256 -2.65636941655e-19)
(65.8675148514 4.10016565622 -4.57796640828e-19)
(65.3664543874 4.38522250677 1.72818453315e-18)
(64.8549132702 4.62517211149 2.2491323264e-19)
(64.3371730927 4.82204372049 4.85239456296e-20)
(63.8172085627 4.97845972565 -4.22201303346e-20)
(63.298537176 5.09756945331 8.5785903042e-19)
(62.7839252292 5.18277666364 -4.62984989522e-19)
(62.2753552756 5.23757434876 6.36652842114e-21)
(61.7741140819 5.26546204614 1.01046159124e-18)
(61.2808690385 5.26987758011 -1.53151639077e-18)
(60.7957549648 5.2541520496 -7.26179036845e-19)
(60.3185390415 5.22162052272 -1.39119652606e-20)
(59.8490239283 5.17607034856 -5.26007193056e-19)
(59.3869993798 5.12154000931 4.809605573e-19)
(58.9317251828 5.0615444842 1.99189459568e-19)
(58.4820471926 4.99894467485 -7.38708868746e-19)
(58.0367512097 4.93649512833 8.44642996593e-19)
(57.5946945884 4.87657177776 -4.53486884787e-19)
(57.1545106186 4.82068607556 -5.96379586855e-20)
(56.7144944246 4.76949943512 3.77472834422e-19)
(56.2724928257 4.72207117128 -2.97111754038e-19)
(55.8271600361 4.67721486135 7.11683161124e-20)
(55.378237837 4.6338148013 1.0701876935e-19)
(54.9255630935 4.59076354495 1.90348269344e-19)
(54.4691125892 4.5475125433 -5.37704740471e-20)
(54.0090162968 4.50558044369 1.01925928696e-19)
(53.5463667895 4.4693566759 -3.10085613299e-20)
(53.0819335274 4.44571371798 1.83748836257e-19)
(52.6160518001 4.44154744222 2.82460277239e-20)
(52.1488506287 4.4626558778 -3.33388530555e-19)
(51.6798176341 4.51192316863 1.98044325028e-20)
(51.2092324063 4.588725519 1.58738961206e-19)
(50.7381652184 4.6904241438 -3.45467276643e-20)
(50.2706433896 4.81510338089 -2.57819221095e-19)
(49.8133653984 4.96106146148 -2.46255327393e-19)
(49.3694664043 5.13644302273 2.65559799626e-20)
(49.0028431129 5.3083643785 3.30635361297e-19)
(48.5131565603 5.6702725109 3.43156465672e-19)
(57.0150904261 -8.09654938137 -1.10215124488e-18)
(57.2452424694 -8.32287384113 4.26738729958e-18)
(57.49506372 -8.55239302491 1.40881934311e-19)
(57.7689484492 -8.78208512583 -2.1345456946e-18)
(58.0701950215 -9.01081129314 -1.60258091649e-20)
(58.3979749854 -9.23597621857 3.07049456893e-19)
(58.7560555467 -9.45529721809 3.14161478771e-20)
(59.1478784425 -9.66621584438 -9.58607228461e-19)
(59.5707358204 -9.86498136958 1.00821496591e-18)
(60.0256024096 -10.0475345003 2.08188585851e-18)
(60.5137354279 -10.2093392222 2.24488544012e-18)
(61.0350406246 -10.3453719605 5.53552489763e-20)
(61.5886496942 -10.4502802704 -4.83812169275e-18)
(62.1731868019 -10.5185335135 1.77449752399e-18)
(62.7867444179 -10.5445736587 5.70985643816e-19)
(63.4266715917 -10.5228307109 -2.46744089274e-18)
(64.0892546252 -10.4478515628 -6.05194965889e-18)
(64.7698724166 -10.3144950404 -4.87040625289e-19)
(65.4625255396 -10.1178834405 1.5374156452e-17)
(66.1598976544 -9.85393041412 -2.00790091821e-18)
(66.8537711452 -9.51932609944 8.78982582651e-18)
(67.5349427717 -9.11155303453 1.09966172524e-18)
(68.1931793663 -8.62932968946 -2.46695913717e-17)
(68.8169837778 -8.07361293267 2.16915315818e-18)
(69.3944219142 -7.44726352416 1.40143429803e-17)
(69.9139012959 -6.75484340431 1.31117182232e-18)
(70.3645128424 -6.00305173941 -4.1344081462e-18)
(70.7365344428 -5.20053431942 -6.12084093481e-18)
(71.021875562 -4.35784022756 5.04861630486e-18)
(71.2144065933 -3.48709686274 7.60617128822e-18)
(71.310246359 -2.60151119917 -6.08581020408e-18)
(71.3080462028 -1.71489297893 -2.75563980691e-18)
(71.2089694488 -0.841048426148 -6.07458386833e-19)
(71.016836327 0.00692873314013 1.30670911357e-18)
(70.7385714998 0.815999210584 1.25837659128e-18)
(70.3789340676 1.57575017328 9.32783889648e-19)
(69.9512435609 2.27964654285 9.35929955013e-19)
(69.4791928114 2.92174309913 -6.17878610559e-20)
(68.9737919377 3.50241874619 -3.26873366555e-18)
(68.4325788419 4.01913387276 5.23837999775e-19)
(67.8573547134 4.46909411087 5.89341147715e-19)
(67.2586185631 4.85372370034 1.31990471842e-18)
(66.6470824267 5.17624718671 -3.72292190625e-18)
(66.0303503332 5.44008572026 -1.80979221738e-18)
(65.4141316128 5.64909344686 6.38591710394e-19)
(64.8034407121 5.8078190961 1.31325453112e-18)
(64.202564824 5.92127440937 -2.9255789219e-19)
(63.6146544563 5.99462003121 2.31847798179e-18)
(63.0417124111 6.03295483316 2.47731935536e-19)
(62.4847960455 6.04119637321 -1.90213827643e-18)
(61.9441542732 6.02398121415 2.61126630453e-18)
(61.4193263075 5.98557453026 -1.26396186075e-18)
(60.9093072126 5.92986750008 -2.25934769435e-18)
(60.4128453881 5.86068700067 1.4111783786e-18)
(59.9288252003 5.78224372759 -1.83391853012e-19)
(59.4561096973 5.69853196201 -2.60108451454e-21)
(58.9930393257 5.61297089999 4.9267683197e-19)
(58.5379074825 5.52857588944 4.73762081731e-19)
(58.0891329873 5.44763390099 2.47892190645e-19)
(57.6446190616 5.37208398015 -5.77494534938e-19)
(57.2024309681 5.30271819468 -7.66213179509e-19)
(56.7601558263 5.23912408086 3.1964603091e-19)
(56.3159906654 5.18098252681 5.29863166184e-19)
(55.8694048369 5.12739055133 -6.91965408043e-20)
(55.4198346684 5.0766513066 -3.01998351864e-19)
(54.9666586307 5.02669439008 -1.37787021154e-19)
(54.5094839184 4.97641455247 -5.01843881284e-20)
(54.0491191024 4.9274930576 -1.07215413587e-20)
(53.5867608059 4.88425176195 -2.23684908402e-20)
(53.1234325652 4.85378847278 -3.59295793943e-20)
(52.6598332466 4.84325444379 3.85734280686e-20)
(52.1966460509 4.85884824567 -3.73333585403e-20)
(51.7338251727 4.9033224521 -1.80963126179e-19)
(51.2719440167 4.97535876706 1.83239083825e-19)
(50.8125146 5.07108166986 8.91655529648e-20)
(50.3605685807 5.18649517345 1.33059363917e-19)
(49.9223364839 5.31925469767 -7.28872756143e-20)
(49.5058439173 5.47025460425 -1.4132125867e-19)
(49.1583198683 5.61901969918 7.2009867996e-21)
(48.7293053166 5.9031728518 -1.06498009042e-19)
(55.6535808928 -9.34701402532 1.54655693833e-19)
(55.9043219659 -9.68808518606 -2.06276756523e-19)
(56.1827835809 -10.0389668814 -9.32970368057e-19)
(56.4946978349 -10.3960261879 -1.47446597446e-19)
(56.8452734094 -10.7572236922 6.71926588608e-19)
(57.2371233884 -11.1192024474 3.4169461841e-19)
(57.6725188104 -11.4768583435 -2.21586092695e-20)
(58.1540351781 -11.8261213729 6.58228347087e-19)
(58.6813253841 -12.159427796 -1.04897447894e-19)
(59.2565902475 -12.4697723749 6.32210973231e-19)
(59.8823245871 -12.7505043 1.1628686827e-18)
(60.5603716189 -12.9949079768 -1.52521462107e-18)
(61.2920320955 -13.1961838556 -7.31120596324e-18)
(62.0775978787 -13.3471500904 -4.82807046056e-18)
(62.9158856725 -13.4398460738 6.00886570036e-18)
(63.8038061351 -13.4655441927 9.78063068191e-18)
(64.7358062712 -13.4149331039 -3.01624678483e-18)
(65.704008291 -13.2789221212 -2.14240187864e-19)
(66.6974751057 -13.0489215323 3.61074431353e-18)
(67.7022805381 -12.7171760835 -1.01910029146e-19)
(68.702264621 -12.2767066765 3.42126474358e-22)
(69.6790205479 -11.722764413 -8.30551976961e-19)
(70.6120071095 -11.053593113 1.77120218675e-19)
(71.4804697055 -10.2714530414 9.53868692733e-18)
(72.2648372839 -9.38329538844 2.74997331934e-18)
(72.9463582924 -8.39941182571 -1.4342236212e-17)
(73.5087593047 -7.33480207303 -4.17814408063e-18)
(73.9398724839 -6.2064973013 4.40414303853e-18)
(74.230791649 -5.03401977389 9.31128870099e-19)
(74.3770016541 -3.83886505916 -3.51997727405e-18)
(74.3784211057 -2.64325070983 -5.49385880769e-19)
(74.238998829 -1.46874983828 -2.01193553398e-18)
(73.9669813563 -0.337032053108 -1.03449226934e-19)
(73.5721377033 0.732972930982 1.51876057036e-18)
(73.0672949799 1.73028838962 -3.62170181348e-18)
(72.4770572519 2.64228809753 -1.62924614283e-18)
(71.8246429847 3.46119199989 2.81895081704e-19)
(71.1239961533 4.18623447869 2.27243118888e-18)
(70.3923038012 4.81734465269 2.19724088424e-19)
(69.6407643621 5.35556858999 -1.10779900893e-18)
(68.87578109 5.80449455814 -1.39991302124e-18)
(68.1071162495 6.16911988124 1.42488355032e-18)
(67.3444630228 6.45534230319 6.23891478259e-19)
(66.5953721643 6.67018640859 -5.85028338149e-19)
(65.8656323733 6.82147621495 -1.72958620151e-18)
(65.159648117 6.91728188201 -9.89545035094e-19)
(64.480349276 6.96543336578 2.67906539771e-18)
(63.829201146 6.97330331972 -6.77467103671e-19)
(63.2064473064 6.94773571439 -1.01749331398e-18)
(62.6113352844 6.89502561359 1.24564038307e-19)
(62.0422471506 6.82082562378 1.33302364254e-18)
(61.4968763501 6.73000475624 4.8802383832e-19)
(60.9725492597 6.62671536025 -9.85420242841e-19)
(60.4667331353 6.51510661937 1.35161851901e-18)
(59.9770867546 6.39973076607 -1.58634750337e-18)
(59.5014421105 6.28459939 -1.10590688916e-18)
(59.0377659409 6.1724243065 7.29747658857e-19)
(58.5832801735 6.06569894475 2.72451063899e-21)
(58.1352289142 5.96578260903 3.519445421e-19)
(57.6911623944 5.87328624241 6.18656674836e-19)
(57.2481168132 5.78912799033 -1.8052899534e-19)
(56.8048506459 5.71310598123 -5.13089324985e-19)
(56.3606727807 5.64509410988 2.51644607129e-19)
(55.9142580853 5.58360586866 2.06631625874e-19)
(55.4644843636 5.52582925347 -2.75558627889e-19)
(55.0104731951 5.46883162667 2.59636170955e-20)
(54.5525530802 5.41159599427 8.89366032273e-20)
(54.0916578642 5.3553746454 -5.61580461793e-20)
(53.6292785349 5.30439277505 3.94533329011e-20)
(53.166510468 5.26616616813 4.96080363436e-20)
(52.7044955395 5.24810946231 -1.96225724618e-19)
(52.2446018395 5.25680110389 -1.31569875629e-19)
(51.7868965248 5.29489450942 -1.28186497271e-19)
(51.3321873828 5.36020654066 1.68580298276e-19)
(50.8825411953 5.44743226997 7.37792489621e-20)
(50.443767187 5.55058520063 8.71372917886e-20)
(50.0218389328 5.66566488907 -1.69246658682e-20)
(49.6273578836 5.78846752301 -8.35256371105e-19)
(49.2954971299 5.91057941949 -5.89769069833e-21)
(48.9100335098 6.10681443357 5.7287366491e-19)
(53.5314883973 -10.5645284405 -4.78470123445e-18)
(53.7744586539 -11.0839836353 -2.00367714215e-19)
(54.0519942748 -11.6237484722 2.49550691295e-18)
(54.373627212 -12.1779268816 2.64813569799e-18)
(54.744675793 -12.7404610382 -1.67455751491e-18)
(55.1708601248 -13.3051001971 -1.52028777095e-18)
(55.6530175179 -13.8638038141 -3.94237849271e-21)
(56.2024794912 -14.4114321282 -5.00583462717e-19)
(56.8323425174 -14.9436466522 1.32996025741e-19)
(57.5471206415 -15.4560454857 6.84815218468e-18)
(58.3572625698 -15.9450084433 6.78173627879e-19)
(59.2728588721 -16.4044744912 -3.08555043154e-18)
(60.2990717397 -16.8235149909 -6.32547910748e-18)
(61.4361356073 -17.1858947438 -1.64234422467e-17)
(62.680327913 -17.4714643466 8.53365703094e-18)
(64.0247811535 -17.6593231858 9.85486507716e-18)
(65.4559348923 -17.7268565868 -1.43970601014e-17)
(66.9523479831 -17.6504547653 4.33341012619e-18)
(68.489480977 -17.410600123 1.71360247774e-17)
(70.0397457925 -16.9886921085 -1.06649439791e-17)
(71.5686869092 -16.3727202948 -2.61101075383e-19)
(73.0383445873 -15.5570441078 6.08730646902e-18)
(74.4122310874 -14.5440191888 -1.41185436014e-17)
(75.6542102724 -13.3454335413 -8.2925567759e-18)
(76.7298926841 -11.9812129339 9.72908025223e-18)
(77.6089741568 -10.4774259255 -5.98168547352e-18)
(78.2719611109 -8.86656683329 8.04592756207e-19)
(78.7071844106 -7.18629604462 2.95548356058e-18)
(78.9088908554 -5.47482769692 -8.74534991817e-18)
(78.8794895383 -3.76976803653 3.66299685835e-18)
(78.631867983 -2.10824882268 3.68475030328e-18)
(78.1840532446 -0.523733584854 -1.18240361087e-18)
(77.5589101308 0.960015326324 1.56649300289e-18)
(76.7967787419 2.31634237428 3.55734637304e-18)
(75.9298621225 3.52670266654 -2.54112977501e-18)
(74.975654557 4.58469267241 -7.39749642283e-18)
(73.9677528432 5.48525822439 6.1991153039e-19)
(72.9380491525 6.23458504258 -2.81608695333e-19)
(71.9080226518 6.84445653841 -2.06864235592e-18)
(70.8897193888 7.32649193408 -4.00881061164e-19)
(69.8887966189 7.69255033773 6.04010891369e-19)
(68.9140947622 7.95529963341 -1.12242334296e-18)
(67.9747668035 8.12761896376 9.08203792472e-19)
(67.0773915985 8.22257414489 -5.5934000657e-18)
(66.2258026208 8.25289434751 4.80324435689e-19)
(65.4217265546 8.23038679411 3.07108048982e-18)
(64.6652385476 8.16563611672 4.08043894585e-18)
(63.9551037656 8.06804524858 1.38314076204e-18)
(63.2890691605 7.94578468397 -4.08832440183e-18)
(62.66395667 7.80602629736 -8.72342268027e-19)
(62.0755891362 7.65491312975 1.20551157995e-18)
(61.5190951673 7.49709106002 1.58220703903e-18)
(60.9897248815 7.33632263245 -4.02977422406e-19)
(60.483620934 7.17665178508 2.29929288896e-19)
(59.9974106641 7.02175252748 -4.60831556158e-19)
(59.5271791814 6.87408843926 -1.23091045338e-18)
(59.0692437577 6.73483259535 9.41809266943e-19)
(58.6198917575 6.6045105755 -1.06909784509e-18)
(58.1752300666 6.484253555 -9.65098410936e-20)
(57.7332158774 6.37467171638 1.33434912656e-18)
(57.2924467476 6.27644563562 -6.02187558548e-19)
(56.8512492817 6.19025491445 -3.51943277056e-19)
(56.4085149236 6.11422623284 4.12527699574e-19)
(55.9626019884 6.04563748252 -2.96947413197e-20)
(55.5121755865 5.98103245736 1.60031203653e-19)
(55.057240218 5.91752800468 2.36375895203e-20)
(54.5982255372 5.85339845904 -2.35618924514e-19)
(54.1359968468 5.78944795048 -3.054656018e-20)
(53.6729951279 5.73006652058 1.20228581474e-19)
(53.2102240773 5.6832351651 1.46701124003e-19)
(52.7487960151 5.65666680242 4.75744485671e-19)
(52.290973091 5.65703439075 -1.61928313981e-19)
(51.8371173161 5.68694603293 -1.54063925574e-19)
(51.3880361177 5.74342820584 -1.66071230682e-19)
(50.9460267766 5.81972735009 1.50798860787e-19)
(50.5172257222 5.90773999347 -7.7770804065e-20)
(50.1082272786 6.00141322013 2.89349207169e-19)
(49.7283944982 6.09283240723 -6.65968248718e-20)
(49.4106885509 6.18718146514 -8.56750981323e-20)
(49.0507172362 6.28879622514 2.46710585702e-19)
(50.2495849327 -11.4932124484 2.5447246216e-18)
(50.373477803 -12.2291331469 3.06796942524e-18)
(50.5318332178 -12.990008804 -2.10296493874e-18)
(50.7455133906 -13.7716014524 4.92070329284e-18)
(51.0294374612 -14.5718750809 -3.79742974563e-18)
(51.4000812826 -15.3961415486 -3.03375585491e-18)
(51.8817064884 -16.2588659716 1.04468295433e-18)
(52.4975068867 -17.1749406339 -1.43904527768e-18)
(53.2768969362 -18.1529028988 2.25033894513e-18)
(54.2391546213 -19.184859738 1.00812857957e-18)
(55.3949077313 -20.2470629376 -7.22983520641e-18)
(56.7465779705 -21.2984013994 1.466304255e-17)
(58.2882293426 -22.2871436513 5.15337064705e-18)
(60.0088051607 -23.1629378402 -7.25539469473e-18)
(61.8948266852 -23.8861715734 -1.38034959311e-17)
(63.9312723531 -24.4139339305 -4.05291251403e-19)
(66.0967371183 -24.6928985543 8.81691549781e-18)
(68.3528318052 -24.6859250791 6.04610423535e-19)
(70.6497671058 -24.3699536111 -4.23993244259e-19)
(72.9395920315 -23.6890231949 0)
(75.1680804952 -22.651923261 2.51741621169e-17)
(77.2817112144 -21.2710352241 1.36089209797e-18)
(79.2279759928 -19.5672205647 -5.39936746746e-18)
(80.9547544251 -17.5771834557 -7.35447961457e-18)
(82.4125964362 -15.3514030083 -1.91575240215e-17)
(83.5646496494 -12.9507995074 9.2777639305e-18)
(84.3809979553 -10.4362205146 -8.75136748645e-18)
(84.8229454003 -7.88052195192 -5.57715766356e-18)
(84.899719444 -5.35842618559 1.00541769368e-17)
(84.6076308603 -2.93883759725 -3.74252068071e-19)
(83.9650202124 -0.675035419227 -1.26758983346e-18)
(83.0357434306 1.38231170085 3.98032596539e-18)
(81.8734607046 3.20290168284 -3.26457880748e-18)
(80.519679036 4.77778309569 1.94902972087e-18)
(79.0409936481 6.10348147971 1.51694471014e-17)
(77.5032992244 7.19073308462 -1.18925465016e-17)
(75.9635893239 8.05852417006 2.98792736947e-18)
(74.4652242852 8.73158027793 6.34426908399e-18)
(73.035334504 9.23328188992 -3.88321072754e-19)
(71.6867355088 9.58312184971 3.42769080578e-18)
(70.4215316018 9.80030169573 4.12105317111e-18)
(69.2413303047 9.90499395353 -7.5958069991e-18)
(68.1471372065 9.91711043692 -1.70787748559e-18)
(67.1375062239 9.85540903257 4.83133268027e-18)
(66.2084349917 9.73651248943 -3.32119075165e-19)
(65.3543502769 9.57421431279 -6.75333330133e-18)
(64.5691207005 9.3801712588 -6.80911346356e-20)
(63.8463777231 9.16480619323 1.68121296847e-18)
(63.1798111581 8.93770037007 9.96756107281e-19)
(62.5631458796 8.70651031311 -1.7796762888e-20)
(61.9889849296 8.47703347312 -1.2114535952e-19)
(61.4497942288 8.25247048138 9.2391924151e-20)
(60.9397378266 8.03504813938 -1.49788036035e-20)
(60.4534800947 7.8274340778 2.4047244622e-20)
(59.9853604222 7.63231949334 2.39062888637e-19)
(59.5304609545 7.45120959258 5.22714496377e-20)
(59.0846241044 7.28466318312 -5.39324414418e-19)
(58.6447804657 7.13244094962 -4.11046557282e-20)
(58.2085699969 6.99494299043 7.75375008733e-20)
(57.7738265183 6.87270621776 5.29848947857e-19)
(57.3389766319 6.76506575972 -7.68514248011e-20)
(56.9019495037 6.67096591633 -4.4784015245e-19)
(56.460741937 6.58832037609 2.11428516395e-19)
(56.0146197566 6.51374495186 -4.64839674428e-20)
(55.5634276385 6.44357023692 -1.37252050858e-19)
(55.1070054465 6.37401297031 -2.26344913727e-19)
(54.6458549453 6.30277833797 5.85170568088e-20)
(54.1814531129 6.23075620708 1.03098255329e-19)
(53.7168494872 6.16241539511 1.7555465576e-20)
(53.2529935914 6.10606271211 -1.86884536704e-19)
(52.7911136318 6.06976511078 2.90994333018e-19)
(52.3341304718 6.06048220859 2.38235025514e-19)
(51.8824288774 6.08049437959 -8.59933120621e-21)
(51.4367510519 6.12608797993 -3.77403606508e-19)
(50.9997410118 6.1891693409 2.43880624967e-19)
(50.5773651973 6.25970499513 -2.49584222512e-20)
(50.1774068605 6.32958528919 -3.71448707756e-20)
(49.8059496727 6.38738937856 3.89940213884e-19)
(49.50043998 6.45112597837 2.83562980822e-19)
(49.1478525006 6.45814588538 -3.14900591021e-19)
(45.2660830597 -10.8663700507 -2.90694601102e-17)
(45.0887932282 -11.7750441041 -4.39881491083e-20)
(44.9747970425 -12.7816755109 -1.27737867648e-17)
(44.9687265577 -13.9195054944 -5.44252591367e-18)
(45.1206714297 -15.2235171076 1.51539692632e-17)
(45.4518436728 -16.740297606 -1.70476123969e-18)
(46.0190005537 -18.5120537356 1.65140242514e-17)
(46.7883034251 -20.5186992391 -3.05663001135e-18)
(47.8392040212 -22.6856361221 -6.9580927637e-18)
(49.1452108132 -24.8990075558 -6.37157776098e-19)
(50.6929192723 -27.0379261836 2.23746894102e-17)
(52.4727552063 -29.0030053001 7.10281988082e-19)
(54.4749985648 -30.7319410866 -1.06161976991e-17)
(56.6918567702 -32.2001256821 -1.14010672822e-18)
(59.1064604759 -33.4106858688 -7.79157398639e-19)
(61.6988266301 -34.2633351805 1.05243970526e-18)
(64.4417048566 -34.6174752824 -1.48004226509e-17)
(67.2832861353 -34.4806044385 -7.59248098751e-19)
(70.1697865872 -33.8032532208 1.9426620124e-17)
(73.0329541127 -32.566963673 2.75369763755e-17)
(75.815472081 -30.7852319999 1.0478548886e-17)
(78.4679641293 -28.4920025622 -8.15510544141e-17)
(80.9367919483 -25.7364691447 -1.11505954177e-17)
(83.1626975205 -22.5809686798 -1.39736528263e-18)
(85.099755684 -19.1018060769 5.86746816559e-18)
(86.6788079511 -15.3927034411 1.68408090211e-17)
(87.8461462492 -11.5643891299 -1.1092437256e-17)
(88.574048028 -7.72662448604 5.59297551539e-18)
(88.7778402922 -3.99928942049 7.46783212655e-18)
(88.5437834516 -0.495292965095 1.33423485862e-18)
(87.868489395 2.6838039733 -1.1524409942e-17)
(86.771737787 5.45957798553 1.22532754404e-18)
(85.3306842498 7.77579257596 1.35341633003e-17)
(83.6289291682 9.61426245609 -1.40468870808e-17)
(81.7521747128 10.9942856413 7.9620162841e-18)
(79.7836027995 11.961264434 1.07940307403e-17)
(77.8041953039 12.5732306851 1.00275017198e-17)
(75.8838241185 12.9039363109 -9.62898981557e-18)
(74.068387624 13.0188280326 -1.17670617196e-17)
(72.3840191799 12.9688508606 6.71629010745e-18)
(70.8410442949 12.7951441398 -2.59243731642e-18)
(69.4408441378 12.5303738037 4.19451483043e-18)
(68.1800333951 12.2027186525 6.02809728104e-18)
(67.0508129707 11.8375194121 -2.0487486268e-18)
(66.041066511 11.4550963832 4.26191867406e-18)
(65.137737219 11.0668140605 2.38887232887e-18)
(64.329690551 10.6811283907 -5.14701304951e-18)
(63.6072547101 10.3054344048 -5.52447069123e-20)
(62.9592713982 9.94495343415 0)
(62.3725629828 9.6025578146 7.52706736864e-19)
(61.8329369038 9.27936413543 -6.38423715237e-19)
(61.3278384704 8.97728429674 1.02142427546e-18)
(60.849216313 8.69793858515 6.90416638453e-19)
(60.3914232566 8.44188077073 -2.21920727243e-18)
(59.9496597753 8.2091604233 -8.70710145957e-21)
(59.5190065515 7.99922669249 6.50366690264e-19)
(59.0944453713 7.81110926498 2.19422427013e-20)
(58.6721925162 7.64384101605 -6.31312583754e-19)
(58.2496611438 7.49609735059 -7.09497806909e-19)
(57.8244343662 7.36662699433 2.06135265201e-19)
(57.3948353347 7.25372162337 2.93467575023e-19)
(56.96008171 7.15507051384 3.32130420902e-19)
(56.5195667824 7.06813884343 -5.00667995137e-20)
(56.0727519155 6.98942375829 -7.98157654437e-20)
(55.6192578343 6.91443882793 2.51328481643e-19)
(55.1593806771 6.83888365626 2.35322001344e-19)
(54.6947086871 6.76049677644 -4.30404615288e-20)
(54.2271627272 6.68006487263 6.00784625479e-20)
(53.7598996081 6.60205486623 -1.21021329034e-19)
(53.2935975545 6.53527949572 -1.08659516888e-19)
(52.8297579195 6.48814318575 -3.06376425273e-19)
(52.3719922664 6.4678685892 6.20905655209e-20)
(51.9206125991 6.47657977194 -1.67125072474e-19)
(51.4763106955 6.50966964892 4.85227626395e-20)
(51.0417696855 6.55760560335 -1.14109001557e-19)
(50.6220293164 6.60828437159 -1.72987478582e-19)
(50.2263842291 6.65230889109 -5.00918296784e-19)
(49.8571258052 6.67434478351 -2.35422177809e-19)
(49.5594267688 6.70375483135 6.77626618428e-19)
(49.1984063347 6.61796612493 2.89069580268e-19)
(39.5794349677 -8.07229578598 1.24386778131e-18)
(39.0635376467 -9.62598339742 6.59705529114e-17)
(38.663535442 -11.6047009965 6.22978993401e-18)
(38.433258268 -14.0416064894 -7.36718943623e-18)
(38.4308804541 -16.9053714173 8.97890984816e-18)
(38.6783595336 -20.1080087142 -1.48356667441e-18)
(39.17267769 -23.5104172624 -8.21399920069e-19)
(39.88987112 -26.9413719772 -5.44962267749e-18)
(40.8287749956 -30.2428299861 2.24788719639e-18)
(41.9811127462 -33.2893852359 2.42011232436e-17)
(43.3707986247 -36.0094662472 1.02230469272e-17)
(45.0135964691 -38.4364851266 -1.13584828451e-17)
(46.9148442078 -40.6160937045 -8.7738224457e-17)
(49.0759945781 -42.5302666437 -4.25180682713e-17)
(51.4775213563 -44.0286956728 8.71009374613e-17)
(54.0609606719 -44.9672730677 2.68032737587e-17)
(56.7640415421 -45.2235987288 -2.82222454463e-17)
(59.5531936333 -44.7554874646 1.15328331342e-16)
(62.4075595478 -43.4467765382 4.34456801426e-18)
(65.3053169811 -41.4521846022 -1.53268997863e-16)
(68.2098634208 -38.8278196189 -1.16901628395e-16)
(71.0808472534 -35.6229251486 6.53180796831e-17)
(73.8862017896 -31.8964905593 1.02512610836e-16)
(76.5928544998 -27.7168197082 1.1004381193e-17)
(79.1486861241 -23.1558302699 -1.72570492477e-17)
(81.5010191143 -18.2896985404 -4.7574314514e-17)
(83.5450089748 -13.2430003018 5.92099990508e-18)
(85.2641470703 -8.14452239754 -2.76654816714e-19)
(86.3986650597 -3.17755812019 -1.29623485765e-17)
(86.9255696508 1.44929423227 1.40324286742e-17)
(86.8176542657 5.56236507327 -5.33220089367e-18)
(86.0775058631 9.0474355495 3.10400424824e-17)
(84.8072064399 11.8590027411 -4.61097921981e-18)
(83.1377380024 13.9938221089 -2.84517353035e-17)
(81.1889783899 15.4832201296 4.31539095637e-19)
(79.0870862469 16.3837552285 2.27755550707e-17)
(76.9548885305 16.7891309989 2.77390377056e-18)
(74.9035466142 16.8090854238 1.14987728571e-17)
(72.9891479137 16.5496353435 -1.67157692803e-17)
(71.2384565066 16.100151031 -1.35145234703e-18)
(69.6622395088 15.5348578381 1.17193295576e-17)
(68.2618571592 14.9075234573 -5.7740839144e-18)
(67.0378540099 14.2533179923 -3.81591692868e-18)
(65.9810100772 13.5956229291 1.35666370915e-19)
(65.0659936704 12.9534801997 2.82259122311e-19)
(64.2656676448 12.3432834594 3.93317513018e-18)
(63.5661199484 11.7744148436 3.82283703991e-18)
(62.9528305702 11.250452433 -3.01452038121e-18)
(62.4080794348 10.7712471948 5.33875482241e-19)
(61.9155074282 10.335085387 3.25725449072e-19)
(61.4637020496 9.93923451585 -1.94240880548e-18)
(61.0436941187 9.58180547062 1.51219914942e-18)
(60.6445394951 9.26172034973 -8.47587540905e-20)
(60.2561518006 8.9777614085 -6.00451543375e-19)
(59.8717174913 8.72741496561 8.7422324497e-19)
(59.486682551 8.50700104091 -2.56873422018e-19)
(59.0974966794 8.31294576739 -6.52886212586e-19)
(58.7015881845 8.14239064036 -1.53140225454e-20)
(58.2973894014 7.99275543483 3.9219021873e-20)
(57.884022379 7.86179451882 -1.20533053076e-19)
(57.4611832522 7.74754486791 1.55361805863e-19)
(57.0290147162 7.64758592898 8.56183832029e-20)
(56.587678967 7.55872491476 -1.14426969354e-20)
(56.1374371981 7.47683503125 6.33497915191e-19)
(55.6790973563 7.39721002705 2.42746547856e-19)
(55.2140580319 7.3156849058 -5.07629795665e-19)
(54.7440579634 7.22974216199 -1.63742566868e-19)
(54.2711706083 7.13987652303 -6.82634088956e-20)
(53.7994848523 7.05096359628 1.9933040379e-19)
(53.3294576894 6.97247468817 2.20890800472e-19)
(52.862315078 6.91327310033 -6.89613731313e-20)
(52.4023040952 6.88059907635 5.66277974476e-20)
(51.9494011132 6.87649677751 -1.96953856477e-19)
(51.5039002953 6.8954975516 -2.7582388766e-19)
(51.0683627538 6.92657652113 5.66514038194e-19)
(50.6469659361 6.95559491569 -2.22908113117e-19)
(50.2503263819 6.97240474976 -2.97459204637e-19)
(49.877231625 6.95777354833 -5.94760796793e-19)
(49.5815851445 6.95126556713 -2.14581155043e-19)
(49.2025269226 6.77623796363 5.65180404339e-19)
(35.5664895062 -4.54692069935 -2.82961647553e-18)
(34.8564068736 -7.58669278643 -1.03895601961e-17)
(34.2396859018 -11.2484483668 -4.10448570849e-18)
(33.7503635688 -15.3809178654 4.9895303117e-18)
(33.3930813037 -19.7574645957 2.18489191318e-19)
(33.1834926782 -24.1155151214 -5.46876093904e-18)
(33.0778938568 -28.2408472473 -2.89639314246e-17)
(33.130054943 -32.0541377073 1.0810850911e-17)
(33.3344484041 -35.6928737522 6.13855565761e-17)
(33.6813301289 -39.1919338898 -2.1494412003e-17)
(34.329143391 -42.5372776474 5.8150464267e-17)
(35.2919045697 -45.7940074191 2.98615273957e-17)
(36.5284041408 -48.8333727052 -1.51737419502e-16)
(38.0000481651 -51.3262333982 -5.3507004982e-17)
(39.6740479878 -52.7823457545 2.88940510545e-17)
(41.4978372905 -53.2326463087 7.35170868088e-18)
(43.4096652144 -52.8677706682 9.05707322773e-17)
(45.383429276 -51.7155316584 7.19517293986e-17)
(47.4217540233 -49.903277304 -1.80201696162e-16)
(49.5477326202 -47.3907752045 2.33867659769e-17)
(51.7767711091 -44.2426754743 8.18234213885e-17)
(54.0969830862 -40.5200723763 -1.52919706296e-17)
(56.4882227041 -36.2855732444 2.51941785864e-18)
(58.9396201312 -31.5861119603 -5.58309484681e-17)
(61.4265889558 -26.4763732439 4.39106606387e-18)
(63.9766847135 -21.0035716546 5.34230028781e-17)
(66.5319475305 -15.1094950431 5.41187610312e-18)
(69.0873341851 -8.89195291403 1.18800080313e-18)
(71.4119553504 -2.56403716654 -7.04899793746e-18)
(73.4120330877 3.5873018372 -1.07708914059e-18)
(74.9910464721 9.21676534399 -1.16381567326e-17)
(76.0446152564 14.0076809746 6.77630988766e-18)
(76.4876775937 17.7295214751 4.78112447762e-17)
(76.3573100225 20.3343982319 -9.73352910292e-17)
(75.7481432586 21.8817843169 3.76365683104e-17)
(74.7660059493 22.6596662246 1.42404853946e-17)
(73.5339896418 22.4781000045 -3.68372680472e-17)
(72.1924358923 21.8758536196 2.96251188372e-17)
(70.8363359413 20.9732093394 1.16687937549e-17)
(69.5276272981 19.8945799229 4.07342421563e-19)
(68.2996709931 18.7405120344 -6.95652525382e-18)
(67.1626458739 17.5813208239 -7.74986746063e-20)
(66.1223969716 16.4607948676 -4.06138455111e-19)
(65.17676332 15.4058662967 -3.08334797609e-18)
(64.342383243 14.4286523772 5.59279093814e-18)
(63.6204493917 13.5413787777 2.97702281628e-18)
(62.9969069609 12.7489949594 -3.93824467488e-18)
(62.4544503386 12.0489231662 -8.65247529699e-18)
(61.9782788801 11.4353235234 2.32976708722e-18)
(61.5554773405 10.9014725598 3.18911903869e-18)
(61.1734338312 10.4405942206 -1.29871033768e-19)
(60.819512717 10.0442809166 2.07738983154e-18)
(60.4816351384 9.70432916868 -2.0987700216e-18)
(60.1495453479 9.4136995781 9.71503216302e-20)
(59.8151267868 9.16547471207 5.46237364705e-19)
(59.4722976889 8.95272932956 1.20487237768e-19)
(59.1168287503 8.76922846114 1.95061160052e-19)
(58.7462692688 8.60983913607 3.84096608558e-20)
(58.3596103046 8.47055961382 1.51800393165e-20)
(57.9568805892 8.34830626121 -4.27886840216e-19)
(57.5388598064 8.24050188324 3.63989227271e-19)
(57.106804234 8.14445382046 3.75732069121e-19)
(56.6621757374 8.05692690554 4.63552331997e-20)
(56.2064997283 7.97399078136 -1.331377566e-19)
(55.7414984652 7.89112232165 -5.29765246079e-19)
(55.2691739803 7.80393571028 -1.12720674759e-19)
(54.7917253789 7.70971270217 7.24547290602e-20)
(54.3118011366 7.60940201201 6.77769810388e-20)
(53.8341782844 7.50850109248 2.60951275903e-20)
(53.3589377495 7.41706854556 1.6084841025e-21)
(52.8869017235 7.34489758331 2.91430232818e-19)
(52.4227895655 7.29897494505 -2.00681538053e-19)
(51.9662119034 7.28120978473 1.88188889155e-19)
(51.5169385834 7.28502335825 -1.66554033074e-19)
(51.0770226662 7.29767473235 3.78090047618e-19)
(50.6500520864 7.30264404755 5.97731676865e-20)
(50.2472417362 7.2901093318 -1.91511700593e-20)
(49.8633259533 7.2393984382 6.30977955508e-19)
(49.5624739367 7.19514286447 -5.04730612548e-20)
(49.1645293223 6.93594055304 -5.59218230139e-19)
(35.692523311 -2.67964920893 -1.69773391501e-18)
(34.8889514357 -6.80249595153 5.87089165012e-18)
(34.1120519806 -11.2344227155 -3.16760084961e-18)
(33.3368727247 -15.7296362259 -6.25313248714e-18)
(32.546370762 -20.0601039088 -1.07926750431e-18)
(31.7241125042 -24.0843952385 1.08333779497e-17)
(30.9215842458 -27.8536682343 -2.33399722898e-21)
(30.0748059848 -31.6063473429 3.01696492511e-18)
(29.2246023468 -35.5993730746 -1.1611683175e-17)
(28.5515241452 -40.0048546606 1.3252139961e-17)
(28.0499616241 -44.5767024707 3.41966536908e-17)
(27.775626326 -48.8857282006 -1.63828484186e-16)
(27.7267665019 -52.2731650905 -9.1719611063e-17)
(27.803571217 -54.3052002034 1.40444391014e-16)
(27.9023018808 -55.4069430141 1.17082281026e-16)
(28.0487701642 -55.2137498574 1.86479045579e-16)
(28.3214654698 -54.3649342494 9.29817199753e-17)
(28.778815136 -52.870854273 -2.95179593278e-16)
(29.4554022858 -50.9636400436 -5.12892430762e-17)
(30.3726608474 -48.6049970813 4.79101389665e-17)
(31.5559642249 -45.7408529654 -3.98963876251e-17)
(33.0069297763 -42.3496691775 1.26521477268e-16)
(34.6981474058 -38.455240217 8.07958478768e-18)
(36.5859488544 -34.0855025444 -6.6329650857e-17)
(38.5440855724 -29.3362716438 -1.39042186831e-18)
(40.7025238742 -24.3047463742 -8.27105099068e-18)
(42.6860227564 -18.4105598955 6.68799441266e-17)
(45.1148457262 -12.2253140922 7.37822616022e-17)
(47.3529892707 -6.1170563522 -2.56872457616e-17)
(49.6700441776 -0.059649270201 3.46013180959e-17)
(52.0880982947 5.7079538017 -7.00034909497e-19)
(54.4987341322 10.9222007164 -2.29198435916e-17)
(56.7999829957 15.3224779217 -6.95043887645e-18)
(58.8344319772 18.7210404944 6.77380272567e-17)
(60.5078076177 21.1544625326 3.64782032052e-18)
(61.7797668253 22.3427426146 -3.09973192594e-18)
(62.647208131 22.7403362926 -1.66561563299e-17)
(63.158692635 22.5041598774 -3.17970768084e-17)
(63.397302736 21.8572313631 -1.5882974382e-17)
(63.4283022957 20.9088229171 2.32212074961e-17)
(63.3155567225 19.7885237773 1.35095027853e-18)
(63.1208493869 18.5962534101 -3.66045733373e-19)
(62.8815949768 17.4065835085 2.61064412536e-17)
(62.6202839156 16.2694579481 5.97243381388e-18)
(62.3523292843 15.2129085805 -5.47452641585e-18)
(62.088536197 14.2473785503 3.25247428674e-18)
(61.8315239777 13.3787481866 -2.7001929256e-18)
(61.5816610639 12.6096759049 -7.18729244494e-18)
(61.3383064389 11.9390049733 4.57437277145e-18)
(61.0999039943 11.361900692 2.53527173306e-18)
(60.8626246865 10.8703469246 -3.32065714671e-18)
(60.6212625457 10.4558597996 -1.11947720317e-18)
(60.3702859582 10.1106833859 2.92406850314e-18)
(60.1052510785 9.82552941896 1.0140135054e-18)
(59.8223793643 9.58995904069 -1.99715506849e-18)
(59.5184253586 9.39377405114 -1.45695474482e-20)
(59.1910257386 9.22813125522 6.06123058085e-20)
(58.8390925934 9.08612327347 -3.0644037795e-20)
(58.4628908978 8.96247417246 1.82568922203e-19)
(58.063756808 8.8532447659 1.20179453751e-18)
(57.6438773847 8.75532973646 -1.02661183654e-18)
(57.2059689333 8.6657783008 1.72788260892e-19)
(56.7528345354 8.58127910316 1.36955250036e-21)
(56.2870727149 8.49790038475 -4.78094432287e-19)
(55.8111823492 8.41123479163 5.95618190379e-19)
(55.3278500819 8.31719545385 3.61323068416e-19)
(54.8402910094 8.21312910998 -1.44257039736e-19)
(54.3518802907 8.10008538492 1.78508387414e-19)
(53.8673042913 7.98413223703 -8.61366218999e-19)
(53.3859152105 7.8765373991 -1.35027436059e-19)
(52.9075557117 7.78871082981 -3.57236032985e-20)
(52.4373389515 7.72683991774 6.48462585609e-19)
(51.9742299116 7.69317531798 -1.68507887773e-19)
(51.5167195513 7.68010430407 3.97190563169e-19)
(51.0661942996 7.67351659248 1.80148445458e-19)
(50.6275592429 7.65359599986 2.34613457818e-19)
(50.2130083412 7.61225991663 -4.77557276348e-19)
(49.8117519204 7.52701734756 2.50675355207e-19)
(49.5007180992 7.44254573985 -1.47902427404e-18)
(49.0946210111 7.10450153317 -1.73961463262e-19)
(51.2963729119 -0.0238247492296 1.46360333612e-19)
(51.2725762706 -0.0422656308524 -8.89154496787e-19)
(51.2153138325 -0.0217576466394 -5.11168060078e-20)
(51.1265509485 0.0321222046772 -1.04295041931e-18)
(51.0047319634 0.109143118841 -1.14367489711e-18)
(50.8463047411 0.196101211608 5.10885182795e-19)
(50.6475110529 0.278669286619 4.97022205507e-19)
(50.4046381359 0.341623963466 8.40302019029e-19)
(50.1134513728 0.37039518176 8.17232294294e-19)
(49.7703222809 0.35140415787 -4.43047490084e-18)
(49.3707719547 0.270576697626 -7.953135326e-19)
(48.9081883501 0.11252198996 -4.34802248675e-18)
(48.3778974287 -0.141744510226 -4.92948173935e-18)
(47.7773066493 -0.518381612514 9.9047558891e-18)
(47.1053191625 -1.05355365249 5.23229210497e-18)
(46.3748317826 -1.80090224707 4.2026704519e-18)
(45.5982259166 -2.83287590504 1.02398171808e-17)
(44.8866128775 -4.25353810259 -9.25948311803e-19)
(44.1986213682 -6.18421558677 2.80181962123e-17)
(44.5523011378 -8.7434643591 -5.04361766054e-18)
(51.2960051112 -0.0188737804924 6.34549482939e-19)
(51.2709423218 -0.0216056057038 -4.85587547258e-19)
(51.2114064775 0.0127907075858 3.82382543733e-20)
(51.1186437759 0.082807168057 -1.0413717506e-18)
(50.9911199272 0.17754937283 1.54516978475e-19)
(50.8252714465 0.283644028526 6.4243077748e-19)
(50.6169136396 0.387068141941 -2.69648093552e-19)
(50.3616705491 0.47302731185 5.4048792282e-21)
(50.0547881775 0.527293538199 -6.74596940038e-19)
(49.6909253393 0.536983087014 -1.57897962514e-18)
(49.263446765 0.487218560391 5.81399928967e-18)
(48.764096659 0.362587631653 -6.60536343947e-18)
(48.1846802491 0.145088665813 -2.10971668384e-18)
(47.5177467552 -0.192692488077 6.68884481462e-18)
(46.7557701968 -0.689137717541 4.1189402294e-18)
(45.9027596955 -1.40122996184 1.34283029864e-18)
(44.958932712 -2.41250786441 2.57955355411e-17)
(44.0218871035 -3.84435495395 -3.43699958198e-18)
(43.0325660589 -5.86632221919 1.24970558222e-17)
(42.8786028347 -8.76669366663 -2.00647785727e-17)
(51.2957278348 -0.0095177386956 -2.88947074906e-20)
(51.2697669925 -0.000194763142783 1.70259186878e-19)
(51.2083804768 0.0512802265627 -3.79396245613e-19)
(51.1119750275 0.139271338129 4.42408781388e-19)
(50.9792504418 0.252944626758 4.08727353568e-19)
(50.8068629757 0.37997550154 3.2133892942e-19)
(50.5902115489 0.506000957128 -1.19793943737e-21)
(50.324125123 0.617116105778 -2.2613949875e-19)
(50.0030319529 0.69922731664 1.01605522161e-18)
(49.6201646861 0.739486578321 4.81564761866e-18)
(49.1670341311 0.724490241818 2.02805595796e-18)
(48.6332666632 0.639799944087 -3.26792824262e-18)
(48.0069752311 0.46720771921 6.69572792673e-18)
(47.2752973493 0.179867419014 -2.83188680918e-18)
(46.4234737874 -0.262031876891 -1.92683450127e-18)
(45.4438041683 -0.918093458631 2.19426921422e-18)
(44.3211418075 -1.88146577015 -1.53721048352e-17)
(43.1229430284 -3.28926606059 -3.53736046671e-18)
(41.7608613987 -5.36860449525 -2.33159387226e-17)
(41.045855056 -8.47331423999 -1.59170401845e-19)
(51.2956869255 -0.00169807702089 1.56123688474e-19)
(51.2690495922 0.0232240597089 -9.66843193942e-20)
(51.2055619923 0.0912133775282 1.37949902115e-19)
(51.1058497611 0.196819718426 2.05659498641e-19)
(50.9689816869 0.330019074734 4.68746671179e-19)
(50.7911260121 0.478386339367 -3.08599072477e-19)
(50.5672515023 0.627900919966 -8.02059438668e-20)
(50.2917924854 0.765315246708 1.2796250611e-18)
(49.9581888474 0.877010335104 3.54158019352e-21)
(49.5585590213 0.950945641325 1.80381440491e-18)
(49.0826437655 0.974807897464 -4.13204250253e-18)
(48.5176021209 0.935205297477 1.31461604461e-18)
(47.8478431145 0.814901241214 4.99434380369e-18)
(47.0549908105 0.588440652997 -2.51570591539e-18)
(46.1162899113 0.216608045675 -4.60039625954e-18)
(45.0105223719 -0.360690350806 -2.93734850108e-18)
(43.7056327953 -1.2422497335 -2.38646193012e-17)
(42.2220198979 -2.57155267767 2.61785194149e-17)
(40.4677506191 -4.61017111204 1.74989625102e-17)
(38.9650077091 -7.7819149871 2.75941075877e-17)
(51.2956245588 0.00689110946886 3.99810644622e-20)
(51.2684054953 0.0469759947344 -1.50083879163e-19)
(51.2031320447 0.132138515601 -3.94976658071e-20)
(51.1007920657 0.256210088757 1.24688874699e-19)
(50.9604223141 0.409521019401 1.93589086789e-19)
(50.7779996666 0.579617252371 -6.48989099718e-19)
(50.5483737178 0.754147278762 5.17095882348e-19)
(50.2652983154 0.918938135917 -4.37326771976e-19)
(49.9214555441 1.06193486011 -1.2062643889e-18)
(49.5078047536 1.17214721864 5.73906616959e-21)
(49.012318256 1.23829812902 -1.40755042652e-18)
(48.4199518805 1.2486233802 3.37088911788e-18)
(47.7115872955 1.18782414784 -2.45977130969e-18)
(46.8632418726 1.03285246195 -1.33204703893e-18)
(45.8440658668 0.747029462813 -1.81758757346e-18)
(44.6177838701 0.27306920505 5.40461937307e-18)
(43.1356106143 -0.486524717 1.10959362343e-17)
(41.3643439797 -1.67787396902 -4.63211264198e-18)
(39.1991128955 -3.56537155437 -1.89234778771e-17)
(36.8275111881 -6.62814848959 3.02777469231e-17)
(51.2956421225 0.0153534527852 8.73089469288e-20)
(51.2679550537 0.0714416384426 -9.90976578248e-20)
(51.2011386933 0.174089605594 1.28945428876e-20)
(51.096749201 0.316975634168 1.07589995986e-19)
(50.9537826567 0.49060906198 -7.97540247603e-20)
(50.7683091989 0.683644293656 -2.04514789094e-19)
(50.5343611823 0.883345987603 -4.05224636534e-19)
(50.2452364572 1.07673375878 -8.15025374174e-19)
(49.8935942546 1.25294080181 5.87032535096e-19)
(49.4689896625 1.40132418252 3.67615572712e-19)
(48.9578768342 1.5126983166 1.60583594043e-18)
(48.3431757673 1.57750576974 -1.29457190099e-18)
(47.6024498481 1.58292873725 -2.36730317404e-18)
(46.7064967339 1.50944147537 8.23219810164e-19)
(45.6167084482 1.32495170893 4.77528291503e-18)
(44.2825485788 0.978098744466 7.29766616207e-18)
(42.6363314608 0.380096034947 -3.97404806084e-18)
(40.592458923 -0.60834015349 -1.28032211833e-17)
(38.0321576738 -2.2380019615 -9.64414242539e-18)
(34.7796552545 -4.97889260643 -1.29400612786e-17)
(51.2956314293 0.0237118410145 2.02242672467e-19)
(51.2676138487 0.0964541395046 0)
(51.1997403305 0.216785707966 0)
(51.0939568803 0.378688444648 -4.62268574756e-19)
(50.9494629961 0.573073574195 7.2077465702e-20)
(50.7618184747 0.78908343612 6.8906422969e-19)
(50.5250405735 1.01412909292 0)
(50.2324824331 1.23718749865 3.7867813497e-20)
(49.8756301784 1.44788007906 -4.78224897928e-19)
(49.4433087915 1.63618353455 3.01573752823e-19)
(48.9211022432 1.79556878394 3.04749976079e-19)
(48.2899022838 1.9187819369 -6.5351281649e-19)
(47.5243921307 1.99627282502 9.9581207964e-19)
(46.5908186668 2.01316191887 4.15125634783e-19)
(45.4436741168 1.94382145536 1.79778642363e-20)
(44.0194455031 1.74598906771 -5.46058454369e-18)
(42.233926459 1.34440630519 0)
(39.9512779803 0.6207057762 -2.73565846091e-18)
(37.0392505237 -0.643718390001 1.18032776492e-17)
(33.0044339811 -2.86242872808 -2.7238698986e-17)
(51.2956120853 0.0321786926189 0)
(51.2673843003 0.121857710177 -4.63291556351e-19)
(51.1989371893 0.259958611247 3.59845199184e-19)
(51.0924683124 0.440972508705 0)
(50.9472539439 0.656218889969 -6.65149385683e-19)
(50.7588543093 0.895100088681 1.4680445845e-19)
(50.521173644 1.14651159558 -4.18040578416e-19)
(50.2272974943 1.39960697252 2.80337770571e-19)
(49.8680106573 1.64485920854 1.90907625377e-19)
(49.4317767285 1.8747833515 -1.02221768888e-19)
(48.9034930737 2.08432575178 -3.50401148716e-19)
(48.2623081863 2.26894464313 1.0569917324e-18)
(47.4807479573 2.4231407327 -2.96854030261e-19)
(46.5214350884 2.53763673583 -1.5437986892e-18)
(45.3332980173 2.59494567335 -1.19559186019e-18)
(43.842201489 2.5646830566 -2.46611032114e-18)
(41.9501416012 2.39075239911 -5.84865118795e-18)
(39.4820286335 1.9821603845 -3.84084276076e-20)
(36.2898486872 1.17227671562 4.52118391365e-18)
(31.6430057536 -0.35311375301 -3.18261850264e-18)
(51.2956060219 0.040668815034 1.95624496408e-20)
(51.2673167014 0.147402700074 -9.93126835401e-19)
(51.1987621683 0.30331163409 -2.37469008156e-19)
(51.0923297507 0.503418231164 1.0088836175e-20)
(50.9474116071 0.739505049714 -4.27041150197e-20)
(50.7596067357 1.00159590752 -4.6737031135e-20)
(50.522757417 1.27922038733 -4.202323942e-19)
(50.2297055859 1.56240600586 -3.96120705871e-19)
(49.8712204016 1.84274166261 2.65694061294e-18)
(49.4353236988 2.11512719314 -6.31006326034e-19)
(48.9061264216 2.37599670514 -1.16440229778e-18)
(48.2620247037 2.62400934953 1.07622881852e-18)
(47.4741016147 2.85813239707 1.81898451949e-19)
(46.5024758344 3.07542910636 1.31126103215e-19)
(45.2922625941 3.26783510857 -2.52198549943e-18)
(43.7620365732 3.41910178034 -3.00318497278e-18)
(41.8038398754 3.49426549743 3.89208589122e-18)
(39.2142125974 3.44216513648 3.79825920127e-18)
(35.8388190476 3.14961221009 2.95631756096e-18)
(30.7791426517 2.43425308011 -1.72791477715e-17)
(51.2956225737 0.0491449994218 2.49360108783e-20)
(51.2674379999 0.172923879578 3.44385501563e-19)
(51.1992361033 0.346558394534 -2.99833552889e-19)
(51.0935738284 0.565603847613 -7.54945302481e-19)
(50.9499779434 0.822353832093 3.64242018197e-19)
(50.7641308186 1.10743930635 1.04170613159e-19)
(50.5299110294 1.41109178412 4.3196145322e-19)
(50.2401249044 1.72433157798 -3.52564114888e-18)
(49.8855801811 2.04016582671 -6.31670341619e-19)
(49.4541286944 2.35485560743 2.56395617811e-18)
(48.9295853113 2.66739741241 -2.92490426742e-19)
(48.2900885182 2.97969859145 4.16756898192e-23)
(47.5061332 3.29534623685 -2.93298131138e-18)
(46.5366932212 3.61821082244 1.10847287924e-18)
(45.3251580337 3.95052190252 3.11080412119e-18)
(43.7855423319 4.2916899947 -1.28600494617e-18)
(41.8077422953 4.63191814956 -1.11367670868e-19)
(39.1708075914 4.95970044514 1.30023412932e-21)
(35.7184007412 5.22779251675 3.1410572587e-21)
(30.4939688898 5.38713719834 8.73276900431e-18)
(51.2956653152 0.0575630108356 9.9335989126e-21)
(51.267761076 0.198252826296 5.40539295832e-19)
(51.2003685445 0.389403668558 -5.87750985893e-19)
(51.0962074508 0.627097353645 2.57856116668e-18)
(50.9549570044 0.904159102077 -1.40652296205e-18)
(50.7724387036 1.21183859887 6.50904947084e-22)
(50.5426682828 1.54111586022 -1.54252063268e-20)
(50.2585713122 1.88400300712 5.01348365685e-19)
(49.9111215836 2.23483051424 -3.42073214893e-18)
(49.4883024501 2.59142380665 1.42147161464e-19)
(48.9740731403 2.95527112274 1.72413185731e-18)
(48.3468521992 3.33154660953 6.11850522189e-19)
(47.5774767963 3.7285397672 -3.03575294176e-18)
(46.6252529105 4.15706995888 -7.88206644224e-18)
(45.4341169379 4.62999603261 2.53830356506e-18)
(43.9184223749 5.16288157722 3.02026605505e-18)
(41.9690458273 5.77398547037 1.90594016981e-18)
(39.3623944342 6.48758369569 -4.05999703416e-18)
(35.950642621 7.33174355916 1.14212062023e-17)
(30.7618733665 8.38334712097 -1.22152434692e-17)
(51.2957354516 0.0658729430884 1.18117842636e-20)
(51.2682900937 0.223223449651 7.96064753729e-19)
(51.2021566682 0.431555164959 -1.24337994514e-18)
(51.1002147289 0.68746793977 1.03312082722e-18)
(50.962316738 0.98432885741 5.94272907159e-19)
(50.7844795417 1.31401207807 -3.39690050635e-19)
(50.560950844 1.66824862235 1.63304459756e-19)
(50.2849159452 2.04002060383 -9.1977698362e-20)
(49.9476805472 2.42493192401 5.04778882856e-19)
(49.5376379241 2.82242623095 -1.14840937051e-18)
(49.0393050177 3.23632738377 -1.33263832732e-18)
(48.4319547236 3.67501852464 1.64008575688e-18)
(47.6876758867 4.15136661921 3.542162232e-18)
(46.7675936408 4.68291332454 -1.56054741857e-18)
(45.6184650305 5.29285028482 -8.56607309228e-18)
(44.1589983926 6.01228096053 2.44612784703e-18)
(42.2865992348 6.88519216473 3.56268352001e-18)
(39.7891116289 7.97476784789 9.51290301851e-18)
(36.5312663187 9.38073400905 1.12325589767e-17)
(31.6095306748 11.2971081871 1.34678524331e-17)
(51.2958329767 0.0740231572177 0)
(51.2690227959 0.247673906318 -5.18629308825e-19)
(51.2045844944 0.472727532313 8.66745353188e-19)
(51.1055559781 0.746294570421 -9.13429301603e-19)
(50.9719838962 1.0622864415 9.62359891092e-19)
(50.8001340366 1.41318997354 -7.05090561856e-19)
(50.5845766416 1.79146733632 9.86649238637e-19)
(50.318888637 2.19103560239 1.842441789e-20)
(49.9948745467 2.60870943452 -2.73965465031e-18)
(49.6015924827 3.0454881855 6.73646515177e-19)
(49.1245119459 3.50734987715 -2.36993384917e-18)
(48.5443142234 4.00568298746 -1.6469657108e-18)
(47.8351660468 4.55762014636 5.0470025012e-18)
(46.9614188601 5.18685804893 5.41903912959e-18)
(45.8747466065 5.92603101888 -7.92124576748e-19)
(44.5020773481 6.82018494766 -2.8160401054e-20)
(42.7522227194 7.93701283724 -1.4156648875e-17)
(40.4392437824 9.37323956557 -1.35959973978e-17)
(37.4406134675 11.2985976154 1.39637332757e-17)
(33.0213422576 14.0065446683 -7.7301368637e-18)
(51.2959569904 0.0819628224079 1.34310037604e-20)
(51.2699511763 0.271448830798 5.85026975724e-19)
(51.2076209549 0.512647043307 -4.46287899324e-19)
(51.1121631135 0.803173907051 3.59196135388e-20)
(50.9838374965 1.1374811612 4.84137634693e-19)
(50.819209571 1.50863843976 1.570565782e-18)
(50.6132588639 1.90979997547 1.40394049198e-18)
(50.3600735331 2.33576606696 5.54353392512e-18)
(50.0521096793 2.78447367621 -3.81848536924e-18)
(49.679315704 3.25835752338 -8.7309799327e-19)
(49.2284546141 3.76532234723 1.68041313131e-18)
(48.6821191108 4.31940963587 2.22337885487e-18)
(48.01730108 4.94151179077 -2.95527824624e-18)
(47.2027955024 5.66064555502 -1.91870672683e-18)
(46.1969252027 6.51748392407 -8.03345892533e-18)
(44.9383484037 7.56856661808 -1.0026739454e-17)
(43.3507538644 8.90164521426 1.54220152469e-17)
(41.2893482477 10.6388885494 -2.39895835157e-17)
(38.6394990547 13.0113581366 -2.92283056531e-17)
(34.9441598079 16.3865181216 1.94388602081e-17)
(51.2961057462 0.0896446927162 1.01528480256e-18)
(51.2710603744 0.294402384921 2.02577346757e-18)
(51.2112167791 0.55105786858 7.17670948608e-20)
(51.1199383682 0.857732459385 -8.21249030447e-21)
(50.9977129404 1.20939893986 1.37335020247e-18)
(50.8414489826 1.59966472704 -1.19477127019e-18)
(50.6466162685 2.0223298073 -2.01510498114e-20)
(50.4079195907 2.47301093378 2.23827798346e-18)
(50.1185967522 2.95065266826 3.59335224481e-18)
(49.7696774919 3.4589547904 -3.64396793714e-20)
(49.3494911059 4.00747953187 9.09425943925e-19)
(48.8429555439 4.61247722291 1.10120715709e-20)
(48.2305110254 5.29790390164 -5.59700405884e-18)
(47.4863521221 6.09702425192 1.5323877046e-18)
(46.5767065524 7.05675381773 9.84044912773e-18)
(45.4547510443 8.24202577502 -4.28283258239e-18)
(44.0610217627 9.75543780902 1.89099386887e-17)
(42.3044343633 11.7347407933 1.83288931523e-17)
(40.0710122798 14.4570613096 -4.19996568285e-17)
(37.2668349737 18.3148514901 -2.84224851053e-18)
(51.296275925 0.0970294497544 4.61296753287e-21)
(51.2723251484 0.31639838905 -6.54068786969e-19)
(51.2153044591 0.587717736428 1.44972717263e-18)
(51.1287623881 0.909625834345 -2.60765383693e-19)
(51.0134195377 1.27757350982 -1.17622259598e-18)
(50.8665597768 1.68564270844 -8.07753289646e-19)
(50.6842110323 2.12822825754 -4.81878214596e-18)
(50.4617794779 2.60168384477 -4.45963782835e-18)
(50.1933906045 3.10582612049 2.59424319147e-18)
(49.8713092546 3.6454133835 -3.88680937004e-19)
(49.4856441015 4.2313502213 -2.98429400066e-18)
(49.0239385062 4.88160516092 5.16843368559e-19)
(48.4705013206 5.62239765135 0)
(47.8055782459 6.48998650185 -1.35449510212e-18)
(47.0040340607 7.53543262763 1.18609162573e-17)
(46.0353901315 8.82868135681 -4.04499455595e-18)
(44.8571067016 10.4805483832 -2.70197422892e-17)
(43.4420668117 12.6353728326 3.16214301029e-18)
(41.6541703324 15.5889126564 2.17721316372e-17)
(39.8761330655 19.7405523521 2.39747442878e-17)
(51.2964589829 0.104095135654 -1.96390144674e-18)
(51.273698306 0.337319723885 -7.33152686494e-20)
(51.2198004193 0.622388400172 1.29223094888e-18)
(51.1385138191 0.958508370405 -1.35000023739e-20)
(51.0307658895 1.34155346837 -1.90970104299e-18)
(50.894233846 1.76600117604 1.08356226563e-18)
(50.7255622866 2.22677994849 3.95464168589e-18)
(50.5209244492 2.72088313261 -1.81092957503e-18)
(50.2754147889 3.24884254187 -2.81166147868e-18)
(49.9826453672 3.81624350897 -2.5405254891e-18)
(49.6346497615 4.43498509294 -2.5956087563e-18)
(49.221777666 5.12422907397 8.0649787141e-18)
(48.732420229 5.91161977401 6.23664904082e-18)
(48.1531661103 6.83509736726 4.05348645964e-18)
(47.4677456796 7.94760310694 9.79807474667e-18)
(46.6624411461 9.32079074511 -7.58480537163e-18)
(45.7114299265 11.0660435019 1.25107505144e-18)
(44.6501671548 13.3280195524 -6.85463689625e-18)
(43.3368684003 16.3832560814 4.0057480167e-17)
(42.4676110623 20.6502840462 -2.46372077807e-17)
(51.2966335163 0.110843792724 1.70280741146e-18)
(51.2750842585 0.357143252472 8.31456559135e-19)
(51.2245772931 0.65497722419 -1.91647439579e-18)
(51.1490416126 1.00413415182 1.48204905981e-19)
(51.0495317149 1.40090056202 3.15069811019e-19)
(50.9241306918 1.84009844175 -3.18251322968e-19)
(50.7701544082 2.31713640929 -3.14709477231e-18)
(50.5845831684 2.82954422677 2.952516324e-18)
(50.3635266441 3.37840566987 2.47170795457e-19)
(50.1020107854 3.9698890045 -6.22486054198e-19)
(49.7940713685 4.61652259417 2.13949090913e-18)
(49.4329273442 5.33811882574 3.08568863175e-19)
(49.0110780252 6.16290727553 5.42522669141e-18)
(48.5213754618 7.12925158325 -6.14208734561e-18)
(47.9561928764 8.28980104271 -5.56522152458e-18)
(47.3174319239 9.71486687753 6.0483019704e-18)
(46.5959394707 11.5093062701 2.6447851734e-17)
(45.877758926 13.811380061 -1.26032720435e-17)
(45.0418775173 16.8519842306 -2.15159461601e-17)
(44.9527835113 21.0383936724 -4.79954099379e-17)
(51.2967784262 0.117167872103 8.62598178834e-19)
(51.2763946012 0.375740471268 -9.11339985076e-19)
(51.2294785731 0.685556895824 -3.34000252198e-18)
(51.1601044275 1.04680008197 6.57623207207e-19)
(51.0693721849 1.45604902413 -4.86086371295e-21)
(50.9557708943 1.90843945051 -8.5931509393e-19)
(50.817333118 2.39979282192 -2.84703445371e-18)
(50.6518628493 2.92806266845 -9.16490876027e-19)
(50.4564920277 3.49473806616 3.56332088504e-18)
(50.2276686216 4.10634813469 -2.72944894433e-18)
(49.9614285698 4.77571105904 1.57421509632e-18)
(49.6538087114 5.52277080004 -8.20283310737e-18)
(49.3012862599 6.37550923999 -9.09086205459e-18)
(48.9025902157 7.37150033253 -1.17750212227e-17)
(48.4581007185 8.56115381129 -2.57626833483e-17)
(47.9830450917 10.0106799475 -5.94876352962e-19)
(47.4838322564 11.8131889655 -1.28614987148e-17)
(47.0819169983 14.0915727416 9.88676098517e-20)
(46.6923408447 17.021803929 -1.63657922222e-17)
(47.2730933605 20.9378780685 1.46677057274e-17)
(51.2969611537 0.122316611259 -1.91838312029e-18)
(51.2779077931 0.391177732676 -2.1734710998e-18)
(51.2348571262 0.711418786595 -1.80582127731e-18)
(51.1719642141 1.08328361448 1.02982961924e-18)
(51.0903800935 1.50341889824 2.72472552072e-18)
(50.9890367237 1.96728340308 -1.01286878972e-18)
(50.8667141573 2.47100752418 5.73224554445e-18)
(50.7220497227 3.01280634404 -1.49345458399e-18)
(50.5531876818 3.59439752822 5.29786738215e-19)
(50.3579640169 4.22246432377 -3.43602624167e-18)
(50.1343436013 4.90983719582 -9.51758968432e-19)
(49.881008186 5.67623985181 -4.07528582777e-18)
(49.5981235133 6.5488961599 -9.93663060913e-18)
(49.2896892489 7.56383800653 3.61032837215e-18)
(48.9631184837 8.76797358322 -4.11495876721e-18)
(48.6443344041 10.2217325363 8.94809146954e-18)
(48.3513585743 12.004139221 -6.45366400872e-18)
(48.2332244388 14.2177137892 9.70273544526e-18)
(48.2013027665 16.9909475625 7.03075476574e-18)
(49.50524965 20.4167546334 2.48565356655e-17)
(44.4246783193 -10.9088724964 1.48153300131e-18)
(43.5832639209 -12.1668082164 5.34049527226e-18)
(42.6195781505 -13.6031019453 3.54121140228e-18)
(41.5829257707 -15.2881516185 2.46199212947e-18)
(40.414690473 -17.2585263215 -2.0229522581e-17)
(38.9641936956 -19.718101971 3.28661949083e-18)
(37.3960646624 -23.1248048065 -1.53019651768e-17)
(34.3912584721 -27.4574907968 -2.89444201855e-17)
(30.2425146905 -35.7022020887 4.97782971786e-17)
(23.5727653236 -42.9616817771 1.61318005738e-16)
(42.3262168027 -11.0786507547 -1.44604188371e-17)
(41.3746035501 -12.3894097526 1.1450376639e-18)
(40.2396284575 -13.8286129978 -7.6415674998e-18)
(38.9364886093 -15.5426379428 -1.62642459e-18)
(37.4552969061 -17.6049652097 1.05201688048e-17)
(35.5346232363 -20.2039831126 -4.93892370084e-18)
(33.1012278188 -23.558505234 3.1472520721e-19)
(29.2614512425 -27.9195393184 3.25277165178e-17)
(22.9123779645 -32.5452518054 4.70449755925e-18)
(8.43835718649 -36.2303297095 7.13234774137e-17)
(39.8810222414 -10.9492054098 1.49091888811e-17)
(38.6413262907 -12.1636877993 5.57283095488e-18)
(37.2841823026 -13.5744785257 -8.47429174742e-18)
(35.5707509186 -15.2115997873 1.81031747221e-17)
(33.591529526 -17.1704562095 7.96427408062e-18)
(31.0004312467 -19.5238506287 -2.13871982785e-18)
(27.7073597744 -22.2585760191 5.85903183992e-18)
(22.7502045301 -25.3706517167 5.03107240826e-18)
(15.7679509996 -27.5230458441 7.50841545638e-18)
(5.36195697673 -26.7619198517 5.83807812927e-18)
(37.2559718235 -10.3097763003 1.38275310637e-17)
(35.6917857193 -11.3693182376 -9.92795470193e-18)
(34.0280776394 -12.6776188488 2.31436240154e-17)
(32.005105426 -14.1285188055 9.97641609259e-18)
(29.6011926156 -15.7933499803 -1.07472336412e-17)
(26.5852714721 -17.6720599139 -1.24885224291e-18)
(22.8225951852 -19.6221267005 7.67184802123e-18)
(17.7489468502 -21.6152526385 -2.69955895523e-17)
(11.4784217444 -22.0187255176 3.07448399079e-17)
(3.53975688836 -18.5822907321 -4.24153075721e-17)
(34.5201720775 -9.04110768655 -2.22000559436e-17)
(32.7166383559 -9.95354398046 7.10937128841e-20)
(30.7857431381 -11.0281428961 1.07090834853e-17)
(28.54881364 -12.1943621246 -2.62562638198e-17)
(25.8785126882 -13.4616096551 4.06051847099e-18)
(22.6606456214 -14.7814907512 1.5695617461e-17)
(18.759773715 -16.0141027591 -1.80786831799e-17)
(13.9998441466 -17.0199316688 2.29004062085e-17)
(8.55768226451 -16.5223278591 -1.2341022256e-17)
(2.41325683402 -12.7445110102 -2.71287761762e-17)
(31.894005797 -7.10974982711 1.86197348515e-17)
(29.9599636602 -7.82666901089 3.30427475598e-17)
(27.8739350455 -8.62296343904 -3.08964640397e-17)
(25.5084192942 -9.47307960975 -4.60472373193e-18)
(22.7394769605 -10.3418533703 7.14546662524e-18)
(19.5009692151 -11.1670138911 -3.34789674708e-17)
(15.7415197029 -11.845996518 -1.63098802772e-17)
(11.3954897589 -12.183989913 1.6916424332e-17)
(6.68973310957 -11.4961835552 -2.51764937612e-17)
(1.71100589975 -8.1813407555 1.9174624635e-17)
(29.6441864117 -4.5582007779 2.65225844576e-17)
(27.647205589 -5.05639543897 5.03644832883e-18)
(25.4908475077 -5.59075536121 -2.07908175065e-17)
(23.0821129017 -6.14183762963 -2.98841889068e-17)
(20.3241844895 -6.67010618055 -1.95679668359e-17)
(17.1788028796 -7.12393588237 7.37606456096e-18)
(13.6316854311 -7.42946265688 1.06051636216e-17)
(9.66436162818 -7.46229901097 -8.24327977458e-19)
(5.44264406556 -6.84082769656 -5.40774570847e-18)
(1.13596166398 -4.38330031474 9.17537096802e-18)
(27.9312951194 -1.50877112298 1.09995140142e-17)
(25.9143174681 -1.80299309103 8.58332070654e-18)
(23.7411746326 -2.10598320593 0)
(21.3425527349 -2.40597391776 0)
(18.6434328151 -2.67461432429 4.16781946193e-18)
(15.6187144055 -2.87630558575 -3.07366844207e-18)
(12.264506324 -2.96468213836 2.12868202637e-17)
(8.56703870702 -2.87320094638 2.13998611513e-18)
(4.65669156583 -2.44091321312 6.87581699003e-18)
(0.81813694311 -1.29186830402 -1.07491336617e-17)
(26.8334160268 1.88959432897 4.37274420676e-18)
(24.8125596226 1.78894274575 8.08870124364e-18)
(22.6475082794 1.69318336274 3.20254817624e-18)
(20.2800563961 1.60098090927 -1.8872808877e-18)
(17.6466643203 1.52654236608 1.81331437607e-17)
(14.7279533631 1.4864482282 1.5188520833e-18)
(11.5169809507 1.50373605228 -3.10845763464e-17)
(7.99586437432 1.60922684352 -1.97806900476e-18)
(4.27838111246 1.72035652217 -1.7310734508e-18)
(0.942286222651 1.22258361678 2.22261583971e-16)
(26.4533446251 5.46699016931 2.82172998995e-17)
(24.4267771141 5.5329553312 3.92004043275e-17)
(22.2574374814 5.61008692416 -4.17219353895e-17)
(19.8912111026 5.685150274 -5.36429294766e-17)
(17.2682830243 5.75930678266 1.7590271323e-17)
(14.3737185476 5.83540096899 2.33541024953e-17)
(11.2227974663 5.92024337467 -9.72420976868e-20)
(7.80801006409 6.00611592998 -1.35900926094e-17)
(4.18242703968 5.80092140639 -1.16449742841e-19)
(0.904817579058 3.72961028889 -2.71707136902e-18)
(26.7133737096 9.08628932017 -9.26870281924e-18)
(24.671081856 9.30679330069 9.36637001968e-18)
(22.4970796342 9.54320320825 1.33716713623e-19)
(20.1253531869 9.77222218053 -8.85183726393e-18)
(17.4945955418 9.98182191556 1.70114448239e-17)
(14.5932571496 10.162950751 -1.26291284522e-18)
(11.4332737994 10.3078114328 -1.64586866441e-17)
(8.00999755991 10.3619544072 -5.67219108732e-19)
(4.38337664007 9.84689812239 -1.16679993536e-18)
(1.07443991714 6.46216543874 -1.07612864363e-18)
(27.6755506137 12.6334980113 -7.93408339405e-18)
(25.6084151437 13.0322236829 -8.00303772972e-18)
(23.4154069858 13.451195018 4.24569798208e-18)
(21.0107288568 13.8565290946 -1.97925354313e-17)
(18.3249867243 14.2222232633 -3.98289563471e-18)
(15.3481980116 14.5216615151 1.99216671514e-17)
(12.0919469071 14.7255589215 -3.5097722919e-18)
(8.5505981373 14.7453001585 -2.31667521148e-17)
(4.8343920846 13.9311463099 -2.49955623256e-19)
(1.25600798454 9.43695299213 -4.96172485951e-18)
(29.3325274757 15.9527336539 -2.45885713258e-17)
(27.2390303158 16.5542344753 9.69850893362e-18)
(25.0239470527 17.188773013 4.20150112067e-17)
(22.5717329902 17.8128682991 1.17896281035e-17)
(19.7958888126 18.3857429223 -1.12554845689e-17)
(16.683819941 18.860396512 -1.35406219949e-17)
(13.2443176172 19.178938207 -8.15489560628e-18)
(9.46680073142 19.2116171608 1.61562934011e-17)
(5.5821393168 18.1043872037 3.27392284493e-18)
(1.75908208691 12.3909494565 1.53454627103e-17)
(31.638721516 18.8762491121 1.6777328437e-17)
(29.5394982811 19.7078546919 -1.43622208882e-17)
(27.3279844648 20.6072096344 -2.10123899882e-17)
(24.8426553734 21.5057509553 9.38963768501e-18)
(21.9740343952 22.361786508 2.57186312903e-17)
(18.6959084561 23.1121565234 3.92835132069e-17)
(14.9951373606 23.6478208793 -1.83402314247e-17)
(10.8048860854 23.8497053669 -1.3095298595e-17)
(6.45753623619 22.5248859561 -7.37391651556e-18)
(1.88326346342 18.0144844599 -1.77486434868e-18)
(34.4928527061 21.242055144 2.10056649326e-17)
(32.4406725809 22.2742813502 1.95721548213e-17)
(30.3032936209 23.5067418806 -1.18281944599e-17)
(27.817498016 24.7286659341 -1.00826299457e-17)
(24.9144576671 25.9664680679 4.45711760939e-18)
(21.4972631999 27.1448199643 -5.21486814371e-18)
(17.551484846 28.0780622654 1.05494030416e-17)
(12.8759072856 28.7167129567 -2.5138141301e-17)
(7.8918468526 27.4113072492 -1.03072747454e-17)
(2.556896933 18.4539564556 -1.57306994653e-17)
(37.6045894274 22.9214346014 2.80049799836e-18)
(35.7623222841 24.2049128713 1.19605856936e-17)
(33.8267118783 25.7149599332 8.35121412133e-18)
(31.3822539567 27.2863796665 -1.92696638835e-17)
(28.5965578099 28.9787960973 1.50241361664e-18)
(25.1449134866 30.7089733001 2.22315093007e-19)
(21.0817646395 32.2628535074 2.92244508039e-17)
(15.8129366278 33.539313849 -2.02187044759e-17)
(9.85528447692 32.4661892455 4.79999064873e-18)
(3.38454781778 31.4136205833 -2.62165831356e-18)
(40.9515477014 23.8664257559 -4.39588280249e-18)
(39.3936175826 25.430983571 -3.00713072038e-18)
(37.5965022017 27.1235693523 4.7073265356e-18)
(35.3916649909 29.0322193594 4.84526861979e-18)
(32.8536957274 31.1549528581 6.15758784798e-18)
(29.550818896 33.4675610864 -1.89883164601e-17)
(25.5261875449 35.835391349 1.53279850975e-17)
(19.8714599574 38.0827933474 3.4247853721e-17)
(12.9849459026 38.3959406802 -2.14909222946e-17)
(4.20224928933 27.0905331868 -2.25473796402e-17)
(44.2598419538 24.1844344083 7.86700672942e-18)
(42.9650631365 25.8810862439 -5.01867516081e-18)
(41.3751160518 27.7296595243 2.52412174889e-18)
(39.537828622 29.8835493558 -1.34590247977e-18)
(37.3432100065 32.333169503 1.54051722586e-17)
(34.4723960632 35.1730861515 6.35945147385e-18)
(30.8954978917 38.4258284621 -4.92327241344e-17)
(25.29299697 41.8344240483 -1.14731656147e-17)
(17.7318876896 43.5294563975 5.06536932796e-17)
(6.29758977215 50.4322789398 0)
(47.2555280375 23.9755131156 -1.36834267747e-18)
(46.24270233 25.695823314 -5.71071164792e-18)
(44.9803210815 27.6213572581 -2.42063223075e-18)
(43.5226302733 29.8452309809 -1.13401669494e-19)
(41.7758065212 32.4250518107 -1.23800104413e-17)
(39.535855038 35.491642889 5.83261358012e-18)
(36.8066764894 39.4610568673 -8.89412531487e-18)
(32.780650247 44.8478402984 -1.64681122456e-17)
(25.2468107675 49.4734498795 -3.19769234108e-17)
(8.79221687132 41.7648360922 2.44565467417e-17)
(49.8120166921 23.3147113569 1.67936524927e-18)
(48.8637865167 25.0188581041 7.10716268627e-18)
(47.7760426238 26.9330249468 -4.34832219367e-18)
(46.4909050416 29.0732279732 1.195895813e-19)
(45.1414490426 31.6718424532 3.17755931209e-18)
(43.565090323 34.6775560638 -1.67135410685e-17)
(41.557486647 38.0609566278 1.04793476182e-17)
(38.5914707357 43.5315947697 2.3481040814e-17)
(35.7132006782 53.5360857462 -8.53849968282e-17)
(16.7569297037 78.3181933302 2.09021256584e-16)
(45.6527394959 -11.3979666003 3.9362213165e-18)
(46.2263467636 -13.1528776539 -7.02167005087e-19)
(47.0317982965 -14.9837724573 -2.17755877362e-19)
(48.4714712283 -16.4963012017 -3.05186291645e-18)
(50.6518997822 -17.375589997 3.80331251877e-17)
(53.1462135045 -17.6123885757 2.03407888207e-17)
(55.5793617105 -17.3106153041 1.35420917381e-17)
(57.794450261 -16.5958356379 -1.85678533022e-17)
(59.5185343529 -15.5596399735 -1.4133706658e-18)
(60.7880093034 -14.390613729 7.11272128794e-18)
(61.3943335111 -13.2235153453 -1.39193805517e-17)
(61.7543699441 -12.0864874979 -2.08222294e-17)
(61.555798209 -10.9694271492 -1.40983119916e-17)
(60.7599849388 -9.83265811818 -5.17133384552e-18)
(59.3180883534 -8.65660813432 -4.29328677702e-18)
(57.7184784355 -7.46996843212 -7.87733457061e-18)
(55.9354773546 -6.29407061794 -1.09413595672e-17)
(53.9001996336 -5.1701358023 -4.74901649745e-18)
(51.2673817495 -4.1078432877 -8.1372065862e-18)
(49.0434855588 -3.3238842512 4.69717084345e-17)
(44.8676960309 -12.780563207 5.37831591964e-18)
(45.574629843 -14.8140297401 -6.59721570838e-18)
(46.7181272565 -16.6739095184 2.28646428987e-18)
(48.6167304178 -18.0899369724 2.0237834013e-17)
(51.1918575535 -18.8526326367 1.99403927639e-17)
(53.9445803152 -18.9075092547 6.34700780786e-18)
(56.6599114205 -18.428235072 1.42016903094e-17)
(58.9004248023 -17.4912002099 -1.1875879327e-17)
(60.3659662924 -16.1955421031 -4.50275263709e-19)
(61.2893373166 -14.780597907 2.22420878431e-17)
(61.260282309 -13.3650923771 -2.22960438489e-17)
(60.53130436 -11.9863219215 -5.7333251494e-18)
(59.0349504951 -10.5924559616 -2.89169474233e-17)
(57.0873884789 -9.20864029332 8.44561556643e-18)
(54.8498308266 -7.87195463539 -7.83978664476e-18)
(52.4903695915 -6.59117512143 -1.32753479862e-18)
(50.1422309842 -5.34438898901 -4.10131948954e-18)
(47.7976045039 -4.13934430488 -6.57360307574e-18)
(44.9343523412 -3.04607774268 -7.46176400653e-18)
(42.6665841072 -1.26755679055 -1.13413530126e-17)
(44.0547516607 -14.2689355786 6.62102370154e-18)
(44.9678401165 -16.2847472205 7.2659206918e-18)
(46.4526202617 -18.0655829843 -2.3417805849e-17)
(48.8613748167 -19.539358357 -1.01197724622e-17)
(51.9878637154 -20.3684233583 -3.70712121662e-17)
(55.1479333862 -20.3451622848 1.24657113013e-17)
(58.161061054 -19.6113992266 4.87944331356e-18)
(59.7925079772 -18.2707315233 3.52290552292e-17)
(60.7439816911 -16.5352484526 -2.07686519911e-17)
(60.1960141796 -14.692554654 2.39814719661e-17)
(58.5933219205 -12.8268204733 3.81508296014e-18)
(56.1421880715 -11.0276966158 1.34842187939e-17)
(53.1332484457 -9.36144616308 -4.42891012574e-19)
(49.9159294525 -7.87179817937 1.33434962375e-17)
(46.7155602337 -6.53618659178 0)
(43.7304567101 -5.3033035799 1.26241413938e-17)
(41.0719186281 -4.12323784607 -9.72477109203e-20)
(38.738118618 -2.94949276454 -6.97168347165e-19)
(36.0162055912 -1.96764194984 -4.88956327964e-19)
(34.1542206023 0.367063915647 -1.56590387167e-17)
(43.1979323671 -15.9829120604 4.70334304917e-18)
(44.3479070615 -18.1625995451 -2.29903581219e-17)
(46.3462462293 -20.1215986618 -2.02233188134e-17)
(49.5822627537 -21.6964014286 1.9902962275e-17)
(53.2980621377 -22.4179803688 7.75974987181e-18)
(56.6890229666 -22.0257075615 0)
(59.2512301703 -20.5984828321 -4.38502085591e-18)
(59.2588301493 -18.4087934702 -8.28780528286e-19)
(58.175793099 -15.9573838767 -2.37446484367e-17)
(55.4890480432 -13.4331608974 -9.18234242484e-18)
(51.8502401433 -11.0827229203 -7.68857484429e-19)
(47.7281098548 -9.02263314087 3.37691156135e-18)
(43.492054304 -7.29109684456 1.23700698205e-17)
(39.5021793607 -5.88243273786 1.89590741051e-18)
(35.9247015598 -4.72943218448 2.49907677105e-18)
(32.8995242403 -3.73797288902 3.49581464281e-19)
(30.4386238644 -2.79875279459 -6.75766976347e-18)
(28.4712735461 -1.7859446662 -3.79046070017e-18)
(26.1588177993 -0.966973035657 6.54341668706e-18)
(24.8701618739 1.54278807524 -3.04267002588e-18)
(42.1369914136 -17.7756747507 -1.99392531897e-17)
(43.7679270059 -20.0619942601 -1.08427050983e-18)
(46.9472894265 -22.6413854098 8.7977360667e-18)
(50.9915649783 -24.50039775 1.44454577106e-17)
(54.6650888624 -24.6483596087 -4.46720568803e-18)
(57.5348764034 -23.1713759866 1.65403676445e-17)
(57.0709772859 -20.3966430728 -1.57891169248e-17)
(54.8025533995 -16.9607178579 -3.36626997525e-17)
(50.8288056585 -13.6323885234 3.50491883077e-18)
(45.8996110932 -10.6281715056 -1.32034539492e-17)
(40.6777755445 -8.11524835507 4.1429947615e-18)
(35.636231813 -6.13894119634 -2.63373177906e-18)
(31.1166054742 -4.67220879994 6.91871904596e-20)
(27.2993443131 -3.61572632504 -1.22104836036e-18)
(24.1761237846 -2.85393736582 -8.19084826631e-19)
(21.7564336698 -2.24146219988 -3.34368101024e-18)
(19.9444802568 -1.6295076838 -1.93711287529e-18)
(18.5819611966 -0.855188275182 4.58535827501e-18)
(16.8349185816 -0.188678907881 -5.9698700225e-18)
(16.0367835443 2.22233741361 1.20114411156e-17)
(41.2005982092 -20.070541475 1.0316996026e-17)
(43.9363360207 -23.1773688945 1.33240540255e-17)
(48.0948152001 -26.5702684715 2.12009998296e-17)
(51.6784452304 -27.5822524804 9.39501970983e-18)
(54.7293523321 -25.9273350784 2.77464009252e-17)
(53.6328172889 -22.3112150409 -2.07778238482e-18)
(49.9023193738 -17.6745013254 1.63376120909e-17)
(44.3047910746 -13.1788276231 -1.12655972479e-17)
(37.9959979698 -9.39950999918 1.78625155874e-17)
(31.9029032183 -6.51484212992 -8.82176449145e-19)
(26.4796614942 -4.44401692281 5.6921383108e-19)
(21.9501459861 -3.05070309464 -5.76202996078e-18)
(18.4387457768 -2.20185559187 1.39601107328e-19)
(15.732836588 -1.6959466007 -9.72760205753e-19)
(13.666649994 -1.37910858421 -2.49327421778e-19)
(12.1595214286 -1.11285564755 2.26147552897e-19)
(11.0726886951 -0.817785182743 1.34930376558e-18)
(10.2331004807 -0.282300589991 -5.32306860345e-19)
(9.02230266588 0.324457027936 1.41983664922e-17)
(8.67275577651 2.56011423619 7.98643089437e-18)
(40.3941637097 -23.9393168249 1.59731301764e-17)
(44.4109444474 -28.4313589717 2.16743615756e-17)
(48.0754087352 -30.4580611785 -4.02388596006e-17)
(49.8527093956 -28.4875980786 1.9259641284e-17)
(48.4060561214 -23.8628085933 1.29991681856e-17)
(42.884611629 -17.6446940175 -7.59592457737e-18)
(35.4414262071 -11.6993535861 1.30191297724e-17)
(27.9295303903 -7.17184901153 -3.44074727235e-18)
(21.4665757883 -4.10308493978 -3.29754694112e-18)
(16.4110212633 -2.31100540493 9.52719341632e-19)
(12.6963757648 -1.3273837275 -1.73079800166e-18)
(10.0614255136 -0.822267695117 -2.48698817777e-18)
(8.25459809266 -0.609851734598 -5.14834238427e-19)
(6.8754677869 -0.533247640558 4.07030419918e-18)
(5.83531878204 -0.489881965435 3.06990608318e-21)
(5.06002335689 -0.463328006166 -6.85638220406e-21)
(4.49430771981 -0.434288240698 -8.27120630026e-19)
(4.01917798514 -0.0924560710969 1.86191643254e-18)
(3.15802178583 0.519573995953 -7.22577001815e-19)
(3.32617280869 2.52509784499 -6.88026678935e-18)
(39.5618404643 -28.8670731349 -5.0699878574e-16)
(43.823676051 -31.6710093077 -6.30122135643e-18)
(43.4517210281 -30.1701092195 1.05932595011e-18)
(39.9723617883 -24.3860586458 0)
(32.686785473 -16.1928124718 -2.53886731427e-18)
(23.9658940881 -8.6461785284 -2.5725396199e-17)
(16.081080569 -3.72104609575 -4.53031528849e-18)
(10.3593285707 -1.26386640735 4.14316581903e-18)
(6.73151626478 -0.338775194199 -1.4100381508e-18)
(4.54663589426 -0.0378596769256 -1.81623296933e-18)
(3.21890068957 0.0903713369415 5.06695303755e-18)
(2.39131911933 0.127515883337 3.29343713055e-18)
(1.78941721119 0.110196868014 -4.63029326457e-18)
(1.32327710376 0.0483041217281 1.26400936453e-18)
(0.957509236649 -0.0195199135408 -1.90716826791e-18)
(0.636849031803 -0.129491588027 9.48827968423e-19)
(0.3828389758 -0.200389176019 -1.30349583306e-18)
(0.17408918601 -0.0308159108368 1.83510436403e-18)
(-0.388399449542 0.297010773766 2.09715536131e-18)
(0.0933099819284 2.12210161706 3.4509477846e-18)
(40.1500644185 -36.6421912581 6.32420006254e-17)
(33.7600742799 -32.0598010023 1.88593981764e-18)
(26.0309715441 -23.7907328732 -1.87253019651e-17)
(18.5096157716 -12.5435038891 -4.21166323845e-19)
(10.4541063547 -3.69012008762 1.8691682823e-18)
(4.63597960717 0.180678232399 1.18384722998e-18)
(1.11763844659 0.667672084085 -7.60747341087e-18)
(-0.366872413651 0.680562051271 -1.05874017657e-20)
(-0.891820358388 0.563142151436 -2.90456617209e-18)
(-1.08275426969 0.438364062354 -4.53261634854e-18)
(-1.14648016959 0.330004715051 2.27559036843e-19)
(-1.14064612942 0.24266636852 3.65622179747e-18)
(-1.11886694816 0.178684509845 -7.77230656014e-19)
(-1.08775400341 0.121832853939 -3.78771392721e-18)
(-1.07999364839 0.0511667389071 8.03953632847e-19)
(-1.1272699193 -0.0359404126577 1.07590077535e-18)
(-1.21847850113 -0.110627090086 5.96453942877e-19)
(-1.32782991349 -0.11325365688 -3.72569754264e-18)
(-1.54377593912 -0.0900274409729 9.43836352538e-19)
(-1.35695749461 1.20584174311 2.88011320557e-18)
(20.2087207783 -37.9433260404 -2.0693977455e-17)
(7.51266527455 -27.4742709688 -1.72874797121e-17)
(3.75157309409 -12.0320153662 -8.75444969717e-18)
(-0.0422184382661 -0.7731061313 -7.33031795733e-19)
(-2.45929644241 0.638034147716 1.35759701963e-18)
(-2.73979559482 0.390663676451 -1.81702164592e-17)
(-2.77529938381 0.291667812335 -4.37066178199e-18)
(-2.47606199473 0.286659572209 8.00126266157e-18)
(-2.08789739438 0.227877943836 2.62550569746e-18)
(-1.76036221338 0.148190217929 1.50004609905e-19)
(-1.47990124332 0.105370543207 -1.89847751095e-18)
(-1.25836234892 0.087803127279 8.49922632267e-19)
(-1.08207254894 0.0764209322436 9.4049128272e-19)
(-0.938662750607 0.0624899826001 -1.12536386697e-18)
(-0.83693931213 0.0317228712118 1.460131915e-19)
(-0.785966910342 -0.00784702716239 3.93776026903e-19)
(-0.796772514723 -0.0592399048689 -6.42752670634e-20)
(-0.911975191607 -0.0904420197364 -6.64975648963e-19)
(-1.01490575549 -0.131312548139 -6.47169970758e-19)
(-1.13826172349 0.203156805577 -1.55817357933e-18)
(-0.942909007778 0.780848599333 2.41017213971e-17)
(-1.57432847932 1.69663780558 3.00196944262e-18)
(-0.917134005499 2.31555225054 3.66327406151e-18)
(1.33600405058 2.6522754263 2.31624340007e-17)
(5.66708925363 2.68109105914 -1.187529691e-16)
(11.9589883702 2.49743362535 -2.66934227489e-16)
(19.8415145913 1.94098855249 -3.97599976582e-18)
(28.3618104086 1.09481087105 -8.87289284869e-19)
(36.5947429815 -0.19849858421 8.14430796367e-19)
(43.9119374581 -2.22956536371 1.4209654883e-19)
(-0.498385426356 0.876925277929 9.5538522598e-18)
(-1.61887978877 1.94191152658 -1.45664375976e-18)
(-1.88706304529 2.43640939074 2.50130321686e-18)
(-1.12191866412 2.73105855851 -1.90368760136e-18)
(1.27597897989 2.71686570416 2.17479170166e-18)
(5.48702482221 2.48393551254 9.5947612331e-18)
(11.3939954142 2.01374069916 -8.06370694241e-18)
(18.6091681319 1.38376778051 2.53905576816e-18)
(26.3720316765 0.602870939766 5.95945291246e-18)
(35.0054197123 -0.648202455345 -9.23398955659e-19)
(-0.221492371183 1.05790691052 -5.23875924196e-19)
(-1.39400283059 2.29649336239 -1.55848859003e-18)
(-2.22183557707 2.81246001079 -2.94159365983e-19)
(-2.32437647965 3.17785982878 3.48228936086e-18)
(-1.34374640724 3.342825227 1.73140592303e-18)
(1.10278292099 3.30615404974 -9.69013616072e-19)
(5.1227103026 3.04940329055 -1.3174081155e-18)
(10.7784160712 2.55432537552 2.1120184914e-18)
(17.1975890617 2.03429970402 5.75084815162e-18)
(26.0304734311 1.10739216821 8.65915182318e-19)
(-0.0745511017527 1.26481744101 -1.43224523399e-18)
(-1.04709643517 2.64678578254 -6.62548959285e-19)
(-2.16236966573 3.26401522296 -9.69828363185e-19)
(-2.77102122689 3.6039472604 3.77109163975e-19)
(-2.69268650572 3.92125514894 -5.39345455741e-20)
(-1.59913578484 4.11859918178 -1.01764709714e-18)
(0.804629453316 4.14716764586 -4.634006736e-18)
(4.87433704439 3.92264171985 -4.43938327907e-18)
(9.29395352059 3.7014726139 6.83082245552e-18)
(17.2217756443 2.94073343747 -3.64316754687e-18)
(0.00741191024493 1.42951879288 1.13264704597e-19)
(-0.695552352386 2.92701956939 -5.21336936363e-19)
(-1.84642677447 3.63598706339 2.10614156137e-19)
(-2.76198963002 4.01245875951 -5.7655625229e-19)
(-3.22824425997 4.3126248509 -5.96541587415e-19)
(-3.16381566817 4.51931567158 -2.88264840538e-20)
(-2.19862671653 4.63549222161 -8.88209824822e-19)
(0.4344470233 4.56742840872 -1.63194370908e-18)
(2.89954313842 4.60673253139 3.09646164933e-18)
(9.42572603968 4.30187694077 -1.8359726955e-18)
(0.05503021661 1.53106013193 1.51283680312e-18)
(-0.358915018176 3.12965072142 1.31263819062e-18)
(-1.40192827536 3.9365180509 -1.03627808805e-21)
(-2.43698827301 4.33342780603 3.61971124502e-19)
(-3.19533958122 4.62787052365 8.52558706081e-21)
(-3.55295818912 4.85325013718 7.10971648732e-19)
(-3.57199330799 4.96184731592 3.36787028577e-18)
(-2.36678458636 4.96089112524 3.73688801254e-20)
(-1.13070749609 5.008050607 8.97902502719e-19)
(3.55651813202 5.02868265467 1.15506660572e-17)
(0.0780456186912 1.57402336078 9.55761246529e-20)
(-0.0929700032854 3.2781953398 1.27024394241e-18)
(-0.902376604613 4.17183225809 1.01766959999e-19)
(-1.88796815781 4.57569258853 1.92541481396e-19)
(-2.76836423426 4.83200587454 -9.96667534593e-19)
(-3.37176077902 5.03612591615 -1.78920979168e-18)
(-3.62449961311 5.12985585804 -1.54170558315e-19)
(-3.39906903402 5.23628950309 -5.54139106595e-18)
(-2.89924116056 5.14145395695 -8.57785256792e-18)
(-0.176769860793 5.08068163092 4.7315466404e-18)
(0.0889865655094 1.5723956391 -7.58628368477e-19)
(0.110915697179 3.35814278576 2.6603802311e-20)
(-0.408818746852 4.32340081899 -5.71169724283e-19)
(-1.22924888559 4.74737091255 -1.38491611053e-18)
(-2.08425714712 4.94513731756 -1.49482949043e-18)
(-2.81079524009 5.05302155559 2.53174675964e-18)
(-3.31025622277 5.09108032608 -1.7127809991e-18)
(-3.4112420345 5.05469594191 8.80741265594e-19)
(-3.32232648471 4.81860096141 -1.51611673408e-17)
(-1.98556175429 4.55280312144 8.18811609525e-18)
(0.0936661709529 1.49238219305 7.89213206319e-19)
(0.284103119899 3.3419467829 -2.17981039312e-19)
(0.0521194127188 4.36759984121 -1.15285194225e-18)
(-0.526702742893 4.83329327724 -9.57362143833e-20)
(-1.24785596418 4.99651765416 -8.23726385546e-19)
(-1.9634928514 4.99175826349 -1.57438873081e-18)
(-2.55449899496 4.91290956374 -3.24868933199e-18)
(-2.903029507 4.73339174855 7.89183104244e-19)
(-3.01074486028 4.34942889818 -4.00429758275e-18)
(-2.48088230744 3.89901415308 -9.76351216363e-18)
(0.092747842923 1.39212168323 -8.16278680634e-19)
(0.430399946147 3.22858777581 -4.20810896423e-21)
(0.468325361044 4.29644878491 -1.41034380872e-18)
(0.166729351333 4.80796676253 1.13613284877e-18)
(-0.335994029214 4.95957286385 -9.1123827944e-19)
(-0.936169107859 4.890489216 -3.56183578821e-18)
(-1.50523430587 4.67292796966 1.43307755063e-18)
(-1.96213634916 4.37079550191 6.57808510054e-18)
(-2.27497366407 3.90894211261 4.65607649645e-18)
(-2.21563313317 3.28965901086 -6.28546210101e-18)
(0.0895544464007 1.25159356405 -9.29114111806e-19)
(0.552122799917 3.01778103502 -2.53770852282e-19)
(0.826256559071 4.11564418623 -4.76102357303e-18)
(0.804281348304 4.66866538807 1.15613560983e-20)
(0.586647550816 4.80728756424 1.95664742545e-18)
(0.175655471245 4.71866070336 8.94493969567e-19)
(-0.284395588593 4.43290224388 1.88714104749e-18)
(-0.730044407569 4.00887727014 -2.46376814127e-20)
(-1.13733741 3.46412370815 4.24342092101e-19)
(-1.41834204556 2.77885195307 5.59308546555e-19)
(0.0864331415062 1.08912993681 4.70826041472e-19)
(0.637141986986 2.71847635135 1.60652622438e-19)
(1.12030871704 3.8287818201 2.24103455384e-19)
(1.37327010627 4.41098033802 3.454865534e-19)
(1.43699725531 4.54272606622 -2.64107392344e-19)
(1.29445996043 4.43652839974 -5.59558478853e-19)
(1.01018726904 4.14961551021 4.90519908927e-20)
(0.65605151968 3.68475953028 -2.45964934273e-18)
(0.278603235656 3.06401512853 1.08305904875e-18)
(-0.180583004251 2.31925379974 1.26497672354e-19)
(0.0810882256218 0.916110224025 -4.51252214888e-19)
(0.688747385173 2.37417358595 2.94442417099e-21)
(1.33624335962 3.44609146965 -2.38699675493e-19)
(1.87409960696 4.02314924481 -3.44579327683e-20)
(2.18027320571 4.18361468016 1.78432802392e-19)
(2.31674973876 4.06183790387 3.37592333074e-19)
(2.27687759076 3.76859223824 3.31429743928e-19)
(2.09385334129 3.3240536606 1.4622711189e-18)
(1.81160433084 2.71764138241 -1.45677535598e-18)
(1.34749313526 1.95246447741 3.97131488152e-19)
(0.0716042259032 0.728107133293 4.82945831338e-20)
(0.704252225745 1.98873683808 -1.99357809881e-19)
(1.46963478718 2.97784174239 -1.44040065551e-19)
(2.25132422566 3.52744962559 4.19264497034e-20)
(2.81824037859 3.70153411075 4.1765283839e-19)
(3.19722871012 3.60783830073 0)
(3.41239615344 3.31723287299 -2.84221082893e-19)
(3.4598438681 2.88483690067 -8.53465192401e-19)
(3.3482364761 2.32965877608 1.48114697544e-18)
(2.99259710433 1.64241130551 9.74391329598e-19)
(0.0671485256893 0.534166579642 -9.09113181994e-20)
(0.68647890525 1.57963887203 -7.48588880088e-19)
(1.51952815632 2.4413822849 -6.74784394545e-18)
(2.47865799402 2.93030362306 -5.30582830547e-19)
(3.27624596625 3.10187478668 1.75022311863e-18)
(3.89888602947 3.04135996786 5.45763844885e-19)
(4.35723729814 2.7973274302 4.28483378818e-20)
(4.64617892587 2.3990485817 2.75999664991e-18)
(4.75613774002 1.89731671984 4.50374249046e-19)
(4.59338598773 1.3135268782 -2.50411630493e-18)
(0.0741824628298 0.35920818609 -1.98846879405e-19)
(0.640842153739 1.16990771322 3.65076050912e-18)
(1.48536297322 1.86959298507 6.78438407873e-18)
(2.54943289178 2.27279898617 -1.45125650246e-18)
(3.52835274665 2.42317788947 -5.58315952736e-19)
(4.368134322 2.37722282292 2.12071250123e-18)
(5.0432530729 2.18493845241 -2.27077270934e-18)
(5.54951655296 1.86390698421 9.8929583843e-20)
(5.88340689227 1.44409433241 1.93671296468e-18)
(5.96214776721 0.964252240373 2.23857785863e-18)
(0.0624726914412 0.222280110846 1.08905509289e-17)
(0.547712282826 0.786167185681 2.6562283507e-20)
(1.37224864096 1.29732208632 -7.12742880194e-18)
(2.4622499431 1.60011563245 5.12907855431e-19)
(3.53437642582 1.71655414539 2.41321276212e-19)
(4.51681408966 1.67527436204 -6.53880788554e-19)
(5.3640107505 1.5180212644 8.43634919416e-20)
(6.04775395964 1.27439368341 1.477859102e-18)
(6.56043980928 0.953415569512 -5.49913089285e-20)
(6.86734523997 0.600957647361 -1.22677420824e-18)
(0.0342035217268 0.105004018004 -2.30497487951e-19)
(0.419145271502 0.443343298834 -1.73120447645e-19)
(1.17533060547 0.75753407435 -3.4740258659e-19)
(2.17629464643 0.947941423355 -8.44555720207e-19)
(3.22820116564 1.01770151848 5.90598007431e-19)
(4.24030685442 0.981373985709 1.10091006913e-18)
(5.15056121814 0.863589578525 -3.10619743145e-18)
(5.92341456268 0.691643913254 9.02557309935e-19)
(6.54482369637 0.489572581362 6.44553222014e-18)
(7.00415991515 0.265903243078 1.43662466507e-18)
(0.0124656504786 0.0277264745311 5.67987843045e-19)
(0.257555472146 0.180086287843 5.11250249592e-19)
(0.82174601893 0.324379632852 -1.81792080206e-19)
(1.61471905502 0.407603675927 -1.09911513618e-18)
(2.48099819902 0.432081872725 -9.16082183292e-19)
(3.34565212632 0.394803018357 2.31244339584e-19)
(4.15034752873 0.319526534028 3.67380903664e-20)
(4.85423455333 0.219330404745 4.60534401831e-18)
(5.44490023685 0.11030659374 -3.77290139947e-19)
(5.94388587361 -0.0177313533936 -4.01635298231e-19)
(-0.004148728113 -0.00247630285788 7.35110332593e-20)
(0.0912479139254 0.0308501720935 -3.27577397758e-17)
(0.291434478494 0.0392232820301 5.18633845332e-19)
(0.684363333628 0.0290480691347 3.44997206415e-19)
(1.10793616712 0.0229363663738 -2.22158415384e-18)
(1.54514119319 0.00375946534073 -2.67741279545e-18)
(1.95836681107 -0.0168614037774 8.16045889265e-19)
(2.32473497958 -0.0489770085763 -1.49675874591e-18)
(2.6519989358 -0.0799750815778 -1.01817502175e-19)
(2.95270425941 -0.136224684131 1.87054283146e-18)
(47.2593326568 -3.06935221813 1.27140665276e-15)
(45.0081968652 -3.05682003302 -5.24693958441e-18)
(43.5543696429 -3.09926481291 -1.15672973438e-16)
(42.6283200175 -3.28108943527 5.67397838638e-18)
(41.8244472593 -3.56695373148 1.07687293076e-18)
(41.066385013 -3.96041135795 -5.50936038865e-19)
(40.4693131515 -4.440358394 -5.40442175042e-18)
(40.1373084361 -4.97229149721 -5.46543535326e-18)
(40.1103550646 -5.52428904187 1.05560869945e-17)
(40.3884838525 -6.05656649806 5.84575525352e-22)
(40.9811002008 -6.52395611174 1.90176654877e-18)
(41.8798834907 -6.90812810602 1.25761098299e-17)
(43.0270901697 -7.18181934773 -8.12149721319e-18)
(44.3855067294 -7.27692258466 -1.3508125689e-17)
(45.8959274554 -7.12681556487 3.5700254899e-18)
(47.5139442858 -6.7768588237 1.67210286805e-18)
(49.3003690682 -6.25407484356 -7.19456235323e-18)
(51.1943549963 -5.54709575117 -3.58643837505e-18)
(53.1332487241 -4.65310401362 -5.20905112838e-18)
(55.0718408394 -3.57988028784 -1.0597779039e-17)
(56.9722300711 -2.34851441817 -1.88173641473e-17)
(58.737348835 -0.983949045287 -1.31349446615e-17)
(60.35463464 0.523612263036 -1.31750141604e-17)
(61.8349244547 2.1077994795 1.35389175088e-18)
(63.0388660477 3.70294626252 6.88019282788e-18)
(63.8918150956 5.28695003387 -6.42650387453e-18)
(64.3896892687 6.81728090518 -7.2908757554e-18)
(64.5263391046 8.23920043275 -8.04408590384e-18)
(64.3493185251 9.50473699496 1.04396211127e-17)
(63.9474556043 10.6105390086 8.48910832712e-19)
(63.338401542 11.5699355764 -3.24718067393e-19)
(62.5765901251 12.3790423586 1.65219838048e-17)
(61.718640243 13.0322587731 -5.02200530629e-18)
(60.8080713591 13.5313816565 5.26187898778e-18)
(59.8839443605 13.8838888891 -1.80309967934e-18)
(58.9693536508 14.1000481439 2.00512933059e-18)
(58.0844925268 14.1916126651 0)
(57.24094934 14.1723772995 1.41445049648e-19)
(56.4441640826 14.057628971 1.06455718134e-19)
(55.6963938089 13.8631441591 -9.8491776985e-20)
(54.9978604952 13.6024417498 -1.40842976786e-19)
(54.3475638454 13.2866744701 2.71647382125e-18)
(53.7434221398 12.9252237309 -2.10766979483e-19)
(53.1767882296 12.5243000901 -2.68816362294e-18)
(52.6428496413 12.1034051614 2.51374710224e-18)
(52.1438600165 11.6757664044 8.06254327958e-20)
(51.679379545 11.2473370454 -2.31033905968e-18)
(51.2453293527 10.8251937694 0)
(50.8378920219 10.4190129616 8.87404348354e-19)
(50.4573333801 10.0369660634 -1.79211612918e-18)
(50.1020778555 9.67335053736 -8.03264269656e-19)
(49.7629657209 9.32139450537 3.03621754756e-18)
(49.4317993094 8.98501528897 1.13150254591e-19)
(49.1085357383 8.66985515189 -1.32364173623e-18)
(48.7938676662 8.37732137541 1.12865285416e-18)
(48.4822279036 8.11537162962 6.74189651524e-19)
(48.1630877694 7.90784636991 -9.08319335114e-19)
(47.824629275 7.79688874119 0)
(47.4560895397 7.83681509886 3.80289848518e-18)
(47.0521272728 8.08099388024 5.03118244902e-18)
(46.6085221681 8.55705193665 6.32143424273e-19)
(46.133350931 9.24031849493 1.45077118798e-18)
(45.6312429615 10.02537269 -2.95257206992e-19)
(45.107375931 10.7010365348 -2.3672408783e-18)
(44.6068708283 11.0849852769 3.54325104836e-18)
(44.112539604 10.7864776069 8.74175155953e-19)
(43.6225320438 9.66412958242 1.55258074605e-18)
(43.1126826986 7.47753841096 2.93643101923e-18)
(42.5158359954 4.10623141851 -1.11550691253e-18)
(41.6360448446 -0.281842524447 -9.31846427025e-19)
(38.1018618649 -1.83290013354 2.76291648903e-16)
(35.7324704097 -1.80755145824 -2.95249284807e-17)
(34.343222403 -1.7665611265 5.59008838755e-17)
(33.641150603 -1.90498857002 -3.11966761343e-18)
(33.0412470237 -2.23766749465 -2.08752924803e-18)
(32.4939055082 -2.74924964706 -1.30458213479e-18)
(32.1930824581 -3.42282224552 6.91217850249e-18)
(32.2654914496 -4.2399252346 -5.54350308292e-19)
(32.7517474036 -5.1591911773 -2.47195347959e-19)
(33.6458858119 -6.10304333527 1.37564690672e-17)
(34.8987790119 -6.97424326752 -6.92094967264e-18)
(36.4297335837 -7.69318278369 -1.82732314668e-17)
(38.1447337015 -8.19536680323 3.14935307182e-18)
(39.9546743338 -8.42599153321 1.70698756739e-18)
(41.79816051 -8.35455636996 -1.60050947301e-17)
(43.6249587034 -7.99960299086 -1.4499723296e-18)
(45.3883435476 -7.40055376796 1.23364983038e-17)
(47.0600130298 -6.57851889806 -1.55539865519e-17)
(48.6518709024 -5.54996029186 -2.01912064478e-17)
(50.1961255564 -4.3353733566 -7.68700848537e-19)
(51.7253269012 -2.96052285657 -4.18277596384e-18)
(53.2477893864 -1.45499569529 6.42658483721e-18)
(54.7997216007 0.199946800426 6.89495542717e-18)
(56.3733570959 1.94939102138 -7.72836200077e-18)
(57.8980619063 3.73602843898 1.69218382717e-17)
(59.3041716621 5.53175389316 9.82626973732e-18)
(60.5053027846 7.28885820576 -1.11742662808e-17)
(61.4222587117 8.94130226104 -1.85425815436e-17)
(61.9717866212 10.4249948568 -7.90143917138e-18)
(62.1210131521 11.7107194494 7.45785263366e-19)
(61.9092849979 12.7974690543 -6.24186148986e-18)
(61.4029908578 13.6842017631 -2.00114773707e-18)
(60.6773654228 14.3704658538 -4.62505365674e-18)
(59.8086060517 14.8633898785 7.10337248533e-18)
(58.867645904 15.1776681794 -8.51329637823e-19)
(57.9114296124 15.3320499724 -5.18697275181e-19)
(56.9809551513 15.3463777949 4.83655460196e-18)
(56.1017777388 15.2411114699 -2.30095400457e-18)
(55.2871073535 15.0367943591 0)
(54.5414084744 14.7527887366 0)
(53.8630952676 14.405623796 6.66433020251e-18)
(53.2451302851 14.0092171789 8.68329129271e-18)
(52.6782186812 13.5741150367 1.05449997437e-18)
(52.1586132811 13.108606915 -1.01233700849e-17)
(51.6849324809 12.627340377 -1.69504447206e-18)
(51.2506604806 12.1436665511 4.74584958798e-18)
(50.8500211986 11.666585927 -3.37312513299e-18)
(50.4792491115 11.2029131595 2.85009847374e-19)
(50.1360512432 10.7604220714 2.46749762734e-18)
(49.8170480624 10.3454401398 3.11461612121e-19)
(49.5164963791 9.95625871981 -2.9808953958e-18)
(49.2305310017 9.58623504161 8.72138031712e-20)
(48.957396905 9.23376443058 1.3064766119e-18)
(48.6940195259 8.90358612611 0)
(48.4362917774 8.60384211805 5.6495654748e-19)
(48.1793906691 8.35119831883 5.24233355998e-19)
(47.916289571 8.17641864378 7.7392677954e-19)
(47.639316123 8.12330517569 -8.4853036623e-19)
(47.3428894506 8.2402989075 -8.9020151636e-19)
(47.027449294 8.56512549579 2.26857847324e-18)
(46.699547994 9.09997909964 6.43875085121e-19)
(46.3669711121 9.78856324946 -2.247125365e-18)
(46.048886068 10.5016380554 -9.68030247224e-19)
(45.7281201333 11.0754079372 -1.66687840418e-18)
(45.4303932219 11.1267768823 2.2268623187e-18)
(45.1256992781 10.6498226115 -2.77867943591e-18)
(44.7702401477 9.20633577942 1.1576436043e-18)
(44.318721476 6.72284219783 7.72278933629e-19)
(43.6977793918 3.22242043999 3.00553890217e-19)
(42.8717853602 -1.13496968665 -3.47575687657e-19)
(29.234927131 0.0455658576593 -8.3083755187e-16)
(26.6164286284 0.0166537071217 6.38043968982e-18)
(25.0710397544 0.0280135577527 -3.03794658245e-18)
(24.4041667934 -0.23848959706 -2.86559428515e-18)
(23.9873282159 -0.834440651178 1.28791749529e-18)
(23.8478909147 -1.72065932147 5.50512453298e-18)
(24.1972972102 -2.87878619709 -7.59368936691e-18)
(25.079311368 -4.24980463269 3.04169371155e-18)
(26.4119732316 -5.70581088412 -8.58784651619e-19)
(28.0827851856 -7.09626383187 -8.13768409314e-18)
(29.9807787899 -8.2906237756 -1.03487763439e-17)
(32.0078799052 -9.19133810357 -2.10846647711e-18)
(34.0803830466 -9.74597910431 8.32766383215e-18)
(36.1315588048 -9.93332487686 1.67793292889e-18)
(38.1184113058 -9.75822051784 -4.34273735138e-18)
(40.014015928 -9.25450827748 1.90927492218e-17)
(41.7954057528 -8.46879367313 -1.51286282714e-17)
(43.4473520477 -7.44295797928 -1.19947850002e-17)
(44.9591087617 -6.21716141206 2.329170619e-17)
(46.3373448171 -4.83041645335 2.94268644328e-17)
(47.6087175891 -3.3167800378 1.6483399726e-17)
(48.8119901903 -1.7037557533 1.48438629231e-17)
(50.0057720353 0.00253917722992 2.45300854916e-17)
(51.2425997323 1.77365701795 6.27573956652e-18)
(52.5579737947 3.60010939714 3.12677466576e-18)
(53.9532358437 5.46241569289 5.69089636441e-18)
(55.3766454666 7.32647217253 1.28021953796e-18)
(56.7341085205 9.13923553003 7.72432875992e-18)
(57.8979337917 10.8375606866 -6.68509324494e-18)
(58.7433802255 12.3641988207 -2.46820627341e-19)
(59.1966490239 13.6767193012 8.17878464659e-18)
(59.245605584 14.7474399177 -1.04459045563e-18)
(58.9309016021 15.5640393744 -1.10172135934e-17)
(58.3292693312 16.1306508757 -1.29709511106e-18)
(57.5341880913 16.4660063145 1.07961800608e-17)
(56.637885333 16.5983579648 -1.73734223228e-17)
(55.7173061868 16.5598392928 4.13670447618e-18)
(54.8275776885 16.3823934693 -1.47007379553e-18)
(54.0021217586 16.0955149328 -6.76872373447e-18)
(53.2564462687 15.7247758705 3.44936341024e-18)
(52.5934185876 15.2909492488 -1.13214485378e-17)
(52.0069535067 14.8114149233 -3.76558727048e-18)
(51.4882970293 14.3002029721 9.94895314884e-18)
(51.0312966583 13.7716835617 4.94250928564e-18)
(50.6262196399 13.2349652508 -3.13785735862e-19)
(50.2635606409 12.6998127651 1.71038393734e-18)
(49.935983383 12.175812131 -3.9960133913e-18)
(49.6383934092 11.6714061911 -2.03375530481e-18)
(49.366767279 11.1919086938 3.24362745758e-18)
(49.1160304864 10.7404868575 3.84330262279e-19)
(48.8823232701 10.3177503518 -7.57453103242e-19)
(48.663773864 9.92236239441 -1.47211594114e-18)
(48.4574903283 9.55134893008 8.54626632025e-19)
(48.2586044711 9.20603063055 9.94479128948e-21)
(48.0625192748 8.89704762833 1.70799102399e-20)
(47.8651481182 8.64539940757 -3.22186812222e-20)
(47.6621388893 8.48369106887 2.00161479458e-20)
(47.4501107809 8.45310689539 1.70840268043e-18)
(47.229422828 8.59365062005 -9.13076620954e-19)
(47.0050965903 8.93109566862 -9.60189930406e-19)
(46.7920780899 9.45173695936 -9.89470095226e-20)
(46.5946176999 10.0976537723 -1.09997159173e-18)
(46.4289077643 10.6980979506 8.80361794254e-19)
(46.2930261641 11.1602582208 1.20845726826e-19)
(46.1635322233 11.0487813222 6.56995366377e-19)
(46.0168110853 10.4046152604 1.04811320998e-18)
(45.818099018 8.84412357868 2.3552775299e-18)
(45.5038850705 6.30455559688 -2.33312040719e-18)
(44.9935929297 2.85060309663 -1.07194428346e-18)
(44.2625354095 -1.38708986858 1.80947942864e-19)
(19.9093696035 1.59153328242 1.25662274522e-17)
(17.4759345667 1.58018368257 -9.52506367692e-18)
(16.3259911907 1.53317674226 -1.0640951048e-17)
(16.116638032 0.901251559551 -3.20706082583e-18)
(16.3383018464 -0.280557034405 2.11142606088e-18)
(17.0256600715 -1.84177358972 -1.73303685059e-18)
(18.2299703326 -3.64370169806 5.97472949139e-19)
(19.8469455603 -5.53105792392 -1.6667886902e-17)
(21.7339395012 -7.33475971282 -1.70750654202e-18)
(23.7772215155 -8.90879279821 2.86926424155e-17)
(25.8929958462 -10.1494903561 -1.36952216766e-17)
(28.0182215142 -10.9960979222 -1.19876654109e-17)
(30.105559448 -11.4260399804 2.5085674815e-17)
(32.1211075659 -11.4438034195 -9.89346810761e-18)
(34.0439761055 -11.0749047724 1.45789399793e-17)
(35.8629526614 -10.3639876463 1.50104912469e-17)
(37.5715141692 -9.36509515521 -1.65989208261e-17)
(39.167270959 -8.12967191328 1.21592272019e-17)
(40.6542740809 -6.7037172146 1.82752275002e-17)
(42.034797342 -5.12935261065 -1.32353205991e-17)
(43.3091887572 -3.4466267078 -6.63982858257e-18)
(44.4824191283 -1.69405226002 1.0058644793e-17)
(45.5737565124 0.0989460175474 -5.92131534995e-18)
(46.6224657754 1.90902717645 6.78724731736e-18)
(47.6865948058 3.72653329534 -7.55141733705e-18)
(48.8286316262 5.55253546939 -8.59159317366e-18)
(50.0865235895 7.38865134664 1.13354510026e-17)
(51.4478954928 9.22303953041 4.53461210979e-18)
(52.836178917 11.0212111648 4.73902266894e-18)
(54.1210257011 12.7252801314 -9.59450956647e-19)
(55.1587659955 14.264517383 8.88127157746e-18)
(55.8382236493 15.5714088687 1.78610281504e-17)
(56.1089047285 16.5960202131 7.6503861812e-18)
(55.9865919749 17.3154398694 -1.26942685265e-17)
(55.5404604849 17.7358996212 1.20180190423e-17)
(54.869775018 17.8873491646 1.15259501464e-17)
(54.0781996929 17.8138317167 -5.33393418496e-18)
(53.2543936765 17.5636796191 -8.49856646367e-18)
(52.4623775209 17.1823662031 -1.32122164853e-17)
(51.7401497682 16.7079357488 -1.04147365228e-18)
(51.1053940204 16.1715166677 2.10628176317e-18)
(50.558931067 15.5947097143 -4.09354315901e-19)
(50.0957240485 14.9979642855 -1.48813199071e-18)
(49.7063270882 14.3922824753 -2.36995431147e-20)
(49.3771086798 13.7869464474 9.74112535267e-21)
(49.095944279 13.1924689451 -2.00416804188e-19)
(48.8530661591 12.6172587803 5.8866934199e-18)
(48.6404915078 12.069183019 4.63769990841e-20)
(48.4514284286 11.5523821552 -1.65776740796e-18)
(48.2808282253 11.0683263986 1.17921988837e-19)
(48.1256286384 10.6171936733 2.35403181303e-19)
(47.9836182206 10.1962998011 -2.06524960594e-19)
(47.8509799822 9.80371889763 -8.09112367548e-19)
(47.7234944901 9.44278982448 4.61526637298e-19)
(47.5973828579 9.12617495479 -5.01800651113e-19)
(47.4695010323 8.87719340267 -1.09740597415e-18)
(47.3374511064 8.72790725566 -2.18459599268e-18)
(47.2011220237 8.71663937448 -7.11598032756e-19)
(47.0649149603 8.87448488464 -2.14749547194e-20)
(46.9362207742 9.21580053585 -1.54843234269e-18)
(46.8291109137 9.70929732179 0)
(46.7557670247 10.308023565 2.17382235176e-18)
(46.7162670212 10.8018224178 8.25551798295e-19)
(46.7211123082 11.0837466474 -2.98361253696e-20)
(46.7321697615 10.864889848 1.52073846432e-18)
(46.7264683801 10.0265251909 -1.36117036682e-18)
(46.6593659807 8.3094392437 -1.1260470604e-18)
(46.4680674838 5.68134106741 3.33239802119e-18)
(46.0767105297 2.20326693246 -2.16355074349e-18)
(45.4372511964 -1.94551081292 2.04847051724e-18)
(11.0804879024 3.04433002635 -5.75967030138e-17)
(9.55754701893 2.81531675889 2.44430818534e-17)
(9.36445668176 2.24614757621 -5.42085342286e-18)
(9.96413751796 0.91762277669 4.95507631112e-18)
(10.96038712 -0.943849179839 -9.56021177175e-19)
(12.3046397379 -3.05303713538 2.60726798526e-18)
(13.9406860758 -5.22546617113 -3.29955168019e-18)
(15.7721231807 -7.31831901808 -9.22453577953e-19)
(17.7142437692 -9.19669564064 3.9876036525e-17)
(19.7084653531 -10.748120095 2.10271602669e-17)
(21.7106909997 -11.8954153938 -3.87873875652e-17)
(23.6860286951 -12.5985055911 -1.39980532867e-17)
(25.6081819279 -12.8497954716 -9.37100164413e-18)
(27.4581915328 -12.6673325875 6.83996599866e-18)
(29.2238841244 -12.0900168722 3.16968725786e-17)
(30.9001823304 -11.1724457742 -1.06416554966e-17)
(32.4879591626 -9.97611676091 2.02746175285e-18)
(33.992529519 -8.55982425926 0)
(35.4237490536 -6.97409542212 -6.24023675772e-18)
(36.7942586812 -5.26107669693 -1.30143729797e-17)
(38.1087380173 -3.45442642306 2.34523556362e-17)
(39.3621920909 -1.58684211548 9.95463515864e-21)
(40.5476000194 0.306297954463 -2.27376547388e-17)
(41.6599315361 2.19267348815 -6.06372854883e-18)
(42.7143650169 4.04188617524 1.26486842364e-17)
(43.7610166422 5.84704257024 -8.09249342174e-18)
(44.8669045715 7.62285650375 3.87708699119e-18)
(46.0892647302 9.39220357691 -4.42308031986e-18)
(47.4391176828 11.1649473897 2.09386511494e-18)
(48.8574224073 12.9187894267 -5.63189037928e-18)
(50.2222444911 14.5933737066 -1.20888261362e-17)
(51.3856159118 16.1017575597 9.61227805219e-18)
(52.2209142858 17.3540952586 1.31632253083e-17)
(52.6596112206 18.282806814 2.02936263178e-17)
(52.7046980102 18.8588613268 -1.32653959077e-17)
(52.4201026759 19.0943677812 -8.87271557433e-18)
(51.9050659376 19.0332590045 5.77632491884e-18)
(51.2657242771 18.7366713544 -7.43650374578e-18)
(50.592689522 18.2687205922 1.01910485829e-17)
(49.9522845389 17.6871830123 6.79791275794e-18)
(49.3824600929 17.0373708698 -8.47924353015e-18)
(48.9011336888 16.3516036999 5.18619109716e-19)
(48.5092883689 15.6543339679 -1.55240248008e-18)
(48.1954635541 14.9597065203 5.16688841136e-19)
(47.9491577403 14.2781951229 -3.8451550984e-18)
(47.7572905357 13.6188917542 -2.13177236582e-18)
(47.6071931098 12.9898410626 3.93567549538e-18)
(47.4883348879 12.3962944635 1.2850506411e-18)
(47.3922966152 11.8417773466 -2.32172173329e-18)
(47.3137108267 11.3259618957 -2.07652278833e-18)
(47.2482978408 10.8473079653 -6.08665597878e-19)
(47.1919810609 10.4023756483 3.31803544902e-18)
(47.1420488379 9.99008365306 1.8893413577e-18)
(47.0954018893 9.61565759474 -1.3680742411e-18)
(47.048740665 9.29386366606 1.64003314994e-18)
(46.9994509594 9.04906837603 7.91172086935e-19)
(46.9460922515 8.91345064926 -2.15807893322e-18)
(46.8900065794 8.91884336174 -7.0310177388e-19)
(46.8372871705 9.08899376684 9.16849268535e-19)
(46.7989604947 9.42738545051 -6.42189455643e-19)
(46.783247764 9.89176822816 -2.80210698261e-19)
(46.8094920114 10.4019883945 -1.96636889489e-20)
(46.8799940438 10.8116638376 6.99468850538e-20)
(46.9962229954 10.9204440017 4.08204181867e-19)
(47.1290268312 10.5464065218 -6.5080108037e-19)
(47.2537018669 9.50508772395 -8.31337045729e-22)
(47.3231329341 7.65805582551 -1.12070340648e-18)
(47.2625273382 4.97647213105 7.72988716213e-19)
(46.9902129098 1.5396601423 -2.01293035313e-19)
(46.4499463479 -2.45823688659 -2.51752623048e-18)
(4.77590688286 3.83966900858 -4.9679646595e-18)
(4.29324807155 3.06745251767 1.86190593743e-18)
(4.88395098265 1.80614255308 1.27058342376e-17)
(5.97223893753 -0.079261269017 4.47247770782e-18)
(7.27531170769 -2.29318956692 -2.30537174048e-18)
(8.73066040166 -4.60752781482 2.09779745998e-18)
(10.306212025 -6.88742082683 5.90470939334e-18)
(11.9646112111 -9.01073438181 1.71826319044e-17)
(13.6758433693 -10.8568856205 -8.64864345959e-18)
(15.4161811994 -12.3235699191 -9.21358226079e-18)
(17.1604730709 -13.34216635 -1.79086294644e-17)
(18.8839168605 -13.8832448565 0)
(20.569159694 -13.9501469438 2.32134733743e-17)
(22.2036905454 -13.5711767487 1.58760557423e-17)
(23.7776976323 -12.7958702598 -1.28369094005e-17)
(25.2876639924 -11.6887113789 1.07990583883e-17)
(26.7367870311 -10.3190973476 5.58673274366e-18)
(28.1334132927 -8.75177716133 -1.11111695122e-17)
(29.4896273918 -7.04059028178 -5.89920508925e-18)
(30.8207377391 -5.22684253638 1.67013819313e-17)
(32.1401188888 -3.33953961914 8.85218005003e-18)
(33.448364013 -1.40031397232 -1.91787290669e-17)
(34.7392611792 0.562855636227 1.0733505707e-17)
(35.9887709342 2.51371620882 -5.54723053273e-18)
(37.1783812498 4.41533571896 -3.02007524536e-18)
(38.3183350947 6.23864984387 4.64751949155e-18)
(39.4463878138 7.98380782529 3.94521199248e-18)
(40.62552314 9.68104212195 -8.07457869061e-18)
(41.9139276298 11.3715078485 -1.6195317764e-17)
(43.3263731167 13.0774804341 7.99747927827e-18)
(44.8097203815 14.7766131569 -1.57286841867e-17)
(46.2484657122 16.3954305226 3.19751715345e-18)
(47.499601202 17.8270672733 9.45696446581e-18)
(48.4399526295 18.9645138251 2.42029376024e-18)
(49.0033825342 19.7331038273 7.43940809435e-20)
(49.1938773287 20.1086629125 -1.23991927362e-17)
(49.0744363647 20.1173125688 9.27884570312e-21)
(48.7408718316 19.8203653333 1.18987848028e-17)
(48.2952760824 19.297546612 -6.1060927448e-18)
(47.8224784555 18.6254998254 9.90522952718e-18)
(47.3810829132 17.8660095339 1.79073992518e-17)
(47.006322345 17.0677275681 -7.37441423275e-18)
(46.7102374872 16.2610575203 -1.12407970194e-17)
(46.4921060991 15.4686899059 2.25380808262e-19)
(46.3438746853 14.7044952132 -5.08789886301e-18)
(46.2526562894 13.9771278894 3.05335231039e-19)
(46.2050891809 13.2930388205 1.06723876077e-18)
(46.1893218435 12.6554897678 8.57660710048e-20)
(46.1959041134 12.0651128507 -2.98263464354e-19)
(46.2182351429 11.5196398441 1.51015005026e-19)
(46.2511533597 11.014431946 1.1797974931e-18)
(46.2907348019 10.5464641674 -1.66304336473e-20)
(46.3338695744 10.1161026897 3.15088713697e-19)
(46.3772934283 9.73057314346 0)
(46.4175858555 9.40618264874 -1.83731448742e-20)
(46.452115625 9.16869435923 2.74348723604e-18)
(46.4794991478 9.04803129901 1.10953406552e-18)
(46.5020076262 9.07085346342 -1.97275282155e-18)
(46.5262643959 9.25106603722 6.48686953808e-19)
(46.5659132864 9.57770512775 3.41665514811e-19)
(46.6343326869 10.0121807666 -9.12393484713e-19)
(46.7463652526 10.4282915473 -7.80934960316e-20)
(46.911688152 10.7009167231 3.69410523302e-20)
(47.1264959082 10.6538699636 3.51741001939e-19)
(47.3706728682 10.1001590852 9.78814841119e-20)
(47.6114274406 8.88678111357 -7.50851519869e-20)
(47.792390501 6.91862380297 1.23629715238e-18)
(47.8392165192 4.20091837932 -1.9593044882e-18)
(47.6719016 0.835636958142 1.51586113067e-18)
(47.2184505743 -2.97769175702 -4.96068659156e-18)
(0.971234066625 3.74488874784 -3.40503364708e-18)
(1.22376608694 2.51128800368 -9.32247734736e-18)
(2.13227571773 0.792502593513 7.95886220218e-18)
(3.23790882205 -1.32260160912 -1.06819679534e-17)
(4.40690780473 -3.63088656362 8.6364318185e-18)
(5.62383247565 -5.98976124334 0)
(6.8867209674 -8.27985404962 1.47270363773e-17)
(8.19536505438 -10.3783288814 -1.81639332605e-17)
(9.54707506892 -12.1649227867 8.82863838304e-18)
(10.9366292923 -13.5378759271 -3.96186129394e-18)
(12.3529624712 -14.4292266934 -1.16468515814e-17)
(13.7711716577 -14.8188075792 0)
(15.1836048757 -14.7190312975 0)
(16.5810520423 -14.1659937616 2.05045728015e-17)
(17.9522691779 -13.2182224143 8.34055072172e-18)
(19.2924993566 -11.9495200751 -1.95836940239e-17)
(20.6028381594 -10.4367389715 -9.04652600705e-18)
(21.8894339558 -8.74973114008 -1.85866764031e-17)
(23.1630691159 -6.94409473885 1.34193630353e-18)
(24.4366909828 -5.06078767418 1.53124874092e-17)
(25.7267341831 -3.12627344171 -4.53824091141e-18)
(27.0439665681 -1.14966631436 5.84789474403e-18)
(28.3874802414 0.850667819611 6.29749603094e-18)
(29.7389160498 2.83491415844 1.25762061766e-17)
(31.0725134406 4.76981065274 -8.35727514424e-18)
(32.3686314754 6.61740303601 -2.96527337829e-18)
(33.6310035269 8.35857296248 -2.02231099198e-18)
(34.8946559083 10.0113609817 2.31245617232e-17)
(36.2139952993 11.6252996168 -2.40991911659e-17)
(37.6343383947 13.2519833186 -2.6323889452e-18)
(39.1587350093 14.9082964503 3.27611504989e-18)
(40.7291655006 16.5523606016 -2.72160636556e-17)
(42.2350233651 18.0860608101 1.61196275851e-17)
(43.547228017 19.3835490228 3.15478485836e-17)
(44.5608172506 20.3330270593 -1.57712764027e-17)
(45.2263149128 20.8707020648 -1.30810003777e-17)
(45.5563035436 20.9892642265 9.89860361543e-18)
(45.6162292471 20.7349810955 -3.13345329759e-18)
(45.4967110112 20.1955584469 -2.88104789995e-18)
(45.2818877129 19.4598744831 2.82488158373e-18)
(45.0437531277 18.6075971988 4.35199104338e-18)
(44.8333913499 17.7025977595 -8.58678105279e-18)
(44.6782188264 16.7903463331 -2.2665899315e-18)
(44.5877787587 15.9012693105 5.25132109807e-18)
(44.5595669691 15.0534857242 -4.35492411833e-18)
(44.5844838269 14.25731581 -6.62886792419e-18)
(44.6509198168 13.5180221455 1.74122454537e-18)
(44.7476880057 12.836670811 3.49393480498e-18)
(44.865496428 12.2108191688 1.17273181974e-20)
(44.9972815394 11.635496642 1.82199160264e-18)
(45.1376773435 11.1048169713 -1.96888975667e-18)
(45.282189613 10.6156678887 7.15476149614e-20)
(45.4268265326 10.1700482658 1.64046901891e-18)
(45.5668857056 9.77796995484 3.51493196481e-20)
(45.698932787 9.45722376133 -3.79104923192e-19)
(45.8193214701 9.23365881274 -7.03589244413e-19)
(45.926007939 9.13426567345 2.22212252866e-18)
(46.02253716 9.17895792287 1.2208200537e-18)
(46.1182164686 9.37042054235 -1.46703577398e-18)
(46.2277087684 9.68365136931 1.53248813163e-18)
(46.3711022747 10.0588713116 -1.10031412437e-18)
(46.5639655701 10.3829233938 -2.06060652758e-18)
(46.8141804139 10.5143992776 -8.3767615705e-19)
(47.1190041102 10.2900331246 1.38705266818e-18)
(47.4597349975 9.54953413955 -7.86240134154e-20)
(47.7972374014 8.17071477022 -3.18036685002e-19)
(48.0713038762 6.10133210588 7.67446963621e-19)
(48.2073349454 3.37941339909 -2.73264399333e-18)
(48.1229516865 0.1244682873 -6.43932434489e-18)
(47.7393265627 -3.46174962865 -1.33115568193e-18)
(-1.01068618062 3.18641739276 2.86559831532e-18)
(-0.481563551271 1.67466111318 -7.63853180233e-19)
(0.347722176892 -0.21566764059 -8.09561560579e-18)
(1.19805796248 -2.37227105183 -9.71718882386e-18)
(2.03230490593 -4.67602282232 2.8075166207e-20)
(2.85702524838 -7.01538361312 -1.8344206865e-18)
(3.68999104832 -9.27603333834 -9.86375264261e-18)
(4.55480296274 -11.331877433 2.82513762262e-18)
(5.46877473565 -13.058727485 1.72600846976e-17)
(6.44051251263 -14.352610137 -8.80623885672e-18)
(7.47855970804 -15.1402062592 1.87263904191e-18)
(8.55219190531 -15.4046160338 -1.76429366541e-18)
(9.66959821511 -15.1753288608 1.34290782642e-17)
(10.8162938543 -14.4839799791 -6.86741849149e-18)
(11.9802698365 -13.4006382074 -3.99356466913e-17)
(13.1548375535 -12.0069405295 -3.55077434025e-18)
(14.3348027047 -10.384514453 1.16638607409e-17)
(15.5194792145 -8.60759881922 8.94881740587e-18)
(16.7144102733 -6.73246336017 1.90797983155e-18)
(17.9250760827 -4.79929274381 -9.25229970897e-18)
(19.1670780018 -2.84806857437 4.80089291084e-18)
(20.4589834357 -0.87754765619 -8.97416819569e-18)
(21.8042129312 1.12421275808 -1.07808749323e-17)
(23.2012223589 3.13167932869 -1.56380538043e-18)
(24.6253765174 5.08132486219 9.13528349598e-18)
(26.0521718686 6.93026966955 6.61651272726e-20)
(27.4647363757 8.66594176867 2.10582485988e-19)
(28.8690786147 10.2936231421 1.19732600769e-17)
(30.2950200811 11.8564861827 -4.05279919162e-18)
(31.7818033405 13.4161955945 -1.60355356183e-17)
(33.3541409569 15.0139252569 2.60298828945e-17)
(34.99799799 16.6369336875 -4.09238423268e-18)
(36.6494143722 18.2075992082 -1.50945162079e-17)
(38.207518493 19.6009248657 1.07404149321e-18)
(39.56606328 20.6839545481 -1.66014877653e-17)
(40.6422425842 21.3586744998 -1.32451067303e-17)
(41.4074719653 21.5896816761 1.59296878751e-17)
(41.8971844302 21.4087999056 3.04694176215e-18)
(42.1692817384 20.8892846393 1.93677953433e-19)
(42.2890181111 20.1235044349 1.17130169221e-17)
(42.3298354358 19.2046762216 1.13009269941e-17)
(42.3513957717 18.2130294675 2.95981521751e-18)
(42.3913861808 17.2084328926 -8.90243137844e-18)
(42.4690034722 16.2309200879 -1.18292774714e-17)
(42.5902322411 15.3048534639 -1.08271175281e-18)
(42.7523530999 14.4432135814 4.38171687424e-18)
(42.9482032856 13.6508999749 7.62767510486e-18)
(43.1695283547 12.9269010964 7.83582631968e-19)
(43.4087180956 12.2660616393 -2.76130006944e-18)
(43.659341703 11.66125287 1.96174415886e-18)
(43.9158302527 11.1063140384 9.03273525507e-20)
(44.1726081804 10.5993026382 -1.71259827804e-18)
(44.4241279905 10.1436209245 7.6125665187e-19)
(44.6639355647 9.75391902589 9.58522957968e-19)
(44.8870175058 9.44284382563 1.27937839705e-20)
(45.0897529974 9.24942238087 -9.21655064314e-19)
(45.2717639671 9.18356254605 -8.89825499375e-19)
(45.4385817952 9.25516807297 1.43512556249e-18)
(45.6024143825 9.45549750457 5.7806364196e-19)
(45.780714734 9.74594736116 -6.07105815462e-19)
(45.9955994186 10.0521855598 1.47936202898e-18)
(46.2652193044 10.2613123718 6.79956930274e-19)
(46.5977196698 10.234419257 -1.35245924289e-18)
(46.9883511941 9.82415096763 -2.16587318363e-18)
(47.414161021 8.89866408171 1.69050016323e-18)
(47.8322605794 7.37167554115 2.07198687136e-18)
(48.1755540528 5.23091701796 -3.59184569641e-18)
(48.3843858647 2.54105474436 -5.28126591453e-18)
(48.3328360589 -0.564996996539 4.67659625349e-19)
(48.0218074009 -3.8909320688 2.10878776771e-18)
(-1.82869802601 2.52990022666 8.44877880309e-18)
(-1.32832042505 0.92462208919 -1.38117771076e-17)
(-0.763317944542 -0.97640554752 -1.14648978595e-17)
(-0.266889413554 -3.0882458914 -3.11257651031e-18)
(0.157807574361 -5.32643994779 -1.46216626642e-17)
(0.520439808498 -7.60503035776 -1.22417879144e-17)
(0.856711914894 -9.81387470124 2.09458167132e-17)
(1.21280954744 -11.8232971256 1.56092880951e-17)
(1.62738378885 -13.5015827418 -2.61061848569e-17)
(2.12493112932 -14.7392614578 1.27850295091e-17)
(2.72594595328 -15.4610280789 6.6568909111e-18)
(3.43265200963 -15.6200587775 4.28332844172e-18)
(4.22829807323 -15.3315330572 -2.30869883705e-17)
(5.1023320233 -14.5473062944 1.81598584442e-17)
(6.04760253004 -13.3745359212 2.66309681629e-17)
(7.05501963041 -11.898972828 -4.04104349001e-17)
(8.11019302907 -10.2034542817 -1.76673101714e-17)
(9.20241475864 -8.3650501613 1.70675461235e-17)
(10.3264342088 -6.44652434826 6.01289438776e-18)
(11.4802892963 -4.48727050143 1.20234595469e-17)
(12.6711567496 -2.5109720908 -7.82327672281e-18)
(13.8892509546 -0.533979541275 -1.17235250798e-17)
(15.1730717187 1.28105844499 3.10817571774e-16)
(16.7247908711 3.2259437355 1.51660534155e-16)
(18.1166012173 5.28281224587 4.76668147628e-18)
(19.5942030639 7.15506433299 1.87994362517e-18)
(21.1230949319 8.87473154935 -5.00739297237e-18)
(22.6590375428 10.4780766203 -6.35942754347e-18)
(24.206919436 12.0092060747 -5.0725350303e-18)
(25.7888011351 13.5275518943 -2.85420514137e-18)
(27.4278907223 15.0808097204 1.52996977471e-17)
(29.1314830963 16.6716287225 1.36635356521e-17)
(30.8728331998 18.2399397171 -1.77461014668e-17)
(32.5884154247 19.6699814646 1.403836284e-17)
(34.1923154292 20.8331127824 5.21597567224e-18)
(35.5956451883 21.6313426365 -3.10515381057e-17)
(36.7483586016 21.9682666013 -2.02415192587e-17)
(37.6628667787 21.8194385224 1.54063442249e-17)
(38.3519117337 21.3297578788 1.65021252178e-17)
(38.8531440577 20.5579594198 9.64056065536e-18)
(39.232091528 19.601792751 -1.16348575953e-18)
(39.5458444257 18.5506302613 -1.40873996033e-17)
(39.8348366975 17.4754038 4.7894074129e-18)
(40.1251253074 16.4263340722 4.6203193518e-18)
(40.4307784193 15.4344968146 -5.00249585255e-18)
(40.7567246926 14.5160393 -3.8448780289e-18)
(41.1022419712 13.6761773842 2.16865918892e-18)
(41.4638337377 12.9125600747 -1.07605873851e-19)
(41.8368906132 12.218496323 -1.23115447241e-18)
(42.2162041818 11.5862782362 1.30210810626e-18)
(42.5958622891 11.0108706142 8.73166847057e-19)
(42.9690414006 10.4924388972 -7.8924586995e-19)
(43.3280611205 10.0380899296 -6.55624390245e-19)
(43.6654989967 9.66332091405 2.93257395967e-19)
(43.9745873684 9.38519414642 5.65138135931e-19)
(44.2536966087 9.2296150071 -2.51644821778e-19)
(44.5064665299 9.20093657436 -2.30773593246e-22)
(44.7418547689 9.29993526991 -8.81156986742e-19)
(44.9751514036 9.50266699608 1.60286765667e-18)
(45.2270431764 9.75615973752 1.21916462285e-19)
(45.5199802107 9.97674117476 0)
(45.8718435101 10.0519127575 -1.24398636213e-18)
(46.2896173351 9.85291649988 1.14066956484e-18)
(46.76384529 9.25387515194 -1.05303137039e-18)
(47.2653874993 8.1542023777 -1.26413339959e-18)
(47.7481634982 6.5046903801 1.17043398687e-19)
(48.1403324205 4.32766351611 -9.49559834534e-19)
(48.4147869636 1.70909815391 -1.43073042159e-18)
(48.3759748668 -1.21116149688 6.52870964044e-18)
(48.1057675333 -4.25495953884 1.37233473267e-18)
(-1.87039597181 1.97266889616 1.15773976598e-18)
(-1.51104913311 0.388039907701 -5.03445857454e-20)
(-1.23770586958 -1.43087235855 1.08429188861e-20)
(-1.1082320188 -3.43392759156 8.49670590255e-18)
(-1.12384588473 -5.5550522252 -5.39120180809e-18)
(-1.25086744535 -7.73036353696 6.00023443102e-18)
(-1.44421290362 -9.86539866345 1.92529357136e-17)
(-1.63981823946 -11.8262655179 -2.8521261845e-17)
(-1.77520880872 -13.4729602705 3.48908891587e-18)
(-1.8009199511 -14.6857998203 3.49173208424e-18)
(-1.68658995931 -15.3877071499 1.22156093483e-17)
(-1.40257346191 -15.562799987 -1.04209450155e-17)
(-0.976163205964 -15.1868632067 -5.08288208666e-17)
(-0.40224444747 -14.3653222693 1.78488009304e-17)
(0.299206070756 -13.1549753967 -1.83066944783e-19)
(1.1201486677 -11.6426741819 4.02184165944e-17)
(2.03997638216 -9.91347343703 1.23561184923e-17)
(3.0374333494 -8.04590024221 -3.33555706761e-17)
(4.09570067613 -6.1058993135 -1.84162615192e-17)
(5.20553946198 -4.14042102304 -8.28148155662e-18)
(6.36217646269 -2.1737610816 7.71150160706e-18)
(7.54301352159 -0.161350593487 1.35160543758e-18)
(8.78615071368 1.89157021711 -2.11803343034e-18)
(10.3710449755 3.71201874461 -3.70040748082e-18)
(11.7044241477 5.51786676083 7.07069228573e-18)
(13.2026151421 7.30122755128 8.09656388706e-18)
(14.7923092621 8.97847676426 -1.16179724424e-17)
(16.4097024241 10.5565836164 -1.18785575058e-17)
(18.045541518 12.0712323647 -2.19581673374e-17)
(19.7066849325 13.5724183826 2.95942284653e-17)
(21.4084562362 15.1018011818 2.17840924008e-17)
(23.1649127318 16.6638888358 -3.93147954551e-17)
(24.97156485 18.2082376698 2.98654455862e-17)
(26.7950535085 19.6329808678 2.00993663354e-17)
(28.5746283183 20.8236118557 -2.19351146484e-17)
(30.2379926151 21.6456989375 6.02898739273e-18)
(31.7335645882 21.9848986189 2.59124971807e-18)
(33.0341031975 21.9012957095 9.10841718171e-18)
(34.1275082353 21.4812346779 -1.43814758626e-17)
(35.029996829 20.7225012284 -1.26113404673e-17)
(35.7826647308 19.7524982276 -4.6278433328e-18)
(36.4313147182 18.6693737899 2.22568839441e-18)
(37.0137051809 17.550883174 6.08736745371e-18)
(37.5579922638 16.454101178 -2.52366455699e-18)
(38.0836796939 15.4152514008 -7.64112567963e-19)
(38.6027742904 14.4534388961 2.91261887844e-18)
(39.121438473 13.5749185661 1.54793517689e-18)
(39.6416128781 12.7775430122 8.05987353141e-21)
(40.1620472807 12.0551676864 4.61844518209e-19)
(40.6787535356 11.401770519 1.96864119602e-18)
(41.1854125919 10.815066465 3.38432423786e-20)
(41.6740470514 10.2985300383 -1.08855604885e-18)
(42.1358027163 9.86200816753 -1.41230225333e-19)
(42.5633481493 9.52030975728 4.73403749412e-19)
(42.9518504546 9.28879444438 9.06450011413e-19)
(43.3032291227 9.18037561088 -1.69173426106e-18)
(43.6256739617 9.19406493196 -2.45284325259e-19)
(43.9327481079 9.31398112411 -1.33487292664e-18)
(44.2436672003 9.50245101646 -1.54033276832e-21)
(44.5814321792 9.69664989046 1.33884574234e-18)
(44.9668944103 9.80840167728 1.3181572352e-18)
(45.4142942714 9.73082479874 1.09346985993e-18)
(45.925946493 9.35175130388 1.30243189829e-18)
(46.4856773639 8.57021618437 -5.6076073682e-20)
(47.0600553705 7.31743315452 -3.49052886992e-18)
(47.5926572718 5.57774459323 4.96489864371e-19)
(48.0413613035 3.39757533166 6.7294270742e-19)
(48.3110934074 0.887212417527 -2.35062611928e-18)
(48.3468681786 -1.81962560383 -2.38356418159e-18)
(48.101455406 -4.56119174547 1.85422600432e-18)
(-1.33105075447 1.54252768025 -1.64031877251e-18)
(-1.11573614183 0.0607915132725 7.2274225444e-18)
(-1.10739171916 -1.60385942353 -1.02474637984e-17)
(-1.3118703503 -3.42221558306 -8.54885334297e-18)
(-1.72737051968 -5.36916700369 -6.82243886945e-18)
(-2.32482240552 -7.4012725091 1.43818059373e-17)
(-3.04568089997 -9.43176498208 -9.98272218873e-18)
(-3.81018496703 -11.3333171315 -2.34426599302e-17)
(-4.53131138637 -12.9600338184 6.37945170599e-18)
(-5.13088183503 -14.1795497756 -1.13087891142e-17)
(-5.553769029 -14.8994303269 1.35223897668e-17)
(-5.76278465589 -15.0809417712 -1.83004644517e-18)
(-5.75740660224 -14.748270846 5.74014490046e-18)
(-5.54150824549 -13.946853418 3.20159372123e-17)
(-5.1316675753 -12.7511339422 -2.15637899101e-17)
(-4.54455166927 -11.249936091 -1.45338573638e-17)
(-3.80198488971 -9.52906095926 -5.38956652209e-18)
(-2.92953894667 -7.66734818238 -1.41183292606e-17)
(-1.95302215085 -5.73080024442 6.60701923411e-18)
(-0.89432859963 -3.77048676119 1.13759130745e-18)
(0.232066381475 -1.81959104025 -3.37972179355e-18)
(1.42285234681 0.110603957452 -2.25682642665e-20)
(2.68358699078 2.00764302013 1.08492755957e-17)
(4.0405636414 3.85091823553 -7.15989067183e-19)
(5.45574319299 5.65280209228 1.75171912583e-18)
(6.97210219137 7.38299909301 -6.10232255012e-18)
(8.56166555403 9.01513443486 -7.12416965492e-18)
(10.1978447874 10.569220447 2.36119231119e-18)
(11.8676115662 12.0764493964 1.78890024323e-17)
(13.5692536537 13.5739022946 3.24026390065e-17)
(15.3130794851 15.0896965538 -1.41580671346e-17)
(17.1144104613 16.6218052543 -2.52532037301e-17)
(18.9796102905 18.1226655134 4.90764322695e-18)
(20.8944300533 19.5035083353 -4.86629687033e-18)
(22.8232114889 20.6552567792 -2.5434609068e-17)
(24.7123594034 21.4471648373 3.5583194409e-18)
(26.4989163986 21.8035808176 -1.80253115353e-18)
(28.1327067892 21.738898796 -9.68968088241e-21)
(29.6042245747 21.3176400143 1.18027441465e-17)
(30.9052593074 20.5793355849 1.20000880557e-17)
(32.0455222108 19.6186501535 8.52676000071e-18)
(33.0531035686 18.5318626748 1.47490999565e-19)
(33.9587024686 17.3995941582 -2.56944135272e-18)
(34.7888080017 16.281987575 1.3095874737e-18)
(35.5652343968 15.2182998348 3.36869038649e-18)
(36.3049088934 14.2300878981 3.28010038726e-18)
(37.0195339647 13.3257113443 -2.92984050307e-18)
(37.7155300657 12.5053374648 -3.16659356089e-18)
(38.3943179542 11.7658733246 4.04966760576e-19)
(39.0528433917 11.1050414024 2.02257937096e-18)
(39.684809085 10.524219142 -9.11040831556e-19)
(40.2823659303 10.0295664498 -1.98566445989e-18)
(40.8378365634 9.63124966322 -2.95250122516e-19)
(41.3465686794 9.34074366873 -7.69331658485e-19)
(41.8088764983 9.16629762587 2.143784504e-18)
(42.2321302181 9.1088044276 -1.36122432675e-18)
(42.6300810778 9.15560216013 -8.0106335586e-19)
(43.0214370522 9.27743599738 5.81081611136e-19)
(43.4283227242 9.42603039704 -5.86144982786e-19)
(43.8732023761 9.53315468883 1.22921008406e-18)
(44.3737353918 9.51298891813 -1.40357979561e-19)
(44.9374421705 9.26870619989 2.4723243032e-18)
(45.5579500028 8.70752919775 3.05939841135e-18)
(46.2121489856 7.756225049 3.32501519965e-18)
(46.8616812354 6.3768148715 2.38289331243e-18)
(47.4542649468 4.57995112846 -3.60995953512e-18)
(47.9364376863 2.43189585617 -2.10064661063e-18)
(48.2540957257 0.0520890123344 5.41787951598e-18)
(48.3468081497 -2.42829733173 -1.19640177749e-18)
(48.1263678229 -4.83793260056 -3.29901591446e-18)
(-0.288731423606 1.22874034156 0)
(-0.193974066843 -0.0822115480507 -1.46404953983e-18)
(-0.389691036485 -1.53329300473 -1.87942624873e-18)
(-0.857762709741 -3.11706055305 -1.16775895188e-17)
(-1.60176069538 -4.83190504289 5.87850635553e-18)
(-2.60282235921 -6.66210148817 9.83313296842e-18)
(-3.80289257606 -8.54300566762 -1.1301166682e-17)
(-5.11327250761 -10.3578182776 9.50073854119e-18)
(-6.4273472638 -11.9599759362 8.4343208297e-18)
(-7.63829855241 -13.206986931 -2.39802042666e-18)
(-8.65716002658 -13.9905812649 1.77371064735e-17)
(-9.42491216289 -14.2538556151 -2.3452157683e-17)
(-9.91591415005 -13.9965306299 -1.26717476119e-17)
(-10.1323411246 -13.267588321 2.59968590414e-17)
(-10.0895581019 -12.1403493097 1.24233602618e-17)
(-9.8082574963 -10.7007732241 -1.81509901208e-17)
(-9.31218624631 -9.03359425988 -1.05003640512e-17)
(-8.62869826353 -7.21637681708 1.71665972012e-17)
(-7.78885233375 -5.31567462817 -6.86156051674e-18)
(-6.82303461784 -3.38420935084 -1.3464930941e-17)
(-5.7554794415 -1.45979651497 3.01336948108e-20)
(-4.60249621393 0.432098561296 -8.78041827001e-18)
(-3.37023267776 2.2734912673 -7.92208176204e-19)
(-2.05866497314 4.06449006067 -7.04640124141e-18)
(-0.662226808351 5.80369733994 -1.27995053016e-18)
(0.820337023433 7.47006895697 1.39946262014e-17)
(2.37712319693 9.06108811596 1.40566843818e-17)
(3.99415022965 10.5925336856 -1.08551307462e-17)
(5.66030037774 12.0887075889 -1.24470964371e-17)
(7.37478717843 13.5746070574 1.51423433316e-17)
(9.14880292687 15.0637509277 1.7451792041e-17)
(10.9986454081 16.5445225293 -8.82903481542e-21)
(12.9347195475 17.96947798 -2.63084992911e-17)
(14.9526960618 19.2586081104 -1.83587326251e-17)
(17.0314802645 20.3114577051 1.81236810105e-17)
(19.123575427 21.0214982941 -5.92170111027e-18)
(21.1657267901 21.3326169125 -1.91253453898e-17)
(23.1085203891 21.2555546263 3.90302913802e-17)
(24.9272465691 20.8327095366 8.47187343029e-18)
(26.5997030746 20.1131459996 -9.12112869315e-18)
(28.1159339814 19.1768233601 -7.87905132076e-18)
(29.4854253741 18.1113169639 5.40369735164e-18)
(30.7270275549 16.9931693737 -2.44221978813e-18)
(31.8615029257 15.8814579006 -7.28705271937e-18)
(32.9093906812 14.8164463724 -2.09059676118e-18)
(33.8892874699 13.8221085177 -1.24902440148e-19)
(34.8156844552 12.9103064563 4.13300187612e-19)
(35.6975378511 12.0855436365 2.03425202782e-18)
(36.5380271156 11.3496185932 -1.28190058446e-18)
(37.3353058692 10.7045704734 -4.56704386436e-19)
(38.0845490922 10.1543572222 1.59936815826e-18)
(38.7808355296 9.70577173641 3.4233749088e-19)
(39.4210223683 9.36545432721 -1.12495597025e-18)
(40.0063320672 9.13755164638 -1.42560966594e-18)
(40.544265921 9.02043248154 1.03140151254e-18)
(41.0488844304 9.00280772593 1.54888209759e-18)
(41.5395360027 9.06026534607 -2.54253757528e-18)
(42.0386143957 9.15387200329 -4.45981326913e-19)
(42.5686529523 9.22973308053 -6.80423986372e-19)
(43.1489489739 9.21979071115 1.45150446684e-20)
(43.7914786391 9.04575259599 -1.9563619931e-18)
(44.4962534485 8.62601093439 -9.66085462972e-19)
(45.2484930577 7.88899486304 1.0995252899e-18)
(46.0183085664 6.78663220827 6.73950167178e-19)
(46.7644918846 5.30586738287 9.67781086788e-19)
(47.4388535478 3.47818355624 2.15070866847e-18)
(47.9916620224 1.38403052685 -1.32056486727e-18)
(48.3682964163 -0.848770726821 1.65140401485e-19)
(48.504812985 -3.06431273347 -3.00166687582e-18)
(48.2917625569 -5.07086028132 4.33678845657e-18)
(1.15532808996 1.00317835447 -4.51302323091e-18)
(1.15152915026 -0.0988194631903 0)
(0.827371064762 -1.29591298273 -8.49149724508e-18)
(0.193821283146 -2.59800960689 7.51545380862e-18)
(-0.764743008411 -4.02858749958 1.69259166992e-17)
(-2.0514937306 -5.59852838674 -1.11965287951e-17)
(-3.62242076741 -7.27086917158 1.5853690804e-18)
(-5.39464508487 -8.94900761011 8.13674557987e-20)
(-7.25421190465 -10.4951937301 -1.61008291721e-17)
(-9.07231422591 -11.7626328321 -1.17262499108e-17)
(-10.7264307941 -12.6265648041 3.38463315158e-18)
(-12.120299817 -13.0071402501 1.78751409621e-17)
(-13.1971255364 -12.8815841789 2.77223231991e-17)
(-13.9398020078 -12.2807828609 6.18504385498e-18)
(-14.3588113805 -11.2724780808 -2.32283423129e-17)
(-14.4776393803 -9.94128152168 -3.76701958386e-18)
(-14.3227952739 -8.37193287064 -1.76998257284e-17)
(-13.9218970631 -6.64068822895 1.81691315577e-20)
(-13.3073461264 -4.81311561074 3.76273110102e-17)
(-12.5158771844 -2.94437790224 1.38583429485e-21)
(-11.5784625914 -1.07459497671 -6.73245066495e-18)
(-10.5199726349 0.769285034925 6.23815180205e-18)
(-9.35878515649 2.56725863596 -2.49991569639e-17)
(-8.10505033276 4.30743346198 0)
(-6.7643469151 5.98731146462 9.16609937163e-18)
(-5.3369521622 7.6025711844 2.34846321881e-17)
(-3.82840889553 9.15656349761 -2.91320270019e-18)
(-2.24544833326 10.6605915875 6.49795438006e-18)
(-0.591042395046 12.1303348745 1.98241731494e-17)
(1.13966501673 13.5791185045 6.37931733716e-18)
(2.9598535389 15.0081083611 -2.34202358773e-17)
(4.8855002786 16.3973679392 -4.0692534322e-17)
(6.92515952748 17.7002531934 2.96213523323e-20)
(9.07527317334 18.8455935154 2.6633492857e-17)
(11.3180463065 19.7512619537 -8.24372735487e-18)
(13.6084521553 20.3386687769 -1.266223786e-17)
(15.8896528246 20.5686891806 6.75133064828e-18)
(18.1135144501 20.449961053 -1.43645852239e-19)
(20.2440933253 20.0161243432 2.11483795938e-17)
(22.2509143482 19.3149470363 -2.57738593558e-18)
(24.1141335384 18.4150225997 -1.42587819632e-17)
(25.8287485727 17.391282156 -6.88721165538e-18)
(27.4004262484 16.3117542509 2.00872756642e-18)
(28.8407095117 15.2314119924 4.19559104028e-18)
(30.1648560905 14.1903686698 -3.22175513512e-18)
(31.38939379 13.2153697461 8.03088094658e-19)
(32.5287840385 12.3228041395 3.46283536682e-18)
(33.5931770714 11.5221139924 -1.82878696642e-18)
(34.5877480513 10.8199961966 -3.75805873673e-19)
(35.5132675587 10.2207402427 2.81527283942e-19)
(36.3692282347 9.7281222149 -4.75681573454e-19)
(37.1566980495 9.34536868383 1.09881709014e-18)
(37.8802414057 9.07259784644 4.45016114472e-19)
(38.5493332129 8.90491210701 2.36610193103e-18)
(39.1788847995 8.83006207834 -1.30073091845e-18)
(39.7887091663 8.82604162704 2.35163342175e-18)
(40.4017975153 8.85993674686 0)
(41.0414233587 8.88792294107 -2.21140860055e-18)
(41.7279763003 8.85582187184 -1.54284772705e-18)
(42.4761138123 8.70085629977 2.0439964418e-18)
(43.2915091798 8.35578926514 -8.63560374718e-19)
(44.1674102167 7.75576596204 -3.29120357949e-18)
(45.0822240042 6.84964849847 -2.95709276234e-18)
(46.0012191987 5.61032371367 -1.8970737768e-18)
(46.8816360086 4.04516208165 -5.23420265162e-19)
(47.672023738 2.2065274199 -5.8690139393e-18)
(48.3153395215 0.194879764682 -8.47673496089e-18)
(48.7444149675 -1.82894960321 3.21708178183e-18)
(48.8649039887 -3.6745945584 6.14489244521e-18)
(48.5544514836 -5.13297760136 -6.31595084843e-18)
(2.80443617555 0.842971417399 6.03071157811e-19)
(2.76430348265 -0.0472955385109 -2.19247350796e-18)
(2.39877948753 -0.979735562375 -5.52062209197e-20)
(1.71108878662 -1.97715344551 1.85627577411e-17)
(0.677258948375 -3.08595396873 -8.10928037616e-18)
(-0.731417777858 -4.34269708609 -1.24601621799e-17)
(-2.50210213163 -5.74113343309 3.40807089256e-18)
(-4.57608857349 -7.21280280986 -1.23820303277e-17)
(-6.85235230136 -8.64054588431 1.202302267e-17)
(-9.19792523531 -9.88520294977 1.50614469077e-18)
(-11.4668562275 -10.8141336414 -3.44970456339e-19)
(-13.5238576809 -11.325541318 1.3321988974e-17)
(-15.2670832834 -11.3671102537 -3.39229779905e-18)
(-16.6409604919 -10.9423298119 8.23201523293e-18)
(-17.6336450341 -10.101569237 6.74043480544e-18)
(-18.2630994981 -8.92307205997 -7.15430208963e-18)
(-18.5594658233 -7.49185602217 -9.19478106144e-18)
(-18.553436348 -5.88483016043 -2.84760731664e-17)
(-18.2747553163 -4.16593687708 -5.6074081883e-18)
(-17.7538433561 -2.39073310444 3.35116920833e-18)
(-17.0437948125 -0.6007429987 -5.72649618858e-22)
(-16.1668971779 1.17309210524 2.3936985773e-18)
(-15.1539885583 2.90801273181 -3.16710568652e-20)
(-14.0199921843 4.58812300232 5.55075201116e-19)
(-12.7742797381 6.2071123138 8.11602330889e-18)
(-11.4235191149 7.76630455125 2.14552731272e-18)
(-9.96962056058 9.26864815406 -2.72601156196e-17)
(-8.41413950947 10.7220656842 -3.04791795435e-18)
(-6.75462542854 12.1340256085 7.15601407614e-18)
(-4.9828854801 13.5066726239 -1.28126575856e-17)
(-3.08606951961 14.8315389204 -2.49378466908e-17)
(-1.05234358539 16.0842937135 1.29936530962e-17)
(1.12220279326 17.221614666 1.92596999502e-17)
(3.43080506003 18.1863747007 3.36479156389e-17)
(5.85086066909 18.9173595197 2.07923531634e-17)
(8.33749484952 19.3602403022 -4.70036464499e-17)
(10.8392249967 19.4901529476 -4.8902388933e-17)
(13.3094702743 19.3149393217 4.04969503302e-17)
(15.7089634512 18.8648765472 2.68930104675e-17)
(18.0048841848 18.1848770043 -8.86361526185e-18)
(20.1725895815 17.3320375681 0)
(22.1972550178 16.367649499 6.57385416923e-18)
(24.0724138591 15.3494494281 -2.28134020124e-18)
(25.7981640811 14.326986512 -6.46198938991e-18)
(27.3812281235 13.3395558084 8.85201194537e-21)
(28.8336240834 12.4165726423 4.27115816452e-18)
(30.1687124059 11.5782808312 -1.14197843016e-20)
(31.3988487669 10.8374446209 -1.70242846869e-18)
(32.5326556467 10.2024716307 8.48810096642e-20)
(33.5760484091 9.67703960651 4.08663258893e-19)
(34.5358001894 9.26051513848 -4.48994382156e-19)
(35.4208745265 8.94960415568 -9.07689938469e-19)
(36.2442039607 8.73679368137 -1.85246729615e-18)
(37.0227884441 8.60827380738 3.96143371288e-19)
(37.7772083712 8.54377052178 1.15241835149e-18)
(38.5302812771 8.51441043995 -3.44134022165e-19)
(39.3055650909 8.48339674087 2.14626876604e-21)
(40.1244681678 8.40668068167 -3.11394527691e-21)
(41.0037604954 8.23377054972 -2.02339813804e-18)
(41.9538166077 7.90986575841 -5.46257535456e-19)
(42.9755934743 7.38008739051 2.86420412576e-18)
(44.0564176412 6.59631176461 1.26465437619e-18)
(45.1675697215 5.5270265017 1.90993581325e-18)
(46.2691350749 4.16337589702 -3.25829341573e-18)
(47.3085538666 2.54047472438 2.07668580914e-18)
(48.203092184 0.752583067691 6.10905861489e-18)
(48.8737096306 -1.07919618025 -2.65896619298e-18)
(49.2191462067 -2.74028550761 -9.32004102685e-18)
(49.1419044926 -4.01391683997 -1.37107878279e-18)
(48.5960587388 -4.73622970157 7.86188519873e-18)
(4.4835191135 0.692454373656 4.26249408357e-18)
(4.45071594849 0.0101200933464 7.69688163223e-19)
(4.12374718513 -0.670008796507 1.1678434099e-17)
(3.49249270708 -1.3698305276 -9.32776985617e-19)
(2.52649062703 -2.14791667427 -1.3040780622e-17)
(1.17890513901 -3.06134032388 8.99021629952e-18)
(-0.573951006692 -4.13171400452 6.9426062756e-18)
(-2.71554565984 -5.32207886803 1.12629011294e-17)
(-5.18188842556 -6.54532422693 9.7350023963e-18)
(-7.86334060356 -7.68427703586 -7.65234198201e-18)
(-10.6162430312 -8.61395953249 -1.07748113412e-19)
(-13.2827822813 -9.22265548242 9.78873241252e-18)
(-15.7163353989 -9.43256892981 -3.42064237978e-18)
(-17.8061980457 -9.21399576001 -2.06831114506e-17)
(-19.4908595458 -8.5870878565 7.26317118185e-18)
(-20.7563679134 -7.61015482564 7.79327381798e-19)
(-21.6244745695 -6.36055044685 1.09126202665e-17)
(-22.1354009046 -4.91798980695 5.25843984199e-18)
(-22.331416325 -3.35280416373 6.48678525836e-18)
(-22.1800105153 -1.70805482885 -4.59464667161e-18)
(-21.8026188695 -0.0263691051677 -1.02797736465e-17)
(-21.1973802311 1.64671795474 1.33003988229e-17)
(-20.4032404605 3.28989506569 7.26229442854e-18)
(-19.4523015651 4.88832858522 7.2095462798e-18)
(-18.3499051983 6.4265892073 3.36828658241e-18)
(-17.1040264666 7.90359585407 -1.66148290634e-17)
(-15.7163786957 9.32133724909 2.0515999025e-17)
(-14.1864219276 10.6838792907 2.33791283752e-17)
(-12.5114356682 11.9918581502 -6.90539812263e-18)
(-10.6842263758 13.2393777152 -1.34356791706e-17)
(-8.69523198164 14.4129945436 7.06290110143e-18)
(-6.53886873513 15.4901920173 1.0692894235e-17)
(-4.21911983971 16.4355282116 -1.76297031957e-17)
(-1.75099189261 17.2049518346 -1.85532124338e-17)
(0.836314221269 17.7541147643 -2.99582544503e-18)
(3.49894550678 18.048887974 -8.543932668e-18)
(6.18814220138 18.0764039261 -3.63754855696e-18)
(8.85825936039 17.8459560985 2.47228003002e-17)
(11.4722847571 17.3856597639 -1.55662470027e-18)
(13.9987247238 16.7359441747 3.95018588572e-18)
(16.4120324863 15.9439679422 1.79621741371e-17)
(18.6919006133 15.0582582588 -1.02006640951e-17)
(20.8218198152 14.1263523501 -1.31943739772e-17)
(22.7897614136 13.1917839449 8.11052462189e-18)
(24.5929145598 12.2916502534 -2.41630407777e-18)
(26.2393498803 11.4566546548 -9.86351639415e-19)
(27.743391854 10.7084760696 6.3261332203e-19)
(29.1222037995 10.0586838629 3.73242557826e-21)
(30.3862100348 9.51381709863 2.85138875103e-19)
(31.5519964191 9.07312923934 2.01868819865e-18)
(32.6334877795 8.7306603499 -1.11692034428e-18)
(33.6463548198 8.4765255568 1.20313172725e-18)
(34.6091433783 8.29632871671 7.03515422179e-19)
(35.5435602935 8.17013040086 -3.806731019e-18)
(36.4725724185 8.07317282073 5.97535926622e-19)
(37.4179879363 7.97378259079 3.07815794461e-18)
(38.4007635278 7.83579265013 0)
(39.4380176858 7.61913000359 1.16043225735e-18)
(40.5421073333 7.27928519827 0)
(41.7197592879 6.77085389942 -5.62875853458e-18)
(42.968673293 6.05285092299 -1.53971369262e-18)
(44.2651151113 5.09619817191 -1.65124742276e-18)
(45.5656087405 3.88706861318 3.29865081964e-18)
(46.8135112476 2.44362456001 4.14796629503e-18)
(47.9048559195 0.86687203603 -1.27743935859e-18)
(48.7353642599 -0.693327617843 8.90152739542e-18)
(49.3271133619 -2.08834114399 3.18245825649e-18)
(49.3023406517 -3.13131275135 5.3727436388e-18)
(48.882020781 -3.64260960854 -4.69267364493e-18)
(47.6980121607 -3.37979706194 -4.3588725931e-18)
(5.98532899844 0.511820428151 1.46486532682e-18)
(5.99426932223 0.0241752342615 -1.65028574005e-19)
(5.76265526819 -0.430348094305 -9.97297860592e-19)
(5.2738130854 -0.865741031235 -7.24707668243e-18)
(4.49517652786 -1.34261961879 8.30474225843e-19)
(3.37484862298 -1.92491159573 7.79618238956e-18)
(1.86308581586 -2.64839590289 -2.53396204415e-18)
(-0.0712179666251 -3.50442020699 6.19793891858e-18)
(-2.42005844786 -4.44023181946 -4.74678327421e-18)
(-5.12401544177 -5.36989469971 -4.95249005874e-18)
(-8.07625760794 -6.19219256804 0)
(-11.1339454988 -6.80475562676 0)
(-14.1339414603 -7.122280854 1.98215071761e-17)
(-16.9195561471 -7.09137805989 -1.41398342559e-18)
(-19.3656855427 -6.69971924096 -1.23786164513e-19)
(-21.393441928 -5.97174073634 1.93199001826e-18)
(-22.9725316779 -4.95707128843 -9.72067979029e-18)
(-24.1120091622 -3.72030463281 -9.85661963272e-19)
(-24.8477711771 -2.35680193731 1.13880025225e-17)
(-25.2815697081 -0.889304351023 2.30865601878e-17)
(-25.3658465514 0.641266072917 -6.76775132646e-18)
(-25.1670596229 2.16339679116 -1.49481089428e-17)
(-24.6613388787 3.67662472255 7.37876972041e-19)
(-23.935416293 5.15651551572 1.32426256773e-17)
(-23.0201454672 6.57709860927 1.11381338201e-17)
(-21.9142823917 7.93047321788 1.12050234131e-17)
(-20.6177989952 9.22047394078 1.25860485311e-17)
(-19.1318266558 10.4480838396 -1.90578018581e-17)
(-17.4584995448 11.6088809512 -2.29096296985e-18)
(-15.5950100127 12.6909129123 -8.08213164543e-18)
(-13.5357643358 13.6781049384 -1.00055101353e-17)
(-11.2813149235 14.5550155934 1.08947940704e-17)
(-8.84560828498 15.2959986789 -1.76332160723e-17)
(-6.25274648378 15.8689908255 1.06864906613e-17)
(-3.53738257293 16.2444186495 1.81410043165e-17)
(-0.744170661925 16.4019642419 -1.32428501565e-17)
(2.07841566128 16.3387957746 2.88183244142e-17)
(4.88584862861 16.066944345 -4.05370728115e-18)
(7.64436060555 15.6130814875 -1.44029647517e-17)
(10.3270923666 15.010739157 -4.43477973235e-18)
(12.9121406182 14.2981367287 -3.39774499035e-18)
(15.3780911778 13.5125430067 -1.25067083542e-17)
(17.7016220305 12.6918474777 -2.48773445799e-18)
(19.8592884963 11.8727812559 4.75969237822e-18)
(21.8399586425 11.0877048754 -6.24190035109e-18)
(23.6527109508 10.3641276482 -7.85033064385e-20)
(25.3120047214 9.72016065354 1.39032414057e-18)
(26.8370498097 9.17203142053 -9.97566815231e-19)
(28.2512395124 8.71906105865 -7.6376486556e-19)
(29.5726585573 8.3521904633 3.42910770306e-20)
(30.8194241131 8.060171936 8.37831488421e-19)
(32.0113074022 7.82854833411 4.10053523022e-18)
(33.1693947389 7.63960066293 5.52163497393e-18)
(34.3164442389 7.47247484571 -5.83157330767e-19)
(35.4715772086 7.29936691821 -2.68074938238e-18)
(36.652315332 7.09233911579 1.27046249356e-18)
(37.872917668 6.81676814538 2.48085332672e-18)
(39.1419136058 6.43862330078 0)
(40.4628577891 5.92263061121 2.05256703394e-18)
(41.8375894865 5.23754689879 9.26596888385e-21)
(43.2558258427 4.36630378829 4.7097066646e-18)
(44.6596020028 3.31163933264 2.7372855094e-20)
(45.9804689525 2.0920645216 -3.4500514337e-18)
(47.1107651071 0.800757845994 3.28202892854e-18)
(47.9681575911 -0.420321696266 -3.09601632451e-18)
(48.4087701334 -1.50809303312 -6.77818043241e-18)
(48.2996516303 -2.2978417119 0)
(47.6072748753 -2.25668097999 6.98961018368e-18)
(46.4175046344 -1.71023317697 1.50549528272e-17)
(44.6561185542 -0.466211341304 4.47262630609e-18)
(7.05148661708 0.31125428553 -2.12526929615e-18)
(7.12712247668 -0.00637217368398 -3.46013526063e-19)
(7.02520112557 -0.281826165939 -2.29030340924e-19)
(6.72819936963 -0.510854832486 1.11951825791e-18)
(6.21094187764 -0.750406997822 3.64693175798e-18)
(5.43354004191 -1.05899563245 -5.74883437186e-18)
(4.33708337211 -1.47033136983 1.69153424593e-19)
(2.85575202161 -1.9890486788 6.70969241577e-18)
(0.945416744136 -2.59477942308 -1.9011589341e-18)
(-1.39551500376 -3.23464378924 0)
(-4.12039770945 -3.83628450749 -1.52155920179e-18)
(-7.14422282537 -4.32141845033 5.11714876132e-18)
(-10.3391124343 -4.62141705429 -1.64493398358e-18)
(-13.5504845462 -4.68147951926 -1.25222840911e-17)
(-16.6219862925 -4.47351736199 4.74121641589e-18)
(-19.4207929093 -3.99377570211 1.23890937366e-17)
(-21.8460758405 -3.25783577634 5.84260488487e-20)
(-23.8283579477 -2.29327654951 1.1117858903e-18)
(-25.3275198289 -1.14993977892 -2.71826801699e-18)
(-26.3454068218 0.110354384342 7.43218447131e-21)
(-26.9867834762 1.42451047188 2.83641817093e-18)
(-27.2531541374 2.72653126398 -1.17418040814e-17)
(-27.2700061981 4.02440726148 -3.08324445844e-18)
(-26.9463809408 5.33422436912 -5.3336486039e-18)
(-26.3215936126 6.60182058633 -3.79931283572e-18)
(-25.4143281363 7.79755612946 -2.33081703581e-17)
(-24.2611489067 8.91768016386 -1.34585407348e-17)
(-22.8735515677 9.97037418798 -1.7347641178e-17)
(-21.2600126768 10.94809121 -1.26904768724e-18)
(-19.4237601471 11.8371886711 -2.6616947558e-17)
(-17.3605108719 12.6157859058 2.93645123469e-17)
(-15.0732083592 13.2810018211 2.66479883241e-17)
(-12.5869252377 13.8202751933 -2.42732170091e-17)
(-9.93529540376 14.2090023624 7.15012995496e-18)
(-7.1573909769 14.4312273428 -4.31926486888e-18)
(-4.30020976457 14.4740036274 -2.28291306322e-17)
(-1.41178834837 14.342495326 -1.13791903452e-17)
(1.46255066888 14.0466556504 3.56944401829e-18)
(4.29316408817 13.6169597203 -5.22563010621e-18)
(7.05745659079 13.0783883239 -2.96542582069e-17)
(9.74289134732 12.4592964948 1.41130356989e-17)
(12.3328396538 11.7855583127 1.54086564075e-17)
(14.8013522129 11.0884062784 5.7928049575e-19)
(17.1118011325 10.3924198613 -4.47716632338e-18)
(19.2462358474 9.72763170073 4.51615904209e-19)
(21.2131512886 9.11099406121 2.10642238007e-18)
(23.0357063561 8.56915308278 4.94312779184e-19)
(24.7350712032 8.10902287579 -1.20796567502e-18)
(26.3319250347 7.72453404567 5.16353818451e-21)
(27.8452375325 7.40063223554 -3.9700190179e-18)
(29.2954972499 7.1262932284 2.88422708429e-18)
(30.7013216248 6.88350525731 -1.8530778601e-18)
(32.0833829997 6.65527044505 -2.06274088801e-19)
(33.4547384397 6.41777594449 4.79116141504e-18)
(34.8281137319 6.15225708379 8.40356178617e-19)
(36.2104754781 5.83761426664 -2.86499468236e-18)
(37.6017041927 5.45199002093 1.84057743092e-19)
(38.9971861921 4.97053988934 7.81968027169e-20)
(40.3890629563 4.36565077309 -6.83497228187e-18)
(41.7720105381 3.6209722423 6.32180445191e-18)
(43.1129087918 2.77375601033 -3.89645860737e-20)
(44.2988103142 1.86873918698 2.70076284525e-18)
(45.1712512801 0.94269521202 9.57572229975e-21)
(45.6263305135 0.105651871753 -4.61196734137e-18)
(45.5405206187 -0.510389916135 4.59243576977e-18)
(44.9180556219 -0.525531807649 -2.42140142285e-19)
(43.8257193754 -0.141023065827 -1.46070009393e-18)
(42.3578249552 0.72364502538 3.32919156568e-18)
(40.6660012961 2.03455781235 6.45460938745e-18)
(38.6962794306 3.8615919853 1.29506733525e-17)
(7.31525227942 0.0788464268133 -2.94631340364e-18)
(7.47919974567 -0.115003425533 1.59059964858e-18)
(7.5132329288 -0.255157245479 2.31471428636e-18)
(7.42573275963 -0.328895811987 -3.70986922814e-18)
(7.1941227547 -0.397637520295 1.7153145532e-19)
(6.80620801288 -0.506463687332 2.63110609309e-18)
(6.20812827304 -0.683142093037 5.37583936077e-18)
(5.31974204368 -0.923057891437 -4.10497539438e-18)
(4.06921876625 -1.22269355127 0)
(2.42553185875 -1.55060804211 -8.84138575221e-18)
(0.381372337718 -1.87075589297 -8.97387739734e-18)
(-2.05301043038 -2.1269576763 2.35179041634e-17)
(-4.82776510296 -2.28626923317 4.53280220163e-18)
(-7.85019679484 -2.30564828295 -3.06017521591e-17)
(-10.9939000272 -2.16059361224 6.95312113338e-18)
(-14.1335489631 -1.83796381588 1.19743841989e-17)
(-17.1649479826 -1.33643577541 -2.14938306842e-18)
(-20.004577744 -0.661799098894 -1.08316719479e-17)
(-22.5364756274 0.163131840617 -6.11333827909e-18)
(-24.6219607965 1.13230284312 1.45761390972e-17)
(-26.123738271 2.20562561524 -3.8001351202e-18)
(-27.0987130316 3.31812050857 -3.67871074529e-18)
(-27.578497897 4.42643619925 -4.59551218839e-18)
(-27.702257919 5.49955203974 -9.27596365416e-18)
(-27.4474797419 6.48899013792 -1.93266351946e-17)
(-26.9050636361 7.43063760544 -9.3516313991e-18)
(-26.0551620787 8.32576239939 -1.96572332172e-18)
(-24.9121822893 9.17442718383 -5.13773008874e-18)
(-23.4969835045 9.94812432827 1.48433646714e-17)
(-21.8202177612 10.6554386921 3.08235613142e-20)
(-19.8811560993 11.2345752966 2.05530608926e-17)
(-17.677202344 11.6967338448 -2.34551012158e-17)
(-15.2473330445 12.0582400848 -4.15075002726e-17)
(-12.6402195942 12.2791194192 1.12019691734e-17)
(-9.89295007392 12.3764497274 3.31924253102e-17)
(-7.06028228072 12.322404127 5.07831458272e-18)
(-4.1854026439 12.147120658 -2.29405912721e-17)
(-1.320364174 11.836572599 2.10612689986e-17)
(1.51421431205 11.4415870747 6.42703182414e-18)
(4.28966431281 10.9717558051 7.20373058023e-18)
(7.00812585991 10.4499847892 7.65967046701e-18)
(9.66236784203 9.88280266962 -9.00061549945e-18)
(12.2287654296 9.31345566602 2.38455651423e-18)
(14.6441195081 8.74128542456 -3.27686779269e-18)
(16.882133563 8.1924079585 -2.99385536953e-18)
(18.9578615293 7.68723546651 1.16953051375e-18)
(20.9002398677 7.25195371189 5.73770382144e-18)
(22.7247423251 6.87135871792 -6.89525705995e-19)
(24.4554773884 6.55277632639 9.37131809827e-19)
(26.1035702643 6.26639172068 1.79570863639e-18)
(27.6889581903 6.01421005097 -2.09035192163e-18)
(29.2127377406 5.76545748406 -3.89645795751e-18)
(30.6926838263 5.52482339127 -1.19771687434e-18)
(32.1243214881 5.27233764418 3.70077719539e-21)
(33.5034993633 5.00962151939 2.10454421177e-18)
(34.8220716869 4.69317230983 -8.39845793383e-18)
(36.0853449061 4.33122057129 -3.71648402064e-18)
(37.2652088314 3.90729360685 -7.57727718857e-19)
(38.3515319268 3.41155121316 -2.79723494639e-18)
(39.3438245456 2.82828992248 3.79106061136e-19)
(40.1720074508 2.33719674886 -4.68379524275e-18)
(40.5396988714 2.02244926774 0)
(40.305675472 1.88128376597 3.28374279657e-18)
(39.5539458176 2.03776690302 3.18085935593e-18)
(38.3489375697 2.51464932294 1.46297306652e-17)
(36.7920439171 3.26950330449 -1.21941130502e-19)
(35.0076507035 4.26220218352 -7.26734457829e-18)
(33.1868505496 5.53182943799 -7.77478582338e-18)
(31.5390196225 7.03295907821 -2.04951476118e-17)
(29.9998022668 8.85349464465 -1.9045170091e-17)
(6.30570141291 -0.117409447413 -3.51687512568e-19)
(6.51738319151 -0.175355629979 -6.30784110493e-18)
(6.66157429416 -0.200872888648 -3.14704871797e-18)
(6.74817192469 -0.205901889304 6.58138669705e-18)
(6.78049993093 -0.237637558314 2.95190727946e-18)
(6.74078551713 -0.304071557353 -4.605523402e-18)
(6.58802844502 -0.372918181236 -1.13185211403e-18)
(6.2732000012 -0.379148315902 -7.55070279825e-18)
(5.73523255377 -0.404369876777 -4.35127589976e-18)
(4.93451982977 -0.453571117539 4.74534214894e-18)
(3.83608953565 -0.52138581396 5.2549024931e-19)
(2.422911662 -0.549548180599 4.61995612393e-18)
(0.682225315703 -0.547321418494 -6.44911952278e-18)
(-1.37234792838 -0.467589915129 -1.42347042094e-17)
(-3.69343160389 -0.317213835918 8.74370519419e-18)
(-6.19157831919 -0.0576176135623 1.53741358529e-17)
(-8.81640104271 0.304850183836 1.59856392488e-18)
(-11.5766895943 0.787873098368 1.15626604104e-17)
(-14.4104347687 1.37626629486 -1.61913071753e-18)
(-17.0710713655 1.99492058192 -3.21766814878e-18)
(-19.3666922938 2.67735848508 9.00937177115e-18)
(-21.2202745673 3.43366900647 2.26046843232e-18)
(-22.6024189427 4.2015355839 -1.08083891516e-18)
(-23.5777223822 5.02245344048 -6.90856969027e-19)
(-24.1167147543 5.82861944478 -4.03954203862e-18)
(-24.2665339111 6.64690492354 1.44525489327e-17)
(-24.0139785782 7.36319695384 9.43204264812e-18)
(-23.404292755 8.06405823433 -2.76923369673e-18)
(-22.4706912909 8.65444840478 1.48023653033e-21)
(-21.263873229 9.19178695191 -1.83340851799e-18)
(-19.7970041104 9.51187984254 -3.07085516322e-18)
(-17.997355886 9.72210215667 -2.68575211655e-18)
(-15.918998592 9.9331435055 3.80790550191e-18)
(-13.6327197113 10.0007503212 -5.11156741416e-18)
(-11.1618931009 10.0178261761 1.84230044985e-18)
(-8.59099895208 9.89006720204 2.14616783627e-18)
(-5.93110081475 9.73751145459 2.31510862696e-17)
(-3.27387176829 9.46834027847 -1.92577508897e-17)
(-0.611592353634 9.1779142723 -2.18526927864e-19)
(1.9748187148 8.80500164211 1.55521158441e-17)
(4.52456487376 8.39680877899 -1.17283162868e-17)
(7.03555877999 7.94742253155 -1.05345416966e-17)
(9.48207221815 7.51949431013 1.36261784618e-18)
(11.7393699112 7.09543987105 6.84673719565e-18)
(13.8047925279 6.71906388756 -2.66062968134e-18)
(15.688676757 6.38106070935 -2.6308743175e-18)
(17.454456606 6.13351959231 -6.30192884924e-18)
(19.0923640781 5.91684111715 2.04590673398e-18)
(20.6534173287 5.7589386086 8.12249034315e-19)
(22.1090877976 5.59986605931 2.11975676792e-20)
(23.5131375809 5.49363440236 -4.55996462983e-19)
(24.8070311982 5.37813425662 4.52404733486e-18)
(26.0291629226 5.30154616499 2.24690767035e-20)
(27.1110994804 5.22333936944 -8.67667658872e-18)
(28.078730575 5.16381723526 -5.32806725168e-19)
(28.8523065361 5.09993122677 6.05375863958e-18)
(29.4587463072 5.06713820068 1.06128405852e-19)
(29.8665240582 5.07603087908 3.62733562563e-18)
(30.2158309781 5.10748966942 1.58792907347e-17)
(30.5049108881 5.02477400202 2.92811188353e-18)
(30.7797559823 5.12476068833 0)
(30.3827408804 5.46780772628 7.51427155241e-20)
(29.203580063 6.02051726065 8.18851974194e-18)
(27.6882287141 6.76699736631 6.64717592968e-18)
(25.9939740867 7.66963490715 -6.61811739072e-18)
(24.3076832253 8.68559864642 -4.24460562707e-18)
(22.6532028278 9.74051948962 -9.91269473304e-20)
(21.242056796 10.8573181421 -1.45749180152e-17)
(20.2479282429 12.028763305 1.3761616955e-18)
(19.6420918636 13.4299150134 7.70312745035e-18)
(3.19413242816 -0.185920901496 1.82743622854e-18)
(3.35329549861 -0.179031909562 2.52049939087e-18)
(3.48194943727 -0.17996863619 -4.54553760614e-18)
(3.62090867988 -0.155589587929 4.22756677625e-20)
(3.7631944805 -0.123387424175 -2.23572830638e-18)
(3.90861103471 -0.071506625364 -3.45842118122e-19)
(4.02442791613 -0.0492246832193 4.93006286954e-18)
(4.1152891389 -0.0167659941105 0)
(4.15377169732 -0.0455188712547 0)
(4.08384439742 -0.0977294390534 5.99232830219e-18)
(3.84891774068 -0.204614442309 1.32901403101e-17)
(3.45148260128 -0.181904657782 -1.31748764539e-17)
(2.91482407779 -0.0794807763569 -1.72674732648e-17)
(2.2485824269 0.147770049092 7.00956665789e-18)
(1.43701467033 0.327509146697 -1.78785830694e-18)
(0.485242952953 0.53695288555 2.06684488377e-17)
(-0.596979700156 0.825037763804 5.1310170467e-18)
(-1.71589520814 1.27897867213 3.08509424794e-19)
(-3.18537826292 1.66408889639 -5.27083425697e-18)
(-4.82435623566 2.05872858096 -8.52198619737e-18)
(-6.32749537448 2.43291668957 -8.76076369107e-20)
(-7.84529524133 2.8717177672 1.47783592589e-17)
(-9.08189258077 3.33160958372 6.84314627442e-19)
(-10.3019933427 3.82044421638 0)
(-11.2340328117 4.24658300807 1.44180840974e-18)
(-12.0789115642 4.70077667482 1.21392956968e-18)
(-12.5769080415 5.02495386194 -1.22309369613e-17)
(-12.8990192034 5.44617280104 -1.71510982906e-18)
(-12.8648759876 5.77073166025 1.57688191885e-17)
(-12.5952230123 6.21414075231 -9.28470050849e-18)
(-12.2705178063 6.50364863948 9.75167873956e-18)
(-11.5750842212 6.65757499668 1.22358508881e-17)
(-10.5531880261 6.92469721552 -3.40771807983e-17)
(-9.41681875805 6.96793128324 4.03283895721e-18)
(-7.97060054271 7.13839293509 2.34360271516e-17)
(-6.51404076858 7.10617905047 1.71834597733e-17)
(-4.83975117671 7.13580768157 -4.8254671427e-18)
(-3.23609505965 6.86398412018 -1.9241100333e-17)
(-1.5696513899 6.66809529784 1.70024049389e-17)
(0.0171179951455 6.38825351436 2.788312118e-18)
(1.60005917626 6.27789162208 -5.23608846431e-18)
(3.19630629962 6.25215340881 -6.87285538545e-18)
(4.78531346932 6.20378714208 -5.5749734851e-18)
(6.05962557153 6.18391315615 2.8145016267e-18)
(7.22541836117 6.18168103762 1.63923759277e-18)
(8.17695905842 6.21988093146 5.11912635502e-19)
(9.09400735352 6.22420498872 1.82283828462e-16)
(9.8727894603 6.34945420168 2.58805036743e-18)
(10.6767190739 6.48452286605 -3.37387729937e-21)
(11.2840100209 6.6208095656 -1.07830392811e-18)
(11.9373252909 6.78522893806 7.69847587696e-19)
(12.3843971323 6.97709358892 1.23304077968e-18)
(12.870249753 7.13550820306 -2.02685634018e-18)
(13.1510864902 7.42840641749 0)
(13.4688614991 7.58016530555 -3.61207258889e-19)
(13.5181709012 8.00552395277 6.38787553755e-18)
(13.5579490112 8.1171725712 -3.70750938146e-19)
(13.3253198463 8.52181093374 -1.01060730096e-16)
(13.3512676578 8.57835071353 -1.61546337826e-16)
(13.3093595677 8.99827164335 3.32880374205e-18)
(13.992128424 9.42486594723 -3.15664329357e-18)
(13.2846261469 9.8533489184 5.55641143501e-19)
(12.2801991373 10.6625263166 -1.29517503281e-16)
(11.4907252712 11.1031806813 -2.40922013576e-18)
(10.7089838682 12.0782062684 -5.60309797001e-18)
(10.1111425521 12.8173219764 1.07117578758e-16)
(9.4878346613 13.6660000443 3.75106650418e-18)
(9.06956322807 14.171920683 1.06300917074e-16)
(8.80451878456 14.7698629299 -1.12112778559e-18)
(8.9477742078 15.7427753442 -4.81037673231e-18)
(40.6253254421 -4.62973171218 -4.85626026966e-20)
(39.5726668892 -8.5800504455 1.67567665939e-18)
(38.4060017079 -12.6388131566 -2.0834747871e-19)
(37.1666124769 -16.6498935759 -3.58800090986e-18)
(35.8758753341 -20.4596404403 1.1268260587e-18)
(34.5322604449 -24.031082385 2.72478740978e-18)
(33.1137262666 -27.5288915896 -5.2335512954e-19)
(31.5827389531 -31.2832230893 -9.82469371455e-19)
(29.9768361901 -35.4784739416 -7.92164167822e-17)
(28.2684673274 -40.2282798452 4.29111406502e-17)
(26.583180304 -44.9510207702 1.46915076741e-19)
(25.0545982828 -48.7372511937 -1.76549867462e-18)
(23.6598920064 -51.1054181529 3.56463659844e-18)
(22.3610043914 -52.1002645722 4.81197198386e-18)
(21.1357836606 -52.1566049037 5.46735516863e-19)
(20.0380903685 -51.7037946272 -7.57268851008e-18)
(19.1493325774 -50.9345943183 -1.02482299246e-18)
(18.5344205888 -49.8366216489 -1.50756016371e-17)
(18.2391769224 -48.3326984254 -2.75158270379e-18)
(18.2940237086 -46.346900227 1.056449561e-17)
(18.7271544692 -43.8209329573 -1.96510319142e-18)
(19.5578896986 -40.7326957737 -3.4614474235e-18)
(20.7866374777 -37.0588962851 -2.9357803558e-18)
(22.4181753051 -32.7997573437 3.04302581717e-19)
(24.4220518064 -28.0051799855 -3.54079278567e-18)
(26.7210845209 -22.7318049837 -6.82331958751e-18)
(29.3168939757 -17.0524057666 -1.6361508847e-17)
(32.0843274199 -11.2077049202 2.53353862286e-18)
(34.9537001317 -5.31826559302 3.78676474784e-17)
(37.9270387205 0.297435020672 -1.62434955543e-17)
(40.8972591127 5.45984432417 -1.82415049099e-17)
(43.8198095266 10.0621314397 -4.10893673183e-17)
(46.6820780863 14.0015317257 1.67364383916e-17)
(49.4106278877 17.1590692928 2.42632774254e-17)
(51.9638248957 19.4916097895 2.13004767155e-17)
(54.2486082243 20.9462767307 5.5549987617e-18)
(56.1834914275 21.6031338799 -3.38752138713e-18)
(57.7336377719 21.5511923252 -7.93519052794e-18)
(58.9164029504 21.0316877502 2.5665157648e-17)
(59.7854072727 20.2160065985 -8.52453013087e-18)
(60.4018384863 19.2241162335 -2.97729708315e-18)
(60.8250330631 18.1478434763 -1.46804514409e-17)
(61.1020456705 17.0557850969 7.09075566734e-18)
(61.2662665876 15.9974670137 -1.40522604056e-17)
(61.343023208 15.0045827359 -8.23281799287e-18)
(61.351554739 14.0975234497 -6.18384073716e-18)
(61.3073927766 13.2833805368 -3.3550891757e-18)
(61.2224452303 12.5642494049 -8.02764179504e-19)
(61.1052524151 11.9379053678 3.77321254392e-19)
(60.9604750479 11.3986153323 2.67109939212e-18)
(60.7917205236 10.9433586458 1.10981400874e-18)
(60.6008710732 10.5646641477 5.10172733256e-18)
(60.3864002712 10.2521145353 -8.34127376739e-19)
(60.1464171209 9.99658678733 -2.8404833807e-19)
(59.87953831 9.78822825668 -5.64520182698e-19)
(59.5847216921 9.61737780594 -8.35660840588e-19)
(59.2616342031 9.47523851566 1.13635208199e-18)
(58.9108147656 9.35453137722 -1.24321667944e-18)
(58.5334754138 9.24904314593 3.22768356034e-20)
(58.131366112 9.15397992465 -2.23939938316e-18)
(57.7068214692 9.0660052668 -8.92284438021e-19)
(57.262760335 8.98253575665 1.01741944191e-18)
(56.8024286789 8.900793598 1.71673572735e-19)
(56.3290681351 8.81716293131 4.96934594869e-19)
(55.8458155218 8.72736539726 -4.29149806835e-19)
(55.3555845314 8.62758751662 -5.13813428133e-19)
(54.8614566897 8.51609189356 -1.56260722579e-18)
(54.3672537222 8.39522741829 8.77228882151e-19)
(53.8781906093 8.27022720063 6.57996993682e-19)
(53.3930439279 8.15372938366 5.04432718488e-19)
(52.9104266926 8.05777666511 -3.4628866078e-20)
(52.435535898 7.98851163096 -1.28335842669e-18)
(51.9677402692 7.94731764955 2.22512257298e-20)
(51.504991619 7.92537198232 -1.89075612043e-18)
(51.048009848 7.90717262774 -1.44666970452e-18)
(50.6027906838 7.8709073951 -8.81103579779e-19)
(50.1808849118 7.81106035447 2.98497176307e-18)
(49.7680038129 7.70022633998 7.74951990448e-19)
(49.4495876516 7.58904152893 2.02710183491e-19)
(49.0395275726 7.20691303627 -4.61055506884e-19)
(41.9195066205 -5.37225879081 -2.03563497692e-19)
(40.907727599 -9.21829795391 2.36522871143e-18)
(39.7804614567 -13.1483885898 -1.23625026562e-18)
(38.543995672 -16.988583389 -5.40398600214e-18)
(37.2012118408 -20.5994613738 -3.00495003493e-19)
(35.7461393679 -23.9848556491 9.36759846548e-19)
(34.1608629557 -27.3576085526 -3.2756396642e-18)
(32.4247589146 -31.0654925373 -3.85202892215e-19)
(30.541955214 -35.367106428 2.13443027344e-19)
(28.5812372076 -40.0800818216 -2.82141578519e-18)
(26.6154899425 -44.5502041809 0)
(24.6747330663 -47.9641488298 -2.16933621398e-18)
(22.777654977 -49.8984623138 3.95569678665e-18)
(20.9549630579 -50.5923950684 5.44019961653e-18)
(19.265764444 -50.5660434385 2.92582887461e-18)
(17.79168032 -50.1819156534 5.00399665302e-18)
(16.5945701668 -49.5400016371 8.04169892443e-18)
(15.7097060576 -48.5766230012 -1.64381389822e-17)
(15.1666986042 -47.2092654557 -1.03808345434e-17)
(14.9927309288 -45.3684139044 2.96581414459e-18)
(15.2091586428 -42.9987803486 -5.98638574055e-18)
(15.8392235046 -40.064904207 6.50030234361e-18)
(16.8907273514 -36.5528281081 -1.51898508013e-18)
(18.366494344 -32.4498182739 5.62542522032e-18)
(20.2503465009 -27.8010313563 -2.19293418458e-18)
(22.5050416288 -22.6611110858 -1.33349279149e-17)
(25.1180590642 -17.1124331914 -3.28619556409e-17)
(27.9945061671 -11.3909892645 1.17243153366e-17)
(31.073223782 -5.59586076342 4.2094211925e-17)
(34.292708318 -0.0471948346444 -2.38113572529e-17)
(37.5313633143 5.05843583837 2.47885183568e-17)
(40.7160958578 9.59207240402 -3.98897383454e-17)
(43.8161709896 13.4437181699 1.42871528114e-17)
(46.780313233 16.5076787258 2.50523519478e-17)
(49.5552404532 18.7457478139 -1.68384424514e-18)
(52.0705288702 20.1505789065 -3.00827532672e-18)
(54.2591858404 20.8109590639 -6.98799639357e-18)
(56.0818248173 20.8538694397 3.18773994907e-18)
(57.5355075807 20.4419767682 1.73856696493e-17)
(58.6595326276 19.72316657 -7.45336397371e-18)
(59.5059195929 18.8198385238 -1.06716693516e-17)
(60.1271447176 17.8245759459 -1.80666958441e-17)
(60.5692126568 16.804972896 -1.16144333949e-18)
(60.8677721138 15.8093905974 -1.33537488579e-17)
(61.0514393174 14.8694302114 -8.90039141174e-18)
(61.1441792414 14.0037550217 -1.09957565908e-18)
(61.165857834 13.2221367789 -5.49802388308e-18)
(61.1317012031 12.5289044379 3.25207909397e-18)
(61.0531023833 11.9241632392 2.09000070334e-18)
(60.9374439007 11.4048003216 3.57465792613e-18)
(60.7889138794 10.9644812356 1.95623055374e-18)
(60.6104750591 10.5967869561 1.74274766493e-18)
(60.4037669709 10.2951164401 -2.14653677793e-18)
(60.1681140143 10.0499630295 -1.60037741378e-19)
(59.9030369876 9.85113645301 9.91876746939e-19)
(59.6082479707 9.68877174646 -1.62974240622e-18)
(59.2840433112 9.55403248691 -1.21823642513e-20)
(58.9314265527 9.43947337219 -2.99669291497e-18)
(58.5518576949 9.33901805847 -1.18540776061e-18)
(58.147249003 9.24799483525 -2.18770503611e-18)
(57.7200292764 9.16300817039 -4.0393055686e-19)
(57.2732287508 9.08139752909 7.22938788038e-19)
(56.8101846557 9.00046933397 -8.75516820971e-21)
(56.334233397 8.91676393416 -7.79134696366e-20)
(55.8486464163 8.82612615988 -5.80863744461e-19)
(55.3564564428 8.7247752705 -1.66745867911e-18)
(54.8607906018 8.61108629429 5.55860426608e-19)
(54.3652992787 8.4877165305 -6.03016987318e-19)
(53.8753869201 8.35994347611 7.87936893504e-19)
(53.3897181055 8.24085084995 1.51929467504e-20)
(52.9063718997 8.14256844352 -8.57876049556e-21)
(52.4305024957 8.07106009094 -1.4388847706e-18)
(51.9614731388 8.02742410796 9.67859137461e-21)
(51.4972543086 8.002475011 -1.04468013404e-18)
(51.0384721113 7.98045316115 -3.00586041126e-18)
(50.5914171852 7.93911026063 -1.06665947959e-18)
(50.1668206856 7.87397600271 1.77939038423e-18)
(49.7503387685 7.75467345938 -1.09572635377e-18)
(49.4297123436 7.63699661178 7.62876338593e-19)
(49.0191348399 7.23733227266 -3.04085101608e-19)
(43.3824224382 -5.49234807026 5.30520092379e-19)
(42.4154233567 -9.20348504378 5.07267919407e-20)
(41.3039821892 -12.9746044421 -8.24047926044e-18)
(40.0424666939 -16.6372400303 2.32779625224e-19)
(38.6367550183 -20.0660416194 2.12047012531e-18)
(37.0834186914 -23.2836180871 -1.92233081523e-18)
(35.3583963353 -26.5207994411 -3.31143865136e-18)
(33.4312294195 -30.1311528241 -1.00253577238e-18)
(31.2966723569 -34.3458572117 -6.04309831129e-20)
(29.0012014353 -38.9348860645 -2.02057516971e-19)
(26.615100839 -43.1917930672 -5.72516348982e-18)
(24.1923547999 -46.326998151 -4.06481232216e-18)
(21.7926847245 -48.0432458811 -1.5288364356e-18)
(19.5015390694 -48.6623628231 8.56678697299e-18)
(17.410257458 -48.7114558545 4.95944527252e-18)
(15.5899171441 -48.4915954301 1.27197359703e-18)
(14.0792564036 -48.0396710675 8.93022097687e-18)
(12.9055623023 -47.2764375363 -2.08891778116e-18)
(12.0954561176 -46.1169893657 5.04161444938e-18)
(11.6760049451 -44.4921813022 1.14433815758e-17)
(11.668907598 -42.3464828698 -2.40522617824e-17)
(12.0941814491 -39.6319134926 -1.02253302594e-17)
(12.9695854347 -36.3359695748 4.68898439746e-18)
(14.2906259758 -32.4437549333 1.00388592985e-17)
(16.0559409507 -27.9943782228 2.52031700213e-17)
(18.2438489976 -23.037086639 2.47324561526e-18)
(20.8282388347 -17.6818907967 9.25883584729e-18)
(23.7504913217 -12.1172758912 -7.99514333148e-18)
(26.9445500946 -6.48978839987 -9.28048243967e-18)
(30.3358024333 -1.0616013305 -6.35778423133e-18)
(33.8013215102 3.96737333394 3.65470681449e-18)
(37.2515309287 8.4575974534 -1.11449825804e-17)
(40.6326370901 12.2944275384 2.83942664104e-17)
(43.8883769739 15.3848905249 -2.6331758339e-17)
(46.9529836292 17.6880833226 -4.70960787051e-17)
(49.7530697708 19.1980791099 1.89713296183e-17)
(52.2239398934 19.9846147408 0)
(54.3259346233 20.1593042354 0)
(56.053086636 19.8710654095 1.07922057414e-17)
(57.4353959026 19.2645491848 9.34179842732e-18)
(58.5155649247 18.459161285 3.61812966599e-18)
(59.3409603453 17.5465852717 1.75007411038e-17)
(59.9576196627 16.5955419934 -2.78790195849e-18)
(60.4032108984 15.6559375206 5.96467133904e-18)
(60.7091801505 14.7610199695 0)
(60.9023775928 13.9319738198 -3.53772571506e-19)
(61.0048960495 13.1804296514 -1.4974083555e-20)
(61.0341857366 12.5118785981 4.28732937643e-18)
(61.003610699 11.9269053198 3.21119905985e-18)
(60.9226240251 11.4226225107 -1.32140476393e-19)
(60.7987723426 10.9964467694 1.59987650964e-19)
(60.6371245653 10.6418709413 -6.39483922636e-18)
(60.4400762522 10.351386534 -8.0913611817e-19)
(60.2089712637 10.1159764192 -1.70242566289e-18)
(59.9450700028 9.92588934022 1.30264623591e-18)
(59.6492981173 9.77126059567 -4.56392602888e-19)
(59.3227688711 9.64325105541 -7.09627873991e-19)
(58.9670076985 9.53431435554 -2.62135389927e-19)
(58.5838275974 9.43850523826 -3.49373196368e-19)
(58.1753754503 9.3511350893 6.25718399862e-19)
(57.7442390056 9.26869474295 1.93711280932e-18)
(57.293577658 9.18850783823 -5.52388825287e-19)
(56.8268432178 9.10791835984 -2.93005862629e-19)
(56.3474432391 9.02363755881 2.15862792021e-20)
(55.8587272279 8.93168326936 -4.15148155716e-19)
(55.3638393397 8.82833718539 5.21101929493e-21)
(54.8659458939 8.71204848797 2.02152020524e-18)
(54.3685422043 8.58559289277 -2.04116765519e-18)
(53.8771497107 8.45454591206 9.67837610927e-19)
(53.3903686251 8.33221456554 -1.42275126991e-18)
(52.9056796731 8.2309242197 -4.41314947632e-19)
(52.4282062781 8.15641559626 2.4756092549e-18)
(51.9572738879 8.10976832069 2.47829727908e-18)
(51.490837495 8.0814665535 6.86149364551e-20)
(51.0294481687 8.05537073349 -4.4922491883e-19)
(50.579758225 8.00866807314 -8.54080707605e-20)
(50.1514137228 7.93795343424 -1.35199582408e-18)
(49.7306823637 7.80944624156 -1.61114841615e-18)
(49.4075357274 7.68471954973 -6.63204219903e-19)
(48.9964904313 7.26521944088 3.08017062475e-19)
(44.6316306122 -5.88909919712 -4.94703885462e-19)
(43.7209237507 -9.40793553506 -4.14294467508e-18)
(42.6395518805 -12.9571211101 3.52866061629e-18)
(41.3760330229 -16.3801387715 3.63270849618e-18)
(39.9327795831 -19.5662634677 -1.20858404336e-18)
(38.3008123508 -22.5579516678 5.65594319592e-19)
(36.4462230604 -25.6054643908 -2.93438025874e-18)
(34.3286894703 -29.068340357 1.36075360474e-18)
(31.9367561632 -33.1430618132 3.1135661239e-19)
(29.3110630192 -37.5393527334 -6.25103862014e-18)
(26.5244895541 -41.5023468137 9.61980456739e-20)
(23.6545295169 -44.3069113109 -1.39503927398e-17)
(20.8000949666 -45.7980162736 -7.57249690192e-18)
(18.0891232823 -46.3925772676 1.0146168053e-18)
(15.6319436807 -46.5802717742 -6.59498328351e-18)
(13.4899364158 -46.5715117365 -1.08078571623e-17)
(11.6903120778 -46.3426692662 -5.93182417077e-19)
(10.2566099444 -45.8031822867 6.36061396883e-19)
(9.21174238795 -44.8682224564 -8.12047666258e-18)
(8.5805544344 -43.4698781195 1.46317477775e-17)
(8.38317294149 -41.5505574089 3.7013767694e-19)
(8.63695356199 -39.0646439014 -1.68206382441e-17)
(9.36116513317 -35.9965976595 3.12391280418e-19)
(10.5507252721 -32.3254900162 -3.48190873173e-17)
(12.2196377303 -28.0938818555 -2.6378012535e-19)
(14.350046742 -23.343091208 3.09270619161e-17)
(16.9072686239 -18.1907995075 3.30752310439e-17)
(19.8584721089 -12.8057884745 -8.9674026112e-20)
(23.1379262752 -7.3454133016 -1.48251271642e-17)
(26.6611790189 -2.04513578269 -1.56191762132e-17)
(30.3092432715 2.89416498227 -3.08463859482e-17)
(33.9816975837 7.3206487192 5.8493084035e-17)
(37.6078514726 11.120072504 -1.41263343339e-17)
(41.1212601647 14.2081133182 -2.69023686799e-17)
(44.4499542265 16.5463200383 5.56731103347e-17)
(47.5173087916 18.135478294 5.81820069901e-18)
(50.2556956845 19.0321862309 -1.82526607929e-17)
(52.6214274501 19.3330953839 7.36028187446e-18)
(54.6035311314 19.1700609288 3.33268332018e-19)
(56.225425436 18.6800176524 -4.8270629252e-18)
(57.5240694923 17.9795290807 1.53071075423e-17)
(58.5437306232 17.1595848973 3.93705982081e-18)
(59.3305719865 16.2892279942 -1.11861126677e-17)
(59.9232757848 15.4188987979 5.82592855685e-18)
(60.3546076976 14.5833164931 9.45011226588e-18)
(60.6525541077 13.804531038 -7.19276703109e-20)
(60.8404799339 13.0950192136 5.51829989072e-18)
(60.9375268869 12.4611614533 3.58132537319e-19)
(60.9589790561 11.9049225035 -1.68160672957e-18)
(60.9155165613 11.4251240253 -2.35812345893e-19)
(60.8186600197 11.0180219938 9.73536203515e-19)
(60.6741951216 10.6793769203 -1.0228014408e-18)
(60.4863484214 10.4026093526 7.06964555759e-19)
(60.2588387898 10.1790700792 3.55059072159e-20)
(59.9948723347 9.99923581518 1.4923987665e-18)
(59.6967204294 9.85333828539 7.8070238165e-19)
(59.366475279 9.73262910206 1.03381413663e-18)
(59.0063200461 9.62974342172 6.00310800324e-19)
(58.6184634508 9.53882686938 3.17510354132e-19)
(58.2052666786 9.45511865667 6.72494831359e-20)
(57.7694800211 9.37517796729 8.54428860909e-19)
(57.3143719561 9.29641313098 -2.79014415376e-19)
(56.8434890005 9.21612787468 0)
(56.3603247955 9.13113954586 1.4753905772e-18)
(55.8682793418 9.03768064728 -4.09667122318e-19)
(55.3705626278 8.93215468265 2.44976179701e-20)
(54.8703831582 8.81312320826 3.99569551752e-19)
(54.3711172446 8.68350412635 -2.14575616295e-19)
(53.8783165789 8.54916984212 -9.27880045257e-19)
(53.3904619451 8.42363884987 5.14077332528e-19)
(52.9044330556 8.31942719476 -9.46395946521e-19)
(52.4253283574 8.24206592932 1.50735232657e-18)
(51.9524672853 8.19257383578 -4.37224318292e-19)
(51.4837025131 8.16105032582 8.66402159451e-20)
(51.0194096765 8.13089547579 1.98316792953e-18)
(50.5668090539 8.07875464988 4.81807696605e-19)
(50.1342349308 8.00233136133 4.42667676863e-20)
(49.7091974734 7.86430515968 1.30645560884e-18)
(49.3835547318 7.73207908546 5.96378681317e-19)
(48.9729835961 7.29280231835 5.47975982279e-19)
(45.7144664241 -6.19740503238 -2.5131760663e-18)
(44.8471973708 -9.49750646672 -2.71225275772e-18)
(43.7886452585 -12.7985078252 -5.26347203155e-18)
(42.5253200243 -15.9551691141 -3.98264048113e-18)
(41.0526183855 -18.8713953124 1.79231816998e-19)
(39.352835599 -21.6076373407 -5.13927822869e-18)
(37.3810805599 -24.4295546183 5.56782332947e-18)
(35.0842111194 -27.6970867067 -1.31611902686e-18)
(32.4426483782 -31.5664972291 -7.00923892052e-18)
(29.4927314525 -35.6920069553 -6.27299556146e-20)
(26.3135727491 -39.3068796891 -3.3738710312e-18)
(23.0146431517 -41.790343939 4.95822087705e-18)
(19.7455105588 -43.1395118471 -1.11192901392e-17)
(16.6677579906 -43.8144729581 1.07367185631e-17)
(13.8928603352 -44.2214461234 4.20072495029e-19)
(11.468894413 -44.4724652092 -8.46456206171e-18)
(9.41618680932 -44.50151572 3.1300683241e-18)
(7.75678659671 -44.2157250889 7.16684558889e-18)
(6.51114296789 -43.5327321039 -8.85414224769e-18)
(5.7016723892 -42.3854370204 -7.80872534386e-19)
(5.34548148364 -40.7165410454 5.97938196837e-18)
(5.45822616018 -38.4781556734 -3.36979100707e-18)
(6.05922780262 -35.6558754474 1.73321199482e-17)
(7.13868104411 -32.2248765662 3.64062998539e-18)
(8.72878938327 -28.2307677566 -3.13878553802e-17)
(10.8061244293 -23.7124054922 -2.19014583282e-17)
(13.3292073761 -18.7822556345 -1.11948689113e-17)
(16.2920707846 -13.604139618 -8.14284621978e-19)
(19.6289402029 -8.33056585732 -2.62773607553e-17)
(23.2518483883 -3.17535203327 2.73825019865e-17)
(27.0487070146 1.66453855 5.87831896784e-17)
(30.910739152 6.02987585644 3.59168950354e-18)
(34.7488028012 9.79917647136 -4.7868456811e-17)
(38.4849026845 12.890386896 6.70435841559e-17)
(42.0439427126 15.2679166885 6.16186306053e-17)
(45.3502387838 16.9356449637 -3.86452920668e-17)
(48.3353245378 17.9424852566 2.49961603887e-17)
(50.9506512229 18.3751793981 3.29885407328e-18)
(53.1764994475 18.3490528814 -4.50090707048e-18)
(55.0283445574 17.9899587302 0)
(56.5376703288 17.4099887212 -1.40871347859e-18)
(57.7458167547 16.6982470398 -4.68542052108e-18)
(58.6990151126 15.9229327839 -3.28949563402e-18)
(59.4368790902 15.1345870927 -3.47226256711e-18)
(59.9931960083 14.3686077085 4.88786132032e-18)
(60.3969338778 13.648091739 5.41091841937e-18)
(60.6724803527 12.9870943449 -2.494566236e-18)
(60.8402866527 12.3935183584 -1.87510270902e-19)
(60.91630191 11.8711640777 -3.38152713139e-18)
(60.9107991927 11.4188401209 9.74569856657e-20)
(60.8476986204 11.0337115358 1.10169547088e-18)
(60.7205725971 10.7144955536 8.74880752886e-19)
(60.5416213192 10.4536992119 1.49673417371e-18)
(60.3172907275 10.2433849086 7.53175936193e-19)
(60.0524484827 10.074580156 -2.52467774106e-20)
(59.7507748108 9.93779489425 1.85111801998e-18)
(59.4155489972 9.82450828773 2.77323054015e-19)
(59.0497854379 9.72758906157 -3.94786829455e-20)
(58.6561663409 9.64129741702 3.18282021671e-19)
(58.2373081304 9.56099302145 2.49797438117e-19)
(57.7961178996 9.483359181 -8.30892584864e-21)
(57.3359344285 9.40582315819 -1.69602558608e-18)
(56.8603810897 9.32569303667 5.92098961512e-20)
(56.3730584509 9.23982663563 4.46528764775e-19)
(55.8774160959 9.14466728767 -9.52433310019e-19)
(55.3766991827 9.03679252223 -4.3562246859e-19)
(54.874153112 8.91487083628 4.68648216121e-19)
(54.3729990522 8.78196466708 1.97720198927e-19)
(53.8787979011 8.64424456447 -1.49934288729e-18)
(53.3898996356 8.51547515961 1.92371799344e-18)
(52.9025616575 8.40832080905 4.76569533132e-19)
(52.4218150371 8.32816045985 -1.05364723348e-18)
(51.9469769693 8.27587900742 -3.68842943178e-18)
(51.4757583661 8.24115645039 1.02632827259e-18)
(51.008341848 8.20690398461 4.59249602949e-19)
(50.5526038365 8.14928544675 3.42907087006e-20)
(50.1153104601 8.06711318793 2.78950938079e-20)
(49.6858881523 7.91929077463 2.09736926574e-18)
(49.3578493872 7.7791796227 -7.36935108798e-19)
(48.948366535 7.31986264333 -1.51642811524e-20)
(46.5447219043 -6.48488003657 -3.83234867374e-18)
(45.7206511504 -9.538096697 -3.37656491107e-18)
(44.689223016 -12.5583111943 7.81815754247e-18)
(43.4339902176 -15.4149580105 6.20292472454e-18)
(41.9432095099 -18.0269845319 2.14198879803e-18)
(40.1890809038 -20.4696475952 6.42461389338e-18)
(38.1135024005 -23.020270359 5.05860165622e-18)
(35.6495667824 -26.0349825127 -5.54444007261e-18)
(32.7683486544 -29.6302327441 3.96973381261e-18)
(29.505617705 -33.4127893291 -5.64365421844e-18)
(25.9545041598 -36.6467519301 6.23638908577e-18)
(22.265140171 -38.8473977395 1.67318771738e-18)
(18.6361422728 -40.1463412343 -4.85914746189e-18)
(15.2487708805 -40.9945251992 5.87811740263e-18)
(12.2045019181 -41.6822892233 1.40433776446e-17)
(9.53944803862 -42.2304303209 -1.05171845011e-17)
(7.27179065588 -42.5480327603 -1.52246670137e-17)
(5.42329647356 -42.5437664381 8.27264052425e-18)
(4.01226485806 -42.1366949928 2.10308556479e-17)
(3.05892442571 -41.2608670051 -7.46438826505e-19)
(2.57702971414 -39.8591431948 1.04219891095e-18)
(2.57974039253 -37.8813520935 -1.4520708242e-17)
(3.085144764 -35.3174921047 -4.24242347032e-18)
(4.07808310067 -32.1391483929 3.34842439649e-17)
(5.60711062959 -28.3948631065 -1.60502570403e-17)
(7.63860440905 -24.1278758768 -4.24930815947e-17)
(10.1252826292 -19.4277749479 -2.63468454493e-19)
(13.0843906142 -14.4716003871 1.2134693645e-17)
(16.4519838542 -9.39936208693 2.45706085266e-18)
(20.1395479408 -4.40621397383 1.18227629026e-17)
(24.0447880079 0.317713870649 4.41082672186e-17)
(28.0557846976 4.61116680406 -7.8359566548e-17)
(32.0695215345 8.34895012208 -1.40961380596e-17)
(35.9955803939 11.4484443012 -3.95871854953e-17)
(39.7529853059 13.8726709727 -3.87687831642e-17)
(43.266567854 15.6253600724 -8.59544558588e-19)
(46.4695385297 16.7490318771 -4.05831701633e-17)
(49.3113314809 17.3201622739 -5.00344247628e-19)
(51.764253058 17.4393511286 2.74640052397e-19)
(53.8349708075 17.2208126502 -1.57949118382e-17)
(55.5482630743 16.7709543825 2.01823191828e-18)
(56.9411886048 16.1762838775 1.820502745e-17)
(58.0589231805 15.5038637074 1.28531499517e-17)
(58.9414820031 14.8044583476 -1.4874296524e-17)
(59.6234497016 14.1145386984 -1.02014723538e-17)
(60.1345737956 13.4586719844 2.31946397495e-18)
(60.500136663 12.8523898175 -2.61736302103e-18)
(60.7415417449 12.3052862992 2.28920929873e-18)
(60.8734366373 11.8222456657 3.56786110412e-18)
(60.9175030094 11.401464852 8.22319105016e-20)
(60.8798395491 11.0427389213 -1.24286431282e-18)
(60.7724878313 10.7464181594 -9.30744543384e-19)
(60.6044608361 10.5040032856 -3.25012948426e-20)
(60.3839223049 10.3085515801 -5.85914140303e-20)
(60.1177479377 10.1517913955 -2.6149845258e-18)
(59.811531938 10.024624306 -2.83198501836e-19)
(59.4701248877 9.91890736002 1.9174688667e-19)
(59.0975568192 9.82791271477 8.49664150935e-19)
(58.6970783917 9.74614157358 3.5571427317e-19)
(58.2715964483 9.669107092 4.49228196819e-20)
(57.8241841486 9.59354966508 6.41051470036e-19)
(57.3582550089 9.5169549233 2.98269919969e-19)
(56.8774887073 9.4367341826 1.67244253096e-19)
(56.3855959378 9.34977251243 -8.95852121611e-19)
(55.8860846392 9.25268705164 -5.13915130928e-20)
(55.3822027847 9.1422460185 1.60478676268e-18)
(54.8772219014 9.01724575689 -1.15801240876e-18)
(54.3741412806 8.88092276234 4.33569104038e-19)
(53.8785205994 8.73972694973 1.52759204578e-18)
(53.3886227152 8.60768318415 -1.63334737096e-21)
(52.9000460343 8.49756621931 1.00852535512e-18)
(52.4176667685 8.4146793502 -1.04739775463e-18)
(51.9407874332 8.35967399286 -5.47735712081e-19)
(51.4669788484 8.32177706638 -1.11507618619e-18)
(50.9962268064 8.28340559587 3.4658710095e-20)
(50.5371217487 8.22029614706 5.34506153453e-19)
(50.0946062875 8.13233190524 -1.06942347271e-18)
(49.6607963554 7.97436190317 -1.23783131449e-18)
(49.3304523494 7.82605113758 -8.83236497826e-19)
(48.9221685824 7.3462433926 -1.25080904318e-18)
(47.1174118411 -6.7019068453 3.60812958789e-18)
(46.3328225684 -9.48152432797 1.14699332588e-17)
(45.3287377619 -12.19591154 2.7839854072e-18)
(44.0862432676 -14.727567753 9.98913052616e-19)
(42.5857820164 -17.006717397 2.83361002357e-18)
(40.787049695 -19.119451762 2.18628850238e-18)
(38.6167230608 -21.3519826121 -1.77382749997e-17)
(35.9954932936 -24.0527763284 8.50868470257e-18)
(32.8836220183 -27.3032467899 1.51598130737e-18)
(29.3226810846 -30.6861905438 -6.0757031666e-20)
(25.4273294705 -33.5338088731 5.15397589523e-18)
(21.3977934085 -35.5243526202 5.60445561431e-18)
(17.473380811 -36.8841173661 6.00785208194e-19)
(13.8381428345 -37.9940225305 1.59440665535e-19)
(10.5763761354 -39.0124400229 2.10727946751e-20)
(7.7148312469 -39.8884669425 -1.33865476265e-17)
(5.27238660327 -40.5222404604 1.26670826447e-17)
(3.27208553178 -40.8247066359 -1.28708663279e-17)
(1.73043734087 -40.7157677661 -8.71120496984e-18)
(0.665073155394 -40.129457873 1.48732932707e-17)
(0.0879616022438 -39.0099911757 1.83316983794e-18)
(0.00897467021518 -37.3042875104 -6.21444022033e-18)
(0.44467390753 -35.0088227044 7.83602059584e-18)
(1.37388620547 -32.0925380355 4.84505864382e-18)
(2.85752000062 -28.6062841804 3.14861049439e-18)
(4.85385499884 -24.6017781141 8.97122255798e-18)
(7.30556401718 -20.1349109321 1.33723590445e-17)
(10.2468954791 -15.4102442007 5.13318704457e-17)
(13.6238970288 -10.5475944232 2.62294922099e-17)
(17.345844994 -5.72542245719 2.05155636135e-17)
(21.3197805233 -1.12685717396 1.94875547784e-17)
(25.4360156989 3.08858405629 -2.10870204878e-17)
(29.5846746865 6.79444759482 4.15332071932e-18)
(33.6654876439 9.90582998202 2.32591526845e-17)
(37.5898658509 12.381830808 -2.29655657165e-17)
(41.2802907356 14.2226869221 -1.75390228371e-17)
(44.6709675499 15.465514671 -2.95293898303e-17)
(47.7113183192 16.1770749527 1.21745136107e-17)
(50.3687960003 16.4450225494 -3.41794870469e-18)
(52.6424673374 16.3723351339 -1.59179718718e-19)
(54.5502069407 16.0592535192 1.86068733016e-17)
(56.1234832316 15.589170976 -8.65399020519e-18)
(57.4045333673 15.0275380067 -1.31128460442e-17)
(58.4324982853 14.4249670229 1.99657444141e-18)
(59.2419183969 13.8187598813 -1.02219156697e-17)
(59.8628481445 13.2348001068 3.29489101563e-18)
(60.3214423286 12.6900251175 5.1733628479e-18)
(60.6385844544 12.1956165344 2.93680071139e-19)
(60.8332367023 11.7568988582 -1.82112266438e-18)
(60.9288742034 11.3731891166 -4.48435977762e-18)
(60.9139398841 11.0460440417 -1.16359279965e-18)
(60.8294263531 10.7748098631 9.16481633364e-19)
(60.674626692 10.5531084686 4.05651599878e-20)
(60.4585515025 10.3745566566 2.766705429e-18)
(60.1906394665 10.2311439556 -9.80006348385e-19)
(59.8789511204 10.1142327755 -9.58676317333e-19)
(59.5302314793 10.0162510681 4.41533255328e-20)
(59.1497056859 9.93113470366 2.44410561157e-19)
(58.7412751744 9.85368818069 -2.0513414252e-20)
(58.3081921794 9.77964226163 -1.26387696179e-18)
(57.8537266209 9.70586981547 -1.22261239234e-18)
(57.3813763389 9.62990404053 1.61032689342e-18)
(56.8948547643 9.54929650556 -3.20302086881e-20)
(56.397957683 9.46102746868 -1.73145932226e-18)
(55.8942707354 9.36178480729 4.42409218105e-19)
(55.3870423812 9.24852658517 4.82104086969e-19)
(54.8795501167 9.1202515734 -1.90677070265e-18)
(54.3745163671 8.98038637308 9.79099827002e-19)
(53.8774935707 8.83562413706 -4.96754911274e-19)
(53.3866710226 8.70026384714 -9.95117071861e-19)
(52.8969245318 8.58716911717 5.34836521293e-19)
(52.4128961603 8.50163824442 1.86296003026e-20)
(51.9338832434 8.44397106819 2.17626682842e-18)
(51.4573382449 8.40292650591 -1.1603722803e-18)
(50.9830384512 8.36042859992 5.0608546408e-19)
(50.5203256481 8.29183746558 -5.74253403877e-19)
(50.0720665581 8.19803112627 1.15946872804e-18)
(49.633929204 8.02949658305 -2.45554475932e-18)
(49.3013090237 7.87279025092 1.37892595543e-18)
(48.8946149068 7.37198967952 7.88624892858e-19)
(47.4419429341 -6.83700333364 4.54993338636e-18)
(46.6925111116 -9.32350084272 1.22433491483e-17)
(45.7167951078 -11.7131578489 -2.5129890693e-18)
(44.4903525683 -13.8966993287 -9.33925189493e-18)
(42.9834474929 -15.8108977496 2.18513912718e-18)
(41.1410795864 -17.5502599213 -9.48798884117e-18)
(38.8756859534 -19.410979533 -1.23538422112e-18)
(36.0969678257 -21.7344651242 1.66870399304e-17)
(32.760138604 -24.576052069 -2.6936466621e-18)
(28.9171635874 -27.5244719907 1.15201515297e-17)
(24.7176724703 -30.0173454759 -9.27523408973e-18)
(20.4147639357 -31.9006799284 6.72464334893e-19)
(16.2705742973 -33.4374947203 6.08365614701e-18)
(12.4545108706 -34.8819993863 1.00078999534e-17)
(9.03090951303 -36.2657495718 5.70149762519e-18)
(6.01993395694 -37.4927374714 -5.728262454e-18)
(3.44370051492 -38.4655414991 -2.39738921921e-18)
(1.32755031379 -39.094736519 -5.7601465323e-18)
(-0.312170211057 -39.3012095423 -1.89239760615e-17)
(-1.46155403009 -39.0190904326 1.17146024153e-17)
(-2.10800658585 -38.1931001655 2.56637886197e-17)
(-2.24536399583 -36.7674973665 -8.62317189021e-18)
(-1.85771686385 -34.7464333584 -2.22946676823e-19)
(-0.972952129798 -32.0977445122 2.17180420995e-17)
(0.477503969279 -28.8713482938 2.15405842874e-17)
(2.45011109948 -25.1319233233 2.19678810538e-17)
(4.86824060785 -20.904559629 3.16213391737e-19)
(7.77920791115 -16.412995216 -1.30388589786e-17)
(11.1491517379 -11.762215319 -3.26504845961e-18)
(14.878965934 -7.11590611364 -3.82754182164e-18)
(18.8852489205 -2.64891787486 -4.01067941498e-17)
(23.0639175451 1.48326212137 2.53276668416e-17)
(27.3042941028 5.15470142 4.82189449182e-17)
(31.5008416138 8.27790266806 6.68596877395e-17)
(35.5587236007 10.8075221006 -2.78856856903e-18)
(39.3965249596 12.7383117367 0)
(42.9471272981 14.1007495294 8.03716358996e-17)
(46.1593136003 14.9529412176 1.76826556849e-17)
(48.997806294 15.3712699669 -1.98009194243e-17)
(51.4558615342 15.4480497372 1.28431692528e-17)
(53.5453511471 15.2771045964 -6.68514283331e-18)
(55.2918487178 14.9382426972 -2.17051389145e-17)
(56.7332018208 14.4947424068 -5.67646263898e-18)
(57.906395641 13.9964473425 2.42480427739e-18)
(58.844866547 13.4812103046 5.92452619257e-19)
(59.5782901132 12.9760582829 -8.87392151962e-18)
(60.1329687101 12.4993706123 -5.46552763468e-18)
(60.5294599092 12.0632257979 -1.4568192076e-19)
(60.7931164877 11.673558353 -5.56854518135e-18)
(60.9336511841 11.3336350332 1.35846012159e-18)
(60.9521943336 11.0428236622 1.30848856956e-18)
(60.8933786071 10.7990261024 9.66730618637e-19)
(60.7525081728 10.6008250766 8.43389056352e-19)
(60.5408112337 10.4415201166 -1.18898413444e-18)
(60.2707070662 10.3128975649 -1.4302110789e-18)
(59.9527779939 10.2069250097 1.15724200802e-18)
(59.5957660435 10.1168958204 2.82720962503e-19)
(59.2062150912 10.0375875954 2.24344165169e-20)
(58.7887798397 9.96420803746 -3.51561479442e-19)
(58.3471476273 9.89285761143 -1.03936546298e-19)
(57.8848009422 9.82056312284 -1.36052689432e-18)
(57.405327313 9.74492382566 -3.49000198886e-19)
(56.9124944767 9.66358346964 7.27015040037e-19)
(56.410152696 9.57370303043 4.03868671096e-19)
(55.9019634019 9.47200978962 6.56427642046e-20)
(55.391191296 9.35566417113 -4.51593985192e-19)
(54.8810906073 9.22390500758 -9.56419306558e-19)
(54.3740974762 9.08035046908 -1.20967436857e-18)
(53.8757634803 8.93193374383 -3.6898398113e-20)
(53.3841206421 8.79321987383 -5.59787576857e-19)
(52.8932446624 8.67713644131 1.0979944549e-18)
(52.4075068369 8.58905584805 1.0873840045e-18)
(51.9262429862 8.52878841947 1.10829577123e-18)
(51.4468123724 8.48462674459 1.70975692464e-18)
(50.9687525434 8.43800106327 -2.05677198713e-20)
(50.5021768896 8.36395053859 -1.2283620396e-18)
(50.04763082 8.26423485706 5.35668101738e-19)
(49.6053291378 8.08467092055 -9.22071239389e-19)
(49.2704208714 7.91938979913 -1.21716340762e-19)
(48.8655546687 7.3971063046 1.06346507617e-18)
(47.5654210233 -6.88715706177 -6.48788836975e-19)
(46.8510412458 -9.06490063203 2.57093335085e-18)
(45.9020149057 -11.1097777107 -1.84795520939e-18)
(44.6860800017 -12.9151634645 -4.48679024566e-18)
(43.1609991105 -14.4212785389 -3.84611978638e-18)
(41.2577657592 -15.7332566855 -2.1291601941e-18)
(38.8807835827 -17.1635600507 2.1677763861e-17)
(35.9271218965 -19.0489603334 -2.30432021767e-18)
(32.3742236297 -21.4323020023 -6.9677283294e-18)
(28.2659480212 -23.9413107116 -9.08319988979e-19)
(23.8204415838 -26.1685761511 -7.3608583871e-18)
(19.3312536265 -28.0795205233 -9.98777753696e-18)
(15.0505194149 -29.8981471013 3.02103404054e-18)
(11.1260731218 -31.7294521376 9.11977602581e-18)
(7.60046663381 -33.5008404394 3.57367494058e-18)
(4.48866513469 -35.0975101374 4.08343179751e-18)
(1.82093978216 -36.4223199891 -1.34883623148e-18)
(-0.375884978508 -37.391488554 -2.96960618983e-18)
(-2.08507313897 -37.9242260202 -3.8055524717e-19)
(-3.2965880864 -37.9549774509 -3.51352293369e-17)
(-3.99249421397 -37.4297003164 1.85220107852e-17)
(-4.17178133341 -36.2892221697 1.1147579559e-17)
(-3.81758491386 -34.5452899596 -3.6867028178e-17)
(-2.96412903925 -32.1666411603 2.50560159736e-17)
(-1.5395889831 -29.1956924579 1.24411208811e-17)
(0.413700310749 -25.7197568612 9.95526423589e-18)
(2.79910945826 -21.7383803467 -2.46466026533e-17)
(5.67241638577 -17.4738816462 -2.60485383173e-17)
(9.02044452568 -13.0326136269 1.1920592977e-17)
(12.7349336942 -8.56260640905 1.22860028195e-17)
(16.7419217664 -4.22991177731 -6.40504827813e-17)
(20.9442258661 -0.184807613802 1.1765960855e-17)
(25.2343974138 3.44884468873 0)
(29.5063593757 6.58177733905 -1.18869335333e-17)
(33.6620418522 9.16423971537 5.65886778934e-17)
(37.6164077667 11.1849195944 -2.05603893337e-17)
(41.2998121119 12.6666206323 3.10845674925e-17)
(44.6591405835 13.6588383512 3.76065585798e-18)
(47.6564902812 14.2277909924 -4.22603322272e-17)
(50.2801979768 14.4558241207 1.67869318238e-18)
(52.5371615908 14.4302930123 -1.54707652764e-17)
(54.4474584686 14.227176185 7.21733530933e-19)
(56.0439414749 13.9072658378 2.2734239685e-17)
(57.3606173143 13.5193418518 -2.51839249141e-18)
(58.4288764632 13.1014701287 5.55403230599e-18)
(59.2771766719 12.6815881311 -6.81259826542e-18)
(59.9309900579 12.2792715067 -1.77569061753e-18)
(60.4115726912 11.9070384629 1.47985329383e-19)
(60.7426081699 11.5731050848 -1.74994794263e-18)
(60.9285764342 11.282086331 4.31337217562e-18)
(60.9984702912 11.0306364842 1.07469804131e-18)
(60.9646622922 10.8185632461 -4.46223326886e-21)
(60.8368049764 10.6474233156 -7.67904472938e-19)
(60.6294281767 10.5096924352 -3.03370090119e-18)
(60.3571317746 10.3972348396 2.22742350925e-18)
(60.0325887589 10.3028694726 -4.02082854402e-20)
(59.6665338088 10.2210888738 5.69197413515e-19)
(59.2670048238 10.1475082224 1.49897216785e-19)
(58.8395732607 10.077948425 -4.31324090537e-19)
(58.3884711362 10.0089979249 -4.90107372619e-19)
(57.917433347 9.93784360095 3.11682362846e-20)
(57.430143242 9.86219187321 -6.67722054999e-19)
(56.9304271175 9.779763585 2.34457963567e-19)
(56.4221874602 9.68790341087 1.24780105883e-18)
(55.9091545668 9.58342123514 1.11795485817e-18)
(55.3946267569 9.46369223502 -3.19336923927e-20)
(54.8818069669 9.32820765547 1.88591580591e-18)
(54.3728583408 9.18079424721 3.00183415712e-19)
(53.8733257695 9.02863607182 5.39993590928e-19)
(53.3809710242 8.88653833249 -1.3743510039e-21)
(52.8890000262 8.76746675962 5.13796592445e-19)
(52.4014812616 8.67695464287 2.50053387033e-20)
(51.9178364976 8.61415152283 2.93267774254e-18)
(51.4353688969 8.56691050308 5.9098414616e-19)
(50.9533395309 8.51616427365 1.84428411361e-20)
(50.4826308338 8.43668481958 6.33975249195e-19)
(50.0212381673 8.33096191602 -3.19309954283e-18)
(49.5750147828 8.13985827128 1.52797053977e-18)
(49.2377916258 7.96567805913 -2.53733263018e-19)
(48.8348538919 7.42141032416 1.24541184428e-19)
(47.5912959457 -6.86951504669 9.07294846137e-19)
(46.9010389482 -8.71550575471 -4.41698926589e-18)
(45.9604032411 -10.379625824 1.4458063278e-18)
(44.7262312222 -11.7561230894 -1.31542014263e-17)
(43.1444046897 -12.7919348108 5.16741202844e-18)
(41.1375921844 -13.6127518508 2.23370582425e-17)
(38.6110889591 -14.5564566224 8.35389809139e-21)
(35.4566799025 -15.9558229042 -1.07354571371e-17)
(31.717100936 -17.8565220453 -2.1199158506e-18)
(27.3418537591 -19.9730340224 -1.08589870993e-19)
(22.7407759431 -22.0850052116 -1.15766423603e-18)
(18.1763249998 -24.1848708561 -6.96936441576e-18)
(13.8510726925 -26.3662811156 -8.29809106615e-19)
(9.89141333846 -28.60944015 -8.77810518789e-18)
(6.32390269797 -30.7797764685 5.37603983574e-18)
(3.16461956647 -32.7609674214 1.67834618771e-17)
(0.452239208202 -34.4391782398 1.81340140672e-18)
(-1.79360959617 -35.7515422535 -7.67810229639e-18)
(-3.54710764156 -36.6138318785 4.50950053763e-18)
(-4.80382642386 -36.9592158934 -1.06329264998e-18)
(-5.53754985888 -36.7362639642 -2.20121851831e-17)
(-5.75059654828 -35.8835367852 3.80819045927e-18)
(-5.42485731699 -34.4155407375 -1.37411786891e-17)
(-4.59785227842 -32.305373157 -2.17098614896e-17)
(-3.20123288977 -29.5827236563 3.16587389221e-18)
(-1.27210670095 -26.362015131 1.10005576397e-18)
(1.08012370663 -22.6331482304 1.07313349511e-17)
(3.90924044039 -18.5854999011 -9.44705718728e-18)
(7.2210840976 -14.3475392735 -1.15052087913e-17)
(10.9004875536 -10.0504208155 -1.36576736185e-17)
(14.881113605 -5.85156590349 7.42574030373e-17)
(19.0734298644 -1.89544595535 5.05204389365e-19)
(23.3756031537 1.69721865842 3.04586158623e-17)
(27.6843573641 4.83656945188 1.24254693477e-17)
(31.9015874687 7.468795999 -4.0574522843e-17)
(35.9403173243 9.57651812302 2.62277930165e-17)
(39.7285156981 11.1750893312 1.40382043599e-17)
(43.2105251851 12.305216463 -3.15023652344e-17)
(46.3454748485 13.023511436 1.71878045567e-17)
(49.1167598279 13.4027840262 2.73767690294e-18)
(51.5267385019 13.5239884792 6.66172972821e-18)
(53.5904415674 13.4592700776 7.35851953015e-18)
(55.3355888463 13.2668328952 9.386195583e-18)
(56.7927748479 12.9941615217 -2.93117549328e-18)
(57.9906548396 12.6792101646 7.36634170938e-18)
(58.9557066308 12.3505584762 3.26597953899e-18)
(59.7117027512 12.0284768844 5.38039086952e-18)
(60.2808837073 11.7265690214 -3.10781387124e-19)
(60.679617216 11.4546790172 1.59638046152e-18)
(60.927517425 11.2163413141 -1.14886550827e-18)
(61.0430196922 11.0085511708 -1.09764346082e-18)
(61.0351684383 10.8333695641 -3.42029487302e-20)
(60.9228978259 10.6927260938 -7.4285538277e-19)
(60.7222026534 10.5788762892 -4.35567166484e-19)
(60.4489001075 10.4841528571 1.7117954274e-18)
(60.1178473399 10.4022594455 -3.56972253684e-19)
(59.7422194391 10.3290862426 6.24301759497e-19)
(59.3318828632 10.2611791524 -8.36383365322e-20)
(58.8935665801 10.1952031506 -1.70679399607e-19)
(58.4321526694 10.1282777631 -5.7057302334e-20)
(57.9516440121 10.0579063604 -1.30305758483e-19)
(57.4558510478 9.9818637222 4.59685811009e-20)
(56.9486713644 9.89797966186 -3.24003590737e-19)
(56.4340671018 9.80374284938 2.15191584879e-20)
(55.9158378721 9.69608829036 -6.73346376053e-19)
(55.3973283245 9.57264234531 4.93540629515e-21)
(54.8816745098 9.43316388328 9.95719684822e-19)
(54.3707705571 9.28170247689 2.25647799789e-18)
(53.8701253516 9.12570603163 -6.54216709982e-20)
(53.3771482104 8.98019597955 -5.45802712311e-19)
(52.8841351678 8.85815414824 -1.14456318635e-18)
(52.3947906912 8.76534646825 -2.64281183777e-20)
(51.9086380919 8.70008121077 6.59998055764e-19)
(51.4229769583 8.64980740684 -1.07000500672e-18)
(50.9367661044 8.59496540077 -1.23521097724e-18)
(50.4616352791 8.51010416706 7.13215750502e-19)
(49.9928205663 8.39823901845 1.15902420437e-18)
(49.5430203467 8.19503223416 9.48978982115e-19)
(49.2033292339 8.01184169672 -9.76195177403e-20)
(48.8023055869 7.44474624788 -3.8261165349e-19)
(47.6341705474 -6.77887012746 -1.0594488765e-17)
(46.9342175458 -8.24910094469 1.55827311874e-19)
(45.9530590869 -9.46912510539 1.56019939848e-17)
(44.6378353188 -10.3394051021 2.62036050118e-18)
(42.9284780452 -10.8278644634 1.8428870653e-18)
(40.7525226484 -11.0969947791 -6.63348769546e-18)
(38.0247270379 -11.5157486378 6.87389474719e-18)
(34.6620197709 -12.4144161054 -8.10062913749e-19)
(30.7993058393 -13.8869298409 5.01894226836e-19)
(26.1036175718 -15.722072701 1.10596547879e-18)
(21.5137071701 -17.9044137358 -6.82746227261e-18)
(16.9922094973 -20.3265265868 7.40639405111e-19)
(12.7189860376 -22.9349329467 -3.98135462168e-18)
(8.79685891684 -25.5980235269 1.81217328979e-18)
(5.24577495798 -28.1628062476 2.07314505883e-17)
(2.10411671921 -30.511078303 -2.11939196778e-17)
(-0.603817395891 -32.5522907404 -3.89817717624e-19)
(-2.87131300563 -34.2106457889 1.25955132249e-17)
(-4.64735631514 -35.3938893579 -8.90741946903e-18)
(-5.93619317609 -36.0502473801 9.62474540531e-19)
(-6.70488045218 -36.126687825 1.00421849368e-17)
(-6.95108607116 -35.5610843836 2.95452199664e-18)
(-6.65793360967 -34.3588513778 8.6500987366e-18)
(-5.86376093561 -32.5118929556 -2.46825418023e-17)
(-4.5065665121 -30.0345484193 -8.80957872552e-20)
(-2.62065902672 -27.0485832154 2.91942136642e-17)
(-0.309917028777 -23.5818227889 3.28047006365e-17)
(2.47007967746 -19.7397496866 -1.45918394532e-17)
(5.72904170949 -15.695221744 -1.34233211403e-17)
(9.35505084293 -11.5649729221 -1.29283614499e-18)
(13.2860359108 -7.49720855001 -6.2730935013e-18)
(17.4397579561 -3.63023664496 3.82723010471e-17)
(21.7212129136 -0.0812123116389 -4.07233526094e-17)
(26.0319346341 3.06037648623 1.63100645688e-17)
(30.27624105 5.73759937085 -7.83677064674e-17)
(34.3673346952 7.92744369066 4.30906468328e-17)
(38.2318245854 9.63810410993 -1.34145064806e-17)
(41.8117034299 10.9019552898 -3.19939578075e-17)
(45.0630515282 11.7665802457 2.51895243933e-17)
(47.9641248379 12.2954806485 -7.41207518271e-18)
(50.5128013151 12.5631893722 -6.32417718649e-18)
(52.7192520184 12.6380350714 -4.16846208963e-18)
(54.6059892162 12.5755649935 -1.29071391984e-17)
(56.1999689127 12.4218064546 2.33090500594e-18)
(57.5266653318 12.2143896101 -1.00576517414e-17)
(58.6098669893 11.9821738453 2.68085412953e-18)
(59.4713243887 11.7459929451 -2.83685874481e-18)
(60.1309886864 11.5203158934 1.67717588496e-20)
(60.6080093047 11.3154944842 3.3190819054e-18)
(60.9220440863 11.1342765341 1.32534755589e-18)
(61.0868888854 10.9769217001 -1.06455466737e-18)
(61.0965426839 10.843879898 2.52423429512e-18)
(61.0071842019 10.7356751447 -7.10698852376e-20)
(60.8180352946 10.6481660154 9.82256716574e-19)
(60.5453114336 10.5733380626 -1.50175206551e-18)
(60.2078688611 10.5052544604 -1.06091688492e-18)
(59.8222867218 10.4411480459 -7.85076367042e-19)
(59.400519033 10.3788852717 -3.63896704446e-19)
(58.9505736577 10.3162998881 0)
(58.4780953051 10.2510103858 1.3003519334e-18)
(57.9874148303 10.1809437291 3.61592968416e-19)
(57.4824687384 10.1040864962 9.01432497615e-19)
(56.967255048 10.0183346385 -1.57419749412e-19)
(56.4458062841 9.92128882245 7.82141226471e-19)
(55.9220113591 9.81006077748 -7.2029371987e-19)
(55.3992813594 9.68254633868 2.79937874283e-20)
(54.8806777676 9.53878444108 -9.83900575924e-19)
(54.3678055305 9.38306191691 -2.89896431935e-19)
(53.8660992661 9.22312180683 -5.1089643779e-19)
(53.3725645957 9.07417157364 1.13038443317e-18)
(52.8785874854 8.94919783209 -1.67772236806e-18)
(52.3874167804 8.85422394562 -5.5417316023e-19)
(51.8986457596 8.78659258789 -3.05596665496e-18)
(51.4096397493 8.73334138683 -1.24717029271e-18)
(50.9190192319 8.67444396976 -6.83568148813e-19)
(50.4391380098 8.58426511995 -1.37166206974e-18)
(49.9623116776 8.46607916355 3.06587214556e-18)
(49.5093935481 8.25017523349 1.19593946726e-18)
(49.1669240056 8.0579807196 -1.53061850339e-19)
(48.7676661087 7.46709328069 -1.86064873755e-18)
(47.7544642019 -6.56598457516 1.28904904695e-17)
(46.9724940399 -7.57158716868 -2.44351084012e-19)
(45.8636439996 -8.24631073477 -3.18991709811e-17)
(44.3703543147 -8.51510881462 -6.15144124989e-18)
(42.4407209836 -8.38766242111 1.17586911704e-17)
(40.026416377 -8.07647542375 1.95244792353e-17)
(37.0631412761 -7.97712430217 4.74830523998e-18)
(33.4847784236 -8.43525990041 -2.3302132218e-18)
(29.3370843467 -9.71706464429 -1.82890693049e-16)
(24.7846551234 -11.4666051378 3.86646889687e-17)
(20.227589302 -13.8109987194 -2.25895937409e-18)
(15.8170800113 -16.6346196151 5.85237576346e-18)
(11.6890593176 -19.6964246856 -2.04306391297e-17)
(7.89023724781 -22.7735079441 -1.52973551972e-17)
(4.43780220819 -25.7176769407 2.0003814329e-18)
(1.36464814303 -28.4120916851 1.51346004655e-17)
(-1.31125502738 -30.7988440705 5.49391134155e-19)
(-3.55557491132 -32.7865494801 1.4983241604e-17)
(-5.3299182693 -34.2872440908 4.59552693973e-18)
(-6.64123230951 -35.2422882511 -1.74266044312e-17)
(-7.44794445242 -35.6105500122 -1.39774878344e-19)
(-7.72474857918 -35.3232661265 7.26205512434e-18)
(-7.48275202639 -34.3665764944 6.03775295542e-18)
(-6.74079557208 -32.7755764053 -8.32607139862e-18)
(-5.44262507623 -30.5451248448 -9.95954420076e-18)
(-3.63446023216 -27.7800721689 1.37984301543e-19)
(-1.38609461382 -24.5639118534 -1.10007821788e-17)
(1.33759975212 -20.9239656483 -8.62110387094e-19)
(4.5217624828 -17.0626404105 3.59252797183e-17)
(8.07456755103 -13.0921101912 1.01758789819e-17)
(11.9344431506 -9.15140977943 -5.77292228283e-17)
(16.0248474733 -5.37269176167 2.78656646483e-17)
(20.2576038789 -1.86934934047 -5.71888992421e-17)
(24.5399955685 1.26998816099 1.01289151365e-18)
(28.7803312215 3.98625490437 2.70503854783e-17)
(32.89369061 6.25165655153 -4.77838584287e-18)
(36.8066816935 8.06778244978 -2.78350035014e-17)
(40.4597756049 9.45930715715 -1.25226269273e-17)
(43.8063357509 10.4654144261 -1.65835558226e-17)
(46.8194885831 11.1406591602 -1.64117666154e-17)
(49.4925955187 11.5530963277 -1.56508601795e-17)
(51.8310209514 11.7671679012 5.0196425242e-19)
(53.8519941471 11.8357536791 -9.38425492179e-18)
(55.5786551404 11.8033451277 7.28801204352e-18)
(57.0329774102 11.7069902772 -6.79704578343e-18)
(58.2354505312 11.5758210292 3.12764360934e-18)
(59.2047880147 11.4312921277 -2.41464971971e-18)
(59.9599590931 11.2870465936 -1.9587876111e-18)
(60.5220145127 11.1531554368 1.73068208426e-18)
(60.9019139038 11.0351926747 1.30385247002e-18)
(61.1068141058 10.9348800421 3.49473147631e-20)
(61.1607292622 10.8481363396 -7.66401050499e-19)
(61.0959596673 10.7752036805 -6.43789544255e-20)
(60.9175746979 10.7172709282 1.34532988647e-18)
(60.6450942328 10.6647419204 5.90741474942e-19)
(60.3013885305 10.6117743304 5.91925153469e-19)
(59.9059078348 10.5571970569 -1.12908246069e-18)
(59.4724721468 10.5006083432 0)
(59.0103984144 10.4411699038 2.24529955737e-20)
(58.5261892469 10.3772793286 3.9408169394e-19)
(58.0246862811 10.3071377178 7.34079416236e-19)
(57.5099863523 10.2290349042 7.65748781883e-19)
(56.9861869822 10.1409423939 -3.60292413508e-19)
(56.4574214459 10.0406055506 -4.40629782372e-19)
(55.9276868435 9.92539600721 4.30731128231e-19)
(55.400481363 9.79344364305 7.26456163027e-19)
(54.8788045927 9.64508194659 1.47418120008e-18)
(54.363943176 9.48486402297 9.21566021737e-21)
(53.8612041446 9.32087145142 -5.57216357572e-19)
(53.3671669578 9.1684514712 5.91913309087e-21)
(52.8723273466 9.04060670725 -1.11251736565e-18)
(52.3793625231 8.94358357979 -1.78229748829e-18)
(51.8878695773 8.87370997051 2.15754980197e-20)
(51.3953693403 8.81755026045 6.42515136214e-19)
(50.9000886526 8.75464968641 5.99634298983e-19)
(50.4150795014 8.659224144 6.26199227331e-19)
(49.929649592 8.53447932444 -1.97727594361e-18)
(49.4742033885 8.30524967809 1.80867887485e-18)
(49.1284550925 8.10400871081 2.26020873497e-19)
(48.7306422094 7.48828877186 -8.61288061893e-19)
(47.8540119648 -6.04515745445 -9.06875664439e-19)
(46.8805043182 -6.46330920576 3.68544106452e-18)
(45.5256666269 -6.48059231354 4.62898724196e-19)
(43.7464870598 -6.07424441417 -1.17101098019e-17)
(41.5164172348 -5.31353138671 4.43484883039e-18)
(38.8253950049 -4.46121768787 8.79313539756e-18)
(35.6242580555 -3.92661790805 -7.76655482172e-18)
(31.8375188366 -4.13752747263 3.97916323509e-18)
(27.6363968536 -5.20454485848 6.43237343805e-18)
(23.2214175719 -7.17111691198 -5.46097543757e-18)
(18.8474319153 -9.94425873794 8.10247460197e-18)
(14.6974210087 -13.2514415548 2.54205959171e-17)
(10.8181764974 -16.7513598925 -2.1958858437e-17)
(7.22131677072 -20.2097297021 -7.88863605464e-18)
(3.93524732907 -23.4996180666 3.88713365192e-17)
(0.987606613982 -26.5314342602 -2.57341923102e-18)
(-1.59982590599 -29.2308049778 2.50124247834e-18)
(-3.79509104562 -31.5160584955 1.61597206523e-17)
(-5.553248761 -33.310962949 -8.2966642501e-18)
(-6.86636117353 -34.5450249445 -4.53926911553e-18)
(-7.7127692365 -35.1848594784 -7.50925240843e-20)
(-8.00532610574 -35.1541940671 -3.993994608e-18)
(-7.87183466471 -34.4358693047 5.17443966023e-18)
(-7.19631484613 -33.0855566257 7.35239883474e-19)
(-5.98885718114 -31.098532074 -3.16638456114e-17)
(-4.29738942606 -28.5604569189 -2.52591623852e-17)
(-2.14155038375 -25.5538566503 -5.38005577486e-19)
(0.499954462828 -22.1191563434 -3.83331799048e-17)
(3.5814312722 -18.4339050369 1.14256723162e-18)
(7.03652440644 -14.6170119175 -2.56366117243e-18)
(10.8025850172 -10.7994386203 1.65265070292e-17)
(14.8067414164 -7.10776903006 -6.06578618475e-17)
(18.966352232 -3.65195542588 2.99733635022e-17)
(23.1942496499 -0.519433157952 -2.25675735727e-17)
(27.4034136612 2.22926925986 3.13056671688e-17)
(31.5119341532 4.56242268057 -5.87355655243e-18)
(35.4475564509 6.47585875358 -2.25196615216e-17)
(39.150192133 7.98730337643 1.09561806851e-17)
(42.5712384444 9.12833000491 -7.87664363127e-19)
(45.6790397593 9.94499863334 6.24203050842e-18)
(48.4624296298 10.4988287908 7.01290465279e-18)
(50.9220316197 10.8503134268 6.19054191367e-18)
(53.0697719248 11.049708596 0)
(54.9247860418 11.1398192128 -8.15117219244e-18)
(56.5053908668 11.1570699253 6.63840765193e-18)
(57.8283997575 11.1323413629 -5.42458208824e-18)
(58.9086868703 11.0843310705 1.24392413299e-20)
(59.763527875 11.0254100535 4.37495932721e-20)
(60.4087090089 10.9673364914 1.48367588633e-18)
(60.8549743879 10.9186940232 -1.2591622545e-18)
(61.1206007598 10.8791576007 -3.74527170605e-18)
(61.2250142507 10.8420813678 -3.02419677514e-18)
(61.1843757368 10.8106968558 1.17791037249e-18)
(61.0163420472 10.7866598259 -4.34166322736e-19)
(60.7451522287 10.7585238082 3.86512420463e-19)
(60.3966639949 10.7216716535 1.91382823384e-18)
(59.9921770642 10.6770760793 6.58337532171e-19)
(59.5472323376 10.6263356367 2.08809251172e-19)
(59.0727573205 10.5698705253 -3.36630999112e-19)
(58.5763304409 10.5071103617 -7.14737080468e-19)
(58.0634154077 10.4365782884 3.36270700281e-20)
(57.5383851423 10.3568143545 8.76232347691e-21)
(57.0054611704 10.2659453877 -4.87620625915e-19)
(56.4689177275 10.1618432523 -1.72205939973e-18)
(55.9328752083 10.0421909065 3.17998982102e-20)
(55.4009303729 9.90538019853 6.52045254478e-20)
(54.8760453581 9.75206829117 1.61936816271e-21)
(54.3591767134 9.58710284122 -1.05334901938e-18)
(53.8554262581 9.41894909844 1.09650244235e-18)
(53.3609530521 9.26301946398 -1.17899631987e-18)
(52.8653670374 9.13237986576 5.93783762107e-19)
(52.3706431921 9.03343634452 -1.85476109871e-18)
(51.8763145877 8.96147017324 -3.82487895796e-20)
(51.3801572404 8.90248741864 1.99104495873e-18)
(50.8799442567 8.83564903393 -3.5334961345e-20)
(50.3893869443 8.73505152951 7.12545735218e-19)
(49.8947700631 8.6034457909 1.92124514984e-18)
(49.4374985419 8.36023852173 -1.9258919616e-18)
(49.0877684562 8.14971724264 -4.06572460598e-19)
(48.6909885657 7.50819677761 -1.00683108169e-18)
(47.5698077035 -4.89210213568 -6.55877937612e-18)
(46.2847923101 -4.60212711962 -8.90998028501e-18)
(44.5836573983 -3.89227256391 -4.9543051792e-18)
(42.4566113754 -2.8138656544 1.37103691536e-17)
(39.9111779655 -1.49391683775 1.6113547345e-17)
(36.9686055049 -0.226512976602 -6.46037331108e-18)
(33.5713176346 0.571220816875 -1.0560180397e-17)
(29.7391610429 0.482278903327 -6.79367112956e-18)
(25.6317542924 -0.769308859355 8.79011636108e-18)
(21.474954434 -3.19569620543 1.09984490432e-17)
(17.4759733478 -6.51089783863 2.68564082742e-17)
(13.7045626208 -10.2919970034 -1.34778195633e-17)
(10.1554104736 -14.1808681484 -2.66820679543e-17)
(6.83641066899 -17.9756229269 2.10072130874e-17)
(3.77614629847 -21.5711529774 -2.90545508911e-18)
(1.00319523357 -24.8975007295 -9.79463351562e-18)
(-1.44981854241 -27.8768218049 6.69738524149e-18)
(-3.55706880112 -30.4371701172 -1.40528369246e-17)
(-5.2723091427 -32.4862576481 -9.73970654805e-18)
(-6.57154797298 -33.9690953652 1.12278334672e-17)
(-7.44686624214 -34.8441987209 4.47124948097e-18)
(-7.91875464513 -35.0474684052 -1.2306718377e-18)
(-7.84547872844 -34.570688301 -1.49351293828e-17)
(-7.18308975965 -33.4364966536 7.68279634841e-18)
(-6.11174303846 -31.6756631247 6.99726613098e-18)
(-4.57109745644 -29.3626760699 9.04969985264e-18)
(-2.54746798945 -26.5383385315 -2.40120282577e-18)
(-0.0407314495883 -23.3032490722 1.75239383541e-17)
(2.90158187539 -19.7907066682 -2.39121401195e-17)
(6.22598576729 -16.1232219324 1.8616047351e-17)
(9.87060771405 -12.4262012909 -2.89534150451e-17)
(13.7641077207 -8.82121176845 -9.18765996359e-18)
(17.8273607021 -5.41520555298 1.68023360582e-17)
(21.9774735254 -2.29443099273 -1.5171391547e-17)
(26.1316717088 0.479573066915 0)
(30.2114265614 2.87187811437 -1.06342015833e-19)
(34.14634373 4.87331819893 0)
(37.8765766494 6.49549166137 1.80243847039e-17)
(41.3524371893 7.76331076067 1.53525191513e-17)
(44.5381155492 8.71494025787 -3.32031808633e-18)
(47.4179885228 9.40534850517 1.38818444788e-17)
(49.9880906142 9.89104560179 -5.03667144133e-18)
(52.2551096651 10.2196853048 -8.53936456212e-19)
(54.2341823745 10.4321094611 1.82084285026e-18)
(55.9405029167 10.5665380518 3.36964853135e-18)
(57.3853005316 10.652696375 -2.78068478615e-18)
(58.5785145433 10.7035049746 2.23749379833e-18)
(59.534600563 10.7331009875 5.29779364832e-21)
(60.268362081 10.7562723324 -1.66739577671e-18)
(60.7943074651 10.7818922714 -1.16744328786e-18)
(61.1271457667 10.8072909514 9.27575483385e-19)
(61.2780990541 10.8263212571 7.61414560509e-19)
(61.2594233418 10.8419852887 5.74766566943e-19)
(61.1064868782 10.8553038268 -1.17740993446e-18)
(60.8422047159 10.8536525131 3.68887628691e-19)
(60.4923301993 10.8343245655 3.27680087451e-19)
(60.0802708203 10.8005709747 -2.01028383711e-20)
(59.6242135358 10.7561651132 -1.30063292356e-19)
(59.1372327287 10.7027547529 -4.63832196351e-19)
(58.6282716125 10.6406819196 -3.15799304051e-19)
(58.1034875708 10.569377269 -2.9610531456e-19)
(57.5676323963 10.487544012 -9.60374570487e-19)
(57.0250844703 10.3934727446 7.22395519192e-19)
(56.4803032128 10.2851357099 -8.28086167471e-19)
(55.937583985 10.1605252148 -2.09535467056e-19)
(55.4006334925 10.0183931364 -7.47872400293e-19)
(54.8723972788 9.8597570574 -5.2366382328e-19)
(54.3535005351 9.68977321693 -1.0860502304e-18)
(53.8487668391 9.51735407771 1.1486191873e-18)
(53.3539375569 9.3578543297 3.54626325244e-21)
(52.8577220608 9.2245012944 1.94271180631e-20)
(52.3612609957 9.12378862641 1.82878674028e-18)
(51.8639726311 9.04990061937 5.77479458754e-19)
(51.3639861241 8.98820038604 -1.34765136853e-18)
(50.8585495396 8.91750723914 7.2101999138e-19)
(50.3619839315 8.81181293853 5.57913241971e-19)
(49.8576186771 8.67297802519 1.26833395294e-18)
(49.3993199171 8.41514171411 -4.62561507627e-19)
(49.044552651 8.19525221724 -2.2493442755e-18)
(48.6485722197 7.52670043037 6.18316330089e-19)
(46.1951033619 -2.65174979297 -1.33335196558e-18)
(44.5668333451 -1.64203458062 -2.99148939468e-18)
(42.5315548734 -0.270553384906 -1.71668796768e-18)
(40.1217145375 1.34580734237 -1.33003946785e-17)
(37.3666657866 3.04910271317 7.62946395943e-18)
(34.279467008 4.53698334282 2.02322032655e-17)
(30.844020548 5.36944252506 5.85436762228e-18)
(27.1398340687 5.05319195778 -1.87600089428e-18)
(23.3535797586 3.29290394816 -8.81022524462e-18)
(19.679200924 0.233564189912 2.5714441504e-17)
(16.1974342976 -3.64442397331 -2.31794622152e-17)
(12.8892653923 -7.84467799103 -2.28760509113e-17)
(9.73706393775 -12.0542517497 -3.68527285975e-19)
(6.75482578971 -16.1263246864 6.66479208787e-18)
(3.97386381021 -19.9809166986 6.17095611667e-18)
(1.42627585463 -23.5517679449 2.3504344765e-18)
(-0.854769937663 -26.7675573163 8.62244569014e-18)
(-2.83443342423 -29.5592462651 -7.8990963629e-18)
(-4.47626428722 -31.8314660045 1.64368136853e-18)
(-5.74302337819 -33.5357885025 3.9447360383e-18)
(-6.62067685252 -34.605718169 1.39592320859e-18)
(-7.06179996484 -35.0141698117 4.63863822536e-18)
(-7.07026172846 -34.7490388254 1.175420364e-17)
(-6.64555315696 -33.8100003039 -1.65539800365e-17)
(-5.75807803499 -32.2574015195 2.57576271585e-17)
(-4.4050493693 -30.1349167627 5.04819623879e-19)
(-2.56675267636 -27.4971607801 1.55547703554e-17)
(-0.257656975205 -24.4510745654 4.79330678745e-17)
(2.49432025475 -21.1096181155 2.5461276173e-17)
(5.643094261 -17.5906103975 -1.08817973082e-17)
(9.12897121934 -14.0145479331 8.30749685033e-19)
(12.881506685 -10.49824441 1.9851635522e-17)
(16.8229463489 -7.14587539289 -3.41933632886e-17)
(20.8725088128 -4.04273878243 2.61862751094e-17)
(24.9501113254 -1.25128913141 1.65784978659e-17)
(28.9798870712 1.1908086705 1.39116644476e-19)
(32.8933506875 3.27006132307 -1.10245857268e-17)
(36.6313323326 4.99270207554 0)
(40.1437755422 6.37787266686 -5.62560354058e-18)
(43.3915521948 7.45662087001 -6.31182923688e-18)
(46.3547156455 8.2774332029 -9.39988283791e-18)
(49.0249258493 8.89277206383 -4.21676295731e-20)
(51.4039163779 9.34762646264 8.14537527526e-18)
(53.5039476513 9.68210605701 1.75556036657e-17)
(55.3356195769 9.93808198646 8.61558513366e-18)
(56.9016859292 10.1350115065 4.78114279376e-18)
(58.2077806889 10.2843912383 4.42891468883e-18)
(59.2683785776 10.406384188 8.01168894742e-22)
(60.09832441 10.5166678511 -1.33399354644e-18)
(60.7111056235 10.6218488742 -3.23691637004e-18)
(61.1170999395 10.7188091152 1.73534565565e-18)
(61.3189505538 10.8021764551 8.17133620383e-21)
(61.3079559465 10.8694729954 -1.50289996365e-18)
(61.185708818 10.9205991636 3.52797692965e-19)
(60.9364494239 10.9480829992 3.99143525466e-19)
(60.5876591638 10.9488498287 -9.14716092115e-19)
(60.1691181071 10.9276141812 -6.86492238099e-19)
(59.7026041888 10.8902833455 -2.29386223205e-19)
(59.203270828 10.8400691655 8.32486669154e-19)
(58.6816610838 10.7782907735 -1.45545826599e-19)
(58.1447528571 10.7056792261 -2.42588656546e-20)
(57.5976677244 10.6213166674 1.15478979847e-19)
(57.0450473816 10.5235686321 1.87299266941e-19)
(56.4915887117 10.4105215552 -9.20153363479e-20)
(55.9418259658 10.2804459119 4.69087762095e-20)
(55.3996045636 10.1325153544 -9.26044945748e-19)
(54.8678661045 9.96816196527 4.87324134139e-19)
(54.346924838 9.79287534036 1.58437391539e-18)
(53.8412417837 9.61608780977 5.77089527987e-21)
(53.3461311562 9.4529461899 3.70306542363e-20)
(52.8493879573 9.31696694927 -8.48190237344e-21)
(52.3511971416 9.21464152289 3.13356034126e-18)
(51.8508241857 9.13901846779 -6.59561891202e-19)
(51.3468360906 9.07472906714 1.29626142889e-20)
(50.8358647286 9.00028886958 -9.21477906271e-20)
(50.3327904593 8.88956641185 3.68837203814e-18)
(49.8181693467 8.74305551043 -2.57350059767e-18)
(49.359688499 8.46995301435 1.46818933606e-19)
(48.9985221542 8.24078164664 5.41105392178e-19)
(48.6032292156 7.54371336109 2.44064426047e-18)
(42.8166692179 0.997254045527 -7.89162107703e-18)
(41.0388785253 2.52197888601 -8.98962914402e-18)
(38.8975544644 4.31673107525 -2.67781518381e-18)
(36.450581859 6.22767533517 -2.50584941561e-18)
(33.7210041339 8.08620589834 -1.74223748569e-17)
(30.7119953226 9.56052528695 -1.80179749129e-17)
(27.4731937857 10.1105201947 1.47387510295e-17)
(24.1613010471 9.19543224115 -6.88079827477e-20)
(20.9653478024 6.6627656241 5.99601052081e-18)
(17.9566442756 2.906626216 -3.76521687633e-18)
(15.0861696216 -1.45691590646 -1.87745969009e-17)
(12.2995072767 -5.97138995572 -1.85396399375e-17)
(9.59249959205 -10.4159969055 -4.02918783474e-18)
(6.9886760959 -14.6963019242 -9.45106146837e-18)
(4.52501228074 -18.7504568846 -4.41455624907e-18)
(2.23725948186 -22.5154755181 -4.48161066963e-18)
(0.163242629973 -25.9229235407 -8.89973949093e-18)
(-1.64995124683 -28.8943686195 -5.92489137103e-18)
(-3.18927572725 -31.3550884038 1.75629144079e-18)
(-4.3843789203 -33.2407936086 2.95537660194e-19)
(-5.24121792122 -34.4805742249 1.10668859082e-18)
(-5.74965457344 -35.0533891662 -1.12116766609e-17)
(-5.84749364004 -34.9425481457 1.47526223532e-17)
(-5.56846930028 -34.1812654461 -7.4149313912e-19)
(-4.87825192865 -32.8034902609 1.42327258005e-18)
(-3.74521243144 -30.8486172337 -2.52102257247e-17)
(-2.15727040387 -28.394598157 1.12156432854e-18)
(-0.10718521423 -25.5309413463 -5.97941577396e-20)
(2.39233061975 -22.3604225727 -1.17294713851e-18)
(5.30715640899 -18.9932422167 -1.14773936258e-17)
(8.58410491932 -15.5431403163 2.49100755002e-17)
(12.1550996296 -12.1215895129 -1.89181921342e-17)
(15.942709965 -8.82981374743 -3.81583065567e-17)
(19.8659888554 -5.75231781038 6.83536499983e-18)
(23.8451506684 -2.95261342935 -1.39386990512e-17)
(27.8051785033 -0.471023595074 6.24169053735e-18)
(31.6785580525 1.67502411503 -1.15856134562e-19)
(35.4065599178 3.48698210267 1.22733382122e-18)
(38.9389904334 4.97895467305 5.55073160731e-18)
(42.2342752078 6.17576405538 6.45805080931e-18)
(45.2683346628 7.11954923102 4.15423620692e-19)
(48.0287533065 7.85859843037 -2.78383674838e-18)
(50.513460832 8.43583626939 4.38814428968e-19)
(52.7324216467 8.89361284662 5.99278998167e-18)
(54.6870461738 9.2705228278 2.59055267573e-18)
(56.3708990957 9.57348238727 2.46739796196e-18)
(57.7908668968 9.82305216718 3.85711708848e-18)
(58.9614154804 10.0439865055 -3.30582928385e-18)
(59.8926996032 10.2489382341 1.72389619663e-19)
(60.5912946278 10.4404003387 -1.98588950275e-18)
(61.0633170043 10.6153353827 -8.9122699061e-19)
(61.3186931863 10.7672481964 -5.7489801826e-19)
(61.3685220615 10.8889870142 -7.04846553188e-21)
(61.2700636815 10.9814512972 3.88271141896e-19)
(61.0288710005 11.0421266799 -2.57281633275e-19)
(60.6804447699 11.0654992169 -1.24489483664e-18)
(60.2569825175 11.0586228011 9.32890692781e-19)
(59.7813562636 11.0287655053 -2.46740092743e-19)
(59.2702925708 10.9813022383 2.35488336188e-19)
(58.7360965328 10.9198406971 -8.49618308817e-19)
(58.1869525575 10.8455594637 1.08564748349e-18)
(57.6283811094 10.7582060384 8.56221736288e-19)
(57.0653222473 10.6562902643 -8.51461372571e-19)
(56.5027871492 10.5380436753 1.4834159795e-20)
(55.9456193993 10.4020194694 -2.10480619919e-19)
(55.3978623903 10.2477963049 -4.61995659887e-19)
(54.8624609506 10.0772964405 -1.01696561947e-18)
(54.3394569966 9.89640300017 5.53870815791e-19)
(53.8328843411 9.71513092247 -1.75185775915e-18)
(53.337575936 9.54829528248 6.05949751923e-19)
(52.8403856998 9.40979172369 -6.54652769731e-19)
(52.3404473346 9.30601149433 1.94854581709e-18)
(51.836860053 9.22885191496 -3.38425054286e-18)
(51.3286940096 9.1621183848 2.14831303675e-18)
(50.8118492616 9.08406477247 2.10855685149e-18)
(50.3017209841 8.96837357178 -2.25562754122e-18)
(49.7764164472 8.81366613179 -1.26771751228e-18)
(49.3185829908 8.52467830869 2.88583688464e-18)
(48.9493991262 8.28644229584 4.49063672531e-18)
(48.5550431803 7.55920162737 5.30484596609e-20)
(36.9541482626 5.7085304354 1.75789718297e-17)
(35.4337758891 7.45705409325 -8.91173434515e-19)
(33.5745009718 9.41225466384 -5.60016787352e-18)
(31.4285343483 11.4069007804 2.9140573869e-17)
(29.0102372331 13.2313521094 1.01434678204e-17)
(26.3697240379 14.4197666681 -1.82568321347e-17)
(23.6594865616 14.3042494782 -1.45432537792e-17)
(21.0799195057 12.4488675867 0)
(18.7045809332 9.03601369343 1.16682527846e-17)
(16.4576118432 4.69250830999 -5.34385900449e-18)
(14.2295150911 0.00786361189046 7.95748895841e-18)
(11.9834257458 -4.69238041589 -5.53404886738e-19)
(9.73984399603 -9.28142805027 -1.72645596445e-17)
(7.53278001075 -13.6990147932 8.80322285342e-18)
(5.40620263041 -17.8922722121 -2.60467236895e-17)
(3.40135248657 -21.8002187283 -3.16879285586e-19)
(1.56364822577 -25.3519345258 1.21226973897e-18)
(-0.061390890418 -28.4628840241 -2.90910907845e-18)
(-1.45468536125 -31.0694494348 4.46007138374e-18)
(-2.56339390226 -33.0874531172 -2.48643951056e-19)
(-3.38200264159 -34.4562384334 -1.43580273694e-20)
(-3.88995351451 -35.150121799 2.16846489316e-18)
(-4.08088792043 -35.1693885782 -1.1037987635e-17)
(-3.94346780779 -34.5398287626 1.25322939595e-17)
(-3.44735323657 -33.2919020509 -1.24702153738e-17)
(-2.566666089 -31.4883059589 5.23039335554e-19)
(-1.27103444424 -29.1994236888 -2.21549213223e-17)
(0.463563884617 -26.5087152128 -2.17810615626e-17)
(2.64495445099 -23.508897257 1.20310928448e-17)
(5.25788246216 -20.2996440707 2.24392126929e-17)
(8.26255317243 -16.9851897822 -2.67477990483e-17)
(11.597959585 -13.6696821139 -1.24928134675e-17)
(15.1886116936 -10.4501923085 3.35136643055e-17)
(18.9524303349 -7.41003549723 -6.47629693636e-18)
(22.8075322059 -4.61383030518 -5.20557329804e-18)
(26.6771196715 -2.1046869981 2.24443083175e-17)
(30.4925974713 0.0960507878747 -1.81667442893e-18)
(34.1945099349 1.98532377716 -5.65900028959e-18)
(37.7319939111 3.57263888561 5.0758606083e-18)
(41.0615262294 4.87737558057 -6.27823864032e-19)
(44.1551483369 5.93557086284 7.97859759095e-18)
(46.9969758656 6.79146573192 -6.49104429746e-20)
(49.5826899613 7.48762456059 -5.92259008851e-18)
(51.916923805 8.06836471317 -5.64966538303e-18)
(53.9881189288 8.5578374004 -2.5029257392e-18)
(55.7868405729 8.96458166032 1.11799772979e-20)
(57.3247086427 9.32099808342 -1.86633737745e-18)
(58.610714513 9.64911491364 9.29752973365e-20)
(59.6459778133 9.95394633632 -1.19649839375e-18)
(60.4328423801 10.2367631853 2.74561999834e-18)
(60.9797249161 10.4944950347 2.07053540237e-18)
(61.3002407379 10.7179127632 -4.98864594346e-19)
(61.412756848 10.8976977592 7.93292594044e-19)
(61.3378236628 11.0381651906 -1.05813164254e-20)
(61.1101993477 11.1360860104 -9.64902736029e-19)
(60.7676038865 11.1837358799 1.16409866269e-18)
(60.3426107436 11.1921335724 5.52531936873e-20)
(59.8593521313 11.1706227699 -1.35731429231e-19)
(59.3374772504 11.1264717624 -9.27478118933e-19)
(58.7912324263 11.0653192038 1.24744641296e-18)
(58.229864841 10.9891661212 -1.16603233574e-19)
(57.6596291484 10.8983753029 6.10567176762e-19)
(57.0858314692 10.7918236403 4.06895283673e-20)
(56.5138776155 10.6678586254 1.57978864238e-19)
(55.9489744708 10.5253436821 2.43241729064e-20)
(55.3954228513 10.3642961647 2.74964470983e-19)
(54.8561983819 10.1871855607 1.01256991331e-20)
(54.3311086279 10.0003569524 5.5178151026e-19)
(53.8237234024 9.8144491599 -3.05593512725e-21)
(53.3283197377 9.64389663696 6.15184524678e-19)
(52.8307682955 9.50299535406 -1.64504061123e-20)
(52.3290522399 9.39793251911 -1.31710361051e-18)
(51.8221068895 9.31944695726 7.3027786423e-19)
(51.3095631385 9.25042788063 -8.03210748159e-19)
(50.786464721 9.1689134537 1.55051146777e-18)
(50.2686929188 9.0482979218 -2.23420090078e-18)
(49.732347734 8.88479939096 1.35419905723e-18)
(49.276051087 8.57938195935 -2.42058362425e-18)
(48.8967479293 8.33242868433 1.33835102349e-18)
(48.5034688545 7.57275961823 7.79906659483e-19)
(28.9384201139 10.6574830606 -6.2310922472e-18)
(28.1224429443 12.3796784114 1.58192958784e-17)
(26.9166770064 14.3552088307 -6.82946374131e-18)
(25.364493055 16.3599944902 -1.72995051789e-17)
(23.5439303891 17.9689647397 2.81672022948e-17)
(21.6409741968 18.4887459866 2.92122166934e-17)
(19.8563355827 17.3007132032 9.056232825e-18)
(18.2806874595 14.3768378448 -1.2409409906e-17)
(16.8199733534 10.2531014075 1.3378013921e-17)
(15.3216036457 5.57824953453 4.92930809168e-17)
(13.7060845408 0.769342850036 -1.49295718776e-17)
(11.9831021848 -3.99362276718 3.89898140112e-18)
(10.1921433622 -8.64054663641 1.99769040076e-17)
(8.37775569847 -13.1264127574 4.02105588604e-18)
(6.58880526227 -17.4007836252 9.55291335902e-18)
(4.87357692259 -21.401492885 3.58565005737e-17)
(3.28336631621 -25.0522685274 -1.26166309709e-17)
(1.85710271121 -28.2689132506 6.56312355854e-18)
(0.633333932078 -30.9775725348 -3.0359745476e-18)
(-0.3560970405 -33.0874131753 -8.21442050249e-20)
(-1.11179760185 -34.5420403233 -1.67097525095e-18)
(-1.60859644841 -35.3182865793 1.98099496953e-17)
(-1.84328175226 -35.4197112369 -3.53614123393e-18)
(-1.81533251055 -34.8699594224 -8.06422343662e-19)
(-1.5004833689 -33.7213248571 -9.18193195258e-18)
(-0.868793807829 -32.0355648191 1.57377521353e-17)
(0.117602290438 -29.886485686 -2.38301004227e-17)
(1.49933497251 -27.3539550699 -7.38508562411e-18)
(3.30707592442 -24.5213452417 9.9677509477e-18)
(5.55043738796 -21.4761004727 1.08389864272e-17)
(8.21140451885 -18.3099896447 -8.57824676305e-18)
(11.2440963729 -15.1167349074 -1.17946184986e-17)
(14.5804624943 -11.9867272229 3.3171835919e-17)
(18.139429076 -9.00059793142 1.29873095758e-17)
(21.8362488125 -6.2235522266 1.18577028401e-18)
(25.5899058276 -3.70153820491 -1.2412874944e-17)
(29.3279072583 -1.46002811903 1.28201626606e-17)
(32.9878226042 0.49334570417 1.30017270573e-17)
(36.5166215252 2.16357486192 -5.08893308611e-18)
(39.8685008224 3.56508496174 1.25329706135e-17)
(43.011771573 4.72821186655 3.97006263763e-18)
(45.9277105772 5.69376085244 2.61629129126e-19)
(48.609624494 6.50482748739 -3.13699702254e-18)
(51.0515726692 7.20308240881 -6.41874333949e-18)
(53.232465526 7.79610476543 -6.964805866e-18)
(55.1473137536 8.31155497787 4.64225228146e-20)
(56.8075600129 8.78296677164 -3.26387886386e-18)
(58.2114652712 9.22137834483 2.85303641497e-18)
(59.3542382523 9.62830048299 -2.08486359251e-18)
(60.2385186971 10.0060873385 1.58838035321e-18)
(60.8720630367 10.3506632054 6.60473598546e-20)
(61.2638576243 10.6507979283 3.70441390703e-21)
(61.4261336566 10.8962303524 -6.92216130359e-19)
(61.3712992506 11.0893537854 9.57996285108e-19)
(61.1772659579 11.2268393869 -1.0193695336e-19)
(60.8480877761 11.3013333822 1.03504929699e-18)
(60.4244818196 11.3266664806 -7.97790837249e-19)
(59.9355982891 11.3148155328 1.82405681752e-19)
(59.4041176101 11.2754383218 8.67256771077e-20)
(58.8464996461 11.2143865944 1.13349985724e-18)
(58.273148776 11.1363470422 -7.5810061857e-19)
(57.6912150824 11.0418777794 -6.20892564503e-19)
(57.1064826397 10.9302736339 -3.11027447596e-19)
(56.5248144114 10.8000889044 1.79505946315e-21)
(55.9518823729 10.6504902315 7.26058400828e-19)
(55.3922980954 10.4820657504 -5.16315018317e-19)
(54.8491017232 10.29786693 5.43979351361e-20)
(54.3219013483 10.1047532373 1.11427092951e-18)
(53.813776079 9.91402707102 6.45401515906e-19)
(53.3183890705 9.73974002422 1.2517121735e-18)
(52.8205857262 9.59660026153 1.95273103581e-18)
(52.3170790434 9.49044772434 -1.8344889597e-20)
(51.806623645 9.4108676157 3.60201396383e-18)
(51.2894617658 9.33973792507 7.61698061412e-19)
(50.7596710613 9.25492602034 -2.34471422471e-18)
(50.2336237128 9.12940279258 -1.76113224117e-20)
(49.685953185 8.95642129174 5.62914761211e-20)
(49.2321257847 8.63416078882 -2.42364023755e-18)
(48.8402928659 8.37889092802 -2.06685399544e-18)
(48.4481458392 7.58402066552 6.01647461437e-19)
(19.7573398398 14.9297361502 -4.75040294211e-18)
(19.9891730483 16.5796951052 -2.35116308886e-17)
(19.6656768429 18.6139828265 7.06768496025e-18)
(18.919137367 20.5287780556 1.30925491083e-18)
(18.0685127311 21.5546119785 -2.08712254101e-17)
(17.2928977601 20.922541922 -1.17729437374e-18)
(16.6910284881 18.5719527229 -1.68399062725e-17)
(16.1529086317 14.8387447997 -2.60576983784e-18)
(15.5134647461 10.3821385857 1.85301875191e-17)
(14.6627127577 5.65461993541 -1.47582098693e-17)
(13.5897353939 0.885401560748 -3.65811299027e-17)
(12.3389559402 -3.83853382232 6.25351008053e-18)
(10.9642112621 -8.46777501966 1.13435118533e-17)
(9.51731577257 -12.9593185455 -2.94056034173e-18)
(8.05016208431 -17.2616058841 3.85978667298e-17)
(6.61707261383 -21.3073727408 -1.20983105544e-17)
(5.26900906908 -25.0147515789 9.39467996967e-19)
(4.04200683275 -28.2975741969 2.05559644266e-19)
(2.99251628555 -31.0696720706 -1.76170880086e-18)
(2.14072212609 -33.2331292003 -8.19286495293e-18)
(1.46635683986 -34.7364937068 7.77843150089e-18)
(1.0120535813 -35.55516955 3.80230294216e-18)
(0.763268646067 -35.6903851775 -8.17383171651e-18)
(0.716539474121 -35.1826679256 -2.02986678272e-18)
(0.887018124927 -34.0903903355 8.06512532996e-18)
(1.29906393261 -32.4836667743 4.0071844092e-18)
(1.99155761992 -30.4420957664 2.47108346319e-17)
(3.01508693916 -28.0454823689 -8.35451128221e-18)
(4.41988781282 -25.3701221116 2.86336361863e-18)
(6.24213716721 -22.4911897769 -1.7917648277e-17)
(8.4922360202 -19.4857923997 1.15114079398e-17)
(11.1488846534 -16.4337764792 -4.21327960582e-18)
(14.1607124825 -13.4151825635 -6.8439949706e-18)
(17.4542432515 -10.505069345 -1.02254763651e-17)
(20.9447691697 -7.76759357727 -1.53062903271e-17)
(24.5467063811 -5.25104155487 -1.26987849187e-17)
(28.1813477831 -2.98518638099 1.86748696465e-17)
(31.7804280758 -0.982610676065 -6.76322082358e-18)
(35.2862722486 0.7569196399 -1.35097900862e-17)
(38.6492713893 2.24310816321 1.21699568432e-17)
(41.8334889459 3.50106897857 -4.55708812381e-18)
(44.8170387492 4.56879704308 -4.08324043153e-19)
(47.5888457928 5.48853024032 1.74075711863e-19)
(50.1295112724 6.29351937845 -3.50494802071e-18)
(52.4166439371 6.98979623136 -2.23401842545e-18)
(54.4518280602 7.62046412837 -6.55345346099e-20)
(56.2364976348 8.20847791703 3.0512278106e-18)
(57.7595257029 8.7566163759 1.5128188283e-19)
(59.0137936181 9.26845869148 9.75424068596e-19)
(60.0000353483 9.7456176115 -2.30732965486e-18)
(60.7227542128 10.1823520705 -5.16273115826e-19)
(61.186455737 10.5662028608 7.98822908192e-19)
(61.3996996475 10.8843973761 -5.63352515744e-19)
(61.3883456816 11.1327756828 2.29990955804e-21)
(61.2373554435 11.3112170961 3.86123603531e-19)
(60.9201037166 11.4169050789 -1.13864274423e-18)
(60.499585267 11.4625435731 3.7378120317e-20)
(60.0081396064 11.4616070941 0)
(59.4692533391 11.4271387495 8.91170732801e-19)
(58.9012917175 11.3668674415 -5.29797235254e-19)
(58.3165526077 11.2868654183 7.96221025998e-19)
(57.7229916434 11.1885016326 -6.52118595856e-19)
(57.1271859717 11.0715291286 -7.18717130228e-20)
(56.5355618026 10.9346957578 6.6634656296e-19)
(55.954337943 10.7774891973 5.2723794086e-19)
(55.3885101864 10.6011298869 1.02823375578e-18)
(54.8412077573 10.4093544434 -4.64380326231e-19)
(54.3118777228 10.2095998487 -2.33634802384e-18)
(53.8030566356 10.013856425 1.21038678284e-18)
(53.3077903967 9.83582136702 -1.34269030283e-18)
(52.809869617 9.69063408632 -6.97148365845e-19)
(52.3045926782 9.5836043052 6.94016320876e-19)
(51.7904789005 9.50319381891 -7.27938128162e-19)
(51.2684107864 9.43014078581 -8.08156869895e-19)
(50.7314143432 9.34220147675 -2.33024118589e-18)
(50.1964226563 9.21173385499 -2.39034965721e-18)
(49.6372168449 9.02848794516 -3.06494171786e-18)
(49.1869165181 8.68910888109 4.07130799055e-18)
(48.7791718897 8.425890543 -1.32011449325e-18)
(48.3881624373 7.5921284158 1.2649609623e-18)
(10.7591176782 17.3407234709 6.72702465744e-18)
(12.2644422614 19.4691433327 1.21765961667e-18)
(13.0741819111 21.7611248623 3.23590028809e-19)
(13.4252929402 23.1610272518 1.81796088874e-17)
(13.7768295737 22.8772707488 7.89405157415e-18)
(14.2425178837 21.1321465414 -2.16125899438e-17)
(14.6807091854 17.9778607546 -7.29087534276e-18)
(14.9329725931 13.974888877 2.5059352411e-17)
(14.8964086394 9.56655882806 2.18613536323e-17)
(14.5489960989 5.00631762131 -2.66295448487e-17)
(13.9233687446 0.38909669653 3.09324633664e-18)
(13.0775895944 -4.21656624724 -8.8140893465e-18)
(12.0684202601 -8.76285010712 -7.03330254852e-18)
(10.9512818927 -13.2038622431 0)
(9.77923993372 -17.483210993 8.33214904277e-18)
(8.60810995056 -21.5282369158 -9.62354621826e-18)
(7.48547493427 -25.2499342245 1.24505879722e-17)
(6.45477126943 -28.5563417918 -5.37591270101e-18)
(5.57339779554 -31.3472313377 2.72296871246e-18)
(4.82839573772 -33.5249852209 2.0372817391e-18)
(4.26325075779 -35.0408946818 6.77242819107e-18)
(3.8647807161 -35.8566179481 -1.45641852597e-17)
(3.62088212827 -35.9830672156 -6.48029887468e-18)
(3.5309716013 -35.4748754214 -5.48676964256e-18)
(3.59854091088 -34.3964480798 9.42828919372e-18)
(3.83826546498 -32.8267282023 4.44346669793e-18)
(4.28188598359 -30.854249281 1.38341342844e-17)
(4.97991635878 -28.5625249602 -4.14628710502e-18)
(5.99273941964 -26.0244886215 2.04242384316e-17)
(7.37759728156 -23.3053513269 -9.94205805311e-18)
(9.17390646146 -20.4674996207 3.95675394131e-18)
(11.391483746 -17.5744803441 1.44190346829e-17)
(14.0057768994 -14.6920213126 8.18357317978e-18)
(16.9613279617 -11.8854172511 -1.05100954726e-17)
(20.1813593705 -9.21448790628 4.10087536021e-18)
(23.5797736093 -6.7279618162 -6.42358016418e-18)
(27.0721208644 -4.45929428938 -1.25494252158e-17)
(30.5824537389 -2.42624985645 -1.3581680278e-17)
(34.0457302919 -0.633701910835 4.21628565866e-19)
(37.4060505382 0.923272163493 -4.8741564634e-18)
(40.6214151204 2.26487887689 -6.05540440254e-18)
(43.6650882743 3.42590686469 5.49469921288e-18)
(46.5181573477 4.44536381903 -2.0807182356e-18)
(49.1511850679 5.3466133103 -6.44338423428e-19)
(51.5455050525 6.1501401985 6.68550065268e-19)
(53.7024767091 6.89704334786 -1.55544200873e-19)
(55.6109550099 7.5981748219 2.25347958731e-18)
(57.2544562813 8.25716316658 2.11982278589e-19)
(58.6231385161 8.87793039335 3.01423615834e-18)
(59.71348973 9.45910760126 -1.20145613596e-18)
(60.5271245777 9.99242633928 -1.54740021363e-19)
(61.0697236868 10.4645520166 -4.62850139291e-19)
(61.3492304387 10.8597435355 -2.05296432806e-19)
(61.3885914139 11.1665465672 -2.89572435732e-19)
(61.2681444846 11.3892572953 -2.39475733955e-19)
(60.9733434734 11.5306045168 -5.64935889493e-19)
(60.5643168398 11.5992125558 3.60047195646e-20)
(60.0745396044 11.6114929282 -1.93959183419e-19)
(59.5308518134 11.5816309849 5.88389353438e-19)
(58.9540276803 11.5226883437 -7.49356559585e-19)
(58.358659603 11.440555026 2.61532228177e-19)
(57.7539101605 11.3380870569 -9.18456243587e-20)
(57.1471455816 11.2153920767 4.20453133269e-19)
(56.5454781851 11.0713606036 9.03889730902e-19)
(55.9558026042 10.9060018528 1.2652821303e-19)
(55.3836035863 10.7211361692 1.08263815111e-18)
(54.8321402446 10.5212905532 -3.83817782864e-20)
(54.3007292224 10.3145704307 -6.01799165393e-19)
(53.791281058 10.113656699 -9.91097218188e-19)
(53.2962447034 9.93191764306 -1.02117483033e-18)
(52.7983761823 9.78490986572 -1.48408566916e-19)
(52.2914071059 9.67725082936 -3.4827893199e-18)
(51.7734929875 9.59636542874 -2.81862598039e-19)
(51.2462136947 9.52160485875 1.6834739548e-19)
(50.7014708783 9.43074118245 -1.92308302297e-18)
(50.1568932161 9.29517038929 -1.46063432236e-18)
(49.5860541452 9.10092087695 -3.57590092948e-19)
(49.1405176731 8.74415196082 4.2453209503e-18)
(48.7124408484 8.47365428877 -3.312049466e-20)
(48.3213134935 7.59587474936 2.23070975225e-19)
(17.7661660465 43.2931791782 -5.14659481743e-15)
(7.37582469439 12.93239799 -1.4651678193e-15)
(-1.10890283765 0.339239985366 1.76739976553e-17)
(-5.5347794392 -1.33024298597 1.80205553827e-17)
(-6.74994083711 -1.17650008569 -2.56620432585e-17)
(-6.32608358188 -1.2603652039 -3.55335358155e-18)
(-5.41188887383 -1.01518192302 1.84913403314e-19)
(-4.89567797827 -0.688884171517 1.43063382477e-18)
(-4.55497569416 -0.328323660068 4.87609167068e-18)
(-4.37262082672 -0.098535109147 -1.31372436745e-18)
(-4.32245578192 -0.00888512436785 -3.81287561501e-18)
(-4.23442707971 0.016445129311 1.19065420251e-18)
(-4.15313644005 0.0182463361634 -1.73881941587e-18)
(-4.09664275035 -0.00171880093609 1.01424481392e-19)
(-4.07323997257 -0.0142994539572 2.71925781404e-18)
(-4.10359409869 0.000415484327602 -8.52898850177e-19)
(-4.22688314437 0.0761226242898 7.47292131223e-18)
(-4.5110931257 0.307760151015 -5.49961660545e-18)
(-5.00886847874 0.822811943461 -1.04336891348e-17)
(-5.43893509677 1.3187286183 8.64641353729e-17)
(43.5111600732 62.3742653349 5.65402713102e-17)
(36.7482049015 49.4466679092 -2.00611660012e-17)
(23.4690351023 27.3694386124 2.8950670041e-17)
(10.8881332439 9.25617385973 -3.18734006256e-17)
(0.854056111392 0.555737460446 1.11462939934e-18)
(-4.64508386771 -1.25851016293 4.04009773782e-18)
(-6.79481950299 -0.91622948796 -1.89933590402e-18)
(-7.51613504371 -0.647819085906 1.67955839134e-18)
(-7.81041656813 -0.343730942523 1.72121011481e-18)
(-8.00567791095 -0.138917108827 -3.74714828356e-18)
(-8.14712282192 -0.152911311359 -3.85487492419e-18)
(-8.26721138756 -0.172417704672 1.69121149112e-18)
(-8.30903796849 -0.117181133075 1.62574032672e-18)
(-8.29857361832 -0.0470249087289 1.76204871797e-18)
(-8.30912187563 0.0759332469136 1.22028441251e-18)
(-8.39138624627 0.304891429736 1.00423250599e-19)
(-8.57676701967 0.630142263133 8.21896455251e-19)
(-8.75899408511 0.94815892773 -1.20655752316e-18)
(-8.73232958243 1.10030559954 2.0540778288e-18)
(-8.61233429083 0.858956861209 1.5925835518e-17)
(45.1603882146 48.5115103249 5.0077435344e-17)
(49.7047937017 53.1092476219 3.72822458991e-17)
(47.1605544243 47.0482664165 3.92311530689e-17)
(37.5162385559 33.0209170244 -1.66242234519e-17)
(24.1162929421 17.9651181221 -1.99820532466e-17)
(10.7777339456 6.746439187 -5.32654344904e-18)
(1.07469216294 1.4634996975 -4.4083766476e-18)
(-3.76569776415 0.218449165624 -3.38488926706e-18)
(-6.13966847395 0.137003560364 -3.4655926538e-20)
(-7.45436541907 0.276443503544 -9.50185337559e-19)
(-8.3796267436 0.277003215209 2.40723178715e-18)
(-9.08811253813 0.178665900125 7.08441264463e-19)
(-9.59828406333 0.0859809895659 -1.84184861098e-18)
(-9.96030777297 0.103914752514 3.56541481598e-18)
(-10.1740211672 0.288714482494 8.94372098988e-19)
(-10.2898578052 0.60976814005 -4.06886217281e-18)
(-10.3199006268 0.901752547545 -1.92136867914e-18)
(-10.2566357892 1.00397212581 1.36971702866e-18)
(-10.0869232608 0.568433022707 3.46587312431e-19)
(-9.86911163945 -0.402121653941 1.05014630811e-18)
(44.1938208998 38.9874074636 3.40989315218e-16)
(49.3141344455 46.0842610857 -1.82517684914e-17)
(55.3677590511 49.4043172064 5.34039272556e-17)
(54.8247818755 45.5607053743 7.59967741574e-17)
(47.6664725354 35.4258650701 1.13013533273e-17)
(35.1930069359 23.4050359419 -7.23052311007e-17)
(21.3899070114 12.6126335569 1.35395986652e-17)
(9.67840894684 5.54745209031 9.78719484274e-18)
(1.75178420262 2.379431923 4.90993077511e-18)
(-2.50835828577 1.53228190401 1.96431788545e-18)
(-4.99331282013 1.18222493789 -3.66545966077e-19)
(-6.77921900463 0.871151113277 8.93888796313e-19)
(-8.13481797847 0.579095157152 4.0646529013e-18)
(-9.20454367523 0.46160327674 7.51890248031e-19)
(-9.82765152842 0.615569447089 -3.70879897122e-18)
(-10.100867346 0.838474029423 -3.02181216069e-18)
(-10.2153930629 0.919422747226 3.39256536917e-18)
(-10.2608666008 0.727397708429 5.42546494202e-18)
(-10.1928568293 -0.0679510497617 -3.64002416294e-18)
(-9.95473719259 -1.27750378221 2.33969358542e-18)
(45.6305271039 34.8351139383 -5.35257352708e-17)
(48.9317279719 39.3857161005 9.46791285554e-18)
(54.2944077172 44.3053264658 -2.8341567239e-17)
(59.6058685607 45.730895214 3.98005596864e-17)
(60.0839652278 42.8918532863 -1.80036765511e-17)
(54.9257314334 35.5788562898 -2.22635362098e-18)
(44.2713851203 25.8857040152 -8.09621296502e-19)
(31.1847374481 16.7450820852 3.41787798246e-16)
(18.7754667567 9.64153858758 1.20374446614e-16)
(9.32737234103 5.29892979147 1.22537275619e-18)
(3.22682392909 3.2890943386 9.96568144297e-20)
(-0.677873650974 2.3872018216 -2.41467833955e-18)
(-3.42651126004 1.83063513104 1.20409072297e-18)
(-5.57180457198 1.45510906763 9.59155788367e-18)
(-7.03799243109 1.31883386506 -6.84940489582e-19)
(-7.91167457753 1.23799601123 -4.54686592137e-18)
(-8.46135975287 0.986156454468 2.41174638692e-19)
(-8.95381227165 0.473619601454 -9.37623235256e-19)
(-9.28294625328 -0.454518462487 5.40303321275e-20)
(-9.05889723338 -1.90919816858 -3.29996604328e-18)
(47.2578138719 32.0606377154 -8.32147506767e-19)
(49.3544564419 34.9705712134 -2.03888488893e-17)
(53.1344827557 38.414740186 -4.89720432843e-18)
(58.6047568912 41.664312746 -1.8448235371e-18)
(62.934523238 42.4442768183 2.53520355021e-17)
(64.3875718797 40.0022931002 -3.70669966936e-17)
(60.7392825983 34.4189543788 -3.33348895039e-18)
(51.7339197654 26.8508113114 2.20704621446e-19)
(39.912400918 18.9772059945 -2.33011305686e-17)
(28.0239260457 12.5745255549 1.4010014034e-16)
(18.0583324338 8.19355976631 -1.15072556321e-16)
(10.6584849321 5.32236939868 -9.6893170887e-19)
(5.59010438589 3.7780667473 -3.7729976828e-18)
(1.89936142879 2.89033335276 1.73822422011e-18)
(-0.85073637734 2.32128136467 4.96990765043e-18)
(-2.79728425038 1.85176795334 -4.38695661783e-18)
(-4.23608698435 1.21339295169 1.1036717772e-18)
(-5.5459182795 0.362398421254 -1.64461219213e-18)
(-6.78602356256 -0.487185935833 -8.87154023509e-19)
(-6.58180790251 -2.20035513141 -7.12522686198e-18)
(48.4813905773 29.5860270714 2.22387935063e-18)
(50.2025966866 32.1888673026 -1.71022775614e-17)
(52.8724239119 34.6834648751 -7.03363729799e-19)
(57.0694912032 37.2237787255 -1.79098653864e-17)
(62.1772241249 39.2775060921 -1.67815152687e-17)
(66.1364309401 39.370698141 2.76549878833e-17)
(68.0241600787 37.1596180847 -3.39328449746e-17)
(65.4427845059 32.7765747987 -3.59009585694e-17)
(58.0429548292 26.6648129847 -3.52440188299e-18)
(47.9233480132 20.1450039689 -5.67739146419e-19)
(37.1621798436 14.4423666531 1.90755073571e-17)
(27.465276732 10.1392557575 -1.18760617067e-16)
(19.703886503 7.03618717599 4.1055305511e-18)
(13.8328055784 5.0829038953 7.0778383236e-19)
(9.35609898863 3.77658285733 -3.62447135512e-18)
(5.88776278849 2.72751393431 5.56581378731e-18)
(3.109394876 1.70991834526 5.34958691117e-18)
(0.809481120345 0.557122111853 -5.48497706619e-18)
(-1.63616729934 -0.0943442688902 -1.33792479975e-17)
(-1.81455502953 -2.24878814765 -4.63499478265e-18)
(49.5833112362 27.5892925804 1.51324045462e-17)
(51.1129347411 30.0423032286 4.66263499365e-18)
(53.1997290385 32.1338963133 -2.94672436377e-17)
(56.2238764647 33.970426815 6.60408042953e-18)
(60.5106171132 35.7194551055 -1.181972647e-17)
(65.2856072194 36.7780398468 -3.57758580913e-17)
(68.8254867221 36.3185330601 3.32397557254e-17)
(71.0951169895 34.3675433057 -6.64599802009e-17)
(69.313595371 30.7938083563 -1.26912636376e-17)
(63.5144607058 25.7836466357 -6.49442899225e-18)
(55.2094235139 20.32270135 1.52863212113e-17)
(45.9780101733 15.3265860998 1.46798234194e-17)
(37.2299510152 11.2225825979 -1.0175389748e-17)
(29.7712934145 8.27419375223 8.03414181087e-18)
(23.5507002577 6.09556141836 1.96950413738e-19)
(18.4583503908 4.35226663062 3.96649062595e-18)
(14.2028358065 2.89741218103 -1.31445704408e-17)
(10.506727307 1.6261332029 -1.42159013835e-17)
(6.9435325921 0.746445140284 9.02628399621e-19)
(5.26242738136 -1.11745779083 2.95549333143e-17)
(50.4776713041 25.6805802066 7.44107346527e-18)
(51.7429054091 28.0196282698 1.15948162764e-17)
(53.6670898704 30.0686776625 3.7048499339e-18)
(56.2007600233 31.6908129305 6.49676711439e-18)
(59.5052183691 33.0067537908 2.02947275421e-17)
(63.712702155 34.0175971336 -5.06047996943e-18)
(67.978221416 34.1946476844 -2.41373076726e-18)
(71.0954602426 33.3761493317 6.68564237948e-17)
(73.5606556489 31.5324241162 2.33542035156e-17)
(72.6042631675 28.4991494542 -4.15436828539e-17)
(68.3268883403 24.3549155743 -1.40256941148e-17)
(61.836193443 19.7010000474 1.28997771884e-17)
(54.3697116278 15.3140056991 -3.34855674316e-19)
(46.9978925085 11.6476008683 2.25988827835e-18)
(40.0686181552 8.87452861914 6.38265278107e-18)
(33.8364422671 6.62881130095 -3.72592228602e-18)
(28.2826626996 4.79805775575 9.9485790718e-18)
(23.2268446077 3.32423168386 2.31790130662e-18)
(18.3769796222 2.3903668164 1.35481644418e-17)
(15.0226408616 0.551244044955 7.12135674343e-18)
(51.4485026451 23.8567338223 7.79365101711e-18)
(52.4491858527 26.0760747526 1.08760005465e-18)
(54.0157958649 28.1038344438 3.93196875453e-19)
(56.3159252757 29.6508435398 5.99230336284e-18)
(59.1813255984 30.7864931012 9.02668119241e-18)
(62.6535305377 31.5925243094 2.13895773211e-17)
(66.632417152 31.8855819527 -1.76101678315e-17)
(70.2528917093 31.4312012017 3.68583302368e-17)
(73.2428139661 30.3207949302 1.94497297928e-17)
(74.9254367576 28.5362633041 -1.02767096404e-17)
(75.4476561273 25.8579063857 -7.7223114121e-18)
(72.3058855658 22.3877609368 9.86209002689e-18)
(67.3806053152 18.5770917747 2.13925675374e-17)
(61.6269849438 14.9092843322 5.44191921385e-18)
(55.494156743 11.8468952461 -2.6186911776e-18)
(49.3061996465 9.30379202872 1.70447949667e-18)
(43.3198031565 7.19737966785 1.64334146275e-17)
(37.5051946464 5.54270742057 -6.46223895316e-18)
(31.7085577931 4.46060244731 -1.22600311463e-17)
(26.6696061901 3.2644932872 -5.72896349062e-18)
(0.0151419048875 -0.0085157387166 1.31759263721e-19)
(0.241196745773 -0.0675592193881 2.19910540325e-17)
(0.738897094271 -0.0872657129479 -4.23554297976e-19)
(1.37132370017 -0.124265040815 -1.23767414764e-19)
(2.0564365198 -0.166805406669 2.61796144581e-18)
(2.7741684329 -0.221708185264 -2.81252777807e-18)
(3.50791487206 -0.273951175037 -8.6680656156e-18)
(4.23428889466 -0.340598667341 3.58571755753e-18)
(4.93269367327 -0.399025304411 6.96095281948e-18)
(5.58269245411 -0.457732449523 -1.96363687727e-19)
(0.0606413450949 -0.113438347263 -6.18552968106e-19)
(0.654252555819 -0.404824849204 -1.54804429481e-18)
(1.66845306246 -0.6259888099 -1.36536368672e-18)
(2.8745920294 -0.786341002359 1.52367532502e-18)
(4.13441964345 -0.918885392214 -3.65592434267e-18)
(5.40343733183 -1.04924271215 -9.71669080457e-18)
(6.65865375669 -1.1642711952 8.14990917483e-18)
(7.87225083944 -1.2777221766 8.60153533644e-18)
(9.00445938753 -1.35892831471 -3.70236791914e-18)
(9.99840961565 -1.33697303949 -8.00968436378e-18)
(0.105763219726 -0.312950325816 2.59556676132e-17)
(0.93202288298 -0.90240839872 9.62672476081e-20)
(2.16174112167 -1.33250263329 8.87776429662e-19)
(3.53332326468 -1.61304412143 -7.75500132664e-19)
(4.90468006245 -1.82548923509 -3.87854250986e-18)
(6.23455859069 -2.01221568313 4.70073722516e-18)
(7.50943013609 -2.16277538132 7.26277287272e-18)
(8.70691367942 -2.25628004347 -7.54924945816e-19)
(9.79179743233 -2.25572350323 -3.88826512581e-19)
(10.6725472257 -2.09697135026 -1.89144882133e-18)
(0.129831024542 -0.559184563328 -1.64525685439e-17)
(1.08752565937 -1.49288690993 -4.84964480655e-19)
(2.34083077894 -2.1150062801 5.8939265307e-19)
(3.65050746746 -2.50031515466 -1.7709028006e-18)
(4.8907816004 -2.7801120984 -3.83016454286e-19)
(6.04623390559 -3.0168226755 7.71730236075e-18)
(7.11116246049 -3.19083364739 -1.23409473997e-18)
(8.06726830032 -3.26743862693 -7.75174496902e-18)
(8.89582277249 -3.19062150812 -4.7384547159e-18)
(9.42379317625 -2.85414440827 -7.75994973506e-20)
(0.152208780447 -0.863222451598 -6.33090705384e-20)
(1.15963423165 -2.09485696804 5.49444411158e-19)
(2.30609235807 -2.85265387164 -1.32126191055e-18)
(3.41049650395 -3.29968905352 7.13234246473e-19)
(4.38979165397 -3.6194528552 -2.84381863835e-18)
(5.25370111306 -3.89485450811 -5.24632730672e-18)
(6.0105962438 -4.09651514147 4.60477175016e-18)
(6.64055817387 -4.15929239387 1.28182463485e-17)
(7.11261401064 -3.979081282 -7.03577539085e-18)
(7.13655900304 -3.41068061271 -1.12804766763e-18)
(0.177778978221 -1.1697578068 1.55924851156e-18)
(1.16907747528 -2.66475024838 9.95996824991e-19)
(2.11902608639 -3.50268089464 8.85074463001e-19)
(2.93049159189 -3.96164182158 -2.29501038041e-18)
(3.57269809087 -4.29156082321 2.96048161898e-19)
(4.06547946745 -4.5882093623 -5.20922378532e-18)
(4.4363352549 -4.79683164176 -9.65182496892e-19)
(4.69131620358 -4.7982635596 5.23924592237e-18)
(4.69902422842 -4.44880018402 -4.13509474331e-18)
(4.11611424692 -3.58246648222 3.4129275111e-18)
(0.209708184754 -1.50047048786 -4.79295101132e-19)
(1.1186057055 -3.17613608745 -1.07735944943e-18)
(1.80941546048 -4.03608966305 2.01857104357e-18)
(2.27156849746 -4.48061456837 4.6613499749e-19)
(2.52879165851 -4.80958202993 2.76999260387e-18)
(2.63539086598 -5.10665536753 -1.41239736446e-19)
(2.5952479982 -5.28465412757 -7.006242815e-18)
(2.37333634189 -5.17340811561 -2.48964290637e-18)
(1.75723929171 -4.57390519428 5.10216163849e-18)
(0.525610457884 -3.34197710069 -6.89006051492e-18)
(0.239073932114 -1.77620336896 2.01261773149e-19)
(1.013657723 -3.6009696185 -1.02714292746e-18)
(1.38868384191 -4.4301996124 1.51041530108e-18)
(1.47236042929 -4.84366931735 1.34087184354e-20)
(1.33519550972 -5.17019311199 7.29058018555e-19)
(1.01250300481 -5.46769209937 1.52157695953e-18)
(0.492460526326 -5.59260527063 4.48107591737e-18)
(-0.27882648386 -5.33128582409 -1.42081002358e-17)
(-1.47618459655 -4.4310827197 -1.64192137185e-18)
(-3.30427154372 -2.79629457722 2.32738459383e-18)
(0.282390979217 -2.03584145981 -3.0962006305e-19)
(0.856580375195 -3.92079719509 -2.18314996e-18)
(0.864623711546 -4.67051363279 -2.43228549121e-19)
(0.54503128716 -5.04481917298 -2.25867688452e-18)
(-0.0315041171042 -5.3771406776 1.17529113839e-18)
(-0.799718299217 -5.65719020057 2.49464320703e-18)
(-1.79064039747 -5.71564550646 7.46749002715e-18)
(-3.08407844065 -5.22617445971 1.55912065243e-17)
(-4.7484856538 -4.01068449173 -6.21679772379e-18)
(-7.01243411447 -1.91252910151 3.28102324405e-17)
(0.335586735224 -2.2251302714 -5.61947181841e-18)
(0.630704119827 -4.10919834177 1.48364899498e-18)
(0.231400586156 -4.75462329227 -4.855307465e-18)
(-0.53222223869 -5.08772215104 3.9505614971e-18)
(-1.53801787362 -5.41430969666 2.27502672054e-18)
(-2.73748137411 -5.65910285311 -5.5287619039e-18)
(-4.14590291892 -5.54717191968 -5.65772756875e-19)
(-5.85360060362 -4.76687621454 9.94978686692e-18)
(-7.82846263664 -3.23829457764 1.71414336439e-17)
(-10.2306499043 -0.80625607548 1.580257326e-17)
(0.345982192802 -2.41308675522 4.08514019881e-18)
(0.313637739317 -4.14249270948 -1.28039750381e-19)
(-0.525731153639 -4.67620641501 2.87698384598e-18)
(-1.72863187664 -4.9715442994 1.88632132989e-18)
(-3.13595704554 -5.26998902959 4.29735826651e-19)
(-4.68906167696 -5.40901056347 -3.12017101843e-18)
(-6.39696511727 -5.08528652961 -1.14568942792e-17)
(-8.36342581953 -4.04442524178 -9.6597600798e-18)
(-10.436797835 -2.35823097776 -1.71920219837e-17)
(-12.6146045284 0.256504203714 -3.9388003208e-17)
(0.302016123066 -2.50969046878 3.55554451913e-18)
(-0.100789315894 -4.00171884156 2.14016874703e-18)
(-1.39652741828 -4.4345866231 3.13128654544e-18)
(-3.00544445985 -4.69592004832 -9.6140342118e-19)
(-4.73686165153 -4.94014986146 -1.7143339076e-18)
(-6.52965835879 -4.95554581819 8.58837012439e-18)
(-8.37694986722 -4.48844389855 0)
(-10.4225276154 -3.33387498174 -1.22941499968e-17)
(-12.3371898483 -1.5181558527 -2.44899355938e-17)
(-13.8890876125 1.33603346763 -1.35448234317e-18)
(0.22388852113 -2.47110416705 -2.63723470181e-18)
(-0.605087336153 -3.69838692776 6.36159976328e-18)
(-2.36629672845 -4.04361969629 1.7154361361e-18)
(-4.31093884279 -4.28491400721 -3.90560757147e-18)
(-6.2592952437 -4.48778377701 1.88092369242e-18)
(-8.16489199645 -4.43747486873 -2.16033171126e-19)
(-10.0049394601 -3.8905533968 4.73773182774e-18)
(-11.8591747546 -2.67299425856 -8.10820899299e-18)
(-13.3001947968 -0.672051460576 -1.03834476827e-17)
(-13.9306263732 2.23244898729 1.06076002213e-17)
(0.0928934052693 -2.33053677962 -9.99014264764e-19)
(-1.20812798721 -3.26011321313 -9.71495083798e-20)
(-3.41320723369 -3.54062372749 4.82393263147e-18)
(-5.59546822234 -3.80055012203 1.53647021937e-18)
(-7.64200495548 -4.01488373982 -3.13700427552e-18)
(-9.50257446272 -3.93966564088 6.07640679758e-19)
(-11.1586372533 -3.30348111362 9.88241940654e-18)
(-12.5870106626 -1.99924359952 4.82078782345e-19)
(-13.3147021064 0.0969792205228 1.25561701959e-17)
(-12.8952298386 2.93780012121 2.68509536633e-18)
(-0.116897237347 -2.07636259814 7.86016270485e-18)
(-1.94072540719 -2.70441103001 -4.98942926962e-18)
(-4.51891223514 -2.9763680294 -3.43754201617e-18)
(-6.8205546187 -3.30961613488 9.69228953139e-19)
(-8.82951936558 -3.56220548686 -2.21121827553e-18)
(-10.5013868465 -3.44166553008 1.05901635296e-17)
(-11.7927797645 -2.74185779433 -2.48440617666e-18)
(-12.6091726692 -1.36376688288 1.82205121482e-17)
(-12.5965877562 0.673846307379 1.89973269637e-17)
(-10.8618371491 3.19989606441 -9.32442088786e-18)
(-0.368364667311 -1.60340911579 -2.3091309218e-18)
(-2.8288249322 -2.06362233797 2.0953598055e-19)
(-5.66584485933 -2.40234940991 -2.30497634499e-18)
(-7.94557976973 -2.84956884733 -3.02038616331e-18)
(-9.78285649038 -3.12160884586 1.4945890029e-18)
(-11.1239613722 -2.96683803973 -2.27243805879e-18)
(-11.8536232465 -2.2583885116 -1.09131721935e-17)
(-12.0383112701 -0.936708758794 3.65959051338e-18)
(-11.1022448742 0.893142712096 -8.53810893285e-18)
(-7.94070577699 3.00341461008 3.38926841433e-18)
(-0.685437258559 -0.987422325819 5.6709089354e-17)
(-3.88965403912 -1.38538311103 -2.28446250034e-19)
(-6.82358653577 -1.86350221384 1.41243700465e-19)
(-8.92860788001 -2.41896844512 -2.12238036436e-18)
(-10.4559763119 -2.70875208671 -3.14380284016e-19)
(-11.2854471942 -2.55014028509 -7.57773811822e-18)
(-11.4117836083 -1.90758412221 -8.58303448247e-18)
(-10.7809549047 -0.736377769615 -3.1010857054e-18)
(-8.88626687762 0.935946910603 -1.20698764514e-17)
(-3.83962559702 2.74317330166 -1.7890641426e-18)
(-1.19847022851 -0.321394222872 -1.22989010719e-18)
(-5.12242705194 -0.725837099987 2.8829228625e-18)
(-7.93443884103 -1.3911935353 -2.39274376291e-18)
(-9.72650691483 -2.00409949844 -1.80222341235e-18)
(-10.7354023137 -2.29909457785 1.93327451135e-18)
(-11.0061581667 -2.18908757448 9.5833928371e-18)
(-10.347044525 -1.57691217649 3.76773835298e-18)
(-8.65566373578 -0.53530319641 -2.71228999735e-18)
(-5.73699351809 1.04015515204 -1.69196396837e-17)
(1.75110995096 3.003122539 1.07182224069e-16)
(-2.24238225071 0.504066025715 -2.97905310158e-18)
(-6.47907804091 -0.185813512476 -4.37373762963e-18)
(-8.90540283244 -1.02290412911 2.31866697242e-19)
(-10.2345104221 -1.61873514776 -6.6258351815e-19)
(-10.731358389 -1.76695700188 2.7530102366e-18)
(-10.3236381813 -1.50505638796 -1.24015850566e-18)
(-8.55677753348 -0.772894103168 -1.76964497753e-18)
(-5.33253477993 0.246921912062 1.13283384613e-18)
(-0.725724840805 1.47377089583 3.40397346371e-18)
(9.06713631514 3.25986503737 -2.28683457971e-19)
(-4.31881813426 1.18497513532 -1.58813334558e-16)
(-7.98969658305 0.234108713118 -4.17998273049e-18)
(-9.66915454912 -0.782925319542 4.04324262886e-18)
(-10.2514354695 -1.35895085803 5.86074688973e-19)
(-10.0121397583 -1.44197894084 -2.6370236225e-18)
(-8.30029490989 -1.08163548872 -3.22588269707e-18)
(-4.90932214521 -0.47452902771 8.24321244273e-18)
(0.52711828941 0.293752774648 1.61108211575e-17)
(8.24840783385 1.20558766126 -1.04303239877e-18)
(18.955952842 3.24014891223 4.7196817438e-17)
(5.91344273088 -0.497368321444 8.44994799333e-18)
(5.99296332356 -0.412700092756 -1.37408290383e-18)
(5.99588315319 -0.373672103956 -1.17860074397e-17)
(5.84426210445 -0.341346126436 5.78449449636e-19)
(5.61686167197 -0.339491121279 0)
(5.32818643964 -0.344967409379 -5.47824373473e-18)
(5.06678732806 -0.406422950892 5.16006653456e-18)
(4.91031483496 -0.503284901996 -1.20926798333e-18)
(4.88592437426 -0.586165932984 -7.52124445983e-18)
(4.8982511561 -0.505739177299 1.57568009976e-17)
(4.7902524623 -0.236429735211 2.39315017719e-18)
(4.52751160413 0.139382266625 -3.48170570896e-18)
(4.02212649077 0.361200364096 -1.3367448188e-17)
(3.26295147719 0.538422387478 -8.22022850649e-18)
(2.19495444183 0.764063494429 1.36978113946e-17)
(0.784597575472 1.26242005293 1.94089852292e-17)
(-1.03537543639 1.65140004058 1.17535153019e-17)
(-3.10225268137 2.16254331098 -1.89752938649e-17)
(-4.9102004367 2.59826497109 1.37526382817e-17)
(-6.90201762853 3.18406843553 -1.43205486598e-19)
(-9.27842819046 3.88858509393 -1.40703369245e-17)
(-11.6879764713 4.63566172557 3.9120456e-19)
(-14.4915752629 5.55703977126 4.28924066233e-19)
(-16.8535373792 6.35526677647 -1.54359090484e-18)
(-19.6156948313 7.23035820372 -1.2839887438e-18)
(-21.9553024689 8.05792240092 -2.86117388738e-18)
(-24.4220399175 8.90509299149 7.76737933433e-18)
(-26.2322053326 9.69749766832 -1.36273192358e-17)
(-28.1357108525 10.4629085184 -1.86661018682e-17)
(-29.0884656324 11.1288197181 2.36944893707e-17)
(-29.6944377421 11.3806708999 4.86095469783e-17)
(-30.2793765152 11.5072497352 4.84520621068e-19)
(-30.1711321124 11.7433081912 -3.07029612799e-17)
(-29.9511260562 11.7265024546 -5.0853975975e-17)
(-29.212511056 11.874358142 1.91147966109e-17)
(-28.303413961 11.6858683311 1.206237741e-16)
(-26.9802072036 11.7422745424 -2.01901376245e-17)
(-25.5119934573 11.4378849338 -1.33349941475e-16)
(-23.8040613005 11.500217571 4.24808354414e-17)
(-21.963752527 11.3097338164 6.60083566892e-17)
(-19.8141327396 11.5545010307 -9.84217165155e-18)
(-17.1039252357 11.4549138115 -4.85263712568e-19)
(-14.7848005621 10.4545623046 -2.49574442587e-17)
(-12.6878915021 10.3128156665 2.36225099745e-20)
(-10.7671408598 10.0576487031 -1.94457084384e-17)
(-8.81959723651 10.0245770756 3.7806259785e-19)
(-7.03671332896 9.83766638571 1.6175693894e-17)
(-5.25669752212 9.83973803409 1.8612316418e-17)
(-3.62623695802 9.74005098705 1.13072771507e-17)
(-2.03569231789 9.77111395759 -1.11243116669e-17)
(-0.615189361197 9.71091603444 -6.62965193164e-18)
(0.713412151715 9.68824664306 1.96506766096e-21)
(1.9014394654 9.69878996364 -1.19513874841e-18)
(2.94349959259 9.82666848937 1.29221209738e-19)
(3.99611034609 9.96562776997 -2.6514530772e-18)
(4.91732528152 10.0382003146 2.19737106397e-19)
(5.75470050772 10.2544676301 6.90191018754e-19)
(6.43696871237 10.4841986268 1.51533209333e-18)
(7.0346611559 10.8103687855 -4.37325362598e-18)
(7.31170941075 11.0010570727 1.54965809474e-18)
(7.72716724595 11.4080051991 2.94311482274e-17)
(8.13727316795 11.9267094272 -9.10389067615e-18)
(8.32238816241 12.3358376557 -1.90811347912e-17)
(8.45713022929 12.85146042 2.18761523014e-17)
(8.38625825539 13.2323571452 -2.41302913431e-18)
(8.32909979275 13.7421408313 3.8815833133e-18)
(8.13981575482 14.1597321444 -2.51870791337e-17)
(8.02521522243 14.7312896321 -3.66645281771e-18)
(7.86800905604 15.2085219438 3.48619486732e-17)
(7.77572648071 16.0268661274 -6.83547524196e-17)
(10.6993231386 -1.22998094297 -1.54731912157e-19)
(11.0972484097 -0.969833128653 4.48062029165e-18)
(11.2634544885 -0.729407862843 8.14303959465e-18)
(11.1745022579 -0.514547295472 3.41933731558e-20)
(10.8432338621 -0.32586671141 -1.19698970695e-17)
(10.2905661895 -0.180723509819 4.05122569291e-18)
(9.57873799043 -0.173032132858 8.32701212512e-18)
(8.76063512056 -0.225448758758 -7.88623297163e-18)
(7.83084616036 -0.178281812994 -4.57405962248e-18)
(6.69799976699 0.107159418513 5.94141023579e-18)
(5.23392099921 0.587246060982 2.21606716655e-18)
(3.2951861526 1.20512561745 0)
(0.82456616632 2.04573690686 9.69158673133e-19)
(-2.34472748505 3.25697532261 -2.43493431644e-17)
(-6.24950654297 4.67905960308 -1.07553857056e-17)
(-10.7261088569 6.23677884807 1.13646276297e-17)
(-15.539036833 7.79999887585 -1.66513203325e-18)
(-20.4159767686 9.30245148519 9.4662064998e-18)
(-25.0612669812 10.6631988625 1.23358526149e-17)
(-29.5700088245 11.8750838279 -5.22025519389e-18)
(-33.8743558848 12.9897235324 7.77690074575e-18)
(-37.9185685752 14.0247383511 9.6811754538e-18)
(-41.661599759 14.9380237513 -3.27506553572e-18)
(-44.9039699415 15.7268151918 -5.57210522327e-18)
(-47.7264570644 16.3342416478 -2.25152379701e-18)
(-49.9535887199 16.7587761663 -3.8739814265e-20)
(-51.6791662144 16.9262978819 3.72184903406e-18)
(-52.7503554285 16.9422909611 -4.63522315926e-20)
(-53.2821870494 16.7754548741 -2.15361944029e-18)
(-53.1611576912 16.5632438403 2.84867246868e-17)
(-52.6254066286 16.1279270097 1.54297364071e-17)
(-51.7909530537 15.6412752822 -1.048293738e-17)
(-50.5771118636 15.2316038702 -2.1343355408e-17)
(-49.0555547051 14.6996919059 -5.59179340449e-17)
(-47.1612938537 14.2350823742 -3.17465863593e-17)
(-45.0255841286 13.6399309703 8.61619395197e-17)
(-42.5927738212 13.1510069107 3.42325233994e-17)
(-39.9879124957 12.5561599152 -3.26990730549e-17)
(-37.1683382527 12.1619785827 2.7540099489e-18)
(-34.1652788748 11.8331616962 2.41086344957e-17)
(-30.7911863237 11.7109426352 1.85712226153e-18)
(-27.3136868712 11.2008637602 -2.33794382292e-17)
(-24.1951507292 10.4498280292 0)
(-21.1807908206 10.1326373625 7.80210054596e-21)
(-18.2733092974 9.81047419823 1.24674530951e-19)
(-15.4613474529 9.60072750469 -4.79050923911e-20)
(-12.7636398976 9.37822082699 -1.93671071015e-17)
(-10.1758505477 9.25027154088 1.67301824944e-20)
(-7.73857477268 9.11530229729 1.41710699089e-17)
(-5.44465202342 9.08138538254 3.2170454232e-18)
(-3.31301308 9.07715300292 1.79900654958e-18)
(-1.33835430871 9.13586406856 4.95704683826e-18)
(0.455834127447 9.23454849781 -1.47209650455e-18)
(2.08484452866 9.3853156965 -2.09768192814e-18)
(3.53560474542 9.59280302003 -8.21518277036e-19)
(4.80596056432 9.85190030961 4.29286392453e-18)
(5.92499275975 10.2034687973 3.90270174214e-21)
(6.88015303431 10.5650832563 -6.67113485313e-18)
(7.65790853559 10.9493314244 -8.64850681625e-18)
(8.15746567073 11.2653125522 1.61472801503e-17)
(8.52723346935 11.8488140286 -1.02009454e-19)
(8.86110242378 12.5344556532 -5.56686519867e-18)
(9.05530665395 13.1275423199 1.82572987916e-17)
(9.08675218391 13.7552521554 0)
(8.97726445511 14.3181375697 -1.77372217405e-18)
(8.78753533606 14.9048494548 -1.05604802686e-17)
(8.56931569657 15.3933451962 -4.63514739032e-18)
(8.38265061853 15.830870485 1.56351415927e-17)
(8.2301490145 16.1046884459 -2.91802902514e-18)
(8.21600729386 16.4935424304 2.06960448524e-17)
(11.3683387293 -1.82511790879 7.31850415223e-18)
(11.8980467791 -1.33479512594 4.35383766934e-18)
(12.107950309 -0.81562197381 -6.42779133075e-18)
(11.9510874459 -0.352460182072 -1.13578020948e-17)
(11.4466640794 0.0737127930212 1.70487915969e-18)
(10.6123440536 0.433782848466 7.56169709903e-18)
(9.45669405423 0.712128516663 -4.23795452442e-18)
(7.91464879162 1.03310966677 -3.46774148516e-18)
(5.89389679291 1.57982838715 -6.07286565725e-18)
(3.30125579533 2.51279643002 5.46674193968e-18)
(0.018888844265 3.87381131425 9.48368417556e-18)
(-4.05322970419 5.64067737159 -7.84734878094e-18)
(-8.94832031642 7.75641954974 0)
(-14.4613988463 10.0723100365 -9.58488330485e-18)
(-20.3770576783 12.3820422535 -6.84502594807e-18)
(-26.3881828607 14.5197168388 -6.54558592815e-18)
(-32.1891765308 16.3459405807 7.66634925742e-18)
(-37.530447652 17.793420888 4.50624229076e-17)
(-42.2948750569 18.8640002302 -6.28877217739e-18)
(-46.4912243 19.5870259284 -2.02985022094e-17)
(-50.1351899845 20.0296948545 2.14582354756e-17)
(-53.2100127896 20.2310246286 -5.43450532786e-18)
(-55.6509466272 20.2384318286 -1.49124730699e-17)
(-57.4946137335 20.0969315669 -2.48692933626e-18)
(-58.7864886882 19.7774246479 5.89915987385e-18)
(-59.5790469805 19.3266105362 -1.27516339656e-18)
(-59.9384662863 18.7903585334 -6.39907615622e-18)
(-59.937429638 18.2047019377 0)
(-59.5932621916 17.5554361967 -1.177474396e-17)
(-58.8935294596 16.8646011043 4.64165843006e-18)
(-57.8900739338 16.0482141358 -1.34726693875e-18)
(-56.5893825529 15.171672044 2.22468361462e-17)
(-54.9694963747 14.2890868661 1.51121037125e-17)
(-53.0511505867 13.3802096307 -3.29025758931e-17)
(-50.8385805557 12.5049162387 -4.98421793847e-17)
(-48.3700663465 11.6372840004 -2.5774252743e-17)
(-45.6747832534 10.845808518 3.70150457775e-17)
(-42.8028106406 10.1168467322 4.97484986568e-17)
(-39.7505674716 9.51231163114 2.36554753513e-17)
(-36.5230905505 9.02610866405 8.22374671429e-18)
(-33.1553029453 8.66468055363 -8.98803283702e-18)
(-29.8197617877 8.26263542954 -2.86578986339e-17)
(-26.6525005527 7.82424345953 -1.25709966529e-17)
(-23.5899164406 7.53742594081 5.99424585335e-18)
(-20.6298276383 7.33651010716 -5.42092646889e-21)
(-17.7665517077 7.23497937056 -5.64029862448e-18)
(-15.0149505558 7.19314004343 0)
(-12.3863678755 7.22806041809 8.83091293636e-18)
(-9.89089152167 7.30859104633 6.74158245726e-18)
(-7.53285115719 7.45587894755 -1.54576637945e-17)
(-5.33352633744 7.6540987979 -7.5194392849e-18)
(-3.30098105613 7.90833478898 6.738292109e-18)
(-1.44095150305 8.20591999215 2.89025212199e-18)
(0.243664367691 8.54180789793 9.13074555826e-19)
(1.74900473038 8.92583206453 4.1180857817e-18)
(3.07959513725 9.36555819126 0)
(4.25375639461 9.8694261869 3.33276561535e-18)
(5.2705438356 10.4013521496 1.01682683338e-18)
(6.11479619543 10.961178174 -5.02456519356e-18)
(6.75553430522 11.5276702522 -2.33507859076e-19)
(7.25579518315 12.1853409616 7.27219393865e-19)
(7.68186296026 12.8802280287 1.56979376864e-17)
(8.02338031463 13.5363985061 -6.98606679592e-20)
(8.2820654322 14.160225837 -8.88199574606e-18)
(8.48298919844 14.6781329945 5.6125262136e-19)
(8.67190337797 15.1335135831 -8.85608946353e-18)
(8.8854071413 15.5119185412 2.3276470003e-19)
(9.16965566225 15.7044363765 -1.13348093655e-18)
(9.50556776782 15.6805438942 -4.66649103922e-18)
(10.0161288908 15.5709352533 3.01672290176e-17)
(9.87033602931 -2.35449244668 1.86670501092e-18)
(10.3492167498 -1.5849553698 -7.44820189264e-18)
(10.4736191398 -0.683518070783 3.12983859201e-18)
(10.1620368412 0.238336421196 2.78531227146e-18)
(9.37700650716 1.11483354436 1.91035310531e-18)
(8.0998518482 1.92984063071 -3.33790609999e-18)
(6.26480589497 2.75254816533 1.32694900919e-18)
(3.75010520443 3.77887585477 4.12654702731e-18)
(0.41937122323 5.25344912 -3.76506611683e-18)
(-3.7894658367 7.30992736377 -3.15478663041e-18)
(-8.82953784849 9.86635114204 -1.32369044801e-18)
(-14.5454278141 12.717626035 3.68742441537e-18)
(-20.6781825786 15.6124213494 1.42475666225e-17)
(-26.8882404107 18.300296565 1.21583099788e-19)
(-32.8697583228 20.5762185904 -5.38949708442e-18)
(-38.356621284 22.307934964 1.03683333893e-17)
(-43.1681333284 23.4502248692 3.51334669804e-17)
(-47.231093542 24.043113558 1.33699004794e-18)
(-50.5730287834 24.178970039 -3.6347466384e-17)
(-53.2685512516 23.9628122251 4.00927701072e-17)
(-55.4018525204 23.4993830169 -1.65420465451e-17)
(-57.0640531533 22.8768273088 -1.67659297951e-17)
(-58.3615563561 22.1567999567 -2.02144124403e-17)
(-59.3051044008 21.3794094006 1.39894026365e-18)
(-59.921958611 20.555200172 8.47142350327e-18)
(-60.228205756 19.6975351409 -4.43343706396e-18)
(-60.3132800959 18.7938497781 5.30385076071e-18)
(-60.029649775 17.816018791 5.8250899103e-18)
(-59.4685080433 16.7755244585 -3.71222772052e-18)
(-58.5862742013 15.6770354728 9.30083904103e-18)
(-57.427953378 14.5224542966 3.3963733445e-17)
(-55.9890964264 13.3364182315 -3.71438419278e-17)
(-54.2653538536 12.140668405 2.5897386395e-17)
(-52.258480177 10.9547970566 2.83192358961e-17)
(-49.9731382618 9.80140268918 -4.28939357244e-17)
(-47.4289191621 8.70431472037 -6.20178429151e-17)
(-44.6616492745 7.70011041103 -6.57381529372e-17)
(-41.7143383892 6.83296514336 7.28743732392e-17)
(-38.622225321 6.14399521445 7.86316855125e-17)
(-35.4247866785 5.62101970852 -1.33267504434e-17)
(-32.1843963399 5.22167560935 -2.10827702439e-17)
(-29.0036137378 4.88756225886 2.2631047028e-17)
(-25.9462976691 4.65092919075 -1.67769692852e-19)
(-23.0130788344 4.5288311184 -1.90449116122e-17)
(-20.1935602348 4.49516282753 -2.28453466608e-17)
(-17.4772337934 4.5371997301 -2.73546837076e-19)
(-14.8733956859 4.64690929153 1.77255775501e-17)
(-12.3902115086 4.84437830358 1.96719158298e-18)
(-10.0347834418 5.12137434622 -5.8770277498e-19)
(-7.8167409784 5.46310636448 2.1692094108e-18)
(-5.74289403959 5.85880706065 1.16380198368e-18)
(-3.81753863435 6.30545120412 -3.9631504204e-19)
(-2.04103826929 6.7924442269 -1.95983062692e-19)
(-0.413318311277 7.31946403203 -6.651333407e-19)
(1.06765302599 7.88886101345 -9.91193639676e-19)
(2.4032111796 8.49962826413 -6.35936389093e-18)
(3.60134025611 9.14832234809 7.79156177549e-18)
(4.6643537577 9.81617622874 6.76931799806e-18)
(5.59512882257 10.4877855195 -2.29567753147e-17)
(6.396669513 11.155424515 6.41198080091e-18)
(7.0955066019 11.8437816754 -4.66658864148e-19)
(7.72991496606 12.5376391731 -8.1561439776e-18)
(8.31207092219 13.1807793983 1.68110882664e-17)
(8.8830962462 13.7303413691 -4.14507402657e-19)
(9.46721018515 14.1270932845 1.51998900985e-17)
(10.0723401515 14.3749848482 -1.13128198251e-18)
(10.7364168666 14.4704822095 -2.52424885133e-17)
(11.4698418431 14.376472351 5.61595202314e-19)
(12.2530822008 14.1261093198 3.01624768606e-17)
(13.2030987538 13.7208384651 -2.30876319526e-17)
(7.18011306421 -2.57266338254 8.73097842323e-18)
(7.46452643405 -1.43214579383 -2.70364920786e-18)
(7.29843602714 -0.10538770966 8.1464214717e-18)
(6.62432333895 1.32395013731 -3.6954051178e-18)
(5.40241211258 2.79291927625 -4.39376197074e-19)
(3.53098347012 4.30613027495 -1.2040657112e-20)
(0.870719001032 5.99628257887 4.13712560015e-18)
(-2.71234063667 8.09989099374 -3.65445554562e-19)
(-7.24423011642 10.764126452 5.62429083686e-18)
(-12.5792186043 13.9082061264 -1.28074266344e-18)
(-18.4402375902 17.2629366986 -1.34622569338e-17)
(-24.4809353777 20.4953130486 8.67393752466e-18)
(-30.3511180754 23.3086143031 2.33726251335e-18)
(-35.7592919122 25.4966189953 -1.65253611552e-17)
(-40.512743662 26.9598818884 6.63242973832e-18)
(-44.5248363957 27.7040416228 3.27073790833e-18)
(-47.8082787108 27.820223603 -1.48452468032e-17)
(-50.4470985739 27.4487166141 -1.53796912526e-17)
(-52.5555441008 26.7378105086 9.06824400211e-18)
(-54.2403015278 25.815782948 3.77419654166e-18)
(-55.5821756958 24.7787799092 -3.42949628434e-17)
(-56.6330116091 23.688475282 2.43129241613e-17)
(-57.4230407951 22.5742799387 -2.83240876576e-18)
(-57.9501302365 21.4250745607 -6.27589061813e-18)
(-58.220284069 20.2482275703 -2.74938076241e-17)
(-58.2468990167 19.0371758906 -5.46387772682e-18)
(-58.0259968406 17.7783115399 8.36462142299e-19)
(-57.5695237448 16.4798839262 -8.26486695938e-18)
(-56.8904837022 15.1425429744 1.87938021195e-17)
(-55.9754716511 13.7553577604 -3.99112352941e-18)
(-54.8118138935 12.3206497755 4.1750697874e-17)
(-53.385163816 10.8566223353 1.0932417483e-17)
(-51.6809772739 9.38523886522 -4.23526213064e-17)
(-49.6904133134 7.93637627104 2.27877223167e-17)
(-47.4135777965 6.54339627237 2.34211727884e-18)
(-44.8659498909 5.24177032342 4.58294774707e-17)
(-42.0795835133 4.07284380761 -3.44158497388e-18)
(-39.0988377029 3.08188871531 -3.11315825811e-17)
(-35.9752204994 2.30524644793 2.69603728329e-17)
(-32.7687612784 1.74587659328 -2.85071975272e-17)
(-29.5517688642 1.37128175596 0)
(-26.4015162002 1.14100572956 0)
(-23.3675800526 1.04997692118 2.26703487352e-17)
(-20.4681347104 1.08909754027 -2.50270772296e-17)
(-17.7118207348 1.2392339983 -2.99763634533e-17)
(-15.0988330722 1.48105879676 2.04358585243e-17)
(-12.6147838915 1.79451999645 -1.85282146825e-17)
(-10.2650456191 2.18245519722 -2.90683673925e-19)
(-8.0686470639 2.64186999508 1.93510480503e-17)
(-6.016513745 3.16978208207 -6.02068199843e-19)
(-4.10102576706 3.74916044948 6.33485233451e-18)
(-2.31859369285 4.37134053153 5.0349775954e-18)
(-0.649690214132 5.02939334353 -1.54794813918e-18)
(0.873652270857 5.7210415672 3.33779587888e-18)
(2.29758384795 6.4407162021 -5.49718854822e-19)
(3.60468349079 7.18789183395 3.03032628526e-18)
(4.79877485074 7.94788055667 1.38376743416e-17)
(5.88635994743 8.70902477798 6.12017279701e-18)
(6.87612181092 9.46081654602 -2.17460416423e-18)
(7.78029780734 10.1857601917 -7.01440438127e-19)
(8.62483222521 10.8794492419 -6.95427118155e-18)
(9.43894408578 11.519325887 -8.06849716313e-18)
(10.2588826685 12.0656371181 -1.28368802785e-17)
(11.1114391933 12.4780276037 1.77320561481e-17)
(11.9902796622 12.7352503701 -3.01953329876e-18)
(12.8972851817 12.8318201073 -2.12581163495e-17)
(13.842442671 12.7581243353 1.97721674055e-17)
(14.8256770793 12.5036035991 3.21605916239e-18)
(15.8276429351 12.0811747041 -2.58821784158e-18)
(16.9630243111 11.452157406 -1.88228270893e-17)
(3.69509734508 -2.39896737117 1.41990150132e-17)
(3.6626545027 -0.854773354992 -4.4765195095e-18)
(3.0710546579 0.994434202309 -1.75749080858e-17)
(1.93488422908 3.0551272901 9.63443690955e-18)
(0.169757136299 5.26679848831 6.68346667048e-18)
(-2.37763216424 7.68302572138 -3.35766001201e-18)
(-5.82807121731 10.4489311333 -1.30713046126e-18)
(-10.1866263911 13.6704491226 -1.97761767197e-19)
(-15.2796088778 17.2673024625 2.307343561e-18)
(-20.7822084896 20.9621894878 -1.06744635674e-17)
(-26.3155612756 24.3946340181 -4.34588598259e-18)
(-31.534005062 27.2431239292 8.31318188722e-18)
(-36.1858036781 29.304479569 -5.80825212191e-18)
(-40.142222316 30.5193743444 1.23655713587e-17)
(-43.389797737 30.9446517883 7.85692800487e-19)
(-46.0009417395 30.7150859474 -1.20474425252e-17)
(-48.0908719456 30.000361821 1.52161726763e-17)
(-49.7758689525 28.9618726928 2.5389851544e-19)
(-51.1456765487 27.7279536129 -9.09587420101e-18)
(-52.2551535901 26.3875698538 -2.04888861994e-17)
(-53.1298394301 24.9945963658 3.11060722258e-17)
(-53.7762022059 23.5757306167 1.61370446028e-17)
(-54.1920679175 22.1402943549 1.10170910066e-17)
(-54.3936220619 20.6914444354 4.98647797911e-19)
(-54.4026344489 19.2295185661 -7.49850547388e-18)
(-54.2261730875 17.748823905 -1.06115982912e-17)
(-53.8782712517 16.2411343408 1.94687157311e-18)
(-53.3623612361 14.7010478849 -3.01076546347e-17)
(-52.6708509951 13.1176267201 -1.07992750474e-17)
(-51.7917437242 11.4821133914 -3.52011051516e-18)
(-50.7027485527 9.79734791719 -9.97545212972e-19)
(-49.3759252251 8.07800534549 1.80108965393e-17)
(-47.7837881627 6.34904865539 -4.11989504942e-17)
(-45.9044995834 4.64710841565 -2.96679616458e-17)
(-43.7287978862 3.01762641975 4.52071683177e-17)
(-41.2657137905 1.51160288483 -4.05135477424e-17)
(-38.5439286553 0.182182635057 3.97187264191e-17)
(-35.6086320378 -0.922130928344 3.57939626009e-17)
(-32.5166864324 -1.76876582709 -2.40486375612e-17)
(-29.3330425009 -2.35229856458 0)
(-26.1270113559 -2.69479293111 0)
(-22.9628813455 -2.82949065134 0)
(-19.8880563405 -2.78350315204 -2.23634544003e-17)
(-16.9343693324 -2.58400970545 7.17049929239e-19)
(-14.1245337954 -2.25854788753 6.04922070877e-17)
(-11.4706483653 -1.82527011836 1.63082290239e-17)
(-8.98006178571 -1.30342733876 -4.02252588023e-17)
(-6.67168538671 -0.717549470167 -1.31976326994e-17)
(-4.53638284999 -0.0712955945767 -3.20702091169e-18)
(-2.56697008742 0.632746831654 -1.97144088538e-19)
(-0.755204113451 1.38381698735 6.6063989497e-18)
(0.920079811923 2.16045305117 -7.61202411183e-19)
(2.53454780102 2.97557285227 2.25043629734e-19)
(3.87660893742 3.80475107887 -4.67459884179e-17)
(5.2282309411 4.63133927504 6.72948575486e-18)
(6.47798390568 5.47619738542 7.14172072869e-18)
(7.63241154792 6.31370571412 -5.32008509675e-18)
(8.70809739123 7.13233918329 -2.48418298415e-20)
(9.71466263905 7.91966838478 -1.81563028455e-20)
(10.6721689946 8.6599192392 -9.17497766673e-18)
(11.6058395886 9.3339011605 -7.01492976098e-18)
(12.5434605731 9.91589215084 3.24186900056e-18)
(13.5045814092 10.3822878601 7.41621149386e-18)
(14.4933998225 10.7015281336 2.68669035591e-17)
(15.5116111246 10.8590169077 -1.18482723293e-17)
(16.5560565477 10.8484509135 -1.81734242335e-17)
(17.6227384965 10.6639865322 2.83309419526e-17)
(18.7094246091 10.2981406165 1.74506519873e-17)
(19.7972340018 9.75498000516 -9.11925321729e-18)
(20.9921059027 8.97984667333 -1.96670350379e-17)
(-0.381160247047 -1.77822021172 7.21643725209e-18)
(-0.774932761231 0.245692391275 -1.19169175293e-18)
(-1.81733179015 2.69114727346 -7.37212777097e-18)
(-3.42603982123 5.45488603553 -5.208778335e-18)
(-5.71449843971 8.50339997815 6.40817183266e-18)
(-8.7878482328 11.8781075686 1.49946322558e-18)
(-12.6504986132 15.6074161472 1.35493478884e-18)
(-17.1455832621 19.5925184302 -1.72546987227e-18)
(-21.9663333027 23.5647469712 -1.21345790906e-18)
(-26.746687966 27.1650241078 -9.20162280073e-19)
(-31.1686300865 30.0708965376 8.6306729381e-18)
(-35.0230792794 32.0833796244 -7.91055935735e-19)
(-38.2213224978 33.1660719531 -1.4968258357e-18)
(-40.7881865426 33.4212257398 4.65429832339e-19)
(-42.8269346834 33.0001448227 -2.03508717267e-18)
(-44.4571447297 32.0867218065 1.40093247854e-17)
(-45.7788920365 30.8401368006 2.53282545e-18)
(-46.8572902764 29.3808663903 -8.22563364622e-18)
(-47.7238826592 27.7915303104 8.77983355943e-18)
(-48.3893371653 26.1273600722 1.04859201677e-17)
(-48.856694152 24.4257720973 1.28155953834e-17)
(-49.130108228 22.7120632717 -1.55916473717e-17)
(-49.2196042514 21.0018109927 1.27968386484e-17)
(-49.1434311603 19.3016293531 3.07480064089e-17)
(-48.92056937 17.6099687824 1.09875073604e-17)
(-48.5715394915 15.9195004762 -1.89975995315e-17)
(-48.1119426006 14.2188249465 1.60993094283e-17)
(-47.5479714405 12.4930689865 -1.52746858433e-17)
(-46.8780119994 10.7238335608 -1.15885015216e-17)
(-46.0832897601 8.89686248622 1.43947598557e-17)
(-45.1310360344 7.00867193982 4.88029495104e-18)
(-43.9798044684 5.07000511767 -1.47562978145e-17)
(-42.5857735287 3.10906585873 2.11134007649e-17)
(-40.9111143122 1.17146991574 -7.34803965594e-17)
(-38.9332303961 -0.682963991527 -4.18249491215e-17)
(-36.6520248566 -2.38624420909 6.78628050439e-17)
(-34.0922143143 -3.8708018684 1.05532978514e-18)
(-31.30010247 -5.08049885864 4.36853224523e-17)
(-28.3363993759 -5.98210674774 -8.32923420781e-20)
(-25.267728906 -6.57179315163 -3.67855778492e-17)
(-22.1578458201 -6.87181991207 -7.1289507612e-18)
(-19.0594806461 -6.91796333633 -6.15429718587e-18)
(-16.0120918511 -6.74835752842 1.63191277376e-17)
(-13.0461583931 -6.39903173957 2.03318497058e-18)
(-10.1862314087 -5.90324811621 -1.37189438275e-17)
(-7.454995325 -5.28800898898 2.43714381401e-17)
(-4.8793396579 -4.57637776785 -4.84328866693e-18)
(-2.48008070528 -3.78938160165 -1.34884182976e-17)
(-0.26219835088 -2.94361957444 -5.23033702329e-18)
(1.75998924575 -2.05770248935 -1.02037632527e-17)
(3.59164261271 -1.14094188218 2.87009476094e-18)
(5.26695337485 -0.215187195141 4.22793020826e-18)
(6.79793469761 0.734533670751 5.94602520169e-19)
(8.05922388815 1.6581706219 -4.87888779349e-19)
(9.37154106123 2.59681218155 -4.67945653597e-18)
(10.5572256917 3.51711397224 4.04314022454e-18)
(11.6492911672 4.4092070828 1.71966322607e-17)
(12.6793370279 5.26100350676 3.81632012523e-18)
(13.665144986 6.05920574088 4.7080253401e-19)
(14.6261898422 6.78941622555 -1.64821968137e-17)
(15.581901897 7.43231880918 -1.08498657951e-17)
(16.5528600846 7.96581935916 4.40937297246e-19)
(17.5495819746 8.36607794411 1.19162152028e-17)
(18.5760234079 8.61633734231 -5.6984939967e-20)
(19.6312710785 8.70387924907 -3.135439396e-17)
(20.710448333 8.62042953284 2.5769878078e-17)
(21.8063472422 8.36002488889 1.658182661e-17)
(22.9164441175 7.91542053258 -8.71867271515e-18)
(24.0193380256 7.2871580478 -1.77306477454e-18)
(25.2138887475 6.4168285462 8.09348450792e-18)
(-4.64302079063 -0.725656783606 -1.29277606119e-17)
(-5.45266378321 1.81759207988 -4.01957750686e-18)
(-6.8829693814 4.86907593228 -7.38905867338e-18)
(-8.84979051122 8.3405124177 5.67735848553e-18)
(-11.4336688221 12.1782797284 -2.00027682783e-18)
(-14.641535409 16.3264533695 -3.22167946236e-18)
(-18.3542685122 20.6479665746 -1.16280336967e-18)
(-22.323568673 24.8795748161 3.77390945607e-18)
(-26.2355972143 28.6726134005 -7.02786823582e-18)
(-29.8084056039 31.7069627172 -2.24320618713e-18)
(-32.8677430496 33.8035301651 5.41405184434e-18)
(-35.3553342152 34.9528634846 -4.87295068961e-18)
(-37.3045352992 35.2178099371 9.80843222756e-19)
(-38.8236758103 34.7490274079 -5.6940970874e-19)
(-40.0352530195 33.7677625837 -2.483451268e-19)
(-41.0116113109 32.4133072645 -1.63209342056e-17)
(-41.7943287681 30.8003799946 -2.40473957856e-17)
(-42.3969394851 29.010234367 3.4968311559e-19)
(-42.8206995748 27.1055348335 -3.73098728115e-19)
(-43.0664231436 25.1382731869 1.72698103413e-17)
(-43.1399691964 23.1513279078 1.32165540658e-18)
(-43.0529561207 21.1768939336 -7.83122051023e-18)
(-42.8223934685 19.2347580325 8.13238004523e-19)
(-42.4706430544 17.332527025 1.79937672632e-17)
(-42.0244131025 15.4683673497 9.63524330716e-18)
(-41.5106004057 13.632177645 6.13275365611e-18)
(-40.9508565554 11.8059788063 -2.60035360353e-19)
(-40.3595367842 9.96453625948 2.16793461817e-18)
(-39.7365675975 8.07820724808 -1.65287050168e-17)
(-39.0587644238 6.12147277356 1.90887686509e-17)
(-38.2864576239 4.08027716724 3.95325932852e-17)
(-37.3654827461 1.95995629861 -1.11122694141e-17)
(-36.2349955299 -0.209221030677 -1.82545946812e-17)
(-34.8382673156 -2.37080621645 8.00256339988e-18)
(-33.1352943428 -4.4465423262 -8.73904622495e-17)
(-31.1131139321 -6.34660974772 2.60113351188e-17)
(-28.7900053754 -7.98437660127 1.1353420295e-18)
(-26.2124920611 -9.29222941228 -5.0841094844e-17)
(-23.4457808107 -10.2344464922 9.08365162614e-17)
(-20.5609235178 -10.8113317222 4.76554702883e-17)
(-17.6224171994 -11.0528642606 -1.71678447354e-17)
(-14.679934032 -11.0042483466 -2.6440030083e-17)
(-11.766843147 -10.7145749135 -6.44529650383e-17)
(-8.9051194984 -10.2280440461 6.81794489637e-18)
(-6.11036866612 -9.57907972641 2.60527226208e-17)
(-3.39679627432 -8.79828554901 1.80594454509e-17)
(-0.784031345675 -7.91222668041 8.88863882517e-18)
(1.70441513221 -6.93954475036 -8.91881220522e-19)
(4.04136462476 -5.90763199529 -2.45885278218e-18)
(6.20064499567 -4.84006844376 -1.63146984484e-18)
(8.16813802964 -3.75965019961 -4.67743328882e-18)
(9.95270635974 -2.67934474429 -7.52217562856e-18)
(11.5103457677 -1.63292065212 6.41958450879e-19)
(12.9267875152 -0.566475054788 -7.51626702713e-19)
(14.2028361182 0.462870027753 -7.38183504715e-19)
(15.3507948452 1.44141640735 -3.84321710435e-18)
(16.4041251555 2.36838920997 -4.9355533247e-20)
(17.3904362862 3.23522435891 1.29711914856e-17)
(18.3342397458 4.03066641696 8.40323733897e-18)
(19.2592068547 4.73918294941 2.86840463012e-20)
(20.1871257361 5.34563635112 -3.97728957006e-18)
(21.1337658286 5.8320421581 -6.46826146504e-18)
(22.1071983392 6.18031902683 1.98894946271e-18)
(23.1104221745 6.37604480667 -1.03703339076e-17)
(24.1421398605 6.40794566067 2.38677535594e-18)
(25.1978683488 6.26766506481 1.15096261885e-17)
(26.2702903372 5.94902680448 1.55518553198e-17)
(27.3568067579 5.44462004344 -1.31530111003e-18)
(28.4335738182 4.75394505567 1.02559953178e-19)
(29.5943894481 3.82007194809 -1.09938495458e-17)
(-8.6948659829 0.690645052156 -4.35558462346e-18)
(-9.83398329917 3.69362320211 -1.03871468344e-17)
(-11.4856354665 7.29533297073 -9.21218260797e-18)
(-13.5670123191 11.3690471966 -6.03685970754e-18)
(-16.0950021129 15.7876863645 -2.04148347091e-18)
(-18.9879463493 20.3719797499 4.20638914696e-18)
(-22.0654247784 24.8566980975 -2.87337196404e-18)
(-25.0868690857 28.9111852147 -8.3572157698e-18)
(-27.820559979 32.221413251 3.69609794352e-18)
(-30.103233565 34.5909478934 1.66552557455e-18)
(-31.88820883 35.9858103283 7.04708801709e-18)
(-33.2512048696 36.3889180321 2.24686486658e-19)
(-34.2974779607 35.9196597325 5.50248814521e-18)
(-35.0987911691 35.0154002565 -3.33111721829e-19)
(-35.736433388 33.6602000276 -8.49666453982e-18)
(-36.2217863249 31.9788159525 -6.86200760249e-18)
(-36.5574335048 30.0534564143 2.35305103055e-17)
(-36.736325457 27.9557338042 -1.76039705427e-17)
(-36.756789674 25.7536044592 4.476399006e-17)
(-36.6244574267 23.5091474046 -3.60033712663e-18)
(-36.3510509707 21.2735263105 3.27076490095e-18)
(-35.9526717549 19.0836545715 8.13062231692e-18)
(-35.4497021582 16.9614463867 -1.57634639726e-17)
(-34.8674854453 14.9152839602 5.78859793805e-19)
(-34.235395816 12.9420944247 1.45488527491e-17)
(-33.5836806852 11.0275863381 1.57863225873e-17)
(-32.9406422668 9.14495724395 -1.38098911466e-17)
(-32.3289105028 7.25595973822 -7.32024232281e-18)
(-31.7481302807 5.31738952515 -1.95513904816e-17)
(-31.1809679482 3.28898785832 -2.08509820381e-17)
(-30.5864586383 1.14295702813 3.12212724273e-17)
(-29.902494568 -1.12409063084 5.3762399929e-17)
(-29.05392403 -3.48144813889 1.73139352168e-17)
(-27.9654075151 -5.86072410251 5.00110237328e-18)
(-26.577819369 -8.16117753852 1.53833380893e-19)
(-24.8626080946 -10.2651706799 -8.21584167306e-17)
(-22.8281344912 -12.0610980048 7.01656036326e-17)
(-20.5176162701 -13.4656256572 -1.48990554557e-17)
(-17.9981171123 -14.4393529053 -7.35168309039e-17)
(-15.3442517815 -14.9884941721 6.29529485433e-17)
(-12.6229660417 -15.1554863945 -4.53555837435e-18)
(-9.88556055109 -14.9999925613 -7.32632993587e-17)
(-7.16537909653 -14.5811409892 1.8839078615e-17)
(-4.48048686183 -13.9534752557 2.71433696483e-17)
(-1.8407794479 -13.158784581 1.76868846527e-17)
(0.746337159653 -12.2288366564 -1.85583758357e-18)
(3.27218979911 -11.1905081731 4.44783331199e-18)
(5.72468708925 -10.0668379834 1.62283490121e-17)
(8.08582587464 -8.88141395683 8.71781481525e-18)
(10.3311838525 -7.65857495879 1.95885125051e-19)
(12.4352490033 -6.42379035334 6.05243319385e-18)
(14.3697919577 -5.19813661767 -2.8173082482e-18)
(16.1250927899 -3.99140543063 -4.59744750604e-18)
(17.698501784 -2.82459868212 -5.16891261448e-19)
(19.0934508503 -1.72037941769 -2.27901476743e-18)
(20.3299005436 -0.686698872392 6.42314447743e-18)
(21.4345088607 0.271054825608 1.47128157659e-17)
(22.4377576473 1.14600898957 -5.97730097775e-18)
(23.3726518326 1.92995575828 -1.4338742016e-18)
(24.2715171455 2.61231093367 7.6192302806e-18)
(25.1621614884 3.18106015396 -1.16647388122e-17)
(26.0638522642 3.62256751907 -2.49766876903e-18)
(26.987288395 3.92282084799 1.25602938737e-17)
(27.9373337545 4.06925760282 4.07437469076e-18)
(28.914326566 4.051758015 -2.45987976282e-17)
(29.915339485 3.86240119617 1.51552514446e-18)
(30.9340263128 3.49516722269 9.12232913319e-19)
(31.9680898264 2.94279144724 -7.56312647457e-18)
(32.9925724049 2.20450074058 2.06927271176e-17)
(34.0982759913 1.22696333252 9.73042333226e-18)
(-12.0817174936 2.2311068851 1.07839501292e-17)
(-13.3740484243 5.63569824063 2.17319015969e-17)
(-14.9907960585 9.66698560844 -1.10123490096e-17)
(-16.8953832193 14.1436376424 -2.40233347577e-18)
(-19.0303367513 18.8591031864 -4.99899848816e-20)
(-21.2707332465 23.5395633358 -1.09113772209e-17)
(-23.4439527712 27.8591588384 1.40740668812e-17)
(-25.3764327561 31.4965050215 -2.06861619687e-18)
(-26.9420652358 34.2079497065 -1.14260020114e-17)
(-28.0861597485 35.8733071014 1.50200001679e-17)
(-28.8573730353 36.4600686344 0)
(-29.403526243 36.4723800042 2.0530710927e-17)
(-29.8149002521 35.7540825307 -4.29145243737e-19)
(-30.1199513561 34.5283111992 -1.87324220899e-17)
(-30.3149919938 32.8860215191 -9.68190012865e-18)
(-30.3989889347 30.9208119007 2.42415874334e-17)
(-30.3603638186 28.7099523242 -8.05804349951e-18)
(-30.193813379 26.3350419564 6.3109668219e-18)
(-29.9030185119 23.8768065135 -1.54129072112e-18)
(-29.4970428448 21.4061733516 -3.74124028059e-17)
(-28.9873179375 18.9781715141 2.58205042943e-18)
(-28.3868282944 16.6304802613 -1.51885992156e-17)
(-27.7113348128 14.3846886742 -5.55002291853e-19)
(-26.9809225076 12.24840471 -3.94852249109e-18)
(-26.2208973593 10.2168869222 2.24599901383e-17)
(-25.4627520018 8.27236441116 1.58660400903e-17)
(-24.7418877918 6.37969258385 2.0535810152e-17)
(-24.0851086959 4.49040099088 -2.40849035004e-17)
(-23.5052462254 2.54794835477 -4.24465664187e-17)
(-22.9956042102 0.494308613257 -1.5493224848e-17)
(-22.521316132 -1.71599229702 1.86148408348e-17)
(-22.0197006783 -4.09896512778 6.95536270981e-18)
(-21.4077349223 -6.62581481162 1.10234545217e-17)
(-20.5965870459 -9.21603931418 -1.59476477479e-17)
(-19.5108642113 -11.7431993739 -4.8394009479e-17)
(-18.1074541926 -14.0558770428 -4.34226083995e-17)
(-16.3835997039 -16.0119992848 9.62360445006e-17)
(-14.3756588745 -17.5089695053 2.42198600729e-17)
(-12.1479100301 -18.5046516555 -1.61436461906e-17)
(-9.77389188904 -19.0142035626 7.49127653008e-17)
(-7.31865856937 -19.0939201115 -2.91680823534e-17)
(-4.83036191413 -18.8212492133 -5.52235149846e-17)
(-2.34057048303 -18.2692423959 -4.27735675605e-18)
(0.130947804592 -17.4996414358 -2.53718885304e-17)
(2.57253782355 -16.5614861048 3.32135472117e-20)
(4.97718118328 -15.4918188278 1.51795624565e-17)
(7.33998260455 -14.3191591028 -2.19106032635e-17)
(9.65627116897 -13.0674341478 -1.34439292602e-17)
(11.9203853363 -11.7583103362 1.52373311135e-17)
(14.1227362159 -10.4145822938 -2.72210643621e-18)
(16.2462009601 -9.05920127936 2.98814745541e-19)
(18.2693485237 -7.71145495353 1.10596171994e-20)
(20.1699451483 -6.3939993352 4.75236645309e-18)
(21.9262110415 -5.13174465096 9.06700453012e-18)
(23.5226253766 -3.94416090141 5.85282371759e-18)
(24.9534628411 -2.84631664934 4.71393976628e-18)
(26.2250125894 -1.84860932501 4.24716070603e-18)
(27.3566997631 -0.958017496979 -2.21681621649e-18)
(28.3779074128 -0.180245530475 5.6246410736e-18)
(29.3227544425 0.478519620686 -4.42217619424e-18)
(30.2244285342 1.01099985546 -4.50473833964e-18)
(31.109725089 1.40858802934 2.29216526144e-18)
(31.9969240058 1.66156280558 -1.48049915764e-18)
(32.8971187633 1.76005422615 3.83288628826e-18)
(33.8154886439 1.69546160941 1.7566963837e-17)
(34.7528395692 1.46063466106 4.44005190901e-18)
(35.7053741842 1.05018283682 2.58611213826e-18)
(36.6720989835 0.457827396031 -9.34082020619e-18)
(37.6287915189 -0.316827504989 -1.5667923376e-17)
(38.6629343866 -1.32309268322 1.30620212611e-17)
(-14.3122318959 3.65541092126 7.82485177864e-18)
(-15.551280116 7.39378582601 -1.68259755924e-17)
(-16.9343663416 11.6904963999 -2.50916257064e-19)
(-18.4281027585 16.3422719579 -1.91799011834e-18)
(-19.9442160648 21.0892932526 9.78677998539e-18)
(-21.3650769216 25.6109126355 5.4352734801e-18)
(-22.5657645721 29.577195589 -1.23843994419e-17)
(-23.4648126239 32.7099929782 2.11697365522e-18)
(-24.0175425549 34.844048753 7.16000396364e-18)
(-24.2729251702 35.9442460589 0)
(-24.3510665404 36.2489361522 2.63311749937e-17)
(-24.3566552174 35.9611918478 1.06109179556e-19)
(-24.2886412708 34.9370780975 -3.10022131873e-17)
(-24.1911679391 33.4635148917 -1.08910647439e-17)
(-24.0307633239 31.5793076127 1.11932406532e-17)
(-23.8012947715 29.3687732089 2.08866952918e-17)
(-23.4908034621 26.9195551863 -2.82752503385e-17)
(-23.0995387361 24.3265762439 2.82068785424e-19)
(-22.6324078796 21.6787908977 -3.86045913712e-17)
(-22.0945881162 19.0487297928 8.19493044019e-18)
(-21.4889396104 16.4887463609 -2.20531373917e-18)
(-20.8168385024 14.0329493085 -1.53164908883e-17)
(-20.0813116104 11.7014430025 -1.98954834772e-18)
(-19.2904843367 9.5025133843 -2.06570921891e-17)
(-18.4618257758 7.43269612785 -1.34525336658e-17)
(-17.6292017195 5.47331932405 1.99164138248e-17)
(-16.829812954 3.58890330081 2.28085007395e-17)
(-16.1006429439 1.72531564824 3.71674983359e-17)
(-15.4702985984 -0.188942159831 -3.98778403848e-17)
(-14.9467012661 -2.23270539272 -3.6053984637e-17)
(-14.506648993 -4.47397852008 -7.72960018132e-19)
(-14.0938080109 -6.94590428553 2.93406224971e-17)
(-13.6260928061 -9.62363442427 3.62428379362e-17)
(-13.011027019 -12.4134800838 -3.01036162355e-18)
(-12.1644752525 -15.1601299929 -5.88357457105e-17)
(-11.0338049405 -17.6738882245 -3.81385769167e-17)
(-9.60743029101 -19.7795537187 -1.42164129847e-17)
(-7.91301619328 -21.3533220887 4.03340931974e-17)
(-6.00692426902 -22.3515918493 1.66122256959e-20)
(-3.95410166231 -22.8036956423 1.13255635544e-17)
(-1.8123177785 -22.7850856639 1.30401099105e-17)
(0.376365965411 -22.3899904081 -2.62253998871e-17)
(2.58510043893 -21.706915705 1.19018427695e-19)
(4.79812052529 -20.8056184674 1.9909902294e-17)
(7.00521921491 -19.7372883398 -6.44049334812e-18)
(9.19784907652 -18.5397762988 1.42351074048e-17)
(11.3677353578 -17.2434049934 -1.36683531355e-17)
(13.5077064507 -15.8746688304 -1.13837476707e-17)
(15.6129212041 -14.4583830569 4.65889774287e-18)
(17.6803335462 -13.0173701981 5.80501897559e-18)
(19.7069456739 -11.5724273333 -6.86298799243e-18)
(21.6869466857 -10.1435971403 -1.17064165392e-17)
(23.6090545289 -8.75193386483 -3.5559506741e-18)
(25.4554903895 -7.41928474017 2.87606681748e-18)
(27.2035534542 -6.16662250127 -5.54884953086e-18)
(28.8302175323 -5.01277402851 -1.31919674065e-18)
(30.3190445049 -3.97264015488 2.03961789858e-18)
(31.6653036745 -3.05686202966 -5.5149583157e-18)
(32.8774913922 -2.27274230855 -3.4969148733e-18)
(33.9754487121 -1.62546124295 1.53063060448e-17)
(34.9858573835 -1.11925083005 8.59211590513e-18)
(35.9363189792 -0.758479377275 -1.55708539395e-17)
(36.8507088082 -0.548379053841 -8.35754739791e-18)
(37.7475080044 -0.495081082928 5.51537908558e-18)
(38.6391407594 -0.604559287481 -8.64910760463e-19)
(39.5329158665 -0.882082318985 -3.03115792879e-19)
(40.4301595106 -1.33201795915 -9.00503194384e-18)
(41.3334497413 -1.95860178317 -1.14414196326e-17)
(42.2201905952 -2.76180477373 7.61900684375e-18)
(43.1743099608 -3.78322853126 2.32778223538e-17)
(-15.1053903492 4.93760559426 -6.2966020675e-18)
(-16.1484398951 8.80399638967 -1.85540830749e-17)
(-17.1489748532 13.1687559748 5.59737667235e-18)
(-18.0890368436 17.7885114328 -6.83098837854e-18)
(-18.891520219 22.3708486024 -3.18423502704e-18)
(-19.4793298046 26.5855511703 1.26077141841e-18)
(-19.7926007083 30.128779566 1.20683906234e-17)
(-19.8082483997 32.7838226297 -1.96141383832e-17)
(-19.5794861333 34.4742694003 -9.08333360726e-18)
(-19.2066657735 35.2756370108 9.1724253804e-18)
(-18.8025276282 35.3724480735 -1.91077100522e-20)
(-18.3764601131 34.795102865 1.5784361233e-17)
(-17.9383977501 33.6035823913 5.21349603126e-17)
(-17.5225702222 31.9441901174 3.06177611798e-18)
(-17.0944056792 29.8695819002 -1.9406965064e-17)
(-16.6494859467 27.4723100506 -2.50249658242e-17)
(-16.17986382 24.8527886664 2.60085038348e-17)
(-15.6855434139 22.1134149764 -6.15611132173e-18)
(-15.1654650711 19.3434236562 7.38149382633e-18)
(-14.6143409555 16.6102335071 1.60185171861e-17)
(-14.0211654167 13.9601214634 -2.58539481676e-18)
(-13.3723057119 11.4215457886 2.09651310148e-17)
(-12.6567172419 9.01471989166 -1.72435893432e-18)
(-11.8711322255 6.75384962831 -7.05934470918e-18)
(-11.0302227305 4.64353565081 -1.9410254191e-17)
(-10.1643085239 2.66757768347 8.73607808399e-21)
(-9.31056241501 0.797246004777 2.08690877194e-17)
(-8.51638942801 -1.02734135632 4.3090631735e-17)
(-7.82076459683 -2.89400494104 1.09197377514e-17)
(-7.24324910607 -4.90528212464 -4.05435183715e-17)
(-6.77243665479 -7.15526422996 -5.36559530145e-18)
(-6.36240323287 -9.69748809227 1.15242282715e-17)
(-5.94112617066 -12.5123676699 3.13764356174e-17)
(-5.42473802471 -15.4885174293 6.10056180111e-17)
(-4.73240122857 -18.4346402898 -4.86689484381e-17)
(-3.8117912863 -21.120961362 -4.47056206296e-17)
(-2.64715350707 -23.3409682474 -5.41488592824e-18)
(-1.25651479241 -24.9551392096 -2.23856743183e-17)
(0.316743295731 -25.9235366351 8.05334035174e-20)
(2.02123993252 -26.2923674012 3.53226021898e-17)
(3.81209635601 -26.1605628622 -1.15098510682e-17)
(5.65855183797 -25.6422321623 9.09303723388e-18)
(7.54302161232 -24.8370078608 -7.00797419427e-18)
(9.45554050514 -23.8185390797 -4.12802287469e-18)
(11.3885133449 -22.6373485167 0)
(13.3333864113 -21.3295050322 2.24189599864e-17)
(15.2798104955 -19.9249073872 -4.81813659756e-18)
(17.2170688745 -18.4519559643 -5.7055137093e-18)
(19.1364067221 -16.9385401432 7.23638265499e-18)
(21.0328712587 -15.4110601374 8.33240303756e-18)
(22.9057304939 -13.8934206707 1.11271173904e-17)
(24.756907118 -12.4066331963 3.59802530224e-18)
(26.5876836435 -10.9694578679 -2.03013812518e-17)
(28.3943038687 -9.59971119534 -8.95363587189e-18)
(30.1652962907 -8.31468939667 -7.96485823185e-18)
(31.8817776145 -7.13092378245 6.03668624299e-18)
(33.5210684177 -6.06385800281 -3.80874044599e-18)
(35.0623109664 -5.12679025569 -1.56016254858e-18)
(36.4914888023 -4.33020614288 3.49776479911e-18)
(37.8047911558 -3.68166648484 -4.63808768821e-19)
(39.0087645605 -3.18613482134 -8.18719427493e-18)
(40.1179318122 -2.84699647563 -4.63496932866e-18)
(41.1505239141 -2.66691482165 -7.42902453506e-18)
(42.125120866 -2.64856230291 -9.38826131324e-19)
(43.0579504499 -2.79472104034 8.92670720947e-18)
(43.9617988546 -3.1074909275 -5.64718690837e-19)
(44.8442321609 -3.5887769185 -2.40766034922e-18)
(45.7115750089 -4.24201843678 9.28551252091e-18)
(46.5469133007 -5.06527117771 1.08684477631e-17)
(47.4280637354 -6.08901409455 -1.97672362024e-18)
(-14.5275133449 5.95138499402 -1.89618839358e-17)
(-15.2416572521 9.74582612452 1.85410081896e-17)
(-15.7407681955 14.0068203883 -1.09003767977e-18)
(-16.0658581878 18.441489714 1.54607018035e-17)
(-16.158972764 22.7432193202 1.01861866424e-17)
(-15.9896124308 26.5947751982 -5.22299797514e-18)
(-15.5539885747 29.7334184024 1.87774386845e-17)
(-14.8900895734 32.0049586319 3.15091276186e-18)
(-14.0883554458 33.3928346437 -1.35532004746e-17)
(-13.2538623156 33.9913266476 -1.47112540757e-18)
(-12.4501859123 33.9074879793 -6.48633696275e-19)
(-11.6713683062 33.1795563403 2.71441230261e-17)
(-10.9467277047 31.8728619165 1.41503462325e-17)
(-10.2866982793 30.0829580042 -1.51416680194e-17)
(-9.66968829093 27.879181987 -8.54979483078e-18)
(-9.09296751803 25.3634088323 1.91934332957e-17)
(-8.54875036248 22.6437371767 -1.95429835219e-17)
(-8.02915899224 19.8231132746 -2.96668137068e-17)
(-7.52248442383 16.9864227117 2.41909274794e-17)
(-7.00802218436 14.1908170997 -2.60989356065e-19)
(-6.46420499339 11.478855909 -9.08116337453e-18)
(-5.87816365551 8.86920635178 6.32905641908e-18)
(-5.22190714559 6.3822816825 5.10778466507e-18)
(-4.48225264304 4.05267656792 -6.28893652355e-18)
(-3.68027509461 1.89022667369 -1.91113692033e-17)
(-2.84422059776 -0.108886138591 -3.39374227308e-17)
(-2.0050386215 -1.97026126666 -2.05446392309e-17)
(-1.20770416002 -3.75857187861 2.18404519476e-17)
(-0.490821205719 -5.57917893041 2.72985699915e-17)
(0.123518392031 -7.56045742081 0)
(0.639727219325 -9.8222255565 1.47016356152e-17)
(1.09176256885 -12.4339670417 1.59245777703e-17)
(1.53513332745 -15.3746008851 -3.58685965727e-17)
(2.03521665592 -18.5107280385 6.41329878066e-18)
(2.65330717949 -21.6136525305 3.51441797359e-17)
(3.42717232971 -24.4152007115 -1.96808887835e-17)
(4.37042841125 -26.6855144474 -3.57160624607e-17)
(5.47438812852 -28.278226626 3.28236196094e-20)
(6.71064165181 -29.1681506814 -3.34677033001e-18)
(8.04865842515 -29.4237701759 5.15314198021e-17)
(9.46394891884 -29.1673211642 -7.82765448687e-18)
(10.9421779048 -28.5293744013 -3.39070224012e-17)
(12.4766911264 -27.6159596732 2.81371288515e-17)
(14.062739296 -26.4991668841 -2.72973559159e-20)
(15.693861094 -25.224888303 1.01610552603e-17)
(17.3605875429 -23.8254422946 -8.3200739781e-18)
(19.051092864 -22.3296653548 -9.48404249952e-18)
(20.7534087258 -20.76753758 -6.36756675971e-18)
(22.4576130215 -19.1703001535 1.32127928134e-17)
(24.1572036259 -17.5685041205 -1.95357226756e-18)
(25.8497554144 -15.9898281619 0)
(27.5366946315 -14.4577119389 1.0329039659e-17)
(29.2215555573 -12.9910286409 -9.99356624892e-19)
(30.9074751521 -11.6050695408 3.47668188881e-18)
(32.5943038712 -10.3127659156 -5.42576623708e-18)
(34.2753221388 -9.12607587267 1.59995857325e-17)
(35.9369032348 -8.05672628319 5.80686265364e-18)
(37.5602873528 -7.11635960299 -3.45015291043e-18)
(39.1245171673 -6.31581425994 -1.29770592022e-18)
(40.6107896207 -5.66443296944 -7.43645644364e-18)
(42.0062676352 -5.16952777133 4.20985559868e-18)
(43.3060106888 -4.83641386537 3.76334067226e-18)
(44.512189676 -4.66845617506 -1.40920129156e-17)
(45.6322695959 -4.66748776455 -2.24502015677e-18)
(46.6772860616 -4.83357972315 6.45738849684e-18)
(47.6587576764 -5.16658785843 4.05188200851e-18)
(48.583981241 -5.66571922888 1.14616534451e-17)
(49.4625450074 -6.33040427749 -2.11806309061e-19)
(50.285686437 -7.15799221685 -1.02990739143e-17)
(51.1170743587 -8.16713194022 5.0693086719e-18)
(-12.7247440288 6.50706158744 2.84817480929e-18)
(-13.0364276762 10.1336435405 6.70078465219e-19)
(-12.9773561212 14.1857060402 -3.26573409801e-18)
(-12.6929006748 18.3495473555 -1.0300345383e-17)
(-12.1390809971 22.3249162737 -3.60865478243e-18)
(-11.3259383953 25.820885578 -5.18149883289e-18)
(-10.29113607 28.6169970617 -3.89930201144e-18)
(-9.10637269067 30.6047069256 1.3188954309e-17)
(-7.86602256035 31.7907352894 1.7937600939e-17)
(-6.65519551773 32.2508252298 -1.28243558159e-17)
(-5.51176295646 32.051441813 -1.40337197333e-17)
(-4.44541698658 31.2306673503 2.88003037134e-17)
(-3.4852709123 29.849320824 -3.10770972854e-17)
(-2.63222373069 27.9846672003 -3.05906270491e-17)
(-1.87720938368 25.7155783795 3.60670199931e-17)
(-1.21523838818 23.1463141326 3.97112301882e-18)
(-0.634735050656 20.3846662568 -3.53524833118e-17)
(-0.115307790148 17.5261758701 1.02430425723e-17)
(0.364822351543 14.6421321524 -2.07540160784e-19)
(0.825679382008 11.7702210466 -6.78131454728e-18)
(1.36354893111 8.99228368769 -6.61752183456e-21)
(1.89566819921 6.35389590084 -1.24258168857e-17)
(2.45345930755 3.81917816118 2.88212163364e-18)
(3.09485214894 1.4083787654 1.41543180276e-17)
(3.79684365306 -0.81154818128 6.81096378901e-18)
(4.5271031844 -2.8308168264 -1.87341719576e-17)
(5.26488561208 -4.68084322484 -2.21161784243e-17)
(5.98071988193 -6.43715820796 9.23481825156e-18)
(6.64672893748 -8.22542238072 1.20382866756e-20)
(7.2495885363 -10.1997093928 -2.0657684115e-17)
(7.7950137416 -12.5003152286 1.83393443465e-18)
(8.30553990497 -15.2018422963 1.41933943875e-17)
(8.81260906469 -18.2672323768 1.82992216642e-18)
(9.34887598206 -21.5310750293 -3.37202712401e-17)
(9.94231243481 -24.7276460546 -1.8961650626e-18)
(10.6044883341 -27.5598961619 1.23577095689e-17)
(11.3453862509 -29.788067517 -7.53011426946e-21)
(12.1661296708 -31.2772019028 3.70568527458e-17)
(13.057837243 -32.032048142 -3.80681145909e-17)
(14.0182069417 -32.1465882898 -2.76232678562e-17)
(15.0468989632 -31.7619422245 4.26113484966e-17)
(16.147671428 -31.0177236007 1.15494614487e-17)
(17.3244886777 -30.0180017653 -6.93578049416e-20)
(18.5758640183 -28.8264074115 -2.42402681261e-17)
(19.8940125547 -27.4798878462 9.95850291537e-18)
(21.2666104896 -26.0058949718 1.91610647683e-18)
(22.6795217077 -24.433411045 -1.29018638432e-17)
(24.1202277068 -22.7959396578 -8.87366007146e-21)
(25.5800301385 -21.1294159732 -1.26401569807e-17)
(27.054276791 -19.4686077505 3.35508714708e-21)
(28.541498592 -17.8440891306 -5.3475683732e-18)
(30.0423582532 -16.2806301926 8.22907599005e-18)
(31.5586733487 -14.7970300136 1.23844369606e-17)
(33.0926519958 -13.4069103593 7.49660786294e-19)
(34.6454731465 -12.120481197 9.60144442783e-18)
(36.2158682624 -10.9462048486 3.73094520726e-18)
(37.7990195582 -9.8919745363 -8.93234113259e-18)
(39.3852805098 -8.9655368918 -9.30470693122e-19)
(40.9596271113 -8.175069119 -2.1935367231e-18)
(42.5033510952 -7.5290451245 1.01665708338e-17)
(43.9973259917 -7.03547943608 2.35982460937e-18)
(45.4248913069 -6.7012478648 -1.54795258043e-17)
(46.7736700538 -6.53111245326 -2.22757840577e-18)
(48.0373784122 -6.52791337067 1.05633873405e-17)
(49.2144326701 -6.69248070211 -6.90107973367e-18)
(50.3058123834 -7.02377710952 4.38609280512e-19)
(51.314829708 -7.51974595833 7.62212408523e-18)
(52.2485594746 -8.17400815573 -4.90250774532e-18)
(53.0996679682 -8.98387650646 -1.36537359089e-18)
(53.9125037222 -9.9570531361 3.16915841915e-18)
(-9.90141790739 6.53859903107 1.85242792901e-17)
(-9.81463030263 9.95222244979 7.00930287279e-18)
(-9.19891547025 13.7440568714 1.07340250574e-19)
(-8.35132993903 17.6072347322 -1.80588524889e-17)
(-7.2348719635 21.2584442345 -5.90672218931e-18)
(-5.88842373796 24.4377902219 -2.57288150615e-18)
(-4.37303043865 26.9594987408 -7.86000996765e-18)
(-2.77239842592 28.740688438 1.7997357472e-17)
(-1.1720314189 29.790151289 -2.80456200793e-20)
(0.362046649906 30.1598495179 4.24017348184e-18)
(1.79761231256 29.8920456558 -4.32086762603e-18)
(3.11275603196 29.0225319887 -2.93846359803e-17)
(4.28326199457 27.6100964085 1.62582060757e-17)
(5.30451468595 25.7217632076 -1.71929556221e-17)
(6.17934020871 23.4400248939 -5.91523479016e-17)
(6.91527369696 20.8649153078 4.50597880705e-20)
(7.52961318958 18.0974697794 4.60774231893e-17)
(8.05181085542 15.2254258541 8.53419724035e-18)
(8.51270324763 12.3128443231 -1.8104557978e-18)
(8.90963502771 9.4159498743 1.05608182002e-18)
(9.28531965637 6.58149957148 -4.52493809145e-18)
(9.92351984422 3.69439974611 1.80433900024e-16)
(10.3956179326 1.21186269504 -4.77033908512e-18)
(10.8755376571 -1.1932206781 9.26619530684e-19)
(11.4237539618 -3.4324556998 5.84964576338e-18)
(11.991930663 -5.44953244826 1.6398820667e-18)
(12.5610835923 -7.27280193058 -2.33196983757e-17)
(13.1251097309 -9.00094555934 -2.12867359365e-20)
(13.6821388156 -10.7866736048 1.83010766637e-17)
(14.2379753955 -12.8044449308 -1.08919508271e-17)
(14.801797582 -15.1986930669 -2.39277127627e-19)
(15.3782542531 -18.0263334546 1.23426672257e-17)
(15.9627220942 -21.2148683994 0)
(16.5443894714 -24.5589094694 2.76707223316e-17)
(17.1131158594 -27.7630754574 2.99428943457e-17)
(17.6560229937 -30.523204453 -3.04978242899e-17)
(18.1856856746 -32.6030111457 -1.75731551375e-17)
(18.7081164705 -33.9057966947 -1.56533257963e-17)
(19.2429597839 -34.4698034778 -1.27958393143e-17)
(19.8214295727 -34.4231690193 8.31856695952e-18)
(20.4670009341 -33.9190771112 2.58997965976e-17)
(21.1984682501 -33.0926897887 7.39312954768e-18)
(22.0264407119 -32.0343169285 -4.75631412792e-18)
(22.9493318006 -30.7925378246 2.2331505416e-17)
(23.9561000512 -29.3930236422 -7.2717208406e-18)
(25.0305657427 -27.8586381461 -6.68420081138e-18)
(26.1562178697 -26.2210369827 -2.84688950143e-17)
(27.3209395847 -24.5203319397 2.00154002115e-17)
(28.518801966 -22.7992211902 1.18070062836e-19)
(29.7486633019 -21.0970625232 -1.26412371268e-17)
(31.0116980286 -19.4461069045 -1.09420270108e-18)
(32.3094281224 -17.8703645949 5.25151975536e-18)
(33.6425033188 -16.3863520824 9.21365729995e-18)
(35.0102878047 -15.0049603353 -1.00000432034e-17)
(36.4109329908 -13.7336076587 1.71415153917e-17)
(37.8415109586 -12.5784862363 -8.39669642442e-18)
(39.2984653296 -11.5464434167 -9.08284014797e-18)
(40.7771625265 -10.6415017087 5.5808431208e-18)
(42.2687527156 -9.86860323008 1.7609589853e-18)
(43.7603947505 -9.23430107655 -5.19562603492e-18)
(45.2366954225 -8.74553579172 -1.33487561166e-17)
(46.6810229357 -8.40885835749 -4.33033107145e-18)
(48.0767108742 -8.22979010168 7.64778637417e-18)
(49.4085504685 -8.2119476481 6.00484833986e-18)
(50.664052757 -8.35713125872 0)
(51.8347430729 -8.66449824561 6.26028647023e-18)
(52.9175218686 -9.13006169538 -3.56644603946e-18)
(53.9093823101 -9.74980437139 2.13813711805e-20)
(54.8013056807 -10.5176058501 2.24478719615e-18)
(55.6141043914 -11.4314419568 1.2674719455e-17)
(-6.30887781868 6.11388083887 4.73212237585e-18)
(-5.92047017793 9.23996228502 5.33633375438e-18)
(-4.77136747539 12.7479283458 8.25742150925e-18)
(-3.41558880141 16.3163186627 -7.99802790819e-18)
(-1.81820806446 19.6685312508 -1.79004715146e-17)
(-0.0281181899062 22.5776965711 8.90083398029e-18)
(1.88552659363 24.8840685738 -3.51573047213e-18)
(3.83743869981 26.5148474673 -1.54440349009e-17)
(5.75042552207 27.4707454749 2.11521509798e-17)
(7.56991881017 27.7826517101 2.88751632366e-17)
(9.26479046203 27.4798770019 2.96188394335e-18)
(10.807221522 26.5989330454 9.9168416593e-19)
(12.1738169129 25.1914963396 1.61828205605e-17)
(13.3548243539 23.3191763571 -2.68112142674e-17)
(14.3499518128 21.0610299499 -4.78772112984e-17)
(15.1685118785 18.5092504865 -7.96993249012e-18)
(15.8322229956 15.7564218864 2.95487487374e-17)
(16.3737131122 12.8847388048 -1.28817432919e-17)
(16.8310962928 9.95783272153 6.24600265081e-18)
(17.218227846 7.03807057579 1.09465738134e-17)
(17.5508787184 4.20046418788 -1.44795194565e-18)
(17.995394179 1.55888885735 -7.94399113524e-17)
(18.3547504447 -1.17685962709 2.23701823783e-18)
(18.7180762283 -3.66518639502 1.06379476622e-17)
(19.0850103066 -5.88974964198 -7.23827491282e-18)
(19.4419994688 -7.86821095011 -1.33555339001e-17)
(19.801009661 -9.66167627567 6.09677970212e-18)
(20.18823643 -11.3982578391 -3.97747550858e-18)
(20.6330932314 -13.253413724 2.39739114064e-17)
(21.1569609249 -15.4037408746 7.06979718079e-18)
(21.7591071748 -17.9678114494 -3.57233530633e-17)
(22.4094450658 -20.9542363717 1.06599441917e-18)
(23.0560288322 -24.2384475533 9.91883143857e-18)
(23.6448020789 -27.5783762791 0)
(24.1348264571 -30.6678613098 -1.91271640655e-18)
(24.5125129315 -33.2217448166 2.64723503036e-17)
(24.7907837614 -35.0530142638 1.7745389434e-20)
(24.9870277657 -36.1124008503 -2.68113725141e-17)
(25.1594911036 -36.4511325508 1.09223983273e-19)
(25.3625325214 -36.2391457054 0)
(25.643138734 -35.638296945 -2.70736471375e-17)
(26.0294132347 -34.7625752266 4.73402528996e-17)
(26.5311650339 -33.6733272708 1.47036393571e-17)
(27.1419652089 -32.3999083894 -1.60771111763e-17)
(27.8468101349 -30.9588344746 1.40067302398e-17)
(28.6264200403 -29.3723516651 1.58810186771e-17)
(29.4633165237 -27.6787950596 -2.76240957413e-18)
(30.3484150494 -25.9280507171 -1.03755205355e-17)
(31.280973928 -24.1705778259 3.15978384073e-17)
(32.2639786925 -22.4491044126 -7.92029133961e-18)
(33.3002293585 -20.7950505962 2.70712085671e-18)
(34.3907671966 -19.2289775123 -1.59296309071e-17)
(35.5345023284 -17.7633064386 -7.20704089653e-19)
(36.7284274468 -16.4052799388 -3.7224504912e-18)
(37.9675669409 -15.15875576 -1.8881262265e-18)
(39.2447917733 -14.0271381195 -6.21750439254e-18)
(40.5550752881 -13.0193856679 8.39556845701e-18)
(41.8957181065 -12.1369653741 -3.33864917244e-18)
(43.2587100663 -11.3820793683 -3.08610359235e-18)
(44.6341964699 -10.7598198578 -6.54683101024e-18)
(46.011721477 -10.2760638309 5.55565779683e-18)
(47.3789004432 -9.93602748856 3.01505038562e-18)
(48.7208906436 -9.7444350843 5.31958603841e-18)
(50.0218188373 -9.70515069978 -2.42181173393e-18)
(51.2665737956 -9.82004746297 9.00859244994e-19)
(52.4429828302 -10.0891671042 -2.66887281135e-18)
(53.5387075764 -10.5081147988 -3.2367838787e-18)
(54.5436738102 -11.0718310092 3.27871146214e-18)
(55.4508536721 -11.7738131173 1.03237592717e-18)
(56.2513366535 -12.6049851759 0)
(-2.03881648107 5.39776026145 4.40995986782e-19)
(-1.67830438926 8.08272847147 -7.34551905476e-18)
(-0.0761276542307 11.2648981545 -5.14248524448e-18)
(1.75042396221 14.5761130561 2.59296741459e-17)
(3.77073230288 17.6695819492 -2.2422262746e-18)
(5.94448440497 20.3497830093 -2.86563437831e-17)
(8.20410227619 22.4866697435 -1.00081056448e-17)
(10.466144381 24.0091659272 -3.33519307039e-18)
(12.6577959203 24.9028251901 -1.32761123249e-17)
(14.7324836515 25.179194985 1.03168048831e-17)
(16.6620716379 24.8676284553 2.41610112267e-18)
(18.4165691456 24.0034140766 -7.29470230359e-18)
(19.9704777974 22.6302248699 5.32674304507e-18)
(21.3105456946 20.8049883356 3.97066489138e-17)
(22.4343194359 18.6003238995 1.73436046491e-17)
(23.3508601942 16.0995799577 -3.95946688347e-17)
(24.0818763548 13.3870114938 -2.69704441544e-17)
(24.6581494023 10.5402788118 3.73129592815e-18)
(25.1152725932 7.62648111064 -1.3414929766e-17)
(25.4803501026 4.70468903822 7.5445944124e-18)
(25.7731763561 1.83154153234 -3.85639254709e-20)
(26.0248976944 -0.933636882719 1.0547999423e-17)
(26.2474907469 -3.54732928291 8.2759212859e-18)
(26.4321151999 -5.93960302442 -3.62342807363e-18)
(26.5683611574 -8.09068401266 -1.44875033124e-17)
(26.6928288957 -10.0241891629 9.83202908845e-18)
(26.8601317521 -11.8308241968 5.83525510147e-18)
(27.1275578434 -13.664531592 -1.46507809403e-18)
(27.5381863319 -15.7014647118 -1.1960765648e-17)
(28.099879893 -18.082961835 -1.47398162911e-18)
(28.773299591 -20.8640221589 1.71960125873e-17)
(29.4787305201 -23.9855031844 -1.3778374647e-17)
(30.1221254518 -27.2779368589 -1.56182312003e-17)
(30.6272165883 -30.4886468608 8.64449713642e-18)
(30.9496951378 -33.3283198373 2.22215140416e-19)
(31.0765543868 -35.550833155 0)
(31.0328409698 -37.0460996635 -4.05299879058e-18)
(30.8936747355 -37.8129493323 -1.27866875459e-17)
(30.717965191 -37.9516055923 7.65590284169e-19)
(30.5685826774 -37.6046882376 -7.78853597104e-19)
(30.5157140351 -36.9441601978 -1.66600708834e-17)
(30.5930351114 -36.0553697422 6.08409959908e-18)
(30.8007339755 -34.9570247408 2.67036849103e-17)
(31.1209673104 -33.6602050542 1.62402538517e-18)
(31.5358323174 -32.1785943321 3.23996897654e-18)
(32.0263795663 -30.5412619574 0)
(32.5780527573 -28.7999753559 3.25963669263e-18)
(33.1890899186 -27.0171009296 -2.137683551e-18)
(33.8663361565 -25.2487167761 1.48602204169e-17)
(34.6158098888 -23.5359761517 1.8395709121e-17)
(35.438748449 -21.9047839578 9.67451046702e-20)
(36.3323828944 -20.3692414722 -4.03517672424e-18)
(37.2916472965 -18.9363121143 -9.48366576386e-18)
(38.3108662677 -17.6101356902 -4.16350790119e-18)
(39.3830001382 -16.3944298946 -7.25268201066e-18)
(40.4955405497 -15.2921446473 7.10114686174e-18)
(41.6449360222 -14.3073962996 -6.53872668745e-18)
(42.8314489856 -13.4441093553 -8.99822386696e-19)
(44.044802432 -12.7037737881 3.70134515142e-18)
(45.2744114667 -12.0903109615 6.15069011064e-18)
(46.512027975 -11.6088089558 -3.65438361261e-18)
(47.7485082743 -11.2631110716 8.68466230029e-19)
(48.9719120427 -11.0565511521 -4.49026132984e-18)
(50.1685998506 -10.9921597795 -1.33470376659e-18)
(51.3243846876 -11.0717885342 7.58756106691e-18)
(52.4267828448 -11.2953352578 -4.05361803445e-18)
(53.463140856 -11.661016714 -6.5217263139e-18)
(54.4214414479 -12.159020308 2.81188659728e-19)
(55.2920626315 -12.7805972745 3.37485326917e-18)
(56.0478358237 -13.5121283348 -7.77582459405e-18)
(3.45584127382 4.87833540849 -1.24593423676e-18)
(3.13640061389 6.77544887729 -4.69714265928e-19)
(4.65971947937 9.40642060615 -8.45808256239e-18)
(6.81857348532 12.4441458747 -4.5951770555e-18)
(9.1995590482 15.336999438 1.46860916264e-17)
(11.7145324675 17.8318134746 7.90191936814e-18)
(14.2908480878 19.8299817552 -8.89092663445e-19)
(16.8412947444 21.2720336404 -7.76958594073e-18)
(19.2908366086 22.1359954431 -2.22383745031e-18)
(21.6007274082 22.3991646792 1.36239154412e-17)
(23.7484876638 22.0982007077 2.67365301528e-17)
(25.70094169 21.2734542911 -9.08828858237e-18)
(27.4310417628 19.9612600171 -2.34339532803e-17)
(28.9252746872 18.2113806162 2.71867481132e-17)
(30.1794899531 16.0889715547 -6.65100825906e-18)
(31.1994182904 13.6688010738 -2.34873783883e-18)
(32.0020477375 11.027825264 -3.35335597762e-19)
(32.6126951623 8.23999284803 3.68592672158e-18)
(33.0604319178 5.37438561229 -3.83830483073e-19)
(33.3739558978 2.49474435759 -1.17616246525e-17)
(33.5749712243 -0.337273753753 6.73884755605e-18)
(33.690863421 -3.05241678987 -4.70196631007e-19)
(33.7353357422 -5.5741480732 8.05944761098e-18)
(33.7016148777 -7.88033551741 -1.41148743298e-17)
(33.6371598045 -9.97460475581 3.91705845535e-18)
(33.6254929041 -11.9233997331 5.30666058286e-20)
(33.7470818407 -13.8531540423 -3.25218122924e-18)
(34.0564987086 -15.9124131623 -1.00725652104e-17)
(34.5629305665 -18.2280561628 -3.61841596869e-18)
(35.2210086594 -20.8653639017 3.58380913427e-18)
(35.9385876289 -23.8035312795 1.77039616413e-17)
(36.6005835938 -26.935177912 -2.19681183972e-17)
(37.1032958065 -30.0859119725 -8.57285475742e-18)
(37.38434076 -33.032236704 2.25316375841e-17)
(37.4209521118 -35.522638714 1.12231309783e-17)
(37.2153646169 -37.3603485448 -2.52785031997e-17)
(36.824986265 -38.5079372886 2.43177814812e-17)
(36.3318753432 -38.9883492939 1.1640220527e-18)
(35.8260294694 -38.9534563619 -2.20937641792e-17)
(35.3837479636 -38.5446861811 2.14916184275e-17)
(35.0475480911 -37.8699806454 -3.22164953422e-18)
(34.8597819474 -36.9933124736 -2.08235325161e-17)
(34.80636637 -35.901458962 -1.30008085022e-17)
(34.8532573277 -34.5900354927 6.41539146068e-18)
(34.9865678952 -33.0718631939 1.03768854568e-17)
(35.194461406 -31.3889727438 9.24834040229e-18)
(35.470478415 -29.6147567928 -7.74178630997e-18)
(35.8239405722 -27.8267231674 -1.79980317515e-17)
(36.2684368654 -26.0808734718 -7.7208018568e-18)
(36.8083778215 -24.4085593814 7.15462244418e-18)
(37.4389673941 -22.8247736281 9.39158105293e-18)
(38.1514095511 -21.3358250282 5.74273684764e-18)
(38.9358266188 -19.9440077208 -3.97650062879e-18)
(39.782303501 -18.6512789037 1.36147310416e-19)
(40.6806368455 -17.4627240588 -8.97687368e-18)
(41.6214881484 -16.3866086285 -1.60505910649e-19)
(42.6035738443 -15.423285001 -3.78567191613e-18)
(43.6250428081 -14.5749875391 8.88959995804e-18)
(44.6765431335 -13.8425656429 -3.1256385036e-18)
(45.7461117819 -13.2315204285 -3.33647385171e-18)
(46.8262311616 -12.7460751861 -4.41525627746e-18)
(47.9093668315 -12.3882636577 3.3978550138e-18)
(48.9847050238 -12.1603807922 -3.23197943608e-18)
(50.0397411275 -12.0647779515 5.35624208068e-18)
(51.062150414 -12.1036362846 -5.06604262426e-19)
(52.0397548473 -12.2768420974 -6.20601932272e-19)
(52.9617054327 -12.5816536613 -2.93657518616e-20)
(53.8186656513 -13.0070880918 2.25561535527e-18)
(54.6032119396 -13.541106752 6.86903436931e-18)
(55.2777296111 -14.1651146805 -3.99112117538e-18)
(11.1310591371 4.89068465444 1.59268971619e-18)
(9.81922552668 6.17234285122 -1.36105102725e-16)
(10.1172981923 7.78243195538 2.8572526178e-18)
(11.972897116 10.1741695885 3.11657485388e-19)
(14.3486596419 12.7707681289 1.10515382393e-17)
(17.0119472772 15.1148036947 1.83973950115e-20)
(19.8238062271 17.0209127495 -2.56302690918e-17)
(22.6404689272 18.4076150006 6.98605614222e-19)
(25.3328391131 19.2472693051 3.99313699769e-19)
(27.8683551361 19.5430838487 -1.09325763826e-17)
(30.2321664585 19.2997405673 3.46350242906e-18)
(32.3782329916 18.5426146609 1.15820385077e-17)
(34.2751013465 17.3135505029 -7.93609965271e-20)
(35.9115409345 15.6633265867 2.77520983102e-17)
(37.2835179385 13.6518910643 -3.44423800494e-18)
(38.3933283358 11.3468635924 -3.83493270672e-17)
(39.2522314519 8.81926930996 2.2388683963e-17)
(39.8795583063 6.13992547487 1.33818845446e-19)
(40.2999790645 3.37688349551 1.30118159169e-18)
(40.5426510259 0.594001667 -6.78359428345e-18)
(40.6400352423 -2.14823643703 3.91936746324e-18)
(40.6321098079 -4.76281165332 -6.82823562259e-18)
(40.5404666444 -7.16890259119 -1.1057908597e-17)
(40.4112455362 -9.43209287044 -2.13962887739e-17)
(40.3566874282 -11.5970987078 -8.56843903945e-18)
(40.4621048235 -13.7423838711 -3.86917245056e-18)
(40.766494727 -15.9624192697 -9.60153833747e-18)
(41.2601264068 -18.3355990528 9.50485637922e-18)
(41.8855695623 -20.908869531 8.52923457628e-18)
(42.5501698831 -23.6829761131 2.25005912478e-17)
(43.1452748948 -26.602600249 -5.26789034939e-19)
(43.5678743307 -29.5611735387 3.60641880114e-18)
(43.7437257553 -32.4180232333 -1.85540308646e-18)
(43.6480280683 -34.9976067075 -1.55051141323e-17)
(43.2944951226 -37.0856864811 -4.43185299956e-18)
(42.7134052667 -38.5378346923 -3.56769432835e-18)
(41.9856727695 -39.4083222067 1.54683923927e-17)
(41.1894088453 -39.667349476 5.86184625329e-18)
(40.4191718066 -39.5181666394 -1.99793093424e-17)
(39.7475902919 -39.0978112926 1.14742911603e-17)
(39.1936393777 -38.4503069225 6.92081548115e-18)
(38.7791419213 -37.5766417418 -1.67717897871e-17)
(38.4760400286 -36.4987515762 2.4402174297e-17)
(38.2550158436 -35.1853059143 -7.29786102408e-18)
(38.1204005071 -33.6421518298 -2.35599341421e-17)
(38.0682556593 -31.9335186574 -8.65277355488e-18)
(38.0981483835 -30.1584319981 3.54177930999e-18)
(38.2270880816 -28.4045648257 -8.11782463022e-19)
(38.4703397472 -26.717660764 -1.05797416892e-17)
(38.8262160502 -25.1125552454 -1.81068485852e-17)
(39.2822873298 -23.5924851982 6.12097050643e-19)
(39.8247533105 -22.1583917 1.04712025505e-17)
(40.4411813803 -20.8108355053 -8.72146949937e-19)
(41.1200240425 -19.5508903669 9.25174334463e-18)
(41.8488151001 -18.3836658219 -4.79816969495e-19)
(42.6181794721 -17.3264332888 -8.36042914076e-18)
(43.4300628669 -16.3893146585 6.34686601873e-18)
(44.2893202434 -15.5583878309 -5.64168936675e-18)
(45.1818252026 -14.8295473158 -3.27056926453e-18)
(46.0909495595 -14.2148425374 -2.44329325414e-18)
(47.0119868383 -13.7191838139 4.41140950798e-18)
(47.940209153 -13.3422549182 3.01581848195e-18)
(48.8639999678 -13.0848976348 -1.09579266511e-18)
(49.770757673 -12.9488816063 1.83467447398e-18)
(50.6482553798 -12.9366871164 5.53260052873e-19)
(51.4837588828 -13.0496099865 2.01948502667e-18)
(52.2687574696 -13.2850541384 0)
(52.9951043976 -13.6311917395 -4.379141376e-19)
(53.6593596967 -14.072494199 2.07893878854e-18)
(54.228382705 -14.5924801205 -5.94791330813e-19)
(21.908538502 4.60063560912 3.59705727747e-18)
(19.503024439 5.5465688656 -4.10073460221e-18)
(18.7495522901 6.51668796541 -1.81323644988e-18)
(19.3774284674 7.98794212519 -3.91434485104e-18)
(20.8473180227 9.88488155267 5.37637826907e-18)
(22.9439039477 11.8490067005 2.88055013102e-17)
(25.4687837802 13.5921790142 -1.66558750986e-17)
(28.1916424065 14.9437732905 -5.7266923482e-17)
(30.9409869358 15.8011739989 1.32674196958e-18)
(33.6180074827 16.1859311405 3.10573241407e-17)
(36.1235895523 16.0763441485 4.07802160914e-17)
(38.4038445841 15.4634077355 -8.33605526489e-18)
(40.4317068712 14.3813850073 -6.22559796465e-17)
(42.1884934123 12.8825806949 3.31926032641e-18)
(43.6628893502 11.0264056864 7.2318139889e-17)
(44.852293336 8.87755145244 -2.9805521147e-17)
(45.7640933821 6.50352235318 -3.58984254451e-17)
(46.415207986 3.97167359743 1.10322172691e-17)
(46.8319612094 1.34550147735 3.39057910617e-18)
(47.0512224416 -1.31897841889 -5.740574018e-18)
(47.1190856215 -3.97489327508 -2.79188704928e-18)
(47.1118412444 -6.56544111572 -6.1308547664e-19)
(47.1383110133 -9.05536340641 -1.56333487493e-17)
(47.2454688304 -11.5256639966 -1.90507218058e-17)
(47.5134268304 -13.9875998921 -8.54887223311e-18)
(47.9241190612 -16.4623812156 7.82947106092e-18)
(48.4338957407 -18.9780435349 1.14859803104e-17)
(48.9850118128 -21.5572621026 1.0912519459e-17)
(49.5025414394 -24.2213152962 -1.23660006616e-18)
(49.9044238097 -26.9510541069 1.11239142251e-17)
(50.1171306812 -29.6842479869 -1.37964955891e-17)
(50.0856428231 -32.3269941426 -1.59313095718e-17)
(49.7792662593 -34.7695394671 -1.89550479169e-17)
(49.2050659205 -36.86680907 7.92215147299e-18)
(48.4126255555 -38.4095614579 -1.3196054467e-17)
(47.4719412583 -39.3500185504 6.75328156251e-18)
(46.472352347 -39.8522276044 9.90617363993e-18)
(45.4814790688 -39.8653390041 -3.33339734395e-18)
(44.5585815872 -39.7176161115 -2.04851767004e-18)
(43.7257377772 -39.3109763807 1.07284255957e-17)
(42.997503335 -38.6833919229 -9.52524033525e-18)
(42.3645439603 -37.7844931619 -8.16053949458e-18)
(41.7976058306 -36.6556022369 1.52758074443e-17)
(41.3343520361 -35.2603479861 9.53433329452e-18)
(40.9827863639 -33.6443862708 -7.48392120269e-18)
(40.7289821614 -31.9142249451 -2.04533507582e-19)
(40.569466499 -30.186843511 -7.79298285022e-19)
(40.5212979414 -28.5216976863 -1.95008715908e-18)
(40.5981211579 -26.9302226314 3.94717238861e-18)
(40.7937331007 -25.4106114763 -7.58611083074e-18)
(41.092058627 -23.9615163474 -9.67249789187e-18)
(41.4780963125 -22.5850485181 0)
(41.9404664468 -21.2850570818 7.6016333344e-18)
(42.4670435424 -20.0686465078 9.86670979082e-19)
(43.0380502897 -18.9402825946 6.28251091148e-18)
(43.6417388381 -17.9166729619 -1.61077460799e-18)
(44.3003772179 -17.0175883581 -3.53573177029e-19)
(45.0242158667 -16.2269466936 -1.00185572359e-17)
(45.7726240875 -15.5297433725 5.85905129035e-18)
(46.5262084751 -14.9379645582 -1.35510830176e-18)
(47.2904691823 -14.4615978426 5.38112951871e-18)
(48.0715127593 -14.0981118851 -3.27098180427e-18)
(48.8464863686 -13.8452735969 -4.29025467163e-18)
(49.6071723742 -13.7032871948 8.64481100377e-18)
(50.341187776 -13.6732601627 1.5491973117e-18)
(51.0298547542 -13.7556584453 -5.96232467711e-18)
(51.665751591 -13.9496226248 -3.22392557975e-18)
(52.2351948247 -14.2467326851 -2.67939482471e-18)
(52.7415746908 -14.6298132196 6.84869673552e-18)
(53.1952568963 -15.0857835452 6.58752643251e-19)
(5.41667714317 17.3787621757 -1.30897033783e-16)
(6.85952104581 20.2121174164 -9.4781930426e-18)
(8.45698833419 22.1368880247 -9.16145855083e-19)
(9.98745922377 22.5950129182 4.31732730657e-18)
(11.4248352962 21.5897316388 -6.88680925683e-18)
(12.7704561429 19.2300668198 -2.88618311279e-19)
(13.8918871194 15.957960263 2.21143637677e-17)
(14.6774989305 12.1533233929 1.36445309085e-17)
(15.0899563018 8.04785830992 -1.65363534201e-18)
(15.1542231508 3.76637947068 -2.76191944967e-17)
(14.9207224012 -0.612328368241 -1.70830353627e-17)
(14.443190174 -5.03069821443 1.33344277425e-17)
(13.7757974612 -9.43841657841 -4.15098410967e-19)
(12.9732290218 -13.7831128305 9.78920312659e-18)
(12.0886604767 -18.0009072195 7.93699805912e-18)
(11.173505767 -22.012716068 -5.42113738325e-18)
(10.2741613616 -25.7172083332 -5.27719782042e-18)
(9.43950628805 -29.0129477127 5.47665784432e-18)
(8.70020165504 -31.7916707799 1.24006092924e-18)
(8.0830263446 -33.9645270792 7.04967684341e-18)
(7.60001901771 -35.4604429516 -9.42851778219e-18)
(7.24280809591 -36.2396350834 -1.30175889503e-17)
(7.0009652626 -36.3261270469 -1.22840670265e-17)
(6.8727673938 -35.7893806486 3.11009315944e-18)
(6.85777082571 -34.6938226385 6.59832442175e-18)
(6.95744002555 -33.1280322884 -8.56882648822e-18)
(7.1901769317 -31.1922868881 -1.5995885181e-17)
(7.59470531284 -28.9774950292 4.29127082044e-18)
(8.22726249454 -26.5583822665 -4.25512153737e-17)
(9.15375427023 -23.9950246704 -1.26410443427e-17)
(10.4365099195 -21.3375865752 6.68016770676e-18)
(12.1191096083 -18.6323301703 1.90584014273e-18)
(14.2145102049 -15.9264039976 -8.7796748272e-18)
(16.7005260565 -13.2692188343 -9.53336404852e-18)
(19.5235827622 -10.7101483113 1.23378481585e-17)
(22.6086359181 -8.29378225949 -1.35194236548e-19)
(25.8716386869 -6.05485259017 1.437372646e-18)
(29.230113648 -4.01568446033 4.05929590147e-18)
(32.6091624327 -2.18676539348 1.08966709191e-17)
(35.9426770486 -0.568816303302 -6.54841130122e-18)
(39.1784039499 0.85223603644 2.8181541712e-18)
(42.2804023486 2.10599881994 -2.38384887323e-19)
(45.2175505135 3.22589243861 -3.2665671454e-20)
(47.9542836197 4.2310485569 1.04809577446e-18)
(50.4748915834 5.15681790649 1.76020264285e-18)
(52.771666016 6.02969113683 -3.05969836508e-19)
(54.8220124687 6.85698419196 -2.49244235538e-18)
(56.6060341466 7.64424335221 -2.74793672191e-20)
(58.1095220589 8.39280586938 9.00411154327e-19)
(59.3231021813 9.09737993023 7.26960076654e-19)
(60.2436566853 9.7456183112 -2.99557760165e-19)
(60.8789805905 10.3214577523 9.91179561214e-20)
(61.2413818426 10.8065285011 5.69148035191e-19)
(61.3634273574 11.186147477 8.68161572608e-22)
(61.2784064878 11.4659591813 -1.22071333653e-18)
(61.0165057059 11.6527977511 4.58004462035e-19)
(60.6256364087 11.7498706255 -2.65456351214e-19)
(60.1413939565 11.7794750229 2.23421345683e-19)
(59.5953041015 11.7580911334 -4.01817356259e-19)
(59.0115068305 11.7012674494 1.30335102218e-19)
(58.4058767926 11.6171664927 -2.51518196435e-19)
(57.7893033889 11.5102345453 4.46759996809e-20)
(57.1703754592 11.3806885441 4.3010346082e-21)
(56.5572946051 11.2279950098 3.89503394289e-19)
(55.9579010504 11.0527980105 -5.60989204614e-19)
(55.3782934668 10.8576902925 -2.6554545298e-19)
(54.8219727035 10.6481203742 -8.74238130282e-19)
(54.2881591831 10.4330748087 2.59244066039e-18)
(53.7779824354 10.2260189705 -1.34269724584e-18)
(53.2832102338 10.0400384398 7.04735805529e-19)
(52.7854835339 9.89105696566 1.56990341299e-20)
(52.276619886 9.78286617685 -3.82014687668e-18)
(51.7541752583 9.70189694078 -2.42003739798e-20)
(51.2205313031 9.62553556859 2.75084488384e-18)
(50.6662447901 9.53174492418 2.78641695203e-18)
(50.1101073242 9.39014075491 3.66985273857e-18)
(49.5261252979 9.18282505191 -1.16305427154e-18)
(49.0871303034 8.80607894998 3.88966513498e-18)
(48.6299872227 8.5294337161 3.40803667831e-19)
(48.2398752671 7.59662649555 -1.71077019217e-18)
(7.19496810243 16.5892728398 1.23959095069e-17)
(7.27850531572 18.8884204431 1.16741983945e-17)
(8.3831766474 20.188943848 1.81219782782e-18)
(9.99951016148 19.9772131928 -9.78480391439e-18)
(11.696512158 18.5174629634 -9.26408284151e-18)
(13.2733400977 16.1559495915 4.00855872181e-18)
(14.5851981549 13.1601345502 -6.51136888971e-18)
(15.556146524 9.72946384905 3.56844915032e-18)
(16.1846267738 5.99067541312 -2.70396596006e-17)
(16.4964411078 2.03468709885 -1.28096582238e-17)
(16.5290448747 -2.07102609068 -8.40490057862e-18)
(16.3254421041 -6.26949222399 1.10685150222e-17)
(15.928807416 -10.5040685455 -6.93989355376e-18)
(15.3855530291 -14.7163426969 3.46615414465e-18)
(14.7432483338 -18.8360129334 -1.1160458024e-17)
(14.0466066477 -22.774100464 -4.23061773295e-19)
(13.3447837253 -26.4195030734 -3.74328442415e-18)
(12.6677374733 -29.6592809838 -4.36893519996e-19)
(12.0493730106 -32.388391087 2.6383089395e-18)
(11.5123771983 -34.5041539779 -3.56053148648e-18)
(11.0766210159 -35.9366832414 -4.38675265211e-19)
(10.7281844532 -36.6385651638 2.21707626849e-18)
(10.4574672075 -36.6531967884 4.18312261521e-18)
(10.281640343 -36.0640936581 1.63737477685e-17)
(10.1922769408 -34.925253098 -1.96020453054e-18)
(10.1853246137 -33.3353351755 7.19852227798e-18)
(10.2670801419 -31.4038503207 -1.28906879059e-17)
(10.4584873253 -29.2287977637 -1.6501024191e-17)
(10.7987779138 -26.8899854775 -8.86151268017e-18)
(11.3451636173 -24.4483871463 -5.64604330297e-18)
(12.165661176 -21.9485773322 1.13424392528e-17)
(13.3257949694 -19.42440552 -1.41254620317e-18)
(14.8732013105 -16.9058870466 -6.09719042542e-18)
(16.8254537005 -14.4243072628 -3.28128010527e-18)
(19.165154202 -12.013738992 8.02996702338e-19)
(21.8432645507 -9.70894034528 7.08138867025e-18)
(24.7889342384 -7.54107206195 4.23360057181e-18)
(27.9215083012 -5.53366864711 1.91330100192e-18)
(31.1597392694 -3.70108790856 -1.68172959457e-19)
(34.4266172061 -2.04896839929 -3.03612685145e-19)
(37.6564976158 -0.57008956453 4.69073942084e-18)
(40.800487632 0.758852415677 -3.77865871665e-18)
(43.8137288552 1.96583694402 5.5867456399e-18)
(46.6558607587 3.07054867108 2.36494398617e-19)
(49.3063929628 4.11249957868 -8.54544125993e-19)
(51.7447192577 5.10577244167 -1.05859357849e-18)
(53.9412809674 6.05942826317 -1.25631074665e-18)
(55.8712202808 6.97799284181 -5.56047178612e-20)
(57.5150638576 7.85887640266 -1.07038913625e-19)
(58.8595986668 8.69263861327 8.83194797917e-19)
(59.8988176256 9.46196860258 1.89053671754e-19)
(60.6366534543 10.146936044 2.33929834607e-19)
(61.0851930523 10.7267289451 -5.34724735631e-20)
(61.2778360483 11.1861337384 1.01826280905e-20)
(61.2477138623 11.5285063697 4.90086744996e-20)
(61.0387412755 11.7638052929 -2.86330685671e-20)
(60.6678031379 11.8962906491 -5.18489548531e-20)
(60.1946367012 11.9457980137 1.46584160735e-19)
(59.6519107351 11.9355921158 -5.10265936098e-19)
(59.0647821614 11.8815281699 2.80758146287e-19)
(58.451056063 11.7965014285 6.16346936471e-19)
(57.823683253 11.6855312719 1.142394526e-19)
(57.1929443961 11.5491389728 1.82436747695e-19)
(56.5685111197 11.3874826659 -8.21771432845e-20)
(55.9593108333 11.2018842976 -7.75542717792e-19)
(55.372179755 10.9958633181 7.8527633903e-19)
(54.8109356618 10.7759211441 2.36109715256e-19)
(54.2747657931 10.5520646809 -1.06419119135e-18)
(53.7639380226 10.3386058896 1.25399816688e-18)
(53.2695248424 10.148417696 -1.83956765234e-18)
(52.7720334442 9.99777763605 1.57664386262e-19)
(52.2613135776 9.88939499565 -2.85177366694e-20)
(51.7341578944 9.80879429718 -2.10008675113e-18)
(51.1936127168 9.73124543655 -6.97028656749e-19)
(50.6288858072 9.63480351311 1.50548712448e-18)
(50.060377685 9.48691995195 -2.66612302912e-18)
(49.4636175888 9.26515311835 2.93791345336e-18)
(49.0316582471 8.86900758346 -3.80273124487e-18)
(48.539573005 8.58673543733 1.74991086348e-18)
(48.154024038 7.59340503656 -3.75786003526e-19)
(8.36694546188 16.9399824348 -1.10544610948e-17)
(8.95064573587 17.6119043634 -1.18454914518e-17)
(10.1837933478 17.7107625665 1.60413381092e-17)
(11.7591972695 16.9131456122 -1.93330093513e-18)
(13.3746350617 15.3293122317 -1.9228590882e-17)
(14.8595087324 13.1121098285 -2.26789029231e-17)
(16.1214837932 10.3870523441 2.35879328762e-17)
(17.1171681008 7.25896550172 -1.90861420079e-17)
(17.8340843086 3.81483575533 2.60997205206e-18)
(18.2807075987 0.126696261534 -2.11832059405e-17)
(18.4788521165 -3.74417183432 1.21971485709e-17)
(18.4585126139 -7.74234273426 3.66003967387e-18)
(18.2529496865 -11.8085941699 -1.5318410011e-18)
(17.9009122804 -15.8798930948 -4.73996244486e-18)
(17.4383270644 -19.884817744 -1.05949715303e-17)
(16.9036720879 -23.7194985718 1.52167330225e-18)
(16.3434220103 -27.2655426922 -1.23225213746e-19)
(15.7754187914 -30.4125298702 2.28530240318e-18)
(15.2318258231 -33.0436648135 4.24415394583e-18)
(14.7331664441 -35.0575597741 -2.21349548051e-18)
(14.2990194565 -36.3865662091 1.02732482461e-17)
(13.9107117001 -36.9742525608 -2.08306252933e-18)
(13.5784412159 -36.8951646753 1.55962278515e-17)
(13.3245892948 -36.2424496716 2.82038214154e-19)
(13.1471246812 -35.0470883115 -1.52876084443e-18)
(13.046585366 -33.4222806929 2.49980160965e-18)
(13.0245185119 -31.4790851211 -7.89940573551e-18)
(13.0879692591 -29.3174975504 1.98262854203e-17)
(13.2562376846 -27.0214464966 1.850773063e-17)
(13.5659256996 -24.6558889572 5.39615450187e-18)
(14.0712608797 -22.2663977742 -5.3481373446e-18)
(14.8374638224 -19.8825979437 7.41537686764e-18)
(15.9281993504 -17.5245529952 4.1902304501e-18)
(17.3909551575 -15.2094493294 5.21274575403e-18)
(19.245409246 -12.9561359421 9.83807405923e-19)
(21.4783318736 -10.7862499633 4.98917493768e-18)
(24.0463281953 -8.72232214825 -6.57501058746e-18)
(26.8846428675 -6.7841050413 8.143577455e-18)
(29.9168408833 -4.98589274093 2.08366050995e-18)
(33.0619112688 -3.33552784277 -3.72696006038e-18)
(36.2429467234 -1.83098799708 -2.65791229702e-19)
(39.397013671 -0.454927549654 1.44455225805e-18)
(42.4648448875 0.816026887701 -1.31512440566e-18)
(45.3983016725 2.00238381486 9.36536020215e-20)
(48.1669063033 3.13904207427 2.29889617489e-18)
(50.7363654768 4.23694419249 -1.01096461437e-18)
(53.0702744967 5.30425578451 7.19597935076e-19)
(55.1376629059 6.34243320346 -7.52225817585e-19)
(56.9137837601 7.34486356027 -1.80213354616e-18)
(58.3816120967 8.29783605985 1.52918812608e-18)
(59.5330082042 9.17939621294 5.30957926502e-19)
(60.3705781234 9.96569466413 2.92184018721e-19)
(60.9068535656 10.6346092434 -6.74075437687e-20)
(61.1714195496 11.169871449 2.43455455975e-20)
(61.1959208161 11.5722098409 -8.76768619572e-19)
(61.0139440935 11.8524974829 2.94928171309e-19)
(60.6768255178 12.0202200113 9.61871328023e-21)
(60.2254142281 12.092477038 -1.22168856396e-19)
(59.6924134987 12.0927365109 2.36205194955e-20)
(59.1060030892 12.0434136586 -7.99825794571e-20)
(58.4873502577 11.95921325 -8.19005774758e-20)
(57.8515607863 11.8448707067 -1.00951443699e-19)
(57.2108973482 11.7021693404 5.32407486839e-19)
(56.5766336183 11.5320799952 1.66650256911e-19)
(55.9588421535 11.3366474883 -2.00402000873e-19)
(55.3651157708 11.1202672669 5.59805812662e-19)
(54.7996122737 10.8905085244 8.6993059098e-19)
(54.2615299829 10.6583827443 -1.32065596217e-18)
(53.7502997902 10.4390476423 -7.05838538325e-19)
(53.2563884462 10.2452002155 3.33194970312e-20)
(52.7592010783 10.09351698 7.61075552782e-19)
(52.246819117 9.98538823846 2.23656458665e-18)
(51.7153002897 9.90544281626 1.46074022199e-18)
(51.1681076628 9.82722364723 1.65235523419e-18)
(50.5933248739 9.72856363819 5.24368492706e-20)
(50.0131306231 9.57483152952 -3.6992649914e-18)
(49.4056538151 9.33875825904 2.49641128154e-18)
(48.9796723792 8.92635030697 -4.19085060994e-18)
(48.4518699542 8.6390700039 9.32183073258e-20)
(48.0717285399 7.58682950259 -1.82876335462e-18)
(10.741095066 15.5447208972 -1.06094679113e-17)
(11.652849294 15.4251540987 -2.20157149273e-17)
(12.9297998537 14.9006489741 6.69665597979e-18)
(14.3759789045 13.8379203328 1.6817573797e-17)
(15.8204119416 12.2371012491 -2.40667393781e-17)
(17.1594306191 10.1489836003 -8.87597541946e-18)
(18.332630933 7.63256333197 1.76716252695e-17)
(19.3026734505 4.74809484436 3.40520726476e-18)
(20.0508155103 1.55371305736 -6.09268105338e-18)
(20.5742675182 -1.89619443947 3.87789996603e-18)
(20.8829480826 -5.55051619157 2.41173232494e-17)
(20.9959784523 -9.35666232727 -1.67461202253e-18)
(20.9389288952 -13.2546336191 -3.41407139067e-18)
(20.7331189224 -17.1813522708 -7.81578865544e-18)
(20.4141133558 -21.0655561266 3.40516791981e-18)
(20.0059167612 -24.7679118335 -1.79659681044e-18)
(19.546924154 -28.1807312548 1.46969873065e-19)
(19.0607929258 -31.2068915487 2.09360989383e-18)
(18.560343556 -33.7076882971 -3.95776617125e-18)
(18.0634837348 -35.5876063001 9.41248491102e-18)
(17.5899209948 -36.7876743404 -1.35303951791e-18)
(17.1213564073 -37.2340637625 -2.53281551217e-18)
(16.6913975313 -37.06120822 4.4360647529e-19)
(16.3241553171 -36.3407542796 -1.26718925691e-17)
(16.0264414841 -35.0924276738 -8.51477052154e-18)
(15.8115717299 -33.4404732154 -4.08404127803e-18)
(15.6830361148 -31.4910666314 1.25433016002e-17)
(15.6413662745 -29.3415834627 1.27710902161e-17)
(15.6910078603 -27.0771760207 -1.33500409691e-17)
(15.846581164 -24.7664216582 4.80099564655e-18)
(16.1385209346 -22.4588132354 -8.69857798807e-19)
(16.6142700916 -20.1855894047 -9.34030627936e-18)
(17.3330850783 -17.9639255124 -1.07742904357e-18)
(18.3551052251 -15.8029396702 6.70384202735e-18)
(19.728173227 -13.7094464213 5.19456119712e-19)
(21.4764463972 -11.6915960424 -6.92908003454e-18)
(23.594294021 -9.75991848989 -4.55795576337e-18)
(26.0476712142 -7.92560032728 -7.4775939827e-19)
(28.7800644895 -6.19807957444 -1.02163215246e-18)
(31.7189716431 -4.5837260388 1.37253555696e-18)
(34.7844330378 -3.08291700762 -1.88031020082e-18)
(37.9013972923 -1.68370680952 2.52771310521e-18)
(40.9962469479 -0.367362146759 -5.48257758096e-18)
(44.0093149803 0.889749810561 -2.61373876061e-19)
(46.894611371 2.11294590549 8.69199779893e-19)
(49.6016492997 3.31259120604 1.11717158795e-18)
(52.0837628807 4.49400195445 1.99019787664e-18)
(54.3010947683 5.65432676962 1.02959436186e-18)
(56.2219259684 6.78207009419 -8.1939142776e-19)
(57.8248224654 7.85836665954 -5.16679369321e-19)
(59.0989021093 8.85698847645 -1.18952036982e-19)
(60.044845597 9.75133417767 4.72121865479e-20)
(60.6751508124 10.5166276203 3.65141365466e-20)
(61.0161776407 11.1326818577 -4.48983843244e-20)
(61.1017509655 11.6004518637 -1.08040997546e-19)
(60.9701740911 11.9301988707 -1.61993372036e-19)
(60.671371334 12.1343684875 1.76517431379e-19)
(60.2440061884 12.2329683985 -2.98237660822e-20)
(59.7236907603 12.2495411772 7.86955647141e-20)
(59.1417431451 12.2079341607 -3.43103772154e-19)
(58.520678289 12.124549389 -1.06821120694e-18)
(57.8778350281 12.0071067511 -6.22347785019e-20)
(57.2280202271 11.858257832 -6.72313119147e-19)
(56.5842950147 11.6795324083 1.24518642642e-18)
(55.9580409431 11.4737699545 -1.88248087727e-20)
(55.3577516089 11.2464421476 -8.2429501752e-19)
(54.7880177124 11.0062800558 6.00971300896e-19)
(54.2480991929 10.765416036 -1.25483487325e-20)
(53.7365518235 10.5399132271 7.01063443973e-20)
(53.2432149935 10.3424075949 1.46421832902e-18)
(52.7463723842 10.1899032879 7.32769968531e-19)
(52.2322855375 10.0823418494 3.02324197267e-18)
(51.6961998897 10.0033298836 7.33708560297e-19)
(51.1417486266 9.924866855 1.88700145587e-20)
(50.5560232154 9.8242140525 9.95625883359e-20)
(49.963484022 9.66418086121 3.86140514774e-18)
(49.345852265 9.41282503324 -2.86645180508e-18)
(48.9252098788 8.9847608707 -4.10391091888e-18)
(48.3565767094 8.6935170144 -1.45619102586e-18)
(47.9868310805 7.57473832088 -9.68220816213e-19)
(14.1530681886 13.3054830541 -2.9747827426e-17)
(15.0945861795 12.803052825 1.65360306297e-17)
(16.2642289474 11.9866689866 2.7949778632e-17)
(17.5310078099 10.7974322507 1.40900856874e-17)
(18.7963235906 9.20628986964 -1.89686578549e-17)
(19.9913072995 7.22101089124 -3.55560599541e-18)
(21.0673113061 4.86686013211 2.00968238493e-19)
(21.9896093586 2.17705546488 -8.06617095337e-18)
(22.7365286402 -0.810395843618 1.28809353588e-17)
(23.2994088811 -4.0544951075 1.552194944e-17)
(23.6792637248 -7.51396172877 -8.4241281299e-18)
(23.886348551 -11.1384736924 0)
(23.9390346412 -14.8663899759 -5.0436946076e-18)
(23.824676957 -18.6428426851 3.02377287938e-18)
(23.6292666287 -22.3943738733 -6.60073306757e-17)
(23.3204937386 -25.9098210901 1.29746774852e-19)
(22.929780008 -29.1764892949 4.51505768417e-19)
(22.48526121 -32.0416344336 5.83078744693e-19)
(21.9892430613 -34.3673540203 4.03298693312e-18)
(21.4569253087 -36.0730742691 3.08523249557e-18)
(20.9003701074 -37.1065381984 -1.26715695416e-17)
(20.3221662824 -37.3721112163 7.26293885295e-21)
(19.7697133269 -37.1215381301 -1.05685799121e-17)
(19.2584995729 -36.3146772194 -9.0682411915e-18)
(18.8140703168 -35.0230047629 4.65408805161e-19)
(18.4608742164 -33.3551676807 6.14912576052e-18)
(18.2083858697 -31.41100338 2.05395192154e-19)
(18.058501276 -29.2824335311 -1.40641371414e-17)
(18.0100411046 -27.0516063795 -3.9898237139e-18)
(18.0630028977 -24.7873966987 -5.08635167959e-18)
(18.2250523452 -22.5423181326 1.3158964972e-19)
(18.5175819067 -20.3517840991 -7.20262774345e-18)
(18.9783736141 -18.2358568248 -1.07232109144e-17)
(19.6586095232 -16.2029749205 0)
(20.6144923273 -14.2546229719 -4.36920414452e-18)
(21.8956183073 -12.3894529521 -7.83906600527e-18)
(23.5330287132 -10.6063018875 6.64496378133e-19)
(25.5320813501 -8.9049891253 -8.81995546086e-18)
(27.8710421697 -7.2853056104 -3.41815680441e-18)
(30.5025504796 -5.7469372497 3.76228884715e-18)
(33.3586365333 -4.28810469431 -1.11686023698e-19)
(36.3618472722 -2.89969063725 -3.07198979507e-18)
(39.4302983828 -1.56509689595 2.6293069539e-18)
(42.4912277132 -0.257151866782 -2.62197687848e-19)
(45.4786558053 1.03984574254 -2.85656185707e-18)
(48.3234374796 2.33474627845 -1.00558445458e-18)
(50.9632592172 3.62841164988 2.70780520856e-19)
(53.3448147218 4.91195737594 1.41111779671e-19)
(55.4259885056 6.16787869892 1.29442905668e-18)
(57.1788673791 7.37262048475 -2.48312082748e-19)
(58.5890429116 8.49635360992 -3.19396977382e-19)
(59.6552672621 9.50581363963 -8.51941238397e-20)
(60.3883057026 10.3729951334 2.02132714725e-19)
(60.8132527175 11.0744408644 -2.57368154451e-21)
(60.9689692458 11.6120525625 -6.18104160293e-21)
(60.8961687481 11.995155938 1.14498965606e-19)
(60.6442900288 12.2392944998 5.02445885594e-20)
(60.2464251016 12.3664874954 2.89998633303e-20)
(59.7434657009 12.4038478494 -1.38668538969e-19)
(59.1693390866 12.3713769963 -4.53422529074e-19)
(58.5488671699 12.2899694964 1.02081391935e-19)
(57.9011755226 12.1707538974 5.60222562109e-20)
(57.2433152816 12.0164360581 -4.1294008398e-19)
(56.5906583999 11.8290359754 -1.14219791122e-18)
(55.9562438702 11.6125560371 1.32488327547e-19)
(55.3495972798 11.3737811255 -1.31006812637e-18)
(54.7758071598 11.1227157105 4.67294718324e-21)
(54.2342360725 10.8727376538 2.09856309403e-20)
(53.7225317461 10.6408747035 4.23000351891e-20)
(53.2298800397 10.4398624723 7.65162841462e-19)
(52.7334451434 10.2868243718 1.24354342116e-21)
(52.2176316904 10.180225339 3.20417587081e-18)
(51.6767858702 10.1025214463 -8.54616032476e-19)
(51.1143841737 10.0243231392 -2.75316788234e-18)
(50.5167413385 9.92186973739 -1.74080374631e-18)
(49.9113386255 9.75491050773 1.03403367604e-18)
(49.2842328857 9.48734418512 1.92617993777e-18)
(48.8677596411 9.04434693392 -3.37031911624e-18)
(48.2563270263 8.75012422039 -4.54516728168e-20)
(47.8967241297 7.55738562173 6.12259677231e-18)
(17.9828469126 10.798709376 2.53246801116e-17)
(18.884711636 10.0909744059 -3.6480980472e-18)
(19.9414300632 9.11608371651 -3.72607865237e-17)
(21.0574979616 7.85350532185 1.77274343776e-17)
(22.1727959134 6.27353196841 1.08352916929e-17)
(23.2413421296 4.3653744138 -7.37320875611e-18)
(24.2247517445 2.1347347809 -4.77329464402e-18)
(25.0920515632 -0.401857843652 6.82101711553e-18)
(25.8209113204 -3.21963025585 -2.69582336052e-18)
(26.3996613108 -6.28751766054 -9.90416937661e-18)
(26.8209274046 -9.57321042438 2.07505228269e-18)
(27.0881398597 -13.0256014159 -2.40261900679e-18)
(27.2070810251 -16.5837013242 -4.77893650156e-19)
(27.1343187258 -20.1850432079 3.00053975241e-19)
(27.0666256281 -23.7028519923 1.13604953945e-18)
(26.7984550287 -27.1005952594 1.47097483968e-18)
(26.4355671072 -30.1928695063 4.05937305702e-18)
(25.9910406689 -32.8523044283 -1.82026803653e-19)
(25.4570510782 -34.9625891887 1.29184656569e-18)
(24.8480405298 -36.4593994975 -4.44743016937e-18)
(24.1691625706 -37.2827431821 2.57203553271e-18)
(23.4602535984 -37.4031121026 6.54538981112e-18)
(22.7622018257 -37.046126862 -1.83782997223e-18)
(22.090715127 -36.1542749403 2.72039346434e-18)
(21.4872074454 -34.8263406425 4.84282791229e-18)
(20.9818924709 -33.1559495698 -5.90087072777e-18)
(20.5896304054 -31.2328167487 2.05710333715e-18)
(20.3175789675 -29.1408820513 -2.42355601342e-18)
(20.16673331 -26.9563048307 6.99476963582e-18)
(20.133041354 -24.7442904907 4.66270180422e-18)
(20.2111305756 -22.5567771674 -1.02476780199e-17)
(20.4002613077 -20.4318663895 4.95528352944e-18)
(20.7110375579 -18.3944226433 3.26286838027e-18)
(21.1699685158 -16.4575554449 4.18175013735e-18)
(21.8193944998 -14.6248908077 -5.80510347637e-19)
(22.7122013687 -12.8928664789 -2.32421315494e-18)
(23.9009725718 -11.2536050395 -2.42448267991e-18)
(25.4262067769 -9.69714618083 4.55372421108e-20)
(27.3072777576 -8.21191149021 5.21829185172e-19)
(29.5362027006 -6.78641042498 -1.3029015114e-18)
(32.0752157112 -5.41102636508 -2.14974963816e-18)
(34.8620208929 -4.07368140968 2.29442252601e-18)
(37.8194595865 -2.75532322966 2.39486871872e-18)
(40.8665080017 -1.42677993533 2.46615381864e-19)
(43.9181570455 -0.0768318496381 9.81267540879e-20)
(46.8854550041 1.30019952342 -4.19395531493e-19)
(49.6848809534 2.69955137457 -1.86630206571e-18)
(52.2434927811 4.10545943109 5.25090761193e-19)
(54.5037082169 5.49409696552 -6.12336662639e-19)
(56.4271520521 6.8359490277 6.42798213337e-19)
(57.9914641988 8.09367935546 2.71476846778e-19)
(59.191526604 9.22657213989 -1.01641009962e-19)
(60.0381171122 10.1983260334 -1.50633677155e-19)
(60.5593857556 10.9904024939 3.98458573331e-19)
(60.7971069655 11.6028558046 -2.80077584391e-19)
(60.7901885915 12.0443682449 1.27461304353e-19)
(60.586564359 12.3327172348 1.47463958629e-19)
(60.2272845748 12.4923877689 -1.52806112778e-20)
(59.7490437824 12.5518620451 -1.14920030404e-19)
(59.1875491499 12.5324147873 2.82348413682e-19)
(58.5710718453 12.4564857651 5.00764647193e-19)
(57.9206933097 12.3366172136 1.21095908929e-19)
(57.2560544408 12.1769549657 -5.40034674053e-19)
(56.5952376969 11.980687975 -1.81174431675e-18)
(55.953171734 11.75310998 1.54506312313e-18)
(55.340524727 11.5023796557 1.38196449957e-18)
(54.762966276 11.2398848128 -6.43972094174e-19)
(54.2200053095 10.9803894225 5.99975435999e-19)
(53.7083549507 10.7419650753 -1.44364272358e-18)
(53.2165060868 10.5376347317 7.43580058676e-19)
(52.7205462451 10.3843368284 -7.63647434776e-19)
(52.2029867964 10.279104753 -1.60203066562e-18)
(51.6571399361 10.2031455212 8.81174862017e-19)
(51.0859904325 10.1257581557 -1.78347219043e-18)
(50.4753892431 10.0216450902 -1.8686377809e-18)
(49.856719371 9.84703690114 -1.39221467472e-19)
(49.2207520807 9.56234070544 2.00411776198e-18)
(48.8074824392 9.10551112544 1.0784301613e-18)
(48.1464289619 8.80692824197 -1.04013776918e-18)
(47.7964507176 7.53241186877 -4.42079708786e-19)
(22.017178885 8.18323327757 -1.73036160932e-17)
(22.8730406983 7.36107793316 -1.69674470243e-18)
(23.8445383288 6.29967060243 1.457970993e-18)
(24.8507634073 4.99696531832 1.49593361836e-17)
(25.8516733779 3.42839685034 -2.09298710215e-18)
(26.8176967122 1.57776613203 -4.55944412598e-17)
(27.7204395445 -0.558550890043 6.49875336263e-18)
(28.5336920791 -2.97327370489 2.69612112791e-17)
(29.2353097056 -5.64980606867 -5.86536584138e-18)
(29.8116888217 -8.56401222427 -5.67266917704e-18)
(30.2496568883 -11.6888776051 3.04690381842e-18)
(30.5427006188 -14.9688770624 9.34982158226e-19)
(30.6974083717 -18.3567750971 3.7887722533e-19)
(30.7268200845 -21.7783977732 9.82271201598e-19)
(30.6109041602 -25.1387098196 -1.22347375958e-18)
(30.3670355722 -28.3132844963 1.37039081567e-18)
(30.0025815828 -31.1682545205 -3.10381521431e-18)
(29.5093770211 -33.5781554954 -2.44028016585e-18)
(28.8914618272 -35.4386193343 2.53665631197e-18)
(28.1645287631 -36.6954920197 2.61949321856e-18)
(27.3329091699 -37.3120956001 6.44371822492e-18)
(26.4713867074 -37.2692689289 3.49100148437e-19)
(25.6150640666 -36.7936093884 -3.57386646453e-18)
(24.7812462348 -35.8428280238 1.66967422905e-18)
(24.0195765494 -34.4942468052 -3.61873978272e-18)
(23.3626317099 -32.835936821 1.2284326176e-17)
(22.8272112451 -30.9489517916 2.40674472411e-18)
(22.4243770991 -28.9096118809 5.98520613354e-18)
(22.1599288552 -26.7873232196 9.85230978594e-18)
(22.0331086493 -24.6411675489 1.04307980204e-17)
(22.036758248 -22.5187516128 -1.39135995887e-18)
(22.159727649 -20.4569940378 2.23437698158e-18)
(22.3923629999 -18.4833446064 1.15307603233e-17)
(22.7339999954 -16.6164871143 -3.99206160966e-19)
(23.1995450615 -14.8667520745 1.17544350694e-18)
(23.8230930888 -13.2355723369 5.16418382714e-18)
(24.6549869663 -11.7161677745 6.58665637058e-19)
(25.752698449 -10.2947370916 3.42854523417e-18)
(27.1682789764 -8.95144963386 6.68762069076e-22)
(28.936602612 -7.66324560033 -1.21762110865e-18)
(31.0642680792 -6.40797189806 -6.15904848694e-19)
(33.5235750637 -5.16384900474 2.35203024048e-18)
(36.2597708204 -3.90368047845 -8.57282900117e-19)
(39.1978539136 -2.59497977927 -4.17322745575e-19)
(42.2436916503 -1.22423863794 3.4755501223e-19)
(45.2918308311 0.21184628209 1.58841079731e-20)
(48.2352106408 1.70368522739 -1.1249704678e-18)
(50.9755706652 3.22911186475 3.93667514072e-19)
(53.4323525072 4.75632470698 1.8342698183e-19)
(55.5483220671 6.24498222186 6.74759654252e-20)
(57.2886778125 7.64399920675 -6.12054470663e-20)
(58.6407396615 8.90536151073 -6.6631779919e-19)
(59.615631306 9.98836089761 -1.76653994911e-19)
(60.2462193783 10.8771629669 -2.52651121919e-19)
(60.5757232782 11.5696744495 1.35050326818e-19)
(60.6445432914 12.0749183237 -3.63697764011e-19)
(60.5010820489 12.4122150675 1.65904976988e-20)
(60.1869447932 12.6084231313 2.35014590043e-19)
(59.7391464816 12.6932902067 -6.9835395912e-20)
(59.1948700886 12.6916320448 1.55971081723e-19)
(58.5857007853 12.6232136328 2.48395746148e-20)
(57.9350997502 12.5035633265 -1.21906050168e-19)
(57.2654011343 12.3390903225 -8.50459486079e-20)
(56.5975309359 12.1340874635 1.51596534914e-18)
(55.9485401353 11.8951903798 1.22770446018e-19)
(55.3304050571 11.6320810799 2.18747026414e-19)
(54.7494863958 11.3576813253 5.81700479125e-19)
(54.2054889918 11.0883039561 -2.20767167626e-20)
(53.6941503928 10.8431572582 6.91270007767e-19)
(53.2032346987 10.6357465484 -7.99744907687e-19)
(52.7078049717 10.4824729086 -1.54453809752e-18)
(52.1884447369 10.3790423681 -3.27480989289e-18)
(51.6372816358 10.305330088 -8.32635906145e-19)
(51.0564782674 10.2293431326 2.6398273786e-20)
(50.4318525695 10.1236468922 -1.99486327908e-18)
(49.7996543215 9.94055360173 9.13629546646e-19)
(49.1554302785 9.63789228213 -1.97314489516e-18)
(48.7437848198 9.16859786853 1.14972925977e-18)
(48.0207593313 8.86468023194 1.06378260487e-20)
(47.6974339286 7.50105509265 -1.49722168689e-18)
(26.2145658061 5.53216616216 3.96593199589e-18)
(27.0230072846 4.64297729677 -1.5588748178e-17)
(27.9262577703 3.53291563727 -1.56518316835e-17)
(28.8496538431 2.20973402888 -1.25607297472e-17)
(29.7632731971 0.654410373765 8.21682016646e-18)
(30.6471941583 -1.14946675757 2.05977289039e-17)
(31.4807182285 -3.20873130508 5.68797265055e-19)
(32.2415561646 -5.52095460648 8.06605170738e-21)
(32.9084955141 -8.07409363072 0)
(33.4657092854 -10.8479043679 -1.09196470193e-18)
(33.8990877219 -13.8143714814 -1.26850458285e-18)
(34.1903343427 -16.9178035145 -2.22796524006e-19)
(34.3608279936 -20.1294201231 -2.74911208863e-18)
(34.3867122078 -23.3631959546 -2.6151221965e-18)
(34.2609011354 -26.5074845089 -1.08746938859e-18)
(33.9849492043 -29.4370873037 4.33886291494e-18)
(33.5525718799 -32.0263855212 -2.44353108648e-18)
(32.9585348091 -34.1544478349 7.34268122879e-18)
(32.2107736782 -35.7364031362 2.76031316128e-19)
(31.3252314546 -36.7309840325 2.11793396043e-19)
(30.3308781379 -37.0962619482 -2.26166562349e-18)
(29.3022322589 -36.9745460882 -1.14228556953e-17)
(28.2778758476 -36.3878520698 3.52941697148e-18)
(27.2893410213 -35.3833075348 4.98452873112e-19)
(26.3822414666 -34.0298068364 7.6095338101e-18)
(25.5861566907 -32.3986880495 4.37851503432e-19)
(24.9174204922 -30.5613300305 -5.08655254215e-18)
(24.3880538451 -28.5878779337 2.24984706691e-18)
(24.0067678444 -26.5418689389 7.69904631857e-19)
(23.7774673599 -24.4760481402 -5.38338493534e-18)
(23.6975377607 -22.4318997976 1.2508430323e-18)
(23.7566280941 -20.441744731 5.66709243152e-19)
(23.9379287712 -18.5315153113 2.10269333393e-18)
(24.223298206 -16.7223915125 -2.5491326418e-18)
(24.6012541862 -15.0311225069 4.09536327428e-18)
(25.0761817999 -13.4677525238 4.544148125e-18)
(25.6751967104 -12.0335392142 1.44421218495e-18)
(26.448010413 -10.7187013881 7.5633453703e-19)
(27.4574127517 -9.50208175038 -1.75475123152e-18)
(28.7693131176 -8.35408968663 1.63039077577e-18)
(30.4358276842 -7.23999522977 1.3157061277e-18)
(32.4762596766 -6.12559013457 -1.9448533463e-18)
(34.8762912795 -4.96787532322 5.43890661567e-19)
(37.5875320284 -3.72656884608 7.39067133033e-21)
(40.5255399439 -2.37872921111 8.13332627114e-20)
(43.5798471071 -0.91700641748 1.76949185392e-19)
(46.6243152279 0.647181565243 -1.24281175005e-19)
(49.5324985763 2.28400066168 -4.52952665805e-19)
(52.1930289155 3.95026318456 2.11227426224e-19)
(54.5202455247 5.58873915064 8.5756069188e-20)
(56.4587507974 7.13565371522 -4.10910966287e-19)
(57.9854659356 8.5323684857 1.36821954392e-19)
(59.1095928071 9.73682616633 5.35982035543e-19)
(59.8662776028 10.7301485231 -1.37020969236e-20)
(60.3006800339 11.508885225 6.77095466752e-19)
(60.456409707 12.0833700109 -7.6417660057e-20)
(60.3826670994 12.4749975517 -2.71713034142e-19)
(60.1216869208 12.7125604527 1.15931551281e-19)
(59.7112003532 12.827185451 1.3853841946e-19)
(59.1893996545 12.8465164283 0)
(58.5912280669 12.7878081918 0)
(57.9432741165 12.6705929168 -1.17903254658e-19)
(57.2705196142 12.5024261473 2.70873311849e-19)
(56.5969404989 12.2889510609 4.85070748298e-19)
(55.9419804749 12.0385793343 -1.16052554179e-18)
(55.3190637054 11.7627242751 -3.45684986177e-18)
(54.7353405052 11.4759926934 2.7406856326e-20)
(54.1907638249 11.1964121813 6.81866009874e-19)
(53.6800775838 10.9444424657 2.11924513938e-18)
(53.1902315054 10.7342125628 -1.54975888805e-18)
(52.6953182277 10.5812716177 8.75932648015e-20)
(52.1740419375 10.4801146579 8.20216610502e-19)
(51.6171675881 10.4092096792 8.71645302671e-19)
(51.025697537 10.3352555824 2.95290449492e-18)
(50.3860001967 10.2279701949 1.97594030002e-18)
(49.740178284 10.0354464458 2.03303182932e-18)
(49.0883570974 9.71415875932 1.80059710849e-21)
(48.6746845202 9.23348809984 -1.14745456616e-18)
(47.8944465184 8.92676665864 6.39851786233e-19)
(47.5993777061 7.4647342095 -4.97227659275e-18)
(30.554175309 2.88051858834 -1.5161037889e-17)
(31.3135327661 1.95121942326 1.46514853442e-17)
(32.1557753478 0.814349600696 5.66734665352e-18)
(33.0094528808 -0.515851380151 3.03138343781e-18)
(33.849807006 -2.05372982111 5.50638568858e-19)
(34.6627400564 -3.81406821577 -2.0784093651e-17)
(35.4322572636 -5.80424300913 -5.84167716396e-18)
(36.1379275333 -8.02309916439 7.68314939288e-18)
(36.7604903015 -10.4607481859 9.03693076515e-18)
(37.2812537203 -13.0984811719 8.79202406463e-18)
(37.6865655818 -15.9079633208 -1.45405425108e-18)
(37.9644478964 -18.8489579952 2.12221777865e-18)
(38.1002262548 -21.8665931293 -1.63992394197e-18)
(38.081333787 -24.8759102263 -5.97303233203e-18)
(37.8961677138 -27.7661911489 9.33162267931e-18)
(37.5333909616 -30.4153497785 8.94336577425e-20)
(36.983365205 -32.7002811482 -4.93944187391e-19)
(36.2438887842 -34.5157443677 -2.89179301895e-18)
(35.3274336679 -35.8016329599 -5.12721552539e-18)
(34.2569415556 -36.5375141532 7.24495385909e-19)
(33.0928196381 -36.7221327422 -6.04648378006e-18)
(31.8982495657 -36.4663406672 3.78409973126e-18)
(30.7143229452 -35.804710521 4.95532931107e-18)
(29.5860612935 -34.7802840354 -1.09870639207e-17)
(28.5523520478 -33.4436616652 -6.09069790012e-18)
(27.6364209639 -31.8547595869 -6.25514602707e-18)
(26.8525929351 -30.0789958641 3.58616746726e-18)
(26.2117587625 -28.1818528886 -1.84762847629e-18)
(25.7225573629 -26.2221085004 -5.77767720253e-18)
(25.3910354776 -24.2473124568 -6.14001881083e-18)
(25.2192369857 -22.2932831965 9.76653468355e-19)
(25.202609459 -20.3866228999 2.78120038708e-18)
(25.3277430308 -18.5486843398 -1.80587452757e-18)
(25.5727778519 -16.7988536662 -5.89040551697e-20)
(25.9120307927 -15.1563002633 -1.67296886719e-18)
(26.3244719278 -13.638181127 -4.26116829466e-19)
(26.8060803796 -12.2563809888 1.49990653781e-19)
(27.3792957096 -11.011494235 -1.44157303186e-19)
(28.0923451345 -9.88916344258 1.00660187587e-18)
(29.0181434671 -8.8610242468 -9.72568622039e-19)
(30.2376522008 -7.88758490078 -2.87169910547e-19)
(31.8162472958 -6.92149372958 -6.52467018434e-19)
(33.7908363758 -5.90213673067 -2.88492764682e-19)
(36.158364542 -4.77545684811 2.94160184311e-19)
(38.8683361956 -3.49994887339 6.25645831261e-20)
(41.8247717763 -2.0555927779 -1.80948494229e-19)
(44.8944426473 -0.45141182716 2.12203028605e-19)
(47.9271305061 1.27548167586 4.44550593056e-19)
(50.7774733098 3.06897616201 1.19344713546e-19)
(53.3238532913 4.85570407784 -4.2541987012e-19)
(55.4817736536 6.55830903778 -1.60924666264e-19)
(57.2088332191 8.10114224404 4.52208413229e-19)
(58.5063546642 9.43707900913 2.41670188226e-20)
(59.4094022662 10.543486185 -2.7982271719e-19)
(59.9648873241 11.4157745097 3.44316685851e-20)
(60.2206667106 12.0659788453 2.26061374924e-19)
(60.2273715755 12.518022226 3.3846609561e-20)
(60.0283790725 12.8024544985 -5.71761162019e-19)
(59.6625443536 12.9517668908 1.16071857566e-19)
(59.1689657935 12.994962195 0)
(58.5859182514 12.9501968475 0)
(57.9438737221 12.8376576775 -5.93615111049e-19)
(57.2703204865 12.6666400537 -7.21559764827e-19)
(56.5927014612 12.4449320563 -8.47351909478e-19)
(55.9330269039 12.1830144306 9.39578188716e-19)
(55.3062684339 11.8941195069 -1.41869614943e-18)
(54.7204733848 11.5946809942 -5.23394092779e-19)
(54.1758984483 11.3046219443 2.24595398843e-20)
(53.6662909983 11.0457975042 2.08086087435e-18)
(53.1776849323 10.833034103 -4.39644136108e-21)
(52.683236704 10.6808056191 2.47323918279e-18)
(52.159850182 10.582435955 1.70204037375e-18)
(51.5967386414 10.5149363968 8.33137548518e-19)
(50.993462473 10.4436798505 -1.95643088754e-18)
(50.3377092134 10.3346934532 3.1042198044e-18)
(49.6783568045 10.1317129596 3.26750894573e-21)
(49.0193865474 9.79136176344 1.20692756854e-18)
(48.599963833 9.30032011901 -1.17337477326e-18)
(47.7675259117 8.99089219101 5.50813894377e-19)
(47.4920347586 7.42053019848 -1.36585932547e-17)
(35.0034587301 0.252504623985 -1.31073024572e-17)
(35.7081238008 -0.698967964059 1.11131518682e-17)
(36.4895627069 -1.84656968744 6.65552316151e-18)
(37.2774573477 -3.17235503487 -3.41406845245e-17)
(38.0487301031 -4.68641727933 4.13667435559e-19)
(38.791830518 -6.4008891741 1.41822731573e-17)
(39.4940149832 -8.32213994748 5.83428701514e-19)
(40.1359936217 -10.4486010364 -5.64419804978e-18)
(40.6994964388 -12.7704377329 -1.90377999554e-19)
(41.1634785345 -15.2697539216 1.23700771997e-18)
(41.5130346797 -17.9189947121 6.07661750719e-18)
(41.7299828411 -20.6745637736 -1.50467204905e-18)
(41.7953354124 -23.4728414555 -1.39429681012e-18)
(41.6905320224 -26.2279059422 3.01872189049e-18)
(41.3965075394 -28.8317480617 6.51587868993e-18)
(40.8971057689 -31.16467888 -6.22659870885e-18)
(40.1834960462 -33.1158039139 9.57134521743e-19)
(39.2606526488 -34.6040475567 -5.99171271361e-18)
(38.1506308087 -35.5949161492 4.60227314632e-18)
(36.8943894427 -36.0825490909 -5.78522654138e-18)
(35.5616891115 -36.1245595064 4.45131732879e-18)
(34.2144456205 -35.7750320498 4.71016788952e-18)
(32.8985745099 -35.0743513716 -7.88078011704e-18)
(31.6561476226 -34.0535305939 -5.3478118746e-18)
(30.5184790635 -32.7512923986 4.99841358007e-18)
(29.5047320432 -31.2186992094 4.01319804146e-18)
(28.6272857069 -29.5155954932 2.63394192284e-18)
(27.8950885053 -27.7032317415 -3.78075573729e-20)
(27.3149761321 -25.8364141953 -2.65205557095e-18)
(26.8923110463 -23.9587733407 1.21368483951e-18)
(26.6308104413 -22.1019768792 -5.54189215124e-20)
(26.5307157867 -20.2878787349 -2.51935355983e-19)
(26.5856002047 -18.5326910304 -5.30306879762e-18)
(26.7793455062 -16.8513333822 -1.68677477292e-18)
(27.0859635255 -15.2608955942 -4.13872080208e-18)
(27.4729203746 -13.7807881918 7.35090756586e-19)
(27.9123275673 -12.4307996054 -1.29586983878e-19)
(28.3934373709 -11.2234274869 -8.24666498659e-19)
(28.9338536451 -10.1572706751 1.75822337033e-18)
(29.5874196148 -9.21312358856 -8.65559304609e-19)
(30.4358174973 -8.35792557369 -1.30585290445e-18)
(31.5737299275 -7.5335273873 3.0122304318e-19)
(33.0851098569 -6.66846800399 2.50292944315e-21)
(35.02289742 -5.69090670038 -2.14047047315e-19)
(37.3905781103 -4.53434752613 1.65647549528e-19)
(40.1287901326 -3.15905326595 1.16716952392e-19)
(43.1181820329 -1.56346363633 -2.5874898247e-19)
(46.1992785109 0.216408926935 -2.42622984251e-19)
(49.1989582239 2.11426316496 1.67399361746e-19)
(51.9559296859 4.04205154155 2.59369608196e-19)
(54.3446225125 5.90180329362 2.68586234321e-19)
(56.2936520726 7.60162657671 -2.46225189279e-19)
(57.7904520451 9.08034302361 -8.16232809868e-19)
(58.8635645739 10.3100225579 -3.89474127286e-19)
(59.5597208753 11.2848078678 -3.26872205891e-19)
(59.931169055 12.0184693975 -1.84195382829e-19)
(60.0307619445 12.5377751598 1.89785386117e-19)
(59.9036815962 12.8753394363 -8.8136783164e-20)
(59.590353221 13.0647209824 -4.27536632237e-19)
(59.1314528513 13.1356787677 7.84569475081e-20)
(58.568166837 13.1094222639 -3.55003581245e-19)
(57.9352871559 13.0035812461 -1.2179754234e-19)
(57.2635592471 12.8308068125 1.01276164146e-18)
(56.5839596686 12.6014145682 1.84107551419e-19)
(55.9211445655 12.3280873711 1.22429599697e-18)
(55.2917368391 12.0259902598 3.51317815878e-18)
(54.7048023019 11.7135547294 7.78044136217e-20)
(54.1609529266 11.4128141941 -6.16010139503e-19)
(53.6529386655 11.147174842 -7.15696792122e-19)
(53.1657925794 10.9322323731 8.05584838759e-19)
(52.6717668613 10.7811656713 -8.67145652359e-19)
(52.1460056376 10.6861530442 -1.72888745752e-18)
(51.5759864241 10.6226938993 -2.71059834807e-18)
(50.9596334622 10.5548231708 -3.03108262694e-18)
(50.2869241781 10.4438901595 2.16470003027e-18)
(49.6142970629 10.2293647036 -3.27994875543e-18)
(48.9482828506 9.86970505676 2.70627577104e-20)
(48.5199108981 9.37010866002 -1.68014376706e-19)
(47.6139291398 9.05174121661 -6.68224794367e-19)
(47.3864166081 7.36690840784 1.37391498613e-17)
(39.502178395 -2.31957588472 6.84798579415e-18)
(40.1477291131 -3.28084638857 -1.89414442771e-17)
(40.8639611314 -4.42596150561 -1.3491753302e-17)
(41.5816656524 -5.73600407638 1.00963068492e-17)
(42.2788295254 -7.21740639621 -1.53145172151e-18)
(42.9450220477 -8.87927877618 -1.04253753325e-17)
(43.5687368514 -10.7255765312 6.71785807804e-18)
(44.1313292959 -12.7535549532 7.7371279354e-18)
(44.6132916859 -14.9514674901 -4.71397313893e-18)
(44.995439127 -17.3010752769 3.25674833132e-18)
(45.2570292142 -19.7722080005 -4.27347785256e-18)
(45.3747383953 -22.3173928622 -5.25318139534e-18)
(45.3241977106 -24.8688213909 -3.55692662618e-18)
(45.0824960886 -27.3385471952 3.0555847871e-18)
(44.6285334651 -29.621759018 7.70094599674e-19)
(43.9468050506 -31.6097122519 -1.08774710963e-18)
(43.0345408082 -33.2129828371 1.05233660993e-19)
(41.9081960443 -34.3794546862 1.28970226418e-18)
(40.6040465534 -35.098395607 -9.13144285112e-19)
(39.1796648923 -35.3984234905 -1.07030507126e-18)
(37.7039622791 -35.3244963655 1.48735132145e-18)
(36.2363859234 -34.9221120714 -3.79259965709e-18)
(34.8217673931 -34.2155242346 -2.73419604352e-18)
(33.4944954127 -33.2223787592 6.27891410854e-18)
(32.2789702461 -31.9715301998 1.19819387782e-18)
(31.1912893386 -30.5077570995 -4.30023208506e-19)
(30.2423909956 -28.8867721665 -1.52622668027e-18)
(29.4397498145 -27.166034591 -2.41148320605e-18)
(28.7882638709 -25.3966530682 2.85551457867e-19)
(28.2912891625 -23.6190414551 -6.55736613498e-19)
(27.9515974498 -21.862062248 -2.17264876003e-18)
(27.7709953293 -20.1445307154 -1.63636450417e-18)
(27.7481679863 -18.4788055272 -2.16790128402e-18)
(27.8750228178 -16.8752210952 1.13581472705e-18)
(28.1334031616 -15.3463754663 2.07584017183e-19)
(28.4928530752 -13.9093137357 1.06079746084e-18)
(28.9169641217 -12.5861412222 -4.15681991918e-19)
(29.3703845876 -11.3972911022 5.66670715295e-20)
(29.8379098028 -10.3545219026 -5.56533507344e-19)
(30.3382510727 -9.45636313003 8.43415886572e-19)
(30.9285383546 -8.67993653207 -1.11578905173e-19)
(31.7044213184 -7.96941814448 8.85356512769e-20)
(32.7777376595 -7.25077654299 2.11616388195e-22)
(34.2524559148 -6.43506195137 -1.75166805311e-19)
(36.1939965664 -5.43310332061 3.7332192753e-19)
(38.5995478495 -4.17995124281 4.70193298381e-19)
(41.3893734595 -2.65033661648 -5.0727158913e-19)
(44.4174883858 -0.868064654787 0)
(47.4966822063 1.09980136546 -4.68012228951e-19)
(50.428744189 3.15082901069 -5.17033459523e-20)
(53.0435718789 5.16104439913 2.8140640003e-19)
(55.2299059395 7.02275668576 -2.28359300032e-19)
(56.9485119629 8.65662156991 -8.27006927816e-21)
(58.2160730305 10.0215856558 4.19913632866e-19)
(59.0752518767 11.109434369 4.7651424986e-19)
(59.5806734991 11.93567729 -2.3331914028e-19)
(59.7877248654 12.5302797562 -2.46254924434e-19)
(59.743851001 12.9281707978 3.04931303587e-19)
(59.4917420382 13.163727845 -9.37977429388e-22)
(59.0744345697 13.2676415731 -3.50354202923e-19)
(58.5360787872 13.2629884154 -1.48762025792e-19)
(57.91591497 13.1668012258 6.63402395804e-19)
(57.2489752074 12.994060643 7.56750078077e-19)
(56.569787716 12.7578308059 -4.3056228354e-19)
(55.9057220863 12.4733794648 -1.84223381243e-18)
(55.275128129 12.1580237526 2.10341977981e-18)
(54.6882058828 11.8323927714 -3.44807036511e-20)
(54.1459703997 11.5208521773 4.69075042516e-21)
(53.640170608 11.2485114207 -2.1804082457e-18)
(53.1547456079 11.0318487903 -1.7367672889e-21)
(52.6611179349 10.8824356965 -2.57394157589e-18)
(52.1326815735 10.7914350301 -4.63194589791e-21)
(51.5549811135 10.7327192861 -9.16598387661e-19)
(50.9241771514 10.6689118611 -2.03282892797e-18)
(50.2336878883 10.5556416103 -1.07103468566e-18)
(49.5481195752 10.3284324899 -2.13475248115e-18)
(48.8749447957 9.94948518001 1.10397230942e-18)
(48.4313421896 9.44309379933 3.84302633504e-20)
(47.4460843837 9.11230515778 -1.69363640082e-18)
(47.2879074665 7.30600712945 3.19451850159e-18)
(43.941182494 -4.78895384446 -1.05296155733e-17)
(44.5241178541 -5.74941106481 -1.00566250199e-17)
(45.168176534 -6.88051014864 7.03275401464e-18)
(45.8072910108 -8.16306214446 -4.27643306911e-18)
(46.4200250351 -9.60050982428 0)
(46.996220947 -11.1981334871 -7.59676149718e-18)
(47.5236926484 -12.9576750309 -8.6260700621e-18)
(47.9850676393 -14.873632026 3.0588194082e-18)
(48.3599099609 -16.9335413784 -7.26224879649e-18)
(48.6262916647 -19.1161976578 1.07449150904e-18)
(48.7601930019 -21.386076589 1.92480090383e-18)
(48.7345381559 -23.6923048987 4.53367065587e-20)
(48.5222200019 -25.9649981163 6.33158789265e-18)
(48.0985935015 -28.1177515385 2.63799851127e-18)
(47.4442762595 -30.0552364755 -9.01016240219e-18)
(46.5510497616 -31.6884509314 6.88662386936e-18)
(45.4283320345 -32.9552760075 -6.43016655412e-18)
(44.1065961826 -33.8324176714 1.77010550322e-18)
(42.6361863345 -34.3341708395 -2.63179754878e-18)
(41.081049845 -34.4965536467 2.95660662783e-18)
(39.5056938887 -34.3583008875 -8.58640357176e-18)
(37.9622176897 -33.9438957042 3.69235328747e-18)
(36.487430004 -33.2599009187 -1.4474324237e-18)
(35.1073674756 -32.3128711074 2.80026217243e-18)
(33.8412865968 -31.1257546847 -9.80888014639e-19)
(32.7035959057 -29.7401126549 -1.39927321994e-18)
(31.7048220871 -28.2085115738 -2.39697721629e-19)
(30.8517558977 -26.5845559537 -1.07962042389e-18)
(30.1478268344 -24.9155271416 6.88973196959e-19)
(29.594311266 -23.238876143 -9.35002299486e-19)
(29.1920036577 -21.5813829271 -6.07870776625e-19)
(28.9419155941 -19.9602774489 -3.32789724683e-18)
(28.8445098467 -18.3857565576 2.18572805498e-19)
(28.897216661 -16.8650494693 1.06826698992e-18)
(29.0908306942 -15.4064156794 1.32074760894e-18)
(29.4040757106 -14.0222212238 -6.1459259106e-19)
(29.8052096561 -12.7318845554 7.38686011086e-19)
(30.250325631 -11.5576809794 2.68738778322e-19)
(30.7010335893 -10.5203431366 -4.74459430295e-21)
(31.1393255902 -9.6363675087 2.15494283946e-19)
(31.5853655148 -8.896210849 6.16212694201e-19)
(32.1093047566 -8.25988862752 -8.52310628054e-20)
(32.8228047454 -7.66043970123 2.03866511182e-19)
(33.8599955449 -6.99797173792 -1.7754512103e-19)
(35.3403938445 -6.16850480639 1.51598394518e-19)
(37.3288900923 -5.0789315681 -1.66004008398e-19)
(39.8070977897 -3.6694975896 0)
(42.6681699199 -1.94104629499 -1.45843062271e-19)
(45.7330044242 0.050044424665 2.57886280452e-19)
(48.7782063761 2.19223692122 -3.25469238079e-20)
(51.5901828404 4.34212048114 -1.8508758434e-19)
(54.013694075 6.36308253985 -1.56603165096e-20)
(55.9703193585 8.1573642843 1.65920561027e-19)
(57.4548234319 9.66926426206 5.28187835712e-21)
(58.5009688512 10.882247375 2.37664181157e-19)
(59.1612005155 11.8117663181 2.6182124864e-19)
(59.492482426 12.4912995323 3.64070145217e-19)
(59.544746105 12.9577223153 -4.1165211266e-20)
(59.3636061036 13.2464279516 3.23980356956e-19)
(58.9952607877 13.3890386951 1.1256522942e-19)
(58.4874267499 13.4101095214 1.87589357104e-19)
(57.8841297399 13.326597904 0)
(57.2252001806 13.1556664295 -6.4448535462e-19)
(56.5491292171 12.9135459 -7.72132305015e-20)
(55.8860423606 12.61836752 -2.40959230162e-19)
(55.2560298595 12.2898022993 -2.57445008764e-19)
(54.6705198853 11.9508955805 1.01349991104e-18)
(54.1309710732 11.6285514636 -1.45370262982e-18)
(53.6281369811 11.34972237 7.42286020914e-19)
(53.1447406096 11.1319039908 -8.83797375577e-19)
(52.6514997891 10.9847131093 8.04338647962e-19)
(52.1200799284 10.898480856 1.80096310117e-18)
(51.5338271265 10.8453453145 1.90910103429e-18)
(50.8871317558 10.7861365294 3.12469198152e-18)
(50.1781044248 10.6700182561 -4.60463350983e-18)
(49.4799501322 10.4289903078 2.16209646004e-18)
(48.7989000447 10.0311824639 -1.21253730312e-18)
(48.3325048389 9.51864406032 2.74433714949e-18)
(47.2821331757 9.17719399308 6.96204605619e-19)
(47.1970540343 7.23912482637 -1.56579348486e-17)
(48.1254597341 -7.09198868489 -1.47260183732e-17)
(48.6472678424 -8.04074165741 -1.6514680727e-17)
(49.2149010866 -9.14513910392 1.2991135321e-17)
(49.7679768903 -10.3864580748 1.04396447929e-17)
(50.2861048747 -11.7653003826 3.42865231162e-18)
(50.7583569447 -13.2837196958 5.62773382553e-18)
(51.1719513016 -14.9403383778 -1.30570158089e-17)
(51.5091880637 -16.7278830063 -8.27253318536e-18)
(51.7484568833 -18.6310024497 1.28235440958e-18)
(51.8658789674 -20.6232742701 -1.39812700521e-17)
(51.8345463291 -22.6642130005 6.78360454725e-19)
(51.6257215614 -24.7017487667 1.50418132652e-20)
(51.2138265691 -26.668933948 2.24604459769e-18)
(50.5779585575 -28.4874023336 -5.87557397718e-18)
(49.7063240361 -30.0777206059 -6.09341138351e-18)
(48.6027168789 -31.3754928758 4.56382427848e-18)
(47.2910438069 -32.3470955264 -9.72919971648e-18)
(45.8144876646 -32.9955497806 2.99983173539e-18)
(44.230438351 -33.3461781854 2.30933150959e-18)
(42.6009167059 -33.4329198654 -7.29725765123e-19)
(40.9803115234 -33.2777654219 4.6489930399e-18)
(39.4082771227 -32.8828778136 3.27149696407e-18)
(37.9114184003 -32.2403374946 -2.6039857731e-18)
(36.5093155088 -31.3507133388 1.0835600961e-18)
(35.2185897233 -30.2351341851 -2.20667495949e-18)
(34.0535514088 -28.9338336354 4.64058735679e-18)
(33.0252201329 -27.4964923083 1.98767957332e-18)
(32.1402741569 -25.9725748399 1.88963227151e-18)
(31.4011636814 -24.4052603235 1.07414121587e-18)
(30.8075468115 -22.8291544379 -2.71676801712e-18)
(30.3583051439 -21.2692228769 2.39024970981e-18)
(30.0528044874 -19.7419501019 1.73819081491e-18)
(29.8910860093 -18.2567550251 2.0859130745e-18)
(29.8726654388 -16.8193009354 4.73844853175e-19)
(29.9943504738 -15.4351221595 4.66558001263e-19)
(30.2444419842 -14.1122030736 -6.58979026515e-19)
(30.6021494641 -12.8647881096 3.03940569404e-19)
(31.0277112612 -11.7120387559 -1.73268027088e-20)
(31.4758466822 -10.6777032862 3.09673146216e-19)
(31.9029856186 -9.78794199022 -7.38586687533e-20)
(32.2920481582 -9.05031428257 3.43092421377e-19)
(32.6722619096 -8.44749263613 -1.26185067289e-19)
(33.1308794111 -7.92629564792 -1.74675004026e-19)
(33.8035610257 -7.39143810466 -1.83277152937e-19)
(34.8426279869 -6.73005397061 1.17175961007e-19)
(36.3766809476 -5.82536439338 7.91110551371e-20)
(38.4590027527 -4.58243527038 3.15849202719e-19)
(41.0436437004 -2.96310317652 -7.65761145397e-20)
(43.9851253398 -1.00121027322 -5.58148462142e-20)
(47.0573478871 1.19036490891 3.85037383173e-19)
(50.0138587134 3.45351368464 8.68056197746e-20)
(52.6529705683 5.62544070979 -5.44085661091e-20)
(54.8507175039 7.58011902944 -6.3706295486e-20)
(56.5695622266 9.24586799976 -1.53988060488e-20)
(57.8273695907 10.5957754916 -6.70792503267e-20)
(58.664799388 11.6408843112 -1.72506975825e-19)
(59.1388697553 12.4162123109 4.25547255389e-19)
(59.3017371627 12.9604639988 1.77965549463e-19)
(59.2025097094 13.3102176971 -1.0670380853e-19)
(58.8914171879 13.4978716885 -2.24367904684e-20)
(58.4200047448 13.5501132417 3.57602358668e-20)
(57.8379511627 13.4819524967 -6.72311973942e-20)
(57.1907088791 13.314537243 -4.19801271061e-19)
(56.5208668691 13.0676545981 6.54675196207e-19)
(55.8613294584 12.7623705251 -1.77977456643e-19)
(55.2339719057 12.4208178134 -9.50721992926e-19)
(54.651537518 12.0686946578 1.28876470397e-18)
(54.1159502892 11.7356781587 -7.30810022796e-19)
(53.6169706292 11.4507003428 2.22012313685e-18)
(53.135977673 11.2323859068 8.38270480084e-19)
(52.6431418276 11.0881096089 1.75877983855e-18)
(52.108419001 11.0075104953 5.44943933279e-20)
(51.5125858576 10.9609062438 -1.95420521418e-20)
(50.8484752664 10.9066844848 5.223630675e-18)
(50.1202722077 10.7870811213 4.22530928446e-20)
(49.4098780976 10.5311674708 3.44756895108e-18)
(48.7192896118 10.1152603176 2.27604293383e-20)
(48.2225182764 9.59667227626 4.63888930039e-18)
(47.1203568946 9.24472647489 -1.37227377917e-18)
(47.1096975794 7.16184947477 -4.11057442942e-18)
(51.76182143 -9.15268483326 4.78072600173e-18)
(52.235426096 -10.0771087876 5.59542270946e-18)
(52.7317721469 -11.1402388788 -5.06709202005e-18)
(53.1997298033 -12.3250628763 -4.06554176763e-18)
(53.6205611794 -13.6293338298 8.01316508806e-18)
(53.982209682 -15.0520701769 1.24104766407e-17)
(54.2716152508 -16.5890195062 7.70458882764e-18)
(54.4700797068 -18.2289482243 -1.98006197704e-20)
(54.5540662113 -19.9513464879 5.28006667954e-18)
(54.4965803227 -21.7258339567 1.86827557285e-18)
(54.2732635927 -23.5135329817 -4.20474385562e-18)
(53.8596511662 -25.2647954364 6.89136196425e-18)
(53.2364841252 -26.9195296343 -2.62256231752e-18)
(52.390936176 -28.4122833221 -1.68964967125e-18)
(51.3223167859 -29.6841577063 8.33398730174e-18)
(50.0479462943 -30.6969632304 -8.50403531863e-18)
(48.6040009904 -31.4424039678 2.52685461993e-18)
(47.0404677044 -31.9367111222 3.14011584845e-18)
(45.4131148885 -32.2071070582 7.0509484474e-18)
(43.7736336344 -32.2733998091 -1.51125781694e-18)
(42.1615585518 -32.1360279772 6.14469785544e-18)
(40.6033034553 -31.7794413847 1.75653784389e-18)
(39.1173141751 -31.1876027177 -1.43657043073e-18)
(37.71985952 -30.3603192841 3.18931382687e-19)
(36.4273927877 -29.3199809198 3.18918290293e-18)
(35.255403746 -28.1063247867 2.46096903421e-18)
(34.2158925115 -26.7657742461 -2.64595933136e-18)
(33.3156768923 -25.3431750721 4.02575537297e-18)
(32.5566045458 -23.8773350627 -2.66550441943e-18)
(31.9373093601 -22.4001119237 3.49347661958e-18)
(31.4552766752 -20.9349185561 2.22772421855e-18)
(31.1082194002 -19.4976525136 7.72359716483e-19)
(30.8950056616 -18.0978932898 -2.89740185828e-19)
(30.8150650463 -16.7408658125 1.48054404432e-20)
(30.8676487059 -15.4308162608 -9.67777128043e-20)
(31.0473283685 -14.1730637142 -1.77611317258e-19)
(31.3440251782 -12.9769411167 -3.81211555739e-19)
(31.7288130313 -11.8552720355 4.38549317816e-19)
(32.1617525411 -10.8315170093 1.04263043962e-19)
(32.590554731 -9.93146389469 -1.14485652572e-19)
(32.9709422885 -9.17720570016 9.76178136703e-20)
(33.2915979541 -8.5741076728 7.62816469455e-20)
(33.6000562043 -8.08748041549 -1.73822571714e-19)
(34.0069631033 -7.64179397041 8.23385804403e-20)
(34.6703729182 -7.12514492263 3.84456931397e-19)
(35.761508206 -6.40485354012 3.01466645685e-20)
(37.4036392922 -5.35539151844 -3.22535533569e-20)
(39.6252506163 -3.89356434339 1.16997595881e-19)
(42.3356793477 -2.01875523297 -6.86089178723e-19)
(45.3318522496 0.171996316891 4.53730113713e-19)
(48.3563180224 2.5096696396 3.66985021487e-19)
(51.1679052466 4.81011025055 -6.22554759632e-20)
(53.5918021321 6.92088466989 -2.73685234809e-19)
(55.558381845 8.74545650768 1.55318799403e-18)
(57.0487965499 10.241598474 -1.51584646555e-19)
(58.0841775097 11.41554668 -4.35458049848e-20)
(58.7203325719 12.2991247088 -2.37289739282e-19)
(59.0098387713 12.9320571744 5.34570342172e-20)
(59.0047992626 13.3520561113 -4.37453593087e-20)
(58.760151614 13.5920892034 -1.99498048059e-19)
(58.3318215344 13.6789148459 -2.54449444412e-19)
(57.7755305227 13.6305772024 8.05001909951e-20)
(57.1439477375 13.4696105803 4.23047276885e-19)
(56.4838127792 13.2194057077 1.22242718422e-18)
(55.8307334421 12.904761406 4.73720283409e-19)
(55.2084049053 12.5505675971 -1.17234283556e-18)
(54.63098243 12.1854076918 -1.03271813781e-18)
(54.1008542467 11.8419773017 7.78646378533e-19)
(53.6067753059 11.5513477463 -1.41538499338e-20)
(53.1286758496 11.3332685374 9.05431607879e-19)
(52.6363070635 11.1927293589 8.42747787675e-19)
(52.0978686669 11.1187538823 2.32933296866e-22)
(51.4911878189 11.079685839 5.55940558978e-20)
(50.8080516 11.0307622564 -3.3002252944e-18)
(50.0602445889 10.9068893876 2.34268584907e-18)
(49.3378879539 10.635164084 -7.84694752986e-20)
(48.6350557036 10.2021560518 1.18860111529e-18)
(48.1009877384 9.67799712165 2.37395296465e-18)
(46.9425384373 9.30606199448 9.28295351464e-19)
(47.0267100242 7.07363039155 -3.04737282476e-18)
(54.5311725965 -10.9058433053 -1.17849660638e-17)
(54.9786060753 -11.7905498017 9.41027639643e-19)
(55.4193833484 -12.7960094238 1.16350298866e-17)
(55.8139366759 -13.9075050003 -5.74688288203e-18)
(56.1471984858 -15.1202564186 2.91262786614e-18)
(56.4043457823 -16.4293904668 2.51676703642e-18)
(56.5734289674 -17.8264816929 1.91992361371e-18)
(56.6321637381 -19.2944459563 7.96878185858e-18)
(56.5536320395 -20.8106987888 3.11865802645e-18)
(56.3114058953 -22.349386177 5.52739184519e-18)
(55.8994355663 -23.8783648109 -3.46231617098e-20)
(55.2979312998 -25.3508735378 6.50401266505e-18)
(54.4933550368 -26.7143539256 6.20927648247e-19)
(53.4826858444 -27.9199344804 3.98416920661e-18)
(52.2776606674 -28.9314856672 1.10826948603e-17)
(50.9070357326 -29.7339570345 -8.92661729295e-20)
(49.413112616 -30.3339726403 5.31028654356e-18)
(47.8441016265 -30.7506818395 -1.14254639409e-20)
(46.2457717353 -31.0002312001 -2.6725564347e-18)
(44.6543894903 -31.082873491 -3.25100435573e-18)
(43.0944581528 -30.9807302935 4.5698236542e-18)
(41.5823624072 -30.6679923593 -1.65703116975e-18)
(40.1323707747 -30.1274094598 -2.49381056077e-18)
(38.760704764 -29.3623474451 -2.07764891893e-18)
(37.4855595161 -28.3979662651 -7.65833269672e-19)
(36.3241997869 -27.2730239684 -2.69294519549e-18)
(35.2894663338 -26.0297627904 2.59428453354e-18)
(34.3882696863 -24.7078426538 -1.77465711801e-18)
(33.6221488547 -23.3417226152 -1.75303738162e-18)
(32.9892897465 -21.9606085709 1.07597557225e-18)
(32.486507177 -20.586619132 -2.80941459832e-18)
(32.1102102536 -19.2351372408 -1.17742537506e-18)
(31.8580253156 -17.9159083284 -4.26328228523e-20)
(31.7285241344 -16.6347843844 1.2861687899e-19)
(31.7209857526 -15.3957318667 -2.0313517713e-19)
(31.83277261 -14.2028846988 1.60076128224e-19)
(32.0613980255 -13.0619957152 1.50765647764e-19)
(32.3868801228 -11.9802117562 1.34934543369e-20)
(32.7833026051 -10.9767570235 -1.11217894742e-19)
(33.2025383193 -10.0728282737 2.1534789838e-19)
(33.5874774089 -9.29791154479 -5.31825871631e-21)
(33.8985242489 -8.67187134719 1.31210444496e-19)
(34.1406873663 -8.18322048295 -1.30937188067e-19)
(34.3823398123 -7.78385471382 2.04435839526e-19)
(34.7619797794 -7.37595647305 -6.41065167628e-20)
(35.4654943623 -6.82123956131 -7.34609509764e-21)
(36.6670412539 -5.96946941453 -2.69931398008e-19)
(38.4690336199 -4.69726637931 1.12657329741e-19)
(40.8537052051 -2.96091554367 -3.64048973789e-19)
(43.6677579205 -0.829243741374 -5.84256934025e-19)
(46.6674544307 1.53317126722 7.880411201e-19)
(49.5885228786 3.92859867104 5.80363328816e-19)
(52.2128148868 6.18086894553 3.21743010702e-19)
(54.4257063356 8.16076290186 -3.21834629472e-19)
(56.1598085143 9.81199509144 1.10862872506e-18)
(57.4123383453 11.1274143273 -8.15289198376e-20)
(58.2305913001 12.1333919495 -2.32581578624e-19)
(58.664108119 12.8675050991 -1.11424783389e-20)
(58.7667878875 13.3682764902 6.54858167783e-21)
(58.5980575767 13.6691059862 -9.04877267308e-20)
(58.2200015453 13.7969011355 3.20422124434e-19)
(57.6953532929 13.7719424128 1.4112009491e-19)
(57.0835719697 13.6199451246 6.00046339567e-19)
(56.4367622885 13.3678435476 6.96172352124e-19)
(55.7933366987 13.0447313362 1.10746309445e-18)
(55.1787183442 12.678391595 9.20979952014e-19)
(54.608519542 12.3005436389 -2.81317022863e-18)
(54.0855791556 11.9471335672 1.49690800698e-18)
(53.5976288941 11.6515266153 -2.29069010337e-18)
(53.123063198 11.4345003347 -1.83651298221e-18)
(52.6312618554 11.2987004718 3.83735712904e-21)
(52.0885333798 11.232469633 -2.01686899606e-18)
(51.4694534986 11.2019834208 1.02200852025e-18)
(50.7656520232 11.1585552175 -2.12756124701e-18)
(49.9980901833 11.0295009933 1.17742118923e-18)
(49.2638311499 10.741268011 -1.2342510211e-18)
(48.5450431139 10.2925303218 -7.37445989951e-18)
(47.9662508985 9.76220365013 -1.17725563802e-18)
(46.7472688917 9.36041034674 8.14508020891e-18)
(46.9564888347 6.98020128007 -6.78736224348e-19)
(56.2262988913 -12.3209115003 -3.66888746698e-18)
(56.6658246732 -13.1471681989 -1.17015181283e-17)
(57.0673715744 -14.0751231193 5.5677505388e-18)
(57.4043285252 -15.0922626813 -8.27603973336e-18)
(57.656411571 -16.1911616333 -3.63192445183e-18)
(57.8132216463 -17.3644917941 7.84329175017e-18)
(57.8574959701 -18.6011380038 -7.78183848486e-18)
(57.7753482207 -19.8818498601 -5.65434496178e-18)
(57.5560171053 -21.1887723605 -1.10699744278e-18)
(57.1905359056 -22.5022583802 -6.79074823872e-18)
(56.6476996576 -23.7907191893 -6.28181851178e-18)
(55.9178060283 -25.0119635171 -1.16724903406e-17)
(54.9996917617 -26.1272300261 -4.00581086054e-18)
(53.9029023243 -27.1066106506 -6.90581699862e-19)
(52.6500492328 -27.933738553 -2.74501724184e-18)
(51.2754694006 -28.6074617723 8.40023186964e-18)
(49.8193008847 -29.1377252907 1.00816374038e-18)
(48.3199707171 -29.5350547102 -1.85264949322e-18)
(46.808468118 -29.7989130069 -3.93947657651e-18)
(45.3060345391 -29.9121660098 4.4442972852e-18)
(43.8263630865 -29.8457413253 -3.96972644646e-19)
(42.3809151962 -29.5717054763 -6.11109166695e-18)
(40.9838405351 -29.0773087246 9.12525190184e-19)
(39.6536641261 -28.371638345 -2.8099041299e-18)
(38.4111037669 -27.4821329701 5.28658150953e-18)
(37.274918439 -26.445185807 1.1992258265e-19)
(36.2582137925 -25.2978242121 -1.36116096841e-19)
(35.367755195 -24.074210065 -2.98225474329e-18)
(34.6049769239 -22.8047517184 3.12099500002e-18)
(33.9682423347 -21.5162353687 -1.08000515648e-18)
(33.4543621465 -20.2292675101 -4.57737122897e-19)
(33.0590283778 -18.9595125337 1.90082361893e-19)
(32.7788386101 -17.716021218 1.468569037e-18)
(32.6112332795 -16.5055481129 -5.51500505379e-19)
(32.5546589295 -15.3330152781 1.1856855279e-19)
(32.6069266976 -14.2021996065 -2.74973082411e-19)
(32.7691066339 -13.1167104859 4.01100925557e-20)
(33.0271633955 -12.0817457393 -1.58480672322e-19)
(33.3690932316 -11.105804858 -5.14593383697e-20)
(33.7582948142 -10.2085012821 -5.23839959234e-21)
(34.1393365535 -9.4181231667 9.31484887285e-20)
(34.4594394607 -8.7600418303 -3.97957820945e-20)
(34.6881273431 -8.24605781611 1.97203862335e-19)
(34.848254067 -7.85531451705 -2.58362893937e-19)
(35.0413688527 -7.51212893178 -3.87248695852e-19)
(35.4389870622 -7.08730789452 3.89453196281e-19)
(36.2384344484 -6.42111855059 1.52330055558e-19)
(37.6022525236 -5.35203403377 -3.63040551541e-19)
(39.5907206389 -3.79359709647 3.43844187149e-19)
(42.1226221599 -1.7778587355 -1.27495999777e-18)
(44.9984179212 0.553315664173 5.51747172097e-19)
(47.9541152331 3.0013378916 6.93305894841e-19)
(50.7382437125 5.36705497308 6.07548028174e-19)
(53.1765225402 7.49724224003 1.03022077512e-20)
(55.1552140672 9.30534498507 -4.04409633499e-19)
(56.6433958274 10.7704274141 2.54658787214e-20)
(57.6643002827 11.9123904656 -2.97751769487e-20)
(58.2597570197 12.7615630388 -1.44070389987e-19)
(58.4845552987 13.3549904823 1.9264088682e-19)
(58.4027718314 13.7259756285 9.17584337956e-20)
(58.0821708479 13.9042784248 -1.33199007435e-19)
(57.5946584293 13.9059984902 -8.35063259376e-20)
(57.0077143536 13.7642963977 7.04600513107e-19)
(56.3784370368 13.5116177749 -1.35767504921e-18)
(55.7482029828 13.1812584032 -1.57187103292e-18)
(55.1442426093 12.803525709 1.27285074146e-18)
(54.5837433766 12.413530057 -1.37866967595e-18)
(54.0699574589 12.0507531308 1.42140221777e-21)
(53.5895744211 11.7510078175 -1.60002678324e-18)
(53.1193654212 11.5360083148 -2.63050957382e-18)
(52.6282602439 11.4061838928 -2.69471379096e-18)
(52.0804865957 11.3489507018 -3.83727042811e-18)
(51.4472327006 11.3281097037 -6.73905420445e-20)
(50.7212021019 11.2902307691 -9.65634918215e-19)
(49.9339956378 11.1549661014 -3.58680956698e-18)
(49.1874338551 10.8498162546 -1.24299884302e-18)
(48.4477645492 10.3870719342 -6.13214869736e-20)
(47.8157173251 9.84854930481 -2.42768536315e-18)
(46.5429402875 9.41104033767 5.07288422916e-18)
(46.9118158801 6.87979285929 9.1939726362e-17)
(56.8514190794 -13.4109040415 4.91658178167e-18)
(57.2822917457 -14.1575428905 -1.77733261628e-18)
(57.6484237196 -14.9871857952 -4.28529738634e-18)
(57.9366406107 -15.8885985323 1.38843863492e-18)
(58.1275056024 -16.854416063 -4.17064601115e-18)
(58.223183369 -17.8768104565 4.03692166978e-18)
(58.1791411665 -18.944894816 1.81697888063e-19)
(58.0227767001 -20.0464072978 -1.82321307939e-18)
(57.7184905918 -21.1653711839 -4.12552702864e-18)
(57.2560740219 -22.2775863702 1.14597152474e-18)
(56.6304103513 -23.3535340347 2.14755012135e-19)
(55.8398808642 -24.3658235191 -5.06735816595e-18)
(54.8905984843 -25.2922013061 4.45624873788e-19)
(53.7991773301 -26.1177525296 3.816719046e-19)
(52.5913346308 -26.8365412081 -3.66548639676e-18)
(51.2980205336 -27.4500452361 -1.04098865933e-19)
(49.9496192584 -27.9615850907 -6.51680364436e-18)
(48.5709817369 -28.3681760481 8.11641721766e-19)
(47.1793793534 -28.654315398 2.24777008567e-18)
(45.7858552676 -28.7922219406 1.7234818582e-19)
(44.399204718 -28.7499832355 -5.92197355369e-18)
(43.0306900669 -28.5040040001 1.50449403906e-18)
(41.6969475937 -28.048883712 -8.16355285098e-19)
(40.4195562038 -27.399055605 2.38894880907e-18)
(39.2213552896 -26.5823451375 -1.28275145876e-18)
(38.1217463149 -25.6309855695 -1.22267407671e-18)
(37.1334181977 -24.5760653751 1.97479607201e-18)
(36.2627251357 -23.4466291473 1.32619569664e-18)
(35.511188636 -22.2693522888 1.59664280374e-20)
(34.8779722692 -21.0693930689 -1.89663109977e-18)
(34.3600945505 -19.8655279999 3.60581041586e-20)
(33.9533636778 -18.6728417829 9.7936615727e-19)
(33.6540851083 -17.5009873896 -9.30475904848e-19)
(33.458118389 -16.3566200759 -3.99308658209e-19)
(33.3629209413 -15.2458477655 -9.66003588795e-20)
(33.3661389611 -14.1726408079 1.7589168507e-19)
(33.4679478929 -13.140203242 -6.17687242188e-20)
(33.6611474838 -12.1511596434 2.00138186959e-22)
(33.9406198854 -11.2098636151 -2.2968712103e-21)
(34.2810183541 -10.3297782131 1.88984128459e-19)
(34.6407181483 -9.53349377984 -1.42859234716e-19)
(34.9653734731 -8.84828216108 -2.46606832852e-19)
(35.2033324761 -8.29997398478 -1.06266727931e-19)
(35.3405706615 -7.88979399304 -2.07878616514e-19)
(35.4331798708 -7.57084231095 4.98585976188e-19)
(35.6145273391 -7.23502049301 3.86261870105e-19)
(36.0774678911 -6.71948228798 6.09828744155e-20)
(37.0211028344 -5.84563235944 -5.37236062063e-19)
(38.5748676976 -4.49247437387 7.17191924209e-19)
(40.7449378448 -2.64182281698 1.08736949186e-18)
(43.4017418597 -0.398815326188 -1.75979815509e-18)
(46.3077888195 2.04958547675 -3.39520838223e-19)
(49.1920863543 4.49380962707 -4.60629493303e-21)
(51.8228297986 6.75295242265 -3.21758601223e-19)
(54.0413899959 8.71524412242 -1.59098571124e-20)
(55.7757201534 10.3404195159 -3.7343150741e-19)
(57.0167053892 11.6300733916 -5.88076677706e-20)
(57.7914858325 12.6096584019 1.37123839816e-19)
(58.1532885355 13.3086734833 9.01572265948e-20)
(58.1708900387 13.7599327543 -1.83865472334e-21)
(57.9168006054 13.9899038312 -1.70710495041e-19)
(57.4715437216 14.0275527741 -2.38343500894e-20)
(56.9144579387 13.9003560453 7.13972680452e-19)
(56.3073805822 13.6495877411 -6.92454394121e-19)
(55.6942564426 13.3134606 6.78306891678e-19)
(55.1041589085 12.9252168989 9.91284867563e-19)
(54.5560900234 12.5237755773 2.90085422616e-18)
(54.0537003069 12.1524236215 1.30487552322e-20)
(53.5826031875 11.8495519425 -1.67777282575e-18)
(53.1178226776 11.637758952 1.85503928442e-18)
(52.6276055154 11.515378835 -9.7657641106e-21)
(52.0738673443 11.4685357025 4.99939010821e-18)
(51.4245162844 11.4584048026 -2.14121965517e-18)
(50.6748660765 11.4259409189 3.48109477283e-20)
(49.8682701018 11.2833139281 -2.89860495498e-20)
(49.1082469183 10.9611455989 -8.58087235359e-20)
(48.3412629283 10.4862707369 8.98707367e-18)
(47.6464360167 9.9366772215 -2.13226658375e-18)
(46.3384734452 9.45655773033 2.32915096005e-18)
(46.8865545815 6.74338002223 9.33755048506e-19)
(56.615913181 -14.2170731912 1.3839024604e-18)
(57.0248284665 -14.8680577733 6.71322098393e-18)
(57.355321132 -15.5851124882 2.34824937348e-18)
(57.6030622516 -16.3604749175 9.8754146795e-19)
(57.7495453136 -17.1889024684 -2.25991787418e-18)
(57.7879315143 -18.0626133764 -3.01357954071e-18)
(57.708498239 -18.9729266503 -2.88651503413e-18)
(57.4989665526 -19.9104277374 3.12420601048e-18)
(57.1522015396 -20.8571388056 -2.28078663155e-18)
(56.6645953609 -21.7936164337 -1.71990350737e-18)
(56.0352240954 -22.7014586054 4.39259720944e-18)
(55.2684510365 -23.5644618725 4.39580702436e-18)
(54.3754666383 -24.3688729643 0)
(53.3730632478 -25.1066411685 1.77521853945e-18)
(52.2825935684 -25.7733949503 3.04044510895e-18)
(51.126097514 -26.3658375734 -7.28017854835e-18)
(49.9220503265 -26.8776908813 -9.08543318305e-19)
(48.6837530331 -27.2944685755 3.27517207131e-18)
(47.419986921 -27.5916775356 -2.40054214753e-18)
(46.1377274248 -27.738394419 -6.46947361405e-19)
(44.8457625614 -27.7059495063 -1.21818359278e-18)
(43.5577773893 -27.4780995723 1.92238124558e-18)
(42.2934465832 -27.0568814518 -1.73668543371e-18)
(41.0767550653 -26.460166029 -5.68889719755e-19)
(39.9316176222 -25.7138665421 -4.09708907113e-18)
(38.8770697375 -24.8443294167 1.39823757482e-18)
(37.9246110365 -23.8765170852 1.07080078525e-18)
(37.0802303682 -22.8348726064 1.86343917605e-20)
(36.3454915233 -21.7440409874 -9.73438825954e-19)
(35.7207090462 -20.6271351952 -2.30125041845e-20)
(35.2041338249 -19.5021569802 -2.8978932125e-20)
(34.7915014309 -18.3816051713 -2.68921030336e-19)
(34.4789953213 -17.2775116571 -1.96955076136e-19)
(34.2620381594 -16.1957652734 5.05584374267e-19)
(34.1371368647 -15.1419107571 1.83607441706e-19)
(34.1013539058 -14.1206228282 -1.21434702565e-19)
(34.1526068746 -13.1356996486 5.90871117402e-19)
(34.2860418544 -12.1922728048 -4.79049662921e-20)
(34.5031621722 -11.2861435322 -6.02040341155e-20)
(34.7863389585 -10.4289974168 5.37044475594e-20)
(35.1076894995 -9.63645033154 -1.55546952978e-19)
(35.4213726541 -8.93356373907 -1.50994943451e-19)
(35.670427333 -8.3501922281 2.71587839249e-19)
(35.8152319187 -7.90471917123 3.90942551658e-19)
(35.8689213475 -7.57954079274 -1.30972806316e-19)
(35.9202114693 -7.29143431983 -2.61606471251e-19)
(36.1309389345 -6.88535509003 2.87246681862e-19)
(36.7036726117 -6.18244417039 -2.32949426833e-19)
(37.8207698911 -5.03845084613 -9.75140793977e-19)
(39.5787670971 -3.38666037486 4.60437404731e-20)
(41.9329977854 -1.28727971222 -8.32295749581e-19)
(44.6980365909 1.1035633435 8.73973757126e-19)
(47.6045296157 3.57982828827 5.48910385161e-19)
(50.3823723632 5.94141208333 1.68486728986e-20)
(52.8242602696 8.04773107484 8.68648398577e-19)
(54.8056882187 9.83624078944 3.03659914576e-19)
(56.2793853245 11.2836451386 -9.72417400309e-20)
(57.2510572473 12.4069286388 -7.06361554178e-20)
(57.7656590161 13.2251503434 3.1585330702e-19)
(57.8942600539 13.766482978 1.54175552511e-19)
(57.7188995489 14.0624155699 -1.90535205786e-19)
(57.3242043465 14.1376572911 -4.863950646e-20)
(56.8018055147 14.0275774712 -1.20645492531e-18)
(56.2218496451 13.7807889315 1.13375366409e-18)
(55.6300734836 13.4402505332 7.23099983101e-20)
(55.0574052251 13.0424069195 -1.36937127724e-18)
(54.5248672542 12.6304082986 7.09608681477e-19)
(54.036503696 12.2515448768 -7.17361450099e-20)
(53.5768024441 11.9468204956 2.46116135698e-18)
(53.1188184738 11.7396981312 9.22639871445e-19)
(52.6297240238 11.6265311777 4.9186286788e-18)
(52.0688914108 11.5916528663 4.01390117607e-18)
(51.4014013376 11.593307871 1.09684615102e-18)
(50.6269753109 11.5659444167 3.31141164777e-18)
(49.8012289439 11.4148651097 -1.30952425552e-20)
(49.0254282167 11.076115157 8.33623198221e-21)
(48.2229612764 10.5907758522 1.1430844325e-21)
(47.455784601 10.0266625253 -4.49365388216e-20)
(46.1258555374 9.4914357814 5.958746228e-18)
(46.8639414702 6.60396975293 1.68099025282e-18)
(55.7877731938 -14.7627279963 -3.65776621346e-18)
(56.1568942374 -15.3130856946 -5.31335406474e-19)
(56.4449614422 -15.9163761147 8.77985750048e-19)
(56.6522878692 -16.5683004207 1.88513166708e-18)
(56.7687052147 -17.2656557305 2.45340679825e-18)
(56.7840880725 -18.003537445 6.17862401868e-18)
(56.6900377104 -18.7754060987 -4.45273565236e-18)
(56.4808434286 -19.5715582786 -3.78039005006e-18)
(56.1530349758 -20.379822827 4.05748511679e-18)
(55.705802083 -21.1877653782 -2.84057748416e-18)
(55.1418550955 -21.9818869019 -4.46549824803e-19)
(54.4674119468 -22.7510357559 0)
(53.6917346814 -23.4826123268 7.66473852276e-20)
(52.8251207007 -24.1726200846 5.57014259083e-18)
(51.8828566588 -24.8136139326 1.19838624804e-18)
(50.8780750437 -25.3952373421 -3.43378191154e-18)
(49.8197809955 -25.9036221599 3.84092754989e-18)
(48.7148222215 -26.3181210055 -2.23098505914e-18)
(47.5692305341 -26.611430814 2.79620080299e-18)
(46.3904238787 -26.7542378363 -3.40030366835e-18)
(45.1894730017 -26.7233242705 9.47742647689e-19)
(43.9826914745 -26.509511621 8.34531252411e-19)
(42.7917364112 -26.120441846 5.41197775959e-19)
(41.6414200863 -25.575378819 -1.30024640729e-18)
(40.5554387956 -24.8968027056 -1.45396655768e-18)
(39.5516483161 -24.1045854601 2.95367129998e-18)
(38.640175332 -23.2178173349 3.75592130601e-18)
(37.8262557671 -22.2567886444 -1.42858854006e-18)
(37.1118944462 -21.2462723181 -1.035516912e-18)
(36.4989032856 -20.205837416 -1.89579155291e-19)
(35.9868973837 -19.154442024 -4.23454004488e-19)
(35.5713697391 -18.1032746242 2.82589080883e-19)
(35.2490256295 -17.0614086637 5.55427983605e-20)
(35.0166571632 -16.0360258765 -2.3245867586e-19)
(34.8694950595 -15.0332933172 1.13123327581e-19)
(34.8030249472 -14.0580428343 5.65350638194e-19)
(34.8134874385 -13.1157525391 1.21581730846e-19)
(34.8977542639 -12.2096409294 2.64099185556e-19)
(35.056665459 -11.3391534767 3.24744654746e-20)
(35.2808984108 -10.5078266011 2.43199930742e-19)
(35.5533310334 -9.72731584124 -1.68506196644e-19)
(35.8400568768 -9.01668030481 5.71715391145e-19)
(36.0890381014 -8.4049341961 1.13710335177e-19)
(36.2486400541 -7.9213315927 -2.16610797046e-19)
(36.300726414 -7.568367884 -2.16140802937e-19)
(36.2903312699 -7.28526622316 -2.24355597557e-19)
(36.335667143 -6.95133513096 2.21991711711e-19)
(36.6179140167 -6.3859533722 2.59399596414e-19)
(37.3367822295 -5.43173249365 -7.27650271453e-19)
(38.6701193332 -3.99236915677 -1.54972955158e-20)
(40.657108941 -2.08146000754 1.54367131545e-18)
(43.1866643813 0.19255479366 5.67121211728e-19)
(46.0205024514 2.64464028681 2.73588551424e-18)
(48.8762716464 5.06766067634 4.02292836217e-19)
(51.5050752904 7.29833892041 3.16557485963e-19)
(53.7241965176 9.24484599586 -5.62844225269e-19)
(55.4389487471 10.859758247 9.34924221442e-20)
(56.6245436905 12.1403391055 -3.52643815306e-20)
(57.3109265627 13.0927024569 -2.99357017823e-20)
(57.5661121777 13.7415151172 2.17188892175e-20)
(57.4805562829 14.1132944702 -9.09103101386e-20)
(57.1467053403 14.2353532532 -3.81928189364e-19)
(56.6653426055 14.1434279401 -8.59043087475e-19)
(56.1192395007 13.9028506846 -5.54425518809e-19)
(55.5539918807 13.5599386285 -7.34246981329e-19)
(55.0029229904 13.1539091636 -1.14839276484e-18)
(54.4896269424 12.7324723509 -8.31976536498e-19)
(54.0185286038 12.3472944002 -7.35834062744e-19)
(53.5728112548 12.0421965943 6.39828689981e-20)
(53.1231743822 11.841573949 -1.79680210731e-18)
(52.6351825065 11.7398172813 1.00782857033e-18)
(52.0656295387 11.7187675641 -3.09379208159e-18)
(51.3778544007 11.7333431349 1.09546099088e-18)
(50.5779207218 11.7107682799 1.22526634738e-18)
(49.7333002791 11.5507802018 -3.78756384443e-18)
(48.937934015 11.1970972996 -1.4427641542e-18)
(48.0898362701 10.7025347308 -4.01994082713e-18)
(47.2404567923 10.1189357055 3.7928828503e-18)
(45.9036282906 9.50941069216 -2.10212642893e-18)
(46.8261012403 6.49943076531 -4.50347904057e-17)
(54.6682444199 -15.0857838485 -2.89250438662e-19)
(54.9933261365 -15.5444780259 -3.99571675163e-18)
(55.2476931223 -16.0477622769 -1.07412968425e-18)
(55.4345644242 -16.5946357027 3.14824609588e-18)
(55.5428089311 -17.1837567065 -2.39088528221e-18)
(55.5636295584 -17.8120674143 3.60252049233e-18)
(55.4908580357 -18.4748882944 5.21183535937e-18)
(55.3208059002 -19.1662048309 -3.37854254406e-18)
(55.0516306201 -19.8779727988 1.03137520043e-18)
(54.6842308142 -20.6002757227 2.17454098384e-18)
(54.2207690244 -21.3202382405 -9.12572142228e-19)
(53.6653040265 -22.0279781978 0)
(53.0206776709 -22.7071723609 2.99870455571e-19)
(52.288968883 -23.3612623092 -3.86951626594e-18)
(51.4851273292 -23.9769252728 -1.94878835589e-18)
(50.615044921 -24.5382821603 3.00594624675e-18)
(49.6816288816 -25.0276152193 1.25584758599e-18)
(48.6897400101 -25.4226274686 -6.69432147802e-19)
(47.6463164528 -25.6974418019 -8.42565390067e-19)
(46.5612140304 -25.8265021372 -1.25388087822e-18)
(45.4478472969 -25.7919975167 4.19164308964e-18)
(44.3237509398 -25.5901297401 -2.41826886e-19)
(43.2102441091 -25.2318859085 1.99441401863e-18)
(42.1306721943 -24.7361362099 1.30964757598e-18)
(41.1071106321 -24.1211029135 -2.32763604298e-18)
(40.1562294255 -23.400766189 1.32916174034e-18)
(39.2878892984 -22.5888415664 -2.79663141138e-19)
(38.5061979563 -21.7036919248 -1.89741331714e-18)
(37.8146804694 -20.767855695 2.14707577958e-19)
(37.2155172844 -19.8010150229 -1.3024155518e-18)
(36.7086675012 -18.8176687479 7.64138616837e-19)
(36.2927829822 -17.8307687196 1.84320722269e-19)
(35.9649534356 -16.8467630777 -3.22537223159e-19)
(35.7205436917 -15.8735192341 -3.62935555643e-19)
(35.5549097422 -14.9184127273 -1.69412700189e-19)
(35.4633424095 -13.9858219904 1.57905767464e-19)
(35.4406688403 -13.0825422282 -6.3048648128e-20)
(35.4828174684 -12.2134183827 1.51609893516e-19)
(35.5922755319 -11.3735863368 9.58105712994e-20)
(35.762066766 -10.5681961472 4.93979031692e-20)
(35.9820173498 -9.80575084331 4.2138697693e-19)
(36.2301450387 -9.09799015825 3.05165649713e-19)
(36.4650036537 -8.46834209638 -1.06719938519e-21)
(36.634680461 -7.95127166733 1.82615951206e-20)
(36.7031672177 -7.56132972408 -1.00819229863e-19)
(36.6767275689 -7.25906415372 -9.11586542042e-21)
(36.631672322 -6.95435112842 2.4174280059e-20)
(36.7183603888 -6.48816139327 -3.76373310768e-19)
(37.1157732658 -5.69739643797 -7.02058246656e-19)
(38.0575129264 -4.46842438728 4.40239939829e-19)
(39.6400651179 -2.77300396364 1.74617892181e-19)
(41.8476647841 -0.664286665396 -1.43857237709e-18)
(44.5040587086 1.70881577702 -6.15041672331e-19)
(47.3440308809 4.14555282805 1.11767895496e-18)
(50.0958789568 6.47001826366 -2.79151601989e-18)
(52.5273969274 8.55939006236 5.4130447746e-19)
(54.4850777893 10.344202739 2.67076103048e-20)
(55.8998754412 11.7940950571 -6.67688605663e-19)
(56.7768246157 12.8958866592 1.28291261433e-18)
(57.1791297874 13.6650600136 4.17091552568e-19)
(57.1958895978 14.1276221238 -2.52108538712e-19)
(56.9330261798 14.3028346901 4.63527546276e-19)
(56.5041676798 14.2417382131 1.99143631014e-18)
(55.9991693247 14.0148054035 6.24577029058e-20)
(55.4658957195 13.6728546209 1.44103318569e-18)
(54.9410438581 13.2603345163 -1.43413424188e-18)
(54.4511689782 12.8306395362 8.25746904476e-19)
(54.0009572068 12.4402920932 -1.60332250355e-18)
(53.5719589116 12.1362674236 -2.59822410726e-18)
(53.1319879234 11.9439759459 2.66358161785e-18)
(52.6443526872 11.8557646827 -5.92717768905e-18)
(52.0636969172 11.8502555559 -1.95467264247e-18)
(51.3536214757 11.8785445677 -6.09814629324e-20)
(50.5285394759 11.8602255456 -1.12925935405e-18)
(49.6661719932 11.6910854347 2.46024690996e-18)
(48.8464461853 11.3242674274 -3.92540444493e-18)
(47.9400989795 10.8219675861 -1.57790453128e-19)
(46.9997852071 10.2143780891 1.55186707637e-19)
(45.6701591886 9.51340711771 1.12287010814e-19)
(46.811831544 6.36077694957 -5.87868034184e-18)
(53.5646044785 -15.510235553 -3.28013993426e-19)
(53.8443814591 -15.9028431356 -5.20100746747e-18)
(54.0716813841 -16.3305623913 -2.83473159364e-19)
(54.2452304716 -16.7938362592 4.00927829315e-18)
(54.350339461 -17.294169983 -3.58876118568e-18)
(54.3798743649 -17.832185344 -1.06696678479e-18)
(54.3303752264 -18.4062707642 3.43175727358e-18)
(54.199874463 -19.0122495683 1.9015090158e-18)
(53.9873994813 -19.64270446 -1.70114832485e-18)
(53.6940069446 -20.2882224224 4.48345294426e-19)
(53.3199637337 -20.9371164809 -7.64632060865e-19)
(52.8679499489 -21.5792516586 6.79679529663e-20)
(52.3286656199 -22.1956852344 -3.23576938671e-19)
(51.7032206137 -22.7888426358 -6.42226175409e-18)
(51.0115340227 -23.3462704364 1.34089185567e-18)
(50.2499921914 -23.8492470096 3.33565825215e-18)
(49.4185696943 -24.2783846577 -1.75502358297e-18)
(48.5226744883 -24.6121582649 2.85716007371e-19)
(47.5711585158 -24.8284410291 5.92875267292e-19)
(46.5765098908 -24.9073447711 4.79670665255e-18)
(45.5537514209 -24.8382767078 2.16029135084e-19)
(44.5200132628 -24.6238532716 -6.15520398538e-20)
(43.493705562 -24.2785872166 1.969676297e-18)
(42.4943714204 -23.8192188079 -1.94918649673e-18)
(41.5410695556 -23.2572349747 -5.03222020752e-18)
(40.6499738475 -22.5982465001 1.10104611121e-18)
(39.8315308142 -21.8514914623 3.5376356093e-19)
(39.0905633294 -21.0362786537 2.32245709163e-19)
(38.4304295985 -20.172391487 -1.58417694247e-18)
(37.8537954712 -19.2797262619 -1.14036590255e-18)
(37.361549301 -18.3679170307 1.50217392766e-18)
(36.9519835128 -17.4472664325 -2.95942927972e-19)
(36.623345766 -16.5257722966 -3.35171600674e-19)
(36.3722171581 -15.6105030074 7.64157783131e-20)
(36.1944243337 -14.7082110442 3.51279381887e-19)
(36.0848500723 -13.8235297145 6.18294686461e-20)
(36.0394032039 -12.9647273789 -4.94632477914e-20)
(36.0457740677 -12.1390199543 -1.60518292269e-19)
(36.1162591727 -11.3320730497 -5.76049689864e-20)
(36.2394286809 -10.5589387758 1.09184962806e-19)
(36.40893818 -9.82188666594 4.10757441168e-19)
(36.6136338644 -9.12506096751 1.44323744514e-20)
(36.8220082706 -8.4889201096 -2.20816095514e-19)
(36.9880770681 -7.94767716453 1.15628764513e-19)
(37.0698997386 -7.52340388113 -4.54800542431e-19)
(37.0507873095 -7.1966783373 -1.51137886001e-19)
(36.9710722346 -6.89202116272 8.45482597288e-19)
(36.9443427064 -6.48643259347 3.56975934666e-20)
(37.1429961093 -5.82795183896 -4.15985933189e-19)
(37.7792480904 -4.79139237852 -4.67077403702e-19)
(38.9779546064 -3.30815846855 0)
(40.8255742252 -1.38023594336 -3.36138867714e-19)
(43.2207971982 0.883026006963 -3.28680057041e-18)
(45.9407907853 3.29243823492 1.00111147781e-18)
(48.7228142277 5.67364650919 -2.04900593195e-18)
(51.3029871369 7.89085005834 4.35292138595e-18)
(53.4714872216 9.84512014448 -5.4425843444e-20)
(55.1063946616 11.4633676911 5.58377217467e-21)
(56.1777477196 12.7135413474 2.92797686036e-18)
(56.7353717319 13.5981837462 -3.51111882086e-19)
(56.8681587031 14.1432223936 -2.67887895731e-19)
(56.6850549291 14.3747678668 1.32136924855e-18)
(56.3152896793 14.3400961751 2.03240367411e-18)
(55.8577148096 14.1200839762 2.28092281158e-18)
(55.3615829946 13.7762968794 1.27954492421e-18)
(54.8676524308 13.3575283235 -1.63867520779e-18)
(54.4056077191 12.9215376489 -9.35211020836e-19)
(53.9800437853 12.5290385087 -1.63141090952e-18)
(53.5704320182 12.2295147103 1.05769248099e-18)
(53.1410112099 12.0481636093 1.5108244668e-18)
(52.6521664594 11.975469636 -3.58158266969e-18)
(52.0572974943 11.9863781229 -1.86713046941e-18)
(51.3229217509 12.027910522 8.71387318212e-19)
(50.4747239727 12.011092733 1.29617244885e-18)
(49.5980863888 11.8288870783 3.19399261435e-18)
(48.749573714 11.4461729677 -2.1512792421e-18)
(47.7724834589 10.9387909618 -1.15735206666e-19)
(46.7380727808 10.3119191073 -3.94414617869e-18)
(45.442511049 9.51868803445 1.22783006001e-19)
(46.8894004408 6.08395165179 1.39720820496e-17)
(51.2973985625 0.130853508224 -6.86744476599e-21)
(51.2811884722 0.416134521233 2.63417356168e-19)
(51.2456765335 0.752388787811 1.39627402993e-18)
(51.1947947531 1.14011622796 -2.45460060736e-18)
(51.1298882197 1.57597500671 -5.26749395716e-19)
(51.0509064557 2.05586020282 2.71891004795e-18)
(50.9578552659 2.57635171889 -3.53842080496e-21)
(50.8507792681 3.13595263737 1.12424288706e-18)
(50.7295492605 3.73636914338 6.85054576007e-19)
(50.5943037326 4.38401474118 5.3700266344e-18)
(50.4462005704 5.09100747607 -5.23261333934e-18)
(50.2881854912 5.87556831458 -3.62994928596e-18)
(50.1261393472 6.76197751169 -2.06573157207e-18)
(49.9713791812 7.78183806981 7.15801763241e-18)
(49.8412241645 8.9742837022 1.6536727507e-17)
(49.7719121784 10.386164379 -1.67525121367e-18)
(49.8030308248 12.0683086458 2.98869423173e-18)
(50.0608447657 14.0929524871 -1.12143132096e-18)
(50.5620020615 16.4684980623 1.07348747587e-17)
(51.7413959405 19.3384925599 2.00288100004e-18)
(51.297737999 0.142225260225 -3.55434660329e-19)
(51.2850688414 0.448465797429 1.87401422537e-18)
(51.2609448882 0.802799891818 1.17022624906e-18)
(51.2280544581 1.20649218512 7.85334768689e-19)
(51.1878166683 1.65693421505 -3.24231326399e-19)
(51.1416222004 2.15033406906 -1.90615577441e-18)
(51.0911768597 2.68341559532 3.49998722715e-19)
(51.0380576973 3.25479484915 -4.24896724481e-20)
(50.984075813 3.86556090553 -3.96992601691e-20)
(50.9321550165 4.52072737989 1.07168536316e-18)
(50.8867353838 5.23014086282 2.33679350493e-18)
(50.854279813 6.00882591064 2.37218999814e-18)
(50.8459918261 6.87502468281 4.05948948234e-18)
(50.8805075965 7.85114937894 -3.10357845637e-18)
(50.9810728033 8.9619040921 -2.94243772655e-19)
(51.1840159461 10.233679879 1.92089931133e-18)
(51.5383479679 11.6860735781 5.85436772927e-19)
(52.1250769058 13.3422868169 3.55348954146e-18)
(53.021596395 15.1664199328 7.08871523278e-20)
(54.426773847 17.1872565751 1.47646725123e-17)
(51.2980259701 0.148783258662 4.37701589691e-19)
(51.2885228925 0.466922123701 -1.60778857808e-18)
(51.2754267175 0.830637267743 8.60996176544e-19)
(51.2610182586 1.24099073458 -1.58731168514e-18)
(51.245836777 1.69535109974 1.72601534393e-19)
(51.2315770053 2.19044016059 8.35327797588e-19)
(51.22141041 2.7229533398 -2.38478301115e-18)
(51.2183026464 3.2911847983 6.46952822112e-19)
(51.2251713159 3.89458128768 -2.42353920711e-18)
(51.2467198305 4.53641026534 6.92755410146e-19)
(51.2903031682 5.2237308806 1.48814551489e-18)
(51.3643826805 5.96695388062 -1.65072486109e-18)
(51.4811595121 6.77905125484 -2.06745347179e-19)
(51.6594297833 7.6736520187 3.84569058865e-18)
(51.9231284969 8.66283866471 -3.31715843302e-18)
(52.3051922889 9.75757540646 2.8158939691e-18)
(52.8474059979 10.9602504543 -9.45609133279e-18)
(53.6096465292 12.264320595 3.84005284355e-18)
(54.6467916226 13.6374860778 -1.18837269696e-18)
(56.103507965 15.0220748791 -1.09208297323e-17)
(51.2988610617 0.151292712219 7.26079606803e-19)
(51.2945412956 0.474597716396 -1.22979280113e-18)
(51.2929985392 0.841520487882 -1.70779914675e-18)
(51.2946289303 1.25161974776 -2.16646404321e-18)
(51.3009982025 1.70243552888 4.446037435e-19)
(51.3154824375 2.19084008345 1.46394522064e-18)
(51.3420725291 2.71324924558 -1.5829321056e-18)
(51.3834559305 3.26645780324 -1.08532360454e-18)
(51.4429652702 3.849236281 -5.78587705568e-19)
(51.5269818104 4.46315528369 1.10931558186e-18)
(51.6429010967 5.1124157755 -5.29582038292e-19)
(51.7998785512 5.80291765283 8.39920901836e-19)
(52.0103029588 6.54273269081 7.07447639401e-19)
(52.2908947268 7.33907453298 -1.44947128206e-18)
(52.6626611491 8.19682752024 -2.68445291014e-18)
(53.1522668315 9.11677088643 -7.30980236287e-18)
(53.7908073249 10.0918311418 -3.58370384356e-18)
(54.6193953576 11.1036351348 1.04484146017e-17)
(55.6674482226 12.117895621 -5.80318671414e-18)
(57.0125834102 13.0682517418 5.90307204731e-18)
(51.299914235 0.151377707234 -4.29810226482e-19)
(51.3015112269 0.474024838674 1.14089828576e-18)
(51.3086682635 0.836820760814 -9.36759677961e-19)
(51.3236270688 1.23920739045 6.73523392281e-20)
(51.3493015562 1.67922903348 1.56807509502e-18)
(51.3889965826 2.15316264547 -2.02285378168e-18)
(51.4461425697 2.65671794342 1.97609726535e-18)
(51.5243543761 3.18554998105 -4.26520843665e-19)
(51.6279193348 3.73795808217 4.32386409777e-18)
(51.762438588 4.31371964724 1.4301305407e-18)
(51.9348472682 4.91448086739 6.652856921e-19)
(52.1538766467 5.54344921556 2.42148800525e-18)
(52.430644669 6.20448974833 -1.55561672257e-18)
(52.7791005759 6.90036047134 -1.6694264951e-18)
(53.2159777093 7.63105828397 2.52541072399e-18)
(53.7611717459 8.39208672097 -1.9951536011e-18)
(54.4361594632 9.17215273818 6.10585008553e-18)
(55.266497365 9.95052063146 -5.71226269473e-18)
(56.2673890655 10.6959925308 -6.27222640674e-18)
(57.4806055857 11.354735278 1.25385539675e-17)
(51.3008053057 0.149522997222 -4.29299804436e-19)
(51.3060563059 0.465857228217 -4.12378319835e-19)
(51.3209677017 0.818574640063 7.00626005441e-19)
(51.3482277217 1.2076870207 2.30265396804e-18)
(51.3905825071 1.63068053933 9.0455454452e-20)
(51.4512073856 2.08340820157 -2.92627778483e-19)
(51.5336566239 2.56116769517 2.83983002583e-18)
(51.6417155996 3.05952487752 -5.00542282003e-19)
(51.7795858913 3.57529175191 1.36732539922e-19)
(51.9523142002 4.10680838321 -4.51251926588e-20)
(52.1660925439 4.6540133012 -3.6575343098e-19)
(52.4284814239 5.21793711852 -2.41210583927e-18)
(52.7486483663 5.79970700222 -1.15274264846e-18)
(53.1375346885 6.39921706443 1.40277541677e-18)
(53.6076936937 7.01375203126 1.63919423944e-18)
(54.1731581383 7.63663066081 -1.14054111757e-18)
(54.8479866797 8.25576164257 -1.86577853178e-18)
(55.6473125297 8.85201939117 3.88252173294e-18)
(56.5779252711 9.40008745964 1.03125028124e-17)
(57.6610250847 9.85811919026 -6.93255692757e-18)
(51.3012815602 0.145057891963 7.89020633294e-19)
(51.3094387035 0.450571356963 1.48903013075e-22)
(51.3312218837 0.788975719143 1.73293825388e-18)
(51.3688244869 1.16011541613 1.64512289679e-18)
(51.4247694461 1.56119649897 -1.68712440083e-18)
(51.5022392454 1.98794901075 1.73926198213e-18)
(51.6047437526 2.43542335785 7.99255832228e-19)
(51.7358640291 2.89876172757 -1.12028396076e-18)
(51.8993982691 3.37395795228 -4.76459500575e-20)
(52.0997019789 3.85833980909 7.175473343e-19)
(52.341943675 4.350560034 -1.17339183171e-18)
(52.6322467047 4.85009679452 -1.13009892332e-18)
(52.9777708298 5.35638231378 -1.07027339199e-18)
(53.3867043431 5.86772618687 1.36471676674e-18)
(53.868006132 6.38021804105 -1.14512037602e-18)
(54.4310866801 6.88670326275 1.07744786103e-18)
(55.0846226751 7.37593902824 -4.12339212832e-18)
(55.8369879927 7.83156795939 -1.98771559091e-18)
(56.6899642172 8.23366717539 5.00941471098e-18)
(57.6532450504 8.54987489845 -1.02296396185e-18)
(51.3016452287 0.138579489563 6.7471492213e-19)
(51.3121518498 0.429569024653 -2.83276113947e-19)
(51.3395070753 0.749986660462 8.47478361793e-20)
(51.3854349576 1.09945863843 -1.55977830115e-19)
(51.4521569624 1.4751052047 -8.12607829275e-19)
(51.5427197233 1.87256852351 2.83624505865e-19)
(51.6604430711 2.28673506658 -8.47627403798e-19)
(51.808555588 2.71246666437 9.30242137244e-20)
(51.9903067521 3.1452897952 1.85741994301e-18)
(52.2092649783 3.58186443572 -1.53443431682e-18)
(52.4695254219 4.0200030615 -1.39368025962e-18)
(52.775790031 4.45823323837 -3.74133230285e-18)
(53.1333622164 4.895042463 7.51555683982e-21)
(53.5480561313 5.32798986415 1.56382694129e-18)
(54.0259205706 5.75284836172 -9.84166123995e-19)
(54.5728986784 6.16286024371 -1.13724108698e-18)
(55.1938777729 6.54825215441 1.05283375486e-18)
(55.8929159734 6.89556004425 4.64675245226e-18)
(56.6687538274 7.18938862324 -4.31852153496e-19)
(57.5248464581 7.40479391462 -2.70079532643e-18)
(51.3019316787 0.13054288652 -8.40607796849e-19)
(51.3142823182 0.403979428773 -1.20050537668e-19)
(51.3459949022 0.703527036331 -1.40364132346e-18)
(51.3983827313 1.02860547118 -2.52082806496e-19)
(51.4733222118 1.37630136245 -6.68099461441e-19)
(51.5736341475 1.74225055786 5.88484692777e-19)
(51.7023687813 2.12131796652 -1.16274161995e-18)
(51.8623365508 2.50827137832 -1.09242459158e-18)
(52.0561880988 2.89842152299 -2.62794291066e-19)
(52.2866942198 3.28807122073 -8.41820178046e-19)
(52.5569223361 3.67456009278 -9.09960965371e-19)
(52.8702757349 4.05589455242 1.29426087583e-18)
(53.2304497811 4.43010685344 1.93124877354e-18)
(53.641318475 4.79452650066 7.85705046943e-20)
(54.1066814886 5.14510973841 1.63112271904e-18)
(54.6299577259 5.475895015 1.14791536342e-20)
(55.2134479521 5.77871295275 -9.24228970053e-20)
(55.8585130402 6.04275362902 -2.88231656017e-18)
(56.5622783627 6.25618669918 6.35472750592e-19)
(57.3250965572 6.39992294124 3.05277019339e-18)
(51.3021496657 0.121298986854 -6.88616552417e-19)
(51.3159048382 0.374838588492 9.42530884942e-19)
(51.3509137146 0.651355921169 7.7626691674e-19)
(51.4081273402 0.950098108302 -1.82580345402e-18)
(51.4890693725 1.26817192509 6.9682480269e-19)
(51.5962947615 1.60131135643 4.17487567209e-19)
(51.7325552138 1.9444851675 -1.54116407432e-18)
(51.9002183284 2.29252598797 -7.68977930986e-19)
(52.1013404135 2.64073091419 1.05259095349e-18)
(52.3379426827 2.98528851376 3.45685826952e-19)
(52.6121682728 3.3233423987 9.82757114325e-19)
(52.9262999064 3.65268534056 -1.12866747868e-18)
(53.2827050653 3.97122034787 8.27139631316e-19)
(53.6837272189 4.27635967771 1.06024489461e-18)
(54.1314746643 4.56449107077 -1.2507274037e-18)
(54.6275594519 4.8305718843 2.95543472855e-18)
(55.1725619332 5.06794577412 -3.88584623385e-18)
(55.7660966115 5.26806394419 3.71014086808e-19)
(56.4046667565 5.42178964731 1.00109149928e-17)
(57.0862470383 5.51443088013 -1.14020147746e-17)
(51.3023096578 0.111153034871 2.43716533815e-20)
(51.3170975117 0.343060272653 1.6374546341e-18)
(51.3545070566 0.595001952599 -4.42789782645e-19)
(51.4151677954 0.866107045427 6.2918859311e-19)
(51.5002824038 1.15356203714 1.77483415736e-18)
(51.6121284089 1.4532911356 -4.33394818032e-19)
(51.7531362034 1.76047564628 -7.89768757999e-19)
(51.9252504216 2.07014909485 1.89583600621e-18)
(52.1299818212 2.37775929354 8.3413824029e-20)
(52.3686824812 2.67956722215 -3.08861488695e-19)
(52.642697665 2.97272196342 4.75736613769e-19)
(52.9533767716 3.25500972683 1.21157607344e-18)
(53.3020219185 3.52440133628 6.26984434632e-19)
(53.6897966348 3.77855343543 -3.35399398927e-18)
(54.1175626072 4.01437710749 1.34948342874e-18)
(54.5856623139 4.22772824155 -8.41310482163e-19)
(55.0935523802 4.41328455444 6.59754845294e-19)
(55.6397057673 4.5643874542 4.61063852663e-18)
(56.2204654568 4.67404515835 -2.36784345186e-18)
(56.8315885712 4.73111811528 -3.49178500638e-18)
(51.3024221223 0.100341580596 6.20546981269e-19)
(51.3179385689 0.309371904569 1.93039811067e-19)
(51.3570199496 0.535694830981 -4.06266766986e-19)
(51.4200196989 0.778371759609 1.27245933413e-18)
(51.5078499458 1.03473036607 -8.35452170398e-19)
(51.6225197479 1.30095241657 -1.0183897236e-18)
(51.7661521968 1.57253232744 1.66677284597e-18)
(51.9403043378 1.84482021396 5.45216324454e-19)
(52.1460037366 2.11353944727 -7.23987108489e-19)
(52.3840261986 2.3751568146 1.38188382838e-18)
(52.6550496629 2.62696346665 -3.16225570115e-20)
(52.9596669506 2.86686874562 -2.5171222459e-19)
(53.2983449412 3.09302033364 -2.10335879411e-18)
(53.6713547254 3.30338760919 -2.68444494798e-19)
(54.0786552013 3.4954111007 -4.78249275855e-19)
(54.5197133702 3.66575412131 -2.15101567099e-18)
(54.9933071011 3.81022139372 5.3113985459e-19)
(55.4972195944 3.92362632315 1.53707770084e-18)
(56.0281429328 4.00068973583 -2.80014531135e-19)
(56.5799075687 4.03278142309 3.58318091317e-20)
(51.30249746 0.0890736457026 2.42294224933e-19)
(51.3185025518 0.274385569265 -3.11098241083e-19)
(51.3586827274 0.474436764209 -4.58658973381e-19)
(51.4231601212 0.688274719357 -1.0158239654e-18)
(51.5125942425 0.913423726833 -3.58457269044e-19)
(51.628747545 1.14638675758 6.93718093689e-19)
(51.7734620465 1.38304848517 1.29521636592e-18)
(51.9479529336 1.6191631307 -1.13356342775e-18)
(52.1528341634 1.85082397579 8.59758403157e-19)
(52.3883992664 2.07480025632 -7.38962585872e-22)
(52.6547799903 2.28861824418 -9.28628132618e-19)
(52.9519663063 2.49039032769 -2.52257895348e-18)
(53.2797795475 2.67849722128 -8.05969784112e-19)
(53.6378287448 2.85124008205 1.66450106025e-18)
(54.0254282088 3.00655037703 2.06967313489e-18)
(54.4414550841 3.14178227946 2.78715462192e-18)
(54.8841948909 3.25365365621 7.79623645489e-20)
(55.351090907 3.33808636748 -1.60594100066e-18)
(55.838696865 3.39110445875 1.06347110031e-18)
(56.3404310749 3.40583281804 -2.15392285297e-18)
(51.3025444557 0.077502252381 -3.73847368303e-19)
(51.3188554788 0.238556245736 -8.16353115677e-19)
(51.3597033966 0.411971306282 -1.05193685545e-19)
(51.4250221188 0.596830371556 8.11431408899e-19)
(51.5152559072 0.790905679389 2.15066606071e-19)
(51.631947573 0.991076524588 2.12290617529e-19)
(51.776691767 1.19367815292 -1.30993781608e-18)
(51.9504129911 1.3949313614 -4.00984307526e-19)
(52.1533829868 1.5913642326 2.16439472342e-19)
(52.3855038078 1.78010835045 -4.27052433641e-19)
(52.646471637 1.9589757871 -6.82925060779e-19)
(52.9358075024 2.12632133622 -5.15069932778e-19)
(53.2528453765 2.28077583792 2.5301340804e-18)
(53.5967050147 2.42096247047 7.83110197445e-19)
(53.9662334419 2.5452503588 -1.43496557519e-18)
(54.3598879309 2.65157068985 1.88446544037e-18)
(54.7756184099 2.73737669887 1.25867606789e-18)
(55.2106911799 2.79949242991 -5.43015329388e-19)
(55.6617177465 2.83491435958 -1.5856245796e-18)
(56.1226167305 2.83819056093 -5.88713231062e-18)
(51.3025706865 0.0657409887724 -1.97202369937e-19)
(51.319053755 0.202222985302 -4.1059230013e-19)
(51.3602588241 0.348848838404 1.11007095668e-18)
(51.4259766768 0.504770855914 -4.69001725145e-19)
(51.5164755122 0.668046517473 -9.26406242863e-19)
(51.6331049391 0.835978583689 -9.13252354145e-19)
(51.777240689 1.00541305152 2.79888618184e-19)
(51.9495625905 1.17309810832 1.39210457859e-18)
(52.1500657589 1.33605889665 -1.08031150632e-18)
(52.3783386775 1.49184455803 -5.25486734058e-19)
(52.633738151 1.63858964806 -3.33380137643e-19)
(52.9154293438 1.77490599404 -1.16365604215e-18)
(53.2223890769 1.89965824416 1.10804461785e-22)
(53.5533881913 2.01174222291 1.17153386751e-18)
(53.9069284508 2.10989231483 3.65369422961e-19)
(54.2811701093 2.19251818088 -4.36195466634e-19)
(54.673823857 2.25768339475 1.57123764537e-18)
(55.082110594 2.30295711085 -1.77188727939e-19)
(55.502406372 2.32611622602 -2.29497710045e-18)
(55.9299995359 2.32282335243 2.13235110176e-21)
(51.3025841513 0.0538704304178 4.3239814815e-19)
(51.3191520056 0.165617882795 4.63554935154e-19)
(51.3605012453 0.285446459664 -3.93352281353e-19)
(51.4263168276 0.412621208964 -5.77020673236e-19)
(51.5167363685 0.545497782523 1.84965503977e-19)
(51.6329636912 0.681799909308 2.9832812855e-19)
(51.7762024972 0.818879070319 4.75987210091e-19)
(51.9469396353 0.954040981017 -1.50666506515e-19)
(52.1449579162 1.0848235313 -1.11405912093e-18)
(52.3695923203 1.20922235955 -1.21365238149e-19)
(52.6199191352 1.32572959122 1.15106228586e-18)
(52.8948165467 1.43324933956 8.51127728526e-19)
(53.1929851582 1.53091181115 -7.91628773775e-19)
(53.5129453276 1.61787221466 -1.01032211245e-19)
(53.8529660785 1.69316593189 1.68717181405e-18)
(54.2110178714 1.75561216885 3.5723875253e-19)
(54.5846759317 1.80378496632 -1.93469087782e-18)
(54.9711712078 1.83592743907 5.25759935603e-19)
(55.3668519648 1.85038454796 6.56482615139e-19)
(55.7680229807 1.84409676591 -1.91755643085e-18)
(51.3025898393 0.0419610477068 -2.76581858679e-20)
(51.3191983806 0.12888887508 2.8261872289e-19)
(51.3606130327 0.221887080038 -4.36371000017e-19)
(51.4264061283 0.320464840173 1.15930693737e-19)
(51.5165617801 0.42338876275 -3.4405504583e-19)
(51.6321378006 0.528886917374 3.40632815725e-19)
(51.7742270732 0.634907619705 1.93852508138e-19)
(51.9431978604 0.739337506276 -7.82276128488e-19)
(52.1386886747 0.840203813179 -1.52744087806e-18)
(52.3598816837 0.935833190214 1.18271878484e-18)
(52.6056742198 1.02497178771 1.9254091622e-18)
(52.8747539579 1.10677052844 2.11046301043e-19)
(53.16560884 1.18060842112 4.95972327896e-19)
(53.4765429242 1.24588532991 4.55101428141e-19)
(53.8056589261 1.30190316397 6.02388828996e-19)
(54.1508189887 1.34781483646 -5.05089617043e-20)
(54.5095694836 1.38261961703 -2.38923407236e-18)
(54.8790828008 1.40505303207 7.45255427383e-20)
(55.2559516162 1.41415235967 2.00474754313e-18)
(55.6356965213 1.40719351316 -1.493280429e-18)
(51.3025489705 0.0301313368316 -1.95850404038e-19)
(51.3190106985 0.0923873063413 -1.65159152521e-19)
(51.3603956971 0.158591160668 -4.02367130878e-19)
(51.4262806648 0.228367705827 -4.2115534473e-19)
(51.5164791234 0.300837749856 1.81968037291e-19)
(51.63192131 0.374734295248 -1.63882249818e-20)
(51.7735804836 0.448581899543 -2.62386099215e-19)
(51.9416310871 0.520841980123 1.3699288125e-19)
(52.1354577842 0.590783213749 5.53274182422e-19)
(52.3540523767 0.657113246116 1.46062419634e-18)
(52.5962763273 0.718802411063 5.19943676936e-19)
(52.8607928117 0.775209971319 -7.66675992822e-19)
(53.1459847038 0.825890032947 4.25122074412e-19)
(53.4500166285 0.870430628328 9.99624493171e-21)
(53.7708733888 0.908367803874 -1.69009660782e-18)
(54.1063617522 0.939142717399 4.42128858291e-19)
(54.4539623215 0.962058036825 5.4772594587e-21)
(54.8111184221 0.976279842553 6.22017438436e-19)
(55.1737758592 0.980845370489 5.14113182505e-21)
(55.5387543175 0.974852231118 -1.2996075434e-18)
(51.3024458153 0.0182330921368 -1.10169442649e-20)
(51.3184407752 0.0562280466349 -2.0145915691e-19)
(51.3591300093 0.0972619957642 5.19035368533e-20)
(51.4241900522 0.140832883466 -1.0859741621e-19)
(51.5134281719 0.186199666467 3.12727605844e-19)
(51.6276865223 0.232547659722 1.65596347022e-19)
(51.7678267735 0.278946851432 1.58401310872e-19)
(51.9347888124 0.324446901263 7.33787673784e-22)
(52.1278616802 0.36758867567 7.84324286949e-19)
(52.3450331534 0.407969723705 -6.99499489969e-20)
(52.5851230395 0.445388204818 -1.68559443228e-18)
(52.8468233707 0.479519702487 -9.76060769139e-19)
(53.1284565563 0.510035171393 2.37039481866e-18)
(53.4281182745 0.536657020476 3.74729455733e-19)
(53.7437488729 0.559107817105 -1.58865855553e-18)
(54.0730788411 0.577060676079 0)
(54.4136206129 0.590091951577 -2.36863744613e-20)
(54.7623462788 0.597748262845 0)
(55.1166746748 0.599374428449 -6.11472028239e-19)
(55.4721775076 0.594933342832 1.53942203883e-18)
(51.3028306208 0.00411849793335 0)
(51.32041939 0.0129744726881 -4.66306405301e-20)
(51.3628921413 0.0231171170345 -2.25816887786e-19)
(51.4293112884 0.0343551326603 5.44550862215e-19)
(51.5195829136 0.0464426297383 4.13010972744e-19)
(51.6347107753 0.0591683965991 -6.55730545195e-19)
(51.7756380726 0.072314015288 -1.50547843893e-20)
(51.9417498503 0.0857068388083 0)
(52.1326176407 0.0982768499189 -4.58031821327e-20)
(52.3481721412 0.110060067835 -2.93989743299e-20)
(52.5868665683 0.121185579147 2.57360153085e-20)
(52.8468154731 0.131586804578 -4.38725075893e-19)
(53.1261988734 0.141144063254 -5.48478657964e-19)
(53.423133974 0.149760857665 1.54749337742e-18)
(53.7355619429 0.157351678848 6.4690815408e-19)
(54.0612059117 0.163816672211 -1.18458995356e-18)
(54.3975672954 0.169045618122 0)
(54.7418505441 0.172892483543 0)
(55.091165531 0.175382697215 1.87706366914e-18)
(55.4405579756 0.176064778263 -4.75402500808e-18)
(53.1041741227 21.2624212753 1.47169611441e-19)
(54.388319714 22.5818382094 -4.46960364496e-17)
(56.0396762319 23.965566611 1.3478014385e-17)
(58.1021950432 25.2187123669 2.97915808167e-17)
(60.4548782877 26.1047295018 -3.14104438733e-17)
(62.9682271609 26.5537014233 1.85137509697e-18)
(65.6452333692 26.5887342087 -6.22575779299e-17)
(68.3921948825 26.1978716659 -8.44960222172e-18)
(71.0492724547 25.4624972415 4.83472941903e-17)
(73.4924614432 24.4471691618 -2.33752125918e-17)
(75.4620925091 23.1939854458 9.05059549463e-18)
(76.8654014677 21.7107201957 2.94654033212e-17)
(77.867673195 19.9510017023 3.49307795527e-18)
(77.7162839145 18.0809858454 6.520494427e-18)
(77.0479181405 16.1955685542 -3.41252390144e-17)
(75.8800330126 14.5296057679 -2.92113648806e-18)
(74.2847342747 13.0792935216 -1.88835893271e-18)
(72.3714328658 11.9254715323 -2.31883881102e-17)
(70.2357492306 11.1074682279 -1.08469363258e-17)
(67.8359998078 10.7761630897 3.30451026938e-17)
(55.8412361513 18.6603993385 -4.41771528372e-17)
(57.0626203673 19.5527497183 -1.89591156238e-17)
(58.4608923013 20.3303407255 1.75127199391e-18)
(60.0114093381 20.9506839247 -4.22462402805e-17)
(61.696385594 21.3518583238 2.19286135181e-17)
(63.4737251064 21.4873756986 2.12229591322e-17)
(65.2887539464 21.350721658 3.29519601458e-17)
(67.1204139874 20.96103737 1.80446356823e-17)
(68.9160339746 20.3501381013 -3.06900433908e-17)
(70.6603899341 19.5555126862 -8.56270256438e-18)
(72.2587245145 18.6185740298 7.76915178435e-18)
(73.7471854437 17.5577222936 -2.73855253459e-18)
(74.8986576199 16.4043547818 -3.1992948248e-18)
(75.7661169865 15.2153771546 8.11408973099e-19)
(76.3973349318 14.017140866 -2.99226157107e-18)
(76.81551823 12.8289898884 1.33046309265e-17)
(77.105765638 11.7206824 3.91110088875e-18)
(77.3861653544 10.74972851 -8.77229554753e-18)
(77.7161167168 9.96056853597 7.72020642554e-18)
(78.2544309032 9.3602817043 7.58375859838e-18)
(57.4442415588 16.0053928862 6.62850625109e-18)
(58.4946643962 16.5779207262 -3.41925798175e-20)
(59.6309731713 17.0508949086 -7.6738520093e-18)
(60.8548104934 17.4024085234 -2.27820046135e-17)
(62.1619824557 17.6159057437 1.55169399328e-17)
(63.5241927656 17.6741266112 3.13657313984e-17)
(64.9033575284 17.560614702 -1.69734692417e-17)
(66.2621549389 17.2674834336 -7.59608035238e-18)
(67.5649771889 16.7980033573 0)
(68.789611686 16.1708251293 -9.09536071119e-19)
(69.9202966637 15.4159979249 -1.01370278541e-17)
(70.9696059893 14.5756730265 3.92764618654e-18)
(71.9350734591 13.6973213629 4.05171401187e-18)
(72.8294704854 12.8074602847 2.27852051683e-17)
(73.6617997384 11.91820185 -2.04562843272e-18)
(74.4216027996 11.0363252362 -2.71854592059e-17)
(75.120517428 10.1694118176 8.29718083307e-19)
(75.7636315211 9.31972012222 -2.55418780434e-19)
(76.3858537532 8.48257805028 -4.27489223967e-18)
(77.0018694491 7.64171368452 7.52867741667e-18)
(58.1878832375 13.7016828063 -2.64877591427e-17)
(59.0754794469 14.0470861545 -2.20419420826e-17)
(60.0195534082 14.320915523 5.75585528706e-18)
(61.0171317194 14.5120915315 6.0420998026e-18)
(62.0614954415 14.6070002242 2.38726183396e-17)
(63.1365559431 14.5961526164 6.85505341891e-18)
(64.2221186825 14.4732896575 6.14321278952e-19)
(65.2982715681 14.2363617503 -4.04368654636e-19)
(66.3472413071 13.8885379441 -1.13681225416e-17)
(67.3532367208 13.4387516017 1.96745006226e-17)
(68.3049060032 12.899932913 -1.3625388186e-17)
(69.1945026861 12.2880159625 -1.00612667116e-17)
(70.0206681511 11.618648211 6.08949985974e-18)
(70.7859232658 10.9029132515 -1.05668249934e-17)
(71.4959823979 10.14986957 1.92171362237e-17)
(72.1587653893 9.36720561475 1.89932533871e-17)
(72.7840934264 8.56131975437 -4.6596921122e-19)
(73.3831587946 7.73564366346 -1.117369789e-17)
(73.9728083402 6.88876854888 -3.24276403042e-18)
(74.5570843499 6.01704717036 2.19411622873e-18)
(58.504936095 11.7752409061 -5.37125720179e-19)
(59.2578134017 11.9902229281 -8.80432739043e-18)
(60.0417630992 12.1475800592 -8.64812903283e-18)
(60.856209868 12.241546398 8.90316120638e-18)
(61.701592867 12.2648557568 9.22006152295e-18)
(62.5668240046 12.2118802055 -4.21386589319e-18)
(63.4394768177 12.07972421 8.43751424816e-18)
(64.3087211272 11.8680459155 8.42313808472e-18)
(65.1645481133 11.5785728698 -5.87900346129e-18)
(65.9970254205 11.2147548352 1.22106286474e-18)
(66.7972639123 10.7814606537 4.28528424092e-18)
(67.558126585 10.2845489153 -1.64731486887e-17)
(68.2756654029 9.73043566114 -1.11107570594e-17)
(68.9492545039 9.12577483113 6.89274688103e-18)
(69.5809685348 8.47684514179 5.4274189472e-18)
(70.1745625822 7.78887811113 3.76621737935e-18)
(70.7350041821 7.06589345611 7.79014509088e-18)
(71.2675227446 6.3098402924 -2.40273282111e-18)
(71.7792655662 5.51967705191 -8.6725448141e-18)
(72.2625918332 4.69406363206 6.75586245673e-18)
(58.5527954297 10.1353992685 -1.91971221987e-17)
(59.1931810612 10.264867868 -6.75940131624e-18)
(59.8544839423 10.346824706 4.04206945882e-18)
(60.5368743433 10.380022251 1.06084720798e-17)
(61.2360751892 10.3599106416 1.11764457256e-17)
(61.945941624 10.2824678261 -2.44928189052e-19)
(62.6598022472 10.1455442346 1.00516104528e-17)
(63.3709729471 9.94849395114 7.66183160299e-18)
(64.0728874059 9.69178516176 -2.20984238314e-17)
(64.7593851204 9.3769348975 -3.6863614216e-18)
(65.4251421943 9.00652863158 1.6812185035e-17)
(66.066002699 8.58399378186 -9.62886158013e-18)
(66.6790498648 8.11311828654 -3.28016514659e-18)
(67.2624709718 7.59756910552 -4.00241306815e-18)
(67.8153522789 7.04042265199 2.54404125446e-18)
(68.3373475585 6.44394965419 -2.32103466747e-18)
(68.8287553111 5.8096056152 2.23260813827e-18)
(69.2894954789 5.13784149959 6.61370043467e-18)
(69.7217497193 4.42790417858 8.0795527416e-18)
(70.1126562261 3.68147543094 -7.05032083504e-18)
(58.4326189223 8.72906654072 3.25799177194e-18)
(58.9826053383 8.80190520277 -2.91818401903e-18)
(59.5453105857 8.83716057144 2.72086040138e-18)
(60.1233043061 8.83264177457 3.22204740714e-18)
(60.7113616057 8.78578883417 -9.05895338821e-18)
(61.3049896908 8.6943663285 8.36442480744e-18)
(61.9002003637 8.55690492206 3.91414842337e-19)
(62.4926617649 8.37267254012 -1.95913465712e-17)
(63.0778444186 8.14164714819 8.75973411402e-19)
(63.6514668115 7.86447306622 4.23262427649e-18)
(64.2097212006 7.5423656757 -9.30079703382e-18)
(64.7493450912 7.17694791486 -2.87300542633e-20)
(65.2675927434 6.76998887265 9.30576778607e-18)
(65.7622007494 6.32321937868 -7.52550309847e-18)
(66.2313935617 5.83820629688 -3.47188642051e-18)
(66.6737021776 5.31628632531 3.90076974483e-18)
(67.0880961052 4.75856874977 -1.49651818006e-18)
(67.4730404475 4.16587060521 2.79219671129e-18)
(67.8292031349 3.53867761803 -6.2819632604e-21)
(68.1434871786 2.88061367081 1.74332958699e-17)
(58.2070506926 7.51649309744 -2.22814653446e-18)
(58.6841475115 7.55106511135 -9.60429768472e-21)
(59.169581447 7.55574796499 2.29412624911e-20)
(59.6640909223 7.52816429914 2.87468899464e-18)
(60.1642019164 7.46632496822 7.73326606138e-18)
(60.6671979208 7.36886334384 -2.57745268451e-18)
(61.1702905325 7.23476628354 -7.09923094068e-18)
(61.670212097 7.06332881703 -1.67644188105e-19)
(62.1635637003 6.85426278903 -7.94092340263e-19)
(62.6471331248 6.60771265177 0)
(63.1179544443 6.32415727862 2.51379014568e-18)
(63.5733044215 6.00432434878 -3.23653894079e-18)
(64.0107294665 5.64912801549 2.87293581715e-18)
(64.4280434643 5.25959887794 3.41890924985e-18)
(64.8233288861 4.8368119637 -7.49647977336e-18)
(65.1947899358 4.38186098662 -1.57205049009e-18)
(65.5409064929 3.89583567332 -3.09054417048e-18)
(65.8595685846 3.37975863706 -1.76904486222e-18)
(66.1506104526 2.83456773238 -3.68196900099e-18)
(66.4016861505 2.26434736566 -1.62372551891e-18)
(57.9247114741 6.46512870008 -3.35577602796e-20)
(58.3412925364 6.47516372426 -4.35058957374e-18)
(58.7636737857 6.46013724107 -6.45627873545e-18)
(59.1902918051 6.41855050108 4.2864468527e-18)
(59.6196274926 6.34907303067 1.07764017296e-17)
(60.0501548933 6.25069917286 -2.03880414094e-18)
(60.4796022239 6.12258656382 -4.20143869121e-18)
(60.9053098996 5.96411846639 1.97145966759e-18)
(61.3246398217 5.77498435637 1.20223171609e-20)
(61.7351108621 5.55515537785 -6.12895073478e-18)
(62.1343729146 5.30482381036 -5.15750236355e-19)
(62.5201680578 5.02436778422 8.09833372619e-18)
(62.8903511068 4.71434494733 1.47788908764e-18)
(63.2429009163 4.37544824314 8.45133199501e-19)
(63.5759209512 4.008453484 -3.11571382785e-18)
(63.8875368906 3.6142438755 -6.71003329535e-18)
(64.1760864396 3.19379619886 5.60909037292e-18)
(64.4393780633 2.7481614409 6.15517364989e-18)
(64.6770170738 2.27847299721 -3.3582049653e-18)
(64.8782094078 1.78878928925 -4.22086711949e-18)
(57.6173641513 5.54710768678 -1.48226585083e-18)
(57.983634204 5.54139235757 3.61846885553e-18)
(58.3529562678 5.5144161578 3.61281701187e-18)
(58.7242260762 5.46535164699 -1.16837028029e-19)
(59.0964109839 5.39345854446 1.51529124881e-19)
(59.4683524225 5.29795097378 1.0880565257e-19)
(59.8381798197 5.17808776416 -2.21388490003e-18)
(60.2037545287 5.03333190865 -1.05008048947e-19)
(60.5629856077 4.86341515385 -4.76660350832e-19)
(60.9138806114 4.66826518533 3.18077105121e-18)
(61.2545117283 4.44795181068 -5.36301249385e-18)
(61.5829758706 4.20269423296 -3.22659223432e-18)
(61.8973998886 3.93287477883 3.39029004753e-18)
(62.1959733827 3.63900708972 1.65946958981e-18)
(62.4769536202 3.32171449431 2.67189685362e-18)
(62.7385937426 2.98177631596 -1.90794566692e-18)
(62.9793365557 2.62010250582 -3.21855691445e-18)
(63.1971596773 2.23773153037 2.3099811679e-18)
(63.3916552272 1.83585126582 -4.16342867595e-18)
(63.5535543421 1.41820688002 6.72673191675e-18)
(57.3056598848 4.74236209291 -1.96014531961e-22)
(57.6307248865 4.72648871791 0)
(57.955801916 4.69290079388 2.93651458216e-20)
(58.2812903127 4.64101581968 -1.56637906721e-18)
(58.6067449124 4.5703252385 1.57364890832e-18)
(58.9309954508 4.48020370925 4.96531845678e-18)
(59.2523345872 4.37006636399 -1.50598746646e-18)
(59.5690014974 4.23949541086 1.52508610739e-18)
(59.8793023557 4.08826117342 3.08336843247e-18)
(60.1815952044 3.91627455765 -4.22774306345e-18)
(60.4742584579 3.72355340741 -2.79316715416e-18)
(60.755668743 3.51025304302 -1.87801108322e-18)
(61.0242180526 3.27668215397 -4.84702770392e-19)
(61.2783408602 3.02326002851 8.46127584873e-18)
(61.5164991633 2.75052100074 -4.01929608823e-18)
(61.7371522202 2.45917309032 -5.71250575275e-18)
(61.9389276645 2.15006419954 1.70936502385e-18)
(62.1200428821 1.82416616815 1.4497828926e-18)
(62.2801331151 1.48259615759 8.30524044948e-19)
(62.4114054692 1.12866395886 -1.85034443415e-19)
(57.0047470396 4.03021906626 4.96860201175e-21)
(57.294360049 4.00841704291 -1.39051906097e-18)
(57.5829475812 3.97200301569 5.27229584492e-20)
(57.8712138132 3.92060295553 2.71770500965e-18)
(58.1585495312 3.85373600296 -9.91154482633e-20)
(58.4438392607 3.77085003384 -2.63699888817e-18)
(58.7256564897 3.67150489156 1.56401990185e-18)
(59.0025269896 3.55540642585 1.21819440764e-18)
(59.2730238226 3.42237383799 -1.04036508573e-18)
(59.5357646347 3.27231277331 2.63968159527e-18)
(59.7893700147 3.10522357599 1.33295042256e-18)
(60.0324504985 2.92123519354 -1.21490493e-20)
(60.2636322747 2.72060430786 -1.39539353106e-18)
(60.4815664211 2.50369436733 2.13821990263e-18)
(60.6849076517 2.27098842233 5.62849267009e-19)
(60.8723171054 2.02311610482 -4.3559052613e-18)
(61.0425882711 1.76084752007 -2.14295167443e-18)
(61.194181935 1.48508244481 2.1396568888e-19)
(61.3267917637 1.19682868567 3.14657899984e-18)
(61.4339026452 0.89890512283 -4.24766088598e-19)
(56.7243988905 3.3948687237 1.31568774056e-19)
(56.9850571056 3.37086229525 -1.30942236857e-18)
(57.2440631671 3.3348545602 1.14976288305e-18)
(57.5019210119 3.28648069161 3.95195805655e-18)
(57.758019031 3.22536149798 -1.41664619373e-18)
(58.0114437347 3.15108626606 -1.03152508425e-18)
(58.2609969777 3.06332382256 1.05609594993e-18)
(58.5054147134 2.961852131 5.47828776305e-21)
(58.7434959997 2.84653586673 -3.89415215391e-19)
(58.9740695268 2.71729431546 -8.3561177374e-19)
(59.1959469614 2.57413664478 -1.15760768908e-18)
(59.4079263329 2.41718826174 2.1426330042e-18)
(59.6088178502 2.24667076358 -1.42683711292e-19)
(59.7974341957 2.06291298722 1.54672078925e-18)
(59.9726035233 1.8663681837 6.34765914236e-19)
(60.1331731362 1.65759307955 2.44798264757e-18)
(60.2780808561 1.4372586564 -1.47640258925e-18)
(60.4060241588 1.20615251053 -4.39193287229e-18)
(60.516766491 0.965138435279 4.41064746811e-18)
(60.6049213804 0.716559584982 -1.48801233668e-18)
(56.4733933608 2.82291883802 -1.1079636022e-18)
(56.7101112146 2.79909209317 9.58553997016e-18)
(56.9445913012 2.76537058483 2.34175714186e-18)
(57.1774737817 2.72144260794 -2.43992856841e-18)
(57.4081475792 2.66708270739 -2.29941336513e-18)
(57.635723612 2.60200865374 -1.22868880314e-18)
(57.859131571 2.52597490649 4.63598260797e-18)
(58.0773033418 2.4388200359 2.21840512287e-18)
(58.2892159729 2.3404444286 -4.25923787022e-18)
(58.4938451365 2.23080318468 -1.76189624801e-18)
(58.6901399736 2.10993513226 4.02914551477e-18)
(58.8770424759 1.97796577956 8.85634735867e-19)
(59.0535129631 1.83509259635 6.94756426305e-19)
(59.2185065302 1.68160239612 -2.4390705248e-18)
(59.3710056527 1.51788680202 -1.4001859019e-18)
(59.5100102691 1.3444257002 -5.13869055526e-20)
(59.6345974594 1.16179631484 5.59620986754e-19)
(59.7436672427 0.970657560988 -2.47684585308e-19)
(59.837014909 0.771735964004 0)
(59.910169391 0.566949933018 -5.65492174181e-19)
(56.2540564666 2.30611050436 -4.23064277355e-21)
(56.4713998975 2.2840538186 1.08616451963e-18)
(56.6860474226 2.25408046549 8.72894268409e-20)
(56.898819622 2.21588134133 -1.14544385142e-18)
(57.1090899945 2.16927713944 1.0385453994e-19)
(57.3159666004 2.11406128541 -1.28264055761e-19)
(57.518489875 2.0500620955 9.70993558742e-20)
(57.7157389102 1.97715658744 1.78285408499e-19)
(57.9068141661 1.89527265863 -1.80979691638e-18)
(58.0907982691 1.80439718932 -1.11285787707e-18)
(58.2667492669 1.70458107054 2.02451074374e-18)
(58.4337372273 1.59594216584 3.57066201952e-18)
(58.5908457869 1.47865574075 -5.5028194419e-19)
(58.7371507064 1.35295934718 -1.47017310981e-18)
(58.8717664656 1.21916924984 6.54065951497e-19)
(58.9938150992 1.07768272657 5.24382215039e-19)
(59.1024939692 0.928979847695 1.17631191944e-19)
(59.1968814063 0.773593898672 -1.13411244687e-18)
(59.2768048712 0.612107643978 1.57475122213e-18)
(59.3386371719 0.446040931604 -7.76964114345e-19)
(56.0711563342 1.82771693033 1.65129696965e-18)
(56.2734210902 1.80807561677 3.09678506694e-18)
(56.4724673288 1.78230722501 2.38247733277e-20)
(56.669295718 1.75016156347 -1.09107059091e-18)
(56.8633667056 1.7114804808 3.12212509186e-20)
(57.053846616 1.66610964269 7.43659058626e-20)
(57.2398603536 1.6139294185 -2.00360548004e-18)
(57.4205798735 1.55485306693 9.43058066763e-19)
(57.5951947507 1.48883799464 9.51016703453e-19)
(57.7628722915 1.41588693977 -9.64876462156e-19)
(57.922766502 1.33604130319 9.8966544194e-19)
(58.0740518148 1.24939281186 -6.7143025169e-20)
(58.2159009792 1.15608428714 7.90946771078e-19)
(58.3474853957 1.05631194507 6.11479172835e-19)
(58.4680146992 0.950334013215 -1.81726330476e-19)
(58.57669339 0.838476389755 -1.24105239605e-18)
(58.6728002054 0.721130514584 -4.23546687797e-19)
(58.7555066152 0.598728231469 5.40622508949e-19)
(58.8246081317 0.471757333379 1.97059883885e-18)
(58.8769471377 0.341428441333 -2.08895730771e-18)
(55.9216263538 1.39320003794 5.89953345374e-19)
(56.1121799266 1.37730218115 -5.38853062587e-21)
(56.2995854286 1.35677257504 1.08537245564e-22)
(56.4846030949 1.33139812083 -9.89500279717e-19)
(56.6666363901 1.30107379422 -3.8233585975e-18)
(56.8449274761 1.265694896 1.80931618582e-18)
(57.018691721 1.22518004278 1.87658996488e-18)
(57.1871708378 1.17947495733 -8.71385268234e-19)
(57.3496128304 1.12855329392 -1.00261296496e-18)
(57.5052506024 1.07242147917 -1.6840555557e-18)
(57.6533203221 1.01112099729 1.46444713482e-18)
(57.7930624928 0.94472529431 3.07071090908e-18)
(57.9237069956 0.87334302064 -6.85665214882e-19)
(58.044506308 0.797130820003 6.16129187727e-19)
(58.1547379382 0.716290822616 1.37549233642e-19)
(58.2536832708 0.631075590386 -1.71914035595e-18)
(58.3407239931 0.541777694658 7.68109324582e-20)
(58.4151937803 0.448705473589 -1.87191264998e-19)
(58.4769521449 0.352194530966 -1.21463337994e-18)
(58.5236263898 0.253083385142 5.2265010674e-19)
(55.8134143614 0.964314114422 -9.87458928003e-19)
(55.9956194121 0.952761918504 2.22213840733e-20)
(56.1741186745 0.938066773896 1.90546920802e-18)
(56.349994479 0.920096363147 3.00515387259e-20)
(56.5228002911 0.898771411772 1.83833799093e-18)
(56.691808413 0.874008973901 -2.33378360244e-20)
(56.8562625564 0.845750026279 -5.21041412584e-18)
(57.0154453396 0.813958534189 3.38357618448e-18)
(57.1686487302 0.778616283665 2.46793186457e-18)
(57.3151595795 0.739726633247 -1.62480093877e-18)
(57.4542716017 0.697322090122 -5.67151671856e-20)
(57.585263379 0.651456799749 -1.61447150326e-18)
(57.7074083039 0.602211529997 1.43536442246e-18)
(57.8200080216 0.549697377529 -7.45682226947e-19)
(57.9223707469 0.494051070806 -1.1234180098e-18)
(58.0138121609 0.435451619559 -6.67390431767e-19)
(58.0937329292 0.374109996773 1.05401514565e-18)
(58.1614264205 0.310257155391 4.1752442197e-20)
(58.2166484571 0.244164401861 -8.53348749192e-19)
(58.2569009486 0.17647261374 -7.13994214911e-19)
(55.7386521908 0.587535105568 -9.29560605389e-20)
(55.9154865856 0.579594898762 -9.34958951948e-19)
(56.0889901161 0.569729455088 0)
(56.2598882178 0.557903897656 -3.60762403652e-18)
(56.4275773438 0.54406622292 -4.27687914768e-20)
(56.5913683897 0.528159449602 3.55417704648e-18)
(56.7505726893 0.510148465087 1.60179805832e-20)
(56.9045091068 0.490014592618 7.77544575032e-19)
(57.0524956505 0.467747370487 5.51866661012e-20)
(57.1938549381 0.443352972324 -8.16691839204e-19)
(57.3279060352 0.416852061225 3.08713284666e-18)
(57.4539486484 0.388272528918 -5.91417535942e-20)
(57.5712982452 0.357672615023 -1.29944204705e-18)
(57.6792933244 0.325128917493 7.32236642311e-19)
(57.777283229 0.290722102693 -4.55222080113e-20)
(57.8646632102 0.254554563299 -5.59086669541e-19)
(57.940931131 0.216745687017 -1.07073038903e-18)
(58.0055801187 0.17742345945 1.31184295385e-19)
(58.0584933741 0.136737415412 3.69280896816e-19)
(58.0980931952 0.0950387440295 -1.5140719971e-18)
(55.7022049896 0.175455683335 2.13397715237e-18)
(55.8757399366 0.174264043531 2.78228867567e-18)
(56.0458040438 0.172515805064 -1.81126777182e-18)
(56.2131353119 0.170174267909 1.86329141081e-18)
(56.3771985703 0.167221453047 -2.40828953745e-21)
(56.5373493846 0.163642417785 -2.71061275387e-18)
(56.6929178962 0.159425727436 8.77567026818e-19)
(56.8432334876 0.154561745583 1.71506218992e-18)
(56.9876341269 0.149041358586 -4.16083278451e-21)
(57.1254658657 0.14286379308 -1.60332943377e-18)
(57.256049987 0.136031970478 1.45388365416e-18)
(57.3786847799 0.128547143579 -6.4081774475e-19)
(57.4927032038 0.120420692439 -2.71748242452e-18)
(57.5974548261 0.111671681185 6.23185869903e-19)
(57.6922861226 0.102316946472 5.72445028101e-19)
(57.7765764712 0.0923752252659 2.12112447459e-20)
(57.849780783 0.0818612771902 -9.33746571322e-19)
(57.9112673233 0.0707862807371 4.9173596495e-19)
(57.9608157573 0.0591247113914 8.07429509362e-19)
(57.9963377769 0.0468801271847 9.93662410893e-21)
(65.6517925391 10.6352297202 -4.75283289311e-17)
(64.2014041349 10.6133036596 5.28200343177e-17)
(62.6130089055 10.5559335697 -3.11558358808e-17)
(61.3479504938 10.5015066742 8.45128497989e-18)
(60.3511081137 10.3990183214 -7.19872095617e-17)
(59.6154155718 10.2710937395 3.37269457762e-19)
(59.2274320828 10.0954268712 5.39742594915e-17)
(59.2320797036 9.83359152829 -1.7408011572e-19)
(59.565541933 9.46050259638 -2.39022335011e-18)
(60.1309263762 8.94268403665 1.07283069054e-16)
(60.8514016345 8.24128096379 -3.71364868255e-17)
(61.6735654236 7.32512061152 -2.00042514306e-17)
(62.5457720567 6.17703693823 -6.88380140288e-17)
(63.414528137 4.79438770333 -9.43451309998e-17)
(64.2342623285 3.18836305152 1.40325357892e-16)
(64.9701565677 1.37671275474 1.06269044302e-16)
(65.5985792936 -0.612649921035 -4.82744086992e-17)
(66.1052666655 -2.74457852294 -1.01541804517e-16)
(66.4827144163 -4.98163258707 1.55591486336e-17)
(66.734387164 -7.29095246787 2.50898948735e-17)
(66.830920763 -9.64316531436 -4.51734833998e-18)
(66.8223151432 -12.0494344461 -1.64547311015e-18)
(66.7489213226 -14.4751851571 6.46409671232e-18)
(66.5776903669 -16.8856942801 -1.8985424683e-17)
(66.3201370114 -19.2786901153 1.17411944431e-18)
(65.9815795349 -21.6618550121 7.42897631142e-17)
(65.5736235154 -24.033107357 -1.92708522863e-17)
(65.0933620392 -26.3753793667 -1.05573676327e-16)
(64.52459739 -28.6469718793 -2.55069219456e-17)
(63.8472696405 -30.8128106243 2.0491255088e-17)
(63.0418980387 -32.8468272006 -1.22266209706e-18)
(62.0957634996 -34.6741507499 5.6029239508e-17)
(61.0077525455 -36.2274623349 -2.67675900863e-17)
(59.7878344771 -37.4669802819 2.65274873541e-17)
(58.4635214299 -38.4194298676 1.87214962057e-16)
(57.0884915423 -39.1067804456 4.33306639782e-17)
(55.7179093765 -39.4979943244 -1.84262786963e-16)
(54.3979436145 -39.5851570965 -7.26591530729e-17)
(53.144899975 -39.3515669992 1.46760323988e-16)
(51.955263176 -38.7989228277 -3.40020354283e-17)
(50.8408100207 -37.9326473546 -6.71240151272e-17)
(49.8002007283 -36.8002808859 3.06676429187e-17)
(48.8438271655 -35.4570544013 1.046301554e-18)
(47.9819332005 -33.987107864 2.90997029439e-17)
(47.2392383443 -32.4398746893 4.48190749952e-19)
(46.6231177686 -30.9535213775 2.14698745699e-17)
(46.1166918355 -29.6304050259 4.05189966858e-17)
(45.7296272461 -28.3471634017 -9.62409794175e-17)
(45.4629875021 -27.0524005612 -4.02779174301e-17)
(45.3089511938 -25.765457597 8.58173575027e-17)
(45.2552252911 -24.507205837 4.51904905424e-18)
(45.2898343797 -23.2912309298 -4.04595490304e-17)
(45.4032965774 -22.1308995411 9.70337409556e-18)
(45.5839375898 -21.0575570494 2.50994444353e-17)
(45.823795151 -20.0804579787 -7.43072304816e-18)
(46.1185031773 -19.1970181664 -4.29866184951e-18)
(46.4681789488 -18.40592261 1.50184629468e-18)
(46.8716503798 -17.714310453 2.32973654147e-18)
(47.2972042173 -17.1159008577 -8.51931511646e-19)
(47.7137886592 -16.6041497082 4.13437192566e-18)
(48.150054444 -16.1894576766 -6.56551677344e-18)
(48.619345546 -15.8719290075 -1.05923188404e-17)
(49.1016366739 -15.6443537945 7.41227511012e-18)
(49.5779558901 -15.5030011745 5.59860841064e-18)
(50.0434043225 -15.4437643202 -2.29883020966e-17)
(50.4932608446 -15.4622968227 1.1932878971e-17)
(50.9158036325 -15.5537440954 1.77661442795e-17)
(51.3019790792 -15.7126605239 -8.11226056174e-18)
(51.6453441881 -15.9358509034 2.47628238292e-19)
(51.9300471951 -16.2119145824 -2.5243362176e-20)
(78.779815631 9.02213712053 -1.04489394263e-19)
(79.2473405456 8.88300602995 -2.66757832345e-17)
(79.7802419477 8.78485615142 -1.53307983625e-17)
(80.3700730808 8.68773311486 8.69564058746e-18)
(80.994952435 8.54837771847 8.96801801225e-18)
(81.6435683925 8.29725663408 -1.86926321496e-17)
(82.2846688447 7.88566632037 -9.17710976962e-20)
(82.9010392284 7.33485223176 3.19443867549e-17)
(83.5114070249 6.7638541013 -6.88561591234e-17)
(84.0834163529 5.91490221121 2.47089106831e-17)
(84.6166230973 4.84940061754 1.99437439975e-18)
(85.1053493943 3.59966086622 -4.70283113171e-17)
(85.5388267723 2.17829116667 7.1345309372e-17)
(85.9057932072 0.596304567843 7.22960295493e-18)
(86.1908005034 -1.12334094378 3.08403121896e-17)
(86.3902548574 -2.95679873196 1.84296157011e-19)
(86.4885843036 -4.88142525073 -2.07599152753e-17)
(86.4657284122 -6.8751055707 5.5901336897e-18)
(86.3441486304 -8.91764207332 -2.68046483431e-18)
(86.075128424 -10.9854817178 1.20847390959e-18)
(85.6742656693 -13.0699129806 7.71818899924e-19)
(85.2114984945 -15.1546663223 8.09000297493e-18)
(84.6531569585 -17.2150580702 -1.19654074988e-17)
(83.9495610717 -19.2209972291 -6.41983194246e-18)
(83.1164824124 -21.1579308876 6.81073255721e-18)
(82.1797566114 -23.0096991925 -2.99364579135e-17)
(81.1449514791 -24.7593495617 2.73583622376e-17)
(80.0086482128 -26.3938820642 5.49552009846e-17)
(78.767762405 -27.9096784085 -7.73531817404e-18)
(77.4245243199 -29.2836833915 1.39206905823e-17)
(75.9896320514 -30.4738994349 -1.33937126757e-17)
(74.4725056238 -31.4934559472 -2.20264366069e-17)
(72.8832141856 -32.3310165301 -5.52086563523e-17)
(71.2413954962 -32.9795738039 9.86171381757e-17)
(69.5695660895 -33.4331366749 5.78526287912e-17)
(67.8860665731 -33.6890761269 -8.22645031489e-17)
(66.2074538582 -33.7533711448 1.71828569603e-17)
(64.5483501146 -33.6377144112 -1.72115385278e-17)
(62.9323339091 -33.3572736036 1.04684073432e-16)
(61.3869300254 -32.9311565515 -2.60883500883e-18)
(59.9211733999 -32.3837380928 -1.6189027147e-16)
(58.5509024485 -31.7406703807 -9.75950171867e-17)
(57.2862459233 -31.0266989292 -1.85405773016e-19)
(56.1442509024 -30.2587978995 8.75985623595e-17)
(55.1331857809 -29.4494151109 4.83776875033e-17)
(54.2413992037 -28.6112170678 1.5804210722e-17)
(53.4602517457 -27.7552448875 3.19492540613e-19)
(52.7766309812 -26.8911580861 -1.28551944819e-17)
(52.1774357446 -26.0329645751 1.1012209294e-17)
(51.659600272 -25.1824596511 -7.51430331359e-20)
(51.2233552653 -24.3510873632 6.31002400141e-19)
(50.8665781586 -23.5505113677 3.84336478418e-19)
(50.5869494605 -22.7874224748 -1.50278421779e-17)
(50.3807646357 -22.0667807194 1.37101581768e-17)
(50.2412459066 -21.3917358767 2.72615451483e-17)
(50.1597214206 -20.7641499517 -9.06704919462e-18)
(50.1279463167 -20.1859071555 -2.36212298546e-17)
(50.1386098514 -19.6594206014 2.71799839532e-18)
(50.1845699945 -19.1869652814 3.69016349259e-18)
(50.2625959225 -18.7646715877 -3.69084285361e-18)
(50.3713222408 -18.3874046918 -6.91814368391e-19)
(50.4943747532 -18.0558545292 -2.27944596102e-19)
(50.6183670763 -17.7710680325 -9.54856504036e-19)
(50.748622685 -17.5353101073 -1.8439260781e-18)
(50.8842434116 -17.3489448417 3.55183113128e-18)
(51.0154413912 -17.2101709347 1.55006151629e-18)
(51.13557795 -17.1161002423 -7.87819953353e-20)
(51.2407614488 -17.0674022377 6.44384067965e-18)
(51.3274146235 -17.0629672565 -3.47036684762e-18)
(51.3890440834 -17.1033538614 -2.96661556322e-18)
(77.4910451721 6.98132687962 9.58995458358e-18)
(77.8521979823 6.51027927272 4.4196906663e-19)
(78.2329758661 6.01871763449 -2.12549572555e-18)
(78.646185297 5.49687502912 -4.43718058537e-18)
(79.0972098714 4.93922891987 -9.26771489056e-18)
(79.5859797033 4.33983244386 1.16545692388e-17)
(80.1053038721 3.6911835783 -5.79726111766e-18)
(80.6425859122 2.9864316268 -7.09889885066e-18)
(81.1875224083 2.21886970579 1.50597027005e-18)
(81.736645361 1.37518589136 -3.69781319157e-18)
(82.2753830205 0.44749111264 -1.30758001172e-17)
(82.7777470616 -0.562206319356 -2.17400796204e-18)
(83.2238830341 -1.65272252102 2.0970747817e-17)
(83.601464681 -2.82181990295 -1.17944462878e-17)
(83.9003884085 -4.06224200078 -2.02504624474e-18)
(84.1109776464 -5.36303491788 -2.32924762611e-19)
(84.2258042296 -6.71068698372 -2.98584887468e-18)
(84.2395386065 -8.09160399667 8.05052885331e-18)
(84.151161187 -9.49284180975 -3.06162774045e-19)
(83.9333984007 -10.8995134747 -1.81382449744e-19)
(83.597330337 -12.2914596555 8.94798158457e-19)
(83.1928874235 -13.6616878827 -1.24306338107e-18)
(82.7033019711 -15.0077330178 -1.12683404849e-17)
(82.0886079561 -16.3149475842 9.40511348825e-18)
(81.3522120793 -17.5723277206 1.3923415229e-17)
(80.5147831808 -18.7741355732 -3.34126003098e-18)
(79.5877513714 -19.9143719848 -2.12477438196e-17)
(78.5767855346 -20.9856683336 3.72321685956e-18)
(77.4871824345 -21.9795433891 -4.07300889163e-18)
(76.3271169863 -22.8878467641 -8.62486961952e-18)
(75.1082251358 -23.7041967191 -4.04171560441e-17)
(73.8431767644 -24.4222517848 -1.90867116446e-17)
(72.5437991687 -25.0360871506 6.66737911855e-17)
(71.2218046047 -25.541608503 2.70029536479e-17)
(69.889250107 -25.937538921 2.40164026671e-17)
(68.5585796248 -26.2250819947 -8.90444040171e-17)
(67.2423415802 -26.4070812185 2.72438488748e-17)
(65.9523889062 -26.4879326418 1.27741545582e-16)
(64.6991659303 -26.4737546941 -5.35004431537e-17)
(63.4921683783 -26.3712242332 -6.45607418421e-17)
(62.3400512331 -26.1868325846 9.19576227289e-20)
(61.2504295873 -25.9280053245 1.32469663999e-17)
(60.232338415 -25.6040374842 5.91874037728e-17)
(59.2867224264 -25.2245349115 5.7089558801e-17)
(58.4044908438 -24.8001571076 -7.63630477935e-17)
(57.5825699509 -24.3413174409 -6.34492445254e-17)
(56.8228825284 -23.8579167072 2.00114320618e-17)
(56.1278028033 -23.3584747254 3.02360464205e-17)
(55.4999971512 -22.8505006773 -4.55149553799e-19)
(54.9402830738 -22.335935014 -1.77743214563e-17)
(54.4403683428 -21.8437881829 -1.48652400144e-17)
(53.9935700594 -21.3787045036 -2.53825031256e-17)
(53.5982544695 -20.9215853037 8.99222402806e-18)
(53.2523204675 -20.4702778838 1.81500071135e-17)
(52.9527108907 -20.0310080692 4.94355740557e-19)
(52.6954745851 -19.6085469644 6.45925553895e-19)
(52.4756117492 -19.2098958107 4.7559723072e-18)
(52.2885926249 -18.8385334028 -3.98587717058e-18)
(52.1300809273 -18.496156835 7.36371156548e-18)
(51.9958762815 -18.1838066038 1.19023161299e-17)
(51.8822803767 -17.9024763596 -2.38763856738e-18)
(51.7861291244 -17.653097221 -6.56628428313e-18)
(51.7047915618 -17.4344945699 -1.61624888513e-18)
(51.6349881813 -17.2462432858 2.25811927755e-18)
(51.5729766569 -17.0891478993 3.68885060985e-18)
(51.5151985496 -16.9635748026 -2.40875975899e-18)
(51.4579844398 -16.8686839783 -2.29300978893e-18)
(51.3992612642 -16.8025737853 4.41081323428e-19)
(51.334977584 -16.761939924 -6.68354494242e-19)
(51.2650332937 -16.7438469512 5.38731894821e-19)
(75.0149999487 5.33834355455 -4.90633766593e-18)
(75.3390151408 4.86211208598 7.44136294925e-18)
(75.6604422646 4.37322805143 -1.54151898052e-20)
(75.9866293036 3.8632367901 -1.13050453024e-17)
(76.3167896041 3.32804915794 -4.18470623579e-18)
(76.648371434 2.76333660922 -1.21703894803e-17)
(76.977716168 2.16519710985 1.63920294768e-17)
(77.3005778548 1.52958682906 3.6047314342e-18)
(77.6125179871 0.855705968837 -3.73199183644e-18)
(77.9085871781 0.141576210594 8.30028606217e-18)
(78.1817833531 -0.615818046268 -9.97622782906e-18)
(78.4241288534 -1.42176968364 1.50285719675e-17)
(78.6283723525 -2.27483764083 2.40672008532e-18)
(78.7879412084 -3.16878906887 -6.22769247787e-18)
(78.8966064429 -4.09907058845 -6.17103019505e-18)
(78.9481289909 -5.06068452294 -7.22735156036e-18)
(78.9377113201 -6.04793415698 -2.2564509783e-18)
(78.8594379333 -7.05465698562 -1.14874030204e-18)
(78.7001446759 -8.07431078417 -1.48895192367e-18)
(78.4685658826 -9.10080097426 -7.68683975179e-19)
(78.1910300445 -10.121910337 1.18486644671e-18)
(77.8611645537 -11.1312530107 -5.59708350032e-18)
(77.4544459558 -12.1266752911 4.7090049693e-18)
(76.9702511672 -13.1017408015 5.09183201291e-18)
(76.4217983705 -14.0474118191 -7.25181090608e-18)
(75.8173639126 -14.9564830691 -2.23461377613e-18)
(75.1602495609 -15.8228039716 -1.1971802985e-17)
(74.4519295814 -16.640695781 2.76577677429e-17)
(73.6957126313 -17.4048970622 1.52505226239e-17)
(72.89677442 -18.110633622 -2.96133541837e-17)
(72.0605849911 -18.7539057091 1.97524093264e-17)
(71.1925728556 -19.3317889119 2.11569597705e-18)
(70.2986226573 -19.842272828 -7.08551354755e-18)
(69.3851781954 -20.2842053723 2.31546924029e-17)
(68.4590226672 -20.657318097 -4.09277996263e-17)
(67.5269853252 -20.9622390623 -1.03209599537e-17)
(66.5957159748 -21.2004994774 2.71453238107e-17)
(65.671589119 -21.3744977216 -4.51251824257e-17)
(64.7606361762 -21.4873705209 -6.61326116407e-19)
(63.8683874136 -21.5428733308 2.5975672989e-17)
(62.9997473287 -21.5453674659 3.55082482456e-17)
(62.1590502195 -21.4996991913 -1.14783265032e-20)
(61.3501237226 -21.4111162173 -3.41526522938e-17)
(60.5761724249 -21.2855778684 -8.81581627521e-18)
(59.8399737958 -21.1280190836 -2.48349197504e-17)
(59.1438425964 -20.9426138785 2.40409680881e-17)
(58.4896584028 -20.733355551 3.02350511184e-17)
(57.8772324468 -20.5036584944 -3.63422744898e-17)
(57.304674093 -20.2573938347 2.14236032227e-17)
(56.7715617945 -19.9994950898 2.60080261617e-17)
(56.278633568 -19.7348726791 -2.48862749868e-17)
(55.8243350738 -19.4671501603 -1.16864502474e-17)
(55.4043917874 -19.1990072619 -5.86153801812e-18)
(55.0158057093 -18.9330038827 -1.02921927371e-19)
(54.6577720287 -18.6719063419 5.22233596284e-18)
(54.3295330598 -18.418211769 -1.41927115961e-17)
(54.0296200259 -18.1738844188 -4.10529782204e-18)
(53.7560077496 -17.9404974721 8.33855464396e-18)
(53.5063093189 -17.7193181623 -1.06891776805e-17)
(53.2780797861 -17.5113599248 3.3056649791e-18)
(53.0688979198 -17.3173946648 1.19176071175e-17)
(52.8763520305 -17.1380386692 -2.63922943795e-18)
(52.6980893541 -16.973640998 -9.9049736528e-18)
(52.5317563878 -16.8244097212 9.13752681853e-18)
(52.3750077836 -16.6903471539 1.63381289343e-17)
(52.2255310643 -16.5712159646 -7.28302656532e-18)
(52.0809729096 -16.4666284605 1.19988803209e-19)
(51.9390064911 -16.3761095947 3.21696829261e-18)
(51.7974530463 -16.2990238867 -7.35275499111e-18)
(51.6550177748 -16.2332145624 5.21259224427e-18)
(72.6224743142 4.0450203089 5.27223173879e-18)
(72.8641845262 3.58652749327 -1.53704914602e-18)
(73.0926534379 3.11691350035 8.38856249314e-18)
(73.3144294269 2.62965272069 -3.201104756e-19)
(73.5290108598 2.12318897544 -3.90614477656e-18)
(73.7348979278 1.59612793167 -6.44175198655e-19)
(73.9302137734 1.04734380381 -1.08865885849e-17)
(74.1128618195 0.476045650294 -2.61767822683e-18)
(74.2805471794 -0.118168253732 -7.26769490753e-19)
(74.4308204547 -0.735379829459 6.29538714297e-19)
(74.5610764092 -1.37524075304 5.35776840156e-18)
(74.6682367963 -2.0368478976 4.9006600983e-18)
(74.7486504632 -2.71869482633 -3.23673236301e-18)
(74.7987015145 -3.41875876935 -1.3968816067e-18)
(74.8151585267 -4.13466535943 2.78771261053e-18)
(74.7955700585 -4.86352431527 1.49352607539e-19)
(74.7354242833 -5.60305628063 4.53976411451e-19)
(74.6248253123 -6.34919837063 8.71646354061e-19)
(74.468927404 -7.0975028217 -5.59821060282e-19)
(74.2827771846 -7.84282797793 1.33506017716e-18)
(74.0685317349 -8.58247662681 3.07559021329e-20)
(73.8103314271 -9.31496187086 1.21434342295e-18)
(73.4951441532 -10.0365028043 -7.13617529857e-20)
(73.1306037345 -10.742174008 -2.96398360022e-18)
(72.7245281948 -11.4280118596 1.07796390815e-18)
(72.2790073664 -12.0905262913 5.46057896848e-18)
(71.794776336 -12.7267606422 1.81169748153e-17)
(71.2734825176 -13.3338378062 -9.5611531666e-18)
(70.7184608393 -13.9090724984 -2.31184566368e-17)
(70.1335235185 -14.4500132976 -6.56947230321e-19)
(69.5222153852 -14.9545268209 -3.48584550018e-19)
(68.8882638106 -15.4207736263 -9.26144509792e-19)
(68.2357125218 -15.8472400821 2.57334115628e-19)
(67.5687204483 -16.2328095423 -7.88206343161e-19)
(66.8914432642 -16.5768076649 -2.333444955e-17)
(66.2079899144 -16.8790155542 1.01851917819e-18)
(65.5223741165 -17.1396619321 1.04332388078e-17)
(64.838443797 -17.3594038428 -4.38131417947e-19)
(64.1598136759 -17.5393068474 7.41716630513e-18)
(63.489838899 -17.680823391 -1.27577465718e-17)
(62.8315827856 -17.7857748951 2.51273079808e-17)
(62.1877609859 -17.8562993379 1.84956336302e-17)
(61.5607382419 -17.8947408416 5.51650848627e-18)
(60.9524886308 -17.9035730814 -6.1854782184e-18)
(60.3646358255 -17.8854730386 6.75657899383e-18)
(59.7998815849 -17.8434921553 1.28534376299e-19)
(59.2611495049 -17.7808095205 2.89124665842e-19)
(58.7480559489 -17.7001908647 -1.83326975201e-19)
(58.257233594 -17.6037694295 -3.74184008664e-17)
(57.7861289159 -17.4936827122 -1.57047002221e-17)
(57.3350714521 -17.3725607777 1.00921163321e-17)
(56.9053801897 -17.2431973649 1.47532333945e-17)
(56.4972857598 -17.107874171 9.72704872832e-18)
(56.1100667898 -16.9683313162 -1.40742721656e-17)
(55.7436459493 -16.826284545 3.1600504713e-19)
(55.3983106549 -16.6837068627 7.93863420535e-18)
(55.0732973549 -16.5423413523 -1.99804206005e-17)
(54.7671286916 -16.4036271149 3.76049091238e-18)
(54.4782393551 -16.2687777846 1.38486331678e-17)
(54.204987632 -16.1388464575 -1.20071703009e-19)
(53.9457323486 -16.014772908 1.316892951e-19)
(53.6988452026 -15.8981472296 5.66735151664e-21)
(53.4632531576 -15.787001544 -3.1263723893e-18)
(53.2375523889 -15.6827180528 -5.36020308162e-18)
(53.0204722519 -15.5858959043 2.70186909446e-18)
(52.810671864 -15.4967734163 4.66852726567e-18)
(52.6068791433 -15.4151064961 -2.48694082479e-18)
(52.4079661692 -15.3406464971 1.28411646929e-19)
(52.2126142921 -15.2728674555 1.01267468966e-17)
(52.0206669995 -15.2099538713 1.11661624365e-18)
(70.3939455319 3.09457153484 8.11671090275e-18)
(70.5768544691 2.68127006728 2.09402037354e-19)
(70.7446812978 2.26065173697 -1.0096958682e-17)
(70.9031112246 1.82769166021 1.01727437629e-17)
(71.0515854352 1.38203856613 -5.5782032327e-19)
(71.188927502 0.923410298817 -4.74971882953e-18)
(71.3138595293 0.451594697458 5.02026896454e-18)
(71.4250395495 -0.033496993797 -2.7269614724e-18)
(71.5210223509 -0.531811928029 -1.65222012261e-17)
(71.6002517067 -1.04313910697 2.13243175559e-18)
(71.6610804916 -1.56709681452 8.5910235537e-18)
(71.7017940338 -2.10309893613 -1.07933297741e-18)
(71.7207457583 -2.65027077928 1.0952077343e-18)
(71.7161605616 -3.20747494578 8.86283518616e-19)
(71.6871419526 -3.77317462951 -3.32294292307e-20)
(71.6269558567 -4.3466198769 -6.18943915575e-19)
(71.5335755454 -4.92551464922 1.2411665319e-19)
(71.416552954 -5.50739372201 7.24116495838e-19)
(71.2782826701 -6.0884501582 1.56249242285e-18)
(71.1181285879 -6.6670352609 3.96110888369e-20)
(70.931323814 -7.24197214402 9.41403940089e-19)
(70.7087957455 -7.81263777806 -8.72611350218e-19)
(70.4521705295 -8.37554771271 -1.85229316111e-18)
(70.1669918494 -8.9273671628 1.16166826769e-18)
(69.8557126627 -9.46567978449 -8.29812661513e-19)
(69.5186560904 -9.98835694524 -2.50911690982e-18)
(69.1561448912 -10.4933398457 -3.62039029469e-18)
(68.7696213374 -10.9785586326 6.82188937591e-18)
(68.3609890107 -11.4419970043 -2.8491810607e-18)
(67.9320246235 -11.8819761047 -9.13000630289e-18)
(67.4845126076 -12.2970656965 6.68916250099e-18)
(67.0204373144 -12.6860453367 4.2529560923e-18)
(66.5419124164 -13.0479364631 -3.11004193679e-18)
(66.0511365849 -13.3820387614 -1.48686344946e-17)
(65.5503713494 -13.687931795 8.05610372793e-18)
(65.0419158518 -13.9654651315 1.37837272788e-17)
(64.528075816 -14.2147507789 -1.76856133206e-17)
(64.0111367907 -14.4361530104 1.40273438278e-17)
(63.4933373531 -14.6302722172 4.17289035856e-18)
(62.9768215187 -14.797926403 -1.33712130022e-17)
(62.4636216672 -14.9401540885 2.32808616785e-17)
(61.9556518862 -15.0581908199 -2.16949536727e-19)
(61.4546645265 -15.1533740496 -9.37539295548e-18)
(60.9622295275 -15.2270863683 2.7184707407e-17)
(60.4797407945 -15.2807819587 1.79719214632e-17)
(60.0084164839 -15.3160178493 -2.71948980603e-17)
(59.5492061089 -15.3346785404 -1.29635211739e-17)
(59.1028177079 -15.3387733924 -2.22654233667e-17)
(58.6698188171 -15.3299925758 3.17070987324e-19)
(58.2509392314 -15.3096223903 1.64561191645e-17)
(57.8468547751 -15.2788626821 -7.89701853909e-18)
(57.4578059037 -15.2389150377 4.0661443629e-18)
(57.0836945408 -15.1909922306 1.94222570951e-17)
(56.7242610942 -15.1362514183 -1.90088723153e-17)
(56.378321961 -15.0756447003 -6.89232413634e-18)
(56.0447146972 -15.0102078048 1.76525201462e-17)
(55.7235084307 -14.9412379952 -3.46440469925e-18)
(55.4148211231 -14.8700116881 -6.34736836675e-20)
(55.1183004283 -14.7976364416 -9.6570324415e-18)
(54.8334382827 -14.7250745098 3.24920659596e-18)
(54.5596107235 -14.6531020241 2.98799871743e-18)
(54.2959289049 -14.582262502 -2.88595056242e-18)
(54.0414571449 -14.5129728438 -3.72689534865e-20)
(53.7953795948 -14.4455873548 -5.41296957521e-18)
(53.5569056203 -14.3803574087 7.75101323134e-18)
(53.3252135936 -14.3174207232 1.47155710553e-17)
(53.0995229767 -14.2568165734 -7.17315712389e-18)
(52.879053307 -14.1985187935 -1.36796478807e-17)
(52.6628949781 -14.1422993973 1.12650247963e-20)
(52.4509507233 -14.086524056 -3.17804418347e-18)
(68.3653698989 2.36512135066 -6.3540401565e-18)
(68.5067109943 2.00374186711 -4.29724230492e-18)
(68.6332300993 1.63773562626 3.22424105687e-18)
(68.7496598482 1.26283930058 1.86509761676e-18)
(68.8555502694 0.87903021205 9.75927240315e-19)
(68.950088464 0.486377655904 -2.29337176189e-18)
(69.0324954269 0.0850052509442 -4.61710398043e-18)
(69.1020089685 -0.324878317075 5.70408123628e-18)
(69.1578404102 -0.742970157155 5.16489484478e-18)
(69.1991647453 -1.16886026477 -6.46998927091e-18)
(69.2251128454 -1.60202541789 -3.30086972627e-18)
(69.2348671029 -2.04181419921 -3.24098551704e-18)
(69.2273763819 -2.48746922032 1.29932231788e-18)
(69.2025011534 -2.93805223664 2.01721499293e-18)
(69.1530225912 -3.39283018476 5.25530202339e-19)
(69.0801071298 -3.85105890262 -5.15863400556e-19)
(68.9936751247 -4.31013994398 5.8738419618e-20)
(68.8912149565 -4.76849062666 7.13477300438e-19)
(68.7712311491 -5.22568179432 -1.29513741327e-19)
(68.6343179999 -5.68022739406 -8.14474010173e-19)
(68.4740155874 -6.13171774516 -1.60577490326e-18)
(68.2872899475 -6.57858321805 -2.95508745882e-19)
(68.0781193984 -7.01874114265 1.36605354377e-18)
(67.8493635554 -7.45062186506 -3.16830782258e-18)
(67.6015137155 -7.87292000705 9.27514966318e-18)
(67.3342813174 -8.28441086563 1.01015419735e-19)
(67.0482195458 -8.68384789177 -6.62263380432e-18)
(66.7445168649 -9.07001972448 3.85083953045e-18)
(66.4243423311 -9.44183189357 -2.19031088453e-18)
(66.0888184348 -9.79831337879 2.3229936449e-18)
(65.739203834 -10.1385964837 4.80970406009e-18)
(65.3768808667 -10.4619152269 4.42452513069e-18)
(65.003307101 -10.7676184902 3.459892556e-19)
(64.6199779882 -11.0551905543 -1.18846924119e-17)
(64.2284150653 -11.324255127 4.21147796362e-18)
(63.8301572199 -11.5745999898 -6.91595390922e-18)
(63.4267298697 -11.8061370351 -9.75637368363e-18)
(63.0196326642 -12.0189138108 1.36259786082e-17)
(62.6103212175 -12.2131131914 3.03482948344e-18)
(62.2001935606 -12.3890514223 -3.54378970073e-18)
(61.7905844291 -12.5471845768 -2.14798837883e-19)
(61.3827534804 -12.6881034042 -1.39341717819e-17)
(60.9778574069 -12.812472321 -1.36373692233e-17)
(60.5769350615 -12.9209866633 1.36138932213e-17)
(60.1809213255 -13.0144052698 1.69235209549e-17)
(59.7906592803 -13.0935728565 1.37055625203e-17)
(59.4068937992 -13.1593973855 -1.0660132198e-17)
(59.0302421727 -13.2128185549 -1.36822973187e-17)
(58.6611867464 -13.2547897655 3.97085996096e-18)
(58.300050248 -13.2862535016 1.03005129308e-17)
(57.9475216801 -13.3082464632 -2.77528059947e-19)
(57.6044616148 -13.3218052297 -3.2545888919e-18)
(57.271137862 -13.3278853787 2.49427335123e-21)
(56.9474500208 -13.3273611749 1.27816511463e-17)
(56.6333154807 -13.3210640363 -1.86302401996e-17)
(56.3281372842 -13.30956132 -1.15226828715e-17)
(56.0308287786 -13.2933329857 8.60520828434e-18)
(55.7407787326 -13.2729289599 -5.82901680251e-18)
(55.4578311607 -13.2489688344 2.61143253318e-18)
(55.1819269283 -13.222064529 4.12389322004e-20)
(54.9129802366 -13.1927860379 5.60169872026e-18)
(54.6508382262 -13.1615880842 5.54462719812e-18)
(54.3951575128 -13.1288114329 2.67577076237e-18)
(54.1456685322 -13.0947426179 -7.89202110022e-18)
(53.9022704304 -13.059679652 2.41569577785e-18)
(53.6647410669 -13.0238665097 9.88377312776e-18)
(53.4326535547 -12.9874786157 -2.23131314991e-18)
(53.2055594952 -12.9506283861 -6.89579440151e-18)
(52.9828774581 -12.9132470269 -6.5977101937e-18)
(52.7648720486 -12.8737579993 7.17189237293e-18)
(66.5755166977 1.81895743269 8.85960348567e-18)
(66.6839596034 1.50773729634 2.13755857396e-18)
(66.7788380349 1.19354998754 -3.64406392044e-18)
(66.864194639 0.872823335945 1.62570024584e-19)
(66.9397195402 0.545711256538 -7.93764181503e-19)
(67.0048408742 0.21244806315 8.72154951884e-20)
(67.0590654341 -0.126704657126 5.28666298678e-19)
(67.1019406025 -0.471439419313 -2.12023652656e-19)
(67.1330102299 -0.821398719319 3.06256963781e-18)
(67.1517878447 -1.17617318056 1.09887876814e-18)
(67.1578143271 -1.53529363093 -1.55880689271e-18)
(67.150441782 -1.89823709859 -3.43737092833e-18)
(67.1296503586 -2.26444062962 -3.67219466155e-19)
(67.0911505923 -2.63307881397 6.38251532169e-19)
(67.0343097868 -3.00440462011 -3.85441090877e-19)
(66.9665412115 -3.37593008683 1.91670142155e-19)
(66.8873815042 -3.74711079957 6.96264553412e-19)
(66.7940471623 -4.11787627714 2.66665610438e-19)
(66.6894169468 -4.48726376606 -9.78170392575e-19)
(66.5705282696 -4.85440449098 9.22094785397e-19)
(66.4317843779 -5.21889593754 -2.21658386413e-18)
(66.2750257059 -5.57938686541 4.73429143123e-19)
(66.1033404485 -5.93466144213 -2.61879127567e-18)
(65.9176780402 -6.28374214118 -2.24415474688e-18)
(65.7179397123 -6.62581455572 3.96346228319e-18)
(65.5041006641 -6.96003051364 1.90539823737e-18)
(65.2767227604 -7.28552243955 -1.07413541014e-18)
(65.0365793726 -7.60148729675 1.57799177485e-18)
(64.7843518048 -7.90720258612 -2.61036433237e-18)
(64.5207197397 -8.20201517341 -4.82883306791e-18)
(64.2464538711 -8.48534602482 -5.50372558756e-18)
(63.9623845668 -8.75668989838 6.09723300829e-18)
(63.6693730125 -9.01561911721 1.81093433856e-18)
(63.3683106141 -9.26179456705 -9.85769840184e-19)
(63.0601196875 -9.49497165786 2.11557024303e-18)
(62.7457370403 -9.71497078691 -9.84936463359e-18)
(62.4261122807 -9.92171555869 1.26679974992e-17)
(62.1021920304 -10.1152173668 2.54637731144e-18)
(61.7749159012 -10.295570501 -1.34183560439e-17)
(61.4452058297 -10.462952087 2.12608715061e-19)
(61.1139620808 -10.6176279212 1.07723499524e-17)
(60.7820666487 -10.7599423046 2.51024286144e-18)
(60.4503451693 -10.8902789654 -7.80112823564e-18)
(60.119556773 -11.0090276304 -7.91405633442e-18)
(59.7904081716 -11.1166109652 1.08106987435e-17)
(59.4635619421 -11.2135060854 -2.1861796188e-19)
(59.1396279097 -11.3002305339 -5.6353641019e-18)
(58.8191540246 -11.3773244834 8.35160016396e-18)
(58.5026242913 -11.4453373454 5.97044075399e-18)
(58.1904588 -11.5048198213 4.22080703565e-19)
(57.8830218938 -11.5563086427 -5.91653745888e-18)
(57.5805945094 -11.6004182942 8.18241686589e-18)
(57.2833749463 -11.6377841541 8.11424794223e-18)
(56.991502 -11.6690119727 -1.89804606159e-17)
(56.7050513624 -11.6946657339 -7.98438434051e-18)
(56.4241645113 -11.7153050833 1.31173864155e-17)
(56.149075901 -11.7313628161 -7.86759372568e-18)
(55.8797793571 -11.7431562981 8.03105857472e-18)
(55.6160738843 -11.750939964 9.89144368474e-18)
(55.3578243562 -11.7549723996 -1.23117865796e-17)
(55.1049546023 -11.755500147 -2.4491370459e-18)
(54.8573561355 -11.7527484806 -2.27968105589e-18)
(54.6148920037 -11.7469240481 2.38996598835e-18)
(54.3772473676 -11.7381968135 2.12645584008e-18)
(54.1439512089 -11.7267305822 2.15877010744e-18)
(53.9146196648 -11.7126941693 6.59272002479e-18)
(53.6890428967 -11.6962431267 -1.08326346958e-17)
(53.4671898974 -11.6775343169 -6.31398202397e-18)
(53.2489002588 -11.656607764 1.0522679295e-17)
(53.0342843967 -11.6321522887 -1.04584867875e-17)
(65.0153758276 1.40740436936 -1.8241668933e-20)
(65.0995666397 1.14177816905 1.21126525846e-18)
(65.1719028798 0.874389139314 -7.18396879946e-19)
(65.2357434808 0.602245736121 -4.32668120877e-19)
(65.2908423362 0.325547439256 1.29061439746e-18)
(65.336775448 0.0445616944558 -2.63015425712e-18)
(65.3732153785 -0.240429228909 -2.71854892588e-18)
(65.3998844748 -0.529116601519 1.8577187376e-18)
(65.4164970044 -0.821162494453 2.81687210509e-18)
(65.4227856395 -1.1162044367 8.01251472758e-19)
(65.4183869008 -1.41383001542 7.07413592704e-19)
(65.4031139065 -1.71365910313 4.06069384023e-19)
(65.3760487661 -2.01505250495 -2.03073573761e-18)
(65.3335395826 -2.31814192586 5.37635120135e-19)
(65.2792605787 -2.62159930381 1.1081145332e-19)
(65.2175671362 -2.92460042808 7.55166160194e-19)
(65.1450642927 -3.22721388964 6.0383213977e-19)
(65.0623282296 -3.52897573688 -1.31290685012e-18)
(64.9711136355 -3.82905494891 -9.094494719e-19)
(64.8670611907 -4.12735833867 1.67786229689e-19)
(64.7472875443 -4.42318450012 9.5685075844e-19)
(64.6143486817 -4.71563075212 -9.74333447359e-19)
(64.4703222346 -5.00404616499 -2.70196190398e-18)
(64.3155726775 -5.2878660143 1.2495938825e-18)
(64.149761972 -5.56656536887 3.85458845304e-18)
(63.9729944101 -5.83960236116 -6.44343329169e-19)
(63.785786362 -6.10644128942 3.77744437554e-19)
(63.5886562289 -6.36658983708 -7.19709301753e-18)
(63.3820530492 -6.61959858742 1.15826354181e-18)
(63.1664633398 -6.86505597575 8.35386456155e-18)
(62.942438203 -7.10259199595 -4.57431542364e-19)
(62.7105643456 -7.3318744738 3.45242352228e-18)
(62.4714479199 -7.55261077328 -1.55823678267e-17)
(62.2257149668 -7.76455760626 -4.77012800932e-18)
(61.9740094146 -7.96752355979 1.08111550025e-17)
(61.7169865644 -8.16136770659 1.44909727827e-18)
(61.4553064908 -8.34599936437 1.85249561366e-19)
(61.1896277871 -8.52137713156 -6.03265456541e-18)
(60.9206010637 -8.68750818064 5.80563466299e-18)
(60.6488671167 -8.84444613173 6.46896956063e-18)
(60.3750575884 -8.99229918195 -6.46893897351e-18)
(60.099783404 -9.1312355629 6.49725021604e-18)
(59.8236254351 -9.26144213296 -2.82560003429e-19)
(59.5471132166 -9.38310514871 -1.77359100625e-17)
(59.2707410284 -9.49643530175 1.32348640825e-19)
(58.9949799964 -9.60168128598 1.3569268509e-17)
(58.7202740066 -9.69912103614 4.42209556964e-18)
(58.4470299018 -9.78905096525 -2.34976153556e-18)
(58.1756157672 -9.87178084349 -2.37321263632e-18)
(57.9063619559 -9.94762865176 4.45452562454e-18)
(57.6395623324 -10.0169155943 6.45618806689e-20)
(57.3754760818 -10.0799640135 -2.0729976846e-18)
(57.1143255242 -10.1370936236 4.80426201139e-22)
(56.8562907892 -10.1886157619 -2.34388931011e-18)
(56.6015083128 -10.2348306098 -6.80175935284e-18)
(56.3500784228 -10.2760222223 5.43696322258e-21)
(56.1020753633 -10.312482467 8.85842620766e-18)
(55.8576588801 -10.3445144857 -2.07667314145e-18)
(55.617017071 -10.3723940509 -6.57022872113e-18)
(55.3802184561 -10.3963689883 2.048103004e-18)
(55.1471742521 -10.4166560544 -1.07129444568e-17)
(54.9176819402 -10.4334125876 9.67330525379e-20)
(54.6915802899 -10.4467603237 1.44229446784e-17)
(54.4687830963 -10.4568228735 -2.02568609682e-20)
(54.2492337428 -10.4637022705 2.23973339504e-18)
(54.0328867539 -10.4674765209 4.057417899e-18)
(53.8196201421 -10.4681953339 -4.02352634685e-18)
(53.6092019753 -10.4658983489 -3.93066516675e-18)
(53.4014024507 -10.4605808055 -4.56316306092e-21)
(53.196279745 -10.45081699 6.77043128502e-18)
(63.6623353142 1.09378668183 2.03795094663e-18)
(63.7280342701 0.868453495464 -4.35796165108e-18)
(63.7835019097 0.64208634382 8.4909275269e-19)
(63.8314734907 0.412179240454 -9.57342171814e-19)
(63.8717442849 0.178924208672 -2.14573824449e-18)
(63.9040038504 -0.0574286883152 3.85278914734e-18)
(63.9280423343 -0.296620245674 -5.13802810757e-19)
(63.9436933178 -0.538374530477 -1.45538097894e-18)
(63.9507826816 -0.782399004798 -1.28010953031e-19)
(63.9491707493 -1.02838707071 -3.87638292204e-19)
(63.9385485143 -1.27600310436 -1.549386265e-18)
(63.9191410203 -1.52493729154 1.12254862779e-18)
(63.8877642902 -1.77460105129 4.75496547483e-19)
(63.8445669232 -2.02516533617 -5.27149148611e-19)
(63.7951472173 -2.27541017192 1.69822311514e-20)
(63.7386567035 -2.52539345617 -2.5503689438e-19)
(63.6726705893 -2.77479537177 -1.16361385217e-18)
(63.5996606247 -3.02315106292 -6.74207651152e-19)
(63.5195271312 -3.26996036244 8.62054841718e-19)
(63.4277234336 -3.51528076018 1.10711878726e-18)
(63.3238211913 -3.75849404867 -9.33149089621e-19)
(63.210304322 -3.99897216194 -1.52037397342e-18)
(63.0883595779 -4.23626432032 1.46604762803e-18)
(62.9579420607 -4.47002492606 9.67400128057e-19)
(62.8188314542 -4.69989197997 2.0976032106e-18)
(62.6712174844 -4.9254832618 -3.05637473287e-18)
(62.515493199 -5.14643752295 -2.49234158386e-18)
(62.3520031727 -5.36242652007 3.71402900143e-18)
(62.1810487087 -5.57314806448 -2.29628224216e-18)
(62.0029642498 -5.77832681643 -4.45310071533e-18)
(61.8181256249 -5.97771716318 -9.27241969297e-20)
(61.6269266515 -6.17109928399 -2.83703633309e-19)
(61.4297707791 -6.35827985598 3.86364000009e-18)
(61.2270747041 -6.53909866667 8.96364219018e-18)
(61.0192682796 -6.71342981881 -7.34178741675e-18)
(60.8067902348 -6.88117975514 -2.81576009638e-18)
(60.5900840061 -7.04228635747 8.00753799938e-18)
(60.3695944843 -7.19671801993 -9.42331524771e-18)
(60.1457653169 -7.3444726175 5.68205252697e-19)
(59.9190365985 -7.48557724632 6.41137088769e-18)
(59.6898472006 -7.62009355328 1.27300490342e-19)
(59.4586341068 -7.74811786913 -3.4472203648e-18)
(59.2258142205 -7.86975618881 1.60466224144e-18)
(58.9917716753 -7.98510560277 3.71317794569e-18)
(58.7568699505 -8.09427186062 -1.42758561763e-18)
(58.5214654817 -8.19738859617 -7.65463787536e-18)
(58.2859012472 -8.29460790845 1.92162104095e-18)
(58.0504956695 -8.38609865653 9.59243443759e-18)
(57.8155473685 -8.47203242987 -5.85213523749e-18)
(57.581332317 -8.55258235981 -3.88814932216e-18)
(57.3481011017 -8.62792711162 1.16839657676e-17)
(57.1160819185 -8.69824555219 1.17340881296e-17)
(56.8854799253 -8.76371397744 -1.50978896599e-19)
(56.6564766471 -8.82450542026 -7.98714977901e-18)
(56.4292310707 -8.88078809516 -1.15793712133e-17)
(56.2038813866 -8.93272235476 5.25045479969e-20)
(55.9805466315 -8.9804595733 1.15831676672e-17)
(55.7593275874 -9.02414431023 9.61637478698e-18)
(55.5403075331 -9.06393772669 -9.62280026348e-18)
(55.3235501899 -9.1000085233 -7.58440106707e-18)
(55.1091649801 -9.13251619064 1.02839273479e-19)
(54.8972994821 -9.16157705636 2.05860339488e-18)
(54.6880292862 -9.18726985042 1.72950151216e-18)
(54.4813052382 -9.20966408509 -7.53797456979e-18)
(54.2770086796 -9.22881719512 4.04329210508e-20)
(54.0750607299 -9.2447758278 9.67043615358e-20)
(53.8754295258 -9.25759136886 5.37048931262e-18)
(53.6781030207 -9.26731149781 1.23146746077e-17)
(53.4830612277 -9.27389195525 -1.67618907602e-18)
(53.2903031524 -9.27615316213 -9.57696349271e-18)
(62.4983565281 0.854382657937 -2.68475245352e-18)
(62.5499992164 0.66434395405 -1.44074438299e-18)
(62.592893918 0.473742899024 1.27878836566e-18)
(62.6292400312 0.280500672881 -3.56578603622e-19)
(62.658855659 0.0847916131918 1.29901316613e-18)
(62.6815064863 -0.113162911757 1.2131092145e-18)
(62.6970561587 -0.313136867605 -4.80545431753e-19)
(62.7054028961 -0.514894508481 5.88948206718e-19)
(62.7064329495 -0.718191752678 8.52577979178e-19)
(62.7000652007 -0.922776016465 3.0345315632e-19)
(62.6860788511 -1.12838758532 -4.95347713893e-19)
(62.6647326047 -1.3347533524 -2.55987696847e-19)
(62.6331682191 -1.54153550129 1.40887228399e-19)
(62.5924296197 -1.74828401408 9.98999378864e-20)
(62.5461413723 -1.95467834531 8.8311438673e-20)
(62.4933190541 -2.16093361281 -1.83727974662e-19)
(62.433849987 -2.36657731155 2.50754788509e-19)
(62.3694097688 -2.57111055079 7.81937507707e-19)
(62.2980619026 -2.774455896 8.74959509213e-19)
(62.2161153773 -2.97655574484 6.77991410637e-19)
(62.1248540248 -3.17691190808 -3.45020119098e-18)
(62.026273502 -3.37511973581 8.14296642975e-19)
(61.9208739884 -3.57089245977 1.2186898543e-18)
(61.8084653296 -3.76400805519 -2.17455028302e-18)
(61.6889519403 -3.95422561142 -1.35649420085e-18)
(61.5625474226 -4.14129261287 2.87286012196e-18)
(61.4295528524 -4.32497423626 1.36433284699e-18)
(61.290211593 -4.5050587693 -1.78139945261e-20)
(61.1447471308 -4.68135066287 5.36739298009e-18)
(60.9934144554 -4.853670966 -2.55546905809e-18)
(60.8364954374 -5.02185932263 -2.8369796926e-18)
(60.6742816874 -5.18577022304 -7.89915113523e-19)
(60.5070706631 -5.34527298327 -5.66392897514e-19)
(60.3351689732 -5.50025654789 1.20643498767e-18)
(60.1588921056 -5.65063027725 2.38009595912e-18)
(59.9785611037 -5.79632242809 1.69309883426e-18)
(59.7944997018 -5.93727948117 1.07166022395e-18)
(59.6070322369 -6.07346554131 5.44436766784e-18)
(59.4164820017 -6.20486179904 -3.92772438804e-18)
(59.2231698712 -6.33146676715 -4.27847447411e-18)
(59.0274168368 -6.45330108967 3.1040667346e-18)
(58.8295443621 -6.57040809372 -3.16276346531e-18)
(58.6298592191 -6.68283482457 1.61119965279e-19)
(58.4286427245 -6.7906186936 3.36137786842e-18)
(58.2261626974 -6.89380181629 -1.42592535678e-18)
(58.0226843218 -6.99244323119 -6.51812217911e-18)
(57.8184645154 -7.08661515432 -3.23441207275e-18)
(57.613750755 -7.1763904377 3.21257368731e-18)
(57.408772475 -7.26185019005 1.6329816365e-18)
(57.203744007 -7.34308124497 -4.98607904212e-18)
(56.9988677428 -7.42016698971 -4.09728835502e-20)
(56.7943305948 -7.49319245552 4.82720614873e-18)
(56.5903043925 -7.56224423296 -1.91958048321e-18)
(56.3869471596 -7.62740606613 3.30744343143e-18)
(56.1844033931 -7.68875902532 5.45940791918e-20)
(55.9828036108 -7.74638213253 -3.34102570643e-18)
(55.7822652805 -7.80035157484 1.75762819098e-18)
(55.5828947218 -7.85074046255 1.78286768726e-18)
(55.3847916003 -7.89762290195 5.01261496827e-18)
(55.1880515967 -7.94107781849 -1.71773351811e-18)
(54.9927546876 -7.9811755448 5.11671116286e-20)
(54.7989504262 -8.0179756376 -7.90784159894e-20)
(54.6066655473 -8.05153451366 -6.70920661839e-18)
(54.4159689175 -8.08191655869 3.28930234467e-18)
(54.2269793778 -8.10917976922 6.62506213858e-18)
(54.0397297426 -8.13336814348 -3.23927740077e-18)
(53.8541627941 -8.15450736667 -4.81039830307e-18)
(53.6702392007 -8.172614894 1.64929147178e-18)
(53.4879628916 -8.1876690728 4.73961424189e-18)
(53.307273001 -8.19851634221 -3.14479578716e-18)
(61.5037308353 0.668509089796 -9.42897155202e-19)
(61.5443978937 0.509217282145 -1.53693806924e-18)
(61.5775992685 0.34965045783 -6.57241723438e-19)
(61.605064595 0.188096231115 -1.53815910173e-18)
(61.6266179238 0.0247013017 -4.55303768951e-19)
(61.6420799876 -0.14034966152 4.49000044258e-19)
(61.6513681813 -0.30686890641 -1.96520466245e-18)
(61.6544217611 -0.474662237172 8.79078722856e-19)
(61.6511742633 -0.643531460729 1.18012868022e-18)
(61.6415602827 -0.813271659768 2.6878032601e-19)
(61.625468321 -0.983679211694 -1.43732694126e-19)
(61.6029565826 -1.15452862764 3.72512536256e-19)
(61.5719345697 -1.32559314279 -1.14240961183e-19)
(61.533602708 -1.49644394931 1.85793384202e-19)
(61.4900650754 -1.66698237367 3.38184539507e-19)
(61.4408116935 -1.83722000187 5.02127124985e-19)
(61.3870954475 -2.0068642359 1.48688136928e-19)
(61.3292825631 -2.17547947859 -1.42531828524e-19)
(61.2645519084 -2.34328708788 6.46540572895e-19)
(61.1908859896 -2.51006252588 -1.52579664678e-18)
(61.1100054591 -2.67538868333 -4.96491987381e-19)
(61.0233183332 -2.83900383618 2.13641646503e-18)
(60.9310102568 -3.00072920224 -2.94139680152e-18)
(60.8328233545 -3.16041131705 -1.71938364333e-19)
(60.7287581253 -3.31787873767 3.4906144055e-18)
(60.6190389695 -3.47295574453 1.80875224001e-18)
(60.5038876485 -3.6254828854 -1.76929779758e-18)
(60.383473409 -3.77531776136 -2.05210538677e-18)
(60.2579663995 -3.9223292039 1.44628819554e-18)
(60.1275610401 -4.06639814825 -4.61659858777e-19)
(59.9924669351 -4.20741889358 -9.61330155493e-19)
(59.8528983425 -4.34529585644 4.56671934285e-18)
(59.7090725832 -4.47994325032 -8.65024323366e-19)
(59.5612130763 -4.6112884476 -3.92363535324e-18)
(59.4095493407 -4.73927230699 9.91401404072e-19)
(59.2543146387 -4.86384775739 -3.47663162802e-18)
(59.0957441649 -4.98497905688 2.20504828591e-18)
(58.9340738556 -5.10264114374 2.12134466116e-18)
(58.7695394744 -5.2168190796 -6.30649184726e-18)
(58.6023758948 -5.32750814364 3.55668542785e-18)
(58.4328195535 -5.43471761862 -2.60029094793e-18)
(58.261109198 -5.53847134763 -3.94488961916e-18)
(58.0874738081 -5.63879287982 1.17105360461e-17)
(57.9121235676 -5.73569492188 1.05172335188e-18)
(57.7352596739 -5.82919062189 -8.26636054691e-18)
(57.5570834351 -5.91930350783 -5.49917570928e-18)
(57.3777930985 -6.00606433877 1.58330266096e-18)
(57.1975794189 -6.08950663611 1.49096551386e-18)
(57.0166246863 -6.1696650224 1.92184049902e-20)
(56.8351025328 -6.24657426202 -4.40135971006e-18)
(56.6531778711 -6.32027107782 -7.18783033707e-18)
(56.4710069901 -6.39079078174 2.99239186563e-18)
(56.2887377751 -6.45816636342 7.35783546659e-18)
(56.1065073349 -6.52243683146 1.20000582205e-17)
(55.9244457949 -6.58363310477 -3.09203528886e-18)
(55.7426740642 -6.64178396997 -5.86831234576e-18)
(55.5613043457 -6.69691807881 1.21622140786e-17)
(55.3804417741 -6.74906271069 -4.52162890225e-18)
(55.2001879167 -6.79824648773 -4.56097656906e-18)
(55.0206438021 -6.84450314538 4.44813723669e-18)
(54.8418999936 -6.88786328573 -1.2104501603e-17)
(54.6640253551 -6.92834257867 1.59630388976e-18)
(54.4870754313 -6.96594777029 4.31835539491e-18)
(54.3111078774 -7.00068969076 -3.0166693678e-18)
(54.1361752779 -7.03259159979 3.04121649425e-18)
(53.9623673688 -7.06168687491 -1.5835370885e-20)
(53.789809401 -7.08800238016 5.92799565795e-18)
(53.6185661677 -7.1115572919 -2.92498642394e-18)
(53.4486393948 -7.13231191115 -8.63154958029e-18)
(53.2798735224 -7.14931330017 1.17013450189e-17)
(60.6614281245 0.524642751981 -1.30629858063e-18)
(60.6936232311 0.392188404238 -1.38902996014e-21)
(60.7194512581 0.259615633456 -1.69652756115e-18)
(60.7402288526 0.125530909486 -1.2192817103e-18)
(60.7557762548 -0.00994393867234 2.11087454413e-18)
(60.7659557521 -0.146657040199 1.47463061241e-19)
(60.7707229148 -0.284454340693 -1.30463874601e-18)
(60.7700441782 -0.423177699507 -7.40602985526e-19)
(60.7638766525 -0.562666712747 -1.85620347664e-19)
(60.7521803282 -0.702759279803 2.35000473992e-19)
(60.7348754223 -0.843288933354 3.52767382567e-19)
(60.7120314807 -0.984091772753 8.4409012695e-20)
(60.6819849578 -1.12495649114 2.9150983516e-19)
(60.6457052101 -1.26556310883 -4.11379870457e-20)
(60.6046070165 -1.40595064137 5.2734526442e-20)
(60.5586799056 -1.54594769758 -3.59235710033e-19)
(60.509878937 -1.68535526967 -2.67928380391e-19)
(60.4570955268 -1.82393513094 1.32757304707e-19)
(60.3972981217 -1.96199259881 0)
(60.3302283859 -2.09923862172 -2.01949042372e-19)
(60.2575464588 -2.2353326448 8.42543566009e-19)
(60.1800422992 -2.37008928344 -1.21044811244e-19)
(60.0976554562 -2.50341764653 -2.34982326803e-18)
(60.0102114797 -2.63521657021 2.95009956121e-19)
(59.9177883803 -2.76536187576 -8.14489032186e-19)
(59.8205822959 -2.89373411709 -1.66020997021e-18)
(59.7187558205 -3.02022944281 2.57371899577e-18)
(59.6124365892 -3.14475469715 2.58636085249e-18)
(59.5017615512 -3.26722375737 -2.04102977956e-18)
(59.3868867813 -3.38755896523 -1.70253011214e-18)
(59.2679771961 -3.505691718 2.44901486683e-18)
(59.1451994885 -3.62155962174 1.74479935769e-18)
(59.018722176 -3.73510600345 1.40820671732e-18)
(58.8887181601 -3.84628231655 -9.01789392213e-19)
(58.7553645223 -3.95504827773 -3.72598342919e-18)
(58.6188406663 -4.06137067804 -1.00946065873e-18)
(58.4793270745 -4.16522274107 2.35276517629e-18)
(58.3370045621 -4.26658358867 -2.12900985401e-18)
(58.1920537106 -4.36543781043 -3.1980896469e-18)
(58.0446544496 -4.46177557545 3.37569011394e-18)
(57.8949882763 -4.55559555733 2.01431929658e-18)
(57.7432391387 -4.64690547159 1.45137459362e-19)
(57.589583721 -4.73571096673 -2.37956365549e-18)
(57.4341840984 -4.82200759776 -1.28491875499e-18)
(57.2771959023 -4.90578942111 3.52162792866e-18)
(57.1187759531 -4.98705680977 3.50192419729e-18)
(56.9590799022 -5.06581425008 1.30073656743e-18)
(56.7982586241 -5.14206722708 -2.32838395333e-18)
(56.6364573021 -5.21582127311 -1.15147745444e-18)
(56.4738155733 -5.28708155994 -5.18266311791e-18)
(56.3104675483 -5.35585260808 4.05119839304e-18)
(56.1465417065 -5.42213804583 9.22984793421e-18)
(55.9821604158 -5.48594077562 -1.2405927545e-18)
(55.8174418786 -5.54725670896 -5.30701501985e-18)
(55.6524963215 -5.60608760135 -2.70972594655e-18)
(55.4874288614 -5.66243165578 1.40534731091e-18)
(55.3223401713 -5.71628530266 8.14130331896e-18)
(55.1573261317 -5.76764756415 1.28495277137e-18)
(54.9924807991 -5.81651909102 -8.15240376875e-18)
(54.8279000232 -5.8629048782 -8.14088895057e-18)
(54.6636708091 -5.906805531 1.44741109094e-18)
(54.4998623103 -5.94821230626 6.67430635261e-18)
(54.3365368361 -5.98711899165 -1.41594357715e-18)
(54.1737583685 -6.02352478907 4.09197569654e-18)
(54.0115899346 -6.05742936776 1.37013841788e-18)
(53.8500914687 -6.08883218192 -4.03821349216e-18)
(53.6893209241 -6.11774222719 -1.27616029112e-18)
(53.5293330328 -6.1441768469 6.81896130875e-20)
(53.3702447066 -6.16812424504 -8.88457609057e-20)
(53.2119734479 -6.18868584699 -9.74043994686e-20)
(59.9561115854 0.40911512717 8.77636533973e-19)
(59.9815639222 0.300369055258 7.39526305676e-19)
(60.0015600323 0.191601555214 9.01332543874e-19)
(60.0170679557 0.0816941818796 3.00321137792e-19)
(60.0278964926 -0.0292539146739 -2.46242090508e-19)
(60.0339358635 -0.141120266654 -1.04566285132e-19)
(60.0351690902 -0.253781266025 -1.31104850401e-18)
(60.0315811093 -0.367111105324 1.07266272706e-18)
(60.0231433699 -0.480982968918 -1.75740349295e-19)
(60.0098342639 -0.595271166668 -5.72421873425e-19)
(59.991591098 -0.709845177336 0)
(59.9684961029 -0.824581993163 -3.80119727748e-20)
(59.9393638587 -0.939321739582 1.72793829212e-19)
(59.9045317998 -1.05380517585 8.32009142215e-20)
(59.8653620203 -1.16812577067 -2.60154437177e-19)
(59.8226088769 -1.28199807646 -1.01931190171e-19)
(59.7776520852 -1.39525263739 4.66295653104e-19)
(59.7282236526 -1.50805492686 -1.27662816634e-19)
(59.6719675209 -1.62046572818 -4.16382506451e-19)
(59.6101007857 -1.73217678322 -1.55024243848e-18)
(59.543865021 -1.8429625531 -1.71588191273e-19)
(59.4734630963 -1.95272155803 2.71228619057e-18)
(59.3987109382 -2.06140029827 2.57533837566e-19)
(59.3195613951 -2.16892275498 -2.71779518746e-18)
(59.2361442467 -2.2751988881 4.06549037171e-19)
(59.1486135768 -2.3801479167 5.38692199658e-18)
(59.0570848368 -2.48370193587 -4.13774301636e-19)
(58.9616601772 -2.58579981216 -3.44130849601e-18)
(58.8624544207 -2.68638490716 -2.49516507494e-18)
(58.7595937177 -2.78540694249 2.10876827744e-18)
(58.6532086074 -2.8828223651 4.17436316215e-18)
(58.5434305274 -2.97859179398 -2.02773202017e-18)
(58.430391996 -3.07267944339 -2.20501976088e-18)
(58.3142283944 -3.16505488831 -5.60400417149e-20)
(58.1950778305 -3.2556930852 1.4770493029e-22)
(58.0730798406 -3.34457335008 5.09323203551e-18)
(57.9483745607 -3.43167875144 -5.1921904642e-20)
(57.8211022664 -3.51699560302 -7.18379102524e-18)
(57.6914030565 -3.60051305923 2.01033878011e-18)
(57.5594166548 -3.68222314586 9.89546160348e-19)
(57.4252842767 -3.76212308682 -2.08909200558e-18)
(57.2891494647 -3.84021576498 -1.98599342767e-18)
(57.151150567 -3.91650086688 2.01326028875e-18)
(57.0114149335 -3.99096854031 2.20588430538e-18)
(56.8700653331 -4.06360628482 -5.25374064169e-18)
(56.727226077 -4.13440519379 3.38315068242e-18)
(56.5830212768 -4.20335832795 5.36429476212e-18)
(56.4375720735 -4.27045840969 -2.30634599738e-18)
(56.2909959553 -4.33569718409 -2.23860375501e-18)
(56.1434068588 -4.39906521204 0)
(55.9949152526 -4.46055181049 -2.28481083016e-18)
(55.845628098 -4.52014504116 3.46916242416e-18)
(55.6956487473 -4.57783176438 5.80756263163e-18)
(55.5450771954 -4.63359771146 -3.64139175555e-18)
(55.3940101139 -4.68742720834 -3.68339112284e-18)
(55.2425411317 -4.73930624713 2.50127948421e-18)
(55.0907606554 -4.78921953617 3.62023366418e-18)
(54.9387562272 -4.83715142318 -8.74166911018e-18)
(54.7866153087 -4.8830928071 -7.28320263304e-18)
(54.6344278689 -4.92703339172 7.42739942495e-18)
(54.4822756444 -4.9689583772 3.74487885256e-18)
(54.3302244892 -5.00884510189 -2.55347604449e-18)
(54.178338695 -5.04667889744 -1.19074711526e-18)
(54.0266872723 -5.08245472352 2.52961843064e-18)
(53.8753365099 -5.11616321486 1.14817415687e-18)
(53.7243483667 -5.14779200008 -2.44414825449e-18)
(53.5737828552 -5.17732400038 -1.26843292766e-18)
(53.4236885643 -5.20473971531 1.18406897787e-18)
(53.2741471072 -5.22999649764 -1.18341869416e-18)
(53.1250930955 -5.2524184921 -1.29565711249e-18)
(59.3766845311 0.318148138692 -3.16523806595e-18)
(59.3971057513 0.230124813372 1.04566438014e-19)
(59.4127837956 0.142115909752 1.91230073126e-18)
(59.4244080963 0.0532435959886 9.55008392415e-19)
(59.4317825487 -0.036413103914 -1.25599883548e-18)
(59.434819748 -0.126757543864 8.02923142701e-19)
(59.4335223136 -0.217691499802 -7.50909366232e-19)
(59.4278893467 -0.309115390614 -1.26859595754e-18)
(59.4179003071 -0.400929734159 9.44634618645e-19)
(59.4035540326 -0.493037663364 -2.64522872636e-19)
(59.3847912111 -0.585342107529 1.02199493465e-20)
(59.361724207 -0.677758322635 1.40664203609e-19)
(59.3333909265 -0.770180133983 -5.12522440109e-20)
(59.29979858 -0.862453039803 -5.67124663143e-20)
(59.2625260448 -0.954538436899 -1.32884008019e-19)
(59.2228072299 -1.04617808033 2.91415584315e-19)
(59.1803425456 -1.13731231533 -2.129816051e-19)
(59.1328911466 -1.22831942311 -6.30918890651e-19)
(59.0798873856 -1.31899853278 0)
(59.0224366064 -1.40907204702 -8.30491799274e-19)
(58.9611908705 -1.49842716479 1.25565001013e-18)
(58.8961516472 -1.58703090572 3.2225069156e-19)
(58.8271944336 -1.67484291526 -1.09866494998e-18)
(58.7543585476 -1.76180026234 3.27852776779e-19)
(58.6777702538 -1.84783914621 -2.76042412468e-18)
(58.5975418157 -1.93290697874 4.20750458404e-20)
(58.5137608314 -2.01695967218 2.88602435887e-18)
(58.4265161863 -2.09995669769 4.97064631083e-19)
(58.3359069541 -2.18186095904 5.63825338756e-19)
(58.2420376919 -2.26264025426 6.70534962933e-19)
(58.1450151899 -2.34226714392 1.163719851e-18)
(58.0449471291 -2.42071690956 6.1012683299e-19)
(57.941942084 -2.4979670048 -6.51836397822e-19)
(57.8361104457 -2.57399828457 -1.54500876121e-18)
(57.7275642783 -2.64879495291 -3.72936389015e-18)
(57.6164164827 -2.72234371832 -1.6524932527e-18)
(57.5027802476 -2.79463327363 2.1544833001e-18)
(57.3867687333 -2.86565386121 1.84229168376e-18)
(57.2684948783 -2.93539692699 -1.27097062001e-21)
(57.1480713266 -3.00385512997 -2.60793190782e-18)
(57.0256119376 -3.07102403051 -7.54729867414e-19)
(56.9012325186 -3.13690246484 1.7088237606e-18)
(56.7750451168 -3.20148607217 3.83189751836e-18)
(56.6471535216 -3.26476245814 1.89489611759e-18)
(56.5176581903 -3.32671623848 -2.01057589018e-18)
(56.3866610516 -3.38733384494 -3.91640189572e-18)
(56.2542642515 -3.44660241495 -2.01286102242e-20)
(56.1205680832 -3.50450811678 3.05524163039e-18)
(55.9856704888 -3.56103574458 -9.49583375463e-19)
(55.8496671395 -3.61616864386 -3.21065912093e-18)
(55.7126515105 -3.66988875023 -2.07251918191e-18)
(55.574714849 -3.72217668335 1.0245098653e-18)
(55.43594613 -3.77301188427 2.12923230869e-18)
(55.2964320523 -3.8223727839 -4.40122844329e-18)
(55.1562570796 -3.87023705933 8.16250490693e-20)
(55.0155034211 -3.91658184073 1.11873203702e-17)
(54.8742510011 -3.96138425015 -1.16425767299e-20)
(54.7325780799 -4.00462015172 -5.735197642e-18)
(54.5905637246 -4.04626512767 -4.73318082926e-20)
(54.4482890065 -4.08630427576 1.22430313186e-18)
(54.3058297728 -4.12471610705 1.62568547951e-20)
(54.1632484388 -4.16147497209 -2.47428258159e-18)
(54.0206032067 -4.19655811155 -3.43572879179e-18)
(53.8779581289 -4.22995138407 3.65286785601e-18)
(53.7353778373 -4.26164242356 4.61815865193e-18)
(53.5929229615 -4.2916166868 -2.35990107189e-18)
(53.4506497616 -4.31985161206 1.11520245248e-18)
(53.3085991512 -4.34630799687 1.19317880708e-18)
(53.1668403798 -4.37094102703 -5.73424833611e-18)
(53.025348433 -4.39310197882 1.13102898456e-18)
(58.9082558018 0.241266878495 -3.17621738603e-19)
(58.9244286544 0.172452606252 1.4610747569e-19)
(58.9365127886 0.103674288166 1.04472886878e-19)
(58.9449105509 0.0342576986688 1.59766148268e-18)
(58.9493938233 -0.035735149733 2.43084522621e-19)
(58.9498928897 -0.106228769485 -1.88599075738e-20)
(58.9464302022 -0.177147438377 1.80429053093e-18)
(58.9390136067 -0.248414459137 -6.11425645708e-19)
(58.9276253891 -0.319953054824 -6.20372362528e-19)
(58.9122664274 -0.391687119565 -6.41184265504e-19)
(58.8928848797 -0.463544940683 -5.26248185244e-19)
(58.8695918191 -0.535465633983 1.84624175989e-19)
(58.8415405023 -0.607380733161 8.02924721349e-20)
(58.8088031982 -0.679197926592 5.76139479776e-20)
(58.7732098172 -0.750780817082 -3.3225377053e-21)
(58.735579555 -0.821938603942 -1.35209594559e-19)
(58.6943800043 -0.892871702271 -4.76437875593e-19)
(58.6481106462 -0.963710013437 6.24469349038e-19)
(58.5975027193 -1.0342486053 3.977435229e-20)
(58.5433526828 -1.10431609937 -4.36249008058e-19)
(58.4857648597 -1.17386166604 8.57275915231e-19)
(58.4246362251 -1.24287287738 7.35159443353e-19)
(58.3599640949 -1.31131534783 2.98415183824e-20)
(58.2918376744 -1.37914269854 -7.98831832812e-19)
(58.2203571635 -1.44631389817 1.07624506378e-18)
(58.1456017986 -1.51279639524 2.50073084716e-18)
(58.0676453433 -1.57856208157 -1.31424890246e-18)
(57.9865681854 -1.6435850052 -1.89117590225e-18)
(57.9024557378 -1.70784194468 -4.19533699247e-19)
(57.8153959253 -1.77131328607 -6.41029613909e-19)
(57.7254783004 -1.83398272205 5.09180433727e-19)
(57.6327931906 -1.89583563527 -5.09091853545e-20)
(57.5374316093 -1.95685871849 -7.50022026835e-19)
(57.4394857653 -2.01704092917 -7.25722750214e-20)
(57.3390488892 -2.07637341769 -1.35475130931e-18)
(57.236214654 -2.13484886142 -1.33316032472e-18)
(57.1310768051 -2.19246104369 6.73277463879e-18)
(57.0237289437 -2.2492044916 -2.02468831479e-20)
(56.9142643872 -2.30507418078 -3.13577053624e-18)
(56.80277613 -2.36006550549 5.63845435297e-18)
(56.689357999 -2.41417566332 -2.49222617492e-18)
(56.5741052132 -2.46740393928 -4.17602345167e-18)
(56.4571101432 -2.51974635975 9.91587414963e-19)
(56.3384589868 -2.57119186194 -1.79617066297e-18)
(56.2182354588 -2.62172642668 -2.67572193264e-18)
(56.0965243968 -2.67133684667 1.69259352157e-18)
(55.9734108907 -2.72000982839 4.67109124937e-18)
(55.8489788154 -2.76773070634 1.93647621349e-18)
(55.7233105054 -2.81448315698 -4.77454616904e-18)
(55.5964868333 -2.8602491855 -9.78001174154e-19)
(55.4685872854 -2.90500921386 1.02453482645e-18)
(55.3396899628 -2.94874222333 1.16283650252e-19)
(55.2098715675 -2.99142593603 1.97648337054e-18)
(55.0792074081 -3.03303702962 2.03378999156e-18)
(54.9477714226 -3.07355138194 3.09962052292e-20)
(54.8156362075 -3.11294434832 -7.22141198403e-18)
(54.6828731028 -3.15119107955 -1.83157880249e-20)
(54.5495526189 -3.18826705493 1.96003333054e-18)
(54.4157467445 -3.22414979524 3.28508548786e-18)
(54.2815306377 -3.25882005592 5.35514123325e-18)
(54.146976637 -3.29226371675 -6.53254071298e-18)
(54.0121455767 -3.3244562867 -3.20553467762e-18)
(53.8770922463 -3.35537687734 2.21406019438e-18)
(53.7418757212 -3.38500497536 8.72212693278e-20)
(53.6065579369 -3.41332251521 3.15294521442e-18)
(53.4711993119 -3.44031574459 -1.03783475939e-19)
(53.3358577892 -3.46596932473 3.26497355376e-18)
(53.2005822833 -3.49026306087 -2.24962824071e-18)
(53.0654228014 -3.51314488248 -3.0921496211e-18)
(52.9303859166 -3.53413724848 -4.29877457161e-19)
(58.5510288952 0.176846710664 2.76893688968e-18)
(58.564541745 0.124466290186 -4.55470635993e-19)
(58.5742727912 0.0721263643267 -2.00705774161e-18)
(58.5805520318 0.0193331297383 -7.04443837127e-19)
(58.5831841328 -0.0338733116178 -5.00516128222e-19)
(58.582105542 -0.0874423916375 8.68488761004e-19)
(58.577341386 -0.141320746875 5.20899634128e-19)
(58.5689063474 -0.195454163716 -2.49347049552e-19)
(58.5567909997 -0.249789544766 2.51831753036e-19)
(58.5410019614 -0.304274340009 3.20740745862e-19)
(58.5214922489 -0.358856555785 -3.83281384066e-19)
(58.4983823135 -0.413476977985 -3.87552451528e-20)
(58.4708149406 -0.468080548638 -6.95799928735e-20)
(58.4390666076 -0.522568032532 -4.28277429474e-21)
(58.4051712966 -0.576751110969 -9.19596410669e-20)
(58.3688640552 -0.630749752072 -4.47188877036e-20)
(58.3284625511 -0.684792139012 1.99653570321e-19)
(58.2836637188 -0.738720272164 6.02947021636e-19)
(58.2352500264 -0.79234761646 -2.82747570182e-19)
(58.1836132433 -0.845624571825 -6.03293250686e-20)
(58.1286960167 -0.89854248255 2.49564870154e-20)
(58.0704525106 -0.951076892356 -2.7862522463e-19)
(58.0089413043 -1.00319345069 -6.26810810318e-19)
(57.9442524068 -1.05486045157 -1.3268036809e-18)
(57.8764646001 -1.10605304698 -1.0062650527e-18)
(57.8056448276 -1.1567510852 2.73446025587e-18)
(57.7318612733 -1.20693670877 2.04352582229e-18)
(57.6551880908 -1.25659417065 9.03309123287e-19)
(57.5757018435 -1.3057101352 -9.89483633634e-19)
(57.4934796557 -1.35427389563 -3.09400762624e-18)
(57.4085993704 -1.40227706715 1.6743297947e-18)
(57.3211393271 -1.44971239568 2.13461307194e-20)
(57.231178112 -1.49657335054 -1.29377137278e-18)
(57.1387946583 -1.54285470603 1.20419626769e-18)
(57.044068177 -1.58855243111 2.04291501284e-18)
(56.9470779307 -1.63366313304 2.05359498773e-18)
(56.8479031027 -1.67818369978 -1.39605176965e-18)
(56.7466227529 -1.7221110095 -2.21387311332e-18)
(56.6433158285 -1.76544170684 -1.46912151227e-20)
(56.5380612646 -1.80817220233 -2.32146426354e-18)
(56.4309388864 -1.85029959 -6.13779900851e-20)
(56.3220298655 -1.8918219106 6.33408210104e-18)
(56.2114137602 -1.93273467326 -4.98794915814e-20)
(56.0991660644 -1.9730281083 -2.38403846556e-18)
(55.9853607252 -2.01268992004 -2.60405938613e-18)
(55.8700727175 -2.05170807297 -2.67923095845e-18)
(55.753377424 -2.09007025991 3.63432346863e-18)
(55.6353495485 -2.12776301534 2.65200335902e-18)
(55.516062818 -2.1647715442 -9.44398392749e-19)
(55.3955899622 -2.20107973502 -2.70944463342e-18)
(55.2740027081 -2.23667023691 -3.0957559594e-21)
(55.1513717376 -2.27152456944 -1.90098574602e-18)
(55.0277666432 -2.30562325557 8.77201383347e-19)
(54.9032559052 -2.33894597552 1.87567368011e-18)
(54.777906886 -2.37147174064 -9.20659974808e-19)
(54.6517858397 -2.40317908808 -2.99573999994e-21)
(54.5249579782 -2.4340463208 -2.94384278633e-18)
(54.3974878341 -2.46405189569 5.56703899122e-20)
(54.2694411222 -2.49317570263 2.02680281969e-18)
(54.1408865025 -2.52140003767 -4.98213718132e-20)
(54.0118902171 -2.5487093925 -9.69969552406e-19)
(53.882509108 -2.57508693288 1.07374419581e-18)
(53.7527952867 -2.60050762783 -2.03744917366e-18)
(53.6228022812 -2.62495549056 2.2415144989e-20)
(53.4925853681 -2.64841459333 4.05355382104e-18)
(53.3621992148 -2.67087234069 -8.50225388487e-21)
(53.2316985574 -2.69232075928 4.09526638555e-18)
(53.1011308152 -2.71275118104 5.02842032969e-18)
(52.9705687199 -2.732143082 -4.11956355398e-18)
(52.8400580008 -2.75002063274 -1.34982772221e-18)
(58.2797367152 0.124568868241 4.70973352853e-19)
(58.2906913783 0.0889716173126 8.20277371526e-19)
(58.2984489082 0.0533681962712 -3.57953532456e-19)
(58.3029709351 0.0174276806924 -6.84374269284e-19)
(58.3039784501 -0.018809642846 -1.23820459896e-20)
(58.3014349311 -0.0552978225323 1.03570280815e-18)
(58.295393793 -0.0919926716348 1.81973639135e-19)
(58.2858723249 -0.128848832992 -6.24884654413e-19)
(58.2728567961 -0.165819400098 1.01239402356e-19)
(58.2563443853 -0.202854165916 1.0404045441e-21)
(58.2363019748 -0.239898617848 -1.03163483436e-20)
(58.2128333156 -0.276882639313 -1.3398264134e-20)
(58.1853274528 -0.313790728755 -1.25274178829e-20)
(58.1545401446 -0.350406421857 -6.8402524356e-20)
(58.1213259576 -0.386812203495 1.50083185844e-20)
(58.084649976 -0.423264211112 -1.68594772755e-20)
(58.0442641027 -0.459787007519 -6.86755029283e-20)
(58.0005281701 -0.496232991226 -5.76538305535e-19)
(57.953668695 -0.532531168451 8.39781181801e-19)
(57.9036937576 -0.568686628603 6.10802597758e-19)
(57.8506140351 -0.6046876659 -7.54577104451e-19)
(57.794460879 -0.640500636654 2.53246841835e-19)
(57.735284017 -0.676093200013 5.44273910497e-20)
(57.6731462417 -0.711441430883 1.00736709287e-18)
(57.608108748 -0.746526906281 4.12281775427e-19)
(57.5402301022 -0.781333555483 -3.24419361795e-19)
(57.4695722576 -0.815846559692 -5.01074269159e-19)
(57.3962008376 -0.850052712077 -9.03229021824e-19)
(57.3201832518 -0.883940532995 -5.35714561035e-19)
(57.2415880348 -0.917500196108 2.63542674844e-21)
(57.1604848989 -0.950723278973 6.98239417006e-20)
(57.0769446478 -0.98360206746 -2.16984558412e-18)
(56.9910389143 -1.01612960783 6.21203556236e-19)
(56.9028399637 -1.04830046439 4.23673456159e-18)
(56.8124205046 -1.08011089014 -1.84920870058e-18)
(56.7198534391 -1.11155863514 -1.96522682056e-18)
(56.6252115971 -1.14264279989 3.31871444572e-18)
(56.5285675064 -1.17336361243 -2.0843791945e-18)
(56.4299932156 -1.20372214978 -2.10653986543e-18)
(56.3295602265 -1.23372013747 2.19190697849e-18)
(56.2273400317 -1.263360503 -1.46186850961e-18)
(56.123404316 -1.29264723902 -1.52358488607e-18)
(56.0178228057 -1.32158207286 1.50505910349e-18)
(55.9106616268 -1.35016210553 1.64026963839e-18)
(55.8019851912 -1.37838194939 8.1622317099e-19)
(55.6918581148 -1.4062356487 8.84064102799e-19)
(55.5803449542 -1.4337160993 -8.79190807882e-19)
(55.4675096448 -1.460814343 8.20847067193e-19)
(55.3534154588 -1.48751946229 3.44785028707e-18)
(55.2381251237 -1.51381866659 -1.74084821484e-18)
(55.1217009373 -1.53969746422 -7.13430625481e-18)
(55.0042048446 -1.56513988258 -4.48169409149e-18)
(54.8856984914 -1.59012871713 1.84675014973e-18)
(54.7662432641 -1.61464579746 7.30996011622e-18)
(54.6459003224 -1.63867226184 2.79054478629e-18)
(54.5247305949 -1.66218883782 -1.7954669601e-18)
(54.4027949304 -1.68517613481 5.70999518738e-18)
(54.2801538219 -1.70761507933 2.7774296353e-18)
(54.1568700697 -1.72948783863 -1.16069711769e-17)
(54.032997107 -1.75077938027 -1.79459447516e-18)
(53.9085780799 -1.77147274642 4.91419105243e-18)
(53.7836601137 -1.79154695494 -2.00879754056e-18)
(53.6582951248 -1.8109805675 -1.1000295513e-18)
(53.5325380782 -1.82975457946 -3.88181317829e-18)
(53.4064434709 -1.84785847293 2.06198743323e-18)
(53.2800644752 -1.86527844787 3.90965319412e-18)
(53.1534536217 -1.88200603399 -2.04385661229e-18)
(53.0266605714 -1.89803160164 3.26068113739e-21)
(52.8997425437 -1.91332202479 2.03766910553e-18)
(52.7727997474 -1.92760140894 1.7796639996e-18)
(58.120399754 0.0630920829062 2.2793896362e-19)
(58.1303427016 0.041218396001 -4.23961286976e-19)
(58.136912796 0.0193710647387 6.98439420504e-22)
(58.14038316 -0.0026706240264 3.17967694049e-19)
(58.1405928823 -0.0248889429971 -3.1228457801e-19)
(58.1374755772 -0.0472617943206 7.97231379708e-19)
(58.1310636136 -0.0697804217638 2.47450354981e-19)
(58.1213924778 -0.0924307494395 -1.77774353464e-19)
(58.108483879 -0.115192508613 1.33254614253e-20)
(58.0923745199 -0.138049884781 1.10707917651e-20)
(58.0730735373 -0.160998942009 9.61346458467e-20)
(58.0505177058 -0.1840225181 4.33764600701e-20)
(58.0245938866 -0.207117704932 -4.21397107681e-20)
(57.9951950588 -0.2300956626 -9.87117281348e-21)
(57.9622438537 -0.25308152873 -6.93021165404e-20)
(57.9257450474 -0.276046518985 4.43936886134e-19)
(57.8858079476 -0.298882408939 1.24870225249e-19)
(57.8425612007 -0.321523324115 -6.84240396416e-19)
(57.79612073 -0.34395935086 4.27785440217e-20)
(57.7466261914 -0.366186415492 -6.7920986695e-19)
(57.6941974356 -0.388205674591 -4.22068505892e-20)
(57.6388896079 -0.410023269789 1.0628413627e-18)
(57.5807303926 -0.431642278583 -1.18223520062e-20)
(57.5197577882 -0.453061601794 -3.51138344276e-19)
(57.4560241142 -0.474280256216 -7.20739307251e-19)
(57.3895876525 -0.495297152606 -1.14124770664e-18)
(57.3205093271 -0.516111170022 7.70888872936e-19)
(57.2488522557 -0.536721700071 1.30092875854e-18)
(57.1746812579 -0.557128921307 -9.07182988236e-19)
(57.0980618871 -0.577333953311 1.48658385655e-18)
(57.0190589294 -0.597338792121 1.04669337914e-18)
(56.9377352304 -0.617145784347 -1.59976901085e-18)
(56.8541510177 -0.636757229051 1.72507776659e-18)
(56.7683636334 -0.656175309267 2.95641382292e-18)
(56.6804278485 -0.675401751974 -7.06229890632e-19)
(56.5903966233 -0.694437334665 -3.15811503261e-18)
(56.4983221428 -0.713281568877 -2.57987910602e-18)
(56.4042569729 -0.73193256779 -5.28550583249e-21)
(56.3082553189 -0.750387161117 2.09058865063e-18)
(56.2103740663 -0.768641112521 -1.45303793672e-18)
(56.1106735634 -0.786689333844 1.4475543412e-18)
(56.0092178786 -0.804526312251 1.51512826634e-18)
(55.9060731603 -0.822145715822 -2.27494192705e-18)
(55.8013060244 -0.839539576744 2.83650257589e-22)
(55.6949842734 -0.856699338382 8.0102809021e-19)
(55.587177558 -0.873617206314 -1.67028539217e-18)
(55.477956459 -0.890286064359 1.1971997428e-20)
(55.3673913587 -0.906699144331 -2.45215603243e-18)
(55.2555517563 -0.92284992945 1.71870480586e-18)
(55.1425058162 -0.938732078365 4.2872420584e-18)
(55.0283200592 -0.954339339727 -2.61891699597e-18)
(54.9130591708 -0.96966546287 -8.93865008853e-19)
(54.7967859161 -0.984704115779 -2.67656771051e-18)
(54.6795611464 -0.99944882148 9.61157590091e-19)
(54.5614438704 -1.01389292091 8.59117291021e-19)
(54.4424914069 -1.02802956952 4.57667682688e-21)
(54.3227594933 -1.04185177188 1.91398994254e-18)
(54.20230332 -1.05535253881 -2.83841688198e-18)
(54.0811782375 -1.0685252361 -1.93673937268e-18)
(53.9594540308 -1.08136427514 2.89856069413e-18)
(53.8372062899 -1.09386150564 -9.12758987011e-19)
(53.7144899049 -1.10600606614 -1.95051730878e-18)
(53.5913463793 -1.11778662886 2.9232044494e-18)
(53.4678191502 -1.12919351554 1.99690246672e-18)
(53.3439560298 -1.14021837459 -4.7555027197e-18)
(53.2198053174 -1.15085442799 2.19881194878e-18)
(53.0954147359 -1.1610897952 4.76005488782e-18)
(52.970829013 -1.17091619749 -2.16729892824e-18)
(52.8460952191 -1.18031837813 -2.51306810113e-21)
(52.7213183762 -1.18906958034 0)
(58.0158510938 0.0373492076959 -6.84895880109e-21)
(58.0247197159 0.0308094508971 0)
(58.0307117078 0.0242123677898 -3.80889302715e-19)
(58.0335640011 0.0174857939722 -3.3242204779e-19)
(58.0330001951 0.0106045050911 2.97310183125e-19)
(58.0290479528 0.00360232185472 5.23042496357e-19)
(58.0217253753 -0.00350199280808 -4.75744627926e-19)
(58.0109998361 -0.0106645913705 -5.65295059087e-19)
(57.9968825003 -0.0180101374834 3.34224428909e-19)
(57.9793507936 -0.0246649330836 2.36351163574e-19)
(57.9583961848 -0.0302611058047 -2.34311981805e-19)
(57.9341252285 -0.0348015443927 -6.90737359267e-19)
(57.9067036026 -0.0381893345661 -6.90544799278e-19)
(57.8763087429 -0.0413475505805 2.06354600107e-19)
(57.8430828798 -0.0451419927194 8.80560421176e-20)
(57.807053434 -0.0498124732196 -8.24126379978e-21)
(57.7681551499 -0.0554173351367 -3.2753320256e-19)
(57.7263201523 -0.0619155201514 -2.53536690829e-19)
(57.6815097226 -0.0694281813491 -4.78804653056e-19)
(57.6336761262 -0.0771526219485 -9.61346636258e-19)
(57.5827968181 -0.0847921860765 6.70877426077e-19)
(57.5289200815 -0.0922862051967 1.01032995892e-18)
(57.4721264365 -0.0996464063258 -5.6984741337e-19)
(57.4124895182 -0.106899327979 3.24872348062e-19)
(57.3500724701 -0.114064419795 6.83501940465e-19)
(57.2849368657 -0.121161878696 -7.32939750346e-19)
(57.2171447776 -0.128211373771 6.20293359524e-21)
(57.1467578668 -0.135222779224 8.51401594126e-19)
(57.0738377888 -0.142195536461 9.5164959534e-19)
(56.9984468267 -0.149118114114 2.47137561744e-18)
(56.9206489939 -0.155969104274 -1.06919374499e-18)
(56.8405111657 -0.162719810055 -4.34131424128e-18)
(56.7581034176 -0.169338421515 1.68702801826e-18)
(56.6734986668 -0.175795056506 1.75077417787e-18)
(56.5867720645 -0.182066510849 -1.84108290637e-18)
(56.4980001046 -0.188139973186 -1.24455495687e-18)
(56.4072594516 -0.194015180825 3.19278253084e-21)
(56.31462565 -0.199704765868 1.33011396468e-18)
(56.2201723744 -0.205232930822 0)
(56.1239707915 -0.210632645685 -1.88987910884e-21)
(56.0260888359 -0.215941909919 -2.2786963998e-18)
(55.9265908266 -0.221199978271 7.84527390268e-19)
(55.8255361469 -0.226443557928 1.67927933674e-18)
(55.7229788674 -0.231703605303 -3.17174476903e-18)
(55.618969772 -0.237003863859 7.54980613578e-19)
(55.5135581632 -0.2423603 3.30200364355e-18)
(55.4067924434 -0.24778079769 8.62155032294e-19)
(55.2987204665 -0.253265537251 1.65493529212e-18)
(55.1893900587 -0.258807972228 1.77647344452e-18)
(55.0788494858 -0.264396116611 7.99067901787e-20)
(54.9671477953 -0.270013946873 -2.77045972558e-18)
(54.8543350258 -0.275642775015 -3.61629376776e-18)
(54.7404622966 -0.281262493525 6.12106487867e-21)
(54.6255817965 -0.2868526334 8.48553005635e-19)
(54.5097466938 -0.292393209815 -2.77558852786e-18)
(54.3930109977 -0.297865354286 1.96121963232e-20)
(54.2754294237 -0.303251757516 3.6935175284e-18)
(54.1570574871 -0.308536949068 -5.75650797442e-21)
(54.0379527421 -0.313707674844 2.8698035547e-18)
(53.9181757845 -0.318752926589 8.61805376519e-19)
(53.7977853666 -0.323664754456 -8.9663706128e-19)
(53.6768324229 -0.32843688847 2.90017085756e-18)
(53.5553638635 -0.3330642748 -2.95657474804e-18)
(53.4334288734 -0.337543317321 -2.94443758634e-18)
(53.3110784823 -0.341871718661 -6.0516757068e-21)
(53.188363225 -0.346048180018 -3.86943476192e-18)
(53.065332813 -0.350071962019 1.8826772315e-20)
(52.9420351978 -0.353944042857 1.153262987e-18)
(52.8185200149 -0.35766365404 1.51771587467e-20)
(52.6949269073 -0.361167317777 1.81674113979e-18)
(52.1409325556 -16.4763740651 -1.16508365624e-20)
(52.2979537286 -16.7086302122 8.06154866416e-20)
(52.4286641024 -16.9542079118 4.53916133976e-18)
(52.5274143028 -17.2342139054 4.98599332144e-18)
(52.5900338618 -17.549816945 -7.01065927413e-18)
(52.6105244494 -17.9006762211 3.03653488478e-18)
(52.5836967326 -18.2866142753 8.09298437067e-18)
(52.5053171745 -18.7016173763 -2.23732387863e-18)
(52.3710030571 -19.1376678923 4.0707170913e-18)
(52.1776260274 -19.5864750116 1.74351851949e-18)
(51.9217484786 -20.0391561391 7.70018888289e-18)
(51.602361382 -20.4853279931 -1.76036002588e-18)
(51.2178194053 -20.9164862966 -8.8273451317e-19)
(50.7654746174 -21.3217546891 5.4878305332e-19)
(50.2455913768 -21.6903741512 -2.68448532021e-18)
(49.6589696357 -22.0099829023 1.01092660052e-17)
(49.0082407919 -22.2667943538 1.19999449038e-17)
(48.2988729536 -22.446569333 -9.44458220389e-18)
(47.5392371712 -22.5363342354 -1.76810101709e-17)
(46.7407794783 -22.5257816015 6.64709571947e-18)
(45.9165895848 -22.4139225861 1.25218162754e-17)
(45.0802046527 -22.2090440118 1.18272152748e-17)
(44.2442007339 -21.9262027001 -1.7108445742e-17)
(43.4209014071 -21.5763026588 -5.29694256169e-18)
(42.6238056172 -21.1554391109 1.23643148772e-17)
(41.8673317484 -20.6496431456 -5.86627634896e-18)
(41.1615433704 -20.064690683 -9.55616341105e-18)
(40.5126570903 -19.4196563481 4.97095750726e-18)
(39.9246418793 -18.7317781199 4.70458167269e-18)
(39.3995798356 -18.0133239648 1.69571778333e-18)
(38.9393106476 -17.2729422046 1.14782147401e-19)
(38.5448365299 -16.5153502838 -1.05089117494e-18)
(38.2148812274 -15.7452422277 1.19509699249e-20)
(37.9471775883 -14.9684474771 4.53418280379e-19)
(37.7389383546 -14.1911754556 -2.02294867212e-19)
(37.5865963079 -13.4199896581 6.1910536852e-20)
(37.4829613049 -12.6619120257 -1.05173855257e-19)
(37.4280672451 -11.9198060995 -1.45326016318e-18)
(37.4197617705 -11.2025503141 3.7844339219e-18)
(37.4504827952 -10.5097620954 1.90601070184e-18)
(37.5197433592 -9.83098511098 2.39193261349e-20)
(37.6244445615 -9.16577489041 -2.62864369209e-18)
(37.7490766501 -8.53443670036 -6.32418449882e-19)
(37.8675092286 -7.95423210995 1.5904820644e-18)
(37.944580076 -7.44622701629 2.47027268023e-19)
(37.9492452724 -7.02196683976 3.24456019442e-18)
(37.8784073464 -6.65582052855 -1.28890249346e-18)
(37.7759070171 -6.29121703507 -1.26301021229e-18)
(37.7412551499 -5.83744184242 -1.62895637436e-18)
(37.9123242627 -5.18704016764 2.38297866246e-19)
(38.4496467931 -4.22290758995 1.52662678915e-18)
(39.4603725027 -2.85620453851 -5.82562708148e-19)
(41.0213061994 -1.09041832892 1.62182227017e-18)
(43.0671481236 0.973462868117 -6.34500146838e-19)
(45.4443644262 3.24879002096 1.16275463421e-18)
(47.9347629832 5.61672581716 -2.58065653983e-18)
(50.2986634516 7.93128831351 1.72116652904e-18)
(52.3286020106 10.0261111069 1.02339235975e-18)
(53.887755274 11.7736174957 -1.3601287207e-18)
(54.9299991324 13.1098114437 -1.51758596612e-18)
(55.4876339954 14.013213445 4.00640016075e-20)
(55.649586662 14.4757598786 2.34597534598e-18)
(55.544139311 14.4874904876 -2.22796234842e-18)
(55.2804717129 14.3430756889 -6.89427645214e-19)
(54.931084836 14.022100465 -4.02631139185e-19)
(54.5584376473 13.5968931814 1.57576103266e-19)
(54.2087517499 13.1492821761 -3.07815038969e-19)
(53.8898350787 12.7595198164 1.12164695836e-18)
(53.5712703989 12.4890642245 4.51712849578e-19)
(53.1979376597 12.3625995112 -1.45573729212e-18)
(52.7139528098 12.3619515963 3.15799778682e-18)
(52.0725032061 12.4400459567 1.67130566891e-18)
(51.2576263715 12.5265169158 -3.63961863602e-19)
(50.3269486097 12.5114604858 6.92887441123e-19)
(49.3681490768 12.2950838062 3.34728183398e-18)
(48.3626858963 11.8842332993 3.34120377955e-18)
(47.1371517526 11.3690836964 7.23105420281e-19)
(45.9350648817 10.5952564657 -1.49037001832e-18)
(44.9728276623 9.49752950826 -6.1167432854e-20)
(47.0141644857 5.24091274627 2.74815350619e-18)
(51.4223696872 -17.1703048118 5.71463687581e-18)
(51.4369825136 -17.2394047273 -2.68727421942e-18)
(51.4369169982 -17.323582019 -3.13678579257e-18)
(51.420528869 -17.4250949243 4.90631386153e-18)
(51.3847599789 -17.5445128088 3.31638108563e-18)
(51.3275474369 -17.6755128514 1.92955017893e-18)
(51.2446135625 -17.8202910104 -1.46304837254e-19)
(51.1309244614 -17.9835979183 -2.24320905228e-18)
(50.983666685 -18.1602126721 -2.06746871396e-19)
(50.8008794353 -18.3416350541 7.03851946415e-20)
(50.5806873644 -18.5212294667 -3.94606631699e-19)
(50.3216975823 -18.693037546 -2.18942423147e-19)
(50.022610169 -18.8533912076 0)
(49.6827048613 -18.9982861844 -5.8244522423e-20)
(49.3020512662 -19.1228503018 -6.6842104472e-23)
(48.881506793 -19.2222187709 5.7558096322e-18)
(48.423043941 -19.2921273052 -1.22478330374e-18)
(47.9302461218 -19.3287300803 -7.403008598e-18)
(47.4080887383 -19.3285952705 8.87510712123e-18)
(46.8626204328 -19.2888299513 2.89325019798e-19)
(46.3009593082 -19.2068309868 -7.56893334315e-18)
(45.7305940836 -19.0800001067 3.439766614e-18)
(45.1583618088 -18.9056348412 -7.69984416658e-18)
(44.5898016449 -18.6816566701 -3.62925908977e-18)
(44.0299864284 -18.407449326 2.02206613541e-18)
(43.4843161224 -18.084108088 -1.508729366e-18)
(42.9589141158 -17.7139432011 4.33123197107e-19)
(42.459675451 -17.299660423 -3.25075476887e-18)
(41.9914800163 -16.8442052034 1.60750504296e-19)
(41.5577571778 -16.3509193153 8.9402239369e-19)
(41.1599144149 -15.8235993869 5.45142228572e-18)
(40.7990839318 -15.2667642203 -1.38065889086e-19)
(40.4763086066 -14.6851718004 -2.77661902587e-19)
(40.1922621208 -14.0835360673 2.69315254701e-18)
(39.9468963588 -13.466738589 -5.73703571745e-20)
(39.7396767439 -12.8400799904 -1.39242735989e-18)
(39.568908067 -12.2092135692 -4.12916197064e-19)
(39.4322685888 -11.5790292545 -1.07402064053e-19)
(39.328135259 -10.956062929 5.1549535004e-19)
(39.2540854331 -10.3450451436 1.96401096072e-19)
(39.2067769643 -9.74693741534 -6.51201715879e-19)
(39.1856283516 -9.15628005849 -6.5814011291e-19)
(39.1916916121 -8.5676865893 -9.15179086269e-19)
(39.2215486168 -7.97594740813 2.88911174884e-19)
(39.2603518988 -7.38586379539 1.19989906646e-18)
(39.280588979 -6.81714922957 -4.00856495714e-19)
(39.2497365706 -6.30127368067 -9.86184053114e-19)
(39.1434065504 -5.86657110971 -1.99572231056e-19)
(38.9644144042 -5.50724117541 7.65480907172e-19)
(38.7580003624 -5.19006811585 -1.67918862537e-18)
(38.6257583633 -4.83100262398 8.58156840855e-19)
(38.724028522 -4.30983685744 6.71004206343e-19)
(39.1725808808 -3.49652189199 -9.10930295407e-19)
(40.09982021 -2.27079473882 2.94373591992e-19)
(41.4954672937 -0.570379246788 5.09026859617e-19)
(43.3306880168 1.57510579665 -2.81542934547e-19)
(45.4316659602 4.04439884304 -7.57308651636e-19)
(47.583566223 6.62865372571 5.30651551e-19)
(49.5755220495 9.0749182817 -9.21144184474e-20)
(51.2420476375 11.1605223939 -5.42333678181e-19)
(52.4895232227 12.7378716218 4.78160907164e-19)
(53.308938896 13.7535133236 1.21523304822e-19)
(53.7415054951 14.2636713153 1.93636973515e-19)
(53.8834214131 14.3651594996 1.62982820067e-18)
(53.8555925084 14.1718541652 -6.73250443453e-19)
(53.765599457 13.782622301 -8.72138325885e-19)
(53.6859969477 13.3448722369 7.42832395414e-19)
(53.6296499539 12.9916907303 3.51333279434e-19)
(53.5402847948 12.8203161118 -4.24090316181e-19)
(53.3146327626 12.858926163 1.50741190838e-19)
(52.8566745764 13.058963456 -3.22174250763e-19)
(52.1361360864 13.3071206291 4.87748083573e-19)
(51.1882034446 13.4792709766 2.36109832163e-19)
(50.0864880972 13.4648804577 -4.08796689358e-19)
(48.8610635728 13.2378012736 -1.64055979822e-18)
(47.4371289114 12.858294632 -3.74294303738e-19)
(45.8215583384 12.286505644 4.39512001716e-19)
(44.6939001494 10.9810529992 7.74132133136e-19)
(44.4315441642 9.12987232153 2.29613447131e-19)
(47.0373612847 3.39865927265 9.36331628588e-19)
(51.1943624875 -16.7438363919 -1.57672472211e-19)
(51.1253548632 -16.7566825026 -3.57576481507e-19)
(51.0469454407 -16.7785697887 -5.89096715614e-19)
(50.958123365 -16.80957544 6.00804620544e-19)
(50.8574038281 -16.8491914864 6.86573509466e-19)
(50.7432421807 -16.8958649291 -1.17839266159e-19)
(50.6141101225 -16.9481756008 4.09763824454e-20)
(50.4683929481 -17.0060859629 -3.89179870264e-20)
(50.304681816 -17.0674435483 1.45523704811e-18)
(50.1211521516 -17.1307869922 -2.6315419394e-18)
(49.9161929101 -17.1949042454 -4.48810019994e-18)
(49.6888455731 -17.2581302225 2.90598213126e-18)
(49.4385803891 -17.3189934699 2.54239756178e-18)
(49.1654157878 -17.3738439318 -6.75517298426e-19)
(48.8696580164 -17.4186536994 1.85782955047e-18)
(48.5515433782 -17.4518510773 1.44613291579e-18)
(48.2119008488 -17.4709357402 1.36228988752e-18)
(47.8526548369 -17.4696063825 5.45353559528e-18)
(47.476091952 -17.4415981852 -9.13334886687e-18)
(47.0844183383 -17.3830379522 -6.42243107172e-18)
(46.6800775799 -17.2908256547 9.81376851833e-18)
(46.2658694122 -17.1628392605 -2.46672155783e-18)
(45.844605636 -16.9977916922 2.22881034914e-18)
(45.419324865 -16.7949948881 2.58733627553e-18)
(44.9935708188 -16.5543226098 -7.68601633827e-18)
(44.5711188307 -16.2762845551 -3.86981134376e-18)
(44.1559321762 -15.961976638 2.86081495207e-18)
(43.7517515221 -15.6132508552 6.59236058564e-18)
(43.3618201923 -15.2323356272 7.82177046915e-19)
(42.9888732074 -14.8219813899 -4.01253521672e-18)
(42.6356000762 -14.3851092323 -8.69253988708e-20)
(42.3044927215 -13.9247327194 1.10162073288e-18)
(41.9976786183 -13.4440121408 -9.0790461354e-20)
(41.7169113732 -12.9462662479 1.03506966753e-19)
(41.4636167896 -12.4348946908 2.2672045477e-18)
(41.23886451 -11.9132042231 7.9096373661e-19)
(41.0431190437 -11.3844026691 -1.1883765926e-18)
(40.8765622637 -10.8514135741 -1.78632294644e-19)
(40.7365165115 -10.3168689096 -8.76344081042e-20)
(40.6227109012 -9.78393923828 -2.00565394919e-19)
(40.5341410337 -9.25536116334 1.07646053248e-19)
(40.4656376083 -8.73244865032 4.53986473126e-20)
(40.4163534973 -8.21470332819 -4.0242269698e-19)
(40.3871571687 -7.69947252439 1.29656053924e-18)
(40.3796319362 -7.17989280424 9.82620001149e-19)
(40.3953616166 -6.64536474052 -2.7629162858e-19)
(40.4289956121 -6.08616037983 2.23127367023e-19)
(40.4620013271 -5.504711986 3.37479187258e-19)
(40.4645665241 -4.92740739149 -4.17891280521e-19)
(40.4032338581 -4.40137303582 -4.2127976747e-19)
(40.2611365077 -3.96987077566 2.66344560567e-19)
(40.0660629567 -3.62392926441 7.37381353375e-20)
(39.9041622205 -3.27526852328 -8.8291385901e-19)
(39.9069790892 -2.76547481745 1.92183980201e-19)
(40.218228796 -1.9118548611 2.74793637086e-19)
(40.9730777476 -0.568951594041 -2.31961632918e-19)
(42.1176424122 1.30149411981 -6.31704058928e-19)
(43.6331364919 3.59320416348 -4.82593805793e-19)
(45.3700177027 6.0848615283 -3.63546752243e-19)
(47.1394828979 8.50889562233 -6.78100937313e-19)
(48.7492831206 10.6101279718 6.76271102731e-19)
(50.0627176032 12.2025471562 -2.1599707793e-19)
(51.0259777065 13.2102391943 -1.2968712431e-20)
(51.6722277156 13.6692122485 -4.29916827277e-19)
(52.1024616919 13.6747884618 -1.48860626345e-18)
(52.4382486336 13.3787168018 1.41650358558e-19)
(52.7741558362 12.9949293991 2.95608421289e-20)
(53.1253474944 12.7568055779 -8.77644521812e-19)
(53.401424907 12.8304240518 2.77385926134e-20)
(53.435016595 13.2332248073 -1.92289410356e-19)
(53.0699365641 13.8269452899 8.68541304155e-19)
(52.2768356645 14.3819203837 -1.79368950733e-19)
(51.1372394369 14.7026950701 -9.27500765061e-19)
(49.7235809017 14.7501219626 -8.11844278855e-19)
(48.0349445584 14.6011774277 -9.72045290922e-20)
(46.1237820299 14.2154938369 -7.18759881198e-19)
(44.3593502467 13.2170242729 -8.77778109133e-19)
(43.6744770255 10.9140699186 1.19563519947e-19)
(43.9893778995 7.91515300419 -3.64935421122e-19)
(46.6829608774 1.20220962113 -8.05505868829e-17)
(51.5289455792 -16.1862323468 -2.7507352866e-18)
(51.4173878256 -16.1536130817 -3.90713534768e-18)
(51.3003858575 -16.1243239496 2.68117344443e-18)
(51.1765401729 -16.0994421573 3.01521521265e-18)
(51.0449274883 -16.0786582566 1.729976335e-19)
(50.9046729493 -16.0615358917 -3.10927836295e-19)
(50.7548767085 -16.047509075 8.94811293987e-20)
(50.5947338874 -16.0358445411 -4.46462233996e-18)
(50.4234888516 -16.0256549634 2.48479864508e-21)
(50.2402264449 -16.0158456943 -1.07710305742e-18)
(50.0440240225 -16.005142141 -1.50812551424e-19)
(49.8342075876 -15.9920995935 2.88398068642e-18)
(49.6101874868 -15.9751449712 1.29745693596e-18)
(49.3714197391 -15.9526197161 2.64555863751e-18)
(49.1175588158 -15.9228081281 -1.26881748785e-18)
(48.848608187 -15.8839037827 3.42417401551e-18)
(48.5647492647 -15.8339684538 3.33546019937e-19)
(48.26617937 -15.7710275226 -7.35584513063e-19)
(47.9534675538 -15.6932008177 -2.09849930669e-18)
(47.6278717486 -15.5987618349 -6.47216213616e-18)
(47.2911613267 -15.48612387 6.9302472427e-18)
(46.9452659807 -15.3537934147 6.69269742793e-18)
(46.5925488952 -15.2004873848 -4.11409314353e-18)
(46.2357543642 -15.0250656384 -6.38302124489e-18)
(45.8774456522 -14.8265511867 -8.16796642354e-19)
(45.5202411522 -14.6041972701 -1.79350772434e-18)
(45.1669316581 -14.3576050911 -2.34021438998e-18)
(44.820275824 -14.0867033401 4.16882612281e-18)
(44.4828799998 -13.7917546384 2.39504738247e-18)
(44.157151056 -13.4732879456 -3.50886180384e-18)
(43.8452417888 -13.1322197024 5.58440839192e-19)
(43.5491004683 -12.7699537593 1.04733769457e-19)
(43.2704445501 -12.3883516576 -2.09191164274e-19)
(43.0106955733 -11.9896171871 5.98738314904e-19)
(42.770976389 -11.5761439128 0)
(42.5521088569 -11.1503117432 3.85394442343e-19)
(42.3546334893 -10.7142597239 -3.03292669818e-19)
(42.178782866 -10.2696268444 6.59653822888e-20)
(42.0245313736 -9.81761883542 -8.91886511724e-20)
(41.8916944515 -9.358083624 -3.40665947707e-19)
(41.7785132344 -8.89169432953 1.25360537131e-19)
(41.6842635071 -8.41828790351 -2.31905874604e-19)
(41.6077351527 -7.93791071245 -1.51270951547e-19)
(41.5454020548 -7.45087955623 2.74182153362e-21)
(41.4960650586 -6.95729718746 2.48746196682e-19)
(41.4600433819 -6.45582517942 7.35336112902e-21)
(41.439495419 -5.94300644734 6.74777937774e-20)
(41.4388644516 -5.40973019418 6.26317899091e-19)
(41.4583648033 -4.85201197301 3.57000189828e-20)
(41.4868416165 -4.2756494646 -8.03885250462e-19)
(41.4971089669 -3.70754529266 1.04009238259e-19)
(41.4545482959 -3.18616147883 3.69265813211e-19)
(41.336754496 -2.72790763042 -4.15216591338e-20)
(41.1602123529 -2.29196573732 4.371839127e-20)
(40.9966026608 -1.76392229627 9.24255565929e-21)
(40.9714698749 -0.976118695475 4.48510030175e-22)
(41.2178001758 0.211375352418 -1.1312441986e-19)
(41.8211709757 1.84976668458 -5.144166136e-19)
(42.7625926732 3.86908522522 3.27883267622e-20)
(43.9882045566 6.07361771783 -4.08330538861e-19)
(45.3744653198 8.21553075369 -6.69075530347e-19)
(46.7693120895 10.0608504522 -4.34276409678e-19)
(48.0548586039 11.4355862766 8.85366090919e-19)
(49.1699400346 12.247700504 -1.07396234463e-18)
(50.1217384778 12.5050285875 -3.76058922552e-19)
(50.9711375697 12.3474502676 6.18557637479e-19)
(51.7882863949 12.0566756464 -3.49458083033e-19)
(52.5825412009 11.9931934514 -4.41009150576e-19)
(53.247188374 12.4330296044 8.31751061691e-19)
(53.5643796315 13.3950400121 6.51466172724e-19)
(53.3191139884 14.5991513203 2.27227433507e-19)
(52.4473717225 15.6415358364 -1.23419075161e-18)
(51.0207767368 16.2746816099 0)
(49.1337812312 16.5238133255 5.57056550216e-19)
(46.8771740667 16.4491454416 -3.17211464356e-19)
(44.610989433 15.7652422371 2.59970787318e-19)
(42.9898569521 13.8883237195 7.67846938505e-19)
(42.7236831976 10.3953384454 -2.81528767769e-19)
(43.0901809655 6.44302108171 -1.80687442394e-20)
(45.5120300224 -1.18037640419 -4.28777142111e-19)
(51.8543386819 -15.1610278993 -1.03753657667e-17)
(51.7109243503 -15.1238560919 -3.09884470744e-18)
(51.5641410046 -15.0866243059 3.8884305977e-18)
(51.4132098962 -15.0508577513 1.57030438735e-20)
(51.257625443 -15.0163502933 2.00146201695e-18)
(51.0968577998 -14.9827964791 -1.87358671285e-18)
(50.9303976383 -14.9498230674 1.82338017175e-18)
(50.7577245495 -14.9169716664 5.8608552296e-18)
(50.5783118397 -14.8837043658 -8.87195886025e-18)
(50.3916561018 -14.8493983314 -7.28110325131e-19)
(50.1973043799 -14.8133153125 8.5467756346e-18)
(49.9948595156 -14.7746198466 -1.58976135161e-18)
(49.7839880217 -14.7323824427 -4.6926028259e-18)
(49.5644364164 -14.6855731259 2.52558003719e-18)
(49.3360489457 -14.6330605811 -6.29638140756e-18)
(49.0987837461 -14.5736346679 -4.73489954723e-18)
(48.8527254644 -14.5060320096 8.21989382912e-18)
(48.5981053261 -14.4289249956 1.02133286956e-20)
(48.3353288738 -14.34092188 1.04405707021e-19)
(48.0649741934 -14.2406257807 -1.72373080468e-20)
(47.7877759892 -14.126698976 -5.11883951934e-18)
(47.5046231074 -13.9978970474 -3.36146948776e-18)
(47.2165658315 -13.8530692288 4.9368460996e-18)
(46.9247941569 -13.6912632307 3.71625246661e-19)
(46.6306362699 -13.5117116744 -1.62371538894e-18)
(46.3355605695 -13.3138254189 9.31080098903e-19)
(46.041182637 -13.0972319435 1.25942427555e-18)
(45.7492289956 -12.8618314516 1.97231138799e-19)
(45.4614965428 -12.6078150927 -1.04944033306e-18)
(45.179816291 -12.3355646616 9.83605300706e-19)
(44.9059419453 -12.0455820964 1.82660512244e-18)
(44.6415537037 -11.7385498051 8.34614754368e-19)
(44.3882678772 -11.4153580993 -7.93864762273e-19)
(44.1475333265 -11.0770357347 -7.702503064e-19)
(43.9205718277 -10.724681697 -1.46117332658e-18)
(43.7083461404 -10.3594109942 1.02727718288e-18)
(43.5115437117 -9.98229698868 1.81443503709e-18)
(43.3306044431 -9.59431086781 -2.16435347748e-19)
(43.165777454 -9.1962367068 -5.34843383324e-19)
(43.0171690006 -8.78861736779 -6.70030977773e-19)
(42.8848786206 -8.37173893086 -1.11120006827e-19)
(42.7691057356 -7.94518532841 3.15191373738e-19)
(42.6699000225 -7.50896131639 1.4977617531e-19)
(42.5868046172 -7.06252114607 -7.60697612445e-20)
(42.5194882354 -6.60542450049 3.03266665622e-20)
(42.4674551303 -6.13724579758 -7.68458863997e-20)
(42.4303870662 -5.65532898706 -1.45273854452e-19)
(42.4093548904 -5.15645140431 3.98404699233e-20)
(42.4075982017 -4.63263037605 1.40921922352e-19)
(42.4274879613 -4.07879968589 -1.25696415957e-19)
(42.4635474577 -3.49776554626 -6.1479902038e-21)
(42.5019803757 -2.90206236885 -9.80172513387e-20)
(42.5212064828 -2.30814727406 5.6975177194e-19)
(42.4981099917 -1.71872992648 -1.27022946295e-19)
(42.4277739969 -1.10337981929 -3.2061554343e-19)
(42.3374138431 -0.38951421401 1.04402539868e-18)
(42.2914934789 0.520746204168 7.5400820668e-19)
(42.3815361934 1.70522538679 1.68289170039e-18)
(42.7011560393 3.17357071937 -1.22618694734e-18)
(43.3092467619 4.84094213205 -3.04491666983e-19)
(44.2068374403 6.56682945087 -3.67957246971e-19)
(45.3503200219 8.17889474096 5.82368041187e-19)
(46.6769663189 9.50511495069 -7.31463823087e-19)
(48.0982643331 10.4072049593 3.72267002873e-19)
(49.5213619982 10.8206992071 2.68974609729e-19)
(50.8645933608 10.8398229909 2.54109049474e-19)
(52.0692180025 10.73927854 3.94142492331e-19)
(53.0890996818 10.9534366213 5.28357099966e-19)
(53.8317959833 11.8690889631 1.08771530487e-19)
(54.1183940355 13.5181482887 2.78181937326e-19)
(53.7470458107 15.4955434249 -6.87424587168e-19)
(52.620910392 17.2097198041 -2.28817262012e-19)
(50.745154263 18.3406722869 2.32062036291e-19)
(48.2534246013 18.876582401 -2.34311173301e-18)
(45.4916740886 18.7198103282 6.74468677365e-19)
(43.05687154 17.3567124882 -3.947720192e-19)
(41.5023981402 14.3317930774 8.20224803114e-19)
(41.1772809748 9.7137963754 -4.51562544972e-19)
(41.141145124 4.86364124608 -1.20100898249e-18)
(43.6936188712 -3.56064128818 -5.59514627846e-20)
(52.2689364272 -14.0409461619 -2.76007379137e-18)
(52.1133629333 -14.0044195847 1.06771463363e-17)
(51.9552147654 -13.9657506824 1.98209302525e-18)
(51.7937947804 -13.9265764311 -5.22248478652e-18)
(51.6288358922 -13.8867834751 2.33257037867e-19)
(51.4600735335 -13.8461687322 4.29723434086e-18)
(51.2872309485 -13.8044846326 -3.49013386802e-18)
(51.1100166627 -13.7614302971 -4.67659253606e-18)
(50.9281387003 -13.7166516647 7.84323008775e-18)
(50.7413121821 -13.6697369453 5.40347172769e-20)
(50.549266388 -13.6202153331 -1.82890228955e-18)
(50.3517553393 -13.5675587292 1.62578486514e-18)
(50.1485691068 -13.5111836136 3.11766466587e-18)
(49.9395390745 -13.4504515197 -5.70239999818e-18)
(49.7245468161 -13.384671772 -1.95641703534e-18)
(49.5035405309 -13.3131071802 4.28211676006e-18)
(49.2765477735 -13.234981826 -3.68951333261e-18)
(49.0436845996 -13.1494887076 4.47378122929e-18)
(48.805166152 -13.0558014472 2.6779545764e-18)
(48.5613182971 -12.9530895002 -1.40085548232e-18)
(48.3125864821 -12.8405334632 1.64878974035e-19)
(48.0595401251 -12.7173397965 -3.16208970796e-18)
(47.8028739337 -12.5827568322 -4.18400535458e-20)
(47.5434064316 -12.4360916742 -2.49441930925e-18)
(47.2820719593 -12.2767247784 -1.22059528705e-19)
(47.0199081591 -12.1041253236 5.18317924725e-18)
(46.7580451597 -11.9178657313 6.48909412024e-20)
(46.4976992141 -11.7176360818 -2.66247804803e-18)
(46.2401653377 -11.5032877558 -6.79531435211e-20)
(45.9868004127 -11.2748593419 -1.00515531688e-18)
(45.7389381307 -11.0324617075 -8.94131637943e-20)
(45.4978274616 -10.7762187189 1.67546167681e-18)
(45.2646860461 -10.5063803485 2.06167794354e-18)
(45.0407109757 -10.2233230078 -5.25436068397e-19)
(44.8270355189 -9.92746618427 -7.005269457e-19)
(44.6247056838 -9.61923513793 -1.37172382571e-19)
(44.434664008 -9.29901840782 4.79694120005e-19)
(44.2577405782 -8.96712243713 -1.89633945291e-19)
(44.0946522137 -8.62372722726 -7.61612981524e-19)
(43.9460127831 -8.26884525598 4.37225126516e-19)
(43.8123505546 -7.90228515023 -2.09556339763e-19)
(43.6941234882 -7.52366591452 -9.00297108846e-19)
(43.5917426994 -7.13245153673 4.45540265708e-19)
(43.5055744385 -6.72796287479 2.75062547473e-19)
(43.4359059479 -6.30936378838 -5.51286936377e-20)
(43.3828463819 -5.87589064704 2.48225650552e-19)
(43.3463997029 -5.42626166382 -3.9051676019e-19)
(43.3268925882 -4.95822666713 -1.76426960221e-20)
(43.3257620616 -4.46838337046 6.19028971133e-20)
(43.3455546143 -3.95323408829 3.39106686782e-19)
(43.3893800383 -3.41085862148 1.38530246467e-19)
(43.4590663621 -2.84111936897 -1.58589794537e-19)
(43.5532965317 -2.24428113055 2.79120504596e-19)
(43.6675919333 -1.61152266613 -5.49098044032e-19)
(43.7967947692 -0.915490524688 6.23184489935e-19)
(43.9408688902 -0.113023448991 4.00054335052e-19)
(44.1118498847 0.834049553366 3.18731506571e-19)
(44.3390640455 1.93400220164 -1.00518730398e-18)
(44.6703271975 3.15400837425 -2.40397932464e-18)
(45.1693468103 4.42753562792 2.32554523313e-19)
(45.9063420203 5.66792615876 -3.33516293777e-19)
(46.9386084107 6.7856214304 4.05546713102e-19)
(48.2824794925 7.71715683252 3.87494866335e-19)
(49.8711601564 8.41254661958 -2.15149517873e-18)
(51.5899397477 8.87927098365 1.55640703324e-19)
(53.2481743346 9.20264336503 1.20851558139e-19)
(54.6212769863 9.56207397942 3.37964700996e-20)
(55.5333391521 10.316419453 -2.54726187435e-18)
(55.8757073534 11.8500663763 8.74580789802e-19)
(55.5766593107 14.2002248778 -2.94659018065e-18)
(54.565814129 16.9296369023 -9.02948517891e-20)
(52.7873486034 19.3741589956 2.10040487528e-18)
(50.2548840335 21.0703682193 -3.42715704954e-18)
(47.1591729113 21.8222938439 -8.21346693059e-19)
(43.9771772621 21.2967697773 5.72679532519e-19)
(41.3311378836 19.0016250296 1.88426393258e-19)
(39.4874835694 14.8374523124 -1.15783420516e-18)
(38.7682083833 9.17394784117 -9.64071238043e-20)
(38.4590907681 3.22888429822 -4.85260193517e-18)
(41.856504403 -6.0342499358 -3.1237476114e-17)
(52.5778131143 -12.8406272876 1.20946611646e-17)
(52.4183180018 -12.8134310192 -7.10234430505e-18)
(52.2565444061 -12.7831379228 -7.59439997208e-18)
(52.0921018703 -12.7514232611 3.11458769012e-18)
(51.9248247587 -12.7181868701 -2.56342806707e-18)
(51.7545649243 -12.6832506246 -6.6628044913e-18)
(51.5811908905 -12.6464072106 -3.13760883245e-19)
(51.4045484385 -12.6074218388 6.58386724763e-18)
(51.224483384 -12.5660301212 1.90648580688e-18)
(51.0408601243 -12.521931156 1.14610459202e-19)
(50.8535536042 -12.4747841901 -3.60272563587e-18)
(50.6624464958 -12.4242114425 3.09083188867e-18)
(50.4674428578 -12.3698001194 2.82288849883e-19)
(50.268477668 -12.3111017853 -4.67367266381e-18)
(50.0655170707 -12.2476325215 1.43756416371e-18)
(49.8585616983 -12.1788758638 -1.07657782391e-18)
(49.6476560288 -12.1042871584 -1.63279176895e-19)
(49.4328965536 -12.0232984824 3.14948940938e-19)
(49.2144377327 -11.9353252548 -3.29006704127e-18)
(48.9924984464 -11.8397751321 1.9785422621e-18)
(48.7673681595 -11.7360584627 3.28646119313e-18)
(48.5394106998 -11.6235994912 0)
(48.3090661392 -11.5018479969 -2.5673732935e-18)
(48.0768524417 -11.370291105 -3.20281229065e-18)
(47.8433665034 -11.2284644592 2.23538558995e-18)
(47.6092832816 -11.0759615104 5.08845722521e-18)
(47.3753522774 -10.9124410388 2.0564330453e-18)
(47.1423930851 -10.7376322757 -6.88086694831e-19)
(46.91129382 -10.5513401913 -1.80284584761e-18)
(46.683029143 -10.3534930442 -1.46972432256e-19)
(46.4586347782 -10.1441213518 -8.92848613156e-19)
(46.2390998849 -9.92323125126 -1.45341885191e-19)
(46.0253684079 -9.69081875122 8.93662204884e-19)
(45.8184226576 -9.44694882426 -6.8954269149e-19)
(45.6192619674 -9.1917240545 1.06774515187e-18)
(45.4288685598 -8.92524017543 -8.14500012783e-19)
(45.2482068801 -8.64756202055 -9.71112785967e-19)
(45.078219079 -8.35869469307 4.99800897604e-19)
(44.9198284089 -8.05855568208 -8.53698377075e-20)
(44.7739452217 -7.74695211094 -1.36442475797e-18)
(44.6414789125 -7.42356958815 -4.72175431403e-20)
(44.5233594685 -7.08796829177 1.14422526388e-18)
(44.4205666055 -6.73957338927 -1.20837972921e-19)
(44.3341515765 -6.37765612952 9.19031485575e-19)
(44.2652390293 -6.00129703373 4.99287912012e-20)
(44.2150210617 -5.6093096491 -6.0842664243e-19)
(44.1847709807 -5.2000457644 0)
(44.1759618494 -4.77125345236 9.3900423878e-20)
(44.1902380308 -4.32036206351 2.79277405482e-19)
(44.2299807254 -3.84581805253 -6.20138975566e-19)
(44.2981891716 -3.34841046622 -3.40152832548e-19)
(44.3989999962 -2.83090435456 6.31057067804e-19)
(44.5382652295 -2.2924330894 -4.76139033135e-19)
(44.7230916277 -1.71944998924 -6.64761204978e-20)
(44.9628996295 -1.08030520511 6.10735986232e-19)
(45.2699371084 -0.332652457103 -1.21260229482e-18)
(45.6595171639 0.554616089055 -1.42063919441e-19)
(46.1509788929 1.57394288436 7.9188886378e-19)
(46.7709446705 2.66130098001 8.97818653817e-21)
(47.5595480459 3.7141624485 -4.97042527794e-19)
(48.5701792925 4.63146810443 3.6640874616e-19)
(49.8584286421 5.35365131907 -5.82667416794e-19)
(51.4523003292 5.90335505583 -1.46892558515e-19)
(53.3108981075 6.38631707233 4.18597069413e-19)
(55.2869048684 6.92584346211 6.32004938879e-19)
(57.1305826459 7.67855509191 1.28617676794e-18)
(58.5159483548 8.84612921937 1.09069153762e-18)
(59.1420101223 10.614373792 1.74117543338e-18)
(58.8527116698 13.1129288664 -3.85676098609e-19)
(57.6370754963 16.2780657523 1.71007535637e-18)
(55.5925885493 19.6776688021 2.18210600566e-19)
(52.8521481522 22.6620489289 -2.46875121855e-18)
(49.5312786093 24.6927919983 3.27653280237e-19)
(45.8600079609 25.3490287681 7.58662969372e-19)
(42.2924150672 24.1809615898 1.25975824875e-18)
(39.2513116863 20.9114291709 -4.51502367763e-19)
(36.8855879878 15.6292866359 1.08208920921e-17)
(35.8541738194 8.74992214886 7.9589449774e-18)
(35.7527750643 1.37112988419 4.84291299321e-18)
(40.1152129806 -8.8969978781 6.83627658405e-18)
(52.850173963 -11.6107642409 1.4584518263e-18)
(52.693396511 -11.5928186298 4.71384967989e-18)
(52.5342741582 -11.5713757712 -2.89826965024e-18)
(52.372568671 -11.5480198384 1.02794018318e-19)
(52.2082673081 -11.5226856739 -2.50366286117e-19)
(52.0413409367 -11.4952201862 2.50830465306e-18)
(51.8717039322 -11.4654575453 6.14348774668e-18)
(51.6992099339 -11.4331940366 2.98337313233e-19)
(51.5237881295 -11.3982067158 -7.87152456408e-18)
(51.3454155865 -11.3602581613 -3.49344348045e-18)
(51.1640474409 -11.3190909875 -1.54356096239e-18)
(50.9796161173 -11.2744208555 1.09462139462e-17)
(50.7920792485 -11.2259443582 3.61241587164e-18)
(50.6014276914 -11.1733434773 -7.69803330337e-18)
(50.4076706288 -11.1162825082 -1.70944754524e-20)
(50.21083945 -11.0544064384 3.88212609536e-18)
(50.0110013869 -10.9873444326 2.13632307265e-19)
(49.808262419 -10.9147136007 -8.24869499238e-18)
(49.6027662535 -10.8361213782 -2.43055279761e-19)
(49.394698473 -10.7511693687 4.26234589497e-19)
(49.1842934435 -10.6594591282 -1.9004850725e-19)
(48.9718390637 -10.5605983533 5.56851038183e-18)
(48.7576794028 -10.4542068302 -2.36162982791e-18)
(48.5422168599 -10.3399222079 -1.95328176832e-18)
(48.325913658 -10.2174055056 -1.15241606994e-18)
(48.1092919797 -10.0863459595 -1.80014196306e-19)
(47.892933003 -9.94646498485 3.39707740492e-18)
(47.6774746997 -9.79751934138 3.4679280186e-18)
(47.4636111842 -9.63930234096 3.21904036841e-18)
(47.2521070006 -9.47165567261 -3.0737375739e-18)
(47.0438124034 -9.29452040079 -3.73032051245e-18)
(46.8395847904 -9.10785144324 -1.37125590149e-19)
(46.6402359963 -8.91151119128 3.04243524928e-18)
(46.4466057796 -8.70538208322 1.12434753219e-19)
(46.2595904906 -8.48939174236 -1.91575107693e-18)
(46.0801270132 -8.26345148145 1.51663324889e-19)
(45.9091830941 -8.02745024586 4.29473497598e-19)
(45.7477548133 -7.78122855175 4.6199111024e-19)
(45.5968772916 -7.52455559582 3.52758646408e-20)
(45.4576318931 -7.25711604384 -5.82726560105e-19)
(45.3311565965 -6.97851112755 -8.71895965498e-19)
(45.2186632768 -6.68826539761 1.90741660327e-19)
(45.1214603349 -6.38582183987 -5.82387902025e-19)
(45.0409784541 -6.070515271 -8.47676207562e-19)
(44.9787969676 -5.74153111781 1.45781447789e-18)
(44.9366832098 -5.39785386857 7.93193970111e-19)
(44.9166772328 -5.03819179019 -1.03721861332e-18)
(44.9212521257 -4.66094402908 -6.43543688201e-19)
(44.9534993072 -4.26456453572 3.22737722328e-19)
(45.0172635414 -3.84853495664 6.81856636529e-19)
(45.1170559699 -3.41478318248 -5.34358442417e-20)
(45.2579304711 -2.9666800917 0)
(45.4456919949 -2.5043166514 -6.16928669346e-19)
(45.687999541 -2.01622188553 1.63443235577e-19)
(45.9960005777 -1.47507583207 4.44249496685e-19)
(46.3858336176 -0.846273156313 -1.13341392973e-18)
(46.8803063632 -0.110994247016 5.1182493684e-20)
(47.5104097565 0.707393852638 1.69953852279e-18)
(48.3160451683 1.52938370692 -1.38664463013e-18)
(49.3484488451 2.25388184052 -5.61266031109e-19)
(50.6615060579 2.79220540819 -6.57950114601e-19)
(52.3061310323 3.13088473249 6.1667726262e-19)
(54.2720278859 3.37395110642 -1.62547763631e-20)
(56.4636008428 3.74058582411 4.56198629205e-19)
(58.6824315789 4.50746885241 3.15313413731e-19)
(60.6471349909 5.92716537432 5.93731542799e-19)
(61.9187227317 8.21458776516 -4.04724267625e-18)
(62.1365132875 11.429292884 1.77858220058e-20)
(61.1996310871 15.3341602575 -5.09912981094e-18)
(59.1306868848 19.5732664266 2.32114749715e-18)
(56.1184595664 23.6492887615 9.17506513054e-19)
(52.4903354465 26.9786412133 6.80881759009e-18)
(48.5147302253 29.0326097405 4.90902170539e-19)
(44.4060766132 29.3355101508 4.82852981596e-19)
(40.4615149721 27.4623719265 4.18012772103e-18)
(36.9517999885 23.2378758665 -3.45023335276e-18)
(34.2102998934 16.6866097189 -4.66068694585e-18)
(33.2868037238 8.22946547064 -5.56522429275e-18)
(33.905101436 -0.782236265276 1.93589196505e-17)
(38.7923667816 -11.9693935373 -2.53139235097e-18)
(53.0198346312 -10.4415551678 -3.96337069751e-18)
(52.8694095639 -10.4333541161 -5.56130801219e-18)
(52.716484842 -10.4215468575 7.33129677752e-18)
(52.5609846674 -10.4076158775 -2.29345843041e-18)
(52.4029443104 -10.3915095182 -4.90222569408e-18)
(52.242322526 -10.3730920509 2.5532312257e-18)
(52.0791066643 -10.3522287029 4.20938548626e-21)
(51.9133679723 -10.3287733605 1.88479400619e-18)
(51.7451146914 -10.3025506111 1.02022627481e-19)
(51.5743000755 -10.2733676147 -5.28436446573e-18)
(51.400899652 -10.2410210884 1.42204378532e-18)
(51.2249096817 -10.205290367 5.02116441493e-18)
(51.0463113027 -10.1659315767 -5.11789020208e-20)
(50.8650996597 -10.1226841243 -4.37649249099e-20)
(50.6813131307 -10.0752771286 -5.20662292366e-18)
(50.495020677 -10.0234338788 -6.29413314506e-18)
(50.3063036099 -9.96687333154 8.12300857153e-18)
(50.1152649451 -9.9053114418 4.89896089887e-18)
(49.9220409503 -9.8384631956 -8.47746531754e-18)
(49.7268008213 -9.76604262767 -1.10415375867e-18)
(49.5297467794 -9.68776401551 7.40688156533e-18)
(49.3311181318 -9.60334584026 1.05923040285e-18)
(49.131194713 -9.51251534896 -3.50419642341e-19)
(48.9302990059 -9.4150124154 1.68605778121e-19)
(48.7287984393 -9.31059266067 -2.9723762348e-18)
(48.5271076703 -9.19902983664 -2.54638842019e-18)
(48.3256899556 -9.08011747612 9.96579353895e-19)
(48.1250573946 -8.95366996138 2.50124790209e-18)
(47.9257722741 -8.81952248465 -1.00731273582e-18)
(47.7284522326 -8.67753122344 1.86482993677e-18)
(47.5338041017 -8.5276220169 1.69332511527e-18)
(47.3425920642 -8.36974823128 -3.17274716256e-18)
(47.1555505408 -8.20378217571 -1.65776422927e-18)
(46.97341427 -8.02957644737 1.41951710625e-18)
(46.796990182 -7.84700625262 -1.65530779926e-18)
(46.6271681749 -7.65593979061 -6.24024579572e-19)
(46.464899948 -7.45623475894 1.12296127647e-18)
(46.3111957802 -7.24771676619 -7.82643006611e-19)
(46.1671425123 -7.03016283059 -7.77046075807e-19)
(46.0339165925 -6.80329895663 2.10575415696e-18)
(45.9127994535 -6.56681171716 1.92560854008e-18)
(45.8052006903 -6.32035870193 -1.73016066911e-18)
(45.7126875464 -6.06355694038 -8.32206435311e-19)
(45.6370135586 -5.79594401134 2.02560820557e-18)
(45.580147812 -5.51694945205 -1.71235501615e-20)
(45.5443052896 -5.22592390745 -1.18457510037e-18)
(45.5320675733 -4.92222326713 1.98027824564e-19)
(45.5465535743 -4.60533371525 -1.1982011139e-19)
(45.5917597215 -4.27525072567 -2.45447386667e-19)
(45.6725691682 -3.93309724132 0)
(45.7947841844 -3.58169546325 7.26687777865e-20)
(45.964791694 -3.22441540822 -9.992313388e-20)
(46.1897241256 -2.86033848055 6.78881432849e-19)
(46.4781557106 -2.47804005284 -3.62733323927e-19)
(46.8412803413 -2.05505394053 -3.68743626632e-19)
(47.2954427564 -1.57074674017 6.28521843195e-19)
(47.8658651878 -1.02894991335 -8.68218404131e-19)
(48.5895147226 -0.477090152277 -4.41137072125e-20)
(49.5187689146 -0.009362022897 5.688625348e-19)
(50.7261700452 0.265316627634 -4.68395533697e-19)
(52.2687991497 0.29845219768 4.80433815274e-19)
(54.1580851098 0.170324074302 9.03173897197e-19)
(56.3516111916 0.117335583808 4.90167227773e-19)
(58.7070050261 0.522274632712 -1.52098881169e-18)
(60.9484343401 1.79901112893 6.43302096711e-19)
(62.7792174814 4.2618541802 -5.22873888672e-18)
(63.5468412764 8.02380395776 -2.78661434992e-18)
(63.240545679 12.8746586249 -9.145630825e-18)
(61.8661942628 18.3293642964 -6.31722339922e-19)
(59.2054772927 23.7394904928 9.28454464463e-19)
(55.5895610922 28.4649144043 -1.9357181338e-18)
(51.4544409839 31.9882242781 1.38675845457e-18)
(47.1484248397 33.8700530406 6.07284365331e-18)
(42.8157082668 33.7199993252 1.84042335991e-18)
(38.6207262799 31.1513138717 -1.03446027935e-17)
(34.914338791 25.8582708191 -9.32400274682e-18)
(32.4457457292 17.7378407956 -9.43747732881e-18)
(32.3342869361 7.51067635901 -3.31203659367e-17)
(33.5158434935 -3.22166017442 -1.89516043126e-17)
(38.9579973301 -14.9426789757 6.63094360247e-18)
(53.1244225609 -9.27691556232 -2.67340912079e-18)
(52.9827927486 -9.2771367245 9.92254968992e-22)
(52.8384220484 -9.27400008131 -6.72427940689e-24)
(52.6913290675 -9.26882806554 5.35512882493e-22)
(52.541553913 -9.26155352336 -3.88261904254e-18)
(52.3890667806 -9.25203923741 -2.11411192514e-18)
(52.2338438173 -9.2401317952 7.43252891385e-18)
(52.0759335771 -9.22568521999 -1.29951633022e-18)
(51.9153995812 -9.20856165409 -3.78903737786e-18)
(51.7522762625 -9.18861360737 8.17644593936e-18)
(51.5866199805 -9.16567895307 -8.79112777188e-18)
(51.4185145737 -9.13958660133 -3.69133312541e-18)
(51.2480523749 -9.11015696904 3.58582381864e-18)
(51.0753130114 -9.07719853453 -1.71268704699e-18)
(50.9003470621 -9.04051055119 -6.10849093541e-19)
(50.7231797949 -8.99988153681 -7.20392840772e-18)
(50.5438552459 -8.95508986519 9.8981640629e-18)
(50.3624557252 -8.90590707248 7.05167842443e-18)
(50.1791020592 -8.85211653449 -4.23461606834e-18)
(49.9939578075 -8.79351270435 -1.91393477845e-18)
(49.8072207154 -8.72989477827 -7.32864990942e-20)
(49.6191135076 -8.66106612114 5.07873230724e-18)
(49.4298852093 -8.58683770361 -2.83007099921e-18)
(49.2398169181 -8.50703033191 -5.33389037672e-18)
(49.0492262956 -8.42147568312 7.93036372468e-19)
(48.8584699864 -8.33001724977 4.41250883131e-18)
(48.6679452827 -8.23251124411 3.09073954293e-18)
(48.4780918879 -8.12882682692 -3.31055420116e-18)
(48.2893941505 -8.01884567485 -1.04128581857e-18)
(48.1023830147 -7.90246240621 2.80845879512e-18)
(47.9176783968 -7.7796110554 1.70916391944e-19)
(47.735974798 -7.6502537856 -7.19192239364e-20)
(47.5579419097 -7.51430688093 1.49683707132e-18)
(47.3842419741 -7.37164621911 -3.87548954853e-18)
(47.2156164553 -7.22215493472 -1.44763566517e-18)
(47.0529075408 -7.06572688851 2.26804570443e-18)
(46.8970374982 -6.90225734267 1.96146940943e-20)
(46.7490044916 -6.73162813728 -4.17166017011e-20)
(46.6099031699 -6.55370017237 3.3653063749e-19)
(46.4809401663 -6.36832288009 1.04984096364e-18)
(46.3634531438 -6.17535649273 -2.41523010757e-19)
(46.2589348742 -5.97468606184 -1.7979455664e-18)
(46.1690746731 -5.76620043576 -1.13231383065e-19)
(46.0957881887 -5.54973506593 7.09357989848e-19)
(46.0412649139 -5.32505848358 2.00650048541e-19)
(46.0079449026 -5.09202894495 6.80656056323e-20)
(45.9986839415 -4.85090003832 7.38811187236e-19)
(46.0167863224 -4.60260746638 -2.39125246518e-19)
(46.0670843019 -4.34895108587 -6.49487837087e-19)
(46.1538572141 -4.09280829511 -8.31628428863e-20)
(46.284285179 -3.83796268595 4.59364972374e-19)
(46.4649364356 -3.58778321467 5.32769325717e-19)
(46.7032450397 -3.34135915932 -4.25574088266e-19)
(47.0088759282 -3.08939828865 2.22074039687e-19)
(47.3938735891 -2.81527398321 -5.60353750083e-21)
(47.876299843 -2.51246186954 1.41042151507e-20)
(48.4901816533 -2.2119341222 3.22772220434e-19)
(49.2803216154 -1.99195670399 -6.7946671889e-19)
(50.2911681841 -1.96117956057 1.70356405513e-18)
(51.5774558316 -2.20813292272 8.35920206386e-19)
(53.1914260196 -2.72092945989 1.31153814532e-18)
(55.1293703713 -3.2959990022 -1.19684170679e-18)
(57.3124040048 -3.52559804128 -1.39343215592e-18)
(59.5209586938 -2.87494583485 1.55467423992e-18)
(61.525907104 -0.828486475069 8.81313003566e-18)
(62.8866294613 2.92118200064 -3.24626401888e-18)
(63.2749954871 8.27952279779 1.31723936666e-18)
(62.6134809616 14.7657819608 3.47843094337e-18)
(60.6916587146 21.7445246877 8.06860302656e-18)
(57.6655913331 28.2772471898 2.19432440163e-18)
(53.90805148 33.5744942801 -1.04447158692e-19)
(49.8276821511 37.1912039203 -2.96962556664e-18)
(45.7166948951 38.8467474705 1.32754867057e-18)
(41.6651116836 38.2205066704 -8.08099639577e-18)
(37.8218041338 34.9169269904 -3.7173019618e-19)
(34.6963527462 28.4400571463 1.25518502095e-17)
(33.0096459851 18.6641921081 -5.28332957083e-18)
(33.4652892181 6.62746423042 1.09806706083e-18)
(35.6645951324 -5.87345537312 -2.64089614693e-17)
(41.1022065623 -17.4591872995 -1.33730634535e-17)
(53.1514912087 -8.20682437286 -3.59790266475e-18)
(53.0184300105 -8.21342533626 1.94702632682e-18)
(52.8826707466 -8.21705220435 -3.99914336342e-18)
(52.7442821594 -8.21887591378 -2.18842067138e-18)
(52.6033217342 -8.21882882945 4.16903235634e-18)
(52.4597989228 -8.21677520116 1.76485518562e-18)
(52.3137035027 -8.21256621746 8.65393777048e-20)
(52.1649831175 -8.20604467153 4.48952254037e-18)
(52.0135858328 -8.19705410292 1.86533454797e-18)
(51.8595571388 -8.18543730899 -4.80235598317e-18)
(51.7029921424 -8.17104756965 -5.69385296901e-18)
(51.5439559401 -8.1537432688 -3.60327872182e-19)
(51.3824932466 -8.13338708979 4.28135807763e-18)
(51.2186518151 -8.10984493854 -8.65629300361e-18)
(51.0525156953 -8.08298313428 -3.4708994095e-19)
(50.8842293971 -8.05266004986 7.21575940409e-18)
(50.7139626691 -8.01872699026 -2.06161089322e-20)
(50.5418029073 -7.98103024696 6.59302450887e-21)
(50.3677844562 -7.93939633378 0)
(50.192021541 -7.89365194936 -3.42340805016e-18)
(50.0146957803 -7.84363522799 -9.69576411865e-19)
(49.8360105292 -7.78919711223 2.61330051976e-18)
(49.6561853956 -7.73020471916 -2.16693705993e-18)
(49.4754700194 -7.66653917179 5.42659945291e-19)
(49.2941474852 -7.59809299702 2.77707686649e-18)
(49.1125314804 -7.52476965428 -6.84772554131e-21)
(48.9309667005 -7.44648365339 -1.00232466085e-18)
(48.7498331039 -7.36316068577 -2.12434815216e-18)
(48.5695504324 -7.27473745461 -1.11787688503e-18)
(48.390581258 -7.18116225897 1.28271028233e-19)
(48.2134743 -7.08241579375 1.82800086498e-18)
(48.0388515926 -6.97850442769 1.26466136651e-19)
(47.8673096263 -6.86940124633 -1.44588157038e-18)
(47.6994376395 -6.75504725796 1.38939999962e-18)
(47.5359071751 -6.63539577531 1.88199289623e-18)
(47.3774942412 -6.51042220978 -1.01443844093e-18)
(47.2250594719 -6.38011884269 -1.09042197903e-19)
(47.079545654 -6.2444880154 1.02047818472e-18)
(46.9419992238 -6.10354306608 -4.05417068965e-19)
(46.813584105 -5.95732757254 3.56181563237e-20)
(46.6956003968 -5.80594844872 3.72667800282e-20)
(46.5895009956 -5.64959920487 -6.77287412711e-20)
(46.4969395432 -5.48854168687 9.91837978013e-19)
(46.4198020709 -5.32300802538 -6.99629878487e-19)
(46.360319101 -5.15314167355 -1.65057793174e-18)
(46.3209538643 -4.97930657022 2.76941927451e-19)
(46.3045414384 -4.80270408425 5.76752654364e-19)
(46.3143395555 -4.62597858197 2.54580294571e-19)
(46.3544518728 -4.45290467938 -3.12093833578e-19)
(46.4304128024 -4.2878503139 9.86837779558e-20)
(46.5477758363 -4.13527986773 -3.36669163062e-19)
(46.7123355925 -3.99917400039 2.33255661472e-19)
(46.9302094544 -3.87957577438 1.63928854587e-19)
(47.2133672732 -3.77067134814 -2.65788596232e-20)
(47.5802517149 -3.66681129799 5.4605456614e-20)
(48.046272562 -3.57767207001 -1.5718114509e-19)
(48.6333053155 -3.5558180793 1.77132094978e-19)
(49.377213379 -3.70521253696 2.12007719108e-18)
(50.3219625768 -4.14318707312 1.12159080886e-18)
(51.5131019922 -4.92123357701 -4.36841322135e-18)
(52.9683896532 -5.93353739341 1.80267127081e-18)
(54.6475631929 -6.83478251626 -3.08633440323e-18)
(56.4469634734 -7.04399976822 1.43562030932e-18)
(58.1706374134 -5.89564513076 1.66979449394e-17)
(59.5091006508 -2.87309424767 -4.41228312845e-18)
(60.1939668005 2.24579588747 -9.80364448617e-18)
(60.0866105892 9.26852665861 -3.20578804003e-18)
(59.1641459746 17.4397158704 4.8150944799e-18)
(57.3535829481 25.6119345479 -3.06038642763e-19)
(54.6619530152 32.7720907151 1.66713176418e-19)
(51.4460584097 38.2674164576 5.38819888055e-18)
(48.0988815759 41.7997942046 1.44498051365e-19)
(44.8004451312 43.2038489624 -2.90934195595e-18)
(41.6088608447 42.2204092528 1.00260571354e-17)
(38.7573435053 38.2506281939 3.38184362633e-19)
(36.7887503368 30.5952673141 -7.0324439339e-18)
(36.3886780408 19.2014727741 3.0193860051e-18)
(38.0120969201 5.56002666298 3.01159811807e-17)
(40.9970891059 -8.33010614971 2.47949266848e-17)
(45.6365953122 -18.8312613612 3.25659805707e-19)
(53.1341483312 -7.16289288489 5.45589948025e-19)
(53.0094714241 -7.17406274495 -6.46906434741e-18)
(52.8820620548 -7.18267366735 1.82427982698e-18)
(52.7520334962 -7.18976167987 1.85609433112e-18)
(52.6194401373 -7.19527521426 -1.78387441063e-18)
(52.484278311 -7.19910338151 -1.79684510179e-18)
(52.3465396329 -7.20112776538 -1.46472342635e-18)
(52.2062329347 -7.20122587583 -6.96269748226e-20)
(52.0633822442 -7.19926455533 1.38118542569e-18)
(51.9179609156 -7.19510107973 4.04390190524e-18)
(51.769899603 -7.18859304461 4.18512435112e-18)
(51.6191776511 -7.17960186112 -5.20114145827e-18)
(51.4658198868 -7.16798985874 -3.40101947859e-19)
(51.3098947166 -7.15361859945 -2.14084479705e-18)
(51.1515361006 -7.13635524129 -3.89025265017e-18)
(50.99089148 -7.11608279101 3.60968607651e-18)
(50.8280686227 -7.09269873139 2.03641439762e-18)
(50.6632322167 -7.06611896613 9.91678287159e-20)
(50.4966073247 -7.03624758368 -5.4820541264e-18)
(50.3283596309 -7.0029768428 2.3293664063e-18)
(50.1586070779 -6.96620084488 3.53012258612e-18)
(49.9874539287 -6.92581955938 1.99174126697e-18)
(49.815033403 -6.88173391966 2.31938962416e-19)
(49.6415435147 -6.83385477925 -4.3959338621e-18)
(49.4672310651 -6.7821038085 -1.22650628297e-18)
(49.292372946 -6.72642573164 -1.20338948249e-18)
(49.1172730962 -6.66678460066 -1.05399029385e-18)
(48.9422641206 -6.60315666519 2.91919753749e-18)
(48.7677105918 -6.53552853256 3.128506332e-18)
(48.5940130299 -6.46389994891 -2.71076785956e-18)
(48.4216516554 -6.38830189811 6.71478186857e-19)
(48.2511749324 -6.30879196614 8.84562627291e-19)
(48.0831017423 -6.22540604529 -1.5568055758e-18)
(47.9179382264 -6.13816010195 -1.92555312257e-18)
(47.7562676845 -6.04709229565 -7.1181414709e-20)
(47.5987722469 -5.95227485647 7.24765677878e-19)
(47.446212053 -5.85381278235 -1.02229846682e-18)
(47.2994220717 -5.75184542445 5.10740449037e-19)
(47.1593299506 -5.64655218402 4.46700486792e-19)
(47.026972181 -5.53817188515 7.48898842966e-19)
(46.9035030002 -5.42703795537 1.69549937652e-18)
(46.7902105345 -5.31361730309 -2.71080107881e-19)
(46.688531882 -5.19854684437 -1.18655746357e-18)
(46.6001083791 -5.08257363279 9.88957266231e-20)
(46.5268489967 -4.96649353945 1.94585042316e-20)
(46.4711391446 -4.85150341098 -2.95931192076e-20)
(46.4355489021 -4.73969500536 -2.66206469627e-20)
(46.4237483078 -4.63446249522 0)
(46.4385980801 -4.54090349004 -6.19635312727e-20)
(46.4826819905 -4.46448865313 2.52801694246e-19)
(46.5602952713 -4.4117085956 -1.89625388508e-19)
(46.6781234158 -4.38517724042 -1.9110183439e-19)
(46.8439399756 -4.38669075767 2.41781930332e-20)
(47.0627351768 -4.41839789274 5.27354633297e-20)
(47.3448718416 -4.48554076489 -1.53085675038e-19)
(47.7088505707 -4.60995558338 1.85877836337e-19)
(48.1719187552 -4.85707124002 6.61520455649e-19)
(48.7475173251 -5.34272094747 -7.36001320474e-19)
(49.4527393567 -6.19037169407 -2.78750025606e-18)
(50.3155959413 -7.40090262259 3.15707841904e-18)
(51.3347908266 -8.75963125564 -2.02613221627e-18)
(52.4270081817 -9.79841096392 -1.35776388204e-18)
(53.4971407214 -9.8184982858 6.66120622873e-18)
(54.4878202601 -8.04320999153 -1.05987076607e-17)
(55.1964046039 -4.05401962904 -2.23579059993e-18)
(55.2928388496 1.88656794702 -6.55705785022e-18)
(54.7097965899 9.43487176758 2.82479934226e-17)
(53.6521618622 18.6223969046 -4.959664664e-18)
(52.3171146788 28.0735630553 3.02803626818e-18)
(50.6700771466 35.9822833755 -6.46901843173e-18)
(48.7502696294 41.7627298553 -2.13017615406e-18)
(46.7557976761 45.3351458294 7.75191298005e-19)
(44.9403606344 46.5989176622 6.06646944078e-18)
(43.3939944323 45.1270786557 5.79490104225e-19)
(42.3500834927 40.3765381608 -1.61380564521e-17)
(42.3209722124 31.5624320647 1.37608023361e-17)
(43.7320236235 18.985607108 3.0374371126e-18)
(46.4278874808 4.57620950282 -5.01814992986e-18)
(49.6446161817 -9.79228007623 1.82242058105e-17)
(52.4501966954 -19.2506131377 1.94714625131e-18)
(53.0751347123 -6.20558194469 -1.54549164394e-20)
(52.9579725223 -6.21962778006 6.15317813137e-21)
(52.838108619 -6.23150916938 1.79238000052e-18)
(52.7156153327 -6.24213617748 -3.16994004513e-18)
(52.5905303169 -6.25146927773 -5.03823979129e-18)
(52.4628489717 -6.25941434109 1.77297456091e-18)
(52.3325586293 -6.2658700556 5.95709977457e-18)
(52.1996576567 -6.27073363948 -1.21435682508e-18)
(52.0641547971 -6.27390110984 8.44997676887e-19)
(51.9260649511 -6.27526781765 3.04500201566e-18)
(51.7854128899 -6.27471971797 -7.73376806569e-18)
(51.6422362579 -6.27213568787 -1.82104819197e-19)
(51.496587044 -6.26739228656 9.27399541742e-18)
(51.348503649 -6.26036426137 4.44698217579e-18)
(51.1979717147 -6.25092762195 -2.3183284404e-18)
(51.0449679105 -6.23896769248 -7.90360274283e-18)
(50.8895167773 -6.2243786342 -3.25716249461e-18)
(50.7317466529 -6.20706029375 3.85623075754e-18)
(50.5718550859 -6.18694538322 2.64043540596e-21)
(50.4100067492 -6.16398851598 -5.44849015167e-21)
(50.2463555458 -6.13815470642 -7.68012383945e-22)
(50.0811001643 -6.10941408342 -2.81453919726e-18)
(49.914455257 -6.07773246745 1.95972134741e-18)
(49.746623435 -6.04307280823 4.05116407943e-18)
(49.5777672022 -6.00541051928 -1.98830469877e-18)
(49.4080284576 -5.96472321355 -3.42222045197e-18)
(49.2376231036 -5.92099877783 9.31812051577e-19)
(49.0668329143 -5.874240808 2.24257141732e-18)
(48.8959679202 -5.82447034883 -1.00711123154e-18)
(48.725358712 -5.7717327712 -8.51838906049e-19)
(48.5554094717 -5.71610843443 1.49284188513e-18)
(48.386589779 -5.65770618862 9.04283768176e-19)
(48.2193308657 -5.59662465039 -1.18724822864e-19)
(48.0540379519 -5.53295529487 -1.20665777661e-18)
(47.8911828401 -5.46682255545 -1.33488812433e-18)
(47.731326424 -5.39839746465 6.80164822744e-19)
(47.5750951694 -5.32789890307 -5.29258844425e-20)
(47.4231751809 -5.25560110336 4.54485713327e-19)
(47.2763278747 -5.18184044261 -3.84479573566e-19)
(47.1353923252 -5.10702435867 -6.42344275045e-21)
(47.0012927417 -5.0316873611 3.56837356306e-19)
(46.8750567371 -4.95652958168 5.92652595444e-19)
(46.757834092 -4.88242511291 -1.05665475743e-18)
(46.6509248248 -4.81049681678 -1.71461199561e-18)
(46.5558090914 -4.7423832691 6.38110007042e-19)
(46.4742028537 -4.68033741067 9.68193587003e-19)
(46.4081929915 -4.62715147597 1.76621298104e-19)
(46.3595415879 -4.58587841094 3.42164929595e-19)
(46.3301736163 -4.56114386282 2.00748577835e-19)
(46.3225385422 -4.56264152822 -1.57328222842e-19)
(46.3375951636 -4.60068641795 -1.34589424365e-20)
(46.3776359376 -4.66525347383 3.26912562092e-20)
(46.4458230209 -4.76106472536 -1.42011530221e-19)
(46.5475156797 -4.90749345026 -6.96618410402e-19)
(46.6912981347 -5.11878895315 6.41186713246e-19)
(46.8856745313 -5.41585710018 1.01863495487e-18)
(47.1326992424 -5.85602972845 -1.27048131264e-18)
(47.4203512883 -6.5485346957 4.61136766371e-19)
(47.7229366208 -7.62937140959 3.08627935482e-18)
(48.0259635104 -9.06421534191 -3.59398345704e-18)
(48.3416415052 -10.4755138569 -2.50987295875e-18)
(48.6499248831 -11.2812799895 -2.81290916251e-18)
(48.8742439182 -11.0673237444 6.56817628476e-18)
(48.9830494743 -9.05609576748 4.33579459945e-18)
(48.9524916287 -4.15465995907 -1.35070333233e-17)
(48.742741138 3.43188234452 1.91262811022e-18)
(48.3505516516 12.6727003947 -2.53066702356e-18)
(47.8077373696 21.6709175716 3.83241832344e-17)
(47.1607344598 30.080294276 -2.44858402908e-18)
(46.7627907551 37.5707089459 1.50252094143e-18)
(46.5787655686 43.3382219835 -4.91151377522e-18)
(46.5887942257 46.754117888 -1.70537149713e-18)
(46.760230952 47.3838350815 -6.06502036702e-18)
(47.3556572032 45.9209162149 1.23090237029e-17)
(48.5499941951 40.6938852123 1.69207806504e-17)
(50.5732934976 31.3188260784 5.57431228767e-19)
(53.8536785721 18.4633221502 -3.44047602966e-18)
(57.7286550578 3.79003909161 -4.13816546143e-18)
(60.4013351983 -10.3320924774 8.4281129122e-19)
(60.4589182425 -18.6738525169 1.43908574607e-17)
(52.9960423079 -5.27099850336 5.56159017011e-18)
(52.8853955504 -5.28663820732 3.44742986149e-18)
(52.7720837619 -5.30053655735 -1.42923888493e-19)
(52.656151092 -5.31346869679 -3.75811899709e-21)
(52.5376218108 -5.32539734381 -3.14527635857e-18)
(52.4164847425 -5.3362397114 -2.32313093507e-19)
(52.2927205821 -5.34590969734 -1.29562143896e-18)
(52.166320783 -5.35432096661 2.41903699269e-18)
(52.037286997 -5.36138623499 4.01819996255e-18)
(51.9056254075 -5.36701787783 -7.35946248832e-18)
(51.7713457126 -5.37112813842 8.43776670795e-19)
(51.634462962 -5.37362991775 8.10042466513e-18)
(51.4949999673 -5.37443828427 -3.33834261127e-18)
(51.3529884325 -5.37347155798 -4.37000534173e-18)
(51.2084712049 -5.37064749153 -3.60540009647e-21)
(51.0615051014 -5.36587835155 -3.76961230279e-18)
(50.9121646894 -5.35907467734 -1.80663478435e-19)
(50.76047883 -5.35014648315 2.22234217859e-18)
(50.6064349498 -5.33901774947 -7.64951933411e-20)
(50.4500704126 -5.32562828521 3.86364539915e-18)
(50.2914907917 -5.30992891744 1.13827000444e-19)
(50.1308681813 -5.2918873819 -2.17263693978e-19)
(49.9684101127 -5.27149897247 -1.86304991854e-18)
(49.8042870885 -5.24877753525 -2.14134487039e-18)
(49.6386775111 -5.22375220007 -2.95197156818e-19)
(49.4718178071 -5.19645442227 -2.2047331753e-18)
(49.3039324959 -5.16692195406 3.14274776695e-18)
(49.1352261084 -5.13520674832 4.00185062347e-18)
(48.9658828544 -5.10137599399 -5.0381983535e-20)
(48.7961050136 -5.06550494898 -1.80539191167e-18)
(48.6262006867 -5.02769439905 -8.66478523548e-19)
(48.4565513714 -4.9880735014 -2.19319719013e-18)
(48.287485556 -4.94678276514 -9.67725620951e-20)
(48.1192886955 -4.90397143954 1.52098538289e-18)
(47.9522969866 -4.85982675621 1.09068764653e-18)
(47.7869167359 -4.81458691722 1.68042960095e-18)
(47.623595653 -4.76854536995 -1.02065741887e-18)
(47.4628382219 -4.72206284723 -1.4201483931e-18)
(47.3052576922 -4.67559379024 -1.2706190102e-18)
(47.1514557918 -4.62971671724 3.33078786006e-19)
(47.0019910244 -4.58513050182 1.13932003511e-18)
(46.8574973573 -4.54270553565 1.28180002394e-18)
(46.7186594114 -4.50354159189 6.21365963036e-20)
(46.5862298858 -4.46902973948 -1.13059565896e-18)
(46.4610650529 -4.44091624051 -4.00497653738e-19)
(46.3440222755 -4.42133333653 -1.88101636955e-19)
(46.2358629074 -4.41305697898 9.31113238478e-19)
(46.1373179691 -4.42044246608 1.43379576703e-19)
(46.0491263236 -4.44851315149 -7.33654214148e-19)
(45.9718252501 -4.5002647007 -5.58938224055e-21)
(45.9054413913 -4.57273370307 8.8458036171e-20)
(45.8475973114 -4.68070481469 2.27710498308e-21)
(45.7973068558 -4.84741022093 9.13519517887e-20)
(45.7577517376 -5.07810772269 4.02351157708e-19)
(45.7301687675 -5.38029348922 -7.1857726814e-19)
(45.7114535061 -5.76809025146 1.63516701392e-18)
(45.6903430033 -6.28049780977 -6.54118400492e-19)
(45.6396421521 -6.99840088875 -4.73230337593e-19)
(45.5079437681 -8.03436343359 8.28230741784e-18)
(45.2329761285 -9.40935075882 1.67367165317e-18)
(44.8001369201 -10.8445798731 5.69424837731e-20)
(44.2728440095 -11.5840980457 -2.11195053435e-17)
(43.6988163979 -11.0475339695 -8.58767125864e-18)
(43.0690745811 -8.54295371678 -6.91647656105e-18)
(42.5038121712 -3.51273558311 -1.5511787264e-17)
(42.1865412695 3.63552493718 6.85434982097e-18)
(42.1873632357 12.1708218545 -9.36062201493e-18)
(42.5490718878 21.1647918084 -8.61082229247e-18)
(43.2849390494 29.68784203 1.14033425787e-17)
(44.4481944578 36.9587929246 -1.45157657102e-17)
(46.025635788 42.3669123599 -4.1551031333e-18)
(47.9135358216 45.4944089273 -4.18635315749e-18)
(50.1975232744 46.2509680675 -5.48945771741e-18)
(52.9052863921 44.242355109 1.58764273918e-17)
(56.2425701106 38.5264021277 -1.62541608175e-17)
(60.1462340128 28.6949880657 -1.62778646759e-17)
(64.4008594738 15.4545974423 2.97613718962e-18)
(67.8103507146 1.46141388239 -1.88663591731e-17)
(70.2667345563 -10.2736268387 1.02063950667e-17)
(68.112101506 -17.0405726985 1.40039739521e-18)
(52.9026562729 -4.41172083347 2.66210317713e-18)
(52.7973142355 -4.4274661228 1.60936538721e-18)
(52.6893514385 -4.44181065757 1.64163923904e-18)
(52.5787899445 -4.45541219404 -2.68039871929e-19)
(52.4656478968 -4.4682305116 -1.54667334187e-18)
(52.3498969342 -4.48018746931 -2.71868033535e-18)
(52.2314976803 -4.49121183643 -6.75011764101e-20)
(52.110431945 -4.50124748844 2.52000480183e-18)
(51.986695702 -4.51024439429 1.24488045869e-18)
(51.8602859758 -4.51814681364 -1.13251504793e-18)
(51.731199398 -4.52489079666 3.12921711168e-18)
(51.5994358995 -4.53040465962 4.30034508548e-18)
(51.4650022797 -4.53461231621 -2.34901726013e-18)
(51.3279150756 -4.53744163138 -4.0724309854e-18)
(51.1882000517 -4.53882915633 8.34154162989e-19)
(51.0458893021 -4.53871832008 4.41567563837e-18)
(50.90101995 -4.53705970373 -2.56710879484e-18)
(50.753636098 -4.53381311521 -4.32026216605e-18)
(50.6037952706 -4.52893502194 7.18172307608e-19)
(50.4515750377 -4.52238198912 -2.15227726334e-18)
(50.2970506365 -4.5141154866 1.25729631557e-18)
(50.140265951 -4.50410780484 2.29013620668e-18)
(49.9812593666 -4.49234992444 -8.48273641669e-19)
(49.8201155578 -4.47885480767 6.06654899465e-20)
(49.6569683543 -4.46364747072 -2.28588161603e-18)
(49.4919574227 -4.44677389203 1.12628129877e-18)
(49.3252176099 -4.42829807595 3.09885592492e-18)
(49.1569029974 -4.40829966058 -2.89487601584e-18)
(48.987222706 -4.38687394049 -2.94247996967e-18)
(48.8164193188 -4.36412591996 9.08429748103e-19)
(48.6447619348 -4.34018294157 -7.46655477303e-19)
(48.4724979624 -4.31520487703 -1.42586531998e-18)
(48.299779769 -4.28935795333 2.1101635264e-18)
(48.1267528261 -4.26281811897 5.26223466862e-18)
(47.9536284459 -4.23580340012 -1.11304002312e-18)
(47.780667397 -4.20858557595 -4.67893675197e-18)
(47.6081457765 -4.18149184067 9.66682974446e-21)
(47.4363246864 -4.1549150619 2.49715419888e-18)
(47.265413357 -4.12933647452 5.16200711151e-19)
(47.095685314 -4.1053657096 -9.02047184627e-19)
(46.9275018526 -4.08373918531 0)
(46.7611885375 -4.0653529648 1.75841459226e-20)
(46.5970554054 -4.05131038653 -1.22096176778e-18)
(46.4353671068 -4.04296849432 -5.8547554871e-20)
(46.2762480367 -4.04200949614 1.57308309758e-18)
(46.1196719809 -4.05053201239 -8.10911502839e-19)
(45.9655074997 -4.07110420306 -1.16925591777e-18)
(45.813404063 -4.10680133218 6.01808004866e-19)
(45.6623667213 -4.16140141876 9.64529342938e-19)
(45.5107801286 -4.23966006548 1.16788186e-19)
(45.3578072786 -4.34744043245 4.63429096222e-20)
(45.2028410939 -4.49116264059 -3.43307232153e-20)
(45.0409771713 -4.67786705003 -1.48735029175e-20)
(44.8657667124 -4.91631823733 2.23370857188e-19)
(44.670346473 -5.21380292055 -1.33983780136e-18)
(44.4436153609 -5.57826611076 -2.36456043082e-18)
(44.1696813922 -6.03226638867 2.5824936236e-18)
(43.8175166945 -6.62579294618 3.41628356411e-18)
(43.3274258145 -7.42844243134 2.41821738987e-18)
(42.6182868939 -8.45337515758 7.43585692581e-19)
(41.6388381849 -9.51425660534 3.08652224164e-18)
(40.4537750073 -10.1226315001 1.21554459812e-18)
(39.2321183933 -9.54919458715 -8.240849506e-18)
(38.1650678137 -7.12047328688 8.1287269379e-19)
(37.5042351818 -2.5218451984 -9.05135676045e-18)
(37.3635693006 3.96016477833 -1.5786928392e-17)
(37.8413147458 11.6812748792 -6.28859749023e-18)
(39.0627119282 19.8445160866 9.85219860655e-18)
(40.9943046977 27.5928649809 -1.38503347606e-17)
(43.5975277149 34.1764758011 6.95977783117e-18)
(46.7753554621 39.0574926205 1.05448356927e-17)
(50.4160267735 41.8866830003 0)
(54.507653288 42.3353486509 -2.43455146499e-19)
(59.0823942586 39.8941496781 0)
(64.1337705114 33.9831007585 5.73008416268e-18)
(69.3367600415 24.4626288599 -1.39123408467e-17)
(74.0701574399 12.4558227921 -2.10501721907e-17)
(76.9269042989 0.414975112215 -1.17209479753e-17)
(78.1626999963 -9.28982994258 1.6205515083e-18)
(74.1309315758 -14.2330402234 1.21931224102e-17)
(52.8131009057 -3.55180023216 1.7565158727e-19)
(52.712212462 -3.56684943838 1.64575116906e-18)
(52.6087695302 -3.58084743074 -4.24460001338e-18)
(52.5027253512 -3.59433556911 2.64646975595e-18)
(52.3940464199 -3.60727181757 -3.514640169e-18)
(52.2827000375 -3.61957891113 -3.19861920358e-18)
(52.168664099 -3.63119264979 5.43319305207e-18)
(52.051921923 -3.64207695756 1.02492589921e-18)
(51.9324604544 -3.65221276374 -2.01911841303e-18)
(51.8102666051 -3.6615741613 -1.28944964014e-18)
(51.685327116 -3.6701188203 4.479617216e-18)
(51.557628957 -3.67778524219 2.08241245753e-18)
(51.427160103 -3.68449313432 -9.80261102466e-19)
(51.2939160647 -3.69016446521 -2.08156098808e-18)
(51.1579048997 -3.69474901553 1.81418239784e-18)
(51.0191427598 -3.69822563047 -1.65402882039e-18)
(50.8776468156 -3.70058119523 -1.93194017902e-18)
(50.7334351508 -3.70179613279 1.76208938536e-18)
(50.5865300328 -3.70184601778 0)
(50.4369598428 -3.70070630627 6.62807752286e-19)
(50.2847604474 -3.69835972576 -1.99834319691e-18)
(50.1299756081 -3.69480046144 -2.10301183347e-18)
(49.9726577338 -3.69003171995 1.97656304381e-18)
(49.8128694467 -3.68406461135 2.49098858747e-18)
(49.6506804707 -3.6769246698 2.18358236839e-18)
(49.4861725964 -3.66865316192 -1.04461513222e-18)
(49.3194379511 -3.65930460681 -4.09127038027e-18)
(49.1505686849 -3.64894673486 -9.90114711791e-20)
(48.9796637232 -3.63766656195 4.54739410671e-18)
(48.8068316754 -3.6255792449 1.25086777063e-19)
(48.6322076829 -3.6128352303 -3.34305480601e-18)
(48.4559547282 -3.59961511585 1.7536347771e-20)
(48.2781878117 -3.58608979114 7.74210581318e-19)
(48.0989562241 -3.57243354228 -5.75188761859e-20)
(47.918318652 -3.55886082048 -5.86822724472e-19)
(47.7363674654 -3.54563643054 -2.72419358494e-20)
(47.5532004651 -3.53307461706 -5.19568386276e-19)
(47.3689007215 -3.52155032351 2.35754984035e-18)
(47.1835377849 -3.51150750368 1.14947909541e-18)
(46.997166607 -3.50346384975 -2.30812585414e-18)
(46.8098131085 -3.49806031814 1.56474932379e-18)
(46.6214493267 -3.49608189501 3.78814418622e-19)
(46.4319613734 -3.49848509573 -1.47220317503e-18)
(46.2411145447 -3.50643995712 -2.48172115822e-19)
(46.048528924 -3.52136204421 1.45888798732e-21)
(45.8536504365 -3.54493885888 7.78044695233e-19)
(45.6556854583 -3.57917776489 1.09987547771e-19)
(45.4534944816 -3.62647405357 -6.14394591044e-19)
(45.2454934319 -3.68963461331 3.66991797349e-19)
(45.0294661759 -3.77176711438 3.06800261723e-20)
(44.8023794939 -3.87633790059 -8.44067448933e-19)
(44.5599644564 -4.00776012709 9.35962576103e-20)
(44.2961922292 -4.17152733165 2.62502920614e-19)
(44.0063968305 -4.37323739107 2.21299282421e-19)
(43.6814472037 -4.61812000613 5.24964393025e-20)
(43.300558741 -4.90764994929 -1.06303456829e-18)
(42.8479233082 -5.24191387896 -4.90685393933e-19)
(42.304788314 -5.63116788463 -6.61386303824e-19)
(41.6191470363 -6.1071641292 -4.32376906039e-19)
(40.7122553143 -6.6981720826 2.20178347453e-18)
(39.5243777446 -7.33032631098 -1.48715634326e-18)
(38.0754953164 -7.70284221599 6.83797360887e-19)
(36.559285749 -7.27040037953 -1.05054338738e-18)
(35.2936113418 -5.41183729027 -2.58717179834e-18)
(34.531311864 -1.74358634496 1.58167587522e-18)
(34.5365105957 3.60585957241 -7.23481846969e-18)
(35.4927536678 10.1369771775 2.73510164941e-18)
(37.3943974102 17.1017816384 -8.06814471725e-18)
(40.2063091387 23.7303446 4.05795282008e-18)
(43.8835287792 29.3912119255 6.96386810739e-18)
(48.2907223793 33.5746015621 -1.29457981862e-18)
(53.2636473056 35.9012829973 1.25963719666e-18)
(58.7480973054 35.9725756334 -3.53732317695e-19)
(64.6650677724 33.3727263035 1.7444033945e-17)
(70.7493609679 27.7563660972 4.84796105723e-19)
(76.4190350609 19.2675459332 7.26811801516e-18)
(80.8320398652 9.03805347066 2.0291890138e-18)
(82.7418517429 -0.639222451364 1.23051647192e-17)
(82.607685657 -7.59316928795 1.44159933957e-17)
(77.6266519284 -10.9103287468 -2.88734928198e-17)
(52.7265680004 -2.765239179 -2.19458223212e-18)
(52.6288250205 -2.77821655627 -4.48558458652e-18)
(52.5285646631 -2.79038100269 7.38191047953e-20)
(52.4257231639 -2.80218636376 7.60287503085e-20)
(52.3202765383 -2.81360954169 5.6872858932e-20)
(52.212180852 -2.82459549091 1.21056565338e-18)
(52.1013904952 -2.83509670901 -4.42120618844e-18)
(51.9878693463 -2.845081941 9.43816159961e-19)
(51.8715879308 -2.85453284075 5.95114365062e-18)
(51.7525198065 -2.86343011906 3.96796725325e-18)
(51.6306433285 -2.87174734864 2.30205171519e-18)
(51.5059376902 -2.87944618418 5.75258188478e-19)
(51.3783767485 -2.88646160191 -1.82631376768e-18)
(51.2479332168 -2.89271299123 -2.39571395851e-18)
(51.1145910536 -2.8981521816 1.70521995745e-19)
(50.9783497059 -2.90278976072 -6.0398202818e-18)
(50.8392154379 -2.90665575885 -1.21798959679e-19)
(50.6971922692 -2.9097562024 2.50665375655e-18)
(50.5522840273 -2.91206938867 2.17696503199e-18)
(50.4044965419 -2.91355383527 -2.61956302036e-18)
(50.2538434493 -2.91417898456 -1.02831965572e-18)
(50.1003491424 -2.91395488046 4.13828007087e-18)
(49.9440381943 -2.91292023923 -1.24844452938e-18)
(49.7849225015 -2.91112027947 -1.32164773885e-18)
(49.6230047224 -2.90859705401 8.67937600174e-22)
(49.4582944177 -2.9053883312 -1.03463033512e-18)
(49.2908105675 -2.9015362496 -1.09160135194e-18)
(49.1205681863 -2.89709892605 -1.74933223778e-18)
(48.9475877783 -2.89215301049 1.42057435441e-20)
(48.7718917794 -2.88679307278 1.83308719681e-18)
(48.5935474145 -2.88113886852 8.39199414487e-19)
(48.4127057058 -2.87532944031 -2.84822812778e-18)
(48.2294393416 -2.86951358173 -2.27631787947e-18)
(48.0436830446 -2.8638498019 3.54131871355e-18)
(47.8553642171 -2.85852536398 1.42306486932e-18)
(47.6644481181 -2.85376269408 -2.68344232561e-20)
(47.4708957477 -2.849820029 -5.11427803223e-19)
(47.2746352345 -2.84700060098 -4.36144992689e-20)
(47.0755611945 -2.84566310495 1.07907391209e-18)
(46.8735260877 -2.84623379685 -3.17325633188e-20)
(46.6683238288 -2.84922158808 -2.60182555302e-18)
(46.459672484 -2.85523417926 -9.74727802373e-19)
(46.2471947502 -2.8649947251 2.49886297191e-18)
(46.0303910846 -2.87935734823 7.56198497433e-19)
(45.808599444 -2.89932203683 1.29995089086e-18)
(45.5809423932 -2.92605190563 1.1493651895e-19)
(45.346265913 -2.960889069 -1.39255810245e-18)
(45.1030657533 -3.00536109757 -4.18688638357e-20)
(44.8493863507 -3.06117102706 1.0562549177e-18)
(44.5827035955 -3.13017639029 1.54704220374e-19)
(44.2998174032 -3.21429166633 -3.35382452476e-19)
(43.9966602746 -3.31538229217 2.76222646161e-19)
(43.6679022955 -3.43502331537 6.61244869881e-19)
(43.3063931877 -3.57444626 -2.80966974339e-19)
(42.9025437399 -3.73557923254 -1.2368684733e-18)
(42.4447211837 -3.91683298629 5.39267252771e-19)
(41.9205826656 -4.1093952114 3.19511406861e-19)
(41.3145544058 -4.30300093272 1.79969777195e-19)
(40.6001541413 -4.48953254686 -9.45915616036e-19)
(39.7316031733 -4.66760640015 -7.02149245231e-19)
(38.6506670796 -4.82446972409 -5.03479400674e-20)
(37.3375497357 -4.86808554133 3.63935582351e-19)
(35.8622331431 -4.53212563921 3.20663989773e-18)
(34.5137801704 -3.37242773718 1.69103419236e-18)
(33.6477739824 -0.968750365975 -1.44575868065e-18)
(33.7119991382 2.83399289312 3.40181340819e-18)
(34.719539894 7.74222179918 -3.45585764737e-18)
(37.0066890573 13.1790452203 4.64230072572e-19)
(40.3548919977 18.4855174523 8.13722384923e-18)
(44.6819636475 23.0748574112 1.38277936009e-18)
(49.8568723524 26.4419437317 1.15092009624e-17)
(55.6902251764 28.2074583584 8.33720414076e-18)
(62.0096348165 28.0059742676 -9.90255290042e-18)
(68.5849614987 25.4909132787 -9.82912840013e-18)
(74.9708752601 20.5609115807 -4.21723917155e-18)
(80.488907176 13.7117080846 0)
(84.3107561825 6.14741354337 1.28631075175e-17)
(84.5996369277 -0.578132605781 3.69928546838e-18)
(83.6799108723 -5.19424881911 4.50216530218e-18)
(78.5116735553 -7.43588448086 -1.96946161752e-17)
(52.6623366329 -1.93971261936 5.09274424168e-18)
(52.5671331196 -1.95011059334 -1.21470420071e-18)
(52.4694858901 -1.95996536216 -5.63166715559e-18)
(52.3692424973 -1.96960924466 -4.84772658576e-18)
(52.2663487159 -1.97903420668 -2.3733966001e-19)
(52.1607619626 -1.98821163733 3.86126544976e-18)
(52.0524398461 -1.99711349898 -5.66461406019e-20)
(51.9413390016 -2.00571249674 1.22538860567e-18)
(51.8274229305 -2.01398243791 -3.11595485404e-18)
(51.7106612161 -2.02189875338 3.80939991323e-18)
(51.5910227128 -2.02944072605 3.40408912009e-18)
(51.4684762286 -2.0365922934 -7.76696399792e-18)
(51.342988107 -2.04332711547 -1.86350176706e-19)
(51.2145193402 -2.04959690109 3.78323954139e-18)
(51.0830327728 -2.05535781964 3.28585481119e-18)
(50.9485033677 -2.06060158722 -3.75416597427e-18)
(50.8109169501 -2.06534261037 -3.55278397888e-18)
(50.6702597169 -2.0695866658 6.91938482293e-18)
(50.5265150593 -2.07331941514 2.94414258475e-18)
(50.3796583524 -2.07651266981 -2.84165359269e-18)
(50.2296634117 -2.079147895 -1.48658423715e-18)
(50.0765143211 -2.0812400221 1.29715512772e-18)
(49.920194844 -2.08283653786 -1.37984664396e-19)
(49.7607033781 -2.08399022863 1.06621898859e-18)
(49.5980502447 -2.08474403184 -1.08956898427e-18)
(49.432232016 -2.08513045411 -2.27840633302e-18)
(49.2632400782 -2.08516656731 2.95254231395e-18)
(49.0910705278 -2.08488126418 -3.54710447537e-18)
(48.9157250197 -2.08432719593 -3.96159820049e-18)
(48.737180904 -2.0835807059 2.86357981389e-18)
(48.5554339438 -2.08273179274 7.94457385052e-19)
(48.3705028806 -2.08188759932 7.90553643839e-19)
(48.1823150936 -2.08116591253 2.89554547409e-18)
(47.9907185089 -2.08068594008 -4.97172662154e-19)
(47.7955686697 -2.08057649703 -2.888294486e-18)
(47.5967444899 -2.08098689771 6.57196049864e-19)
(47.3941088801 -2.0820941541 0)
(47.1874863843 -2.08410767274 1.09208812739e-20)
(46.9766633989 -2.08727322385 -2.54963112903e-18)
(46.7613784693 -2.09187963047 -1.26184143174e-19)
(46.541306702 -2.09826610124 4.34347677049e-18)
(46.3160448494 -2.10682937585 1.48555743744e-18)
(46.0850929337 -2.11803025593 -3.84624119551e-18)
(45.8478292125 -2.13239945236 -3.0676548157e-18)
(45.6034795693 -2.15054161839 3.09393063459e-18)
(45.351081644 -2.17313508654 1.56568438828e-18)
(45.089441846 -2.20092432908 -1.82415962847e-18)
(44.8170825369 -2.23470084475 6.32623457278e-19)
(44.532177753 -2.27526666439 2.54385441049e-18)
(44.2324756816 -2.3233721497 6.03589076346e-19)
(43.9152091085 -2.37962340458 -1.25153866634e-18)
(43.5770008489 -2.44434701198 -9.34725469977e-19)
(43.2137683015 -2.5173703148 -5.32606369123e-19)
(42.8206762415 -2.59772361521 -8.85479202657e-19)
(42.3919721759 -2.68323255987 2.04633287431e-20)
(41.9206610235 -2.76969701778 7.32295671717e-19)
(41.399010146 -2.8496815 1.0676552042e-18)
(40.8198718609 -2.91069930602 -6.36821396828e-19)
(40.1763443824 -2.93317187952 -1.54641757369e-18)
(39.4589167003 -2.89177421299 -5.41482200047e-19)
(38.6528075912 -2.75886201808 3.7293591223e-20)
(37.7437494179 -2.49756293597 3.27121247601e-18)
(36.7480785342 -2.03961737268 9.74480752005e-20)
(35.7736775378 -1.24556060621 -5.79638571584e-18)
(35.0732914278 0.113644476258 2.41692467084e-18)
(34.9930216635 2.26430080123 -8.24216270444e-18)
(35.8714106889 5.23559920792 8.58163118313e-18)
(37.9232500285 8.7821974372 2.57963998239e-17)
(41.184337828 12.4712648899 1.58320678927e-18)
(45.5647991235 15.784418305 2.01472133291e-18)
(50.8997419859 18.2446152883 -9.08474815102e-19)
(56.9581041808 19.4598582567 1.43798611676e-18)
(63.4408260086 19.1333635541 1.72591491932e-17)
(69.9307143153 17.0689786123 -1.87430925802e-18)
(75.8112690022 13.3817586157 -5.22582710516e-18)
(80.311354678 8.68233566279 -1.06332268589e-17)
(82.8657238272 3.9653595374 3.12384182261e-18)
(83.0891251669 -0.0352774958097 7.08093391657e-18)
(82.0238228011 -2.80857269632 -5.61101817308e-18)
(77.5602620962 -4.42855379545 1.50043981526e-18)
(52.6125854191 -1.19657073343 1.27924149883e-18)
(52.5186826806 -1.20301608235 5.53770114351e-20)
(52.4223205236 -1.20912413895 -3.87727429655e-18)
(52.3233791077 -1.21511301447 -1.22080830804e-19)
(52.221812421 -1.22098323014 2.65526381187e-18)
(52.1175649976 -1.22671962267 1.07735200379e-18)
(52.0105850128 -1.23230513115 -1.0722993111e-18)
(51.9008251544 -1.23772241363 1.00240918762e-18)
(51.788239928 -1.24295439818 3.37376378562e-18)
(51.6727843587 -1.24798517639 -2.14630340157e-18)
(51.5544146599 -1.25280136041 -2.18106687466e-18)
(51.4330900539 -1.25739404534 -1.2976186814e-21)
(51.3087720408 -1.26175512719 -3.50091208907e-18)
(51.1814198671 -1.26586851593 1.44176117919e-18)
(51.0509899318 -1.26971255178 4.45479651275e-18)
(50.9174411289 -1.27327009671 -1.61832901716e-18)
(50.7807379168 -1.27653246063 -7.91097546417e-19)
(50.6408478331 -1.27949553644 2.20492242166e-18)
(50.4977390422 -1.28215751858 1.03016566743e-19)
(50.3513756804 -1.2845243953 3.3673072476e-19)
(50.2017190054 -1.28660159612 1.26666489373e-19)
(50.0487326585 -1.28838464608 -1.34650609092e-18)
(49.8923802616 -1.28987894945 6.12839113783e-20)
(49.7326293616 -1.29110593715 -5.74812098978e-18)
(49.5694445984 -1.29209009983 -2.14552092656e-19)
(49.4027839338 -1.29285801619 5.52096586079e-18)
(49.2326033441 -1.29343490028 -2.90638226252e-18)
(49.0588454177 -1.29384612058 -1.18688997894e-18)
(48.8814193649 -1.29413024465 2.99371398402e-18)
(48.700245584 -1.29434367289 -1.65669506719e-18)
(48.5153385194 -1.29456247075 -7.12027650276e-20)
(48.3267576561 -1.29488696316 1.6658877287e-18)
(48.1344398694 -1.29541573922 -6.91085707492e-19)
(47.9381827924 -1.29622878126 2.04621103769e-18)
(47.7377792202 -1.29739443958 3.40843975694e-18)
(47.5330497798 -1.29898999794 -1.95605559063e-18)
(47.3237978945 -1.30111713699 -2.61747380395e-18)
(47.1097845865 -1.30390051743 2.88618868006e-21)
(46.8907311257 -1.30748476254 -3.77903902298e-21)
(46.6663122146 -1.31203721603 -3.1099336207e-18)
(46.4361426756 -1.31775159384 -2.0406834106e-19)
(46.1997655002 -1.32485035814 1.69331582105e-18)
(45.9566382664 -1.33358523181 -1.84781213063e-18)
(45.7061157825 -1.34423574621 -3.9027020114e-19)
(45.4474304433 -1.35710540429 9.45091875699e-19)
(45.1796703216 -1.37251418392 2.59152507408e-18)
(44.9017544527 -1.39078509807 9.45304186136e-19)
(44.6124062314 -1.41222140938 -3.27599995406e-18)
(44.3101266723 -1.4370698461 -2.07881440504e-19)
(43.9931701794 -1.46546513626 3.17962805717e-18)
(43.6595277441 -1.49735056525 -1.50421829458e-18)
(43.306925086 -1.53236452734 -2.48746613046e-19)
(42.9328489147 -1.56967520204 1.5550989723e-18)
(42.5346174431 -1.60775126476 -1.5346303041e-18)
(42.1094945938 -1.64409707791 -1.71041710048e-19)
(41.6549248972 -1.67488039745 1.69107150035e-18)
(41.1690483245 -1.6943256371 -3.14161816451e-19)
(40.6515430186 -1.69387081643 -1.29800036809e-18)
(40.1051939873 -1.66088742993 1.49079721457e-18)
(39.5377707349 -1.5768437945 -3.65140367889e-18)
(38.962417858 -1.41621109387 -6.48277202259e-18)
(38.3990546316 -1.14754801776 4.63791614242e-18)
(37.8805732475 -0.733957567986 4.76637516589e-18)
(37.4643296521 -0.131824216972 7.95342395519e-19)
(37.2546255901 0.706227713584 1.2857097811e-18)
(37.445568826 1.82689676539 -1.00871907803e-18)
(38.290709063 3.2707193456 8.25498759283e-18)
(40.0274006308 5.02085654256 5.06680745904e-18)
(42.8202231051 6.93566189303 -1.36051570196e-17)
(46.702289279 8.72830451118 -1.13357851647e-17)
(51.5614976662 10.0680178596 -1.628744098e-18)
(57.1449953946 10.6950423838 -4.57809499681e-18)
(63.0741639593 10.4560394974 3.69726927942e-18)
(68.8534557606 9.28172723426 -5.03246666953e-18)
(73.891275151 7.30045293181 -1.31748508049e-17)
(77.6036534532 4.862609582 4.4472591737e-18)
(79.707779707 2.40183852077 5.35544943506e-18)
(80.0554812999 0.270744682479 6.42664934813e-18)
(79.5405715527 -1.22261972105 1.77067364993e-18)
(76.4906357272 -2.28306121997 -7.78000107183e-20)
(52.5872286889 -0.364153815292 0)
(52.4942459889 -0.366715531233 -1.33645773789e-18)
(52.3988509544 -0.369165890432 4.99731517071e-18)
(52.3008571221 -0.371574976639 -2.00895630768e-18)
(52.2002049157 -0.373942920357 -5.46230045619e-18)
(52.0968459471 -0.376265350573 3.7267703748e-19)
(51.9907328167 -0.378537356869 8.57325455296e-19)
(51.8818160532 -0.38075398624 3.62196537013e-18)
(51.7700461388 -0.382910144229 -1.06615300588e-18)
(51.6553750889 -0.385000877249 -6.03586933445e-18)
(51.5377563183 -0.387021655816 -2.32082500308e-18)
(51.4171445332 -0.388968203634 6.14835733924e-18)
(51.2934959813 -0.39083665117 5.64731454991e-18)
(51.1667677396 -0.392623891556 -1.66014458835e-18)
(51.0369167858 -0.394326640837 -3.75222917713e-18)
(50.9039001162 -0.395941299313 1.88780063313e-18)
(50.76767521 -0.397465373288 -1.41819016478e-18)
(50.6281999398 -0.398898489008 -1.66049311852e-18)
(50.4854320474 -0.400244606049 1.37767686111e-18)
(50.3393291777 -0.401514890698 4.25294497762e-18)
(50.1898489944 -0.402720610473 -1.18880728764e-18)
(50.0369466912 -0.403862573097 -2.74250214655e-18)
(49.8805734911 -0.404937410362 3.65701852441e-18)
(49.72067792 -0.405951696271 1.11395820864e-19)
(49.5572030324 -0.406914376065 -1.24000623893e-18)
(49.3900884017 -0.407835375008 5.36456694199e-20)
(49.2192726099 -0.408733471259 -1.13379367949e-18)
(49.0446837492 -0.409620567222 2.85000443536e-18)
(48.8662417673 -0.410500832798 9.80330835036e-19)
(48.683854749 -0.41137576615 -1.35494762819e-19)
(48.497464985 -0.412251949119 -1.58848461627e-18)
(48.3070513096 -0.413144715985 -2.77296494966e-18)
(48.1124925727 -0.414070211546 2.27671382505e-18)
(47.9135592846 -0.415033786404 6.91939044213e-20)
(47.7100223275 -0.416030755327 6.73777420799e-19)
(47.5016729721 -0.417057182089 9.86261061686e-20)
(47.288281991 -0.41811870988 -1.52974649484e-18)
(47.0695822862 -0.419229441529 -6.10712318293e-19)
(46.8452741072 -0.42040939808 -6.21883945587e-19)
(46.6150174675 -0.421684697669 6.48229548628e-19)
(46.3784191296 -0.423087593045 1.23123295749e-20)
(46.1350231942 -0.424655262487 2.22277747447e-22)
(45.8843015593 -0.426427766328 -9.76447680929e-19)
(45.6256420186 -0.428445864749 -4.28326254774e-20)
(45.3583360886 -0.430748794303 1.02801107754e-18)
(45.0815672236 -0.433371055841 -6.78490616567e-20)
(44.7943996546 -0.436335933002 -1.7798836399e-18)
(44.49577014 -0.439643389712 -2.97218621949e-20)
(44.1844865195 -0.443251486584 1.91552803556e-18)
(43.8592378973 -0.447051117327 -8.58171532356e-19)
(43.5186228183 -0.450836696494 -7.36354746861e-20)
(43.1612044683 -0.454277397023 9.82031716676e-19)
(42.785605293 -0.45687885095 -1.84145197696e-20)
(42.3906639905 -0.457914545779 -9.19377592462e-19)
(41.9756894026 -0.456331130464 9.05675345445e-19)
(41.5408368875 -0.450642961352 -1.74902130692e-18)
(41.0876539188 -0.438774325079 -1.47374982132e-18)
(40.6199206043 -0.417756991371 7.06297612152e-18)
(40.1449512107 -0.383306990402 -2.21921034368e-18)
(39.6755819545 -0.329509124786 -1.16234918734e-17)
(39.2330127323 -0.248598269141 2.91831677034e-18)
(38.8503978702 -0.130712574801 9.68081304411e-18)
(38.5761819999 0.035077170976 2.10152149204e-18)
(38.4766674218 0.259590787678 7.24095536493e-18)
(38.639906702 0.553434157643 -7.73739991195e-18)
(39.1832041894 0.923799578839 -1.02532329734e-17)
(40.2446830195 1.36249871461 -1.19918042746e-17)
(41.9802796342 1.8536824027 -2.05844023477e-18)
(44.5208347146 2.36944312222 2.86990893909e-17)
(47.9645701 2.87807140823 -3.23823027974e-18)
(52.1861808277 3.30543420519 2.5273270586e-18)
(56.9513415293 3.51212882788 -1.8280471668e-18)
(62.2264658517 3.40860399355 6.80592904815e-18)
(67.3246257772 3.07587562609 2.21149887094e-17)
(71.768972803 2.53516699599 -7.40445156643e-18)
(75.1892058384 1.85570763911 -2.49984155326e-17)
(77.3774905274 1.13920226578 8.73276551078e-20)
(78.1499488287 0.478913870142 1.75493680191e-18)
(78.1883390583 -0.0269573490185 -3.00324265789e-18)
(75.9289541076 -0.490827047983 9.11710197144e-19)
)
;

boundaryField
{
    front
    {
        type            empty;
    }
    back
    {
        type            empty;
    }
    inlet
    {
        type            uniformFixedValue;
        uniformValue    
        {
            type            constant;
            value           (51.3 0 0);
        }
        value           uniform (51.3 0 0);
    }
    outlet
    {
        type            zeroGradient;
    }
    top
    {
        type            slip;
    }
    bottom
    {
        type            slip;
    }
    flap
    {
        type            movingWallVelocity;
        value           nonuniform List<vector> 
161
(
(-0.000195930481769 -0.000138372431995 0)
(-0.000447165355509 -0.000386122037119 0)
(-0.000414653134186 -0.000344138401137 0)
(-2.78691869227e-05 0.00051163915945 0)
(0.000636976989506 0.0024237541301 -3.29688044091e-22)
(0.00174958280404 0.00610594612033 4.84093810225e-22)
(0.00311906017987 0.0116082761254 0)
(0.00511652413785 0.019785018742 1.73026660598e-21)
(0.00731292811645 0.0304971779729 0)
(0.0104224443128 0.044728927451 -2.67627957065e-21)
(0.0156666061559 0.0682148444014 6.74068808048e-21)
(0.0198324600654 0.0948997846948 4.04749763489e-21)
(0.0254635430332 0.122936487095 0)
(0.0309972885869 0.155381626302 5.31966484375e-21)
(0.0385701092071 0.193231476885 0)
(0.0457907740397 0.236103043796 6.70280835135e-21)
(0.0556744132085 0.284947496438 0)
(0.064873505924 0.339398667451 0)
(0.0774535403437 0.400298296678 0)
(0.0889367874396 0.467364249455 0)
(0.104604515235 0.541254608842 0)
(0.118683579874 0.621847161515 -2.2627350586e-20)
(0.137825870256 0.70953356246 0)
(0.154810503923 0.804435700734 0)
(0.177800267053 0.906589199966 2.74833567473e-20)
(0.197990423629 1.01645143739 0)
(0.225176927615 1.1336061789 3.07651685896e-20)
(0.248853992185 1.25894282837 0)
(0.293653593358 1.41540294859 0)
(0.326508199224 1.59853130323 0)
(0.355989025472 1.75151612664 3.81673061399e-20)
(0.396985383747 1.91104660541 0)
(0.430480791067 2.0802786965 4.13975326748e-20)
(0.476758974826 2.25557106357 0)
(0.514428072549 2.44108490355 0)
(0.566133102591 2.6320456857 9.16561098882e-20)
(0.608089685193 2.83374711978 -4.76704325737e-20)
(0.665307037724 3.04016021495 9.76528818955e-20)
(0.711616222101 3.25783422088 0)
(0.774369650455 3.47936976447 -1.03472691146e-19)
(0.838196869872 3.7324693717 0)
(0.891250069012 3.9741697827 5.52017772266e-20)
(0.962472924614 4.21821276078 1.12105236681e-19)
(1.01981755109 4.47485761097 0)
(1.09636534214 4.7327475821 0)
(1.15788915486 5.00377438527 1.21421040384e-19)
(1.23957822236 5.27486995247 0)
(1.30512275495 5.55964154499 0)
(1.39171947616 5.84323782376 -1.27525092544e-19)
(1.46108356722 6.14105246881 -1.31708461306e-19)
(1.55230986506 6.43638969558 0)
(1.67615160278 6.81401865711 0)
(1.75033387537 7.20009171352 0)
(1.84685748738 7.51471668051 -1.40321016902e-19)
(1.92730877571 7.84312606774 0)
(2.02747187677 8.16729721361 0)
(2.11076964379 8.505613634 0)
(2.21419534806 8.83842893386 1.48848569213e-19)
(2.29999887916 9.18573975645 1.53215630525e-19)
(2.4062986074 9.52626491771 0)
(2.49425539638 9.88162595041 -1.5743888942e-19)
(2.60303674335 10.2289027021 1.56919382454e-19)
(2.69278977685 10.5913480181 0)
(2.80366471719 10.9444047203 0)
(2.89486042803 11.3129588328 -1.65661538362e-19)
(3.00745383912 11.670824028 0)
(3.09975072547 12.0445177506 0)
(3.21370876369 12.4062372737 -1.68526481507e-19)
(3.30678542612 12.7841260874 0)
(3.46391895146 13.196397981 0)
(3.57493705482 13.6908261668 -1.74671323571e-19)
(3.66627140219 14.0756392966 0)
(3.78487871768 14.4416123575 0)
(3.87626141041 14.8284579299 1.8494093405e-19)
(3.99529607841 15.1951878455 0)
(4.08656262472 15.5834361221 0)
(4.20588378334 15.9503716677 0)
(4.29692839174 16.3395316727 0)
(4.41646098828 16.7062744415 0)
(4.51770948395 17.1087346005 0)
(4.08860736023 17.0555465586 -7.58213111512e-20)
(-0.00511243326605 0.0695597847313 0)
(-0.00669703686414 0.0970263594975 4.02553847156e-21)
(-0.00651024124521 0.125622854308 4.63265564547e-21)
(-0.00679370657631 0.158865321461 0)
(-0.00549555803249 0.19746818751 0)
(-0.00488027527605 0.24137260712 -6.6647030371e-21)
(-0.00202703036519 0.291179033697 -1.473124837e-20)
(-0.00014394629111 0.346911350197 1.62555245589e-20)
(0.00472769130505 0.408992417002 0)
(0.00826522230419 0.477594233909 0)
(0.01562814024 0.552890489136 0)
(0.0212164957903 0.635273598213 0)
(0.0315426663789 0.724589700627 0)
(0.0395791892952 0.821530853257 -2.57092062694e-20)
(0.0533290436599 0.925531728694 -2.72205650074e-20)
(0.0642033197754 1.03766928937 0)
(0.0818159942781 1.15687742945 0)
(0.0959015305612 1.28470770258 0)
(0.128871404497 1.44346973543 -6.67842598296e-20)
(0.149399482599 1.63019244033 -3.59970565237e-20)
(0.169031115366 1.7860345313 0)
(0.199967047142 1.94804452456 -3.91576191594e-20)
(0.223571037048 2.1202842246 0)
(0.259770736947 2.29818006299 -8.4513697556e-20)
(0.287591651285 2.48681828443 4.41553954092e-20)
(0.329282523955 2.68047569714 0)
(0.361514830899 2.88538232473 0)
(0.408859272139 3.09455221831 -9.64503527801e-20)
(0.445642885684 3.31547469004 0)
(0.498735533105 3.53979269338 -1.02156832886e-19)
(0.55229029059 3.79619422708 0)
(0.596255058442 4.04113612865 5.45866837018e-20)
(0.658265878587 4.28793418797 0)
(0.706876462686 4.54776971059 -1.1465518365e-19)
(0.774569994666 4.80835479973 -1.1583369866e-19)
(0.827763003512 5.08248721103 0)
(0.901001137253 5.35618696776 0)
(0.958659844088 5.64394778023 0)
(1.03724836662 5.93002909403 1.25701272621e-19)
(1.09920793814 6.23068866298 -1.30011782612e-19)
(1.18290374073 6.52836651861 0)
(1.29737946453 6.90880573396 1.27904653722e-19)
(1.36419147935 7.29815207609 1.37960852339e-19)
(1.45411021697 7.61485748693 0)
(1.52857250091 7.94557515206 0)
(1.62267958722 8.27163207529 0)
(1.70056326129 8.61204629144 0)
(1.79850570472 8.94654040443 0)
(1.87949041599 9.29572941733 -1.51043704528e-19)
(1.98089797454 9.63771807468 0)
(2.06464550789 9.99473302952 0)
(2.16913753055 10.3432539002 -1.54528430558e-19)
(2.2552978075 10.7071287095 -1.59267784007e-19)
(2.36248970367 11.0612105534 0)
(2.4507067593 11.4309741795 0)
(2.56021643106 11.7896506885 0)
(2.65013502233 12.1643430194 0)
(2.76158995463 12.5266699246 0)
(2.85286316605 12.905359982 0)
(3.00721737889 13.3178748368 0)
(3.11695501719 13.8131294232 -1.72078317228e-19)
(3.20741247519 14.1984820929 0)
(3.32482997959 14.5645668974 0)
(3.41575404821 14.9518167009 -1.82442856972e-19)
(3.53397179603 15.3185360448 1.79570689045e-19)
(3.62511782374 15.7070820524 0)
(3.74390822229 16.0739158806 -1.83317834245e-19)
(3.83507423852 16.4632999011 0)
(3.95425826237 16.8298850576 0)
(4.05936178202 17.2310890374 0)
(0.000197484002024 -0.000140404697262 0)
(0.000455599893859 -0.000395971607725 0)
(0.000442484245988 -0.000354816036204 0)
(0.000152320687885 0.000507451528231 0)
(-0.000379603582042 0.00246670179113 -3.28097365477e-22)
(-0.00107117017605 0.00620894290844 0)
(-0.00199035921713 0.0118531202561 6.56763548861e-22)
(-0.00285631543771 0.0201791328001 0)
(-0.00397802329561 0.0311689947555 0)
(-0.00473190158271 0.0456717455644 0)
)
;
    }
    squareblock
    {
        type            noSlip;
    }
}


// ************************************************************************* //
