/*--------------------------------*- C++ -*----------------------------------*\
  =========                 |
  \\      /  F ield         | OpenFOAM: The Open Source CFD Toolbox
   \\    /   O peration     | Website:  https://openfoam.org
    \\  /    A nd           | Version:  13
     \\/     M anipulation  |
\*---------------------------------------------------------------------------*/
FoamFile
{
    format      ascii;
    class       surfaceScalarField;
    location    "1.125";
    object      phi;
}
// * * * * * * * * * * * * * * * * * * * * * * * * * * * * * * * * * * * * * //

dimensions      [0 3 -1 0 0 0 0];

internalField   nonuniform List<scalar> 
29769
(
12.8182553644
0.00665888619833
12.8146525069
0.00350132418364
12.8143000864
0.000233025964545
12.8174394632
-0.00327540573025
12.8238686723
-0.00658036452661
12.8336168956
-0.00991354166152
12.8467435125
-0.0133055976783
12.8633246777
-0.0167736246052
12.8834527426
-0.020334035061
12.9072288419
-0.0239957628429
12.9347532173
-0.0277580246512
12.9661157819
-0.031610575661
13.0013875825
-0.0355346134458
13.0406134401
-0.0395039558631
13.0838049547
-0.0434853586465
13.1309331854
-0.0474381010114
13.1819236419
-0.0513163306021
13.2366542942
-0.0550723842723
13.2949862606
-0.058689413477
-0.0620927223309
13.3567042448
12.8188749887
0.0126906863729
12.8158534252
0.00641844445683
12.8162396463
-0.000271462080562
12.8196738848
-0.00684202808055
12.826377795
-0.0134299737101
12.8363655861
-0.0200596842789
12.8497097788
-0.0268204119723
12.8665142974
-0.0337608823197
12.8868907534
-0.0409053679123
12.9109487373
-0.0482609096469
12.938801048
-0.0558300142844
12.9705488987
-0.0635909146795
13.0062680655
-0.0714994270946
13.0460125408
-0.0795076173844
13.0898016546
-0.0875475660578
13.137610239
-0.0955339245359
13.1893627727
-0.103370249982
13.2449264405
-0.110951500886
13.3040915947
-0.118183986274
-0.124703075599
13.3663569397
12.8201024465
0.0174856200296
12.8181553781
0.00825660919936
12.8191594456
-0.00139355144321
12.8232154046
-0.01102672093
12.8303793345
-0.0207333179336
12.8407669071
-0.0305971029077
12.854486348
-0.04069995609
12.871661439
-0.0511062690416
12.8924278232
-0.0618522785203
12.9169010464
-0.0729250487739
12.945226889
-0.0843573302191
12.9775307065
-0.0961069486129
13.0138833929
-0.108075338501
13.0543648499
-0.120223559803
13.099009699
-0.132438414799
13.1477955982
-0.144577591206
13.2006529581
-0.156497210235
13.2574592419
-0.168039159902
13.3180699298
-0.179087784334
-0.189112643275
13.3821729031
12.8211542986
0.0212200702184
12.8199824633
0.00931460620257
12.8215890913
-0.00311906928121
12.8260895244
-0.0156532160007
12.8335939896
-0.0283715288621
12.844238033
-0.0413827261774
12.8581680301
-0.0547794507153
12.8755395785
-0.0686353154324
12.8965038483
-0.0829821767885
12.921235195
-0.0978303829086
12.9499147978
-0.113219414803
12.9826788222
-0.129062062551
13.0196352734
-0.145231729004
13.0609063375
-0.161703501278
13.1065470911
-0.178297024857
13.1565311756
-0.194788837972
13.2108052582
-0.211007997784
13.2692331197
-0.226713321585
13.3315902521
-0.241700898267
-0.255157398537
13.3973675448
12.8220931184
0.0240077858322
12.8216228656
0.00966607832521
12.823753366
-0.00536985907111
12.8286246086
-0.0206485316282
12.8363840485
-0.0362596615713
12.8471950683
-0.0523275178968
12.861235953
-0.0689595188271
12.8786927761
-0.0862370113989
12.8997571242
-0.104197347225
12.9246774522
-0.122907718645
12.953638654
-0.142343998161
12.9867987541
-0.162392086463
13.0243732631
-0.182982910987
13.0665000845
-0.204013705158
13.1132390782
-0.2252258528
13.1646177564
-0.246364098686
13.2206103574
-0.267204511931
13.2810682459
-0.287382850735
13.3457866451
-0.306638969652
-0.323995745086
13.4143958206
12.8228395147
0.0260417248014
12.8229173867
0.0094646350178
12.8254135067
-0.00798789095736
12.8304872284
-0.0258448018559
12.8383145431
-0.0442111940043
12.8490923041
-0.0632318437339
12.8630371194
-0.0830337723096
12.8803823487
-0.103714990882
12.9013904257
-0.12534184233
12.9263192447
-0.147976872292
12.9554001301
-0.171569441732
12.9888810698
-0.196022068225
13.0270325082
-0.221288019762
13.0700045051
-0.247144082387
13.1179119849
-0.273295938599
13.170865942
-0.299484922656
13.2288259303
-0.325336974395
13.291671065
-0.350406462351
13.3591948093
-0.374347154191
-0.395926957601
13.4309343544
12.8234113901
0.0274968847485
12.823874377
0.00887357312574
12.8265595402
-0.0107965495101
12.8316393982
-0.0310458736826
12.8393169926
-0.0520088902948
12.8498259905
-0.0738606633525
12.8634294195
-0.0967574012832
12.8804186121
-0.120825295134
12.9011088011
-0.146154482901
12.9257984686
-0.172790668308
12.9548140348
-0.200711158292
12.988497334
-0.229833815172
13.0271247442
-0.260046355313
13.0709299225
-0.291083027432
13.1201241935
-0.322626311984
13.1748276285
-0.354326282791
13.2350348494
-0.385685745086
13.3006865154
-0.416203222204
13.3716216905
-0.445430249717
-0.471884980475
13.4474268267
12.8238959071
0.0284613063877
12.8246028766
0.00803455551367
12.8272909295
-0.0136093540094
12.8321504602
-0.0360251636139
12.8394139558
-0.0593884323861
12.8493546227
-0.0839146117036
12.8622844448
-0.109798498122
12.8785509137
-0.13720164487
12.8985296945
-0.166242243679
12.9226142858
-0.196983736672
12.9512182095
-0.229423388508
12.9847582933
-0.263482315661
13.0235974116
-0.298994276073
13.068087722
-0.335683087385
13.11852571
-0.373174652819
13.1750882241
-0.41099823876
13.2378733056
-0.448580583876
13.3068468473
-0.48528812788
13.3818552972
-0.52055079127
-0.552624461658
13.4624808735
12.8243012078
0.0290152200622
12.8251049696
0.0070955785204
12.8275873246
-0.0162171518469
12.8319605285
-0.0405163375627
12.8384900173
-0.0660297884268
12.8474923909
-0.0930237890172
12.859333636
-0.121742319023
12.8744261131
-0.152393143711
12.8932232276
-0.185135364018
12.9162128757
-0.22006680155
12.9439084291
-0.257210112726
12.9768317344
-0.296494845592
13.0154895823
-0.337739734038
13.0603601436
-0.380640205744
13.1118616456
-0.424761611151
13.1703176134
-0.469537019105
13.2359326641
-0.514275829549
13.3087374468
-0.558172133953
13.3885663911
-0.600456842257
-0.639096382944
13.4749627852
12.8246212381
0.0292452074602
12.8253589063
0.00622057817848
12.8273981916
-0.0183818110587
12.8309755802
-0.044209416003
12.8363917452
-0.0715533987598
12.8440091237
-0.100741477144
12.8542515703
-0.132078830151
12.8676038513
-0.165833956741
12.8846078484
-0.202222922655
12.9058568351
-0.241394816678
12.9319877363
-0.283415854587
12.9636649572
-0.328243015873
13.0015592607
-0.375701396834
13.046320887
-0.425465928864
13.0985454453
-0.477046976157
13.1587337167
-0.52978214467
13.2272456183
-0.58284039059
13.3042421309
-0.635217982741
13.3895789801
-0.685837830925
-0.732339379427
13.4827839962
12.8248483206
0.0292457869711
12.8253377897
0.00559292594601
12.826665308
-0.0198337053746
12.8290912293
-0.0467481306326
12.8329505498
-0.0755154142394
12.8386510444
-0.106535722343
12.8466749569
-0.140188470037
12.8575845927
-0.176822023584
12.8720179526
-0.216727977258
12.8906882479
-0.260130489391
12.9143800095
-0.307166981787
12.9439323362
-0.357848913275
12.9802177933
-0.412034762563
13.0241117733
-0.469402146627
13.0764503006
-0.529421756361
13.1379753951
-0.59133711927
13.2092678053
-0.654156594759
13.29066858
-0.716637481929
13.3822051367
-0.77738975652
-0.833628831389
13.4834849353
12.8249688307
0.0291253263388
12.8250119888
0.00541218760695
12.8253311134
-0.0202751363829
12.8262044858
-0.0477306830792
12.8279960173
-0.0774044997158
12.8311537787
-0.109780583795
12.8362141865
-0.145326448804
12.843830824
-0.184507416002
12.8547247307
-0.227682349653
12.8697472968
-0.275205594317
12.8898500376
-0.327314551794
12.9160777496
-0.384113828378
12.9495522202
-0.445538753842
12.9914396657
-0.511311208212
13.0429010131
-0.58089643174
13.1050219313
-0.65346282322
13.1787192487
-0.72785077674
13.2646290439
-0.802537914328
13.3630362771
-0.875786872037
-0.94428179464
13.4737056498
12.824986506
0.0289886407691
12.8243642967
0.00589902656161
12.8233381215
-0.0193680128621
12.8222044806
-0.0467018177755
12.8213516276
-0.07664363201
12.8212615782
-0.109770890623
12.8225260376
-0.146660537054
12.8258092517
-0.187850204561
12.8319847492
-0.233907835042
12.8420249143
-0.285286442847
12.8570541097
-0.34237523989
12.8783537992
-0.405435779524
12.9073466047
-0.474544411134
12.945567627
-0.54953538341
12.9946138948
-0.629935840143
13.0560617165
-0.714893679644
13.1313478119
-0.803110442801
13.2216154047
-0.89277142633
13.327530443
-0.981663231669
-1.06578131033
13.449084078
12.824880462
0.028961566364
12.8233694012
0.00727864641621
12.8206606472
-0.0167737914481
12.8170529953
-0.0431937011573
12.812937569
-0.0726141832
12.8088051974
-0.105712061049
12.8052627285
-0.143180027824
12.803075926
-0.185714390653
12.8031371285
-0.234009445375
12.8065504174
-0.288729747344
12.8146263087
-0.350470759065
12.8288999982
-0.419718551172
12.8511390159
-0.496781675451
12.8833301812
-0.581713590492
12.9276396504
-0.674220792004
12.9863277085
-0.773545466095
13.0616055342
-0.878340334996
13.1554249979
-0.986531625002
13.2691484794
-1.09531639307
-1.19972285578
13.4031830212
12.8246584248
0.0291622939345
12.8220293123
0.00978203201966
12.8172889348
-0.0121421217619
12.8107252853
-0.0367234961394
12.8027089675
-0.0646774094407
12.7937141439
-0.0967839373722
12.7843432255
-0.133863747765
12.7753560077
-0.176770281272
12.7676995744
-0.226384890056
12.7625528639
-0.283603769122
12.7613738549
-0.349301224192
12.7659410446
-0.424283670184
12.7783925679
-0.509219153893
12.8012499113
-0.604544390306
12.8373935826
-0.710324866941
12.8900092559
-0.826107973951
12.9624262853
-0.950690173099
13.0578622072
-1.08188589618
13.1789674594
-1.21632516982
-1.3478696114
13.3272372734
12.8243208921
0.0297085403678
12.8203617013
0.013623011334
12.8132595409
-0.00514153585259
12.8032952137
-0.0268456875331
12.7907648238
-0.0522197391835
12.7760851622
-0.0821641621975
12.7598093101
-0.11763564217
12.742647093
-0.159644108925
12.7255140636
-0.20927640279
12.7095969238
-0.267699642823
12.6964296736
-0.336135222429
12.6879761496
-0.415819200199
12.6867177646
-0.507937029293
12.6957320891
-0.613521444129
12.7187664016
-0.733307544175
12.7602199779
-0.867494674153
12.8250112091
-1.01539843777
12.9182971469
-1.17507205694
13.0448370218
-1.34274801365
-1.51135486743
13.2084683528
12.8238763405
0.0307095451935
12.8184343845
0.0189560962336
12.8086811219
0.00451855908554
12.7949385993
-0.0131819670903
12.7773733957
-0.0347200929899
12.7563018513
-0.0611457848825
12.732141108
-0.0935162648776
12.7054600395
-0.132992940968
12.6770476408
-0.18088253344
12.6479836442
-0.238642666829
12.6197388536
-0.307885583886
12.594315812
-0.390378868977
12.5744108877
-0.488001597955
12.5636014209
-0.602667289016
12.5665234804
-0.736169604138
12.5890645432
-0.889959177416
12.6383783311
-1.06461784585
12.7228121545
-1.2593926271
12.8506597662
-1.47046297886
-1.69008766625
13.0295557743
12.823343933
0.0322552761817
12.81621446
0.0259877681391
12.8037609663
0.0168884874478
12.7859202026
0.0045884281659
12.7629116486
-0.0117696694849
12.7348831635
-0.0331639186812
12.7020572519
-0.0607259352157
12.664729824
-0.095690287065
12.6234143513
-0.139581018377
12.5789037191
-0.194134934912
12.5323965792
-0.261369816763
12.4856771835
-0.343638619947
12.4413573288
-0.443647735944
12.4032048037
-0.564466441289
12.3765271956
-0.709427960444
12.3686876743
-0.882038275908
12.3893855302
-1.08521516616
12.4518036411
-1.32168929652
12.5708900495
-1.58940606762
-1.88627796961
12.7672550573
12.8228966184
0.0342625186425
12.8141954955
0.0346036337777
12.7989651473
0.0320459461059
12.7771717745
0.0263204799892
12.7486409748
0.016710592703
12.7133594832
0.00207723364996
12.6713956111
-0.0187925587924
12.6226716668
-0.046987120474
12.5673083785
-0.0842286895908
12.5054917737
-0.132319146542
12.4378127714
-0.19368093611
12.3654187301
-0.271223222062
12.2903025754
-0.368497720783
12.2157851083
-0.489901326756
12.1471579206
-0.640737771116
12.0927144559
-0.827514551129
12.064340644
-1.05674147936
12.0799429827
-1.33716919225
12.1597515947
-1.66906652092
-2.07195796511
12.3456139853
12.821970473
0.0372102577084
12.8114550451
0.0450457397908
12.7933313138
0.0501060866533
12.7674038072
0.0521934666028
12.7335245448
0.0505437420673
12.6913226244
0.044240943494
12.6402572407
0.0322422054193
12.5797360452
0.0135109321621
12.509532524
-0.0140407511527
12.4290794306
-0.051873790008
12.3380102023
-0.102611105507
12.2362439839
-0.169447353104
12.1243185803
-0.256552678714
12.0039002966
-0.369452225978
11.8786520237
-0.515446038178
11.7556499669
-0.704454615357
11.6478373149
-0.948854317089
11.5775014999
-1.2667390365
11.5793667483
-1.67081170761
11.6931730092
-2.18558477503
13.3888114286
-0.0322960299115
13.4215516418
-0.0329382154913
13.4549597591
-0.0336115195942
13.4890044892
-0.0342532664246
13.5236442773
-0.0348532601766
13.5588314141
-0.0354053919864
13.5945144996
-0.0359060112675
13.6306403415
-0.0363533142182
13.6671546055
-0.036746073279
13.7040018344
-0.0370829457843
13.7411267874
-0.0373626758406
13.7784751986
-0.0375849752921
13.8159954597
-0.0377557803788
13.8536714087
-0.0379127261406
13.8914425864
-0.0380105528965
13.9292017236
-0.0380037520803
13.96688328
-0.0379318980807
14.0044336902
-0.0378032468672
14.0418019759
-0.0376212591897
-0.0364357954148
14.0779783983
13.3990332521
-0.0651455933736
13.4323237811
-0.0664104434477
13.4663054971
-0.0677797756929
13.5009274565
-0.0690664108335
13.5361397223
-0.0702611742775
13.5718878203
-0.0713534538804
13.6081189869
-0.0723413280526
13.6447781902
-0.0732207188037
13.6818094498
-0.0739894405442
13.7191554208
-0.0746448263339
13.7567602746
-0.0751855541236
13.7945699293
-0.0756120543853
13.8325258945
-0.0759299656809
13.8705604774
-0.076168177839
13.9086233634
-0.0762959893319
13.9466595708
-0.0762664628149
13.9845983362
-0.0761026237487
14.0223849495
-0.0758243780449
14.0599744688
-0.0754459091686
-0.0731230611174
14.0964190372
13.4154723892
-0.098598526348
13.4494214144
-0.10052045242
13.4840869483
-0.102610433017
13.5194122764
-0.104560936864
13.5553337276
-0.106355771692
13.5917856921
-0.107982402049
13.6287165205
-0.10945289182
13.6660676932
-0.110756286645
13.7037777759
-0.111887474755
13.7417844235
-0.112842863619
13.7800252465
-0.113620166968
13.8184373479
-0.114218923511
13.8569532081
-0.114642499763
13.8954936685
-0.11490814358
13.9340172666
-0.115021361581
13.9724726755
-0.114927331375
14.0107709946
-0.11461098578
14.0488452631
-0.114111614734
14.086633949
-0.113449366836
-0.109946873376
14.1232339788
13.4317948348
-0.133159638104
13.466853902
-0.135720076659
13.5026591571
-0.138559788328
13.5391664964
-0.141215870836
13.5762978914
-0.143638250064
13.6139807301
-0.145819827141
13.6521446727
-0.14777490853
13.6907286028
-0.149501702459
13.7296651174
-0.150988792691
13.7688847949
-0.152230481164
13.8083168221
-0.153222875177
13.8478880848
-0.153963312435
13.8875220057
-0.154452228451
13.9271404699
-0.15470545549
13.9666970755
-0.154760206121
14.0061384359
-0.154554980591
14.0453753507
-0.154038590829
14.0843320462
-0.153263054606
14.1229478921
-0.152263631749
-0.14759524238
14.1603869991
13.4502184474
-0.169097288233
13.4867521229
-0.172374547947
13.5240414501
-0.175973028522
13.5620293182
-0.179330618041
13.6006754686
-0.18241423455
13.6399252253
-0.185202525
13.6796826086
-0.18766850935
13.7198650394
-0.189823621508
13.7604008637
-0.191667328811
13.8012137516
-0.193189266017
13.8422267213
-0.194384906889
13.8833613403
-0.19525030056
13.9245222234
-0.195769093124
13.9656232768
-0.195966366906
14.0065940207
-0.195894883376
14.047376723
-0.195506138918
14.0879055119
-0.194741006851
14.1280937744
-0.193630443624
14.1678702235
-0.192224792426
-0.186371567659
14.2064491368
13.4685035005
-0.206763496754
13.5068882992
-0.210860755947
13.5461069294
-0.215295783704
13.5860856214
-0.219416051423
13.6267611238
-0.22319905429
13.6680746788
-0.226628072049
13.7099523462
-0.229661180856
13.7522874226
-0.232276993877
13.7949842233
-0.234485834574
13.8379570911
-0.236287368077
13.8811156671
-0.237672436312
13.9243714481
-0.23863901184
13.9676337077
-0.23916866042
14.010803207
-0.239277937672
14.0537778622
-0.239016546218
14.0964988768
-0.238379480069
14.1388996434
-0.237300217994
14.1808785738
-0.235774618522
14.2223551381
-0.233873868357
-0.226796044554
14.2625928787
13.4871656843
-0.246581709813
13.5278610413
-0.251638207934
13.5694983542
-0.257017512988
13.6119985446
-0.262003016042
13.6552673719
-0.266557100374
13.6992108214
-0.270663225915
13.7437572752
-0.274302052914
13.7888153773
-0.277432707337
13.8342634442
-0.280035124637
13.8799914112
-0.282120428921
13.925895285
-0.283685550855
13.9718572922
-0.284714716357
14.01780264
-0.28523257587
14.0636201173
-0.285219436666
14.1091679518
-0.284694248675
14.1543861765
-0.283733788413
14.1992042758
-0.282261506396
14.243515388
-0.280237028024
14.2872277087
-0.277746365161
-0.269400901241
14.3296569745
13.5048469019
-0.289009576122
13.5483320419
-0.295186089349
13.5929085657
-0.301658775941
13.6384920589
-0.307653356281
13.684975366
-0.31310954978
13.7322337548
-0.317993192263
13.7801443945
-0.322286818267
13.8286061443
-0.325971453559
13.8775035807
-0.329013001573
13.9267156259
-0.331416831693
13.9761091225
-0.333167694067
14.0255294943
-0.334228506828
14.0748662637
-0.334668032816
14.1240242171
-0.334482031742
14.1728580005
-0.333639311739
14.2212382318
-0.332232415872
14.2690933527
-0.330243054362
14.3163353075
-0.327614673289
14.3628590817
-0.324416127676
-0.314724160376
14.4080201526
13.5204704323
-0.334562841231
13.5673679693
-0.342127291232
13.6155715328
-0.349907492511
13.6649635667
-0.357092217083
13.7154211429
-0.363615866855
13.7667975771
-0.369420573807
13.8189309575
-0.374473578929
13.8716567212
-0.378753225444
13.9248473294
-0.382262631744
13.978368193
-0.385000242953
14.0320394413
-0.386905627405
14.0857096419
-0.387970347089
14.1392362966
-0.388271953636
14.1925104216
-0.387839627005
14.2453954897
-0.386614927083
14.2977128662
-0.384648249572
14.349358284
-0.381995773681
14.4002425723
-0.37861637345
14.4502664961
-0.374568790298
-0.363436890029
14.4988340735
13.5321514812
-0.383959948912
13.5832381988
-0.393238559017
13.6358839786
-0.402578769549
13.6899748397
-0.411209447167
13.7453440325
-0.419012505387
13.8017944928
-0.425900149279
13.8591275281
-0.431837928659
13.9171313903
-0.43679088532
13.9756239324
-0.440791715226
14.0344204702
-0.443836486136
14.0933375346
-0.445866260856
14.1522329718
-0.446914144937
14.2109164941
-0.447009465215
14.2692000751
-0.446183445243
14.3269724482
-0.444454674362
14.384073967
-0.441825382859
14.4403364915
-0.438343264609
14.4956543862
-0.434029870243
14.5499233694
-0.42894530955
-0.416231097681
14.602594076
13.5375443732
-0.438037591461
13.5937418748
-0.449448651996
13.6518803751
-0.460729703464
13.711768999
-0.471106000975
13.7731713895
-0.480420171835
13.8358530269
-0.48858825665
13.8995530288
-0.495546352607
13.9640295927
-0.501278129571
14.0290557818
-0.505831041484
14.0943997538
-0.509196393824
14.1598456518
-0.51133139357
14.225170687
-0.512262535965
14.2901317704
-0.511999220259
14.3545133121
-0.510599892702
14.4181895321
-0.508172674364
14.4810057845
-0.504691447303
14.5427785265
-0.500175291465
14.6033918712
-0.494713239327
14.6627346711
-0.488370142757
-0.473900291283
14.7203070923
13.5333733645
-0.497711777861
13.5957633699
-0.511839002154
13.6606014756
-0.525567112432
13.7275821526
-0.538076361613
13.7964211239
-0.549242643278
13.8668078531
-0.558959156995
13.9384160208
-0.567140159544
14.0109694555
-0.573818904866
14.0841436336
-0.57899429845
14.1576202096
-0.582664056208
14.2310750187
-0.584779833939
14.3041935484
-0.585378119242
14.3767478965
-0.584555302082
14.4485265527
-0.582386031762
14.5193028244
-0.578962868199
14.5889028612
-0.574313024305
14.6572019499
-0.568504972811
14.7240719066
-0.561624033932
14.7893825432
-0.553733140763
-0.537276201991
14.8526934066
13.5154691817
-0.564083451999
13.5853225529
-0.581667976663
13.6582967106
-0.598515052984
13.7340444785
-0.613791792754
13.8121822186
-0.62734391948
13.8922808968
-0.639021004408
13.973920139
-0.6487428012
14.0566783263
-0.656540959283
14.1400050695
-0.662285604057
14.2234974876
-0.666122151497
14.3067421889
-0.667992058196
14.3893709539
-0.66797710748
14.4710963909
-0.666254590361
14.5516711393
-0.662939335785
14.6308339946
-0.658110117173
14.7084005433
-0.65187105037
14.7842905806
-0.644394564506
14.8584001494
-0.635742327398
14.9306242664
-0.625976562982
-0.607298580816
15.0006175084
13.4776057679
-0.638473260823
13.5566127805
-0.6606268767
13.6397943318
-0.681645890642
13.7266848927
-0.700629216886
13.8167222232
-0.717326116047
13.9092969402
-0.73153908086
14.0037602634
-0.743148319914
14.099362786
-0.752084820501
14.1955063564
-0.758370028381
14.2915405397
-0.762097201917
14.3869443657
-0.763337635286
14.4812735775
-0.762249816222
14.5741219521
-0.759048989408
14.6651661543
-0.753933105496
14.7541604175
-0.747058885451
14.8409694786
-0.738640821913
14.9255223898
-0.728915041662
15.007775736
-0.71797103547
15.0877056507
-0.705890939952
-0.684640567081
15.1650571328
13.4114588882
-0.722647071313
13.5019709538
-0.751074580513
13.598227406
-0.777835011703
13.6995548498
-0.801886453323
13.8051409838
-0.822839328875
13.9140484374
-0.840371140839
14.0252447163
-0.85426700196
14.1376687219
-0.864429329317
14.2503285966
-0.87094878128
14.362307763
-0.873994058277
14.4728753967
-0.873822606618
14.5814679668
-0.870760298289
14.6876232345
-0.865123793588
14.7909934783
-0.857225754229
14.8913954745
-0.847387329997
14.9887670093
-0.835943554989
15.0830682167
-0.823152672533
15.1743531818
-0.809198426867
15.2627616032
-0.794248808329
-0.770141077559
15.3483113242
13.3047013042
-0.818820289556
13.4100009869
-0.856296799696
13.5236350639
-0.891387860135
13.6445570388
-0.922723497831
13.771480258
-0.949674042471
13.9029061365
-0.971705118834
14.0372244771
-0.988490273176
14.1726111261
-0.99971800759
14.3074577786
-1.00569487842
14.4402863583
-1.00671996242
14.5698802559
-1.00331240897
14.6953240947
-0.996099543338
14.8161155476
-0.985811477832
14.9321611755
-0.973169939317
15.0436393704
-0.958767208727
15.150817557
-0.943026553176
15.2539987702
-0.926242112817
15.3535388435
-0.908650986058
15.4498207529
-0.890448366717
-0.863361329756
15.5431277478
13.1400716637
-0.929266710971
13.2643109789
-0.980448514084
13.4015028128
-1.02848769487
13.5500042384
-1.0711285568
13.7074929407
-1.10706207818
13.8710175721
-1.13512489193
14.0372280993
-1.15459191188
14.2031506387
-1.16552786205
14.3660853208
-1.16851342458
14.5239759203
-1.16449147988
14.6753548619
-1.15457004128
14.8194741975
-1.14009632734
14.9562319172
-1.12244672644
15.0860981038
-1.10291540091
15.2096055261
-1.08215682273
15.3274581321
-1.06076418081
15.4406268569
-1.03929817751
15.5499970473
-1.01791128925
15.6561909204
-0.996536043672
-0.966589709397
15.7595371299
12.8964019618
-1.05833649665
13.0451701692
-1.12912221692
13.2123722998
-1.19559091666
13.3966567999
-1.25530969519
13.5951514374
-1.30544877257
13.8027074366
-1.34256826089
14.0122574196
-1.36402455181
14.2177711198
-1.37091957574
14.4146044674
-1.3652204271
14.6003747865
-1.35013163605
14.7745571877
-1.32861924123
14.9392623938
-1.30466641782
15.096639248
-1.27968808775
15.2483283744
-1.2544710218
15.3935966222
-1.22729584463
15.531479049
-1.19852182968
15.6609737553
-1.16867054531
15.7819081794
-1.13872526436
15.8951206146
-1.10963077484
-1.0731090551
16.0017782284
12.4928187835
-1.20545675732
12.6696475273
-1.30585317591
12.8768109262
-1.40265419291
13.1154496405
-1.49384498122
13.3799761414
-1.56986759717
13.6593608586
-1.62184037237
13.9429768572
-1.64752268741
14.2214488157
-1.64926845191
14.4892185114
-1.63286176121
14.7438150965
-1.60459461172
14.9805800899
-1.56524615955
15.1895403071
-1.5134856367
15.3633030497
-1.45330925784
15.5056751117
-1.39670471342
15.625349791
-1.34683969747
15.729087506
-1.30213837573
15.823421783
-1.26289259018
15.9127760434
-1.22796962559
15.9977914177
-1.19453158174
-1.16148331541
16.0863128755
11.8227033766
-1.33493884093
12.0185333078
-1.5016183217
12.2932098126
-1.67726684337
12.6414239867
-1.84199314874
13.0496781458
-1.97805166901
13.4771727979
-2.04925956586
13.9042703989
-2.07453879197
14.3149611664
-2.05987474204
14.700362271
-2.01817557591
15.0412353251
-1.94537470184
15.3206572065
-1.84457037759
15.5266147923
-1.7193427899
15.639620391
-1.56621459858
15.6474357902
-1.40442523738
15.5522039156
-1.25152628621
15.3660409449
-1.11591553652
15.1007942847
-0.997630997288
14.767582895
-0.894751129136
14.3894839064
-0.816385630902
13.9300338174
-0.701903575331
14.0974233089
-0.0195638340279
14.1158313857
-0.0185359698788
14.134148187
-0.0184461719953
14.1523682886
-0.0183535213452
14.1704842326
-0.0182540326807
14.1884944347
-0.0181474108472
14.2063915221
-0.0180338578642
14.2241661205
-0.0179135520392
14.2418121836
-0.0177866641639
14.2593229645
-0.0176531908517
14.2766914513
-0.017512815156
14.2939106662
-0.0173655056964
14.3109736931
-0.0172113002458
14.3278736714
-0.0170502395236
14.3446037836
-0.016882358411
14.3611572494
-0.0167076899147
14.3775273393
-0.0165262812299
14.393707468
-0.0163382739069
14.4096911963
-0.0161438174119
14.4254718452
-0.0159427319224
14.4410421217
-0.0157347516684
14.4563948564
-0.0155199705759
14.4715237322
-0.0152985675551
14.4864225911
-0.0150706220003
14.5010850141
-0.0148361986834
14.5155045605
-0.0145953384468
14.529674822
-0.0143480788332
14.5435894338
-0.0140944616237
14.5572420886
-0.0138345412232
14.5706265935
-0.0135684301815
14.5837367953
-0.0132961661306
14.5965664589
-0.0130176642803
14.6091093924
-0.0127329662287
14.6213595268
-0.0124421944189
14.6333108671
-0.0121454223321
14.6449574884
-0.011842719081
14.6562935241
-0.0115341421653
14.6673131381
-0.0112197218071
14.6780106005
-0.010899563528
14.6883806458
-0.0105741324347
14.6984184709
-0.0102438925972
14.7081193306
-0.00990890238742
14.717478197
-0.00956887360927
14.7264897874
-0.00922354721462
14.7351488326
-0.00887293761288
14.743450031
-0.00851701401535
14.7513877931
-0.00815548896949
14.7589561132
-0.00778794617817
14.7661493911
-0.00741479094368
14.7729625512
-0.00703654751103
14.7793903266
-0.0066530241759
14.785427521
-0.00626429167092
14.7910693017
-0.00587071306319
14.7963091336
-0.00547058614055
14.8011399167
-0.00506334587931
14.8055642325
-0.00465867377482
14.8095887846
-0.00426069203077
14.813220742
-0.00386986704602
14.8164674526
-0.00348637735169
14.8193374677
-0.00311142405099
14.8218414398
-0.00274711027942
14.8239834537
-0.00238687080998
14.8257574676
-0.00202057699888
14.8271571556
-0.00164794336681
14.828178007
-0.00127078546143
14.8288210772
-0.000894668988842
14.8290871259
-0.000519296830099
14.8289193552
-8.71087977755e-05
14.8283281338
0.000334736520864
0.00116047743853
14.8269136328
14.1158336029
-0.0390892263715
14.1342506514
-0.0370732666835
14.1525624132
-0.0368803428549
14.1707645546
-0.0366809855068
14.188848409
-0.0364663165105
14.2068083915
-0.0362369744811
14.2246383737
-0.035994697207
14.2423334796
-0.0357417035026
14.2598894382
-0.0354776973304
14.2772981255
-0.0351990651137
14.2945515973
-0.0349056542143
14.3116422407
-0.0345977394976
14.3285626809
-0.034275584238
14.3453057173
-0.033939394996
14.3618642821
-0.033589334001
14.3782314129
-0.0332255368813
14.3944002446
-0.0328481476981
14.4103640771
-0.0324574742651
14.4261163625
-0.0320538242921
14.4416503717
-0.0316368597889
14.4569590046
-0.0312060620826
14.472035286
-0.0307616290117
14.4868729305
-0.030304182224
14.5014659923
-0.0298341012963
14.5158084352
-0.0293514716914
14.5298942217
-0.0288563574344
14.543717349
-0.0283488357293
14.5572718668
-0.0278290018851
14.5705518968
-0.0272969825503
14.5835516926
-0.0267530220996
14.5962655763
-0.0261972255797
14.6086878311
-0.0256294678115
14.6208128236
-0.025049872265
14.6326350816
-0.0244587222252
14.6441492502
-0.0238562077476
14.6553500899
-0.0232425120712
14.6662324966
-0.0226178276682
14.6767915454
-0.0219823625506
14.6870224409
-0.0213363511999
14.6969202301
-0.0206801010166
14.7064801775
-0.0200142951128
14.7156979708
-0.019339414407
14.7245691209
-0.0186549886572
14.7330891303
-0.0179607463266
14.741254048
-0.0172572480637
14.7490604947
-0.0165450360106
14.756505589
-0.0158243203092
14.7635871733
-0.0150954080216
14.7703032219
-0.0143588357087
14.7766516352
-0.0136150529127
14.7826308348
-0.0128643882671
14.7882397842
-0.0121074541686
14.7934774429
-0.0113446089033
14.7983450047
-0.0105763842262
14.8028448659
-0.00980341718612
14.8069703505
-0.00902631655184
14.8107109563
-0.00824537856868
14.8140558921
-0.00746078115592
14.816994668
-0.00667300346751
14.8195162149
-0.0058826651856
14.8216067739
-0.00508918147903
14.8232584564
-0.00429186106917
14.8244738452
-0.00349104449158
14.8252556949
-0.00268661698852
14.8255983661
-0.00187200138503
14.8254890157
-0.00104556051387
14.8249780498
-0.000270247349507
14.8240948961
0.00053247666815
14.8228236257
0.00134081456471
0.00293175806885
14.8207897421
14.1426553122
-0.0586122699782
14.1611273337
-0.0556569020092
14.1794788659
-0.0553461570218
14.1977069469
-0.0550258220006
14.215806069
-0.054684699597
14.2337694375
-0.0543221399486
14.2515886911
-0.0539383132049
14.2692534833
-0.0535334505929
14.2867538434
-0.0531076279185
14.3040833557
-0.0526607905838
14.3212357492
-0.0521929330783
14.338204538
-0.0517041146644
14.3549830779
-0.0511944388949
14.3715646506
-0.0506640361722
14.3879425247
-0.0501130537727
14.4041099986
-0.0495416555173
14.4200604411
-0.0489500548012
14.4357873843
-0.0483387231517
14.4512845514
-0.0477081596868
14.4665456333
-0.0470579909224
14.4815642417
-0.0463876131588
14.4963341537
-0.0456973859024
14.51084913
-0.0449879112642
14.5251028377
-0.0442594714379
14.5390890812
-0.0435122862991
14.5528018088
-0.0427465626447
14.5662350994
-0.0419625070732
14.5793831521
-0.0411603343532
14.5922402872
-0.0403402913782
14.6048009855
-0.0395027824098
14.6170598266
-0.0386480098924
14.6290113927
-0.0377758490359
14.6406503661
-0.0368865218797
14.6519715913
-0.0359804727601
14.6629700359
-0.0350580135285
14.6736407867
-0.0341194450873
14.6839790516
-0.0331650796198
14.6939801625
-0.0321952473908
14.7036395817
-0.0312103119378
14.7129529423
-0.0302107510052
14.7219162446
-0.0291976149231
14.7305257127
-0.0281716068584
14.7387771652
-0.0271318467087
14.7466661731
-0.0260778107057
14.7541886618
-0.0250104126184
14.7613409703
-0.0239306085337
14.7681198003
-0.0228389700874
14.7745220883
-0.0217360380399
14.7805447814
-0.0206223581868
14.7861849183
-0.0194984704152
14.7914397453
-0.0183649094116
14.7963065765
-0.0172223544048
14.8007830285
-0.016071465086
14.8048668575
-0.0149129115495
14.8085558561
-0.0137473664751
14.8118479673
-0.0125755882441
14.8147416678
-0.0113984064094
14.8172361784
-0.0102167427411
14.819331533
-0.00903188819321
14.8210280764
-0.00784477044901
14.82232669
-0.00665534348171
14.8232282903
-0.00546295567173
14.8237344968
-0.00426864766607
14.8238490964
-0.00307447024952
14.8235848679
-0.00188283951038
14.8229434082
-0.000680936317333
14.8218785501
0.000516049960415
14.820418574
0.00171220844127
14.8185617459
0.00291575585264
0.00525064128828
14.8159637424
14.1801043043
-0.0784247816329
14.1989141319
-0.074572362046
14.2175822089
-0.0741230058959
14.2361049475
-0.0736602957042
14.2544749393
-0.0731694235198
14.2726844612
-0.072649422442
14.2907256151
-0.072100293891
14.3085904275
-0.071522198868
14.3262710494
-0.0709153337569
14.3437599071
-0.0702799153916
14.3610496514
-0.0696161609602
14.3781330917
-0.0689242875717
14.3950031569
-0.0682045167189
14.4116528759
-0.067457078052
14.4280753729
-0.0666822122149
14.4442638695
-0.0658801787146
14.4602116999
-0.0650513016808
14.4759123819
-0.0641962348136
14.4913596266
-0.0633156693893
14.506547111
-0.0624091928815
14.5214684122
-0.0614760966454
14.5361172496
-0.0605168807623
14.5504875358
-0.0595323411121
14.5645732971
-0.0585228722769
14.5783686746
-0.0574888063015
14.5918679333
-0.0564304711179
14.605065469
-0.0553482015064
14.6179558138
-0.0542423461253
14.6305336459
-0.0531132958875
14.6427938327
-0.0519616421863
14.6547313754
-0.0507877187263
14.6663413188
-0.0495914419373
14.677618845
-0.0483731684673
14.6885593315
-0.0471335360947
14.6991583139
-0.0458730124339
14.7094114808
-0.0445920492824
14.7193146748
-0.0432911106243
14.7288638954
-0.041970680918
14.7380553038
-0.0406312837848
14.7468852497
-0.039273583554
14.7553504259
-0.0378989725397
14.7634477757
-0.0365084016778
14.771174035
-0.0351007798657
14.7785258387
-0.0336754776093
14.7855001919
-0.0322337768029
14.792094438
-0.0307769699084
14.7983061172
-0.0293058242456
14.8041329241
-0.0278210323994
14.8095727061
-0.0263232912286
14.8146234871
-0.0248133146441
14.8192834885
-0.0232918330637
14.8235510027
-0.0217595946572
14.8274244219
-0.0202173571031
14.8309022511
-0.0186659012943
14.833983069
-0.0171059724625
14.8366655365
-0.0155384094249
14.8389485116
-0.0139642376695
14.8408309809
-0.0123845069776
14.8423109955
-0.0107995696139
14.8433878988
-0.00921164122092
14.8440607341
-0.00762037911943
14.8443282472
-0.00602484185394
14.8441889775
-0.00442586162957
14.8436408184
-0.00282483400169
14.8426832806
-0.00122578602301
14.8413272784
0.000372701547087
14.8395688458
0.00197033187046
14.8374092323
0.0035659856862
14.834848475
0.00516907277779
0.00822697354987
14.8315675287
14.2265956755
-0.0986617025113
14.2458748275
-0.0939527299668
14.264991411
-0.0933444478405
14.2839412023
-0.092718427487
14.3027162431
-0.0920563321529
14.3213082736
-0.0913568992741
14.3397090391
-0.0906201331991
14.3579104011
-0.0898463097322
14.3759043479
-0.0890357500339
14.3936829821
-0.0881887829987
14.4112385275
-0.0873057450006
14.4285633387
-0.0863869823696
14.4456499069
-0.0854328511339
14.4624908606
-0.084443716736
14.4790789667
-0.0834199560192
14.4954071323
-0.0823619672579
14.5114684184
-0.0812702260842
14.5272561056
-0.0801456045799
14.5427637026
-0.0789890206943
14.5579847256
-0.0778000654834
14.5729126394
-0.0765779744289
14.5875411019
-0.0753234385104
14.6018640261
-0.0740375070333
14.6158755011
-0.0727207484952
14.6295697812
-0.0713736575758
14.6429412871
-0.0699967259056
14.6559846096
-0.0685904553175
14.6686945137
-0.0671553659771
14.6810659487
-0.0656920301606
14.6930940908
-0.0642012632058
14.7047742879
-0.0626835676549
14.716101971
-0.0611389397737
14.727072745
-0.0595679071301
14.7376824456
-0.0579713349447
14.7479271001
-0.0563498794754
14.7578029206
-0.054704174247
14.7673063024
-0.0530348633766
14.7764338238
-0.0513426110873
14.7851822489
-0.0496281239346
14.7935485517
-0.047892273678
14.8015300664
-0.0461368096682
14.8091243869
-0.0443629386892
14.8163289237
-0.0425693834215
14.8231409968
-0.0407554200885
14.8295582366
-0.0389226365865
14.8355785789
-0.0370726279486
14.8412001483
-0.035206347611
14.8464212365
-0.0333246522719
14.8512402946
-0.031428395352
14.8556559308
-0.0295184448235
14.8596669039
-0.0275956788718
14.8632721374
-0.0256610074428
14.8664706972
-0.0237153279663
14.8692617785
-0.0217595477727
14.8716449019
-0.019794734927
14.8736200742
-0.0178222121726
14.8751859004
-0.0158416004594
14.876341388
-0.013854350253
14.877088258
-0.0118635201948
14.8774269377
-0.00987002167065
14.8773575037
-0.00787316448545
14.8768809751
-0.00587296928247
14.8759989343
-0.00387098172587
14.8747136914
-0.00186916718331
14.8730246033
0.000131549828341
14.8709335168
0.00212993731389
14.8684419777
0.00412599408138
14.865547546
0.00612260543669
14.8622242302
0.0081528754227
0.0119414367905
14.8581733688
14.283473454
-0.119628673063
14.3035187396
-0.114095458445
14.3233758321
-0.113303119602
14.3430395799
-0.112487755763
14.3625010985
-0.11162748849
14.3817515094
-0.110721065972
14.4007820883
-0.109768644471
14.4195842243
-0.108770611452
14.4381494169
-0.107727396928
14.4564692969
-0.106639459097
14.4745356391
-0.105507276635
14.4923403669
-0.104331342353
14.5098755556
-0.103112161897
14.527133437
-0.101850255426
14.5441064066
-0.100546160817
14.5607870306
-0.0992004451366
14.5771680632
-0.097813769628
14.5932425158
-0.0963872617002
14.6090036692
-0.0949221066471
14.6244448588
-0.0934179468048
14.6395594204
-0.0918740136469
14.6543409346
-0.0902912400095
14.6687832901
-0.0886709809521
14.6828806084
-0.0870140348501
14.696627235
-0.0853211173622
14.7100177422
-0.0835929435261
14.7230469331
-0.081830242724
14.7357098468
-0.0800337676433
14.7480017685
-0.0782043333052
14.7599182729
-0.0763430407222
14.7714551684
-0.0744506224308
14.7826084065
-0.0725272146968
14.7933741736
-0.0705735757406
14.803748946
-0.0685908567719
14.813729449
-0.066579959152
14.8233126476
-0.0645417521534
14.8324957419
-0.0624771111272
14.8412761637
-0.0603869277558
14.849651575
-0.0582721353533
14.8576198887
-0.0561338527012
14.8651794155
-0.0539742221056
14.8723287573
-0.0517947361702
14.8790663529
-0.0495939531479
14.8853905674
-0.0473710721214
14.8913000901
-0.0451279993469
14.8967939226
-0.0428666370485
14.9018712508
-0.0405881195782
14.9065314156
-0.0382934548397
14.9107738956
-0.0359836301472
14.914598308
-0.0336596482457
14.918004388
-0.0313225016454
14.9209918739
-0.0289731001605
14.9235609144
-0.0266127480964
14.9257120183
-0.0242427098625
14.9274448361
-0.0218631922832
14.928758122
-0.0194746190779
14.9296540751
-0.0170800543962
14.9301338581
-0.0146799108853
14.9301969567
-0.0122755650804
14.9298439615
-0.00986902422361
14.9290740341
-0.0074581683185
14.9278771927
-0.00503377144815
14.9262550784
-0.00260915055685
14.9242286378
-0.000205492285069
14.9217999082
0.00219519438041
14.91895969
0.00460273182007
14.9157080295
0.0070080406763
14.9120463099
0.00941267595976
14.907974894
0.0118507010892
0.016334237817
14.903211284
14.3514804281
-0.141534506975
14.3724951921
-0.135203616451
14.3932910654
-0.134196954007
14.4138622672
-0.133161380517
14.4341995315
-0.13207170682
14.454293333
-0.130926426208
14.4741341718
-0.12972571793
14.49371269
-0.128470109316
14.513019692
-0.12716019087
14.5320461375
-0.125796574194
14.5507831409
-0.124379890862
14.56922198
-0.122910794591
14.5873541053
-0.121389961782
14.6051711498
-0.11981809252
14.6226649383
-0.118195914013
14.6398274991
-0.116524194346
14.656651086
-0.114803817502
14.6731282528
-0.113036208569
14.689251871
-0.111222868004
14.7050149205
-0.109363542805
14.7204104393
-0.107457518942
14.7354317743
-0.105506034301
14.7500726496
-0.103510817873
14.7643270956
-0.101472971213
14.7781894457
-0.0993935089321
14.7916543425
-0.0972734516709
14.8047167461
-0.095113842257
14.8173719419
-0.0929157549244
14.829615554
-0.0906803390916
14.8414435914
-0.0884090757892
14.8528523912
-0.086103021504
14.8638385259
-0.0837625446733
14.874398897
-0.081388727765
14.8845307907
-0.0789831011765
14.8942318325
-0.0765469012077
14.9034999746
-0.0740813190838
14.9123334873
-0.0715875431078
14.9207309491
-0.0690667687072
14.9286912401
-0.0665202259369
14.9362135554
-0.0639493438851
14.9432975491
-0.0613567166981
14.9499432152
-0.0587441700031
14.9561504093
-0.0561101239436
14.9619189309
-0.053453719305
14.9672489234
-0.050777197705
14.9721408489
-0.048082773393
14.9765953478
-0.0453717542356
14.9806132087
-0.0426452917207
14.9841953261
-0.0399044738712
14.9873425214
-0.0371502257996
14.9900561224
-0.034384041539
14.9923378859
-0.031607255202
14.9941894584
-0.0288210564296
14.9956091692
-0.0260233877361
14.9965988833
-0.0232179873645
14.997161815
-0.0204066243551
14.9972978842
-0.017589063967
14.9970078498
-0.0147665527787
14.9962933359
-0.0119413193237
14.9951559033
-0.00911529122839
14.9935976288
-0.0062868754301
14.9916181277
-0.00344444583673
14.9892172084
-0.000601522630667
14.9863954451
0.00222008258715
14.9831538165
0.00503795531679
14.9794927201
0.00786243168528
14.9754130259
0.0106840066167
14.9709189617
0.0135008667727
14.9660364428
0.0163251883692
0.0214670432967
14.9604981095
14.431096308
-0.164688064227
14.4533843798
-0.157579803677
14.475418316
-0.15632391708
14.4971911212
-0.155032050056
14.5186922624
-0.153675633017
14.5399111872
-0.152253144466
14.5608375004
-0.150764918136
14.5814609484
-0.149211621099
14.6017714192
-0.14759398368
14.6217589605
-0.145912774874
14.6414137925
-0.144168797212
14.6607263174
-0.142362883814
14.6796871282
-0.140495899637
14.6982870215
-0.138568745659
14.7165170123
-0.136582365057
14.7343683526
-0.134537760016
14.7518325603
-0.132436077316
14.7689015019
-0.130279087945
14.7855674187
-0.128068663858
14.801822722
-0.125804718589
14.8176599504
-0.123486662026
14.8330720329
-0.121116117834
14.848052366
-0.118695278871
14.862594751
-0.116225647231
14.8766933972
-0.113708641512
14.8903429365
-0.11114570027
14.9035384373
-0.108538298667
14.9162754192
-0.10588795717
14.9285498705
-0.103196289363
14.9403583006
-0.100465291387
14.951697683
-0.0976964790018
14.9625653598
-0.0948905860318
14.97295914
-0.092049156001
14.9828773554
-0.0891742360577
14.9923188118
-0.0862675308612
15.0012827717
-0.0833306826771
15.0097689396
-0.0803653163286
15.0177774464
-0.0773730477121
15.0253088338
-0.074355512271
15.0323640598
-0.0713145496138
15.0389446394
-0.068253301156
15.0450525092
-0.0651740056153
15.050689512
-0.062074991896
15.055857474
-0.0589553831288
15.060558604
-0.0558177926494
15.0647955029
-0.0526648179366
15.0685708804
-0.0494978698365
15.0718873322
-0.0463179800027
15.0747483639
-0.0431271407852
15.0771575919
-0.0399263817508
15.0791184344
-0.0367169935435
15.0806302843
-0.0334962788046
15.0816945285
-0.030267415896
15.0823193204
-0.0270351078791
15.0825067282
-0.0237970025425
15.0822573019
-0.0205533451245
15.0815734407
-0.0173057445173
15.0804575981
-0.0140554933871
15.0789117682
-0.0108043434073
15.0769376863
-0.00755394397018
15.0745356296
-0.00430126441892
15.0717214257
-0.00105041311751
15.068493446
0.00220267070983
15.0648332554
0.00545306882203
15.0607407687
0.00870002773752
15.0562268798
0.0119429911438
15.051293819
0.0151809868119
15.045942568
0.0184134440909
15.0401731566
0.0216535192291
0.0274749179781
15.0337268009
14.5234552133
-0.189379925498
14.5473008834
-0.181506305555
14.5708485925
-0.179957599341
14.594090304
-0.178364834397
14.6170146222
-0.176696221693
14.6396099549
-0.174950048182
14.6618647664
-0.173126701512
14.6837676521
-0.171226978034
14.7053073502
-0.169251749462
14.7264727431
-0.167201926866
14.7472528637
-0.165078461278
14.7676369086
-0.162882347438
14.7876142557
-0.160614629044
14.8071744843
-0.158276405978
14.826307399
-0.1558688439
14.8450030582
-0.153393195857
14.8632518153
-0.150850900502
14.8810444172
-0.148244118853
14.8983720449
-0.145575153249
14.9152261173
-0.142844152211
14.9315982639
-0.140050732383
14.9474806097
-0.137197008696
14.9628658726
-0.134285761741
14.9777473144
-0.131319033001
14.9921187604
-0.128298800136
15.00597463
-0.125227090558
15.0193099659
-0.122105997724
15.0321204622
-0.118937688198
15.0444024952
-0.115724452364
15.0561531889
-0.112469026976
15.0673703626
-0.109173617942
15.0780524372
-0.105839556924
15.0881985421
-0.102469089916
15.0978085767
-0.0990650264137
15.1068831569
-0.0956297813541
15.1154235933
-0.0921656849929
15.1234318684
-0.0886750278261
15.1309106102
-0.0851600645177
15.137863063
-0.0816230401184
15.1442930768
-0.0780663936243
15.150205234
-0.0744939862425
15.155604697
-0.0709086263846
15.1604966162
-0.0673086360515
15.1648862829
-0.0636932800091
15.1687790338
-0.0600652033575
15.1721808539
-0.0564276409018
15.1751001998
-0.0527844683882
15.1775433321
-0.0491345146422
15.179515477
-0.0454787312345
15.1810190373
-0.0418153174825
15.1820587866
-0.0381479288404
15.1826474496
-0.0344818125451
15.182790966
-0.03081335598
15.1824901489
-0.0271421296759
15.1817502402
-0.0234702045857
15.1805769558
-0.0197982946818
15.1789745016
-0.0161264933954
15.1769461403
-0.0124551454051
15.174494949
-0.0087858047495
15.1716244533
-0.005120555249
15.1683376083
-0.00145581041992
15.1646320106
0.00220966629579
15.1605098894
0.00587544881263
15.1559704457
0.00953953148976
15.1510128345
0.0132010809906
15.1456364363
0.0168594549469
15.1398402054
0.0205141177519
15.1336225413
0.024165058874
15.1269809902
0.0278263026963
0.0343227447363
15.1196664564
14.6291174645
-0.215965140813
14.6548699199
-0.207329754964
14.6802732988
-0.205437206882
14.705318503
-0.203491491301
14.7299929955
-0.201457504777
14.754284043
-0.199333343006
14.7781789288
-0.197119407886
14.8016649729
-0.194816531128
14.8247295351
-0.192425622866
14.8473600277
-0.189947644851
14.8695439313
-0.187383614699
14.8912688148
-0.184734613403
14.9125223615
-0.182001796878
14.9332924029
-0.179186410378
14.9535669582
-0.176289804885
14.9733342824
-0.173313466022
14.9925829284
-0.170259127391
15.0113018717
-0.167129368448
15.0294805745
-0.163926974759
15.047108806
-0.160652398682
15.0641766378
-0.157305555802
15.0806747656
-0.153889180314
15.0965946348
-0.150406797018
15.1119284144
-0.146861165956
15.1266690413
-0.143255027374
15.1408102738
-0.139591224666
15.1543467435
-0.135872718834
15.1672740035
-0.132102592131
15.1795885783
-0.128284099964
15.1912880475
-0.124421026469
15.2023710027
-0.120516583353
15.2128369567
-0.116573019837
15.222686465
-0.112593617749
15.2319211952
-0.1085822901
15.240543872
-0.104542501433
15.2485582515
-0.100477606032
15.255969093
-0.0963908904006
15.2627821201
-0.0922855659084
15.2690039803
-0.0881647941298
15.2746422156
-0.0840319005579
15.2797053949
-0.0798917584108
15.2842029733
-0.0757480502348
15.2881439659
-0.0715986657849
15.2915384928
-0.0674439772824
15.2943994111
-0.0632893506649
15.2967440308
-0.0591424604021
15.2985722236
-0.0549897359635
15.2998920017
-0.050838139197
15.3007169923
-0.046694229379
15.3010663828
-0.0425617586001
15.3009504181
-0.0384354323776
15.3003737163
-0.03431486421
15.2993469867
-0.0302025256675
15.2978816692
-0.0260987110981
15.2959864551
-0.0220027360078
15.2936687026
-0.0179139748662
15.2909352176
-0.0138319625765
15.2877921172
-0.00975634903432
15.2842438823
-0.00568703576932
15.2802962603
-0.00162735356647
15.2759526356
0.00242863261173
15.2712141722
0.00648435756247
15.2660817142
0.0105397316428
15.2605552303
0.0145936406226
15.2546336136
0.0186463271648
15.2483147499
0.0226981616465
15.2415956232
0.0267495170362
15.234472344
0.0308012638343
15.226940029
0.0348684337983
0.0420195027816
15.2187545648
14.7491050771
-0.24481360817
14.7771282515
-0.235411258243
14.8047414393
-0.233113899026
14.8319346455
-0.230753396023
14.8586944212
-0.228291303316
14.88500692
-0.225725324062
14.910858115
-0.223055677671
14.936233828
-0.220283043705
14.9611197253
-0.217408175653
14.9855013203
-0.214431881238
15.0093639861
-0.211355036266
15.0326929784
-0.208178602899
15.0554734716
-0.204903653815
15.077690608
-0.201531400041
15.0993295604
-0.19806322064
15.1203756087
-0.194500705543
15.1408142387
-0.190845790878
15.1606313104
-0.187101426817
15.1798131694
-0.183270880701
15.1983465038
-0.179354944176
15.2162183889
-0.175353916938
15.2334166788
-0.171271306723
15.2499301919
-0.167111596718
15.2657487377
-0.162878532396
15.2808632164
-0.158575939185
15.295265728
-0.154207854051
15.308949677
-0.149778536295
15.3219098716
-0.145292465242
15.334142621
-0.140754390374
15.3456458662
-0.136169718547
15.356419169
-0.131543275475
15.3664636453
-0.126878860894
15.3757821205
-0.122181458428
15.3843792218
-0.11745677288
15.3922613284
-0.112710012345
15.3994365425
-0.107946246122
15.4059146621
-0.103170447934
15.4117070997
-0.0983874355747
15.4168268852
-0.0936019792636
15.4212882919
-0.0888186390956
15.4251070817
-0.0840437589211
15.4283025601
-0.0792845510067
15.4308934176
-0.0745383012508
15.4329038695
-0.0698109102157
15.4343412177
-0.0650908125208
15.4352098233
-0.0603827254098
15.4355499595
-0.0557089821365
15.4353892491
-0.0510638851952
15.434742028
-0.0464406994548
15.433620747
-0.0418412830877
15.4320462748
-0.0372687521205
15.4300391972
-0.0327224290958
15.4276159119
-0.0282005896935
15.4247909693
-0.0237016739263
15.4215780336
-0.019224103835
15.4179895101
-0.0147659878959
15.4140360849
-0.0103251356378
15.4097288528
-0.00590159869409
15.4050702747
-0.0014866259563
15.4000654492
0.00291383646797
15.3947175773
0.00730760227057
15.3890266299
0.0117013063509
15.382990683
0.0160967712248
15.3766061035
0.0204946154964
15.3698674544
0.024896891583
15.3627675723
0.0293057009713
15.3552976865
0.0337230291442
15.3474475396
0.038151240205
15.3392055189
0.0426067338354
0.0503926383162
15.330329436
14.8841686758
-0.276325647806
14.914860276
-0.266145745404
14.9450756208
-0.263377093317
14.9748047786
-0.26053540644
15.0040338573
-0.257578381225
15.0327481748
-0.254502936291
15.0609324905
-0.251308731657
15.0885710069
-0.247995889955
15.1156473513
-0.244564589956
15.1421445823
-0.241015070437
15.1680452131
-0.237347661377
15.1933312523
-0.233562820124
15.2179842671
-0.22966117671
15.2419854674
-0.225643583425
15.2653158101
-0.221511164718
15.2879561235
-0.217265379292
15.3098872582
-0.212908182879
15.3310903182
-0.208442775283
15.3515468334
-0.203872846713
15.3712386662
-0.199199517758
15.3901481212
-0.194423527162
15.4082584265
-0.189549300729
15.4255539938
-0.184582499238
15.4420205094
-0.179528136306
15.4576451006
-0.174391472258
15.47241651
-0.169178152978
15.4863252642
-0.163894214411
15.4993638322
-0.158546071193
15.5115267797
-0.153140561603
15.5228109556
-0.14768536562
15.533215524
-0.142187616413
15.5427419345
-0.136653395455
15.5513941314
-0.131090172383
15.5591786916
-0.125506273415
15.5661048118
-0.119909517098
15.5721843311
-0.114307605463
15.5774317169
-0.108708131737
15.5818638715
-0.103118338942
15.5854999656
-0.09754525636
15.5883630491
-0.091997312847
15.5904831927
-0.0864878522729
15.5918829915
-0.0810165960239
15.5925827759
-0.0755785788089
15.5925997679
-0.0701765989376
15.5919873665
-0.0648352469644
15.5907887694
-0.0595490202393
15.5890203399
-0.054313408107
15.5867112221
-0.0491354846333
15.5839003846
-0.0440183302459
15.5806236957
-0.0389606943405
15.5769121596
-0.0339608199462
15.5727956561
-0.0290168972922
15.5683033964
-0.0241265251248
15.5634629369
-0.0192864810727
15.5582994286
-0.0144927741248
15.5528346844
-0.00974016738103
15.5470817618
-0.0050177084508
15.5410692532
-0.000340976352544
15.5348090197
0.00431553283938
15.5283093415
0.00894947937022
15.5215768665
0.0135702855446
15.5146143021
0.0181884901247
15.5074209209
0.0228093698161
15.4999926851
0.0274368806502
15.4923221323
0.0320765057834
15.4843984596
0.036733692178
15.4762076791
0.0414136157992
15.4677327861
0.0461216645054
15.4589541236
0.0508769022436
0.0592128781592
15.4496253399
15.0352154849
-0.31094482092
15.0690163017
-0.299971681814
15.1022662232
-0.296656721447
15.1349572518
-0.293260776943
15.1670772656
-0.289737522583
15.1986123848
-0.286082127563
15.2295472148
-0.282292739997
15.2598649429
-0.278368066784
15.2895472938
-0.274306826679
15.3185744573
-0.270107725439
15.3469250504
-0.265769521639
15.3745761395
-0.261291122451
15.4015033201
-0.256671687552
15.4276808551
-0.251910736056
15.4530818699
-0.247008253742
15.4776785951
-0.241964803
15.5014426592
-0.236781734901
15.5243454823
-0.231462037797
15.5463586163
-0.226009530987
15.5674538002
-0.220425518952
15.5876032453
-0.214711208348
15.6067803264
-0.208872183594
15.6249600305
-0.202915711162
15.6421192076
-0.196848661261
15.6582368961
-0.19067847543
15.6732946584
-0.184413316438
15.6872769133
-0.178062068788
15.7001712481
-0.171634307466
15.7119687191
-0.165140330955
15.722664185
-0.158591610042
15.7322564648
-0.151999229825
15.7407484118
-0.145373301684
15.7481472448
-0.138725651046
15.754464735
-0.132069143921
15.75971711
-0.125416044226
15.7639252048
-0.118778651507
15.7671150984
-0.11216979196
15.7693187998
-0.105602628465
15.7705706506
-0.099086512196
15.7709175344
-0.0926424022588
15.7703810382
-0.086258322086
15.7690102527
-0.0799614799975
15.7668723666
-0.0737650249351
15.7640231698
-0.0676603641551
15.7604988974
-0.0616525098478
15.7563545566
-0.055754710933
15.7516544647
-0.0499717558058
15.7464563429
-0.0443041128427
15.7408143924
-0.0387513327692
15.7347828492
-0.0333121908091
15.7284152728
-0.0279842442957
15.7217625341
-0.0227629860993
15.7148711768
-0.0176416796822
15.7077850497
-0.0126143993087
15.7005478212
-0.00767696595935
15.6931865782
-0.00280755414704
15.6857302553
0.00200294813834
15.6781905981
0.00675615832436
15.6705905711
0.0114663855914
15.6629399369
0.0161445204946
15.6552418527
0.0208065615047
15.6474927307
0.0254697490608
15.6396830206
0.030145343271
15.6317976013
0.0348429013291
15.623815714
0.0395735502992
15.6157108728
0.0443484691343
15.6074512919
0.0491781383099
15.5990006058
0.0540725329793
15.590318838
0.0590543374271
0.0678765118827
15.5811499042
15.2031760244
-0.34906837453
15.2404953444
-0.337296812225
15.2772001219
-0.333371330818
15.3132837045
-0.329358256959
15.3487340662
-0.325206004956
15.3835379201
-0.320908497275
15.4176803998
-0.316462307945
15.4511444297
-0.311863940106
15.4839104241
-0.307109606297
15.5159561411
-0.302195360027
15.5472565938
-0.297117217881
15.5777840346
-0.291871328948
15.6075080355
-0.286454174034
15.636395634
-0.280862738811
15.6644114873
-0.275094629375
15.6915180675
-0.269148221913
15.7176760041
-0.26302302359
15.742844644
-0.256720737934
15.7669826103
-0.250244459036
15.7900480418
-0.24359500363
15.8119990613
-0.236773556596
15.8327947028
-0.229786609274
15.852395594
-0.222643015803
15.8707644155
-0.215351691596
15.8878663899
-0.20792261267
15.9036697365
-0.20036693045
15.9181461852
-0.192697031356
15.9312713996
-0.184926414545
15.9430253472
-0.177069672649
15.9533927279
-0.169142995484
15.9623632443
-0.161162461613
15.9699318228
-0.153143400709
15.9760991787
-0.145103416098
15.9808722752
-0.137061607192
15.9842650458
-0.1290371962
15.9862984238
-0.121049470369
15.9870003066
-0.113118208277
15.9864047121
-0.105262681409
15.9845502905
-0.0974968612143
15.9814703463
-0.0898363476436
15.9772552986
-0.082326252114
15.9719695636
-0.0749677615674
15.9656724108
-0.0677688968967
15.9584468317
-0.0607447962552
15.9503859269
-0.0539105555326
15.9415808196
-0.0472774230424
15.9321258501
-0.0408533922611
15.922122219
-0.0346457815432
15.9116710472
-0.0286540516256
15.9008710861
-0.022874598861
15.8898171538
-0.0173010376151
15.8785991076
-0.0119238910483
15.8673014385
-0.0067310476424
15.856014578
-0.00172251404963
15.8448219181
0.00311293626464
15.8337843408
0.00781964603006
15.8229609317
0.0124085303462
15.8123920992
0.0168998920514
15.8021123188
0.0213139994785
15.7921461767
0.0256716635176
15.7825079331
0.0299991739453
15.7732016956
0.0343238729061
15.7642211417
0.0386674729071
15.7555501365
0.0430493769714
15.7471625399
0.0474907236654
15.7390234213
0.0520114862758
15.7310877286
0.056632270989
15.7233008233
0.0613726462721
15.715599605
0.0662637650666
0.0752825080214
15.7076998655
15.3900909108
-0.390836278883
15.4310890945
-0.378281032053
15.4714325159
-0.373704069271
15.5111354213
-0.369053782624
15.5502021462
-0.364268820157
15.5886287644
-0.359334857513
15.6264053612
-0.354242487589
15.6635168988
-0.348983097491
15.6999425114
-0.343547079498
15.7356539742
-0.337923135392
15.7706151247
-0.332099350524
15.8047820831
-0.326064162387
15.8381043195
-0.319807406395
15.8705261726
-0.31332094044
15.9019874222
-0.306597814289
15.9324231845
-0.29963174166
15.9617643703
-0.29241802405
15.9899389551
-0.284955429114
16.0168731826
-0.277245319975
16.0424924468
-0.269287659242
16.0667228981
-0.261084381446
16.0894932668
-0.252644554004
16.110735601
-0.243980343067
16.1303853306
-0.235104037475
16.1483818612
-0.226029580669
16.1646700384
-0.216773554607
16.1792007068
-0.207354334751
16.1919314765
-0.197792175068
16.2028277736
-0.188109472462
16.2118637157
-0.178331093182
16.2190227218
-0.168482406242
16.2242981492
-0.158588672576
16.2276937457
-0.148677873275
16.2292248433
-0.138780675547
16.228920738
-0.128930251046
16.2268223367
-0.119157484499
16.2229773509
-0.109488945182
16.2174515063
-0.099961905282
16.210332777
-0.0906125709022
16.2017189252
-0.0814663144783
16.1916942087
-0.0725547135555
16.1803771422
-0.0639131919897
16.1678960582
-0.0555596086308
16.1543774812
-0.0475073035198
16.1399608045
-0.0397842138236
16.1247991687
-0.0324153094873
16.109060523
-0.0254233796464
16.0928960063
-0.0187989211421
16.0764638967
-0.0125485234927
16.0599454664
-0.00669156670833
16.0435549436
-0.00125461166087
16.027267287
0.00401109729657
16.0113128504
0.00886228555599
15.9958156836
0.0134052584682
15.9808769695
0.0176741173214
15.9666062704
0.0217048328159
15.9530867187
0.0255347564602
15.9403832043
0.0292024417178
15.9285418076
0.0327469951327
15.9175882175
0.0362096524424
15.9075258512
0.0396389346894
15.8983367544
0.0430834968164
15.8899848131
0.0465832346972
15.882418276
0.0501732247119
15.8755717843
0.0538882191956
15.8693649182
0.0577632550083
15.8637027766
0.061833422968
15.8584750664
0.0661336895409
15.8535578267
0.0707088780876
0.0797410354271
15.8486241962
15.5890216111
-0.436704109794
15.6341991291
-0.423425919354
15.6786983164
-0.41817302345
15.7225386044
-0.412866198807
15.7657388202
-0.407443673006
15.8083153853
-0.401888742158
15.8502815733
-0.396188867182
15.8916489278
-0.390333720273
15.9324197725
-0.384304488114
15.9725850783
-0.378078532998
16.0121249144
-0.371633050243
16.0510087201
-0.364945857796
16.0891927027
-0.357993568219
16.1266142227
-0.350749199768
16.1631907003
-0.343185867684
16.1988236867
-0.335281420826
16.2334045359
-0.327020965253
16.2668201954
-0.318398864588
16.298952726
-0.309411598172
16.3296763267
-0.300051262353
16.3588612538
-0.290315841096
16.386381732
-0.280218366719
16.4121200802
-0.269779094747
16.4359605618
-0.259012248942
16.4577800049
-0.247924327709
16.4774699217
-0.236546586282
16.4949297093
-0.224905273118
16.5100663195
-0.213028184347
16.5227940763
-0.200945074463
16.5330335397
-0.1886870286
16.5407123743
-0.176286506785
16.5457720383
-0.16378255408
16.5481688589
-0.151218005522
16.5478633191
-0.138627664443
16.5448320304
-0.126060814394
16.5390489366
-0.113545655644
16.530534643
-0.101155403091
16.519318624
-0.0889361816661
16.5054543234
-0.0769481512151
16.4890431951
-0.0652646760211
16.4702274285
-0.0539580365405
16.4491656086
-0.0430800305049
16.4260328362
-0.0326650536667
16.4010750622
-0.022797305981
16.374549586
-0.0135160439309
16.3464384316
-0.00457093394108
16.3177185941
0.00302027749106
16.2884565944
0.0101775798346
16.2589670543
0.0166462936696
16.2295638531
0.0224077918481
16.2005194582
0.0274769354585
16.1723226068
0.0318862197339
16.1451761876
0.0356782274119
16.1193275148
0.0389148464517
16.0949805847
0.0416735037207
16.0722997756
0.0440297950576
16.0514083512
0.0460621930304
16.0323882307
0.0478506037793
16.0152894086
0.0494660897036
16.0001361024
0.0509756988476
15.9869416952
0.0524387409099
15.9757095715
0.0539138028478
15.9664300877
0.0554538336524
15.9590775108
0.0571100381827
15.9536037337
0.0589395484198
15.9499307111
0.0610073412905
15.9479484271
0.0633804796639
15.9475114243
0.0661293773964
15.9484291929
0.069343906571
0.0774469725106
15.950272041
15.8101327012
-0.487263827953
15.8603274385
-0.47357253654
15.9100853081
-0.467884116167
15.9593570227
-0.462092352055
16.0080893153
-0.456131710351
16.056268112
-0.450024736969
16.1039449632
-0.443824549336
16.1512072372
-0.437556662508
16.1980549082
-0.431114891297
16.2444611925
-0.424449860314
16.2903961333
-0.417535611551
16.3358189824
-0.410339189278
16.3806284809
-0.402776712153
16.4246736164
-0.394771459697
16.4678176296
-0.386310812375
16.5099322925
-0.377381160321
16.5508701219
-0.367948360745
16.5904543414
-0.357977490604
16.6284789957
-0.347435857418
16.6647240205
-0.336301444561
16.6989733556
-0.324576230631
16.7310143511
-0.312276656144
16.760628762
-0.299417376485
16.787599188
-0.286013448713
16.8117245418
-0.272087672567
16.8328177117
-0.257685265326
16.8507168123
-0.242857687191
16.8652869444
-0.227659704075
16.8764264265
-0.212154270421
16.8840657623
-0.196404635355
16.8881638131
-0.180471599563
16.8887022057
-0.164416960422
16.8856348734
-0.148255840229
16.8789225938
-0.132029863372
16.8685491301
-0.115811278161
16.8545660916
-0.0996961106776
16.8370113431
-0.0837438118414
16.815970055
-0.0680477922903
16.7915777552
-0.0527185506919
16.7640010649
-0.0378605229512
16.7334131507
-0.023552499078
16.700531593
-0.0103906671262
16.6645361682
0.00312836062787
16.6261883423
0.0153386855452
16.585902002
0.0265486613125
16.544397417
0.0367022679727
16.5014617252
0.0457149059888
16.4578508114
0.0535378301545
16.414110221
0.0601267116382
16.3707949109
0.0654535221861
16.3284722567
0.0695207140231
16.2877277387
0.0723426864416
16.2490125704
0.0740962978794
16.2128917431
0.0747296659555
16.1795776732
0.0746728000497
16.1493884776
0.0738956021221
16.1226056377
0.0725131867226
16.099422119
0.0706939843435
16.0799358992
0.0686040787562
16.0641666506
0.0663888615741
16.0520553345
0.0641863018746
16.0435055872
0.0620922390089
16.038421068
0.060159625433
16.0366969731
0.0584481717213
16.038256629
0.0569868853227
16.0429546441
0.0559094619479
16.0505570381
0.0553715543465
16.0607976303
0.0554757815833
16.0732190041
0.0565032413589
0.0630745436449
16.087167098
16.0506591937
-0.536107048691
16.098297264
-0.521152963105
16.1449991066
-0.51452841375
16.1909787017
-0.508014300363
16.2360864279
-0.501181707052
16.2806181025
-0.494498669032
16.3251463607
-0.488295151537
16.3700909135
-0.482443781609
16.415613128
-0.476580073574
16.4618849232
-0.470665250433
16.5088906676
-0.464485849226
16.5563598921
-0.457754119531
16.6040856281
-0.450449717928
16.6520095351
-0.442644583933
16.7001457082
-0.434398559687
16.7485066782
-0.425696490493
16.7968653755
-0.416264646206
16.8448700795
-0.405943464066
16.8918281126
-0.394359304818
16.9368677144
-0.381311064284
16.9794556889
-0.367139274119
17.0194973204
-0.352298851079
17.0569122286
-0.336818779118
17.0915887783
-0.320682844795
17.1233835785
-0.303882075845
17.1521142453
-0.286422678252
17.1776003725
-0.268358070104
17.1996449411
-0.249726383325
17.2179460962
-0.230485712326
17.2321381532
-0.210635450129
17.2418371145
-0.190218061902
17.2466861794
-0.169322523222
17.2463575408
-0.147992925254
17.2405263683
-0.126273840363
17.2288364953
-0.104206154021
17.2109407261
-0.0818948376104
17.1865400308
-0.0594474828831
17.1550085739
-0.0366306706296
17.1157048548
-0.0135392107356
17.0707853462
0.00692451370258
17.0194180587
0.0276702143623
16.9613316101
0.0475411216104
16.8980670146
0.066228208623
16.829804178
0.0834266776889
16.7572833405
0.0988845798671
16.6814449237
0.11234574415
16.603386183
0.123568752827
16.5243729536
0.132336292438
16.4457417367
0.13853337823
16.3687541583
0.142206866223
16.2945733574
0.143457703864
16.2242491279
0.142413642882
16.1587111637
0.139371648197
16.0987450592
0.134423943432
16.044997662
0.12813929091
15.998018219
0.120585199104
15.9582501581
0.11198260733
15.9259856794
0.102651183003
15.9012974071
0.0929766224194
15.8841353693
0.0832269540615
15.8743107668
0.0736789192533
15.8715578135
0.0645052670674
15.8755258461
0.0558438571268
15.8858269213
0.0477917285072
15.9021519095
0.0402990823585
15.9241559849
0.033535312889
15.9513772948
0.027773101557
15.9832976714
0.0231713885497
16.0192916284
0.0201185724319
0.0234033950086
16.0585659856
16.1456471667
-0.595414729696
16.2034840185
-0.578934229285
16.2588422254
-0.569830977719
16.3103629658
-0.55947821739
16.3578419694
-0.548601968868
16.4019427589
-0.538538341344
16.4432928829
-0.529581558874
16.4822058588
-0.521290415652
16.5186675661
-0.512972952868
16.5520491141
-0.503975755472
16.5818363385
-0.494200191341
16.6078674385
-0.483710954062
16.6300389952
-0.472546143109
16.6483411367
-0.460871289616
16.6626720366
-0.448654312041
16.6727381835
-0.435688390252
16.6788276922
-0.422281429458
16.6818744144
-0.408919609271
16.6828267718
-0.395243863057
16.6823793439
-0.380799232076
16.681169382
-0.365868899187
16.6795606808
-0.350634313391
16.6776365524
-0.3348439603
16.6752476547
-0.318248948127
16.6720168943
-0.30061252823
16.6674137284
-0.281787431124
16.6610232989
-0.261942731575
16.6531637183
-0.241849503237
16.6450927646
-0.222405473947
16.6381047137
-0.203646501036
16.633091176
-0.185212353769
16.6301900138
-0.16643823457
16.6287060149
-0.146535127879
16.6274176937
-0.12502129665
16.6250744523
-0.101908479801
16.6208787654
-0.077754688185
16.6148301486
-0.053464522372
16.606621934
-0.0284983480283
16.5905154135
0.00248109558835
16.5644192561
0.0329240814441
16.5291768167
0.0628056791248
16.4842200973
0.0923805009104
16.4291702471
0.121150359741
16.363968502
0.148490367201
16.2886414086
0.174063295354
16.2036398441
0.197188671992
16.1104076807
0.216632098567
16.0107611224
0.23180393893
15.9087979085
0.240307679217
15.8072832568
0.243522701286
15.7098089388
0.240723401421
15.6178737883
0.234130471044
15.5331860712
0.223831443964
15.4570488011
0.210323797486
15.3908455378
0.19409574892
15.3354985606
0.175676089813
15.2913797694
0.15583614238
15.2582255101
0.135531136368
15.235374514
0.115544422132
15.2222189626
0.096090622205
15.2179650672
0.0776323925647
15.222815376
0.0593460682763
15.2362473229
0.0420946622976
15.2580870686
0.0256265460041
15.2884326039
0.00962010705458
15.3265176867
-0.00489101721738
15.3718924411
-0.0179505024558
15.4237134733
-0.0290058774991
15.4810301578
-0.037561533443
-0.0392177830501
15.5432807637
13.6584653775
-0.323920417067
13.4026729585
-0.323154225295
13.1492663222
-0.316429839704
12.8941199554
-0.304328275797
12.6408887367
-0.295357193641
12.3903976655
-0.288023595402
12.142067871
-0.281218273718
11.8963078999
-0.275487696386
11.6549392276
-0.271552988379
11.42049672
-0.269474221835
11.1954731006
-0.269110681741
10.9818557694
-0.270021773845
10.7811546067
-0.271768096245
10.5950884687
-0.274724162758
10.4255832171
-0.279064894605
10.2744804845
-0.28449923197
10.1432402697
-0.290953428532
10.0327985593
-0.29838963121
9.94408142699
-0.306438840922
9.8779957683
-0.314626889344
9.83460988863
-0.322398333589
9.81310279395
-0.329045297504
9.8122026133
-0.33386535944
9.83017674504
-0.33614885919
9.86488109906
-0.335247522153
9.91411704918
-0.33095950477
9.9752879074
-0.323055780602
10.0453497735
-0.311860170359
10.1207140273
-0.297725638252
10.1981533769
-0.281049323099
10.2750063476
-0.262036769035
10.3492969317
-0.240708607051
10.4197955083
-0.217022163433
10.4858895481
-0.19111274146
10.5473560977
-0.163381606044
10.6051300515
-0.135544566582
10.6594420399
-0.107801910228
10.7108163003
-0.0799075610248
10.7650515013
-0.0517986409633
10.8149219372
-0.0170004521046
10.8594761213
0.0181879161841
10.8980470572
0.0537366288154
10.9295776652
0.0895375847953
10.9534252719
0.124551496896
10.9699365134
0.157451864374
10.9802023012
0.186813971731
10.9852574393
0.211459544102
10.986086114
0.230849568577
10.9837651085
0.242494934646
10.9805242999
0.246621924467
10.9780718418
0.243026647507
10.9786662357
0.233379432801
10.9835626721
0.218771107636
10.9934306765
0.200284793669
11.0087045105
0.178643950495
11.0299385694
0.154257212821
11.0580656983
0.127517431135
11.0943634154
0.0990351439897
11.1395986883
0.0701042683552
11.1940854049
0.0413925278687
11.2588649379
0.0126350125325
11.3316634088
-0.0136767931563
11.4119993397
-0.0384722515865
11.5000337363
-0.0626454237112
11.5942247816
-0.0848150896512
11.6935694129
-0.104486359993
11.7965499489
-0.121188283968
11.9029026777
-0.135622344946
12.0125523132
-0.147481392235
12.1270193567
-0.153962290563
14.8263562652
0.000360630138673
14.8251038006
0.00105282419621
14.8235672523
0.00132918955266
14.8217310467
0.00162074607902
14.8195758015
0.00193123005072
14.8170814786
0.00226127803874
14.8142272401
0.0026116742445
14.8109913283
0.0029833237108
14.8073510274
0.00337717235833
14.803282664
0.00379416605379
14.7987616025
0.00423525483109
14.7937622283
0.0047014081892
14.7882579353
0.00519361053632
14.782221137
0.00571283747398
14.7756233018
0.00626003394545
14.768434944
0.006836161498
14.7606256515
0.00744213267834
14.7521642865
0.00807866203517
14.7430191344
0.00874634252227
14.7331580048
0.00944566604668
14.7225484493
0.010176908035
14.7111580354
0.0109400718131
14.6989546651
0.0117348415606
14.6859069118
0.0125605555616
14.6719842347
0.0134163139535
14.6571564696
0.0143016368024
14.6413917212
0.0152177724388
14.6246272761
0.0161971833949
14.6068092344
0.0172303842198
14.5879697019
0.0182309173393
14.5681458057
0.0191953570336
14.5473127938
0.0201849165655
14.5254144942
0.0212283969708
14.5023660871
0.0223489706682
14.4781086042
0.0235320097645
14.4526884178
0.0246809629003
14.426221471
0.0257100965416
14.3987904199
0.0266528496471
14.3703901974
0.027604242253
14.3409840704
0.0285916917814
14.3105844725
0.0295663889256
14.2792443764
0.0304889566817
14.2470289178
0.031347582672
14.2140116291
0.0321339514908
14.1802747762
0.0328393855433
14.1459099815
0.0334546117534
14.1110185417
0.0339700620488
14.0757114218
0.0343761849517
14.0401090002
0.0346636874145
14.004340659
0.0348236837334
13.9685443358
0.0348477333213
13.9328661621
0.0347277501837
13.8974603374
0.0344557681507
13.8624894201
0.034023521152
13.8281253025
0.0334217600016
13.7945513068
0.0326391291787
13.7619659747
0.0316604741235
13.7305893232
0.030464373555
13.7006726968
0.0290195449499
13.6725129966
0.0272804666987
13.646472343
0.0251819468407
13.6230045542
0.0226323076302
13.6026913067
0.0195037079073
13.5862877818
0.0156226577362
13.5747399174
0.0107984195468
13.5694075987
0.00461707212127
13.5719951629
-0.00326579508862
13.5847258998
-0.013369072144
13.610461412
-0.0263309767668
13.6527817082
-0.0428697774485
13.7160063787
-0.0637248596489
13.8050853645
-0.0895263039476
13.9253117301
-0.120616864131
14.0817530949
-0.156770599282
14.2783146822
-0.196824449071
14.5162504305
-0.238126242525
14.7928314289
-0.276691936916
15.0975788059
-0.304769960799
15.4203070323
-0.3226516419
-0.294913968241
14.819685081
0.00126194024545
14.8179177449
0.00261395985114
14.8158708871
0.00316206975475
14.8135279304
0.0037416214505
14.8108690063
0.00435957302895
14.8078730658
0.00501772567403
14.8045180008
0.00571791041974
14.800780736
0.00646198450427
14.7966371699
0.00725189357122
14.7920622636
0.00808949957816
14.7870301563
0.00897656766793
14.7815141003
0.0099149468894
14.7754864124
0.0109065459159
14.7689185104
0.0119532202945
14.7617811011
0.0130565920752
14.7540454355
0.0142176846228
14.7456822238
0.0154374055547
14.7366607323
0.0167173655238
14.7269498644
0.0180591347763
14.7165181955
0.0194635162731
14.7053342689
0.0209308155567
14.6933667234
0.0224609483091
14.6805844203
0.0240533868902
14.6669565961
0.0257071049859
14.6524530705
0.0274206257304
14.6370447455
0.0291923682744
14.6207065731
0.0310195431212
14.6034143609
0.0329340136742
14.5851376665
0.0349324573265
14.5658468046
0.0369275274545
14.5455176438
0.0389104636466
14.5241283704
0.0409401911855
14.5016694837
0.04303314075
14.4781728765
0.0451699745635
14.453690231
0.0473196292202
14.4282048505
0.0494556328285
14.4016330352
0.0515528836421
14.3739360017
0.0536007101691
14.3451713588
0.0556013088896
14.3154280735
0.0575498079099
14.2847641229
0.0594282884938
14.2532216869
0.0612132100739
14.2208542729
0.0628815946478
14.1877290547
0.0644115954371
14.1539258966
0.0657819628266
14.1195364165
0.0669717855009
14.0846632791
0.0679605638474
14.04941954
0.0687284720139
14.0139279053
0.0692566813616
13.9783198826
0.0695276184371
13.9427348589
0.0695250723745
13.9073192059
0.0692340778337
13.872225561
0.0686405013279
13.8376125091
0.0677302224306
13.8036449545
0.0664877561964
13.7704957577
0.064893867822
13.7383487263
0.0629225227377
13.707403567
0.0605364591834
13.6778849781
0.0576794525882
13.6500554007
0.0542682801122
13.6242330265
0.0501820328454
13.6008179809
0.0452471280073
13.5803277809
0.039218357117
13.5634479412
0.0317542566419
13.5511414713
0.0223866208762
13.5446060746
0.0104668699936
13.5455163406
-0.00482624428556
13.5560875607
-0.0245522435036
13.5792017506
-0.0500159694117
13.6185463179
-0.0827409393122
13.6787055474
-0.124363218273
13.7651135666
-0.176362458058
13.8837589439
-0.239635487796
14.0405720123
-0.313897642491
14.2404392351
-0.396941344739
14.4855792895
-0.483445783213
14.7741347778
-0.56534972154
15.0957783121
-0.626430171207
15.4413900914
-0.668184527505
-0.612478090986
14.8144606984
0.00254908493491
14.8123118527
0.00454402962915
14.8098698833
0.00537730694559
14.8071173056
0.00625924214322
14.8040338093
0.00719955242754
14.8005984057
0.00820070274299
14.7967893678
0.00926528043843
14.7925850187
0.0103953605278
14.7879635904
0.0115925152408
14.7829024423
0.0128593127415
14.777377222
0.0141996752552
14.7713616872
0.0156172334279
14.76482858
0.0171149020295
14.7577487583
0.0186964306095
14.7500861491
0.0203698653638
14.7418130514
0.0221284631886
14.732913997
0.0239606310348
14.7233587492
0.0258827104609
14.7131087905
0.0279052773065
14.7021315047
0.0300226181645
14.6903953815
0.0322339611071
14.677868881
0.0345392720132
14.6645203475
0.0369381525204
14.6503180751
0.039429636137
14.635230531
0.0420120835387
14.619227749
0.0446823848039
14.6022893843
0.0474286898514
14.5844287848
0.0502486550005
14.565640895
0.0531573538401
14.5458438099
0.0561441525061
14.5249699177
0.0591857516263
14.5030194659
0.0622741421387
14.4800175822
0.0654010628354
14.4559829047
0.0685531555172
14.4309201313
0.0717130938979
14.4048273788
0.0748617903441
14.3776983867
0.0779787267094
14.3495376536
0.0810422268133
14.3203738845
0.0840299718568
14.2902542657
0.0869187376194
14.2592334643
0.089683477506
14.2273702291
0.092296672745
14.1947300005
0.0947287328978
14.1613872487
0.0969488747516
14.1274265584
0.098925837023
14.092942868
0.100628462202
14.0580412233
0.102026251311
14.0228362209
0.103089935637
13.9874512124
0.103792038099
13.9520172895
0.104107350093
13.9166720854
0.104013221502
13.8815584659
0.10348955291
13.8468232617
0.102518340124
13.8126162521
0.101082602939
13.7790893375
0.0991648179918
13.7463976805
0.0967425639378
13.7147012373
0.0937850813917
13.6841665245
0.0902486094185
13.6549752326
0.0860618030561
13.6273343245
0.0811162136869
13.6014919653
0.0752497709608
13.5777625318
0.0682227154653
13.5565630158
0.0596872569506
13.5384641392
0.049148233557
13.5242596709
0.0359144288234
13.5150431682
0.0190375173847
13.512360577
-0.00275608052978
13.5183507094
-0.0311186756347
13.5359279677
-0.068130593124
13.5689802637
-0.116288714141
13.6225360882
-0.17836948285
13.7028187213
-0.257047072175
13.8170549766
-0.354221486439
13.9729205761
-0.470056495684
14.1774462681
-0.601698928847
14.4349618234
-0.741126194253
14.7451646122
-0.875643635531
15.0976872574
-0.97896228896
15.482754003
-1.05317004754
-0.970583070208
14.8294456626
0.00443577715473
14.8266914343
0.00705996140647
14.8236313795
0.00819084616029
14.8202480571
0.009387627814
14.8165216308
0.0106623551064
14.8124291664
0.012020560372
14.8079353018
0.0134770431062
14.8030056012
0.0150333287553
14.7976407302
0.016655589944
14.7918448571
0.0183429767815
14.7855825427
0.0201393892401
14.7788110845
0.0220552420326
14.7715012252
0.0240801159042
14.7636252567
0.0262162171737
14.7551550022
0.028472099011
14.7460616506
0.0308417752052
14.7363154246
0.0333143908359
14.725885899
0.0359068892639
14.7147424919
0.0386302160536
14.7028543322
0.0414788987825
14.6901904635
0.0444522578185
14.6767200673
0.0475501359437
14.6624127435
0.0507717359491
14.6472388859
0.0541153243918
14.6311702242
0.0575779577279
14.6141807079
0.0611543099722
14.5962488851
0.0648279386835
14.5773553087
0.0685939582863
14.5574763955
0.0724722621345
14.5365858503
0.0764555929014
14.5146620855
0.0805153158243
14.4916931424
0.0846335917886
14.4676759634
0.0887933316603
14.4426129686
0.0929759256038
14.4165101723
0.0971604846659
14.3893780851
0.101323541788
14.361232982
0.105438972191
14.3320983378
0.109477945603
14.3020066491
0.113409098429
14.2710007609
0.117198901831
14.2391340605
0.120811866244
14.2064699163
0.124210592506
14.1730813236
0.127355955505
14.1390509796
0.130207560629
14.1044714157
0.132724402997
14.0694449243
0.134865658338
14.0340831642
0.136591555703
13.9985064187
0.137864297815
13.9628425
0.138648973595
13.9272253107
0.138914378687
13.891793083
0.138633625363
13.8566863562
0.137784396979
13.8220457768
0.136348668627
13.7880100812
0.134311452114
13.7547143021
0.131659005438
13.7222905832
0.12837186774
13.6908594591
0.12443095508
13.6605411918
0.11979283865
13.631455897
0.114386373337
13.6037296251
0.108097223943
13.577508
0.10074378906
13.5529777193
0.0920452744758
13.5303989706
0.0815804363905
13.5101534445
0.0687326473028
13.492815121
0.0526184415424
13.4792531782
0.0319943440411
13.4707768929
0.00514673779592
13.4693394838
-0.0302205490298
13.4777817112
-0.0770752739515
13.5001698294
-0.13913966578
13.542158652
-0.220778530937
13.6112546726
-0.326517460347
13.7168757388
-0.460167465907
13.8699012324
-0.623353399586
14.0811387576
-0.813149726789
14.3582243028
-1.01836149389
14.7028397911
-1.22033905099
15.1039169793
-1.38004217582
15.5507384242
-1.49990857147
-1.39558071214
14.8554999616
0.0068505796461
14.8522285157
0.010069488309
14.8486430139
0.0115057203728
14.8447153201
0.0130357021472
14.8404236443
0.0146652085481
14.8357468202
0.0163991674245
14.830663007
0.0182531114185
14.8251493252
0.0202295969138
14.819181601
0.0222958328843
14.8127346004
0.0244520834855
14.8057822238
0.0267432795816
14.7982974554
0.0291806735682
14.7902525541
0.031754573856
14.7816201112
0.0344668239747
14.7723782218
0.0373210043455
14.7624953892
0.0403202921378
14.751926329
0.0434676086978
14.740639395
0.046766204119
14.7286106794
0.0502188432579
14.7158097415
0.0538271556978
14.7022047819
0.0575918048305
14.6877641341
0.0615125015708
14.672456721
0.065587868955
14.6562523796
0.0698152720168
14.6391221965
0.0741905251687
14.6210389078
0.0787066291106
14.6019782938
0.0833442020247
14.5819181306
0.088096411277
14.5608364265
0.0929827959086
14.538714665
0.0979927392261
14.5155395787
0.103092476407
14.4913024996
0.108259524335
14.466000166
0.113471401319
14.4396355029
0.118703363022
14.4122181906
0.123927822237
14.3837651644
0.129114117711
14.3543011382
0.134228412864
14.3238590879
0.139233680336
14.2924808119
0.14408979115
14.2602176623
0.148753719495
14.227131194
0.153179834481
14.1932935002
0.15732026875
14.1587872558
0.161125389906
14.1237055877
0.164544429088
14.0881517918
0.167526291112
14.0522388436
0.170020552895
14.0160886234
0.171978619823
13.9798307911
0.173354997976
13.9436012543
0.174108610625
13.9075402032
0.174204053182
13.8717896939
0.173612652213
13.836490817
0.172313135874
13.8017804907
0.170291727581
13.767787775
0.167541370644
13.7346300945
0.164060026916
13.7024063105
0.159846864228
13.6712047474
0.154893394542
13.6410882484
0.149181725676
13.6120969743
0.142663444009
13.58425241
0.135242935476
13.5575636198
0.126751060063
13.5320402397
0.11690648973
13.5077172037
0.105262718978
13.4846966229
0.0911359809718
13.4632174095
0.0735060504037
13.4437643717
0.0508836054813
13.4272372472
0.0211401620241
13.4152056657
-0.0186902626993
13.4102380634
-0.0725741245903
13.4163834308
-0.145714063055
13.4400682547
-0.244852189764
13.4909258601
-0.37772068153
13.5818867375
-0.551427385313
13.7278616129
-0.769576960187
13.9434045799
-1.02888668953
14.2398062328
-1.31489742682
14.6235484177
-1.60414991699
15.0863348524
-1.84282479456
15.6204175087
-2.03390706724
-1.91968588042
14.8999260706
0.00985138775656
14.8960107217
0.013696366624
14.8917494215
0.0154692153517
14.8871221662
0.0173556739627
14.8821078521
0.0193626034886
14.8766863587
0.0214939811356
14.8708480756
0.0237551092822
14.8645806481
0.0261509293552
14.857834344
0.0286860050508
14.8505540637
0.0313659179279
14.842722785
0.0341973823123
14.8343288719
0.0371866754529
14.825345497
0.0403392062528
14.8157426815
0.0436599719845
14.8054893595
0.0471536648133
14.7945527215
0.0508246624543
14.7828994634
0.0546768766788
14.7704968327
0.0587135123238
14.7573118391
0.0629370391891
14.7433115066
0.0673491057488
14.728462948
0.0719503099965
14.7127336419
0.0767400157291
14.6960917645
0.081716166558
14.6785065553
0.0868750818959
14.6599487115
0.0922111323789
14.6403908116
0.0977154338785
14.6198083601
0.103365902744
14.5981796706
0.109152961119
14.5754853512
0.115093479948
14.5517103258
0.121172574062
14.5268450271
0.127351214765
14.5008852874
0.133601521773
14.4738330033
0.139894973372
14.4456968968
0.146200033849
14.4164932534
0.152481591898
14.3862465895
0.158700799182
14.3549902487
0.164815038553
14.322766939
0.170777968804
14.2896292255
0.176539656959
14.255639988
0.182046816584
14.2208728103
0.187243167711
14.1854122334
0.192069943493
14.1493538117
0.196466558665
14.1128039376
0.20037146997
14.0758794044
0.203723246464
14.0387066679
0.206461869716
14.0014207484
0.208530248768
13.9641637042
0.209875920934
13.9270826025
0.210452869387
13.8903269151
0.210223354072
13.8540452791
0.209159603867
13.8183815837
0.207245161843
13.7834702499
0.204475783186
13.7494310816
0.200859090696
13.7163636337
0.196413352908
13.6843409285
0.191164325584
13.653399138
0.185140420976
13.6235360221
0.178362206109
13.59470127
0.170829379683
13.566791915
0.162499022535
13.5396516876
0.153255332305
13.5130742873
0.142867045299
13.486815102
0.130926000059
13.4606218907
0.116756093037
13.434294968
0.0992845819701
13.4077881304
0.076868709861
13.3813449994
0.0470902274101
13.3557555428
0.00643688348623
13.3329359183
-0.0501838639656
13.3168871878
-0.13005942066
13.314815445
-0.243136747944
13.3377491614
-0.400970160801
13.3997990526
-0.613749438314
13.5166614874
-0.886664489996
13.7062802206
-1.21867947141
13.9906047649
-1.59934034711
14.3954362061
-2.00903863376
14.92502187
-2.37240024401
15.5847980868
-2.69359826883
-2.59185616092
14.9566360106
0.0134032462134
14.952111986
0.0179052879103
14.9472139484
0.0200422125017
14.9419298894
0.0223047924554
14.9362384962
0.0247090697427
14.9301164575
0.0272610074585
14.9235392609
0.0299670903631
14.9164803419
0.0328340643555
14.9089112122
0.0358688100679
14.9008023456
0.039078087151
14.8921239517
0.0424684927742
14.8828460604
0.0460465987965
14.8729376684
0.0498188716255
14.8623666012
0.0537914944331
14.8510996026
0.0579702514983
14.8391025306
0.062360411355
14.8263405586
0.0669665930913
14.812778274
0.0717926120912
14.7983798891
0.0768413200761
14.7831095652
0.0821144279733
14.7669317074
0.0876123034194
14.7498112946
0.0933337510337
14.7317142598
0.0992757756803
14.7126079215
0.105433326718
14.6924614523
0.111798933876
14.6712463124
0.118361432291
14.6489368295
0.125096204897
14.6255108823
0.131990183066
14.6009508629
0.139055121977
14.5752446411
0.146270676836
14.5483860219
0.153592234313
14.5203753413
0.160985395216
14.4912202999
0.168414296791
14.4609367441
0.175839287041
14.4295494147
0.183216393287
14.3970926464
0.190497208506
14.3636109999
0.197628927084
14.3291598123
0.204554471763
14.2938056529
0.211212719782
14.2576266707
0.217538849769
14.2207128118
0.223464830385
14.1831658834
0.228920082027
14.1450994241
0.233832337413
14.1066383359
0.238128741574
14.0679182262
0.241737210697
14.0290844034
0.244588079888
13.990290454
0.246616034861
13.9516963215
0.247762312099
13.9134657867
0.247977112596
13.8757632423
0.247222140176
13.8387496441
0.245473114744
13.8025775224
0.242722058195
13.767384947
0.238979236973
13.7332883121
0.234273998422
13.7003744443
0.228654224171
13.668690224
0.222185658842
13.638233465
0.214945820219
13.6089393087
0.207017983041
13.5806663761
0.19847839837
13.5531840544
0.189373409643
13.5261571584
0.179691812926
13.4991302225
0.169322650216
13.4715216679
0.157983898389
13.4426359593
0.145113437936
13.411685703
0.129730417278
13.3778059057
0.11026972016
13.3401514171
0.0842933083129
13.2983383618
0.0478277273339
13.2534467134
-0.00568331710845
13.2091099995
-0.0860806557328
13.1711340351
-0.205483366388
13.1461118891
-0.376232793481
13.1440218859
-0.611903679732
13.1868397432
-0.92968295238
13.3139179321
-1.34591104122
13.5790621712
-1.86458655431
14.0347479646
-2.46477004221
14.6797950398
-3.01743072657
15.5131840666
-3.52690176176
-3.43742827463
15.0291473782
0.0176484675212
15.0239228187
0.0227903326957
15.0183077234
0.025307269559
15.0122794168
0.027972501335
15.0058140316
0.0308032494346
14.9988862854
0.0338068896213
14.9914694519
0.0369913550917
14.9835354634
0.040364742087
14.9750549776
0.0439352254425
14.9659972469
0.0477109850887
14.9563300161
0.0517001301747
14.9460196457
0.0559106238263
14.935031246
0.0603501927133
14.9233287472
0.0650262112413
14.9108749884
0.0699455677371
14.8976318454
0.0751145071273
14.8835604005
0.0805384568212
14.8686211535
0.0862218297778
14.8527742895
0.092167807499
14.8359800091
0.0983781007405
14.8181989169
0.104852688476
14.7993924702
0.111589539221
14.779523487
0.1185843136
14.7585567114
0.12583005149
14.7364594067
0.133316777597
14.7132018302
0.141030352517
14.6887573364
0.14894351469
14.663103947
0.157038588357
14.6362269767
0.165319191431
14.6081188918
0.173757815886
14.5787788942
0.182303578748
14.548214202
0.190914086811
14.516441062
0.199544468787
14.4834855822
0.208145236939
14.4493844844
0.216661832675
14.4141857661
0.225034602796
14.3779492337
0.23319896358
14.3407469791
0.241085585296
14.3026637268
0.248620746436
14.2637970228
0.25572683989
14.2242572679
0.262323016641
14.1841675824
0.268326016089
14.1436634691
0.273651227795
14.1028922365
0.278214031869
14.0620121319
0.281931447291
14.0211911154
0.284724138667
13.9806051884
0.286518792818
13.9404361706
0.287250870805
13.9008687886
0.286867709018
13.8620869328
0.285331889454
13.8242688992
0.282624766339
13.7875814107
0.278749974128
13.7521724924
0.273736513517
13.7181628973
0.267641038356
13.6856339065
0.260550933827
13.6546162864
0.252582487478
13.625074141
0.243879904527
13.5968870138
0.234611042136
13.5698205184
0.224966100175
13.5435076447
0.215124061809
13.5174168458
0.2052382745
13.4908228831
0.195391485709
13.4627919654
0.185510239617
13.4321453081
0.175277427898
13.3973448763
0.16407147265
13.3563943352
0.150785589792
13.3071511852
0.133127950941
13.2483306604
0.106267431471
13.1799532263
0.0623425924561
13.1013917732
-0.00783970362416
13.0092552559
-0.113634441572
12.902962249
-0.270192378356
12.806294096
-0.51545075517
12.7857773945
-0.909341405788
12.9320836608
-1.49234923447
13.3253375237
-2.2579254008
13.9957045269
-3.13517066677
14.8744393488
-3.89614252754
15.9045814064
-4.55695805504
-4.39770122287
15.114441519
0.0225182627766
15.1085624762
0.0283081493846
15.1022706887
0.0312268015355
15.0955405155
0.0343193839056
15.0883451443
0.0376042815527
15.080656394
0.0410902439449
15.0724445392
0.0447867617711
15.0636782171
0.0487035832819
15.0543243866
0.0528505751783
15.0443483083
0.0572376304537
15.0337135369
0.0618745788984
15.022381946
0.0667710801835
15.0103137888
0.0719364962599
14.9974677952
0.0773797397232
14.9838013079
0.0831091018274
14.9692704626
0.0891320502867
14.9538304203
0.0954550031814
14.9374356601
0.102083072258
14.9200403366
0.109019779953
14.9015987103
0.116266748104
14.8820656545
0.123823359954
14.8613972417
0.131686402012
14.8395514098
0.139849686766
14.8164887001
0.14830366782
14.7921730228
0.157035016381
14.7665722265
0.166025687504
14.7396577679
0.175245387054
14.7114072498
0.184670352949
14.6818088506
0.194292534283
14.6508600909
0.204075038956
14.6185665401
0.213959522215
14.5849438337
0.223893558891
14.5500189484
0.233820954737
14.5138310498
0.24368005542
14.4764323295
0.253403300066
14.4378887171
0.262917322221
14.3982800431
0.272143663058
14.3577004897
0.280998667967
14.3162587498
0.289394132137
14.2740779444
0.297238048813
14.2312953709
0.304435421805
14.1880620689
0.310889278145
14.1445421851
0.316501930747
14.1009121125
0.321176544429
14.0573593647
0.32481904849
14.0140811182
0.327340475784
13.9712823243
0.328659769191
13.9291732639
0.328707090543
13.8879663892
0.327427633953
13.8478722595
0.324785902685
13.8090943731
0.320770337841
13.7718226228
0.315398203989
13.7362244199
0.308721004641
13.7024338455
0.300828742897
13.6705396989
0.291854101527
13.6405663955
0.28197776447
13.6124754484
0.271406848369
13.586093185
0.260444402517
13.5611160039
0.249410558836
13.5370707018
0.23865390335
13.5132723343
0.228539524875
13.4887904366
0.219395691253
13.4623729462
0.211470545719
13.4322276994
0.204987086939
13.3958006872
0.200085593659
13.3500618823
0.196135321554
13.2923300617
0.190495672207
13.2200161871
0.178243388764
13.1274348448
0.154613483267
13.002169388
0.117144156468
12.8325581409
0.0557255949903
12.6371261858
-0.0749795274587
12.4991386755
-0.377648275222
12.5449436305
-0.955295031351
12.8927053246
-1.84022054568
13.5956161239
-2.96090355339
14.6025331218
-4.14210889295
15.7632334825
-5.0568133287
16.97536766
-5.76900647576
-5.39643909371
15.2128530042
0.0280485904164
15.2062916835
0.0344914101767
15.1993005102
0.0378284123053
15.1918513182
0.0413675392785
15.1839145089
0.0451286101629
15.1754583895
0.0491224741694
15.1664490869
0.0533608183105
15.1568505104
0.0578556246362
15.1466242802
0.0626190660135
15.1357296731
0.0676633961099
15.1241236102
0.0730008182252
15.1117606871
0.0786433353097
15.0985932507
0.084602576192
15.0845715313
0.0908895886793
15.0696438385
0.0975146025701
15.0537568339
0.10448675236
15.0368558861
0.111813767853
15.018885517
0.119501625638
14.999789948
0.12755416744
14.9795137496
0.135972684709
14.9580025976
0.144755473663
14.9352041355
0.15389737141
14.9110689367
0.163389278704
14.8855515482
0.173217693312
14.8586115493
0.183364270835
14.8302143195
0.193805214005
14.8003303366
0.204505826477
14.7689387508
0.215433731594
14.7360337165
0.226564536406
14.7016219876
0.237848677392
14.665720619
0.249218216654
14.6283595794
0.260607863417
14.589583201
0.271947078023
14.5494509286
0.283159113315
14.5080392105
0.294159425906
14.465438736
0.304860429756
14.4217569029
0.315166979127
14.3771176057
0.324978945113
14.3316606304
0.334192253517
14.2855411965
0.342699486532
14.2389293977
0.350390796364
14.1920094395
0.357155120954
14.1449787029
0.362881619881
14.0980466555
0.367461393797
14.0514335787
0.370789579366
14.0053690515
0.372767932905
13.9600900929
0.373307976732
13.9158388196
0.372334793387
13.8728594145
0.369791527171
13.831394147
0.365644609134
13.7916780782
0.359889700592
13.7539317137
0.352558630461
13.7183529131
0.343725554058
13.6851044179
0.333515595053
13.6542974824
0.322112921673
13.6259777606
0.309763813896
13.6000911886
0.296775097357
13.5764997655
0.283533746969
13.5548406672
0.270584703789
13.5345732386
0.258454368475
13.5149224544
0.247742183503
13.4947901308
0.239099559053
13.4724967178
0.233355990957
13.4454861854
0.231610948858
13.4105815522
0.2346256609
13.3649197974
0.241455430521
13.305439529
0.249658052882
13.2238637945
0.259525871596
13.1015972313
0.27661237166
12.9168562427
0.301644079088
12.6748522617
0.297516277417
12.4510424543
0.148646076608
12.3858000081
-0.312559386653
12.6228231443
-1.19243924067
13.2553092122
-2.47279299473
14.2609515745
-3.96659492867
15.5219503798
-5.40311607442
16.8720921895
-6.4069188761
18.2092412315
-7.10606995503
-6.37843680413
15.3239346664
0.0340618965977
15.3168756006
0.0411614739011
15.3093695273
0.0449336170313
15.3013835599
0.0489408254536
15.2928829598
0.0532047791027
15.2838304945
0.0577388296099
15.2741861251
0.0625574891167
15.2639068194
0.067675751915
15.2529464672
0.0731088887594
15.2412558446
0.078872287114
15.2287826069
0.0849812913009
15.2154713292
0.0914510050566
15.2012636148
0.0982960498377
15.1860982836
0.105530277337
15.1699116527
0.113166441423
15.15263792
0.12121581619
15.1342096669
0.129687769096
15.1145584894
0.138589282598
15.0936157693
0.147924433223
15.0713135913
0.15769382997
15.0475858084
0.167894020382
15.0223692537
0.178516881278
14.9956050847
0.189549008018
14.9672402288
0.200971146662
14.9372288301
0.212757754564
14.9055332886
0.224876841621
14.8721232446
0.237287278723
14.8369802946
0.249944787874
14.8001063107
0.262803133443
14.7615199497
0.275795867895
14.7212534453
0.288842298701
14.6793562715
0.30185995945
14.6358963695
0.314759862162
14.5909466268
0.327460332865
14.5446391155
0.339817662407
14.4970861407
0.351764051105
14.4484331584
0.363171221251
14.398843162
0.373921525458
14.3484964979
0.383893554124
14.2975899034
0.392963516701
14.246335168
0.401006530182
14.1949577871
0.407897842895
14.1436956421
0.413514243696
14.0927976812
0.417735781099
14.0425225882
0.42044786847
13.9931374033
0.421543917392
13.9449159836
0.420928641779
13.8981371194
0.41852219806
13.8530820206
0.414265314308
13.8100308817
0.40812543777
13.7692579989
0.400104124948
13.7310258888
0.390244977542
13.6955753967
0.378643810922
13.6631140162
0.365459085501
13.6338010741
0.35092311609
13.6077314665
0.335346589952
13.5848880604
0.319148333515
13.5651032731
0.302865740629
13.5480690602
0.28718418022
13.5332682216
0.27283917338
13.5199402993
0.260673385028
13.5068028147
0.251860212112
13.4916770239
0.24812538486
13.4717703966
0.251182134775
13.4448479806
0.261234094982
13.4088484346
0.277162952523
13.3562385493
0.301998379551
13.2659257736
0.349592088815
13.1062523012
0.436062870103
12.8662114791
0.54148617332
12.6024223215
0.561131724564
12.4335332624
0.317387363204
12.5164577249
-0.395604565475
12.9763755042
-1.65244930585
13.8436688649
-3.34014850907
15.0404181236
-5.16337409143
16.4282766856
-6.79096964778
17.8345936227
-7.81319263492
19.1436227628
-8.41501386487
-7.21839443811
15.4428728196
0.0404292337026
15.43548609
0.0481548152527
15.4276707117
0.0523435027853
15.4193890528
0.056804960018
15.4106005593
0.0615638035641
15.4012602459
0.0666378278222
15.3913185627
0.0720461303766
15.3807213309
0.0778083559277
15.3694095563
0.0839446132911
15.3573192787
0.0904752780907
15.3443815377
0.0974207179215
15.3305224565
0.104800975998
15.3156634484
0.11263540679
15.2997215666
0.120942245178
15.2826100224
0.12973811029
15.2642388934
0.139037433355
15.2445160374
0.148851824493
15.2233482267
0.159189374775
15.200642509
0.170053908135
15.1763077956
0.181444192136
15.1502566683
0.193353125937
15.1224073838
0.205766932463
15.092686049
0.218664377341
15.0610289178
0.232016078574
15.0273846908
0.245784066252
14.9917163186
0.259922175603
14.9539998626
0.274377067554
14.9142282485
0.289087646221
14.8724210987
0.303979214709
14.8286218107
0.318961430719
14.7828931581
0.333935151986
14.7353207288
0.348795181329
14.6860135531
0.363429110079
14.6351180856
0.377717859026
14.5827637586
0.39153475971
14.5291402411
0.404751793709
14.474443109
0.417234792758
14.4188872694
0.428846794737
14.3627044193
0.439449614462
14.3061410836
0.448904647891
14.2494569209
0.457073890363
14.1929230137
0.463821177735
14.136820242
0.46901351045
14.0814378838
0.472522546522
14.0270724766
0.474226444301
13.9740268992
0.474012276719
13.9226095773
0.471779209009
13.8731336341
0.467442695611
13.8259157472
0.460939901265
13.7812742832
0.452236570528
13.739526399
0.44133545142
13.7009820571
0.428287316452
13.6659360417
0.41320313019
13.6346567411
0.396267714784
13.6073745478
0.377751341096
13.5842492862
0.35803521995
13.5653306266
0.337648282929
13.5505192895
0.317276821313
13.5396256375
0.297696506568
13.5323033442
0.27979949292
13.5277752251
0.26485924783
13.5244070431
0.254906167541
13.5199362723
0.252294222653
13.5129253186
0.257911670888
13.5032402405
0.270658461339
13.4867806559
0.293382701622
13.4457357051
0.342824537503
13.3464800376
0.448650187621
13.1624813455
0.619885435703
12.9183603075
0.785452808476
12.6992547576
0.780104970417
12.6281396735
0.388392746747
12.8762841523
-0.64383546485
13.5223811943
-2.29860858896
14.5455558856
-4.36336007909
15.8391893105
-6.45701749263
17.2342063295
-8.18596775197
18.5613878938
-9.1403238485
19.6657795658
-9.51932074196
-7.76855830854
15.5746210292
0.0465758656177
15.5674852
0.0548995911302
15.5599306212
0.059494823373
15.5519088783
0.0644113243884
15.5433671885
0.0696780975641
15.5342476076
0.0753181132183
15.5244862578
0.0813564252523
15.5140127838
0.0878191796632
15.502750145
0.0947331955535
15.4906145664
0.102125607503
15.4775155508
0.110023530708
15.4633559979
0.118453637031
15.4480324967
0.127441617074
15.4314358308
0.137011536788
15.4134517248
0.147185100304
15.3939618654
0.157980802306
15.3728452293
0.169412988671
15.3499797385
0.181490830726
15.3252442586
0.194217234228
15.2985209284
0.207587718701
15.2696977885
0.22158930623
15.2386716753
0.236199448388
15.2053513225
0.251385037269
15.1696605907
0.267101587323
15.131541818
0.283292675987
15.090960569
0.299889001722
15.0479191661
0.316801408169
15.0024272994
0.333961412257
14.9545129629
0.351274126781
14.9042527843
0.36860049843
14.8517527971
0.385812986886
14.7971488468
0.40277667965
14.7406086895
0.419347277783
14.6823297887
0.435376012346
14.6225329324
0.450712906744
14.5614648203
0.465204047043
14.4993925017
0.478694929916
14.436599874
0.491031759006
14.3733846056
0.502062590382
14.3100549359
0.511638260064
14.2469267869
0.51961308936
14.1843214657
0.52584553619
14.1225640235
0.530198860418
14.061982316
0.532541917303
14.0029068174
0.532750243804
13.9456711716
0.530707736773
13.8906133319
0.526309240788
13.8380770239
0.519464421979
13.788413144
0.510103252093
13.7419803716
0.498183664587
13.6991437019
0.483702056989
13.6602716817
0.466705609194
13.6257309899
0.447307104923
13.5958773356
0.425702281614
13.571035613
0.402192163507
13.5514652258
0.377223384911
13.5373005883
0.351449794987
13.5286556236
0.325578100332
13.5255648288
0.300463320882
13.527760385
0.277299848211
13.5341938013
0.258141745192
13.5431059322
0.245729989527
13.5535605393
0.241595577695
13.566987082
0.244261011588
13.5840131432
0.25342806988
13.594729235
0.282481898284
13.5712780029
0.366110493045
13.4787739261
0.541008242703
13.311126067
0.787406373841
13.124930908
0.971540043578
12.9921792399
0.912767687176
13.0487069288
0.331795164857
13.4434440033
-1.03862314112
14.2184642417
-3.0736597163
15.310300126
-5.4552064801
16.5780849051
-7.72479146233
17.8225411507
-9.43039054877
18.9109293711
-10.2286542424
19.6306767552
-10.2389838728
-7.83127681357
15.7020836302
0.0518190681739
15.6960139378
0.0605869060925
15.6896624596
0.0654517570735
15.6829699809
0.0706971833187
15.675869569
0.0763599265447
15.6682829681
0.0824742973563
15.6601203852
0.0890769116315
15.6512805082
0.0962054605217
15.6416500681
0.10389874694
15.6311034707
0.112196257971
15.6195028092
0.12113744895
15.6066982928
0.130760903387
15.592529091
0.141103380019
15.5768246301
0.152198715624
15.559406381
0.164076598337
15.5400901913
0.176761174292
15.5186891697
0.190269556144
15.4950170853
0.204610283119
15.4688924251
0.219781570885
15.4401429639
0.235769678983
15.4086105887
0.25254754486
15.3741563812
0.270073453273
15.3366658025
0.288289944834
15.296053672
0.307123205028
15.2522698725
0.326481799232
15.2053140873
0.346246945634
15.1552280551
0.366288119922
15.1020739598
0.38651582292
15.0459544706
0.406793220991
14.9870279477
0.42692583002
14.9254969986
0.446742677712
14.8616023391
0.466070824134
14.7955886915
0.484761982442
14.7278089545
0.502559223437
14.6585589882
0.519369624377
14.5881807289
0.534993210773
14.5170299613
0.549261644575
14.4454717396
0.562011873024
14.37387621
0.573086870864
14.302615117
0.582335885217
14.2320586986
0.589614750203
14.1625732108
0.594785909116
14.0945195396
0.597717991949
14.0282531023
0.598285318179
13.9641250277
0.59636770397
13.9024845205
0.591850955665
13.843682345
0.58462833679
13.7880753098
0.574603441335
13.7360311554
0.561695273112
13.687933215
0.545846129617
13.6441842061
0.52703297099
13.6052084702
0.505281293086
13.5714529537
0.480681204588
13.5433806696
0.453412299441
13.5214338629
0.423796284284
13.505979039
0.392355441778
13.4973751564
0.359751071001
13.4960036647
0.326667287241
13.502063237
0.294141784612
13.5151466889
0.263974710964
13.5339675511
0.239099315218
13.557571121
0.221924715984
13.587624087
0.211360433441
13.628125199
0.203596835067
13.6781259471
0.20328289861
13.7226240204
0.237857527331
13.7290689778
0.359556821954
13.6715532891
0.598432255122
13.5651335138
0.893750980925
13.4759358974
1.06067851144
13.4637679936
0.924892040083
13.6720435431
0.123491333463
14.1860884342
-1.55268125077
15.0015404432
-3.88910993117
16.0178915617
-6.4715406506
17.0870320365
-8.79389946333
18.0100411275
-10.3533510003
18.6224103744
-10.840957787
18.9074648091
-10.5239547921
-7.39279915078
15.8455573042
0.0545274939728
15.8421588596
0.0636170766355
15.8385649809
0.0686653625972
15.8346867854
0.0741832045445
15.8304236315
0.0802191218339
15.8256632464
0.0868190769412
15.8202802292
0.0940328405903
15.814134389
0.101912922703
15.8070695979
0.110514091937
15.7989135193
0.119892073962
15.7894776755
0.130102495051
15.7785576282
0.141199929639
15.7659334717
0.153236633885
15.7513709361
0.166260839552
15.7346234713
0.180314545075
15.7154355799
0.195430874156
15.6935466486
0.211632085355
15.6686971646
0.228925646652
15.640636344
0.247301074286
15.60912899
0.266729069273
15.5739631302
0.287159372953
15.5349586318
0.308518458953
15.4919755898
0.330708668776
15.4449225703
0.3536077693
15.3937709906
0.377061794651
15.3385501757
0.400894557788
15.2793217788
0.424942900238
15.2162290201
0.449034715168
15.14950007
0.472947970055
15.0794068151
0.496445026299
15.0062775339
0.519298849976
14.9304899959
0.541287055901
14.852470505
0.562212844008
14.7726665577
0.581798112057
14.6915562527
0.599919353458
14.6096266707
0.61636762922
14.5273618144
0.630977694447
14.4452338522
0.643598344977
14.3636982532
0.65408926608
14.2831905932
0.662319607012
14.2041248041
0.668166851563
14.1268926627
0.671515599307
14.0518644857
0.672255937054
13.9793915888
0.670281176267
13.9098110203
0.665485384591
13.8434525924
0.657761581484
13.7806479236
0.647001192222
13.7217410872
0.633095315442
13.6670996792
0.615939380715
13.6171249073
0.595442013273
13.5722619543
0.571536125199
13.5330103029
0.544192830367
13.4999267242
0.513444855397
13.4736015646
0.47943811637
13.4546299849
0.442489394059
13.4436340134
0.403093985375
13.4412979228
0.36185082114
13.448207752
0.31954212405
13.4647150788
0.277439921829
13.4900839192
0.238431799155
13.5230696838
0.20595949074
13.5641569821
0.180702804421
13.6174782848
0.157923298679
13.6883636395
0.132613677222
13.7743868116
0.117179130012
13.8575929595
0.154587115508
13.9110224889
0.306078456158
13.9188726028
0.590547817317
13.9073462594
0.905256610594
13.9253532764
1.04266352344
14.054827243
0.795422034864
14.4072140914
-0.228880352578
14.9895418261
-2.1349832529
15.7277458987
-4.62727820887
16.4931429282
-7.23689218477
17.1896798482
-9.49038137834
17.6704981848
-10.8341048117
17.8428177489
-11.0132030676
17.6532323248
-10.3342850819
-6.42341623331
15.9522429023
0.0522167186699
15.9544159585
0.0610938999807
15.9568932351
0.0658262482669
15.9595657989
0.0711371941631
15.962302795
0.0770971931387
15.9649326185
0.0837929826934
15.9672480157
0.0913100119369
15.9690070149
0.0997355395372
15.9699332686
0.109158741764
15.9697148619
0.119670943757
15.9680050077
0.131362676398
15.9644246203
0.144320844945
15.9585683127
0.158624039505
15.9500104104
0.174340811525
15.938312068
0.191526362192
15.9230418669
0.210206419629
15.9037600348
0.230411626981
15.8800352641
0.25214101712
15.8514791827
0.27534119957
15.8177444662
0.29994185499
15.7785368839
0.325839656688
15.7336359122
0.352887398061
15.6829100829
0.380898415847
15.6263330455
0.409645685553
15.5639858317
0.438868388617
15.4960362004
0.468303308801
15.4227598873
0.497678248463
15.3445690612
0.526684417489
15.2619707031
0.555005532817
15.1755312566
0.582344820153
15.085867452
0.608425006366
14.9935903241
0.63302942774
14.8994508079
0.655821407466
14.8040189522
0.676703752793
14.7079549528
0.695462831177
14.6118656431
0.711943086579
14.5163318869
0.726005262249
14.4219056538
0.737527064372
14.3291034143
0.74640369108
14.2383989477
0.752546993062
14.1502183593
0.755882133983
14.0649397622
0.75634170613
13.9828980212
0.753859038761
13.904392845
0.748362586046
13.8296986939
0.739771641256
13.7590768544
0.727992365761
13.6927905538
0.712914200093
13.6311225444
0.694408662126
13.5743938856
0.672332805876
13.5229855453
0.646535265836
13.4773612982
0.616866052044
13.4380854354
0.583195654045
13.4058206913
0.545458234017
13.3813049029
0.503724474896
13.3653302139
0.458256709561
13.3588285791
0.409410276448
13.3630180288
0.357497878152
13.378883479
0.303534698031
13.4064923716
0.249710084822
13.4448099407
0.200013683114
13.4929288802
0.157759628204
13.5527043659
0.120865118036
13.6297815484
0.0808016228228
13.7292447913
0.0331225377256
13.8478431319
-0.00143169664219
13.9703590811
0.0320728504136
14.0821186182
0.194333501327
14.1788019356
0.493890699489
14.2727987054
0.81129639018
14.3985529902
0.916954903813
14.6560659654
0.537962658958
15.0920747701
-0.664828737663
15.6468178743
-2.68966015006
16.1962861864
-5.17667546777
16.6080596152
-7.64859055525
16.8176504345
-9.69989386591
16.7817244142
-10.798097789
16.5032640662
-10.7346594618
15.7874631169
-9.61839887056
-5.0682905631
16.0991009516
0.0399637973448
16.1115396129
0.0483256177094
16.1243875667
0.0526373290964
16.1373841058
0.0577884774872
16.1502495442
0.0638685048607
16.1627226397
0.0709457354429
16.1745866201
0.0790611806889
16.1855831127
0.0883437338186
16.195401929
0.0989344210968
16.2036962197
0.110961263044
16.210074088
0.124559872441
16.2140905844
0.139870241129
16.2152353654
0.157036387075
16.2129150168
0.176209964846
16.2065077932
0.197474539308
16.1952620901
0.220985728243
16.1784055031
0.246795005128
16.1552773528
0.274789706306
16.1252588907
0.304874538067
16.0877837082
0.336926868601
16.0424036459
0.370725149173
15.9888401472
0.405952617103
15.9269594897
0.442278033676
15.8567917451
0.479311112032
15.7785586397
0.516599161621
15.6926763121
0.55368347384
15.5997571287
0.590095331857
15.5005549495
0.625385027434
15.3959194003
0.659140862812
15.2867869356
0.690979286258
15.1741710481
0.720546011396
15.0591840477
0.747525581373
14.9428542275
0.771665360726
14.8262919321
0.792786130477
14.7104979302
0.810783858661
14.5963402633
0.825635740554
14.4845188486
0.837370666191
14.3755786548
0.846021311361
14.2699551002
0.851592441521
14.1680181008
0.85406142328
14.0700908385
0.853400161824
13.9764456781
0.84959206733
13.8872997241
0.842625720997
13.802823429
0.832476211091
13.7231576721
0.819092373701
13.6484331441
0.802390515651
13.5787913531
0.782249201128
13.5144077318
0.758505949658
13.4555175043
0.730957932625
13.4024500838
0.69935948815
13.3556697896
0.663425596512
13.3157994957
0.622868054157
13.2836258485
0.577457098324
13.2601062261
0.527092516921
13.2464684372
0.471766038607
13.2443474338
0.411425679102
13.255432193
0.346329933336
13.2812401806
0.277665314127
13.3217089691
0.20920088543
13.3754452761
0.146256978193
13.4416563441
0.0915470461751
13.5224866744
0.0400508881546
13.6229380313
-0.0196174092719
13.7462667829
-0.0901591533041
13.890218335
-0.145323015583
14.0480343467
-0.125671368231
14.2130219395
0.0294276240406
14.3842717919
0.322730847034
14.563607812
0.632057036492
14.7856935175
0.69497095226
15.1259040558
0.197857435199
15.5616795039
-1.10049677653
15.9970300761
-3.12490262022
16.2776657692
-5.4572037063
16.2762349477
-7.6470542143
15.9786650224
-9.40222160559
15.463662097
-10.2829969417
14.6935059205
-9.96441101559
13.446397657
-8.3712055497
-3.40169717107
16.0889610825
0.00927101106972
16.1212939463
0.0156841989466
16.1553626607
0.0182491559183
16.1908515771
0.0219693820687
16.2273902048
0.0269891603071
16.2645229022
0.0334620030826
16.3017175063
0.041505479205
16.3383394844
0.051350888365
16.3736630669
0.063230530143
16.4068842578
0.0773506872505
16.4371512497
0.0938948181823
16.4635362839
0.113078899584
16.4850636586
0.135094923811
16.5007422898
0.160109957818
16.5094149336
0.18837375447
16.5100039238
0.219962380344
16.5015092333
0.254849695297
16.4829021572
0.292951738065
16.453257247
0.334069986555
16.4118602635
0.37787064837
16.358300467
0.423828881122
16.2923409394
0.471454143323
16.2140054579
0.520154526131
16.1236044051
0.569253321723
16.0217441425
0.618001155265
15.9093550948
0.665614734805
15.7876735655
0.711319995449
15.6582170392
0.75438640556
15.522713676
0.794191647073
15.3829475739
0.830296256554
15.2406402734
0.862408532
15.0973797689
0.8903465907
14.9545709395
0.91404094307
14.8134220875
0.933508977598
14.6749978913
0.948790318268
14.5402640845
0.95996113622
14.4101041514
0.967132601126
14.2852843855
0.970454606902
14.1663802335
0.97012278962
14.0537277879
0.966353888565
13.9474435114
0.959339449071
13.8474916761
0.949215073152
13.7537489227
0.93605696297
13.6660441048
0.919887969791
13.5841858098
0.900677155092
13.5079924916
0.878330901051
13.4373264545
0.852683842704
13.3721300062
0.823493396802
13.3124675053
0.79043456322
13.2585773562
0.753087494248
13.2109068611
0.710958113324
13.1701666974
0.66349466685
13.1373369256
0.610197819743
13.1136906183
0.550674147396
13.1010815809
0.484334436593
13.1019263202
0.410563788855
13.1189345225
0.329327306065
13.1538555291
0.242771636745
13.2069225945
0.156181731556
13.2772042007
0.0760425077073
13.3642863222
0.00454975834141
13.4694085223
-0.0649704525554
13.5940918836
-0.144185678228
13.7382058197
-0.234145649683
13.8999279234
-0.306907282256
14.076735088
-0.302332283838
14.2652933741
-0.158977995482
14.467663819
0.120517507947
14.6987113624
0.401169095562
14.985768742
0.40807377923
15.3509192342
-0.16713408034
15.7199704072
-1.46939197839
15.9237749768
-3.32855594984
15.8538271838
-5.38711109717
15.4947549048
-7.28784523178
14.8150197349
-8.72235957117
13.8671390566
-9.33500106101
12.628570408
-8.72574084053
10.9679278515
-6.71047772856
-1.5054278947
15.5912589562
-0.0389844890213
15.6429239367
-0.0362692239315
15.6977170336
-0.0368427740542
15.755575875
-0.036198393903
15.8164460458
-0.0341997689035
15.8802732159
-0.0306934276328
15.9470729996
-0.0256317070002
16.0152165202
-0.0171387791693
16.0840323736
-0.00593978196517
16.1530151875
0.00800556727463
16.2211316712
0.0254086744597
16.2869631509
0.0468709245064
16.3488236534
0.0728516313514
16.4047734856
0.10377160042
16.4528585993
0.139894955719
16.4908866555
0.181536066784
16.5165445461
0.228789572975
16.5276039951
0.281486716322
16.5222661951
0.338999737386
16.4991387982
0.400588380402
16.4571346421
0.465422584366
16.3958165234
0.53236183738
16.3154906542
0.600070421818
16.2172366909
0.667098155076
16.1028083972
0.732021538381
15.9744538755
0.793563001994
15.8345272926
0.850842714909
15.6850332383
0.90347977917
15.5276841485
0.951144062624
15.3645433137
0.993045280556
15.1980029518
1.02856283996
15.030559419
1.05741075956
14.8646517159
1.07957694647
14.7026698377
1.09512783781
14.5465813057
1.10452557435
14.3978316959
1.10836831538
14.2573228599
1.10731099534
14.1254408979
1.10201929641
14.0021878442
1.09307295242
13.8873567728
1.08089768698
13.7806760447
1.06574977222
13.681843034
1.04779579814
13.5904730382
1.02719402845
13.5060755146
1.00407312082
13.4280874363
0.978474564867
13.3559267648
0.950323672355
13.2890571049
0.919409324119
13.2270737024
0.8853571581
13.1697887206
0.847625093169
13.1172635542
0.80554386635
13.0699001122
0.758278684121
13.0284340641
0.70494381473
12.9940170381
0.644623734063
12.9685683982
0.57615704185
12.9548596824
0.498102105327
12.9565029255
0.40900328286
12.9770589295
0.308876666886
13.0190577642
0.200899406051
13.083796838
0.091588895433
13.1721936505
-0.0121902345024
13.2852218566
-0.10829851665
13.4227508238
-0.202305739567
13.5805846381
-0.301814284061
13.7486892623
-0.402035832425
13.9142775811
-0.47227426348
14.0708096601
-0.458638475483
14.2237267146
-0.311666940208
14.3950804901
-0.0506082202026
14.6190274435
0.177447902211
14.9128682718
0.11445426852
15.2310441076
-0.485095126826
15.4503180971
-1.68845973234
15.4370556861
-3.31509784409
15.114905801
-5.06477804094
14.4645934318
-6.63736424272
13.4846424822
-7.74225669548
12.1845120641
-8.03473776276
10.598839182
-7.13995683369
8.67276906961
-4.78432176763
0.475515039475
12.2104854427
-0.122657504633
12.2995135434
-0.12551384189
12.392752988
-0.130306808931
12.4903523689
-0.134030012003
12.592379482
-0.136466369781
12.6987617504
-0.137321996609
12.8091503258
-0.136272926145
12.9246633774
-0.13291032139
13.0453944758
-0.126934700926
13.171114128
-0.117982704052
13.3018502617
-0.105600337079
13.437682309
-0.089237716706
13.5792258424
-0.0689716716486
13.7243672192
-0.0416521877811
13.8720433223
-0.00806567560096
14.0202391234
0.0330541408351
14.1663350565
0.0824064653743
14.3061975872
0.141336702284
14.4352954512
0.209615055829
14.5479548102
0.287643417856
14.6408591303
0.372233921149
14.7103781437
0.462559924131
14.7536189275
0.556548372282
14.7689653921
0.651472308657
14.7563707762
0.744339134303
14.7177274775
0.831932161412
14.6573608263
0.910938646344
14.5818032676
0.978770600899
14.4969974431
1.03568772591
14.4051406791
1.08464508522
14.3077600146
1.12569241074
14.2076570402
1.15726920938
14.1033999361
1.1835968407
13.9965364965
1.20176217065
13.8888021163
1.21203978167
13.7820129283
1.21494713619
13.6780920006
1.21103227189
13.5786231259
1.20130018122
13.4846583142
1.18686241078
13.3968784092
1.16851587432
13.3156080597
1.14687305331
13.2408107626
1.12246169359
13.1721619292
1.09572813558
13.1091221156
1.06701587064
13.0509843565
1.03653386631
12.9969472
1.00430184394
12.9462271536
0.970090607798
12.8981986912
0.933367679729
12.8523873237
0.893439769206
12.8087760227
0.849179965892
12.7677243754
0.799376664721
12.7299817647
0.742754134226
12.6969705883
0.67772362479
12.6711180723
0.602118692636
12.6560804497
0.513268480993
12.6562852857
0.40894580219
12.6762434158
0.289083271592
12.7204765414
0.156846978266
12.7945260562
0.0177344489267
12.9056642082
-0.123120694091
13.0606810315
-0.263096897607
13.2587196103
-0.400117099192
13.4831033311
-0.52596405037
13.7004935672
-0.619187458479
13.87451724
-0.646056759299
13.9893649826
-0.573244544857
14.0644350589
-0.386496877665
14.1530439376
-0.138980468167
14.3132296389
0.0174934177116
14.5424004963
-0.114492622831
14.7613696355
-0.703849323656
14.8423413637
-1.76922726936
14.6630243294
-3.13558907839
14.1701665398
-4.57174271062
13.3458181948
-5.81285435657
12.1627087827
-6.55900370425
10.6353065023
-6.50721208185
8.87408876194
-5.37863848897
6.96594374883
-2.87610242396
2.16015814396
5.12873973752
0.0384428932037
5.12431823466
0.0494430720376
5.11659878547
0.0578053302337
5.10548178588
0.0632940663515
5.09081816555
0.0651946148548
5.07238455404
0.0626653741812
5.04989919955
0.0547219414444
5.02315365986
0.0402544933876
4.99154029143
0.0175744381037
4.95473264748
-0.0150602840141
4.91219858765
-0.0600668161821
4.86344491247
-0.120678669573
4.80805178013
-0.201139258244
4.74582187236
-0.307196154803
4.67714857446
-0.446740007733
4.60339024155
-0.630656182425
4.52870650462
-0.874122145449
4.45965439485
-1.19762845342
4.41967382533
-1.63075731917
-2.2104486077
4.44463173155
5.12853161462
0.0398868387538
5.12376754587
0.0541852778492
5.11557879604
0.0659752094384
5.10383654271
0.0750202785179
5.08835830633
0.0806594752415
5.0688859169
0.08212694118
5.04508182774
0.0785177157375
5.01656966867
0.0687608670043
4.98276851507
0.0513724268944
4.94309787117
0.0246099804305
4.89685940885
-0.0138257057322
4.84325555275
-0.0670688171629
4.7814564372
-0.139330390628
4.71069341481
-0.236419116754
4.63054904253
-0.366576733056
4.54129882758
-0.541381415818
4.44546123635
-0.778253411262
4.34859754048
-1.10072577655
4.26732229498
-1.54943240977
-2.17730488902
4.2342440694
5.12849942968
0.041365932263
5.12355537638
0.0591100615946
5.11507871663
0.0744351794333
5.10291311643
0.0871716309852
5.08684455217
0.0967160948289
5.06657632705
0.102385433437
5.04171646729
0.10337002266
5.01178820897
0.0986837824339
4.9761434429
0.0870141531625
4.93401965964
0.0667331884732
4.88450250453
0.0356935751042
4.82649263464
-0.00905381266391
4.75872212287
-0.0715513473439
4.67977861862
-0.157463199298
4.58828383102
-0.275065053286
4.48313845814
-0.436213937603
4.3645954753
-0.659682239617
4.23503215029
-0.971127575231
4.10430885352
-1.41867011237
-2.06667186391
3.99370604648
5.12845231525
0.0428951650161
5.12335276016
0.0641929878839
5.11462554787
0.0831479135741
5.10209764058
0.0996870974601
5.08552356227
0.113279655343
5.06456921274
0.123331116289
5.03879150294
0.12914089793
5.00762688192
0.129843437266
4.97033591691
0.124302112416
4.92600514837
0.111063065557
4.8735064007
0.088193773393
4.811425457
0.053031214579
4.73803979567
0.00184138991082
4.6512665259
-0.0706794105772
4.54867426327
-0.172458274784
4.42757218778
-0.315092684523
4.28542854969
-0.517514056636
4.12085870415
-0.806527750277
3.93507816738
-1.23285948681
-1.87507630628
3.74349009297
5.12839639726
0.0444833956887
5.12317137941
0.0694040593684
5.11424077134
0.0920662805518
5.10141901149
0.112498232866
5.08443393659
0.130255632684
5.06291602641
0.144841402905
5.0363736316
0.155677136368
5.00416949367
0.162042927582
4.96547407591
0.16299448057
4.91923604347
0.15729978784
4.86412325906
0.143307205351
4.79843166945
0.118725682084
4.7199870305
0.0802914590741
4.62600373549
0.0233122731041
4.51299700438
-0.059439699064
4.37656666114
-0.178646473386
4.21121671936
-0.352143735294
4.01080324282
-0.606089590761
3.76752052854
-0.989550325167
-1.58648666776
3.4789528665
5.12834242097
0.0461287313902
5.12302140198
0.0747138529326
5.11393858494
0.101139118916
5.10089664861
0.125531373304
5.08360184757
0.147542755354
5.06165336134
0.166783294071
5.03451682116
0.182808169466
5.00149305505
0.195062320822
4.96167087848
0.20281350394
4.91387562716
0.205093227566
4.85658967257
0.20059289802
4.78784364237
0.187473259305
4.70505714656
0.163081583748
4.60482218385
0.123553295524
4.48255317006
0.0628382412616
4.3321910051
-0.0282720438215
4.14533464364
-0.16527140492
3.91094716752
-0.371682398163
3.61212007293
-0.690699123566
-1.20180971463
3.22747428146
5.12829521866
0.0478244395486
5.1229075075
0.0800930932621
5.11372636444
0.110312569238
5.1005433148
0.138707468653
5.08304751217
0.165032301071
5.0608125468
0.189012683993
5.03326867071
0.21034716706
4.99966635861
0.228660501794
4.95902555789
0.243451003425
4.91007013038
0.254046274597
4.85112727467
0.259534490288
4.77999344093
0.258607211528
4.69373653648
0.249340191772
4.58840315517
0.2288902383
4.45851544292
0.192731758476
4.29645620997
0.13379563297
4.09115783435
0.0400384087742
3.82703644794
-0.107546114532
3.47939425453
-0.343036876268
-0.732543559762
3.01015441241
5.12825671568
0.0495618507154
5.12283311412
0.0855110024659
5.11360998174
0.11953031502
5.10036929669
0.151943052957
5.08278732403
0.182609441547
5.06041855083
0.211376895502
5.03266654948
0.238094902957
4.99874406487
0.262579071592
4.95761860663
0.284572984059
4.9079410473
0.303720837728
4.8479157616
0.319557440097
4.77515176827
0.331369825456
4.68645403447
0.338037601594
4.5774218131
0.337923375695
4.4418503042
0.328305788059
4.27090438895
0.304746002378
4.05157042892
0.259379115174
3.76432465594
0.179709324199
3.37831134327
0.0429904534932
-0.196677279963
2.84246343021
5.12822799115
0.0513312116365
5.12280092007
0.0909351818371
5.11359387701
0.128734294503
5.10038189711
0.165151796436
5.08283274882
0.20015518665
5.06048881406
0.233717279513
5.03273685989
0.265843193901
4.99876596161
0.296546251081
4.95750922448
0.325826052365
4.90757662281
0.353649858386
4.847088989
0.380041650755
4.77352901731
0.404926805806
4.6835352104
0.428028926504
4.57239729381
0.449059441954
4.43340417486
0.467298021403
4.25690473146
0.481245770466
4.02847202723
0.487813668829
3.72625872408
0.481926539372
3.3158299296
0.45342614392
0.386494016041
2.73266848385
5.12820977409
0.053122039087
5.12281268743
0.0963322018525
5.11368075045
0.137865504479
5.10058529079
0.178245893671
5.08319026413
0.217548244605
5.06103322983
0.255871774734
5.03349470542
0.293378652328
4.99975568232
0.330281733795
4.95873846495
0.366839322384
4.90902293768
0.403361126216
4.84871147257
0.440348566628
4.77526178445
0.47837181427
4.68520544707
0.518080558138
4.57368896254
0.560571268744
4.43378857894
0.60719403324
4.25543434557
0.659596089545
4.02347536383
0.719769422129
3.7147030113
0.79069667877
3.29340736298
0.874721047227
0.980313110681
2.69958925786
5.12820251355
0.0549233875385
5.12286926226
0.101668222592
5.11387157695
0.146864809346
5.10098061106
0.191137379618
5.08386136242
0.234666965738
5.06205394412
0.277677670176
5.03494338082
0.320486748812
5.00171788948
0.363503861618
4.96131030669
0.40724266633
4.91229940668
0.452367020399
4.85282870062
0.499813550634
4.78040393777
0.550790157838
4.69154709655
0.606930430513
4.58144989269
0.670661012661
4.44326880859
0.745367213546
4.26701110481
0.835845570534
4.03758091507
0.949191198195
3.73205761402
1.09621146686
3.31422786743
1.29254219338
1.57225523966
2.72227766119
5.12820653221
0.0567239803378
5.12297067263
0.106909689634
5.11416566196
0.155673792615
5.10156599106
0.203739460239
5.08484252473
0.251391353407
5.0635452277
0.298974468586
5.03707421774
0.346955899452
5.00463947953
0.395935427095
4.96520374192
0.446673947575
4.91739813082
0.500166962709
4.85943628734
0.55776855076
4.78891147203
0.621306843801
4.70249719713
0.693335431352
4.5956185135
0.777529382379
4.46177923153
0.879195035661
4.29156932852
1.00604291518
4.07074020444
1.17000670031
3.77796459297
1.38897227805
3.37817160644
1.69231875251
2.13595631551
2.81445337981
5.12822189351
0.0585124751687
5.1231160944
0.112023935069
5.11456062181
0.164235593955
5.1023365524
0.215967834885
5.08612522394
0.267605060584
5.06549350071
0.319606728488
5.03986674197
0.372581420018
5.00849129256
0.427307911492
4.97038296792
0.484777610987
4.92425596552
0.546287650013
4.86842939161
0.613587171542
4.80065582208
0.689070675057
4.71787852619
0.776101232209
4.61592102203
0.879473701528
4.4889068184
1.00619423008
4.32846560632
1.16646724355
4.12198405259
1.37646946938
3.85107571004
1.65985972526
3.48462104296
2.05874948478
2.6467373459
2.97381394111
5.12824825122
0.0602778685369
5.12330379182
0.116979675258
5.11505239778
0.172495672897
5.10328447726
0.227741961142
5.08769609865
0.283197285102
5.06787766681
0.339426746825
5.04328919623
0.397169292753
5.01322693991
0.457367434149
4.97677945093
0.521220255894
4.93276751273
0.590292647473
4.87965824103
0.666687370861
4.81542997113
0.753287626163
4.73738214034
0.854135441719
4.64188114964
0.974958708511
4.52391157303
1.12414529958
4.37652363172
1.31383402056
4.18944996246
1.5635192667
3.94839528535
1.90088774111
3.62884816241
2.37826599439
3.08092718828
3.19462371627
5.1282849
0.0620098541766
5.12353114632
0.121747534189
5.11563532935
0.180402527997
5.10439913297
0.238986268139
5.08953727277
0.298064469916
5.07066970958
0.358296964832
5.04729936728
0.420539702995
5.01878409338
0.485880237921
4.98430133453
0.555698023708
4.94279985609
0.631786601084
4.89293087282
0.716546227621
4.83294964855
0.813256005251
4.76058093743
0.926488467559
4.67284514305
1.06267581915
4.56577053519
1.23119799908
4.43409997356
1.44547921922
4.27045367978
1.72713665066
4.06538616627
2.10592307148
3.80329346554
2.64032304028
3.41794860713
3.46623154377
5.12833052401
0.0636994338432
5.12379480948
0.126300163057
5.116302329
0.18790839414
5.10566715455
0.249631462045
5.09162655921
0.312111882003
5.0738352176
0.37609205228
5.05184567196
0.442530014443
5.02508679092
0.512636953697
4.9928377373
0.58794198916
4.9541928301
0.670423462263
4.90801397251
0.762713989236
4.85286903516
0.868386656416
4.78695631949
0.992383529295
4.70801930743
1.14159157476
4.61324300614
1.32594913462
4.49918480614
1.55950799466
4.36174781541
1.86453971791
4.1961024342
2.27153050485
3.99891275303
2.83747348813
3.65828381399
3.75854412412
5.12838198313
0.0653407422006
5.12409063648
0.1306112129
5.11704519136
0.194969564538
5.10707297553
0.259615610349
5.09393801919
0.325255163202
5.07733382688
0.392701109179
5.05686771391
0.462997630638
5.03204670533
0.537456153397
5.00226099136
0.617722581857
4.96676272303
0.705913243762
4.92464107001
0.804823676069
4.87479655063
0.918215560701
4.81592460434
1.0512359845
4.74651744946
1.21097506289
4.66494494112
1.40749341375
4.56957932197
1.65484034602
4.45959182229
1.97448842421
4.33490156366
2.39617662073
4.20359597722
2.96873500906
3.79282876169
4.06903030068
5.12843222412
0.0669349606624
5.12441150853
0.134654396426
5.11785267027
0.201546458427
5.10859889129
0.268883240193
5.09644427232
0.337419634902
5.08112338587
0.408028013135
5.06230188473
0.481821421235
5.03956992063
0.560186728951
5.01243450689
0.644852921483
4.98031222008
0.738026702582
4.9425263643
0.842596816013
4.89831490722
0.962410215172
4.84686860253
1.10266112931
4.78741270507
1.27040508756
4.71944375765
1.47543131767
4.64304724792
1.73120005884
4.56020880814
2.0572836124
4.47548662705
2.48084869392
4.40243998545
3.04172757627
3.82915270887
4.36607250078
5.12847624681
0.0684882652998
5.12474809831
0.138407750391
5.11870673397
0.20760819837
5.11021872142
0.277387028925
5.09910928377
0.348540478018
5.08515393192
0.421990578871
5.06807805634
0.498900435611
5.04755713392
0.580706767398
5.02321690665
0.669188229567
4.99463927659
0.76659529836
4.9613796395
0.875843152642
4.92300435528
1.00076770831
4.87917527675
1.14646762009
4.82979826932
1.31975430972
4.775374656
1.52982143493
4.71747242049
1.78906243408
4.66025921856
2.11444975171
4.61226243727
2.52879008476
4.59065056122
3.06327331043
3.77691555027
4.64280820511
5.12839552517
0.0701254180456
5.12483212193
0.141998095773
5.1191953942
0.213265586465
5.11137282708
0.285224234373
5.10121738512
0.358704783422
5.08854455736
0.434666674578
5.07313829732
0.51430446637
5.05475700943
0.599080345902
5.03314100362
0.690790983124
5.00803084788
0.79168651596
4.97920170551
0.904647445928
4.94652432961
1.03341401485
4.91008525911
1.18286900147
4.87038199609
1.35941276598
4.82875470502
1.57139619485
4.78787387338
1.82988227654
4.75360430657
2.1486489256
4.73520399912
2.54710883117
4.75936083382
3.03901809291
4.89018561138
3.64597217008
4.12759433952
-2.61152489533
2.92859163668
3.81731272136
-2.62867913078
2.93897700137
3.50507991895
-2.64556625073
2.95781642783
3.18964974472
-2.66896398421
2.9844129387
2.87641941489
-2.69968495218
3.01293407684
2.56954474738
-2.73896966892
3.04586015853
2.24521525774
-2.80094671453
3.1252875548
1.86390576102
-2.86993795193
3.25125659865
1.2004260964
-2.89918854513
3.56267800523
-2.51198949197
3.71242628623
3.92281281033
-2.30007697962
3.60353634986
-2.30938593623
3.28339160285
-2.32541045711
2.95263168
-2.3382007072
2.61239096008
-2.35944527928
2.25358080655
-2.38015915511
1.85378985282
-2.40115174625
1.37344669668
-2.38958859362
0.728548025721
-2.25428247849
-1.7834330695
3.67878155767
-1.98515242641
3.35017828165
-1.98078736779
3.0186050817
-1.99384416107
2.67660675105
-1.99621061764
2.31933922743
-2.00218539615
1.94000309306
-2.00082599663
1.51945073895
-1.98059580742
1.05079326929
-1.92092392068
0.528733291623
-1.73221491643
-1.25469226192
3.41874630266
-1.66041558721
3.09077875637
-1.65283375978
2.75031161503
-1.65338726223
2.40392587886
-1.64982768342
2.04181299522
-1.64006966057
1.65948598398
-1.61849441647
1.25031537874
-1.57142022323
0.819483874567
-1.49008660553
0.372657492568
-1.28538218543
-0.882028163582
3.15161286717
-1.33306790995
2.82100872409
-1.32222475181
2.4824512822
-1.31482437706
2.1367323481
-1.30410335139
1.78078823929
-1.28412059039
1.41243460437
-1.2501366853
1.03532843156
-1.19431027733
0.646776173526
-1.10152995932
0.28998056936
-0.928581459772
-0.592041886565
2.90051506772
-1.00609584454
2.57084920093
-0.992546609827
2.23665749826
-0.980620489294
1.89716864919
-0.964603721392
1.55297338371
-0.939916235965
1.20552543288
-0.902681196266
0.859159956098
-0.847938870414
0.523909503043
-0.766274873006
0.229476881817
-0.634144517507
-0.362560053802
2.68686006022
-0.682792414802
2.36250885753
-0.668187426146
2.03627870749
-0.654382284663
1.70841657502
-0.636733107892
1.38067074966
-0.612161422891
1.05608068203
-0.578082089015
0.73970990536
-0.531559753329
0.440627265575
-0.467184963574
0.174590036589
-0.368101034297
-0.187964597829
2.52478437166
-0.36510740311
2.20736754629
-0.350765252125
1.89029878778
-0.337308047832
1.57453651251
-0.320965141984
1.26225758583
-0.299876789101
0.956815186172
-0.272634044856
0.662731574313
-0.237470229095
0.386938969568
-0.191386197361
0.146878390192
-0.128034759663
-0.041081464413
2.42101552759
-0.0534512541461
2.11021639784
-0.0399631444314
1.80119285778
-0.0282814464263
1.49511235549
-0.0148815220486
1.19362691386
0.00161173089426
0.900649665146
0.0203461674772
0.620425386638
0.0427567680776
0.358979138596
0.0700623812786
0.132680346744
0.0982660824706
0.0916011473774
2.38629756669
0.25984084268
2.07578433153
0.270550645337
1.76801352316
0.27948998163
1.4643636484
0.288769020416
1.16777453821
0.298201517808
0.880619878914
0.307501462688
0.606666996255
0.316710184112
0.351828963432
0.32490083069
0.130844954302
0.319250441718
0.222446562417
2.40888688477
0.573229178725
2.09756630473
0.581869313189
1.78886758517
0.588186872788
1.48410900599
0.593525872375
1.18560089174
0.596708019413
0.896358591771
0.596742261781
0.620425536922
0.592641850977
0.363861260565
0.581463846993
0.141416296019
0.541694301723
0.363861803731
2.49656644719
0.891110819398
2.17981083285
0.89862053969
1.86457478412
0.90341862161
1.55209198618
0.906004502596
1.24472802296
0.904068043775
0.945760374029
0.895706243933
0.659522807761
0.878876035108
0.392529456514
0.848454178606
0.158453691563
0.775767375352
0.522312823567
2.64863061317
1.21628596438
2.32318319462
1.2240610877
1.99729095338
1.22930405675
1.67175816917
1.23153048655
1.34906310487
1.2267565257
1.03262338934
1.21213974169
0.727291484458
1.18420181363
0.441165477058
1.13457406289
0.193055601936
1.02387158948
0.71536362628
2.86187959796
1.54901861374
2.52714381966
1.55878722517
2.18892824464
1.56751011339
1.84751290444
1.57293606542
1.50505250022
1.56920668198
1.16428669059
1.55289518907
0.830618802483
1.51786021186
0.508635646955
1.45654924085
0.219492408181
1.31300823947
0.934850406174
3.12870329548
1.88653139217
2.78991338594
1.89756292842
2.43818666913
1.91922257055
2.0830179714
1.92809176904
1.72038992827
1.93182347056
1.34916899031
1.92410662221
0.975020402455
1.89200112873
0.604973982262
1.8265895919
0.280491626487
1.63748529878
1.21533653727
3.42232446518
2.22274008709
3.06670316378
2.2531769404
2.7119838593
2.27393411832
2.34499822667
2.29506981615
1.96276036204
2.31405451394
1.56830544589
2.31855607733
1.15888714749
2.30141469478
0.755095885081
2.23037569507
0.359573582773
2.0330018098
1.57490388313
3.72637052665
2.56540290894
3.37678169258
2.60277687998
3.01969170465
2.63103221352
2.6474836489
2.66727927202
2.25965884695
2.70187544517
1.84937038403
2.72883906169
1.40492559819
2.74585366384
0.928846977691
2.70644776863
0.439917774236
2.52192404637
2.01481454877
4.02957154358
2.90190005034
3.6902706473
2.94207982051
3.33633328124
2.98497405519
2.97207079193
3.03154793018
2.59005283201
3.08389938862
2.1796420169
3.13925161846
1.72114946858
3.20434171786
1.19858428064
3.22900503888
0.613993712339
3.10650645132
2.62880026749
4.31564774496
3.22903994342
3.98373225711
3.27397620801
3.65055321366
3.31813972214
3.31315829313
3.36893723274
2.96665152099
3.4304052297
2.59974030622
3.50616090365
2.18357477911
3.62050203899
1.61237722523
3.80019549631
0.824634369318
3.8942412555
3.45342575561
4.56389014788
3.55529995234
4.23639269086
3.60145517716
3.91022710074
3.64428611958
3.59195997086
3.68718403184
3.27263863398
3.74970637628
2.9641885388
3.81459388252
2.66615051663
3.91852756927
2.22802559964
4.23831035078
1.20233255575
4.91992385549
4.65574715505
2.96183365309
-1.36814114779
2.99657063589
-1.53631089635
3.02609380416
-1.70674635147
3.05829630152
-1.87415197219
3.09089493072
-2.01060601891
3.11649863262
-2.07481795611
3.12900893011
-2.08700224943
3.12538541587
-2.05620354944
3.09939064479
-1.99213037833
3.0408385328
-1.88676710776
2.93476547453
-1.73843764986
2.77340490485
-1.55791941015
2.57013336772
-1.36287812978
2.33993238029
-1.17415850729
2.09524471263
-1.00677403303
1.84597086104
-0.866580365499
1.60346705273
-0.755072574587
1.36986432423
-0.661074596352
1.15057361581
-0.596990368083
-0.46686146923
0.915702605939
2.97853247927
-1.40768547676
3.01486876509
-1.57263315383
3.05675707251
-1.74861988054
3.10253830652
-1.91991755546
3.14283336531
-2.05088410931
3.17378355905
-2.10574941014
3.17998284957
-2.09318080179
3.1607629178
-2.03696352782
3.09005169034
-1.92139961531
2.9457628417
-1.74245684893
2.74161784734
-1.53426946164
2.49458169327
-1.31085855928
2.22146223145
-1.08973272909
1.93953241465
-0.892202066195
1.66646591078
-0.733682123141
1.41036549119
-0.610460691908
1.17448421451
-0.519181568663
0.965022440769
-0.451589635805
0.784362513756
-0.416294199262
-0.30404735141
0.621620049037
2.99946312437
-1.44932360802
3.04095290892
-1.61411244748
3.09624041463
-1.80389509963
3.16366405596
-1.98732727785
3.2218614927
-2.10906581533
3.24568479193
-2.12955489347
3.22496735042
-2.07244350813
3.12975987738
-1.94173698302
2.94038075981
-1.73200239177
2.68115079122
-1.48320748542
2.37315540228
-1.22625320829
2.04459696747
-0.982277878126
1.72235652246
-0.767468694514
1.43004223106
-0.599862868957
1.16730697139
-0.470921894924
0.936660695293
-0.379798398799
0.740448747242
-0.32295539045
0.579316730687
-0.290421858557
0.446991688148
-0.283928012609
-0.206820842355
0.349817826891
3.03264263753
-1.49754726145
3.08861381048
-1.67007672201
3.16985381686
-1.88512584347
3.26721687107
-2.08467877697
3.31564085877
-2.15747592442
3.29140114496
-2.1052988606
3.16508415864
-1.9461079808
2.91906413503
-1.69569893289
2.58807254825
-1.40099394911
2.2102096732
-1.10532710504
1.82550136458
-0.841526267715
1.46806266308
-0.624819374927
1.16026485737
-0.459649870685
0.900708024064
-0.340283582309
0.685857956942
-0.256048429445
0.509624031752
-0.203550061284
0.36877555244
-0.182087624
0.257094302238
-0.178696132153
0.167925453349
-0.194709324571
-0.158523156692
0.119672959217
3.06147707713
-1.54608783774
3.16371223254
-1.77230853543
3.2998510357
-2.02125853281
3.38285048086
-2.16766937982
3.35048939367
-2.12510331864
3.17589986849
-1.93069510192
2.85879012937
-1.6289815087
2.43896909227
-1.27586101005
1.98361302033
-0.945622250549
1.54756028047
-0.66925877034
1.16825996611
-0.462209514671
0.860822243214
-0.317364330907
0.622110084056
-0.220919485578
0.436721678387
-0.154876067594
0.288865050054
-0.108172478409
0.171818190145
-0.0864878086269
0.0809956068407
-0.0912398932334
0.0160716376794
-0.113725486418
-0.0327674675457
-0.145815511072
-0.136992049691
-0.0542523657353
3.14925789635
-1.64948736415
3.30857702305
-1.93162737633
3.4308218041
-2.14350001827
3.39255945382
-2.12940086883
3.15240997435
-1.88494490053
2.73083607636
-1.50910948216
2.20673754509
-1.10486865951
1.67758491248
-0.746693033633
1.20216142766
-0.470184302081
0.823880189725
-0.290963622213
0.544114160669
-0.182429133079
0.345514213115
-0.118749545325
0.202941730245
-0.0783316489152
0.0940285982799
-0.0459470504819
0.00787302158861
-0.0220018445122
-0.0605039594839
-0.0180936018175
-0.110914063593
-0.0408003903964
-0.142084536494
-0.0825111171333
-0.16761635546
-0.12023362749
-0.136403126137
-0.168166217546
3.31715607045
-1.84136004134
3.44750394756
-2.0619768968
3.40408780547
-2.10008272694
3.06942723018
-1.79473648342
2.51546429462
-1.33097552487
1.8790384986
-0.872674588874
1.27397007872
-0.499788616986
0.791594353185
-0.264304011038
0.456085890855
-0.134662662907
0.235731322948
-0.0705965484291
0.0944829950851
-0.0411683984427
0.000652932986536
-0.0249070614944
-0.0664437004066
-0.0112226015288
-0.117387962077
0.00501001421117
-0.157390852051
0.0180142357625
-0.190535533092
0.0150700367996
-0.218557599695
-0.0127484720586
-0.240265084117
-0.0607651490536
-0.25114964195
-0.109308489874
-0.139405772342
-0.248121206667
3.39489332876
-1.98500122884
3.3292567631
-1.99634281239
2.87224264814
-1.64306890714
2.15142871652
-1.07392059064
1.40233020282
-0.581872715221
0.766078051761
-0.236415714529
0.344721097961
-0.0784225226433
0.103453033094
-0.0230248723034
-0.0265152987462
-0.00468272213093
-0.0995772278542
0.00247648105165
-0.145222450125
0.00448736622374
-0.176362466296
0.00624319713599
-0.197939090541
0.0103641863548
-0.211397976107
0.0184794703188
-0.218512916813
0.0251422588266
-0.226057818165
0.0226344742082
-0.241993404444
0.00321392692428
-0.26826766538
-0.0344594011658
-0.292059104835
-0.085486283634
-0.134105274
-0.29734263539
3.21207232181
-1.63439937256
2.47687120594
-1.26114428645
1.55993133392
-0.726130159176
0.752300460643
-0.266288998583
0.207365625974
-0.0369351881142
-0.0497610566717
0.0207157796815
-0.145031016083
0.0168544545167
-0.182290313961
0.0142433960535
-0.202091880221
0.0151287280415
-0.211539520736
0.0119336128647
-0.214351845456
0.00730843353538
-0.213705270547
0.00560540189226
-0.209289063784
0.00595760608586
-0.200315301362
0.00951643008703
-0.187894323554
0.0127347249154
-0.178175166813
0.0129331828962
-0.183223580525
0.00828387256265
-0.212723115571
-0.00493642392447
-0.261511267631
-0.0366764961443
-0.089399615165
-0.306206119026
2.07802466506
0.816878182615
0.0907464721528
-0.175542772003
-0.21247661064
-0.19175765662
-0.174898033506
-0.16064756522
-0.145510794784
-0.133569495694
-0.126253762223
-0.120639886517
-0.114671400116
-0.105142227712
-0.0923935590948
-0.0794452765565
-0.07114584773
-0.07606757707
-0.112732476539
-0.202127881723
-0.0589800321443
-0.143170561951
-0.0918588178242
-0.273360403717
-0.0939475227963
-0.295297451956
-0.0730486006161
-0.269074307089
-0.0213262856124
-0.219950761372
0.0748711759346
-0.150519109515
0.234532069218
-0.0400680674388
0.471506354343
0.112756151663
0.794218245899
0.298820192572
0.583923174288
1.12593938817
-0.043196701645
-0.0999987262772
-0.0812133351482
-0.23537652668
-0.0956759027578
-0.280874493624
-0.0897072114424
-0.275088542952
-0.0616352386525
-0.248070213893
-0.00733577768298
-0.204868158862
0.0931886064276
-0.140651227635
0.244178764811
-0.0382986897466
0.469324909951
0.0736123551359
0.303236115217
0.749961335232
-0.0309273467908
-0.0690988521726
-0.0693755318819
-0.196963710906
-0.0921220521735
-0.258168438201
-0.0988409082501
-0.26841488014
-0.0886285287674
-0.258331490534
-0.0584743472951
-0.235072923248
-0.000270633092965
-0.198909713403
0.0943311662461
-0.132958390645
0.238795711934
-0.0709084263884
0.0975471779352
0.44443566335
-0.0216753644597
-0.0474527638729
-0.0577726105479
-0.160903186809
-0.0858565870631
-0.230126593309
-0.100728015144
-0.253590533099
-0.103092300262
-0.256017271902
-0.0909531109306
-0.247262251265
-0.0610416169904
-0.228872168292
-0.00503878185189
-0.18901285472
0.0821820476147
-0.158180415326
-0.0440083245121
0.223690392649
-0.0155039604701
-0.0319795887257
-0.0473818122763
-0.129062836581
-0.0776910370634
-0.199861315641
-0.0983382176315
-0.232992506679
-0.109587419576
-0.244818815655
-0.110798477419
-0.246101473163
-0.0997351099809
-0.239985396685
-0.0685910697104
-0.220207116413
-0.0205392063084
-0.206283059863
-0.134395546332
0.0698008719936
-0.0111395935037
-0.0208719435721
-0.0385696113355
-0.101669119339
-0.0685911982614
-0.169879338769
-0.093262614627
-0.20836392684
-0.110801481683
-0.227326277237
-0.12117864424
-0.235773316067
-0.123409679253
-0.23780431853
-0.112062989348
-0.231608187574
-0.0914149109765
-0.226987947251
-0.188495787971
-0.0373624723941
-0.00812808247732
-0.0127770912781
-0.0312891837877
-0.0785429589682
-0.0598863962278
-0.141316571447
-0.0865987365515
-0.181688391772
-0.108720537879
-0.205248358893
-0.125409282211
-0.219135568622
-0.136567209162
-0.226699532569
-0.139202761191
-0.229025322827
-0.135009555082
-0.231226166507
-0.215023224325
-0.108512153481
-0.00597651819189
-0.00683486481705
-0.0253658348076
-0.0591885819664
-0.0518105519944
-0.11490659659
-0.078981413827
-0.154554927121
-0.10387707781
-0.180392631866
-0.125303654209
-0.197749211652
-0.142483084467
-0.209557016401
-0.154143694229
-0.217394209413
-0.161606823366
-0.223782364494
-0.221628779001
-0.155011916452
-0.00443980037378
-0.0024291102321
-0.0205510948671
-0.0431096711837
-0.0444261227001
-0.0910620902613
-0.0708789562337
-0.128131852306
-0.0969376088773
-0.154359556281
-0.121225343213
-0.173482530418
-0.142804437442
-0.187994709005
-0.160752944466
-0.199457312971
-0.175680998165
-0.208863771182
-0.213927897696
-0.183389657999
-0.00336180173842
0.000902009711786
-0.0165596701046
-0.0299358409259
-0.0376486627402
-0.069992650542
-0.0625628984724
-0.103235705297
-0.0885846143881
-0.128353327392
-0.114316275137
-0.147765328193
-0.138817492431
-0.163507363911
-0.161413966283
-0.176872020815
-0.181968834478
-0.188318305663
-0.197361864825
-0.198541742927
-0.00243303170023
0.00330929911791
-0.0130867130383
-0.0193004626434
-0.0313720940176
-0.0517221473184
-0.054228750458
-0.080393846731
-0.0793373253012
-0.10325935152
-0.105340343232
-0.121776339695
-0.131364538307
-0.137496497107
-0.156826350095
-0.151421842249
-0.181363977388
-0.163790593175
-0.174721946379
-0.204010520429
-0.0015835970228
0.0048707958487
-0.0100155239408
-0.0108865932362
-0.0255401037426
-0.0362134451251
-0.0459760480055
-0.0599727448616
-0.0694521774113
-0.0797978222192
-0.0947559033076
-0.0964867375367
-0.121088308575
-0.111177387515
-0.147939905294
-0.124582128965
-0.174864689224
-0.136876038907
-0.148280361033
-0.20131286185
-0.000883909679647
0.00573473299755
-0.00729166256548
-0.0044962033284
-0.0200689393138
-0.0234522984704
-0.0377943663769
-0.0422624791438
-0.0590418500208
-0.0585650772174
-0.082796558287
-0.0727462654496
-0.108369712631
-0.0856176239497
-0.135295550101
-0.0976683671429
-0.163146667826
-0.109035380942
-0.1199097327
-0.191523955216
-0.000329168847021
0.00604581503258
-0.00485620729013
1.55796939942e-05
-0.0148823192044
-0.0134416592333
-0.0296641787923
-0.0274957883008
-0.0481683396137
-0.0400757233734
-0.0696014699455
-0.0513274377546
-0.0934126507543
-0.0618199324261
-0.119201106089
-0.0718921662264
-0.146582041084
-0.0816651329806
-0.0912453455771
-0.17525327399
0.000224642236996
0.00580621826674
-0.00256527672516
0.00279233984404
-0.00992374901799
-0.00609759600247
-0.0216070484419
-0.0158273201902
-0.0369274235996
-0.0247700179622
-0.0553214443081
-0.0329476506322
-0.0763962329936
-0.0407586436466
-0.099850527729
-0.0484502534972
-0.125376130293
-0.0561504426841
-0.0638794794462
-0.15274914678
0.000876205069835
0.00491841256198
-0.00037655346066
0.00403289465709
-0.00524489526683
-0.00124294062586
-0.0137561568347
-0.00733032006178
-0.0255427209174
-0.0129976988095
-0.0402531366361
-0.0182511546829
-0.0576525997695
-0.0233724915165
-0.0775651447591
-0.0285500737314
-0.0997932405505
-0.0339334185087
-0.0394888531156
-0.124191405574
0.00130544657079
0.00360322680832
0.00143930325471
0.00388697559044
-0.00108001904294
0.00126309851862
-0.00644451489027
-0.00197928303101
-0.0144885197479
-0.00496714328724
-0.0250124115209
-0.00774049595732
-0.0379100100601
-0.0104876687445
-0.0531291616441
-0.0133429714766
-0.0706024286573
-0.0164711700909
-0.0198420171602
-0.0902571706596
0.00148724705499
0.00210730945956
0.00267424632405
0.00268854055673
0.00217172673259
0.00175319275119
-0.000300859620468
0.000481059035678
-0.00465597797071
-0.000624147840677
-0.0107852593455
-0.00162320623151
-0.0186549358863
-0.00262968443352
-0.0283067576761
-0.00370234401077
-0.0397908833895
-0.00499747261803
-0.00654422551859
-0.0530966205618
0.00135985593204
0.000740293932606
0.00299601181618
0.00104301016092
0.00380850263806
0.000930625949176
0.00356766480928
0.000711848637905
0.00237763432268
0.00055590935456
0.000271426468417
0.000473076777548
-0.00273292623687
0.000364894998839
-0.00669838322999
0.000253673631665
-0.0117277741375
2.33917731181e-05
-0.000349065281888
-0.0179296614426
0.00073646280229
0.00177443006568
0.002700322521
0.00340663411571
0.00395738509301
0.00442464469855
0.0047843133255
0.00503264673777
0.00505340630453
0.00470744704971
1.07938089101
-0.27737116601
1.02920739104
-0.272958237879
0.975662609723
-0.262862493093
0.929011053193
-0.25765283965
0.887813605189
-0.254133998427
0.850925732019
-0.25110803179
0.817858311038
-0.248121376143
0.788472589679
-0.246070962517
0.762482527211
-0.245530656895
0.739617851829
-0.246576301904
0.719754887476
-0.249213768822
0.703166972019
-0.253399463643
0.690423272634
-0.258989799249
0.68175103901
-0.266017357549
0.677124576029
-0.274404101357
0.676593333464
-0.283934102671
0.680079933791
-0.294406775351
0.687301427911
-0.305578683577
0.697909985765
-0.317015938352
0.711488684428
-0.328175267961
0.727521089795
-0.338401706982
0.745449156959
-0.346945759594
0.764793644315
-0.353183799393
0.78508051731
-0.356411364794
0.806072904793
-0.356217337484
0.827313383559
-0.352179315457
0.848465131833
-0.344188868195
0.869040434355
-0.332418917932
0.888528735764
-0.317199584362
0.906439955592
-0.298948477125
0.922465341754
-0.278052466603
0.936486416701
-0.254722457265
0.948853567145
-0.229384637933
0.960291716027
-0.202548845899
0.971445695029
-0.174536253449
0.982486291254
-0.146588624406
0.994376730524
-0.119698684026
1.00726000656
-0.0928001236296
1.0207754131
-0.0653263648315
1.03871147916
-0.0349519439241
1.05946369705
-0.00258291216058
1.08167233848
0.0315061136607
1.1044836478
0.0667010524902
1.12749110409
0.10151537768
1.15067275589
0.134238018543
1.17411240464
0.163338505025
1.19776774995
0.187764659336
1.22165098385
0.206922970271
1.24490079033
0.219197829082
1.26708367686
0.2243876887
1.28752283894
0.222531965683
1.30608649449
0.214755963731
1.32277364252
0.202019728421
1.33784859468
0.185141071738
1.35163979065
0.164779332082
1.36455203535
0.141266790664
1.3771354418
0.114851006769
1.38972325529
0.0863594099491
1.40320977422
0.0565248978034
1.41778588401
0.0267186454127
1.4331372322
-0.00281899643129
1.44964220087
-0.0302892520871
1.46690851856
-0.0558507773629
1.48407980761
-0.0799334695976
1.50096080588
-0.101817177019
1.51754385196
-0.121194566569
1.53409171872
-0.137865081385
1.55078609472
-0.152449083754
1.56795150184
-0.164782237727
-0.172503581498
1.58635460733
0.698118058618
-0.225568698493
0.65813429638
-0.232996520582
0.617829478698
-0.222569625594
0.579582821001
-0.219411391832
0.546496048032
-0.221047306746
0.517254573967
-0.221862429663
0.491446862912
-0.222305971459
0.469091356646
-0.223704703551
0.450080597158
-0.226506508923
0.434307129343
-0.230787177608
0.421713133603
-0.236602177486
0.412331306858
-0.243998402719
0.406302706855
-0.252940605453
0.403601676115
-0.263294635171
0.404078632176
-0.274858515222
0.407534216357
-0.287366528468
0.413670451038
-0.300519457438
0.422087805605
-0.313972301844
0.432378291198
-0.327282704338
0.444143856327
-0.339917319948
0.457010149664
-0.351244872951
0.470575084205
-0.360488123392
0.484449413541
-0.367036276667
0.498390741555
-0.37033171205
0.512233094908
-0.370039725335
0.525812386705
-0.365739792635
0.538821444085
-0.357180389275
0.550976358082
-0.344557693134
0.562003836797
-0.328212432314
0.571671611084
-0.308603230024
0.579853598051
-0.286223134795
0.586676599315
-0.261535928529
0.592474621905
-0.235174996851
0.597897786306
-0.20796628067
0.603805537772
-0.180440267298
0.610099968172
-0.152881357455
0.617060321187
-0.12665941827
0.624968338024
-0.100710628407
0.633643430786
-0.0740060699451
0.644140951391
-0.0454562077749
0.656797666689
-0.0152484956224
0.671864837152
0.0164279649297
0.689823177063
0.0487296411069
0.710951995683
0.0803714140522
0.735243561537
0.10992926063
0.762399353492
0.136163505829
0.791956601547
0.158186222364
0.823521145573
0.175335288213
0.855996739647
0.186697177691
0.888453689887
0.191903787465
0.919905620764
0.191051210344
0.949865945716
0.184764954771
0.978180954328
0.173672183367
1.00507178236
0.158215854954
1.0309518932
0.138862973525
1.05612225476
0.116058309613
1.08048233162
0.0904509206951
1.10389929494
0.0629005268789
1.12593675879
0.0344435878446
1.14647120596
0.00613841754466
1.16488011164
-0.0212756373955
1.18157804847
-0.0470369117029
1.19670788884
-0.0710323453974
1.21010068506
-0.0933799934387
1.22216545216
-0.113937651944
1.23349309511
-0.132579863029
1.24488718684
-0.149318722672
1.25671339346
-0.164336670247
1.26946936198
-0.177601349072
-0.187256184133
1.28415693382
0.4101285247
-0.191305444543
0.377744468316
-0.200640238635
0.350077879167
-0.194919410746
0.325323829634
-0.194665483197
0.302176648512
-0.197902114539
0.281273204996
-0.20095610702
0.262959197347
-0.203985074422
0.247259808102
-0.20799504495
0.234103379556
-0.213336930075
0.22341289347
-0.220081077473
0.215098166168
-0.228269735481
0.209017704463
-0.237898451248
0.204970708191
-0.248872642663
0.202704395414
-0.26100615654
0.201927183344
-0.274058198363
0.20233262354
-0.287748170564
0.203610157719
-0.301772731933
0.205453627999
-0.315791269725
0.207606087649
-0.329410626348
0.209890323018
-0.342177178364
0.212206283876
-0.353536802373
0.214487964437
-0.362746293778
0.216617763529
-0.36914325325
0.218688071696
-0.372380042004
0.220464619062
-0.371795286523
0.221882943567
-0.367138262314
0.222955070965
-0.358233924269
0.223586567289
-0.345171982274
0.223634991767
-0.328245148914
0.223014187598
-0.307968322106
0.221726585713
-0.284923129928
0.219989336659
-0.259788066778
0.218153935189
-0.233330853791
0.216565953581
-0.206371499414
0.215572725156
-0.17944224204
0.215783415013
-0.15308930415
0.216777434561
-0.127652788774
0.218732240938
-0.102666909486
0.222251122322
-0.0775285681247
0.228061623307
-0.0512724737667
0.237793103061
-0.0249878812721
0.25199567375
0.00221536461392
0.271424713492
0.0292884685566
0.296350396067
0.0554315198853
0.32655118913
0.0797122089145
0.361413998682
0.101282427888
0.400107453377
0.119472528489
0.441783361244
0.13363720801
0.48532140387
0.143135063782
0.529599143218
0.147600106871
0.573623391849
0.146999172814
0.616731598537
0.141627126024
0.658508305768
0.131864026887
0.698576974092
0.118113907318
0.736521318299
0.100883508404
0.771732823488
0.0808098223128
0.803504532021
0.0586403424149
0.831194908549
0.0351693621408
0.854412325709
0.0111834370685
0.873165018861
-0.0126589746982
0.887726072433
-0.0358833876896
0.898842574796
-0.0582021529424
0.907286406424
-0.0795269852236
0.913755739842
-0.0999022066353
0.91906022002
-0.119297067669
0.924068606292
-0.13764520621
0.929571540534
-0.15488058151
0.936180001677
-0.171005949651
0.944462725146
-0.185946705654
-0.1983361829
0.955478146928
0.202781724343
-0.170440660747
0.178798564348
-0.176686821442
0.159049135944
-0.175188300895
0.141922689756
-0.177548637009
0.125551138235
-0.181533527481
0.110347198334
-0.185749886138
0.0967624315663
-0.190393729644
0.0847661410456
-0.195988571521
0.074197373789
-0.202754915715
0.0648785622966
-0.210746401289
0.0565835239047
-0.219956599869
0.049023969149
-0.230318909674
0.0418713268388
-0.241698436617
0.034793206777
-0.253905185615
0.0274882266902
-0.266729351594
0.0197101063836
-0.279945423071
0.0112996980389
-0.293337176153
0.00216031422185
-0.306626444385
-0.00772195086777
-0.31950283919
-0.0182837178344
-0.331590009897
-0.0293979402896
-0.342397488392
-0.0408771670623
-0.351242465163
-0.0526069297245
-0.357389548271
-0.0644891423234
-0.360474706354
-0.0763827000657
-0.359879575696
-0.0882388747447
-0.355261046755
-0.0999807843103
-0.346472220017
-0.111606054839
-0.333528288957
-0.123075744806
-0.316758524993
-0.134395153942
-0.29663357541
-0.145459210972
-0.273845431024
-0.156060360292
-0.249175063393
-0.165911855497
-0.223469375713
-0.174739119
-0.197536197542
-0.182173572741
-0.17200175768
-0.187826156687
-0.147432750371
-0.19150574631
-0.123971332384
-0.192519168305
-0.101653754671
-0.189860530419
-0.0801896258888
-0.182294668837
-0.058842913325
-0.16891046095
-0.0383788161008
-0.148680116278
-0.018023835893
-0.12126412848
0.00186152091979
-0.0867469391272
0.020901296611
-0.0456769897751
0.0386271893032
0.00101787173578
0.0545705033053
0.0522505697102
0.0682208196306
0.106788279629
0.0790785825271
0.163248404364
0.0866521575537
0.220181722214
0.090642173819
0.276231617033
0.0909228530064
0.330182897459
0.0876476250398
0.380890711158
0.0811262006373
0.42729715355
0.0716756528582
0.468530851057
0.0596161807858
0.503889486984
0.045415709362
0.532926801271
0.0295656663096
0.55559390274
0.0124629698991
0.572214768694
-0.00547869043782
0.5834501149
-0.0239375893375
0.590205971349
-0.0426845682982
0.593524998052
-0.0615686203089
0.594455964086
-0.0805075499992
0.593966617384
-0.0994646304715
0.592982401822
-0.118366786262
0.592353145887
-0.137072016587
0.592900575801
-0.15548615394
0.595280176701
-0.173445687683
0.600083338344
-0.190811908336
-0.206722328837
0.60840541145
0.0553075002156
-0.155988937865
0.0382518859993
-0.159660034965
0.0239278805932
-0.16088241655
0.0105852024718
-0.164215703455
-0.00247147886756
-0.168480018419
-0.0150915101942
-0.173127721747
-0.0271530277616
-0.178325680933
-0.0387895057503
-0.184341847123
-0.0502324165784
-0.191298585763
-0.0617483496313
-0.199214328784
-0.0736503511774
-0.208036130846
-0.0862731592457
-0.217675656846
-0.099936200369
-0.228013294184
-0.114923809465
-0.238894116543
-0.131427399715
-0.250201221969
-0.149568893973
-0.261778572934
-0.169298927716
-0.273581217204
-0.190536888528
-0.285362221126
-0.213101352856
-0.296911993508
-0.236757686588
-0.307907380932
-0.261253767712
-0.317875390886
-0.286261624052
-0.326209053763
-0.311408729974
-0.332217520783
-0.336522509543
-0.335336800586
-0.361338651114
-0.335040256148
-0.385675424931
-0.330902187689
-0.409385765058
-0.322741023789
-0.432305368816
-0.310589186473
-0.454303750805
-0.294742121121
-0.47520275176
-0.275718139411
-0.494792903182
-0.254240533028
-0.5127904091
-0.231164593803
-0.528843425356
-0.207405264382
-0.542519436031
-0.183851036035
-0.553247902347
-0.161266150397
-0.560406605625
-0.140268971388
-0.563142703452
-0.121232268568
-0.560742582957
-0.104053051448
-0.552093918344
-0.0888396286148
-0.536009020631
-0.0749313159284
-0.512373809966
-0.0620196875369
-0.480591348515
-0.0498140907613
-0.440744179551
-0.0379955442817
-0.393529983717
-0.0263248619551
-0.339984813713
-0.0149319650934
-0.281428776316
-0.00400148925368
-0.219414177977
0.00618834762807
-0.155578749321
0.0152234115296
-0.0917255501072
0.0227773917503
-0.029723916296
0.0286171856799
0.0288367648469
0.0323370562665
0.0827220733177
0.0337354544294
0.130723282726
0.0330963843309
0.172103269138
0.0302653029811
0.206433067813
0.025254236661
0.233566010696
0.0182488006518
0.253686640079
0.0094092007565
0.267248190393
-0.00113634554848
0.274966596268
-0.0132368488495
0.2777547967
-0.0267675842526
0.276649575658
-0.0416232522329
0.272741352485
-0.0577064931202
0.267115373372
-0.0749299176537
0.26079321316
-0.0931930967992
0.254722703899
-0.112349186153
0.249791872364
-0.132196350863
0.246750962443
-0.152502609693
0.246249397017
-0.173003598732
0.248874340632
-0.193498335499
-0.213600847351
0.25568924528
-0.0480409486752
-0.145345782594
-0.0606115821755
-0.147114468573
-0.0723705695574
-0.149139603999
-0.0841795708729
-0.152415527059
-0.0964066939649
-0.156255627956
-0.10904292822
-0.160489109154
-0.122136370933
-0.165225518577
-0.135877744785
-0.170590029402
-0.1505299538
-0.176632719482
-0.166388688363
-0.183339160964
-0.183758404146
-0.190647591981
-0.202933091884
-0.198480105869
-0.224165081423
-0.20675872403
-0.24761753259
-0.215417669284
-0.273364390561
-0.224429236865
-0.301343284742
-0.233773689096
-0.331447521434
-0.243450380941
-0.363407489777
-0.253375280021
-0.396938419846
-0.263353939338
-0.431653901142
-0.273164831814
-0.467206089241
-0.282296385936
-0.503188333719
-0.290200427308
-0.539167237093
-0.296212843562
-0.574789579756
-0.299689455142
-0.609741040719
-0.300064717601
-0.643708880274
-0.296911341885
-0.676412005306
-0.290016102252
-0.707563344024
-0.279417391457
-0.736859030449
-0.265427440365
-0.763948600272
-0.248611149416
-0.788431745481
-0.229741645495
-0.809839817362
-0.209742553866
-0.827638010684
-0.189594964996
-0.841212089333
-0.170266791121
-0.849861784255
-0.152608297041
-0.852864529616
-0.137260133476
-0.849460471214
-0.124632347468
-0.838848484232
-0.114663206921
-0.820762883203
-0.106925567222
-0.794514612864
-0.101182098007
-0.760236407424
-0.0963025664877
-0.718309222574
-0.0917480843853
-0.669494122687
-0.0868195528983
-0.614867690077
-0.0809622595913
-0.555870405026
-0.0739422183584
-0.494130867968
-0.0657559381259
-0.431327154006
-0.0566321608214
-0.369183862193
-0.0469384995568
-0.309328544476
-0.0370983186104
-0.253167805751
-0.0275656770491
-0.201991102577
-0.0188634721571
-0.156866917148
-0.011414241309
-0.118332604389
-0.00546512304329
-0.0867938128428
-0.00130238306063
-0.0624217379031
0.000851535252944
-0.045067044497
0.000861700745363
-0.0343191811892
-0.00137291171852
-0.0295820048238
-0.00590968796626
-0.030049812742
-0.0128072007582
-0.0347665130117
-0.0220911132648
-0.0426468938722
-0.033785261902
-0.0525760302326
-0.0478220130754
-0.0634316820701
-0.0641212707082
-0.074158598462
-0.0825155830903
-0.0837989222547
-0.102760681204
-0.0915130204649
-0.124536470689
-0.0966094242829
-0.147462767395
-0.098520137069
-0.171151694622
-0.0967725825929
-0.195306827365
-0.220016587288
-0.0904200229397
-0.118536413013
-0.135345784843
-0.129468235286
-0.136202010066
-0.140748486675
-0.137872652284
-0.152861760613
-0.140309558924
-0.165996354031
-0.143122921581
-0.180232668
-0.146249907189
-0.195707817055
-0.149743300068
-0.212636640926
-0.15365047699
-0.231275930333
-0.157979501052
-0.251893909584
-0.16270446036
-0.274739239572
-0.167783118325
-0.300019776828
-0.173178344136
-0.32788009324
-0.178875422162
-0.358376703441
-0.184896615101
-0.391472689188
-0.19130763586
-0.42701936223
-0.19820050203
-0.464783161196
-0.205659425987
-0.504435260436
-0.213695623052
-0.545560884242
-0.222200580189
-0.587767676673
-0.230930335217
-0.630589904191
-0.239446680551
-0.673577365974
-0.247185897742
-0.716266955213
-0.253496769519
-0.758210547576
-0.257720123682
-0.798983853992
-0.259266572214
-0.83817961914
-0.257691784981
-0.875408400693
-0.252764716142
-0.91028884555
-0.244515661703
-0.942401757227
-0.233294687329
-0.971230780941
-0.219763842031
-0.996222951007
-0.204732854837
-1.0168368817
-0.189113763616
-1.03252552291
-0.173893314526
-1.04278356642
-0.159997668281
-1.04715530083
-0.148227483566
-1.0451493062
-0.139259110301
-1.03640112735
-0.133375620342
-1.02061997521
-0.130441603239
-0.997622742649
-0.129922217847
-0.967772577349
-0.131033861386
-0.931303687431
-0.132775221175
-0.888800167206
-0.134257506325
-0.84112695629
-0.134500761155
-0.789429990366
-0.132669266456
-0.735078850076
-0.128305380434
-0.679516533121
-0.121332187871
-0.624225307776
-0.111939158777
-0.570652716996
-0.100528635257
-0.520152023569
-0.0876182693967
-0.473906839466
-0.0738317820797
-0.432912058054
-0.0598808030581
-0.39792485741
-0.0464256012425
-0.369405117119
-0.0340106317477
-0.347603592991
-0.0231313033403
-0.332547735923
-0.014233384035
-0.324020162512
-0.00769665860321
-0.321573994552
-0.00385166499081
-0.324531822114
-0.00298633581519
-0.332025162868
-0.0053503225426
-0.343016249897
-0.0111385754476
-0.35638136863
-0.02046089797
-0.370907986996
-0.0333384886409
-0.385448702454
-0.0496261000244
-0.398957405176
-0.0690549517746
-0.410537344792
-0.0912313795242
-0.419461769209
-0.115665247543
-0.425167783293
-0.141812466162
-0.427236944698
-0.16914065449
-0.425398076895
-0.197206089744
-0.226494432795
-0.418982998548
-0.165280898885
-0.125093685841
-0.176498114807
-0.124999430784
-0.188634087297
-0.125747249088
-0.202004302322
-0.126945027068
-0.216768985684
-0.128359138315
-0.233066103902
-0.129949278761
-0.251072254351
-0.131729662174
-0.271000944744
-0.133710748036
-0.293078214444
-0.135888041803
-0.31751524015
-0.138250466267
-0.344484258494
-0.14079470063
-0.374101609427
-0.143539491349
-0.406413961654
-0.146539778712
-0.441385936763
-0.149899859742
-0.478892721469
-0.153774870158
-0.518716301688
-0.158350015413
-0.560555059329
-0.163793096648
-0.604035560055
-0.170187128116
-0.64872744498
-0.177480503755
-0.694186045433
-0.185443554402
-0.739939831073
-0.193664919488
-0.785515449619
-0.20158269055
-0.830429315091
-0.208555872967
-0.874205679539
-0.213917446726
-0.916372483094
-0.217074328281
-0.956464634595
-0.21757521253
-0.994030528903
-0.215175561511
-1.028637388
-0.209886837242
-1.05988298213
-0.202028548716
-1.08737661346
-0.192251202993
-1.11067812003
-0.181413983961
-1.1293843437
-0.170391917856
-1.14320065136
-0.160063217027
-1.15189881908
-0.151287623697
-1.15532079128
-0.144795619786
-1.15313530647
-0.141436752934
-1.14525797462
-0.141247214212
-1.13174309548
-0.143952891648
-1.11243678885
-0.14922710895
-1.08767007783
-0.155801340727
-1.05790417987
-0.162544057993
-1.02336171847
-0.168805044404
-0.984439315123
-0.173430331163
-0.942094515428
-0.175023261223
-0.897601513046
-0.172809532289
-0.852239995698
-0.166706727181
-0.807391536142
-0.156802429502
-0.764348069271
-0.143588623638
-0.724282891599
-0.127701609023
-0.688284618082
-0.109849800833
-0.657263637437
-0.0909230709908
-0.631884958167
-0.0718270872632
-0.612579121061
-0.0533407933238
-0.599560013618
-0.0361762736553
-0.59280929488
-0.0210115478952
-0.592063652993
-0.00847139468769
-0.59681120925
0.000865059362111
-0.606295774384
0.00646555204089
-0.619545690143
0.00786495216807
-0.635431199029
0.00471020278258
-0.652723189969
-0.00320787725096
-0.670198078551
-0.0159049779308
-0.686713769729
-0.0331543420981
-0.701303293419
-0.0545120271563
-0.71321058036
-0.0793734269175
-0.721896933107
-0.107030981665
-0.726974126283
-0.136790068834
-0.728257950472
-0.167914226299
-0.725662141334
-0.199861740948
-0.233582061292
-0.718636878274
-0.194814204872
-0.113684637768
-0.20715325804
-0.112672516241
-0.220571787972
-0.112337296473
-0.235322748337
-0.112198366113
-0.251582660605
-0.112099209431
-0.269522351182
-0.112005478317
-0.289328663555
-0.111915466274
-0.311197136806
-0.111830964843
-0.335311848071
-0.111758940667
-0.361823330171
-0.111721850091
-0.39083106541
-0.111767410394
-0.422372366903
-0.111976526394
-0.456415183983
-0.112473493504
-0.492853161302
-0.113436905916
-0.531503242424
-0.115098592293
-0.572108678328
-0.117717440081
-0.614348425446
-0.121525530372
-0.657848165646
-0.126659133739
-0.702200577111
-0.13309962827
-0.74697853583
-0.140637128275
-0.791742342998
-0.148872831945
-0.836061420411
-0.157235697507
-0.879477825144
-0.165112083908
-0.921563144515
-0.171805431776
-0.961877554996
-0.176734062286
-0.999986750235
-0.179441148574
-1.03547674815
-0.179661823845
-1.06798143073
-0.177359680195
-1.09722549262
-0.172763405689
-1.12302213976
-0.166434985529
-1.14506032799
-0.159357843546
-1.16304272776
-0.152393282705
-1.17686428021
-0.146227235537
-1.18648049045
-0.141658871414
-1.191930899
-0.139334629634
-1.19363325542
-0.139725842527
-1.19175863614
-0.143115367045
-1.18632245558
-0.149384742886
-1.17711694086
-0.158430465935
-1.16359186103
-0.169326447752
-1.1459003874
-0.180237732032
-1.12431537521
-0.190394395083
-1.09860302953
-0.199149098577
-1.06938256608
-0.204252157166
-1.03777297089
-0.204429483538
-1.00462213951
-0.199869742017
-0.971561592168
-0.189876890211
-0.939934791262
-0.17523097573
-0.910710975965
-0.156942531815
-0.884910184117
-0.135669189664
-0.863499953256
-0.112353339582
-0.847169537784
-0.0881789534935
-0.836354587315
-0.0641786034512
-0.831254212447
-0.0413009385763
-0.831821156669
-0.0204703724083
-0.837744870666
-0.00257500326797
-0.848438962956
0.0115301742314
-0.863053367354
0.0210491998622
-0.88051749803
0.0252964070047
-0.899606489411
0.0237644453141
-0.919039782286
0.016188409293
-0.937591165926
0.00260693348983
-0.954185564467
-0.0166020736635
-0.967992335143
-0.0407501997408
-0.978454164722
-0.0689594634368
-0.985265286439
-0.100270696078
-0.988393122685
-0.133716009873
-0.987822183121
-0.168541772096
-0.983664995039
-0.204078189
-0.241760396013
-0.975548620564
-0.211379701343
-0.100861326964
-0.224895887896
-0.099167067945
-0.239376184107
-0.0978642686411
-0.25506244341
-0.0965153805993
-0.272142113285
-0.095018795413
-0.290793374246
-0.093349624561
-0.311194172039
-0.0915064832077
-0.333513576347
-0.0895000752556
-0.357895300564
-0.0873627344259
-0.38444023494
-0.0851597395667
-0.413193238253
-0.0829948352335
-0.444135952704
-0.0810121390431
-0.477184856051
-0.0794011086056
-0.512193336131
-0.0784034263505
-0.548957030374
-0.0783086679678
-0.587222458554
-0.0794248309477
-0.626696357884
-0.0820237651152
-0.667054035678
-0.0862731513573
-0.707949240633
-0.0921759041807
-0.749021306417
-0.0995365314562
-0.789904582293
-0.107961197827
-0.830220255867
-0.116892009466
-0.869621200745
-0.125683628068
-0.90774261004
-0.13365716659
-0.944245460606
-0.140205158297
-0.978808117604
-0.144853385968
-1.01113163974
-0.14731428707
-1.04094160235
-0.147526932646
-1.06799614909
-0.145687434351
-1.09214698429
-0.142264205139
-1.11344421186
-0.138042257507
-1.13203803464
-0.133782785305
-1.14806324132
-0.130187125283
-1.16164225726
-0.128066801522
-1.17283229339
-0.128133462209
-1.18159316815
-0.130955828814
-1.18781948208
-0.136881972443
-1.19129674652
-0.145902514509
-1.1919418888
-0.157782520725
-1.1896776076
-0.171590108349
-1.18470948755
-0.185207406056
-1.17779596033
-0.197311614369
-1.16879232835
-0.208158498419
-1.15679041044
-0.216261833688
-1.14167139087
-0.219558149641
-1.12309299223
-0.218459562039
-1.10329345961
-0.209689504893
-1.08430459629
-0.194234474534
-1.06687399298
-0.174389229516
-1.05169951051
-0.150861147885
-1.0397919667
-0.124279683211
-1.0320395299
-0.0959514801426
-1.02901337479
-0.0672261304501
-1.03090608233
-0.0394309057003
-1.03763263651
-0.0137678468793
-1.04883411669
0.00860101211721
-1.06386672383
0.0265357683172
-1.08180694376
0.0389607188085
-1.10150775015
0.0449666637107
-1.12168719424
0.0439113092798
-1.14104007828
0.0355064615912
-1.15834922317
0.0198787409524
-1.17262675213
-0.00236463318521
-1.18323061191
-0.0301893920997
-1.18989436519
-0.0623418901137
-1.19271437514
-0.0975000844482
-1.19200327833
-0.134479719081
-1.18814512408
-0.17245564172
-1.18143410841
-0.21084782478
-0.251512769929
-1.17174326475
-0.217769296367
-0.0871165398477
-0.232021933944
-0.0849242399896
-0.247011737139
-0.0828808650108
-0.262930533627
-0.0805991517248
-0.279945840598
-0.0780022371275
-0.298218634548
-0.0750719199384
-0.317903884235
-0.0718128900572
-0.339141491206
-0.0682509502692
-0.362042941929
-0.0644468618541
-0.386677444888
-0.0605081846848
-0.413061075191
-0.0565917968145
-0.441151533714
-0.0529001912786
-0.470849657258
-0.0496796934113
-0.502007058474
-0.0472212146304
-0.53443810325
-0.045851579999
-0.567932653042
-0.0459032877775
-0.602265061901
-0.0476636822721
-0.637195205279
-0.0513149013717
-0.672467780899
-0.0568750113801
-0.707813043485
-0.0641629379358
-0.742949003113
-0.0727970697764
-0.777583415095
-0.0822297527672
-0.811430804539
-0.0918088673204
-0.844208030696
-0.100853185244
-0.875651340424
-0.108735850815
-0.905524075372
-0.114955553815
-0.933620351801
-0.11919395853
-0.959771872797
-0.12135254689
-0.983871613735
-0.121566150188
-1.00591181265
-0.120203905394
-1.02607706691
-0.117858451266
-1.04462707946
-0.115215863348
-1.06179788483
-0.113001135287
-1.07785946438
-0.111991835586
-1.09306216713
-0.112919241263
-1.10762220842
-0.116386208238
-1.12171313519
-0.12278347789
-1.13540140909
-0.132208754668
-1.14871143498
-0.14446914944
-1.16141144192
-0.158888930743
-1.17246590305
-0.174153948889
-1.1807456692
-0.189034990631
-1.1861950003
-0.202714377962
-1.18911766192
-0.213346351213
-1.19034322961
-0.218341607948
-1.19005688016
-0.218756650943
-1.18759391687
-0.212164787345
-1.18366770637
-0.198174459589
-1.17961204305
-0.178460014357
-1.17618527002
-0.154304300829
-1.17400053481
-0.126481990496
-1.1743462604
-0.0956244774911
-1.17823544846
-0.0633568027793
-1.18592931524
-0.031758054732
-1.19730061424
-0.00241877120828
-1.21195206163
0.0232289413675
-1.22920333553
0.0437621078973
-1.2480852172
0.0578160973835
-1.26739772045
0.0642509165685
-1.28584977044
0.0623331543252
-1.30218357142
0.0518078455083
-1.31528650439
0.0329467414466
-1.32429620655
0.00660731326578
-1.32876712358
-0.0257593386108
-1.328767083
-0.0623861393681
-1.32485084474
-0.101464029593
-1.31782168256
-0.141560122044
-1.30857825397
-0.181753743038
-1.2978473077
-0.221636653908
-0.263591055738
-1.28583006669
-0.215596579684
-0.0728462948405
-0.230102698471
-0.0704272559123
-0.245019927309
-0.0679694404187
-0.260481693988
-0.0651394908722
-0.276615265894
-0.0618671121453
-0.293546579444
-0.0581355581482
-0.311396973902
-0.0539541666775
-0.33027537856
-0.049361173369
-0.350268677411
-0.0444393935614
-0.371431509426
-0.0393286341526
-0.393777301432
-0.0342269860797
-0.417273499732
-0.0293829266836
-0.441843696778
-0.0250866440161
-0.467376773284
-0.0216637736771
-0.493740948982
-0.019461812408
-0.520799545633
-0.0188181584341
-0.548420018131
-0.0200160111282
-0.576465620246
-0.0232416847484
-0.60478517316
-0.0285276469474
-0.633207037852
-0.0357132533912
-0.66153747535
-0.0444389689894
-0.689564169796
-0.0541756996228
-0.717063513859
-0.0642826048892
-0.74380837617
-0.0740819747023
-0.769580855787
-0.0829377254277
-0.794187649511
-0.0903239568068
-0.817477405342
-0.0958803889784
-0.839360974184
-0.0994463017413
-0.859826512319
-0.101079212591
-0.878950992541
-0.101059425679
-0.896936999796
-0.0998539490497
-0.914092020291
-0.0980439403238
-0.930785954207
-0.0962919649026
-0.947452290237
-0.0953119932236
-0.964560562052
-0.0957992557213
-0.982574647
-0.0983622709815
-1.00189078593
-0.103459427207
-1.02275296482
-0.111340690419
-1.04523326826
-0.121985066767
-1.06912925235
-0.134991327822
-1.09373065315
-0.149553102684
-1.11813981047
-0.164628527949
-1.1418391725
-0.179019771981
-1.16406276354
-0.191129460326
-1.18335905723
-0.199053813729
-1.20013628308
-0.201989565497
-1.21386329997
-0.198449394943
-1.22467543322
-0.187375292054
-1.2338283392
-0.169321293295
-1.24226808244
-0.145879863126
-1.25080513065
-0.11796129408
-1.26023888503
-0.0862080722512
-1.27098202528
-0.052631988549
-1.28343917948
-0.0193202160043
-1.29774776332
0.011869457568
-1.31368022037
0.0391399137507
-1.33060420959
0.0606633544247
-1.34754645547
0.0747341802204
-1.36326323151
0.079941918119
-1.37650201944
0.0755443297401
-1.38611563123
0.0613917175259
-1.39146989898
0.0382687899247
-1.39225266354
0.00735500188423
-1.38857852594
-0.0294717811231
-1.38098454608
-0.0700219871539
-1.37012647407
-0.112367775671
-1.35696321288
-0.154772963203
-1.34270252078
-0.196067842556
-1.32836711591
-0.236029049933
-0.277537839524
-1.31448079142
-0.205923685255
-0.0584595997308
-0.220245294272
-0.0561142632988
-0.234613054577
-0.0536070639918
-0.249098206279
-0.050656161842
-0.263774262965
-0.0471893771762
-0.278718093579
-0.0431867207593
-0.294006672293
-0.0386574630186
-0.309712228441
-0.0336445977191
-0.325897511537
-0.0282404226739
-0.342610585398
-0.0225994282587
-0.359878882517
-0.0169403346242
-0.377704834378
-0.0115366235977
-0.396066183131
-0.00670318556366
-0.414922123697
-0.00278422494423
-0.43422108403
-0.00013802781425
-0.453921978187
0.000908482847926
-0.474002406411
9.08040880243e-05
-0.494439466283
-0.00277785088352
-0.515190099293
-0.00775006677191
-0.536183605375
-0.0146928046974
-0.557317496607
-0.0232782905044
-0.578456861316
-0.0330098346178
-0.599437266405
-0.0432761033649
-0.620071942809
-0.053421716917
-0.640165070681
-0.0628196504149
-0.659530416107
-0.0709344346575
-0.678016388453
-0.077371162266
-0.695532129053
-0.0819083861074
-0.712070363431
-0.0845200298129
-0.727729735887
-0.0853804574571
-0.742729230919
-0.0848363121946
-0.757400466102
-0.0833560963773
-0.772176290096
-0.0815011258956
-0.787585505533
-0.0798894054422
-0.804229392609
-0.079143687517
-0.822738043785
-0.0798436913953
-0.843707947215
-0.082481432046
-0.867629415508
-0.0874130722991
-0.894830295629
-0.094780088597
-0.925384598378
-0.104435063947
-0.958985824492
-0.115952086646
-0.994934540945
-0.128682165679
-1.0322815844
-0.141677139107
-1.06983738219
-0.153579990628
-1.10612897562
-0.162770291676
-1.1403503764
-0.167777789359
-1.17165333379
-0.167157431401
-1.19918801984
-0.159852807218
-1.22295102752
-0.145571561165
-1.2437658886
-0.125079246907
-1.26252021416
-0.0992221026912
-1.27966631471
-0.0690779392319
-1.29573183138
-0.0365832435018
-1.31127403011
-0.0037955966035
-1.32657851275
0.0271555091392
-1.34153140284
0.0540734315108
-1.35571712573
0.0748286301772
-1.36847613517
0.0874714985493
-1.37902537977
0.0904680310036
-1.38660043955
0.0830945823318
-1.39054478934
0.0653092752308
-1.3900527895
0.0377476193188
-1.38452096153
0.00179117732508
-1.37372760274
-0.0403004354417
-1.35817368648
-0.0856149568374
-1.33934277572
-0.131241869979
-1.31907613565
-0.17508711916
-1.29915441921
-0.216041377183
-1.28102648995
-0.25421284049
-0.293007894821
-1.26561614106
-0.189338762023
-0.0443867446289
-0.203085869655
-0.0423753537641
-0.216553857055
-0.0401441491767
-0.229751012886
-0.0374606716068
-0.242689149791
-0.0342495847549
-0.255385647462
-0.030485431059
-0.267862172791
-0.0261732180437
-0.280143783671
-0.0213525522901
-0.292260054953
-0.0161112107642
-0.30424647773
-0.0105977591666
-0.31614338832
-0.00502606390351
-0.327993279997
0.000332550918921
-0.339841120676
0.00516565475657
-0.351737589969
0.00913472255102
-0.363727965606
0.0118760265443
-0.375881236013
0.0130863285744
-0.388305557669
0.0125403012672
-0.401096999263
0.0100391102226
-0.41431834366
0.00549693641326
-0.428001621099
-0.000983892145286
-0.442145111519
-0.00910932413601
-0.456704169643
-0.0184255729521
-0.471577383359
-0.0283780503977
-0.486615198276
-0.0383595110444
-0.501630357773
-0.0477806484729
-0.516419081277
-0.0561225492468
-0.530793290353
-0.062974632768
-0.544611011006
-0.0680693580274
-0.557804899451
-0.0713060056684
-0.570410464017
-0.0727560581321
-0.582585298977
-0.0726440394122
-0.594610284419
-0.0713151370824
-0.606889435034
-0.0692075084776
-0.61994713375
-0.0668187738356
-0.634411603061
-0.0646678449658
-0.650980643476
-0.0632648828817
-0.670367479376
-0.0630865171178
-0.693238578681
-0.0645357105969
-0.720145539072
-0.0678688344024
-0.751447415065
-0.0731309948784
-0.787247981592
-0.0801514953922
-0.827295127958
-0.0886371466763
-0.87095960266
-0.0980168458737
-0.917133021682
-0.10741264111
-0.964311774121
-0.115599283561
-1.01096679815
-0.121131953107
-1.05563417841
-0.12250046647
-1.09702117329
-0.118477276972
-1.13422240284
-0.108382708295
-1.16706770397
-0.0922471301578
-1.19572525245
-0.0705784654998
-1.22040445232
-0.0444133161595
-1.24150847101
-0.0154944272499
-1.25958398351
0.0142640979953
-1.27515510047
0.0427101611475
-1.28849174686
0.0673928817376
-1.29966283672
0.0859816551283
-1.30852012114
0.0963096734126
-1.31465900834
0.0965865684068
-1.31729822585
0.0857119830057
-1.31561496119
0.0636024177665
-1.30901828707
0.0311251603012
-1.29750348458
-0.00975210624159
-1.28131194883
-0.0565237251454
-1.26108742722
-0.105875118581
-1.23793697719
-0.154432401834
-1.2136230481
-0.199445937065
-1.19039736167
-0.239316821227
-1.17054909615
-0.274115471975
-0.307825395592
-1.15579027496
-0.166024290887
-0.0311238286552
-0.17879293568
-0.029614541483
-0.191063580043
-0.0278783198662
-0.202790502565
-0.0257353400618
-0.213925744691
-0.02311283553
-0.224424918452
-0.0199818511458
-0.234248510036
-0.0163425269694
-0.243364990401
-0.0122264806981
-0.251757619035
-0.00770669190024
-0.259432902047
-0.00290846405862
-0.266426363262
0.00198337262152
-0.272805140244
0.00672911825521
-0.278668969716
0.0110489297647
-0.284150945332
0.0146375958137
-0.289419697337
0.017166859847
-0.294611572812
0.0183011479874
-0.300011232401
0.0179634476482
-0.305789016728
0.0158406643895
-0.312122550249
0.0118543372893
-0.319179011399
0.0060963920421
-0.327077680673
-0.00118699963082
-0.335873610402
-0.00960625245821
-0.345539474262
-0.0186891185581
-0.355974335122
-0.0279019487938
-0.367002816081
-0.0367299064689
-0.378404157394
-0.0446995161606
-0.389940204993
-0.0514176389831
-0.401391463712
-0.0565980919519
-0.412589237067
-0.0600893381098
-0.423445424771
-0.061882220929
-0.433977940211
-0.0620952062807
-0.444324289572
-0.0609538537158
-0.45475028357
-0.0587679858841
-0.465656142633
-0.0559007892334
-0.477564875781
-0.0527483815127
-0.491102187041
-0.0497182537124
-0.50695458059
-0.0472262920466
-0.525821103577
-0.0456629914226
-0.548346361728
-0.0453392230211
-0.575068557105
-0.0464064920836
-0.606431045639
-0.0487888646594
-0.642623843889
-0.0524463711583
-0.683586992046
-0.0570577746406
-0.728732817665
-0.0622727454457
-0.77698952386
-0.0673500932834
-0.826925801408
-0.0712044906271
-0.876872359115
-0.0725637723373
-0.925102065895
-0.0702582963181
-0.970031073579
-0.0634651613946
-1.01048758119
-0.0518027259531
-1.0457222679
-0.0353564502198
-1.07538053052
-0.0147682284733
-1.09968331615
0.00879473212852
-1.11894201116
0.0335087452814
-1.13347109498
0.0572247659629
-1.14386879317
0.0777755995688
-1.1506492729
0.0927465129522
-1.15424191992
0.0998858679427
-1.15499696528
0.0973241359213
-1.1529220072
0.0836183223771
-1.14825596008
0.0589161668656
-1.14113318707
0.0239802806011
-1.1318657523
-0.0190440723817
-1.12028969243
-0.0681274002176
-1.10602123695
-0.120175063533
-1.08868915683
-0.171800654169
-1.06878880573
-0.219387763384
-1.04843760041
-0.259715032683
-1.03119219996
-0.291413176655
-0.318304533687
-1.02077026013
-0.136031719897
-0.0192952793436
-0.147310521861
-0.0183432046012
-0.158011253921
-0.0171821448506
-0.168055078513
-0.0156930791419
-0.177349211424
-0.0138174589646
-0.185798282148
-0.0115289394999
-0.193308275042
-0.00882629036061
-0.199792972933
-0.00573332414846
-0.205183988406
-0.00230518081615
-0.209445562815
0.00136548766113
-0.212588092874
0.00514003719106
-0.214670975096
0.00882779469307
-0.215805111421
0.0122004229
-0.216158395485
0.0150096521317
-0.216007632889
0.0170360383254
-0.215694542143
0.0180088212732
-0.215465927861
0.0177560590145
-0.215555864451
0.0159520233085
-0.216295555942
0.0126155025932
-0.218009792699
0.00783204606134
-0.220943933522
0.00176837894929
-0.225278580325
-0.00525063588407
-0.231062284561
-0.0128847250973
-0.238253476938
-0.0206903333141
-0.246707557505
-0.0282557088938
-0.256205666986
-0.0351817254115
-0.266466193974
-0.0411380658623
-0.277191569344
-0.0458545276282
-0.288099722825
-0.0491640465161
-0.298952150862
-0.0510138363965
-0.309584376144
-0.0514482777299
-0.319928403926
-0.050596410481
-0.330029816513
-0.0486544453531
-0.34006390369
-0.045855824613
-0.350334944195
-0.0424676624712
-0.361272241267
-0.0387724515964
-0.373400017532
-0.0350912321414
-0.387310302808
-0.0317468045528
-0.403601759383
-0.0290435196823
-0.422832146387
-0.0271738183505
-0.44549555716
-0.0261253277895
-0.472108617573
-0.0258353661351
-0.502964012645
-0.0262064861806
-0.538065423833
-0.0271772439617
-0.577006593527
-0.0284162935544
-0.618982422819
-0.029237132906
-0.662767725313
-0.0287877617408
-0.706788710777
-0.0262472492258
-0.749265984063
-0.0209983768346
-0.788456232579
-0.0126234521909
-0.822877244662
-0.000946837669908
-0.851522717969
0.0138654859653
-0.873833619
0.0310935804645
-0.889821970867
0.0494848054317
-0.899762287965
0.0671525756734
-0.904319496804
0.0823200444284
-0.904229042416
0.0926429027287
-0.900775688453
0.0964187505682
-0.895062739073
0.0915966014081
-0.888387388291
0.0769274036327
-0.88217478629
0.0526868132146
-0.87785071485
0.0196379515581
-0.876391527895
-0.0205234794963
-0.878205142416
-0.0663366498544
-0.882375869472
-0.116030815521
-0.886462207124
-0.167745544383
-0.887452168846
-0.218434773902
-0.884103248432
-0.263107184799
-0.879135453676
-0.296430316757
-0.318233659641
-0.879261258016
-0.0998988822667
-0.00966472853257
-0.109022440156
-0.00922669156687
-0.1176149084
-0.00859393228515
-0.125589908253
-0.00771964167298
-0.132833740537
-0.00657276727254
-0.139222827883
-0.0051367788488
-0.144630757409
-0.00341323972024
-0.148935854336
-0.00142122776975
-0.152029649863
0.000797327259678
-0.153840885427
0.00318701393307
-0.154348769432
0.0056596951592
-0.153591456227
0.00808369459883
-0.151677251782
0.0103008519552
-0.148789572798
0.0121379617448
-0.145166409568
0.0134300180516
-0.141140598692
0.0140009344028
-0.137035297095
0.0136690380805
-0.133337067893
0.0122721515751
-0.130466988008
0.00976377061268
-0.128784951223
0.00616829928434
-0.128616817807
0.00161835294686
-0.130245463334
-0.00360415968279
-0.133818170577
-0.00929442338063
-0.139354842851
-0.015136212916
-0.146784166861
-0.0208090857388
-0.155895516499
-0.0260533629904
-0.166390340104
-0.0306267438035
-0.177910943582
-0.0343181921777
-0.190077946427
-0.0369822907733
-0.202515433031
-0.0385627022349
-0.214880130339
-0.0390710843799
-0.226891503002
-0.0385737067688
-0.23835715145
-0.0371786130626
-0.249194376816
-0.035009492418
-0.259438771223
-0.0322151389908
-0.269250796912
-0.0289531950732
-0.27889106517
-0.0254446331187
-0.288747418859
-0.0218851715801
-0.299281390012
-0.0185056522169
-0.310988030587
-0.0154650976041
-0.324273797743
-0.012839624236
-0.339591505719
-0.0105199185702
-0.357359872302
-0.00844240312372
-0.377840576195
-0.00670252859577
-0.40110832565
-0.0051557994111
-0.426919340492
-0.00343420655542
-0.454683752794
-0.00103197903323
-0.483433031578
0.00249298889039
-0.511840642719
0.00739981755527
-0.538342337987
0.0138684720807
-0.561383549502
0.0220842929658
-0.579632512252
0.0321041237589
-0.592102438205
0.0435530153327
-0.59821010126
0.0555818918942
-0.598141843872
0.0670737204711
-0.592297778176
0.0764653657446
-0.581707860603
0.0820422509645
-0.56796701278
0.082666804603
-0.552972107936
0.0765899464926
-0.539074060987
0.0630167909437
-0.528750109786
0.0423494061951
-0.524712624681
0.0155860068643
-0.529600361049
-0.0156514615926
-0.545274830164
-0.0506797750681
-0.572538372308
-0.0887878621517
-0.60904060335
-0.131268384172
-0.648558734352
-0.178947664792
-0.683333761091
-0.22837009933
-0.709218279921
-0.270590742091
-0.294799726644
-0.732703433624
-0.0597419195752
-0.0030297254457
-0.0659835481116
-0.00299167531832
-0.0718298705382
-0.00275153203084
-0.0771991730103
-0.00235191030042
-0.0819804793765
-0.00179111047156
-0.086046917789
-0.00106825779903
-0.0892700508837
-0.000186400192548
-0.0915214775838
0.000835385678456
-0.0926868447757
0.0019692067519
-0.0926794696716
0.00318736351717
-0.0914678116758
0.00445689655827
-0.0890639089118
0.00568978881209
-0.0855557614965
0.00680390458859
-0.0810936890393
0.00768832766338
-0.0759131659628
0.00826304887256
-0.0703217742932
0.00842382995446
-0.0646948911198
0.00805672304922
-0.0594903080502
0.00708209724073
-0.0551985517529
0.0054863422504
-0.052254575309
0.00323849850426
-0.0510133063349
0.000391152341963
-0.0518120252326
-0.00279158239385
-0.0548355175437
-0.00625725941994
-0.0602124744488
-0.00974560953786
-0.0678692554626
-0.0131386466489
-0.0776493415891
-0.0162597573635
-0.0892545533061
-0.0190084057942
-0.102296613247
-0.0212636682751
-0.116352556606
-0.0229147547554
-0.130973425763
-0.0239312446876
-0.145693110074
-0.0243418408116
-0.160078528698
-0.0241797172711
-0.173772731952
-0.0234767978441
-0.18649804044
-0.0222774558265
-0.198053288446
-0.0206539100331
-0.208344650637
-0.0186564616264
-0.217392239406
-0.0163922235478
-0.225324204326
-0.0139490598067
-0.232376415405
-0.0114503332273
-0.238886575393
-0.00895338503461
-0.245086959716
-0.00663975049817
-0.251289046619
-0.00432056167851
-0.257873816871
-0.00186227030783
-0.265096713981
0.000514285708597
-0.273137090013
0.00287752896526
-0.2819329389
0.00535407767927
-0.291200353629
0.00822762887247
-0.300390081583
0.0116747286219
-0.308785970555
0.015787485723
-0.315468921723
0.0205429424617
-0.319387589863
0.0259942510738
-0.31945917255
0.0321668345081
-0.314839445169
0.0389243408441
-0.304953408468
0.0456869326289
-0.289746315684
0.0518578288461
-0.269612624611
0.0563230485374
-0.245640683066
0.0580618079102
-0.219603218137
0.0566207813898
-0.194068869802
0.0510465702653
-0.171851083633
0.0407891021939
-0.155819868183
0.0263075179795
-0.148856020367
0.00861114930152
-0.154962170308
-0.00955659442483
-0.175779127329
-0.0298749334546
-0.215145661906
-0.0494354397204
-0.273919665872
-0.0725122081192
-0.348700816262
-0.104189926901
-0.430903488981
-0.146197965601
-0.506491514522
-0.195041107066
-0.230178399536
-0.571157731786
-0.0210085907025
4.0242556487e-05
-0.0239106973833
-9.60910977076e-05
-0.0266051190143
-6.07833178979e-05
-0.0290034509102
4.49580424212e-05
-0.0310213832481
0.000226688572283
-0.0325419220617
0.000453290028578
-0.0334594445281
0.000733258125368
-0.0336679148517
0.00104701859973
-0.0330818519644
0.00138719516466
-0.0316310340694
0.00174139059979
-0.0292935174164
0.00212495201977
-0.0261090070344
0.0025116086369
-0.0221298575892
0.00283197577974
-0.0174681426892
0.00303485714539
-0.0123445812475
0.00314871400902
-0.00701687281252
0.00310600533239
-0.0018173655359
0.00286760832223
0.00288690822483
0.00238834675194
0.00657058459768
0.00181210493025
0.00892491537377
0.000892617193266
0.00961025545941
-0.000285403914809
0.00830074781452
-0.00147297897712
0.00489242593887
-0.00283997417506
-0.000809528945462
-0.00403464792946
-0.00867698675516
-0.00526204400975
-0.0186424126145
-0.0062852000314
-0.0304149299587
-0.00722704049804
-0.043622457222
-0.00804783459856
-0.057902224379
-0.00862731367046
-0.0728829475837
-0.00894372234771
-0.0881027328104
-0.00911627328932
-0.103110632941
-0.00916674804396
-0.117510571234
-0.00907241919603
-0.131067736131
-0.00871652871869
-0.1434392867
-0.00827912039386
-0.154450674067
-0.00764216569587
-0.163870108459
-0.00697009294052
-0.171726596816
-0.00609019879752
-0.177906339066
-0.00526894767403
-0.18269807169
-0.00416103025622
-0.186112770367
-0.00322619453581
-0.188179747883
-0.00225724744228
-0.189229173931
-0.000818196736757
-0.189102894127
0.000381980992905
-0.187989046129
0.00175714220846
-0.185725052831
0.00308325595297
-0.182208698315
0.00470444908131
-0.177017378823
0.00647660230055
-0.169857818573
0.00862100419615
-0.160216902131
0.0108949140493
-0.147547553328
0.0133176173742
-0.131178308243
0.0157901999559
-0.110969701107
0.0187083332103
-0.086517114385
0.0212270488304
-0.0578275273659
0.0231611632948
-0.0259637695503
0.0244524624329
0.00765420345108
0.0244371939855
0.0411846620718
0.023084060453
0.0722542705018
0.0199706869152
0.0974534850242
0.0155820279627
0.114243921677
0.00950799420476
0.120147514619
0.00269931086979
0.114579568891
-0.00399589933859
0.0950927733137
-0.0103953345408
0.0612651929107
-0.0156159530744
0.0111159949274
-0.0223735801406
-0.0610324448202
-0.032056412038
-0.159012836189
-0.0482388513378
-0.273860158719
-0.0802243427973
-0.116168188847
-0.38790639221
0.00474098399802
0.0046363747916
0.00457281408424
0.00461800830639
0.00484560603085
0.00530071266121
0.0060361735716
0.00708618445233
0.0084765865767
0.0102217331973
0.0123505711317
0.0148666185567
0.0177034509836
0.020744089438
0.0238992725374
0.0270126307656
0.0298892882067
0.0322925748192
0.034113241353
0.0350017176135
0.0347195801272
0.0332519757372
0.0304177407901
0.0263889130577
0.0211330625439
0.0148541022761
0.00763328927693
-0.000408718244351
-0.00903001970336
-0.017966316924
-0.0270813365947
-0.0362450233774
-0.0453144009874
-0.0540280639533
-0.0623047362591
-0.0699442416189
-0.0769117081115
-0.0829989785036
-0.0882654959393
-0.0924230220699
-0.0956389242257
-0.0979009416933
-0.0987294489474
-0.0983521751745
-0.0965987091387
-0.0935194722812
-0.0888184853511
-0.0823454015918
-0.0737275071879
-0.062836117326
-0.0495217773021
-0.0337352602801
-0.0150302048297
0.00619342037584
0.0293518764458
0.0538016307356
0.0782366767185
0.101319771228
0.121299088803
0.136880852178
0.146369582711
0.149062695664
0.145063111135
0.134664783141
0.119045298694
0.0966667658941
0.0646015527119
0.0163469835069
-0.063910776114
-0.180163750776
1.60029156082
-0.136697783932
1.61584930186
-0.141178837971
1.63281244843
-0.147380792518
1.65135556731
-0.152687369026
1.6716364977
-0.156864760687
1.69381766186
-0.159623652737
1.71805112376
-0.160629712084
1.74453085318
-0.159516001061
1.77340512795
-0.155937342318
1.80488757232
-0.149595719577
1.83920455401
-0.140049882582
1.87680845306
-0.126975961667
1.91753939351
-0.109838532323
1.96307912861
-0.0873292129765
2.0136089586
-0.0587339645086
2.06918109959
-0.0226574259527
2.12888220897
0.0225652035654
2.19190149166
0.0781768449239
2.25653382571
0.144841931469
2.32172418294
0.222312140716
2.38498416523
0.308833008113
2.44422510359
0.403178225254
2.49750524487
0.503127859165
2.54321405162
0.605623745929
2.58029213005
0.707122156394
2.60840284366
0.803683661865
2.62780586412
0.891399229766
2.63980365599
0.966638101419
2.64570797031
1.02965071654
2.64748142734
1.08274129772
2.64628246881
1.12676378531
2.64238273618
1.161044518
2.63667134818
1.18918741025
2.62894284502
1.20937393882
2.61932595652
1.22154452805
2.60816942076
1.22599666238
2.59590787415
1.22319250953
2.583055186
1.21405785512
2.57010969937
1.19971979517
2.55745194087
1.18109307853
2.54534226221
1.15891037255
2.53393525019
1.13380518618
2.52328637509
1.10632295704
2.51336098903
1.07689725588
2.50405405647
1.04580737977
2.49522151885
1.01311199825
2.48670844494
0.978592702044
2.47829722021
0.941779604086
2.46994483202
0.901804715583
2.46163447292
0.857514819363
2.45335904983
0.80768848727
2.44522782062
0.750933520404
2.43750631541
0.685504773784
2.43067907638
0.609016664333
2.42543670217
0.518592150761
2.4225867854
0.41188692616
2.42308778019
0.288682625442
2.42835882369
0.151684545482
2.44069985395
0.00550931569019
2.46310542424
-0.145404138043
2.49795091653
-0.29781515524
2.54477966334
-0.446814669892
2.59823654687
-0.57928701028
2.64789280038
-0.668708243934
2.6833496501
-0.681377791365
2.70010847926
-0.589868379293
2.70396128229
-0.390216645606
2.70974601316
-0.144635217842
2.73417352472
-0.00680821101069
2.76789603816
-0.148094349693
2.79752805915
-0.733366606727
2.79722463275
-1.76881607642
2.74669601961
-3.08496057439
2.63646964834
-4.46142523737
2.46203995918
-5.63834330481
2.21697872524
-6.31387187526
1.90491658645
-6.19509127149
1.55707989864
-5.03075639507
1.1878196947
-2.50681171589
2.42280403351
1.29531314794
-0.147902481436
1.30854720301
-0.1544636419
1.32355325484
-0.162439423494
1.34056143635
-0.169749814398
1.35979681639
-0.176155952382
1.38148847454
-0.181372526277
1.40587062934
-0.185070338353
1.43318338873
-0.186888339133
1.46364468164
-0.186459173481
1.49740993575
-0.183422327196
1.5346811219
-0.177383098248
1.57549951322
-0.167856925602
1.61977712535
-0.154179134897
1.66780609439
-0.135421473622
1.71966707872
-0.110658433034
1.77550053189
-0.0785544451306
1.83565471707
-0.0376524484003
1.90023935412
0.0135290445719
1.96846226319
0.0765561666198
2.03993827911
0.150773497067
2.11257839733
0.236130527039
2.18426344279
0.331431165504
2.25264650545
0.434683221682
2.31548015782
0.542729051638
2.3708947889
0.651647113886
2.41761701157
0.756901762045
2.45540583053
0.85355157973
2.48399086238
0.937995205941
2.50443135936
1.00915345583
2.51877306979
1.06834406824
2.52866391639
1.11681882251
2.53448527804
1.15517061517
2.53777369367
1.18584821492
2.53844081593
1.2086579991
2.53655678077
1.2233819225
2.53234516054
1.23016404613
2.52614057341
1.2293555039
2.51844165375
1.22171807634
2.50983565618
1.20829024939
2.50084219383
1.1900544223
2.49185777093
1.16786637773
2.48314942882
1.14248908945
2.47485912868
1.11459307201
2.46701492318
1.08472579687
2.45955547612
1.05325593476
2.45235129461
1.02031028361
2.44529846652
0.985644812326
2.43818515385
0.948897511102
2.43100500208
0.908994856575
2.42369484837
0.864840388182
2.41626411962
0.815140035567
2.40882372814
0.758400060281
2.40165969232
0.69270015541
2.3952877686
0.615424942518
2.39041321904
0.523507817315
2.38782660618
0.414519116144
2.38844982148
0.288109091647
2.39367464963
0.146513098326
2.40582512827
-0.00658453068132
2.42809689416
-0.167616505127
2.46320927535
-0.332865884481
2.51087852784
-0.494420551155
2.56564824571
-0.633992183305
2.61677488127
-0.719769710486
2.65346385618
-0.718001518202
2.67077511269
-0.607114843414
2.67374710347
-0.393124817295
2.67849232336
-0.149318090627
2.70127906895
-0.0295345565494
2.73334994615
-0.180107229072
2.76212424122
-0.762085740149
2.76137198187
-1.76801191483
2.71053734561
-3.03407771127
2.59955290389
-4.35039666801
2.42372906693
-5.46247988435
2.17751880039
-6.06762705575
1.86537825778
-5.88292176027
1.51641446868
-4.68176987336
1.15748705269
-2.14786862114
2.66324414228
0.964333149552
-0.156805601194
0.975698421225
-0.16587929207
0.989257804914
-0.176050970323
1.00527699467
-0.18582278524
1.02402808628
-0.194962286759
1.04579597722
-0.203196959612
1.07087599797
-0.210208037379
1.09955542997
-0.215626422834
1.13208338241
-0.219046592528
1.16864217202
-0.220041246089
1.2093500391
-0.218151612852
1.25423204247
-0.212799959301
1.30323058253
-0.203238962748
1.35630231705
-0.188554639949
1.41336704316
-0.167784633104
1.47449211326
-0.139740905703
1.53983753097
-0.103058958088
1.60956402574
-0.0562581404305
1.68404441331
0.00201540401758
1.76248973084
0.0722680946278
1.84389400563
0.154666520323
1.92664836799
0.248617498406
2.00871450447
0.352558284767
2.08771524402
0.463670095784
2.16133240622
0.577972403434
2.22763331535
0.69054406259
2.28502171889
0.796107241343
2.33260946866
0.890352483593
2.37063420958
0.971074822038
2.4005277446
1.03839784932
2.42389019528
1.09340503887
2.4416754675
1.1373355162
2.45538076476
1.17209476592
2.46545373407
1.19853873518
2.47206050026
1.21673091369
2.47538392258
1.22679863998
2.4757179186
1.22898200065
2.47354994996
1.22384924254
2.46951574554
1.21229059451
2.46425316828
1.19528633155
2.45830351661
1.17378880893
2.45207049942
1.14869859346
2.44580988788
1.12083413522
2.43963732102
1.0908830321
2.43355845314
1.05932392652
2.42749577593
1.02636675094
2.42133298345
0.991806230051
2.41500188594
0.955232190011
2.40840758272
0.915597770173
2.40151325441
0.871748381205
2.39432827097
0.822343715805
2.38697057828
0.765781410333
2.379751657
0.699947572022
2.3732052868
0.622004470758
2.36799934484
0.528751351804
2.36480518396
0.417755023848
2.36437914161
0.288580705414
2.36799661616
0.142944644553
2.37797897122
-0.0165148311085
2.39762015191
-0.187203046774
2.42990903345
-0.365098018739
2.47506210142
-0.539515258802
2.52838803196
-0.687258646853
2.57993330315
-0.771254917948
2.61848536993
-0.756493430557
2.63891217672
-0.627481901636
2.64446422365
-0.398618002239
2.65114186552
-0.15593822036
2.67253141457
-0.0508683847016
2.70352086217
-0.211043170055
2.73146758023
-0.789981569229
2.72988144218
-1.76637789887
2.67779352569
-2.98194531478
2.56489467437
-4.23745712885
2.38720543313
-5.28475416164
2.14022541466
-5.82061521547
1.8297674748
-5.5724371752
1.4826920191
-4.33467355767
1.13840379038
-1.80356609262
2.8848219809
0.615681330721
-0.164129254352
0.625821633923
-0.176069596885
0.638512671722
-0.18879375832
0.654055215148
-0.201418637446
0.67275977911
-0.213721540641
0.694948458572
-0.225441528736
0.720944711659
-0.236261199418
0.751060185784
-0.245799649137
0.78557433764
-0.253619171178
0.824705861697
-0.259231712673
0.868579180659
-0.26208424231
0.917235219746
-0.261515540577
0.97066888151
-0.256732273833
1.02886186097
-0.246807264111
1.0917391156
-0.230721426561
1.15920802604
-0.207269101658
1.23122242166
-0.175132209326
1.30782689165
-0.132921040997
1.38911739016
-0.0793331928127
1.47477991762
-0.0134521782268
1.56420378995
0.0651853182601
1.65633999518
0.156424442276
1.74966948508
0.259172486101
1.84220070504
0.371083174975
1.93164878618
0.488469299484
2.01565513158
0.60648344861
2.09199191522
0.719717027343
2.15900020285
0.82329169712
2.21599478529
0.914028776261
2.26346534503
0.990876977488
2.30255467424
1.05426667717
2.33444154018
1.10540103884
2.36041590445
1.14607436603
2.38134246122
1.17756788625
2.3976385137
1.20039249249
2.40958568045
1.21481121922
2.41750121795
1.22102852561
2.42186399881
1.2194510524
2.42332448082
1.21079745385
2.42259710965
1.19598402845
2.42034598875
1.1760134843
2.41711189351
1.15190972162
2.41327820257
1.1246485859
2.40907095323
1.09507501344
2.40457866507
1.0638051543
2.39984086892
1.03109790041
2.3946820004
0.996963027008
2.38917352711
0.960743279757
2.38322653727
0.921552131338
2.37680220471
0.87818486304
2.36991852518
0.829244301996
2.36271427381
0.773007259647
2.35552946483
0.707158556379
2.34888774396
0.62867678105
2.34335053521
0.534323350501
2.33937240164
0.421771885115
2.3374346556
0.290560807008
2.33854678559
0.141878144843
2.34481324257
-0.0227327747147
2.35947173748
-0.201810569068
2.38593363788
-0.391506936816
2.42551561601
-0.579042712496
2.47514198475
-0.736829427597
2.52621066504
-0.822267428553
2.56764581258
-0.797872305262
2.59375896573
-0.653539148262
2.60526502182
-0.410068972837
2.6165554115
-0.167174783716
2.63907299874
-0.0733338223873
2.6712372447
-0.243157343368
2.6999931156
-0.818689826087
2.69872397756
-1.76506397741
2.64596083779
-2.92914058832
2.53139684716
-4.12285512109
2.35241661616
-5.10573987509
2.10521086646
-5.57337980093
1.79709471625
-5.2642962407
1.45416945157
-3.99172896739
1.12492847315
-1.47431199706
3.08995067649
0.262181343557
-0.170668741122
0.271785611384
-0.185723526384
0.284208172522
-0.201267689213
0.29977672073
-0.217040046566
0.318833876616
-0.232832847096
0.341730188471
-0.24839307803
0.36880176607
-0.26338890296
0.400369096112
-0.277423803699
0.436739376573
-0.290046796541
0.47817491317
-0.300724950519
0.524857521641
-0.308824759391
0.576886706582
-0.313602706736
0.634279966052
-0.314183464068
0.697009075363
-0.309594138825
0.765041466057
-0.298811298773
0.83825680885
-0.280541494134
0.916541366252
-0.253473322286
0.999807521954
-0.216243331225
1.08797278995
-0.167554207235
1.18081002873
-0.106344732819
1.27787682344
-0.0319363114648
1.37846157027
0.0557853905708
1.48149785813
0.156082473126
1.58546801188
0.267059928073
1.68839271051
0.385492196482
1.78793127095
0.506893235759
1.88160257477
0.625994894301
1.96716712512
0.737677221416
2.04311840995
0.838028561383
2.10900517885
0.924942377064
2.16525237265
0.99797286608
2.21273038231
1.05787775478
2.2525653933
1.10619556512
2.28575072894
1.14434039929
2.31293515609
1.17316771844
2.33456744483
1.19314056433
2.35104934138
1.20451042959
2.3628817188
1.20758483744
2.37072527855
1.20292262445
2.37534123039
1.19133959401
2.3774864345
1.17384281737
2.37782337902
1.1515505741
2.37686396718
1.12558929299
2.37495750233
1.09696651105
2.37229312003
1.06645854062
2.36897537418
1.03440882306
2.36503226387
1.0009036386
2.36045432671
0.965323144521
2.3552318121
0.926781058191
2.34934904108
0.88407854982
2.3428463037
0.835762438188
2.33589747804
0.779975905104
2.32886562961
0.714214539126
2.3222232247
0.63534748193
2.3163517682
0.540227064508
2.31138878996
0.42677083579
2.30739755184
0.294591441267
2.30492470445
0.144393480011
2.30571460343
-0.023477462894
2.31305922017
-0.209107650981
2.33120267341
-0.409600954682
2.36306869538
-0.61085783899
2.40754557407
-0.781254401726
2.45742846641
-0.872097861249
2.50235922825
-0.842750503476
2.53585180585
-0.686979500648
2.55614973983
-0.430315448664
2.57460944862
-0.18558421428
2.60131946336
-0.0999951324956
2.63714510618
-0.278936232207
2.66841092486
-0.849911201313
2.66840481277
-1.76501608289
2.61506842045
-2.8757654198
2.49903104681
-4.00678232891
2.31910861302
-4.92578575025
2.07246199628
-5.32670562567
1.76770978174
-4.95952106318
1.43058157877
-3.65458294618
1.11586399414
-1.15958247082
3.27983772954
-0.0841193709345
-0.177016460764
-0.0745372745742
-0.195354967467
-0.0619686233945
-0.213887346529
-0.0460657906341
-0.232995298624
-0.0264643848986
-0.252487856353
-0.00280757260484
-0.272104451667
0.0252582215789
-0.291509999004
0.0580779763903
-0.310299397131
0.0959797564698
-0.328004765366
0.13926342778
-0.344064993553
0.188155772226
-0.357773511873
0.242806454954
-0.368309705409
0.303265778422
-0.374698891775
0.369512577114
-0.375896699015
0.441663044201
-0.371017056205
0.519525596744
-0.35845878635
0.602985294173
-0.336987235169
0.691906099771
-0.305217888884
0.786133022298
-0.261834411223
0.885439370283
-0.205703854323
0.989460013376
-0.136009184088
1.09766223349
-0.0524684803452
1.20924907602
0.044444594241
1.32305565296
0.153202968038
1.43746197757
0.271036185884
1.5503627747
0.393943500322
1.6592875192
0.517022018079
1.76172347079
0.635194013221
1.85558736784
0.744118362229
1.93961439963
0.840870088777
2.01342278295
0.924120375387
2.07732070541
0.993936990289
2.13210113006
1.05137369259
2.17867444624
1.09772717017
2.21780095083
1.13400298765
2.25007736339
1.16082777365
2.27601801321
1.17853541939
2.29617793856
1.18739274732
2.31123603242
1.18783474987
2.32198018379
1.18056824966
2.32922862331
1.16656999407
2.33374009119
1.14701776258
2.33614729494
1.12316401286
2.3369207349
1.09617849572
2.33642671092
1.06694172598
2.33474945606
1.03607917371
2.33213311462
1.00351714983
2.32861527059
0.968842320415
2.32422569819
0.93117617262
2.31898921517
0.889324799023
2.31298861243
0.841777010792
2.30644356852
0.786539064563
2.29972430497
0.720955964935
2.29319929209
0.641898561581
2.28698432494
0.546471816356
2.28077529551
0.433013137591
2.27407008017
0.301333144272
2.26688897807
0.151613974315
2.2608187453
-0.0173652787197
2.25967931674
-0.207924085693
2.2689165718
-0.418792284837
2.29284298337
-0.634736950438
2.3318280059
-0.820191172122
2.37962359267
-0.919844669765
2.4272924454
-0.890370475268
2.4680827856
-0.727721272323
2.49857034464
-0.460755154039
2.52613827804
-0.213105396361
2.55998624122
-0.13379781638
2.60201367141
-0.320920209068
2.63754120562
-0.88539744623
2.63933286926
-1.76676895037
2.58522659663
-2.82162316856
2.46778789422
-3.88931079565
2.28706873564
-4.74503725641
2.04202434933
-5.08163578086
1.74177287481
-4.65924844331
1.41166848702
-3.324462247
1.11134225015
-0.859245465535
3.45282580802
-0.412402078766
-0.183644149112
-0.402544391167
-0.205261701907
-0.389634932959
-0.226847457864
-0.373322779779
-0.249359426421
-0.353234059268
-0.272629612856
-0.328993961246
-0.296398394887
-0.300237059606
-0.32032131818
-0.266598546707
-0.343992683106
-0.227708741943
-0.366949505364
-0.183236803148
-0.388591862095
-0.132916514665
-0.408148584114
-0.0765574437295
-0.424723299558
-0.0140954205138
-0.437215058233
0.0546537901973
-0.444699514293
0.12964706
-0.446063303485
0.210827090943
-0.439691193077
0.298075649495
-0.424287606393
0.391272716141
-0.39846621707
0.490256915473
-0.360869308664
0.594819269339
-0.310316323896
0.704663129444
-0.245902557899
0.819342411032
-0.167196653612
0.938254621045
-0.0745158634505
1.06043380188
0.030976209302
1.18452147666
0.146901634341
1.30868537111
0.26973346877
1.43062491813
0.395037120732
1.54779404987
0.517980374903
1.65778852995
0.63408028718
1.75874379976
0.739872215196
1.84955614882
0.833266505557
1.92988764655
0.913565159039
2.00003915738
0.981183151912
2.06066174637
1.03706698287
2.11247557542
1.08215312986
2.15614748373
1.11712155257
2.19228522056
1.1423652388
2.22150620386
1.15814134883
2.24451217779
1.16480055877
2.2621031058
1.16295148973
2.27512933547
1.15352052877
2.28441584653
1.13771083563
2.29069719445
1.11686528194
2.29456083683
1.09230073248
2.29648022522
1.065011723
2.29678609337
1.03576639174
2.2957103814
1.00458977262
2.293419572
0.971133936111
2.29001268427
0.934587798419
2.2855750741
0.893771087797
2.28025341417
0.847111269518
2.27431653731
0.792492406746
2.26811251497
0.727180227876
2.26183332905
0.648201632028
2.25521594293
0.553116558054
2.24739110658
0.440868586814
2.23728719275
0.311470674966
2.22471920591
0.164218292728
2.21177513084
-0.00438247921275
2.20335185448
-0.19946004055
2.20585138676
-0.421249374542
2.22371367825
-0.652555510846
2.25754747764
-0.853980347112
2.30159830776
-0.963850379733
2.34947567366
-0.938202620855
2.39541483968
-0.773615505586
2.43552683358
-0.500822878877
2.47334678887
-0.250882108356
2.5166693732
-0.177078528876
2.56715977905
-0.371370445433
2.60823539726
-0.926434913677
2.61183179486
-1.77032952375
2.55665003461
-2.7664082145
2.43779725399
-3.77042776082
2.25647030356
-4.56368331748
2.01396424531
-4.83910635735
1.71925850365
-4.36452336974
1.3974161102
-3.00260504715
1.11204855189
-0.573868303879
3.60808073857
-0.711569810206
-0.190757702677
-0.701348732996
-0.215531539843
-0.688156798644
-0.240089692458
-0.671639835533
-0.26592790175
-0.65141176307
-0.292910114188
-0.627074096087
-0.320789127639
-0.598221332524
-0.349227528228
-0.564438542031
-0.377829072741
-0.52531146547
-0.406130136451
-0.480494834726
-0.433461837256
-0.429685277281
-0.459011142454
-0.372643501352
-0.481817627108
-0.309174420204
-0.500736109175
-0.239111612278
-0.514813574725
-0.162566958016
-0.522658500347
-0.079471343826
-0.522836708908
0.0101070782712
-0.513915296577
0.106068625779
-0.49447639241
0.208279493283
-0.46312815943
0.316559496443
-0.418643662219
0.430676908226
-0.360066652535
0.550246824572
-0.28681259473
0.674846660358
-0.199161057168
0.803656315945
-0.0978781240049
0.935515049691
0.0149989226429
1.06877990133
0.136425366132
1.20136389624
0.26241063785
1.33082504274
0.388477549592
1.45464515324
0.510219364036
1.57059085553
0.623886635121
1.67700373187
0.726814766979
1.77293716806
0.817593968989
1.85814176873
0.895942010335
1.93288293484
0.962290604196
1.99769416062
1.01730814449
2.05320170416
1.06158183399
2.10004437359
1.0954921151
2.13887735644
1.11927977255
2.1704155372
1.13323579386
2.19545586063
1.13788676055
2.21485443624
1.134099928
2.22947560817
1.1230702384
2.2401288153
1.10619544306
2.24756262001
1.08485331552
2.25224852913
1.06031548465
2.2547832167
1.03322484943
2.25549528881
1.00387442239
2.25464550993
0.971984062809
2.25242324596
0.936814059117
2.24899937199
0.897202610966
2.24460164893
0.851520274466
2.23953796962
0.797570951646
2.23408206351
0.732654500063
2.22814007494
0.654165366848
2.22094860647
0.560332993943
2.21107177464
0.450773410149
2.19722798265
0.325345248458
2.1798298568
0.181649722451
2.16228557066
0.0131973350462
2.15059951526
-0.18773655576
2.15088484429
-0.421495716665
2.16579185188
-0.667422331412
2.19480678223
-0.882954257259
2.23275591906
-1.00175803228
2.27691666239
-0.982321783435
2.32411081274
-0.820768338924
2.37138990775
-0.548061270364
2.41957137959
-0.299023826831
2.47389555714
-0.231364224911
2.53440416157
-0.431842148109
2.5814660662
-0.973461791077
2.58602382946
-1.77485442104
2.52930580749
-2.70965977125
2.40914304239
-3.65023730762
2.22781908333
-4.38233470806
1.98833969708
-4.59960569267
1.70007211397
-4.07623826421
1.38774946422
-2.69026909392
1.11820659863
-0.304316993001
3.7456911414
-0.967811164499
-0.198541367244
-0.957254420702
-0.226136757873
-0.943995498053
-0.253398546081
-0.927677278734
-0.282297131196
-0.907889464345
-0.312749683218
-0.884188128707
-0.344542654109
-0.856121084486
-0.377346925597
-0.82323482107
-0.410767615894
-0.785091799822
-0.444325167289
-0.741273804064
-0.477331413277
-0.691414984644
-0.508920985987
-0.635194365375
-0.538088601417
-0.57228987927
-0.563690151714
-0.502615459696
-0.584536716142
-0.426073417969
-0.599248517567
-0.342631768287
-0.606325631026
-0.25231929082
-0.60427433074
-0.155228953379
-0.591612567894
-0.0514851310844
-0.566917107674
0.0587687094313
-0.528941926493
0.17533623974
-0.476677914168
0.297986280839
-0.409505682161
0.426238767838
-0.327455909051
0.559515077766
-0.231196115499
0.696840172244
-0.122367161405
0.83677878333
-0.00355352577763
0.977400463791
0.121749411248
1.11642629587
0.249412942129
1.2513639572
0.375243745072
1.37980442616
0.495409084762
1.49971739611
0.606865662117
1.60966071673
0.707615541993
1.70886212242
0.796706620091
1.79714248412
0.873977483234
1.87473671121
0.939682495138
1.94211534326
0.994173233821
1.9998594992
1.03771956434
2.04860785458
1.07050471495
2.08905893222
1.09275983115
2.12198486614
1.10493790693
2.14822276239
1.10784127325
2.16864804343
1.10262658211
2.18412461434
1.090703043
2.19544851875
1.07351635206
2.20336216485
1.05239185212
2.20846208849
1.02811819821
2.2112508461
1.0010822669
2.21211027245
0.971124590737
2.21134022962
0.937587416999
2.20922101317
0.899328502164
2.20606867027
0.854682633314
2.20219253201
0.801460403292
2.19769987752
0.737163690474
2.19207695948
0.659807934316
2.18402896722
0.568403604143
2.17187155334
0.462956230214
2.15493245799
0.342312323513
2.13523011928
0.201382368594
2.11782107292
0.0306387423123
2.10888977421
-0.17877113991
2.11228497226
-0.424855358077
2.12723394299
-0.682334635353
2.15132578088
-0.907008656696
2.18083422469
-1.03122860649
2.21705374148
-1.0185033389
2.26081967464
-0.864496551703
2.31161576475
-0.598820204316
2.36937105762
-0.35674283899
2.43502434004
-0.29698239978
2.50582364464
-0.502607803341
2.55807224503
-1.0256784735
2.56221464824
-1.7789669035
2.50304381846
-2.65046128113
2.38151911365
-3.52868747084
2.20107217095
-4.20186544501
1.96524404
-4.3637583641
1.68407464384
-3.79505315142
1.38254538819
-2.38872803565
1.12932383047
-0.0510881440588
3.86649091156
-1.16321001651
-0.207120538219
-1.15244136419
-0.236953579662
-1.13945071567
-0.266438715949
-1.12389037419
-0.29790790988
-1.10531951715
-0.331371515684
-1.08322930011
-0.366684048544
-1.0571230236
-0.403504293869
-1.02659025667
-0.441351151512
-0.991172079713
-0.479793600582
-0.950331946366
-0.51822114324
-0.903603221172
-0.555698525557
-0.850567419285
-0.591172328932
-0.790840278341
-0.623464270503
-0.724145908509
-0.651277165423
-0.650277288151
-0.673162401322
-0.569086412804
-0.687560972902
-0.480518498902
-0.692885914084
-0.384606659974
-0.687567290564
-0.28146316282
-0.670102722663
-0.17126971983
-0.639176744468
-0.0542449476612
-0.593743340872
0.069360671245
-0.533151254552
0.199150162491
-0.457284667357
0.334579635185
-0.366664177281
0.47482796547
-0.262653403859
0.618699972185
-0.147462760334
0.764500452827
-0.0240875960984
0.910119381535
0.103758214849
1.05316103572
0.232167058259
1.19119140276
0.357344500139
1.32197585509
0.476047867799
1.44371706461
0.585841937994
1.55520048802
0.685191832387
1.65580620251
0.773341526819
1.74540776027
0.850051917278
1.8242250677
0.915328231319
1.892687732
0.969230632149
1.95134547967
1.01182222371
2.00083317825
1.04324900991
2.04186691175
1.06388279407
2.0752417447
1.07444699723
2.10181689992
1.07603415978
2.12251395428
1.06999100624
2.13813628563
1.05788154633
2.14959494907
1.04092359953
2.15760987102
1.02009674528
2.16280863814
0.995880051228
2.16570648237
0.968226370098
2.16673432824
0.936562261082
2.16629556759
0.89977301473
2.16477648205
0.856210516605
2.16241337958
0.803835311438
2.15898894704
0.740602870403
2.15353572013
0.665278752749
2.1444453716
0.577514257537
2.13053764471
0.476886811939
2.11278393628
0.360091241538
2.09537493245
0.218818712949
2.08451248891
0.0415304070894
2.08455721272
-0.178785033105
2.09521344515
-0.435479440026
2.11207527343
-0.699163294439
2.13099336266
-0.925892867914
2.15044103357
-1.05064200229
2.17542049785
-1.04344844217
2.21167310516
-0.900715017091
2.26231418922
-0.649427662291
2.32774253589
-0.42213836122
2.403821667
-0.373029781811
2.48331225664
-0.582067981492
2.5384455031
-1.0807828978
2.54055462997
-1.78104904262
2.47788179146
-2.58776353232
2.35483346509
-3.40561655931
2.17606674476
-4.02307872683
1.94467004065
-4.13234453767
1.67103992547
-3.52140912207
1.38088242879
-2.09856023555
1.14387885647
0.185921566821
3.97124043752
-1.27639999588
-0.216596215375
-1.26569767697
-0.247703718656
-1.25357338195
-0.278612047534
-1.23968110093
-0.311849940187
-1.22360191123
-0.347500744621
-1.20479125081
-0.385544677501
-1.18257246771
-0.425772680847
-1.15627647438
-0.467696154095
-1.12543333845
-0.510684977242
-1.08966658944
-0.554035227784
-1.04852783543
-0.596883602481
-1.00153867985
-0.638206751811
-0.948224496064
-0.676822699344
-0.888142106375
-0.71140283777
-0.820872710177
-0.740474159382
-0.74603224625
-0.762442902876
-0.663330488897
-0.775628267502
-0.572563356435
-0.778374179915
-0.473694586852
-0.769010444856
-0.366834917248
-0.74607459817
-0.252229808004
-0.708385899639
-0.130239346215
-0.655178461134
-0.00134067907306
-0.58621939877
0.133869897092
-0.501910154523
0.274570792728
-0.403389046812
0.419678880711
-0.292604942546
0.567710680603
-0.172152828296
0.716861330852
-0.0454251868173
0.864862531057
0.084133817112
1.00935708354
0.212818657746
1.14805341394
0.337321050141
1.27894154823
0.454924181634
1.40047324451
0.563631451987
1.51163829314
0.66214881364
1.61193553818
0.749728115256
1.70127444483
0.825963965351
1.77985396762
0.890627033341
1.84806072972
0.943592742563
1.90640980381
0.984878636953
1.95552586402
1.0147469427
1.99613043858
1.0338243332
2.0290756867
1.04307281331
2.05518909747
1.04386349542
2.07547441749
1.03758434804
2.09083572806
1.02555315085
2.10212986271
1.00879634955
2.11011598025
0.987890504029
2.11545004332
0.96289166031
2.1187060467
0.933308375527
2.12040396351
0.898079974897
2.12091998278
0.8557021211
2.12030432507
0.804461308362
2.11793142592
0.742988767075
2.11251004165
0.670715706908
2.10277030872
0.587272016196
2.08902000643
0.49065744949
2.07457838274
0.374555334381
2.06537262252
0.228048874501
2.06679309147
0.0401360456132
2.07997733622
-0.191941709536
2.10019954971
-0.45567288651
2.11969475205
-0.718628803844
2.13344144848
-0.939609226618
2.14242374778
-1.05959360196
2.15510511664
-1.05609903226
2.18143950886
-0.92701882869
2.22897834664
-0.696936387759
2.29905190116
-0.492182532115
2.38331593126
-0.457265406725
2.46805947489
-0.66678433784
2.52231323481
-1.13501091872
2.51999857365
-1.77871031521
2.45362333508
-2.52136612332
2.32969597096
-3.28166914816
2.15291514955
-3.84628022307
1.92637486687
-3.90578920288
1.66070052368
-3.25572266414
1.38252046605
-1.82037137242
1.1612031155
0.407243902988
4.06168265684
-1.30451971992
-0.226602513311
-1.29425185685
-0.258018968442
-1.2832602294
-0.289652100332
-1.27109662684
-0.324062426139
-1.25734792855
-0.361298317625
-1.24155320692
-0.401387888663
-1.22304577101
-0.444327932867
-1.20114802129
-0.489640835246
-1.17545674613
-0.536422141534
-1.14566858099
-0.583868124032
-1.11141716965
-0.631178547318
-1.07229053724
-0.677375763887
-1.02782836436
-0.721326159199
-0.977507591855
-0.761763844816
-0.920730894294
-0.797290076147
-0.856837723142
-0.826374322068
-0.785208926061
-0.847294389189
-0.705161678272
-0.858457878236
-0.616264232191
-0.857943516686
-0.51823920887
-0.844134470048
-0.411080100482
-0.815579123223
-0.295067392608
-0.771224589417
-0.170748676337
-0.710570872697
-0.0389004173385
-0.633790532967
0.0994822831156
-0.541803244773
0.243175940193
-0.436329482544
0.390748675888
-0.319755830206
0.540498300974
-0.195204449354
0.690415702385
-0.0658125706251
0.838275035939
0.064931021896
0.981827918387
0.193740592932
1.11899313111
0.317732175575
1.24800890859
0.434589726187
1.36755624968
0.542576441138
1.47678858041
0.640471747533
1.57528616621
0.727443415142
1.66296760465
0.802923773303
1.73999703042
0.86654268761
1.80671812999
0.918138123437
1.86362461889
0.957822291697
1.91133358117
0.986098656378
1.95064289576
1.0037486408
1.98239317446
1.01210002467
2.00756790265
1.01239831661
2.02715321164
1.0059592134
2.04210203156
0.993841619658
2.05329756175
0.97669163343
2.06153660984
0.954651752445
2.06752276356
0.927323816318
2.07183389847
0.893772885824
2.07472924134
0.852813268447
2.07595448578
0.803244974529
2.07458366618
0.744370869891
2.06951932523
0.675793629544
2.06071439057
0.59609272886
2.05071983555
0.500669849606
2.04487198127
0.380422944938
2.04925159744
0.223690746228
2.06694117893
0.0224694819411
2.0948143529
-0.219790554889
2.12422773779
-0.485060866657
2.14584833587
-0.740223165305
2.15489565135
-0.948629725851
2.15445397144
-1.05912478007
2.1560998815
-1.05771772891
2.17228479927
-0.943176711104
2.21487365917
-0.739498633898
2.28628090984
-0.563563825563
2.37473607773
-0.545695499725
2.46008625852
-0.75211054288
2.50906168982
-1.18396368248
2.49996764649
-1.76959511654
2.43018874812
-2.45156778505
2.30605292777
-3.157515811
2.13161847595
-3.67183039808
1.91005778319
-3.68421552371
1.65303131925
-2.99868588229
1.38730277104
-1.55463551588
1.18067605368
0.61387445147
4.14043267461
-1.25559729731
-0.23666608902
-1.24630600457
-0.267357069873
-1.23704843625
-0.298957279515
-1.22708441045
-0.334074200933
-1.21562114944
-0.372808963251
-1.20201679098
-0.415038891003
-1.18595227472
-0.460438086316
-1.16721241121
-0.50842514194
-1.14546527518
-0.558212398505
-1.12041709221
-0.608958066484
-1.0918749397
-0.659761151567
-1.05966435446
-0.709625566329
-1.02355060705
-0.757477938705
-0.983176233767
-0.80217511163
-0.938016564782
-0.842485557764
-0.887365101118
-0.87706058174
-0.830282314042
-0.904411021692
-0.765808628993
-0.922964522748
-0.692835918645
-0.930948362199
-0.610402704474
-0.926599052283
-0.517798529502
-0.90821395088
-0.414705824004
-0.874347277378
-0.301290248535
-0.824015798239
-0.178215015411
-0.756894513661
-0.0465883568098
-0.673458069862
0.0921011867808
-0.575046624066
0.236153057581
-0.463834733643
0.383651929154
-0.342729781943
0.532633943221
-0.214820457928
0.680956978923
-0.0834172730982
0.826443488711
0.0482294739859
0.967016736853
0.17713501441
1.10082871435
0.300754586998
1.22634848033
0.417034327827
1.3424444521
0.524354310947
1.44838754989
0.621479802888
1.54380241675
0.707489399231
1.62859755372
0.781729077092
1.70290847285
0.843809739186
1.76706779283
0.893646472725
1.82159283236
0.931558268047
1.86711401982
0.958213936504
1.90452459084
0.974677183378
1.9347688352
0.982143266753
1.95886830574
0.981851700471
1.97785567325
0.974848787666
1.99272349979
0.961820626412
2.00438724757
0.942986984713
2.01362064731
0.918091531664
2.02095860238
0.886438184674
2.02643540926
0.847341854628
2.02955485528
0.800133044703
2.02951259218
0.744422734198
2.02618757363
0.679130272035
2.02147093247
0.600822928993
2.01999122827
0.502164935723
2.02789812611
0.372533115808
2.04960506924
0.202002401293
2.08438914801
-0.0122946464177
2.12529078353
-0.260671080645
2.1616419713
-0.521389992332
2.18442152412
-0.762979919354
2.18965788915
-0.953842778659
2.18223863138
-1.05168192147
2.17549515169
-1.0509505855
2.18366500407
-0.951323058551
2.22097497839
-0.7767854789
2.28978658674
-0.632352889762
2.3767459526
-0.632633108449
2.45769119317
-0.833035007544
2.49777794234
-1.22403082478
2.48045547122
-1.75225439126
2.40779508563
-2.37889068153
2.28378079078
-3.03348652233
2.11205109906
-3.50008763669
1.89583335702
-3.46798685694
1.64785762965
-2.75070163162
1.3947860949
-1.30155816964
1.20148662133
0.807176599164
4.20991528737
-1.14759570779
-0.244904695827
-1.14117437373
-0.273824393068
-1.13533681135
-0.304841317652
-1.12895585389
-0.340501374728
-1.12098160709
-0.380828648785
-1.11059294243
-0.42547186558
-1.09726199533
-0.473811983887
-1.08069879813
-0.525029784623
-1.06077991603
-0.578171180588
-1.03755234208
-0.632224058651
-1.01120143904
-0.686149079308
-0.981963474068
-0.738899227598
-0.950041307697
-0.78943453564
-0.915529931532
-0.836719726814
-0.87833459317
-0.879713024585
-0.83809326025
-0.917333015268
-0.794101960725
-0.948432474571
-0.745334032382
-0.971761733484
-0.690412445825
-0.985898430613
-0.627757091218
-0.989282152198
-0.555765921071
-0.980232186595
-0.47305569655
-0.957083937016
-0.378720441301
-0.918376899536
-0.272537729356
-0.863102515789
-0.155064279736
-0.790956278579
-0.0276096479025
-0.70252550004
0.107909155742
-0.599377273743
0.249200339149
-0.484044192347
0.39393369349
-0.35957651882
0.539741810154
-0.229247555557
0.684334551702
-0.0963848629421
0.82555981044
0.0358887695562
0.961496341977
0.164797726148
1.09050039129
0.288010661069
1.21122647712
0.403609379578
1.32268039646
0.510007869497
1.42420949682
0.605943163165
1.51546186539
0.690460458132
1.59634597228
0.762910188112
1.66701299271
0.82296464755
1.72784294817
0.870714260343
1.779335401
0.906709474559
1.82233794635
0.931663289707
1.85775966052
0.946711065664
1.88663291665
0.952971111589
1.91004429001
0.951432508866
1.92906117651
0.942800788283
1.94465654197
0.927390485934
1.957585426
0.905163321416
1.96820624268
0.875819864343
1.9764319901
0.839120435213
1.98183616589
0.794735021137
1.98441579612
0.741851052059
1.98568177902
0.677873982743
1.98947563733
0.597040436548
2.0014363438
0.490217172401
2.02664297129
0.34734089242
2.06636229207
0.162298810585
2.11605314754
-0.0619685986114
2.1663822102
-0.31098223334
2.20662833627
-0.561617381023
2.22917951054
-0.78551171581
2.23167055179
-0.956313995745
2.22029491219
-1.04028620709
2.20840980678
-1.03904535173
2.21088449091
-0.953777754559
2.24308859021
-0.808969920449
2.3064919518
-0.695737108115
2.38621878119
-0.71234148705
2.45700628524
-0.90380492491
2.48714754682
-1.25415553044
2.4626408963
-1.727732379
2.38670846844
-2.30294425007
2.26288722772
-2.90965280442
2.09413052751
-3.33132016533
1.88378114911
-3.25762861209
1.64501412533
-2.51192787743
1.40449094908
-1.06103067893
1.22340586058
0.988263201365
4.27204079703
-1.01734762045
-0.248370340185
-1.01674990846
-0.274466872551
-1.01695135282
-0.304684713473
-1.01612186748
-0.341374963383
-1.01273374664
-0.384259639439
-1.00569094345
-0.432556006022
-0.994348727033
-0.485193833971
-0.978458572183
-0.540957824083
-0.958087042837
-0.598578918465
-0.933556988799
-0.656788751367
-0.905378616679
-0.714360606734
-0.87417740884
-0.770132193105
-0.840626631339
-0.823015770131
-0.805371890851
-0.872003725417
-0.768945684738
-0.916167391076
-0.731662719866
-0.954643139716
-0.693521151873
-0.986600292058
-0.654054625327
-1.01125368258
-0.612299879711
-1.0276778471
-0.566743287112
-1.03486273093
-0.515408838664
-1.03158999526
-0.456054582087
-1.01646097851
-0.3864906706
-0.987963063112
-0.304965681992
-0.944649258064
-0.210529549871
-0.885413692242
-0.103277052172
-0.809798825309
0.0155893929274
-0.718264102367
0.143903881587
-0.612378622099
0.279000367325
-0.494692496417
0.418040418769
-0.368306634323
0.558262111298
-0.236625094391
0.697143851641
-0.103010988937
0.832470067061
0.0294540539245
0.96239695793
0.158066922693
1.08541880823
0.280571344326
1.20031533193
0.395095877069
1.30618119717
0.500062586977
1.40241326711
0.594214430834
1.48868748183
0.676622638842
1.56496599582
0.746673065185
1.63142355552
0.804243750336
1.68855491383
0.849567928469
1.73700087618
0.883206887482
1.77764445649
0.906056941433
1.81151009004
0.919099090506
1.83969683735
0.923241550773
1.86328241503
0.91921254972
1.88321030566
0.907461386878
1.90012635244
0.888247538616
1.91430162256
0.861646362018
1.9257612402
0.82766410818
1.93475366127
0.785747414821
1.94263566883
0.733975364877
1.95261083093
0.667906608132
1.96958724466
0.580073218555
1.99856572711
0.461249216093
2.04199168711
0.303926692457
2.0975207049
0.106782674089
2.15785015992
-0.122284179279
2.21307087053
-0.366188216635
2.25392246455
-0.602453546219
2.27505627089
-0.806629550021
2.27562496204
-0.956866336348
2.26275690003
-1.02740158267
2.24885367559
-1.02512552132
2.2481266817
-0.953034277079
2.27523648213
-0.836063523079
2.33109914446
-0.751584017171
2.3999933259
-0.781220513772
2.45681885453
-0.960616046594
2.47616967348
-1.27349283572
2.44576244264
-1.6973126711
2.3668099423
-2.22398045372
2.24341154514
-2.7862444411
2.0778486802
-3.16574882351
1.87392531709
-3.05369843796
1.64416952285
-2.28216714435
1.41628453625
-0.83314287546
1.24632184013
1.15822624658
4.32821226459
-0.88498154042
-0.242691412547
-0.894557924663
-0.2649333621
-0.90470462449
-0.294580451539
-0.912471450991
-0.33364930964
-0.915701473904
-0.381069099418
-0.913075045071
-0.435220012603
-0.903967684235
-0.494336804727
-0.888294373225
-0.556664853403
-0.866366772306
-0.620538473332
-0.838772554583
-0.684413274776
-0.806288981019
-0.746872955723
-0.769825503785
-0.806623043227
-0.73037769021
-0.86248968248
-0.688983647336
-0.913422715912
-0.646672423108
-0.958502526251
-0.604382842239
-0.996955699629
-0.562941426111
-1.02806384994
-0.52273364965
-1.05148284827
-0.483825315633
-1.06660689283
-0.445594923076
-1.07311322368
-0.406713353147
-1.0704911111
-0.365119892638
-1.05807347966
-0.318157511821
-1.03494402041
-0.262905121778
-0.999919793896
-0.196657256689
-0.951679298442
-0.117457015562
-0.889016421505
-0.0245472443833
-0.811190853863
0.0813854855193
-0.718327961478
0.198372809268
-0.611696055269
0.323597768623
-0.493547443334
0.453866562599
-0.366909333849
0.586030982831
-0.235190424001
0.717258814868
-0.101788328096
0.845161937844
0.0301497561662
0.967872423921
0.15784736885
1.08393380681
0.279021609187
1.19218385952
0.391800295807
1.29176547157
0.494621225776
1.38213783559
0.586239166884
1.46296037849
0.665839285976
1.53433692112
0.732854887608
1.59657445018
0.787322659513
1.65021113558
0.829560651102
1.6960362908
0.860220426384
1.7350258518
0.880104585414
1.76823404974
0.890029982802
1.79667264702
0.89077162732
1.82120817561
0.882924601839
1.84243284027
0.867022752376
1.86078403587
0.843296229216
1.87686563589
0.811584784452
1.8920575989
0.770558951638
1.90911987364
0.716917804628
1.93221423014
0.644818153979
1.96586713525
0.546427359091
2.01295323441
0.414171245107
2.07265335774
0.244235703141
2.13969357216
0.0397525092276
2.20560149855
-0.188181244163
2.26140047431
-0.421975632552
2.30010177656
-0.641142713853
2.31871098372
-0.825226177207
2.31788964085
-0.956032103746
2.30500244962
-1.01450132926
2.29114788943
-1.01125786607
2.2890460277
-0.950919425426
2.31136385594
-0.858368603197
2.35821296516
-0.798420753437
2.41492921935
-0.837924900331
2.45723750674
-1.00291309846
2.46460685263
-1.28085170266
2.42857445551
-1.6612706749
2.34799060702
-2.14338801109
2.22546996174
-2.66371633603
2.06319358176
-3.00346625745
1.86601307187
-2.85651317037
1.64532108546
-2.06147200993
1.42981771484
-0.617638186503
1.27033935796
1.31770378304
4.37965220871
-0.755338985366
-0.220094403689
-0.78182745805
-0.238484773573
-0.807261413816
-0.269185430816
-0.827267220516
-0.313680689937
-0.839190884517
-0.369180553044
-0.841891940911
-0.432551884595
-0.835198119754
-0.501061422478
-0.819530245442
-0.572361543809
-0.795643604998
-0.644452109995
-0.764476950921
-0.71560527055
-0.727071738947
-0.784302024635
-0.684529637035
-0.849187679419
-0.637993485549
-0.909047193905
-0.58863950036
-0.962797019614
-0.537671072852
-1.00949034861
-0.486317365017
-1.04832798251
-0.435734506851
-1.07866455466
-0.387125380694
-1.10010917243
-0.341397328108
-1.11235156475
-0.299066888665
-1.11545976433
-0.260156322413
-1.10941731263
-0.223886419305
-1.09435859659
-0.188536909165
-1.07030836021
-0.151466919259
-1.03700425983
-0.109356704173
-0.993803659965
-0.058694883508
-0.939692076731
0.00355236742885
-0.873451638949
0.0792725119019
-0.794061344915
0.168752714223
-0.701189200289
0.270690345428
-0.595497713462
0.382517655229
-0.478748964654
0.500950463354
-0.353635214168
0.622550405316
-0.223399884868
0.744158301405
-0.0914693517355
0.863148882874
0.0388460217252
0.977531289415
0.164628932245
1.08580116525
0.283520693648
1.18678913245
0.393624097784
1.27961559324
0.493403979761
1.3638200756
0.581625672449
1.43918991409
0.657472278031
1.5058882813
0.720617037973
1.5643177224
0.771122046491
1.61513995049
0.809387244348
1.65923389793
0.836008230804
1.69756162442
0.851699821579
1.73105219803
0.857279077844
1.76054669937
0.853428810316
1.78684533256
0.84072362911
1.81088571624
0.819256221602
1.83418875626
0.788283025159
1.85924198021
0.745507931322
1.88956345357
0.686599458273
1.92903285391
0.605352788703
1.98045444093
0.495010684796
2.0438822238
0.350749208851
2.11567013202
0.172454318505
2.18897276696
-0.0335428930986
2.25563926149
-0.254839876026
2.30853914705
-0.4748671125
2.343133722
-0.675728435905
2.35839150823
-0.84047476377
2.35633616892
-0.953967324316
2.34403755177
-1.00219313958
2.33118638817
-0.998397108297
2.32859063379
-0.948314165335
2.34641323329
-0.876181895354
2.38377389216
-0.835772411346
2.42715984944
-0.881302269342
2.45594841151
-1.03169358935
2.45355197995
-1.27844782049
2.41223435424
-1.61994632249
2.33013441689
-2.06128217672
2.20899995572
-2.54257691771
2.05020663276
-2.84466903652
1.85978843457
-2.66609226631
1.64836733894
-1.85004955684
1.44486062802
-0.414131656953
1.29540801832
1.46715439889
4.42739311707
-0.623457142009
-0.167828528563
-0.676893425203
-0.185083860717
-0.724493077036
-0.221619957017
-0.760154295086
-0.278051531913
-0.781626742689
-0.34773775764
-0.789155966838
-0.425049892008
-0.783861278536
-0.50638110817
-0.767164067789
-0.589081757928
-0.740541831396
-0.671095597619
-0.705426658702
-0.750740171462
-0.663170194708
-0.826576897444
-0.615041280383
-0.897333858589
-0.562240161056
-0.961864583653
-0.505921166383
-1.01913141742
-0.447220399117
-1.06820576017
-0.38728373741
-1.10827862253
-0.327272634219
-1.13868905002
-0.26840663489
-1.15898804669
-0.212059651226
-1.1687109654
-0.159228450207
-1.16830297548
-0.111091892013
-1.15756551785
-0.0682698075529
-1.13719200219
-0.0307315829867
-1.10785761132
0.00250755947265
-1.07025416
0.0335623878661
-1.02486899779
0.0656199964634
-0.971759962033
0.102562989069
-0.910404686149
0.14827833142
-0.839786525441
0.205837595266
-0.758758086574
0.27681198808
-0.666481508479
0.360985574624
-0.562931723179
0.45649391953
-0.449152484888
0.560316284265
-0.327230906657
0.66895128631
-0.200112711852
0.779023188687
-0.0712339005959
0.8876599059
0.0559845826592
0.992700011
0.178473403911
1.09244655019
0.293870884106
1.18569838091
0.400145979256
1.27161241085
0.495705392052
1.34972241664
0.579350246445
1.41995941019
0.650371122247
1.48254733412
0.708524117966
1.53798578557
0.753938479073
1.58702035586
0.786972406829
1.63053127369
0.808187247191
1.66944285281
0.818365848647
1.7047824615
0.818087884169
1.73777644155
0.807728804693
1.77007217289
0.786960196614
1.80399109101
0.754364410431
1.84252857634
0.706971372063
1.88890573408
0.640223858592
1.94557675933
0.548683949346
2.01297402854
0.427616212897
2.08860981167
0.275116807533
2.16714461893
0.0939234403571
2.24158364974
-0.107977493142
2.30510584767
-0.318357195869
2.35273487316
-0.522490873199
2.38204798952
-0.705035968466
2.39345309308
-0.85187403615
2.39002176178
-0.950529991439
2.37835674439
-0.99052202896
2.36660479426
-0.986639055239
2.36360988697
-0.945313227591
2.37703574624
-0.88960187979
2.40537453111
-0.864105559649
2.43620103053
-0.912123452936
2.45261273947
-1.04810038525
2.4418732722
-1.26770392549
2.39663519618
-1.57470438747
2.31373082646
-1.97837460329
2.19407308334
-2.42291671717
2.03892277271
-2.68951711418
1.85511756064
-2.48228639941
1.65303550557
-1.64796793531
1.46135015232
-0.222447986246
1.32142594065
1.60707544256
4.4725358021
-0.485730140818
-0.0700305401207
-0.58133347121
-0.0895104677013
-0.658708414938
-0.14427340857
-0.711040925202
-0.225744628564
-0.739978074304
-0.318823334285
-0.749325751368
-0.415722358034
-0.742475055431
-0.513249785892
-0.722281386239
-0.609291628668
-0.691140559362
-0.702251159993
-0.651036097545
-0.790858152242
-0.603621676085
-0.874003818382
-0.550299700022
-0.950667471626
-0.492286329383
-1.0198888553
-0.430663760597
-1.08076425471
-0.36642364121
-1.13245560117
-0.300506024601
-1.17420548564
-0.233840712757
-1.20536319408
-0.167425874994
-1.22541135416
-0.102165730069
-1.2339792619
-0.0394113626908
-1.23106521428
0.0197161848126
-1.21670068912
0.0739106213439
-1.19139384258
0.122022630492
-1.15597682785
0.163343775438
-1.11158233538
0.197947526764
-1.05947961845
0.227034836349
-1.0008539922
0.25311440955
-0.936490840083
0.279854980988
-0.866533543194
0.311505277036
-0.790414696363
0.35206064301
-0.707043053633
0.404394016274
-0.615271134837
0.469630473362
-0.514394828453
0.546985828078
-0.404591978836
0.634124232449
-0.287256639898
0.72784369592
-0.164958658723
0.824727631163
-0.0409043679242
0.921732662909
0.0814637095783
1.01646808121
0.199131265281
1.10711725886
0.309493216799
1.19238703713
0.41043316166
1.2714275847
0.500302151957
1.34385313965
0.577932918467
1.40965870962
0.642704919575
1.46916085019
0.694427845459
1.52297903205
0.733152985771
1.57195650485
0.759208665416
1.61718170627
0.773139271236
1.6599794024
0.775288822068
1.70205685053
0.765650146692
1.74556102882
0.743455049223
1.79304457671
0.70688018645
1.84712334283
0.652892254874
1.90979622262
0.577550970199
1.98155980242
0.476920710026
2.06068167664
0.348495025434
2.14307388695
0.192725619952
2.22298316997
0.0140154983244
2.29431051012
-0.17930319754
2.35199989707
-0.376044682234
2.39294879053
-0.563437635479
2.41649998013
-0.728584836207
2.42386963291
-0.859241219264
2.41885234
-0.945510128832
2.40750174154
-0.979168810344
2.39644144515
-0.975576141504
2.3927274852
-0.941596707451
2.40184564617
-0.898717594216
2.4218750903
-0.884132728231
2.44168176813
-0.931928084917
2.44791237401
-1.05432923472
2.43027534938
-1.25006549543
2.38172496894
-1.52615301613
2.29856505519
-1.89521418044
2.18059823861
-2.30494994508
2.02927053167
-2.53819008478
1.85189183092
-2.30490909861
1.65926355842
-1.4553418917
1.47906549612
-0.042253112064
1.34807828914
1.73805830754
4.51572059977
-0.358269432405
0.108045263664
-0.519679522809
0.0718712678121
-0.625967371974
-0.0380079225908
-0.687838689823
-0.163890904018
-0.716651745853
-0.290024455449
-0.720977658843
-0.411408242374
-0.707139547767
-0.527098001837
-0.679476714175
-0.636963312964
-0.641149816784
-0.740585941625
-0.594462255115
-0.837552829708
-0.541157281423
-0.927315282311
-0.48261520201
-1.0092155228
-0.419973708075
-1.08253588536
-0.354199515123
-1.14654361378
-0.286133952847
-1.20052601277
-0.216526169714
-1.24381784522
-0.146063141522
-1.27583056261
-0.0754390042803
-1.29603962684
-0.00525902876008
-1.30416319457
0.0636191490738
-1.29994719377
0.130317694481
-1.28340290032
0.193750996632
-1.2548306915
0.252650695931
-1.21487996929
0.305659783899
-1.16459477305
0.351550690618
-1.1053737926
0.389586431226
-1.03889292618
0.419955086121
-0.966862620583
0.444149060256
-0.890730579481
0.465063713283
-0.811332350254
0.486700113757
-0.728682393411
0.513464218885
-0.6420381145
0.549203512298
-0.550136924659
0.596324686611
-0.451715872075
0.655410271729
-0.346344840426
0.725257577714
-0.234808445213
0.803138144533
-0.118787229275
0.885924641697
-0.00132480880963
0.970434402819
0.114619916825
1.05427521778
0.225651538034
1.13557927964
0.329129281857
1.21300690118
0.422872074537
1.2857414484
0.505179705442
1.35349055375
0.574938292162
1.41639381157
0.631523084368
1.47493948653
0.674607439593
1.53000397433
0.704143764549
1.58281267817
0.720329695211
1.63492364949
0.723176702842
1.68823174817
0.712340762101
1.74484521577
0.686840242556
1.80682266926
0.644901394068
1.87569668799
0.584016932158
1.95186920241
0.501377209428
2.03408130007
0.39470743844
2.11923327474
0.263341957919
2.20275066807
0.109207219137
2.2794397961
-0.0626745518425
2.34457562754
-0.244439868826
2.39479841826
-0.426268237364
2.42856536761
-0.597205283079
2.44624275026
-0.746262864111
2.44968707865
-0.862686155112
2.44286607433
-0.938689713481
2.43139576244
-0.967699090125
2.4204706646
-0.964651663132
2.41561893851
-0.936745655654
2.42061886316
-0.903718278221
2.43321217904
-0.896726920996
2.44332723315
-0.942044168672
2.44132415305
-1.05232737477
2.41876327021
-1.22750606411
2.36773386795
-1.47512534065
2.28452346983
-1.81200583258
2.16831774081
-2.18874664254
2.02093395193
-2.3908091583
1.84999199698
-2.13397050992
1.66684785869
-1.27220170559
1.49765520389
0.126934903885
1.37510911711
1.86059891735
4.55733738243
2.02386912575
2.63187884179
0.423777388267
1.60009237067
-0.212101415712
0.635878696467
-0.365017538282
0.152914672071
-0.331061036619
-0.0339595477117
-0.288868080084
-0.0421977825742
-0.253069363723
-0.0358054461836
-0.22508754465
-0.0279903371854
-0.207313647241
-0.0177832106748
-0.195626808771
-0.0116956615615
-0.189568675003
-0.00606635017477
-0.184763291666
-0.00481438461273
-0.177547940911
-0.00722629147265
-0.168676933771
-0.0088833075622
-0.159097386186
-0.00959266945318
-0.150653570927
-0.00845790945556
-0.154028816451
0.00336072607988
-0.185921012166
0.0318784467837
-0.275967035132
0.0900352335027
0.16741725478
-0.443387737536
4.46984297286
3.08196183889
3.18934443862
2.88059169937
1.69125605369
2.13396635749
0.589354734491
1.25481343322
-0.0207678990967
0.576158578192
-0.243342672609
0.180370423504
-0.309448681251
0.0302918776062
-0.333517472624
-0.00393206587569
-0.340732777247
-0.0105791448681
-0.342965149541
-0.0094740091784
-0.342862639053
-0.00617859024264
-0.341034753831
-0.00665168288089
-0.337060659138
-0.0112102400545
-0.330028217868
-0.0159261081171
-0.323346755226
-0.0162866506047
-0.326849651144
-0.00497162361153
-0.350813052908
0.0273039645472
-0.401961625113
0.0830048798165
-0.460024806404
0.148077974824
0.199614818985
-0.492231900923
4.60254434244
2.71773028028
4.40119645546
3.08193998418
3.55124508514
2.98391591251
2.38596156654
2.42009292405
1.30528623988
1.65682759113
0.509893458958
0.975754545628
0.0693066322237
0.4708677199
-0.138402666031
0.203764419124
-0.233399117098
0.0844040781973
-0.286968021072
0.0440823001886
-0.321605387925
0.0284470583247
-0.346413405429
0.0181453619293
-0.363788773198
0.00615470665681
-0.374072561004
-0.00565253126046
-0.38220855009
-0.0081626640414
-0.395967526313
0.0087694358166
-0.418824699286
0.0501361811284
-0.448483603402
0.112634133007
-0.460389383416
0.159954657537
0.172968400043
-0.433758120284
4.22117278604
2.41508688316
4.48329453797
2.81981747806
4.37295506236
3.09425182944
3.80170111552
2.99134073057
2.89544192896
2.56307808421
1.9362539837
1.93493125913
1.10758474288
1.29952331097
0.530099977088
0.781233820828
0.184692470308
0.429796350092
-0.00897097752482
0.237731441111
-0.121626534303
0.141088839283
-0.195874983492
0.0923805262233
-0.250297020328
0.0605640367483
-0.291648577582
0.0356865910116
-0.324706238703
0.0248830782007
-0.351870090203
0.0359163841319
-0.371870651981
0.0701093141872
-0.380994300961
0.12172178722
-0.367341690101
0.146263539333
0.128174314237
-0.322571513631
3.92583822542
2.30384168659
4.15910097758
2.58655170208
4.32872935453
2.92461740748
4.25393262382
3.06612865582
3.85549527679
2.96150394188
3.17640633677
2.61400608498
2.37579655757
2.1001165749
1.62605299431
1.53095951548
1.01894285917
1.036889401
0.592365770883
0.664292506209
0.315696305307
0.417742327648
0.138644186949
0.269416733827
0.0178893800024
0.181303100901
-0.0722796732571
0.125840175328
-0.140719620949
0.0933094639494
-0.190451988588
0.085634014957
-0.220938570268
0.100569571575
-0.223358127834
0.124100765109
-0.221302952831
0.144161091049
0.0776903572733
-0.170857817251
3.79690823819
2.25663447377
3.91236785924
2.47108562384
4.09043808687
2.74653792876
4.19889891842
2.9576559605
4.1369864146
3.02340198983
3.8552387296
2.89573672256
3.34820805356
2.60712779312
2.70166042936
2.17748704722
2.04963942973
1.68889175995
1.47950304877
1.23441100842
1.03156244131
0.865664547525
0.704867057199
0.596093389168
0.47609393484
0.410057399296
0.310972730072
0.290942747387
0.188607950487
0.215656623576
0.0992591208976
0.174970447943
0.041919973519
0.157887505245
0.0154527956507
0.150525491688
0.014090398687
0.145472876979
0.0605525652641
0.031185235542
3.73385212257
2.20995704411
3.78843395835
2.4164933199
3.89503240259
2.63992663645
4.01458183272
2.83809151708
4.07830422887
2.95966232092
4.02621178208
2.94780949821
3.82370902976
2.80960853458
3.44291680603
2.55825750081
2.93888240463
2.19290603429
2.39884560027
1.77442765718
1.89195578645
1.37253328619
1.46666553897
1.02136190232
1.13082447519
0.745876431703
0.874022605845
0.547722546085
0.680669891226
0.40898793768
0.537258717282
0.318371015923
0.432722134815
0.262409835425
0.365959818469
0.217248655041
0.313722373182
0.1976665121
0.0625250106495
0.311714474564
3.68689835955
2.16733238619
3.72120946816
2.38216756987
3.77153534163
2.58958437149
3.84980181307
2.75980718316
3.93097375542
2.87847076893
3.96001491308
2.91874665914
3.91749820954
2.85210140356
3.77049135666
2.70524126378
3.48763932999
2.4757362254
3.10475398736
2.15729020121
2.67547739516
1.8017858398
2.25032646601
1.44648786947
1.87631072313
1.11986682453
1.56846206381
0.855546326167
1.31387474697
0.66355294063
1.11138158368
0.520853234327
0.953756524959
0.420026970307
0.83316594062
0.337810346017
0.739355005644
0.291444646809
0.113133301644
0.688703890432
3.62575503456
2.14301681045
3.66294847937
2.34495537331
3.70760027282
2.54491327599
3.74808630136
2.71930120097
3.8019564366
2.82457944849
3.84708897313
2.87359118774
3.85424572836
2.84491963117
3.81978145372
2.73968118722
3.71788875867
2.57760523306
3.51522113692
2.35993236289
3.22829405132
2.08868581495
2.90117339652
1.77358022362
2.56967591014
1.45133560988
2.26006513896
1.16512994128
1.99029304292
0.933303797746
1.75538455167
0.755750039775
1.55771085342
0.617699401302
1.39052405095
0.504983290205
1.25899368168
0.422949622383
0.236455440141
1.13560779061
3.57498817309
2.12327669326
3.60461303567
2.31527531844
3.6349688178
2.51450383858
3.66700372751
2.68721308646
3.70178539198
2.78974421138
3.73682963452
2.83849249253
3.75679934062
2.82489406268
3.75136525101
2.74505872562
3.71399878163
2.61491239479
3.63880104591
2.435065636
3.5148841031
2.21253411137
3.31541996429
1.97297283386
3.06421571833
1.70246713052
2.80613199377
1.42314427539
2.55746537319
1.18191384185
2.32895958334
0.984209217397
2.12399198536
0.822626459218
1.9435191042
0.6853979871
1.79164766399
0.574732860485
1.58879588127
0.439145254438
-0.000157782766012
0.000161625795526
-0.000810894668864
0.000658177584439
-0.0016824057512
0.0008762707508
-0.00240849455277
0.000731630041509
-0.00241588872498
1.25729887436e-05
-0.00115891460965
-0.0012511476162
0.00190896267495
-0.00306258806742
0.00727662859835
-0.00536237911019
0.015281440538
-0.00800235284833
-0.0105321920493
0.0258100650087
-0.00041310519674
0.000581895474487
-0.00169232823929
0.00194678657274
-0.00325221439703
0.00244623423486
-0.00411086556617
0.00160031951949
-0.003211251592
-0.000877082633725
0.00059980292383
-0.00505229059948
0.00838091515977
-0.010833948677
0.0209264050248
-0.0178985342058
0.0385584609694
-0.025626228654
-0.0330611045228
0.0610933673354
-0.000585373319359
0.00117595122024
-0.00227583236163
0.00364869360672
-0.00429437570129
0.00447721891534
-0.00540480085821
0.00272300306061
-0.00430074165678
-0.00196900671482
0.000278873159485
-0.00961990897547
0.00937575229387
-0.0199191633718
0.0236181817018
-0.0321299036306
0.0431164762704
-0.045114445711
-0.0571909084726
0.0672535930141
-0.000728024050127
0.00191376898618
-0.00293422308339
0.00586699878892
-0.00580447011025
0.00736081318407
-0.00804062896197
0.00497268107264
-0.00834099817119
-0.00165513770774
-0.00560318719268
-0.012344455325
0.000899943590584
-0.0264095358917
0.0114665561081
-0.0426845926752
0.025972247919
-0.0596094163908
-0.074454725789
0.0432434422795
-0.000917743762312
0.00284327434217
-0.00392514028843
0.00888676117942
-0.00844533410033
0.0118948327293
-0.0130521057873
0.00959382486394
-0.0166402880668
0.00194737321286
-0.0183976223049
-0.0105731481282
-0.0179301281182
-0.0268637223541
-0.0153567065075
-0.0452457511173
-0.010984416103
-0.063970869007
-0.080388158663
-0.00504388921648
-0.00123546919753
0.00409389208954
-0.00551941483308
0.013184141423
-0.0126662864746
0.0190563151788
-0.0209579178572
0.0179004315322
-0.0295925380841
0.010596766329
-0.0380090884717
-0.00214229824354
-0.0461028754024
-0.0187564260625
-0.0541069138653
-0.0372294072387
-0.0622715474408
-0.0557955017356
-0.0711628614033
-0.0714900784475
-0.00175977232013
0.00587180260616
-0.00804181310642
0.0194817429397
-0.0186155032136
0.0296457269769
-0.0318881244414
0.031188375574
-0.0469500369139
0.0256735940121
-0.0634012243584
0.0143232625916
-0.0810714329958
-0.00107270884591
-0.100728397199
-0.0175602455615
-0.122108433533
-0.0344049197517
-0.0480696123911
-0.145195189108
-0.00254794028623
0.00843961543448
-0.0114667801466
0.0284181686015
-0.0262952337718
0.0444905568672
-0.0452302552199
0.0501387003786
-0.0674193456457
0.0478775232491
-0.0921625685923
0.0390807935086
-0.119225102381
0.0260032446664
-0.15030913657
0.0135358191933
-0.183449915259
-0.00125381270863
-0.0137013823556
-0.217811846517
-0.00366422238212
0.0121258724908
-0.0159328338874
0.0407049119143
-0.0357653688478
0.0643391418225
-0.0606982359761
0.0750865123081
-0.0900310115781
0.0772249803027
-0.122964245411
0.0720282272496
-0.158510135662
0.061562477876
-0.198008560175
0.053046094306
-0.239334144517
0.0400818382461
0.0273256958943
-0.280355070241
-0.00520597087611
0.0173576345568
-0.021646291221
0.0571633701543
-0.047223447343
0.0899311551563
-0.0786449706365
0.106522873098
-0.114263423323
0.112858089282
-0.15338711494
0.111166041518
-0.194989418854
0.103178205139
-0.238646085193
0.0967144108665
-0.281946936691
0.0833923308825
0.0701085702863
-0.324723834393
-0.00732361497542
0.0247122532472
-0.028796954323
0.0786608154696
-0.0604184777116
0.121572262896
-0.0976589652915
0.14378145112
-0.138179049676
0.153393689464
-0.180550819255
0.153552390582
-0.224534140772
0.147175613784
-0.268459219427
0.140650899023
-0.3102996706
0.125241602013
0.104654119203
-0.344839537674
-0.010207374474
0.0349542499069
-0.0375630328073
0.10604949214
-0.0750284937905
0.159068808392
-0.116724891207
0.185508040007
-0.159680654305
0.196375407332
-0.202173604865
0.196066692791
-0.243669969907
0.188689246695
-0.281270492255
0.178263999048
-0.31501876436
0.158998015933
0.123224586824
-0.333583860222
-0.0141245688606
0.0491136848652
-0.0480663087343
0.140026974026
-0.0906472166936
0.201685493078
-0.134767374132
0.229666832155
-0.176874186216
0.238523529782
-0.215089741266
0.234323725765
-0.24874743378
0.222385478099
-0.27354824058
0.203099031563
-0.29248960462
0.177964720393
0.116114561289
-0.285365660445
-0.0194974520421
0.0686449060967
-0.0602540083059
0.180819237971
-0.10663939571
0.24810644625
-0.150479791906
0.273545592935
-0.18794308044
0.276032787393
-0.217259260494
0.263693258879
-0.237951288338
0.243132863933
-0.243424779016
0.208627864337
-0.240440866637
0.17503243213
0.072961834892
-0.197250893346
-0.0270105066999
0.0956878468989
-0.0740504232036
0.227896086392
-0.122314924008
0.296411506359
-0.162629524828
0.313904360254
-0.19167398133
0.305125528625
-0.207804664456
0.279875517612
-0.209611159733
0.244991173719
-0.190332006322
0.189401647049
-0.156200109315
0.140957188908
-0.0169658417829
-0.066220999401
-0.0368034961315
0.132522574289
-0.0894986669044
0.280629377123
-0.13689732843
0.343855061939
-0.169861515511
0.346918839312
-0.186448522665
0.321764827804
-0.184981167592
0.278460663181
-0.161869470367
0.22193106809
-0.112747225204
0.140330428551
-0.0260905279103
0.0543532040174
-0.158382124641
0.11537605956
-0.0491041256267
0.181656380946
-0.106481928624
0.338044612606
-0.148640224212
0.386056780773
-0.170112845199
0.368439950118
-0.17060667926
0.322309654279
-0.146930089215
0.254834576145
-0.0963712640902
0.171424101296
-0.00713836016572
0.0511515073955
0.137412184651
-0.0901429038897
-0.38209717802
0.361177828985
-0.0645464034549
0.246230587053
-0.123615839418
0.397150101874
-0.1558792969
0.418362125588
-0.162395522242
0.375003318547
-0.142607005507
0.302571741478
-0.091828006009
0.204106267527
-0.00601748703507
0.0856688683107
0.138674308173
-0.0934793830062
0.37671060391
-0.328119252347
-0.707987526154
0.702653501006
-0.086949579782
0.333205279471
-0.139723328636
0.449957174632
-0.157506146373
0.436185680431
-0.143618177095
0.361162837797
-0.0955820797676
0.254585324355
-0.00961563675607
0.118193009573
0.142790898819
-0.0666729023662
0.379048424549
-0.329666521923
0.725212453037
-0.674217177182
-1.12681642293
1.14409576837
-0.110159580721
-0.152400800639
-0.149929054711
-0.111282406904
-0.0274916858485
0.121960597634
0.367092236285
0.726225379663
1.18770959223
1.64975102614
0.0361654512939
-0.0103494520801
0.0466940052769
-0.0105203444657
0.0564562939763
-0.00975980784467
0.0643993526425
-0.00794345041712
0.0699239422158
-0.00552584037033
0.0729578361267
-0.00303594694005
0.0734047593413
-0.000449519835843
0.0715281205228
0.00187339294129
0.0673287731275
0.0041956835439
0.0610339794954
0.00629068711739
0.0530339385046
0.00799556283349
0.0441261451027
0.00890290852811
0.0347951348342
0.00932559327722
0.0254544741907
0.00933467026379
0.0164914454564
0.00895623962369
0.00831216904038
0.00817139532985
0.00130952311122
0.00699182083334
-0.00393981536272
0.00523196693795
-0.00692886062823
0.00297782003043
-0.0072788538524
0.000353266328894
-0.0048250220622
-0.00245719299888
0.0013055050283
-0.00613665803902
0.0112646572986
-0.00996595676325
0.0248579397825
-0.0136004925285
0.0419004470792
-0.0170497074153
0.0619172357334
-0.0200239904138
0.0843213920392
-0.022411149709
0.108180254963
-0.0238659506436
0.132612122403
-0.0244394846616
0.156329582728
-0.0237266351257
0.178425793821
-0.0220985350602
0.198270826663
-0.0198486954981
0.214991862412
-0.0167251421813
0.228558736821
-0.013571004332
0.238819990503
-0.0102651044744
0.246435277951
-0.00761884425044
0.251787877031
-0.0053557241446
0.256054001394
-0.00426939116838
0.259852878536
-0.00380319759029
0.264625445588
-0.00478077728693
0.270799422055
-0.00619020511977
0.278593978279
-0.0077923434748
0.288905172237
-0.0102991482319
0.300728713389
-0.0118178558722
0.313818577021
-0.0130874137442
0.325940148241
-0.0121200790234
0.334292988335
-0.00835167631112
0.33791357032
-0.00361898584404
0.336058190169
0.00185707983432
0.322301750011
0.0137585027418
0.292068555718
0.0302351262121
0.245875833528
0.0461948403884
0.1865886035
0.0592892268225
0.113747757414
0.0728432088154
0.0264824520265
0.08726778046
-0.0731485110982
0.0996334194644
-0.180337909233
0.107189877533
-0.293554210249
0.113210904492
-0.412438642945
0.118866698184
-0.533766476272
0.121322981132
-0.653408454232
0.119664257386
-0.7651354334
0.111736439221
-0.865025616616
0.0998926595158
-0.952129203673
0.0871037243982
-1.02351502382
0.0713862593511
-1.0797536664
0.0562413729275
-1.12408517292
0.0443380154282
-1.17118272981
0.0471113863405
-1.25613503867
0.0849848878981
0.201614298718
-1.45766355347
0.0832643857785
-0.0325124088067
0.10574254698
-0.0329927146301
0.12716722831
-0.0311813632818
0.146233700593
-0.027009008078
0.161786155772
-0.0210787941817
0.172810731884
-0.0140622418674
0.17897812772
-0.00661981953169
0.180600100317
0.000247426741888
0.177433309107
0.00735750942677
0.169470025807
0.0142481157022
0.157735449605
0.0197234595157
0.14342401374
0.0232068437886
0.127671676431
0.025069558886
0.111565145997
0.0254318998873
0.0962178518667
0.0242932575624
0.0826676340395
0.0217102729625
0.0720311797602
0.0176154626646
0.0652885312982
0.0119606389794
0.0630809227237
0.00517256647139
0.0656514425785
-0.00222795406773
0.0743066100251
-0.0111226675465
0.0897124192958
-0.0215533222203
0.111733475232
-0.0319981197354
0.140155957178
-0.042034228301
0.174405955272
-0.0513109745672
0.213695028792
-0.0593241824166
0.256839862649
-0.065566844384
0.302538777462
-0.0695754519958
0.349107448085
-0.0710184830466
0.395079510163
-0.0697082654791
0.438847968852
-0.0658751663994
0.478895257796
-0.0599031502262
0.514199450011
-0.0520360437933
0.543652412403
-0.0430302346163
0.567392402981
-0.0340108696965
0.585573007379
-0.0258046787001
0.599043942295
-0.0188313847377
0.608446292386
-0.0136762103989
0.615196177468
-0.0105577543582
0.620444922045
-0.0100347652424
0.625711924609
-0.0114615456795
0.631889676885
-0.0139704220142
0.637359734806
-0.0157656208844
0.63980745394
-0.0142611196336
0.636426916562
-0.00970298379295
0.62392833218
0.000382033287421
0.595549915785
0.0200302947965
0.546306867954
0.0456278838203
0.472100630156
0.0760674455169
0.371328252431
0.1145352359
0.242785950564
0.158781908273
0.0851077412864
0.203877578543
-0.101182712804
0.245584231393
-0.309039369003
0.280704460536
-0.528045636291
0.306278664143
-0.748985046393
0.32057717451
-0.9654737365
0.323681842205
-1.16949304263
0.317231298019
-1.35308993232
0.302463237483
-1.51165057274
0.279885905443
-1.64079743365
0.24881746775
-1.73831103731
0.209256514663
-1.80448679615
0.166072795708
-1.84080998501
0.123430440617
-1.85200444226
0.0825851741837
-1.84129648569
0.0455406510383
-1.81039224268
0.0134455782458
-1.75740973608
-0.0058526427911
-1.6758558215
0.00345944229888
0.0526422779398
-1.52684849932
0.0936058704562
-0.0588551443381
0.120698379438
-0.0600793490062
0.147190910943
-0.057670624617
0.172020561295
-0.0518377312137
0.193922233417
-0.0429815138513
0.211523400061
-0.0316662585604
0.224052149943
-0.0191531140324
0.231109259384
-0.00681578656858
0.232668101778
0.00579114559666
0.228676851728
0.0182305353338
0.220209208227
0.0281810477366
0.208095364542
0.035309435181
0.193234047537
0.0399184109461
0.176950527026
0.0417017249108
0.160727020116
0.0405018479987
0.145941313973
0.0364799218255
0.133899598
0.0296401202178
0.125714800021
0.0201277916458
0.122563965287
0.0083060155584
0.125672208381
-0.00535282405037
0.13573501634
-0.021201585882
0.152921422385
-0.0387556471273
0.177560527851
-0.0566531135756
0.209708573451
-0.0741981853492
0.248947527203
-0.0905657804598
0.294526760587
-0.104919056566
0.345340994084
-0.116396360746
0.399948149497
-0.124197403792
0.45665471667
-0.127739188631
0.513661769071
-0.126728485779
0.569097938474
-0.121323268073
0.621195909964
-0.112011913347
0.668487362417
-0.099337389975
0.709709251922
-0.0842612430853
0.744031282636
-0.0683412799139
0.771208305248
-0.0529893524961
0.791636852568
-0.0392669130932
0.805813727465
-0.0278595356242
0.814108827723
-0.0188588794354
0.816744277151
-0.0126755389889
0.814605978096
-0.00932680412791
0.808143402074
-0.0075083022999
0.795722782091
-0.00334243308443
0.773649954412
0.00781587672964
0.736211440287
0.0277401910772
0.677200994331
0.0593972977352
0.591467421158
0.105768898472
0.472087227325
0.16501342988
0.31386800336
0.234292371137
0.118093544924
0.310315691863
-0.109539484991
0.386421147189
-0.360007503733
0.454351938398
-0.621128373992
0.506711515633
-0.879279255826
0.538861783286
-1.12210376141
0.549109540521
-1.34013498574
0.538614456181
-1.52657335969
0.510125584962
-1.67580206894
0.466464525206
-1.78695994696
0.413625526775
-1.86335104437
0.356282921606
-1.90934097883
0.294815339039
-1.93138459629
0.231308840814
-1.93374149347
0.16843835338
-1.91778186529
0.107480036627
-1.88475103456
0.0495656259895
-1.83451034504
-0.00468479409695
-1.76607075594
-0.0549728805801
-1.67505091787
-0.0968437825367
-1.54950140329
-0.122052849862
-0.142587831667
-1.35422657404
0.0686013620794
-0.0842025296224
0.0952138070795
-0.0866854480471
0.122048354968
-0.0845015821747
0.148004705519
-0.0777931826021
0.171979889429
-0.0669582620181
0.192914888049
-0.0526051035451
0.209667225639
-0.0359114269459
0.22108720571
-0.0182437113231
0.227067536096
-0.000198941257939
0.227972611643
0.0173140259435
0.22411709165
0.0320235608143
0.216048634853
0.0433633769922
0.204412541682
0.0515385195084
0.190283257275
0.0558136006449
0.174986311276
0.0557800541021
0.159969546286
0.0514767954197
0.14665847841
0.0429304238631
0.136189839045
0.0305751857461
0.130104217376
0.0143703787054
0.129996290685
-0.00526582124705
0.136550175274
-0.0277759590921
0.150193783317
-0.0524193893861
0.171837555659
-0.0783168052491
0.201915929016
-0.10429633681
0.24040755774
-0.129077003071
0.286856220199
-0.151387
0.340301882517
-0.169860827031
0.399293570957
-0.183207239192
0.462039447604
-0.190502347483
0.526572146129
-0.191277371859
0.59074461994
-0.185510675033
0.652348687602
-0.173629662318
0.709474918078
-0.156476156118
0.760557868483
-0.135355684392
0.80417230014
-0.11196621564
0.839218732828
-0.0880453335045
0.86513192314
-0.0651887274781
0.881963949537
-0.0446992825404
0.890294400036
-0.0271960551075
0.890120018201
-0.0125065129987
0.880694208865
9.57167126465e-05
0.860046180741
0.013139134796
0.825136965691
0.0315688121584
0.771658560711
0.0612981808679
0.692096386537
0.107307352685
0.578574151058
0.172925164802
0.426211709004
0.258137462596
0.233028461811
0.358203258216
0.00230102608824
0.465026821557
-0.255663984753
0.568288095719
-0.525881420596
0.65664627979
-0.792142740912
0.720621183291
-1.03966551133
0.754242370794
-1.25715071474
0.756355165622
-1.43800589082
0.729972896607
-1.58020008235
0.680816689798
-1.68586427032
0.615797562148
-1.76091557458
0.541523482243
-1.81015192179
0.462869950121
-1.83695109726
0.383091403407
-1.84399107548
0.301866184759
-1.8327526279
0.220082539335
-1.80524401669
0.140943074152
-1.76298673533
0.0652379035431
-1.70692121693
-0.00648164689297
-1.63698328157
-0.0745997661652
-1.55262018852
-0.139306730632
-1.45087751805
-0.198549833509
-1.3214395784
-0.251446572515
-0.312361947289
-1.1516141596
0.0156015544571
-0.104836715885
0.038492364799
-0.109569431063
0.0624471108691
-0.108452406277
0.0863703902325
-0.101715544054
0.109257697123
-0.0898475006834
0.130235689603
-0.0735876953104
0.148327310485
-0.0540101385641
0.162502348362
-0.0324281552156
0.172327893472
-0.0100360357773
0.177759446106
0.0118689361861
0.17790248189
0.0318651318602
0.172871843094
0.0483768740527
0.163592302544
0.0607992664483
0.150998804643
0.0683867658877
0.136043378579
0.070713769061
0.11993296999
0.067564345024
0.103993187843
0.0588465003856
0.0895945716707
0.0449496009407
0.0782712577538
0.0256693545764
0.0715779301789
0.00140332859595
0.0709363028711
-0.0271581753169
0.0777400904134
-0.0592466511543
0.0931765441407
-0.0937764095351
0.118169274846
-0.12931192642
0.153289039207
-0.164219295864
0.198497940754
-0.196617986971
0.253029994842
-0.224414362359
0.315490541282
-0.245688475157
0.383931300939
-0.258962805347
0.45601776346
-0.263382354609
0.529117304746
-0.258627429785
0.600525922599
-0.245054147032
0.667757727409
-0.223722512089
0.728658633146
-0.196269879194
0.781390385434
-0.164710035381
0.824446717456
-0.131112529184
0.856596583917
-0.0973482470172
0.876996709276
-0.0651077963085
0.88540554128
-0.0356118520314
0.881095599736
-0.00820179615028
0.862334057611
0.0188541940494
0.825366320313
0.0501062645294
0.764871124106
0.0920657894797
0.674446129096
0.151726921626
0.547308366163
0.234450298073
0.379104046603
0.341135691481
0.170717312234
0.466531185302
-0.0706633463351
0.599591557032
-0.331750074513
0.726121758806
-0.595470509965
0.832017234678
-0.84481123283
0.90599612624
-1.06588584378
0.941705267637
-1.25035894105
0.93872522919
-1.39581679613
0.901823013203
-1.50463116813
0.83879743537
-1.58203846478
0.758234280718
-1.63423545051
0.668004992092
-1.66546106646
0.572759882771
-1.67799099835
0.475411415396
-1.6730703841
0.378183569018
-1.65336393891
0.282174096052
-1.6219116131
0.188646299701
-1.57932148615
0.0983710538604
-1.52588537492
0.0118225964089
-1.4613217984
-0.071020664576
-1.38507040118
-0.150821619364
-1.29640918938
-0.227932328014
-1.1928392712
-0.302077447375
-1.06883890885
-0.375398010591
-0.45797467969
-0.923171000616
-0.0562583337668
-0.120056626422
-0.0386152113941
-0.127205286051
-0.0192775583632
-0.127785823789
0.000928465178311
-0.121920578181
0.0210529847044
-0.109974176339
0.0402182786669
-0.0927581190178
0.0575017712183
-0.0713015494848
0.0719476846616
-0.0468845877048
0.0828235614392
-0.0209248466838
0.0897875852415
0.00488973903171
0.0919171213049
0.0297183445273
0.0890111551136
0.0512636603114
0.0812236915044
0.0685657704265
0.0690244276544
0.0805634582969
0.0531284606501
0.0865857591747
0.0345031752938
0.0861645027336
0.0142984354589
0.0790252598322
-0.0058736772962
0.065095202242
-0.0249629068611
0.0447318575008
-0.0406794629767
0.0170932173964
-0.0511402780277
-0.0167237728045
-0.0543066983635
-0.0561062890981
-0.0481620830059
-0.0999466965458
-0.0308998076334
-0.146599464716
-0.00124204278719
-0.19390185764
0.0412887105345
-0.239172962771
0.0962450700308
-0.279394218596
0.162268417513
-0.311734417389
0.237141810495
-0.333857709633
0.317947668767
-0.34420847735
0.401403400145
-0.342102057918
0.484160465146
-0.327828676182
0.563017121703
-0.302595184319
0.635087833938
-0.268355168001
0.697880401317
-0.227515749504
0.749406398141
-0.182650235618
0.788172190802
-0.136124275787
0.812771249486
-0.089715533446
0.82183391349
-0.0446814810983
0.812503240189
0.00112385538548
0.781788543135
0.0495660564694
0.724713605489
0.107180693535
0.635276119386
0.181505029734
0.507741564445
0.27926523032
0.339351477665
0.402845775476
0.13292477952
0.547569074965
-0.101985043464
0.701448729365
-0.350320996733
0.84793609031
-0.594549354814
0.970359432783
-0.818261412816
1.05573925
-1.0093996109
1.09714484483
-1.16224000342
1.09455667905
-1.27733572456
1.05383241666
-1.35952430109
0.984023466678
-1.41514729319
0.894432695592
-1.44986558637
0.792965247862
-1.46714508881
0.685297660947
-1.46943045273
0.575059107345
-1.45865979797
0.464655640387
-1.4360749028
0.355614959098
-1.40306414367
0.249181383488
-1.36036997975
0.145972281857
-1.30871304952
0.0467368192149
-1.24822557731
-0.0486389745656
-1.17876262391
-0.140453672777
-1.10011327407
-0.229436104636
-1.01162982673
-0.316375299379
-0.911462301271
-0.402198578204
-0.797209896646
-0.489598296473
-0.584543131448
-0.67058388628
-0.136585789161
-0.128653681271
-0.12497507454
-0.138808290578
-0.111084785733
-0.14167154712
-0.0954765314017
-0.13752770157
-0.0790931819652
-0.126359767854
-0.0628096301758
-0.109047129019
-0.047556580677
-0.0865630873083
-0.0343039351891
-0.0601485550707
-0.0239494963571
-0.0312932417216
-0.0173061092448
-0.00177004258706
-0.015030533421
0.0274241257909
-0.0177851183449
0.0539975402269
-0.0258936811973
0.0766517574253
-0.0393886789739
0.0940342176705
-0.0579565491424
0.105127964255
-0.0809930914431
0.109174220031
-0.107602906815
0.105607382203
-0.13653151621
0.0939955535127
-0.165833648258
0.0740054605304
-0.193852838812
0.0450838706576
-0.217683284444
0.0070783339657
-0.234167658345
-0.0396499163368
-0.240323627807
-0.093818302861
-0.233387491515
-0.153562681866
-0.211265062465
-0.216050789822
-0.172877631976
-0.277586205656
-0.118360982878
-0.333935846164
-0.0491072043906
-0.381012178376
0.032382201358
-0.415369937218
0.122657759693
-0.434505546884
0.217714560871
-0.437178939849
0.313368995889
-0.423501679989
0.405577535898
-0.394820734465
0.490655564241
-0.35344862264
0.565362424924
-0.302236432238
0.626912866487
-0.244212864529
0.673136759392
-0.182358668199
0.701572161889
-0.1181596602
0.709365383531
-0.0524815239692
0.693682104221
0.0168023724854
0.649679607681
0.0935659900216
0.572085584677
0.184774414237
0.456333878641
0.297258633833
0.301014999454
0.434588025636
0.110198522666
0.593667925685
-0.105660741927
0.763435495682
-0.331097552413
0.926893938816
-0.548921347624
1.06576933918
-0.743834556829
1.16528300873
-0.905337984348
1.21725385045
-1.02956666826
1.22138542659
-1.11870097786
1.18370355148
-1.17863671692
1.11378134389
-1.21605702922
1.02145757445
-1.23642489627
0.91481497475
-1.24319689435
0.799752325531
-1.23818911956
0.680305747932
-1.22247331425
0.559360144293
-1.19682608166
0.439026515022
-1.16200368049
0.320812275738
-1.11871440881
0.205913805937
-1.06771238713
0.0949943244669
-1.00949149701
-0.0114571580987
-0.944441873573
-0.113658253826
-0.872712834631
-0.212148292706
-0.794169841971
-0.307940002911
-0.708284349633
-0.402216604591
-0.613969254951
-0.496464273147
-0.510379770415
-0.593133414081
-0.695500671536
-0.399363102535
-0.215728864547
-0.130723822682
-0.210245892512
-0.144283056309
-0.202174539561
-0.149737936279
-0.191509598851
-0.148191264428
-0.179330789563
-0.138540753689
-0.166526111462
-0.121857397144
-0.154034495976
-0.0990635224626
-0.142871807627
-0.0713230885755
-0.134127230975
-0.0400524754294
-0.128937792443
-0.0069767336167
-0.127923427609
0.0263901294067
-0.132171384515
0.0582237041703
-0.142381666405
0.0868383089597
-0.159061861506
0.11068898218
-0.182394724378
0.128433951618
-0.212230639926
0.138982088987
-0.247976023399
0.141323835478
-0.288438487651
0.134428495275
-0.331670672441
0.117207812225
-0.375077535956
0.0884608467565
-0.415094716073
0.0470657870461
-0.447365607766
-0.00740842579787
-0.46798158908
-0.0732312711038
-0.473252211544
-0.14832045115
-0.460332263165
-0.228998465046
-0.427600482345
-0.310344926738
-0.37492135952
-0.386640983243
-0.303672722148
-0.452285752733
-0.216571038955
-0.502495327773
-0.117503899787
-0.533595022141
-0.0111035591514
-0.543600125088
0.097611053909
-0.532235553475
0.203593015764
-0.500820305434
0.302326738118
-0.452198253103
0.389703692073
-0.389627550429
0.462126496668
-0.316648042685
0.516009732488
-0.236252426901
0.548304123417
-0.15046264414
0.555237146161
-0.0594211124263
0.532948589851
0.0390864932364
0.476972238027
0.149540116205
0.383814099895
0.277932558213
0.252945605317
0.428129307451
0.0888677820362
0.598670062746
-0.0981114078758
0.780653166991
-0.293125557162
0.958457313934
-0.479820672517
1.11359813136
-0.644063267436
1.23002224028
-0.776686011244
1.29791714417
-0.874468024106
1.31504823015
-0.940414965686
1.28734562902
-0.980768868915
1.22407155436
-1.00225006049
1.13527744369
-1.01003466636
1.02925789348
-1.00721212397
0.912008978738
-0.99520612268
0.787763774357
-0.974579899358
0.659698004387
-0.945637926644
0.530437872846
-0.908757647468
0.402167420598
-0.864562795132
0.276640413803
-0.813726142924
0.155102303505
-0.757046723945
0.038342598908
-0.694958061855
-0.073515141799
-0.627858382798
-0.180723782466
-0.555939907925
-0.284028663207
-0.479152819011
-0.384684630495
-0.397136500434
-0.484185866501
-0.309327145999
-0.584221963909
-0.215499018871
-0.686905529302
-0.793744504883
-0.11719496156
-0.284614235974
-0.126451306464
-0.285407174578
-0.143481312996
-0.283102651911
-0.152036967644
-0.277657960896
-0.153634175351
-0.269975560176
-0.146225085935
-0.261087659901
-0.130750816227
-0.251942687935
-0.108217417966
-0.24360561126
-0.0796722794535
-0.237260791767
-0.0464123692464
-0.234229734235
-0.0100255874916
-0.2356710338
0.0278111520014
-0.242749476076
0.0652796331629
-0.256649190445
0.100713523375
-0.278319538589
0.132333101977
-0.30844334062
0.158530065849
-0.347247796121
0.177757676036
-0.394300593103
0.188346868285
-0.448292817631
0.188390344159
-0.506794963459
0.175679245023
-0.566289559011
0.147924644799
-0.62242997621
0.103175542961
-0.670501298705
0.0406325549052
-0.705388257335
-0.0383741829412
-0.722971671354
-0.130766303242
-0.719998024682
-0.232000646274
-0.694466486842
-0.335904136245
-0.645783332687
-0.435350806843
-0.57515010265
-0.522944505035
-0.485365930067
-0.592303731087
-0.380482373436
-0.638501381667
-0.265568391001
-0.658535362073
-0.146402037753
-0.651421513146
-0.0286705267355
-0.618569694535
0.0820421051506
-0.562926969015
0.180788334545
-0.488388012158
0.262934277438
-0.398806309798
0.32425433902
-0.297582843592
0.360584662804
-0.186801285748
0.367761387078
-0.0666040447164
0.342128464442
0.06471538489
0.280970761571
0.210696009256
0.184294075255
0.374609655991
0.0563245548747
0.556101404501
-0.0935436305105
0.748542878072
-0.251778475985
0.938894539998
-0.403335462889
1.1100225479
-0.53514112649
1.24541358347
-0.638602054814
1.33349433726
-0.711515705037
1.3708432079
-0.755120891972
1.35866696904
-0.776842385163
1.30908173478
-0.782912839085
1.23015763119
-0.778290912019
1.13067212694
-0.765786961037
1.01677154632
-0.746520181257
0.892760835723
-0.720711650213
0.761974992812
-0.688356251349
0.62736359601
-0.649580931565
0.491684967669
-0.604791799985
0.357402370998
-0.554655729066
0.226530390293
-0.499736145764
0.100211058174
-0.440454297958
-0.0209082761372
-0.377031184079
-0.136904270065
-0.309791340211
-0.247926237466
-0.238974243751
-0.354804613506
-0.164678354331
-0.458935351055
-0.0867520648446
-0.562062839603
-0.00487470174702
-0.6660459113
0.0808518610431
-0.772574830194
-0.882078043009
0.169246430688
-0.334880674793
-0.116280557697
-0.341752980082
-0.136599429595
-0.345342017381
-0.148441697304
-0.345762176871
-0.153211610604
-0.342896224645
-0.149092506621
-0.338420939407
-0.135231334488
-0.333255929428
-0.113391237027
-0.328435900803
-0.0845044615455
-0.325295707782
-0.0495678066913
-0.325294943677
-0.0100444240775
-0.329922024679
0.0324175988785
-0.340763837077
0.0760985179744
-0.35928756533
0.119212301251
-0.386856634443
0.159875472531
-0.42446450158
0.19610976546
-0.472460968889
0.225724789639
-0.530283001309
0.246138644517
-0.596200803368
0.254277267434
-0.667246162779
0.24669337234
-0.739324834213
0.219971981815
-0.807567092124
0.17138658918
-0.866789361637
0.0998239307961
-0.912179529495
0.00698557902457
-0.939488431973
-0.103487166824
-0.945669690734
-0.22584837102
-0.928874281949
-0.352727605695
-0.887506169249
-0.476745915965
-0.82212833873
-0.588348125623
-0.735629333549
-0.678827180315
-0.631462378834
-0.742691301591
-0.514250867303
-0.775768239626
-0.390218414588
-0.775473628892
-0.26606343635
-0.742742544852
-0.147993294441
-0.681013116751
-0.0417034290177
-0.594691950941
0.0475470812528
-0.488068899882
0.114854975079
-0.36490076454
0.155703276695
-0.227657503724
0.166345946919
-0.0772524662584
0.144211659767
0.0868461298746
0.0890949096982
0.265811449304
0.00435366762715
0.459351808819
-0.101971683351
0.662429833757
-0.218205996643
0.864782343061
-0.330968597939
1.05166423961
-0.42835381034
1.20741665932
-0.502136623267
1.31920694614
-0.548476329162
1.37984610284
-0.570312773745
1.39269310002
-0.573754977097
1.36212390965
-0.563941144817
1.2992838575
-0.546069770539
1.21230338457
-0.522903552904
1.10752419223
-0.495455028408
0.989342472023
-0.463775321954
0.861101791549
-0.42764311505
0.725864742568
-0.386949493429
0.586693350258
-0.341835697942
0.446596138605
-0.292687552297
0.308281005176
-0.239920613911
0.173792314812
-0.18387633084
0.0441980082806
-0.124438898085
-0.0803118127506
-0.0616223744225
-0.199683925272
0.00438255861192
-0.313891025902
0.0732370593619
-0.423615437916
0.14477623901
-0.530427152183
0.218912274358
-0.636147740588
0.29563768768
-0.742716514006
0.374892611442
-0.851771504387
-0.962792820207
0.455669047023
-0.359600728422
-0.101504759886
-0.371592766098
-0.124596709756
-0.380398376995
-0.139628757172
-0.386667501179
-0.146939142747
-0.390124817438
-0.145635935969
-0.391067637396
-0.134293240165
-0.390553736847
-0.113913628894
-0.389959998406
-0.0851101918364
-0.390680339428
-0.0488626713662
-0.394264648195
-0.00647824163998
-0.402419936226
0.0405521330096
-0.416978686267
0.0906341774446
-0.439708402728
0.141916879485
-0.472129093619
0.192269265581
-0.51525707875
0.239209380584
-0.569270529425
0.279708684291
-0.633215990905
0.310053647133
-0.704847374971
0.325877566803
-0.780725474532
0.322540027335
-0.856525219035
0.295740171489
-0.927383125802
0.242213058769
-0.988243651239
0.160653340064
-1.03445123361
0.0531625478827
-1.06369428221
-0.0742740637438
-1.07515782663
-0.214413949962
-1.06821832614
-0.359695259603
-1.04090284539
-0.504088435921
-0.990951317907
-0.638325436753
-0.918409642372
-0.751393246814
-0.825617644823
-0.835506166944
-0.716760313813
-0.884646795544
-0.597358094816
-0.894895324299
-0.474325875454
-0.86579240015
-0.355415414192
-0.799939293122
-0.24705896909
-0.703062119858
-0.154797754817
-0.580341784101
-0.0834588985348
-0.436249180639
-0.0371615826476
-0.273962219301
-0.0188716640243
-0.0955475827742
-0.029838135293
0.0978096345064
-0.0678624240082
0.303835013284
-0.12676323316
0.51825411812
-0.197490412224
0.733160688078
-0.268665492879
0.935963193213
-0.329588571648
1.11259507661
-0.372283941487
1.25012165525
-0.392914566457
1.3398489391
-0.392269827609
1.379214353
-0.375381334047
1.37581910919
-0.349353701368
1.33611220564
-0.317159647892
1.26710709381
-0.281850476355
1.17701282413
-0.244654549657
1.07034818465
-0.205666924351
0.950376088936
-0.164564007251
0.820021485781
-0.121062118124
0.682386914001
-0.0750350938443
0.540691952958
-0.0265320326215
0.398120427243
0.0244591290524
0.257319116133
0.0774773309385
0.120805546561
0.132994727556
-0.0112855478436
0.191190322593
-0.138470920671
0.252132533199
-0.260586757147
0.315791247472
-0.377507238777
0.381870053694
-0.489648439023
0.450108225002
-0.598616109762
0.520362551882
-0.706349435897
0.592530444574
-0.814828450995
0.66646115684
-0.925643154713
-1.03748714858
0.741217658553
-0.352349426592
-0.0827234566006
-0.369622126234
-0.107311530189
-0.384199524637
-0.125042348308
-0.396102311649
-0.135031658367
-0.4053269373
-0.136411048379
-0.411540119661
-0.128084067788
-0.415904191402
-0.109557558378
-0.419905298511
-0.081120753251
-0.424794846786
-0.043988124699
-0.431884881512
0.000593788951398
-0.442889894385
0.0515364613774
-0.459786957817
0.107508189289
-0.484400573264
0.166505381916
-0.51814248964
0.225984306994
-0.56181686032
0.282855408543
-0.615257187041
0.33311948939
-0.677070249078
0.371836291462
-0.744617112272
0.393393390962
-0.814401642758
0.392293160711
-0.88265750139
0.36396452312
-0.945865374977
0.305389544863
-1.00099888484
0.215755790295
-1.04464149049
0.0967746111609
-1.07593686293
-0.0430085421886
-1.09173567958
-0.198644130486
-1.09007288383
-0.361386045296
-1.07126369853
-0.522924456866
-1.03651201049
-0.673102664605
-0.984901475306
-0.803027890269
-0.915024542073
-0.905405648128
-0.828703285038
-0.970988921471
-0.728204867688
-0.995412825604
-0.617711071948
-0.976303401413
-0.505995738732
-0.911669871013
-0.401196658715
-0.807874411747
-0.309911169307
-0.671638390288
-0.236770254906
-0.509399063471
-0.184940444418
-0.325798805898
-0.156126609339
-0.124365968359
-0.149952063975
0.0916327846729
-0.162447046286
0.316329940946
-0.187309893913
0.543119141849
-0.216293316703
0.76214847195
-0.239983271744
0.959659624028
-0.250934917234
1.12355522354
-0.245011330269
1.24420849438
-0.22219900709
1.31704886084
-0.186983985119
1.34401329182
-0.143434068888
1.33228477678
-0.0951503874492
1.287845654
-0.0460151195367
1.21799044441
0.00282457738478
1.12819319962
0.0511604536125
1.02203382437
0.0992066899573
0.902352828011
0.147306670893
0.77194598403
0.195807571857
0.633912070625
0.24502528851
0.491501978826
0.295335001984
0.347840280457
0.347184552237
0.205501132047
0.400024872715
0.0679989975956
0.454168287472
-0.0653927806078
0.510016891358
-0.194280741609
0.567704179809
-0.318232472875
0.627981379112
-0.437739903561
0.690338696638
-0.551958135137
0.754545874616
-0.662772519909
0.820466253367
-0.772215918481
0.888018825006
-0.882324096447
0.957003167887
-0.994567738328
-1.10678852733
1.0263671681
-0.307827744629
-0.0602429404914
-0.32947633442
-0.0856471762725
-0.348866256106
-0.105640869475
-0.366066219182
-0.11782518467
-0.380844456353
-0.121631292317
-0.392946066902
-0.115985599005
-0.402631761859
-0.0998792595025
-0.410679043716
-0.0730847089979
-0.418477444666
-0.036204406638
-0.427592969944
0.009691560098
-0.439679037713
0.0636020566563
-0.456290028561
0.12409632426
-0.478895433811
0.189085868467
-0.50862574731
0.255687948015
-0.546004396316
0.320205930702
-0.590643137967
0.377728940477
-0.641087344859
0.42225032618
-0.694889037499
0.447164302322
-0.749069146163
0.446442139516
-0.800515707616
0.415379852465
-0.846229971477
0.351072703976
-0.883600571809
0.253095624228
-0.911543219105
0.124687024419
-0.930140936767
-0.0244403464131
-0.940152239111
-0.188661470329
-0.94277132618
-0.358794563204
-0.93862039496
-0.527101806624
-0.925907642878
-0.685840506899
-0.901979004773
-0.826980155467
-0.865244094257
-0.942162595307
-0.812643062937
-1.0236102816
-0.744450289142
-1.06362411519
-0.661901967422
-1.05886833248
-0.569588138786
-1.00399831992
-0.476372047697
-0.901103062216
-0.39016995884
-0.757850916525
-0.316976353939
-0.582600933213
-0.25955589428
-0.383225318197
-0.218096184262
-0.165829490922
-0.190400682875
0.0639357259584
-0.174512741414
0.300442697788
-0.166001049042
0.534610384532
-0.155974925278
0.752127478567
-0.136910744205
0.940602707239
-0.105633635076
1.09228743682
-0.0616435690759
1.20022972392
-0.00740879048569
1.26282726179
0.0533037477323
1.28331572974
0.117201562393
1.26840365514
0.181163960783
1.22390159863
0.243259206018
1.1559151421
0.302950705649
1.06852321243
0.360305582795
0.964702020662
0.415619901661
0.847063158788
0.469206985636
0.718385166359
0.521419548992
0.581727457164
0.57278136293
0.440169892294
0.624041025843
0.296612243201
0.675172486704
0.154403345489
0.726657337984
0.0165500437128
0.778867763844
-0.117564918632
0.832618064417
-0.247990216955
0.887452994703
-0.37302389887
0.943405761432
-0.493646361807
1.00110997781
-0.60961315552
1.06040965113
-0.722020081645
1.12129644748
-0.833047722332
1.18380909993
-0.94477897251
1.24765560558
-1.05835386104
-1.17056735278
1.31149746551
-0.22308735434
-0.0343791102461
-0.247736588594
-0.0609765324204
-0.270184968937
-0.0831775567339
-0.291058451104
-0.0969430821272
-0.310071517889
-0.102615346527
-0.326688657793
-0.0993706944951
-0.340675226559
-0.0858994549276
-0.352286319309
-0.0614843852268
-0.362344922341
-0.026160110863
-0.372072227466
0.0194014389733
-0.382827627561
0.0743372939539
-0.395773045314
0.137019196963
-0.411870652905
0.205158881589
-0.43182679878
0.275617766194
-0.4558240479
0.344175421618
-0.483377719159
0.405253714132
-0.513387699764
0.452230550344
-0.543810070701
0.477556327713
-0.572361998087
0.474963389594
-0.596420017561
0.439407106659
-0.614142227404
0.368764289154
-0.625984293125
0.264907417621
-0.633980961906
0.132653969403
-0.639284826628
-0.0191654741573
-0.643975382863
-0.183999004621
-0.648314766152
-0.354482208603
-0.6520036931
-0.523438696019
-0.654422808913
-0.683445853129
-0.654618598745
-0.826807339483
-0.650671137473
-0.946131416388
-0.639255084355
-1.03504596463
-0.616435718824
-1.08646127695
-0.577524895156
-1.09779502626
-0.522116483871
-1.05942059342
-0.453457945304
-0.969773384324
-0.379964764669
-0.831353742451
-0.310028166805
-0.652544989861
-0.248677958161
-0.444580762451
-0.196916708993
-0.217593727942
-0.152790895021
0.0198091841563
-0.113244692927
0.260898027141
-0.0720628848577
0.493432349883
-0.0252847779451
0.705355350098
0.0289511527114
0.886374906278
0.0922922692518
1.02895653632
0.163693555982
1.1288406677
0.240400977818
1.18613400962
0.319157649042
1.20457509309
0.397558428565
1.19002070682
0.473354754144
1.14812484304
0.545620641184
1.08367052012
0.614110005534
1.00005678143
0.678922338508
0.899914281726
0.740270362349
0.785741402864
0.798422885052
0.660260620654
0.85380702569
0.526373060451
0.906966134953
0.387042374185
0.958391422446
0.245220496075
1.00806468463
0.104765699146
1.05798623728
-0.0333336724203
1.10808252569
-0.167621016265
1.15829582182
-0.298160858279
1.2096234601
-0.424306315312
1.26145992665
-0.54543495114
1.3138414408
-0.661944084825
1.36744997887
-0.775575320939
1.4227755307
-0.888317305623
1.47986731818
-1.00181221479
1.5381389096
-1.1165644892
-1.22815855247
1.59579354324
-0.0945928494535
-0.00596837282742
-0.12157362357
-0.0339680073731
-0.145645863058
-0.0590869223679
-0.16839052177
-0.0741878097819
-0.190057227828
-0.0809445536105
-0.209685513961
-0.0797438652497
-0.226564003164
-0.0690271839474
-0.240400238235
-0.0476584933806
-0.251342807691
-0.0152314773563
-0.259952046857
0.0279936081426
-0.266918419997
0.0812838693787
-0.272942302953
0.143020923099
-0.278574877292
0.210767280927
-0.284102362265
0.281119377986
-0.289437936879
0.34948372836
-0.294138777426
0.409926181836
-0.297559679169
0.455622252003
-0.298437493462
0.478404380713
-0.296135294023
0.472631121022
-0.290033636513
0.43327531255
-0.280579023583
0.35927969855
-0.270463884811
0.254762670943
-0.262420860721
0.124581903618
-0.257503648137
-0.0241109784448
-0.257721309627
-0.183808713031
-0.2623740976
-0.349855707886
-0.270206921621
-0.51563092579
-0.280378920846
-0.673297532717
-0.292851258677
-0.814357172733
-0.308309422295
-0.930693791889
-0.326016344173
-1.01735783587
-0.34214968992
-1.07034487624
-0.351306557484
-1.0886531648
-0.345370421915
-1.06536971581
-0.318483865639
-0.996670838781
-0.272380118617
-0.877466241055
-0.21469651823
-0.710235148817
-0.15370517512
-0.505576436463
-0.0932380306185
-0.278062952983
-0.0339155533701
-0.0395131122739
0.0270872188276
0.199897696607
0.0926510381531
0.427873218146
0.164491361884
0.633521927372
0.243279876188
0.807595459305
0.328666536272
0.9435810541
0.418730099439
1.03879033183
0.510759524223
1.09411979766
0.602116655
1.11323509739
0.690818065414
1.10133829513
0.775566149067
1.06339757163
0.85582579648
1.00343346006
0.931439284496
0.924467631859
1.0024171489
0.828962499238
1.06886166823
0.719324719177
1.13099845221
0.598153455078
1.1891821274
0.468220834459
1.24380971148
0.332448136533
1.29523198962
0.193833545328
1.34473699717
0.0552981036298
1.39286170303
-0.0814187628687
1.44039472976
-0.215112119939
1.48723495624
-0.344956775474
1.53330069908
-0.470325290834
1.57900522
-0.591090186962
1.62534286625
-0.708229898959
1.67317371571
-0.823351799906
1.7229621562
-0.938048886502
1.77445003832
-1.0532408355
1.82652053272
-1.16857346257
-1.27839830365
1.87682411954
0.0857653970031
0.0236875896011
0.0548213611756
-0.00299202641606
0.0288741598635
-0.0331188943342
0.00495729160972
-0.0502590024445
-0.0183216101775
-0.0576608213176
-0.0399542525328
-0.0581122172354
-0.058652087752
-0.0503352264789
-0.0736708969591
-0.0326497254058
-0.084498737693
-0.00441726428215
-0.0908781389439
0.034356278286
-0.0927025349889
0.0830888501627
-0.0900577821992
0.140354445821
-0.0830815414578
0.20376734956
-0.0718559848269
0.269868484023
-0.0563690454126
0.333970105955
-0.0364868484069
0.390016242192
-0.011916035524
0.43102291006
0.016758500768
0.449700790024
0.0484390547504
0.440921235683
0.0820744193051
0.399610575648
0.114172715314
0.32715221225
0.142404616854
0.226501969751
0.163865144001
0.103093162557
0.176700991263
-0.0369742707647
0.180339919508
-0.187474145992
0.174859607871
-0.344400800125
0.164687542333
-0.505483013087
0.150936239868
-0.659568991583
0.133511548985
-0.796953720419
0.111071536779
-0.908273373108
0.0804437439698
-0.986747879305
0.0423104930105
-1.03222760425
-0.000986599907655
-1.04537010458
-0.0397348803347
-1.02663344313
-0.0630748270449
-0.973340807131
-0.0613572116811
-0.879191622349
-0.032369049548
-0.739228882799
0.0179068374649
-0.555855667885
0.0805705105523
-0.340727721284
0.150217393569
-0.109158830555
0.226113495976
0.124005019447
0.308359220885
0.345633166867
0.39709928419
0.544789757853
0.491940168444
0.712764647768
0.591425691918
0.844107734148
0.693321978599
0.936908327336
0.795150987545
0.992307095038
0.89473504677
1.01366931441
0.990600958476
1.00549257898
1.08190289214
0.972117709012
1.1682303071
0.917129957476
1.24938243662
0.843341233857
1.32525028162
0.753122196485
1.39581695491
0.648787405486
1.46120016289
0.532801446375
1.52164123796
0.407812836338
1.57749541944
0.27662896252
1.62927880393
0.14208716533
1.67785992678
0.00675606535793
1.72379075479
-0.127308330874
1.76749892602
-0.258776776615
1.80939478824
-0.386806815675
1.84999204763
-0.510874373922
1.89034158504
-0.631389156058
1.93154535154
-0.749380692862
1.97438953544
-0.866140625601
2.01899974755
-0.982601406034
2.06455319713
-1.09873433926
2.10928980575
-1.21324799904
-1.31947648131
2.15043223395
0.329721307093
0.0551920016516
0.294704902916
0.032057663537
0.264901360255
-0.00329393500121
0.237417279522
-0.0227628369245
0.210962053675
-0.0312007777924
0.186332124017
-0.0334833048085
0.164959384773
-0.028968334622
0.14804293613
-0.0157432098323
0.136679072237
0.00693316602523
0.131850665945
0.0391682343583
0.134368179575
0.0805522864642
0.144855721777
0.12984562441
0.163608204199
0.184991696681
0.190637247431
0.242814692747
0.225659324027
0.298921998599
0.268178150252
0.347470382146
0.317164300222
0.382008989976
0.370657121656
0.396179716904
0.427076569975
0.384473296324
0.482457271179
0.344201374597
0.533356259534
0.276224933837
0.576013152549
0.183817201605
0.607845511319
0.0712335359937
0.627760154278
-0.0569153930473
0.635760851271
-0.195500363981
0.634713011034
-0.343377363457
0.625954736346
-0.496747875849
0.611635070617
-0.645271058348
0.591507344968
-0.776846192981
0.564206125367
-0.880990697119
0.528577573994
-0.951136107129
0.482584390501
-0.986249337555
0.42610155576
-0.98890023723
0.362603842554
-0.963146671049
0.301117168273
-0.911862981594
0.255815744832
-0.833896900204
0.240110932265
-0.723528580299
0.259217250163
-0.574964272032
0.308695949893
-0.390206462031
0.379695494413
-0.180156159687
0.464415555576
0.0392894321577
0.557559752186
0.252495693467
0.656967201052
0.445391257305
0.761388377921
0.608354608278
0.869095343614
0.736414053251
0.977866431941
0.828152626525
1.08550022345
0.88469074695
1.19019409587
0.908994894494
1.29075981814
0.904948274176
1.3865043601
0.876396510719
1.47702952401
0.82663003248
1.56206238386
0.758335486912
1.6413861132
0.673827444243
1.71486707503
0.575337287383
1.78250304041
0.465198206837
1.84444206954
0.345908443104
1.90098032614
0.220127291919
1.95245035045
0.0906557275598
1.9995167025
-0.0402696348858
2.04271162251
-0.17046045908
2.0826893609
-0.298709525064
2.12019292738
-0.424263162396
2.15638618718
-0.547018156857
2.19252450097
-0.66747571523
2.22964605043
-0.786448209747
2.26812735338
-0.904565643388
2.30737357168
-1.02178913762
2.34580285046
-1.13710300423
2.38116018165
-1.24854270259
-1.34894103495
2.41068942285
0.666104309461
0.0917895557432
0.625855984098
0.0723376830457
0.586133983697
0.0364477698018
0.54907473323
0.0143071321272
0.514176387866
0.00370142453772
0.481924942997
-0.00123350104597
0.453606703174
-0.000656301909897
0.430778378272
0.00707503290435
0.415067898355
0.0226302364402
0.408015464368
0.0462043884561
0.410815001866
0.0777339952869
0.424741378836
0.115898374743
0.450386930655
0.15932347796
0.487897612985
0.205279851661
0.536565198178
0.250229047672
0.595114837081
0.288894441006
0.661464779325
0.315632067382
0.733078841153
0.324538243431
0.806615990247
0.310908539276
0.878041186396
0.27274859824
0.942877786786
0.211360994246
0.996859821401
0.129808269389
1.03825905652
0.0298080336258
1.06690739712
-0.0855891925633
1.08570213152
-0.214319581629
1.09580822136
-0.353506804187
1.09581445781
-0.49677618425
1.08547597866
-0.634953235638
1.06449751488
-0.755886842984
1.03255792483
-0.849068560296
0.990172431685
-0.908766299072
0.938029446154
-0.9341201733
0.876585381206
-0.927468044714
0.806361928672
-0.892933067134
0.730033373136
-0.835542186254
0.656072339995
-0.759941485101
0.599586936235
-0.667046609455
0.575853636897
-0.551232188418
0.592036297745
-0.406388099821
0.645245460336
-0.233362048547
0.726032728337
-0.0414923074768
0.82250965789
0.156026540682
0.927788199209
0.34012272076
1.03800991817
0.498145090585
1.15055860161
0.623879731536
1.26324519102
0.715482520873
1.37419801415
0.77375648919
1.48190453401
0.801308980929
1.5853048033
0.80157061324
1.68372827479
0.777997614958
1.77674150368
0.733643318008
1.86401453491
0.671090888051
1.94526707428
0.59260524334
2.02029189295
0.500344711616
2.08900598597
0.396518269503
2.15148237418
0.283468142142
2.20790637072
0.16374134181
2.25863369267
0.0399684476803
2.30393736782
-0.0855312244045
2.344563515
-0.211042419442
2.38147885142
-0.335578533597
2.41595923886
-0.45869506566
2.44939217519
-0.580400441382
2.48287721531
-0.700907927512
2.51681002575
-0.820326025246
2.550653133
-0.938351617224
2.58297701579
-1.05405379826
2.6117598118
-1.16582455646
2.6348605637
-1.27158028933
-1.36422412137
2.65020877391
1.10154310756
0.134388375174
1.05796835748
0.115939178252
1.00966406821
0.0847678629744
0.960563370244
0.0634159729674
0.913195774382
0.0510712819178
0.868520318462
0.0434393736268
0.828073857187
0.0397834622875
0.793925267602
0.0412133767502
0.768022897978
0.0485192816518
0.752077365328
0.0621339234915
0.748073482865
0.0817195675913
0.757802492678
0.106149070679
0.781892905047
0.135211091755
0.820159993967
0.166989395363
0.87215159725
0.198212954653
0.936124584706
0.224896100164
1.00976417087
0.241966512143
1.08975146511
0.244524601928
1.17219337506
0.228440130397
1.25276721328
0.192148326193
1.32657042592
0.137531619948
1.39166038202
0.0646926192486
1.44605771977
-0.0246143462766
1.49110247921
-0.130658168012
1.52756993365
-0.250810261896
1.55297304837
-0.378932000624
1.56390590163
-0.507729831122
1.55823613142
-0.629302836695
1.53576649946
-0.733435035115
1.4976758575
-0.810994079494
1.446610285
-0.857715119365
1.38589521453
-0.873417633365
1.31841239129
-0.859995806389
1.24578531155
-0.820314553045
1.16842865676
-0.758192014309
1.08822687222
-0.679744047544
1.01277759952
-0.591599505199
0.955940403915
-0.4943949504
0.932255837528
-0.382701257879
0.949386723463
-0.2504884125
1.00534659249
-0.0974454019576
1.0910691436
0.0703130136614
1.19542964051
0.235773480839
1.30813690114
0.385451292729
1.4239127742
0.508119496048
1.53967404162
0.599739032758
1.6533030743
0.660147342516
1.76327806168
0.691355950412
1.86857531411
0.696297353764
1.96853890492
0.678060021244
2.06272678391
0.639483412757
2.15080684165
0.583040759093
2.23250684163
0.510937112425
2.30762736653
0.425257988937
2.37609852155
0.328082850547
2.43799913772
0.221605204231
2.49338964493
0.108390470307
2.54252021884
-0.00912051143845
2.58603482175
-0.129002201484
2.62510641911
-0.250068339632
2.66102268041
-0.371447042998
2.69491877659
-0.492541335877
2.72753738245
-0.612967149574
2.75898958837
-0.732306167256
2.78866000216
-0.849940420701
2.81530865697
-0.964942233583
2.83733599826
-1.07602112901
2.85311789296
-1.18154452914
2.86135452353
-1.27975317567
-1.36385779492
2.86105378992
1.63587312589
0.148280319214
1.58936442244
0.162427736969
1.52402767041
0.150083448005
1.46106092449
0.126359172106
1.40335023766
0.108755597757
1.34946292862
0.0972974768667
1.29995201162
0.0892625476518
1.25670708521
0.0844241446976
1.22164459495
0.0835456135811
1.19656779151
0.0871728963617
1.18332214276
0.0949260304914
1.18294411038
0.106486864031
1.19665100142
0.121463194774
1.22504543805
0.13855345672
1.26774923295
0.155467417853
1.32380526315
0.168798330768
1.39155066203
0.174179606817
1.4670501257
0.168984082106
1.54634072611
0.149109128537
1.62587398531
0.112575513165
1.70097050337
0.0623965787235
1.77786021214
-0.012234409514
1.85263505429
-0.0994251427608
1.91726014316
-0.195317692092
1.96575772824
-0.299340618503
1.9949336593
-0.408138903444
2.00364638322
-0.516471598845
1.99164108095
-0.617324529216
1.9601947699
-0.702013555098
1.912016709
-0.762838576301
1.8512253252
-0.796943916315
1.78243173413
-0.804641748626
1.70941857276
-0.786997783506
1.63494375278
-0.745852212736
1.56012269431
-0.683380688167
1.48521679195
-0.604845043745
1.41243868036
-0.518825373484
1.3478779074
-0.42983515462
1.30130052046
-0.336121761552
1.2849400259
-0.234122636891
1.30878362751
-0.121280462428
1.36791657065
0.0111919608368
1.45596240864
0.147742966765
1.56290078412
0.27853175921
1.67918815911
0.391854573122
1.79811794542
0.480835408337
1.91551796494
0.542777300218
2.02872736379
0.578180455128
2.13620866964
0.588853994533
2.23711197336
0.577198829414
2.33097325752
0.545668532976
2.41753535421
0.496529490181
2.49665301262
0.431874837951
2.5682687364
0.353702336892
2.6324405612
0.263975912364
2.68949278482
0.164622799871
2.74034480773
0.0576133028173
2.78641535119
-0.055111079494
2.828548009
-0.171049699919
2.86704877044
-0.288478720569
2.90208024646
-0.406382934481
2.93361523807
-0.523975617395
2.96148393539
-0.640730127431
2.98514514889
-0.755856805474
3.00379011425
-0.868470156577
3.01648787757
-0.977520362992
3.02237556182
-1.0817850687
3.02083880125
-1.17988024462
3.01166026808
-1.27044371655
2.99490747495
-1.3469709226
-0.444213049937
0.552258426482
-0.697991188885
0.32564966573
-0.826270510599
0.0902721747098
-0.880176521548
-0.109983946136
-0.885880441032
-0.284319457224
-0.863544719408
-0.433742792199
-0.823204161988
-0.567437323693
-0.770276081628
-0.689890114859
-0.707904891875
-0.802955824985
-0.638176784546
-0.90727961387
-0.562646543003
-1.00284419244
-0.482571317015
-1.08928941573
-0.399013656382
-1.16609221645
-0.312888218605
-1.23266772967
-0.224986065037
-1.28842685554
-0.135986541286
-1.33281607234
-0.0464818185725
-1.36533400577
0.0430138433885
-1.38553402909
0.131989937396
-1.39313805139
0.219933513888
-1.38788955824
0.306288957638
-1.36975715974
0.390349409988
-1.33888998965
0.471163428084
-1.29569286566
0.547527240234
-1.24095749819
0.617871783552
-1.17571728573
0.680472746059
-1.10149287724
0.733718304485
-1.02010720789
0.776622627469
-0.933633972779
0.809404565355
-0.844113400199
0.833930353022
-0.753207333946
0.853810403558
-0.661917355806
0.87393477022
-0.570260513927
0.899402356296
-0.477182701383
0.934543590758
-0.381485318887
0.982225803773
-0.28248986803
1.04318724705
-0.17974778529
1.11600189744
-0.0741383556306
1.1976975542
0.0329258270039
1.2846295941
0.138722067167
1.37365623573
0.240106916512
1.46242623549
0.334108937079
1.54927130487
0.418303216604
1.63337077299
0.490809490695
1.71460166061
0.550300658094
1.79329984842
0.595912340388
1.87045097136
0.626993942587
1.9474884936
0.643292475182
2.02618603792
0.644478733604
2.10846147272
0.630064376993
2.19606771641
0.599232639539
2.29017703969
0.550790372987
2.39089364278
0.483298339118
2.49683186902
0.39543673382
2.60494811754
0.286588706374
2.71078439013
0.157502988178
2.80914713634
0.010841580443
2.89505087583
-0.148581362933
2.96460846215
-0.314000690398
3.01558549247
-0.477248652809
3.0475437786
-0.629167090996
3.06179396518
-0.760516698302
3.06109117451
-0.861987128059
3.04991223807
-0.927514650349
3.03494927544
-0.952740106011
3.02078254446
-0.950489015652
3.01266349707
-0.928630799396
3.01341676504
-0.904475852066
3.01951198901
-0.902826576545
3.02178438066
-0.944321133268
3.01099131768
-1.04153904635
2.97705390931
-1.1935735774
2.91140066042
-1.40947723116
2.80914360342
-1.7097541696
2.66795976431
-2.0475684953
2.49091794798
-2.21377338318
2.28829667356
-1.93135568675
2.0742945729
-1.05820654144
1.87923848814
0.321983474193
1.73833814275
2.00149103209
4.60620842703
-1.1692218457
0.263847471542
-0.988784596055
0.145241502334
-0.879834616095
-0.0186540657802
-0.800797252393
-0.189002039599
-0.738022012551
-0.347078608884
-0.67949914992
-0.492251774971
-0.620551221671
-0.626372941086
-0.559509203112
-0.75092098774
-0.495875553341
-0.866579232049
-0.429705470373
-0.973440178511
-0.361313238607
-1.07122750252
-0.291127144642
-1.15946708944
-0.219608139461
-1.23760322936
-0.147201564916
-1.30506668176
-0.0743078804521
-1.36131324049
-0.00127239394579
-1.405844544
0.0716021755337
-1.43820181351
0.144066634755
-1.45799195352
0.215880884199
-1.46494597124
0.28686054451
-1.458863076
0.356813804234
-1.43970444881
0.42553077333
-1.40760114737
0.492642215891
-1.36279864573
0.557812751881
-1.30612251212
0.620326564879
-1.23822571038
0.679281973181
-1.16044302572
0.733417683118
-1.07423778267
0.781317577157
-0.981528853548
0.821668845932
-0.884459775565
0.853687870635
-0.78522158339
0.87758518387
-0.685810009868
0.894932149343
-0.587602932821
0.9086469902
-0.490893101555
0.922421018214
-0.395254999034
0.940050289413
-0.300114858827
0.964719616257
-0.204412849673
0.998025300862
-0.107439695277
1.0403984098
-0.00944263315292
1.09083237994
0.0882936119557
1.14750663498
0.183440825705
1.20848866621
0.273141181324
1.27206243023
0.354701808488
1.33718489621
0.425659655583
1.40330669451
0.484190778657
1.47037176555
0.528851232516
1.53873777058
0.558630517637
1.60911386363
0.572918103927
1.68232476743
0.571268827331
1.75909898888
0.553290538225
1.83980681053
0.518524653494
1.92419613886
0.466400375899
2.01117971235
0.396313622117
2.09875036586
0.307864484967
2.18409838792
0.201238657633
2.26395118677
0.0776477510903
2.33506358277
-0.060273644412
2.39470902665
-0.208230004324
2.44102319283
-0.360318398592
2.47321620718
-0.509445528676
2.49160094172
-0.647555979532
2.4974998002
-0.766419976535
2.49332152565
-0.857813511233
2.482191889
-0.916389883609
2.46906323207
-0.939616505726
2.45667785232
-0.93810885718
2.44824575644
-0.920204069363
2.44480164946
-0.901037239518
2.44352860364
-0.901559141322
2.43914409235
-0.939942341012
2.42498896266
-1.02738974098
2.39384910188
-1.16243964841
2.33960399949
-1.35523817517
2.25763956304
-1.62779590718
2.14572917447
-1.93566442671
2.00698532485
-2.07503602452
1.85059492727
-1.77497198243
1.68793838993
-0.895556941522
1.5415602707
0.468354360137
1.43590768104
2.10713601127
4.64466186856
-1.29928834242
0.0363133931499
-1.09122987782
-0.0627859691673
-0.930656977794
-0.179197214086
-0.810607278747
-0.309024520449
-0.714322365443
-0.443338977668
-0.630562293052
-0.575989729558
-0.552912443757
-0.704002723005
-0.477956680098
-0.825858383574
-0.4039610586
-0.940557894377
-0.330132107483
-1.04725334824
-0.256201695528
-1.14514312888
-0.182184457486
-1.2334703928
-0.108227517178
-1.31154696904
-0.0345205058513
-1.378761131
0.0387523144762
-1.43457405832
0.11141876567
-1.4784994865
0.183342991914
-1.51011496974
0.25442775266
-1.52906603653
0.324581529214
-1.53508942318
0.393735821498
-1.52800736372
0.461827044746
-1.50778595968
0.528786278652
-1.47455093774
0.59459222459
-1.42859539766
0.658974315171
-1.37049564254
0.721786562097
-1.30102921865
0.782685599802
-1.221333537
0.84094455669
-1.13248841891
0.895610564499
-1.03618674256
0.945419158751
-0.934260451188
0.988986235659
-0.828780941909
1.02512901489
-0.721945272141
1.05335454078
-0.61582114444
1.0743541839
-0.511885632665
1.09003915419
-0.410933054441
1.10331919145
-0.313388162734
1.11769117115
-0.218778240211
1.13638495788
-0.126126952524
1.16198350648
-0.0350345122921
1.19573922851
0.0545452382005
1.23759587338
0.141593863266
1.28664974321
0.224100265235
1.34159006527
0.299736097962
1.40135888722
0.365867630997
1.46518196578
0.420381021938
1.53256028123
0.461478878916
1.60333347656
0.487860637453
1.67754456925
0.498708984309
1.75524180879
0.493572553572
1.83628551688
0.472246910085
1.92015575936
0.434653670934
2.00580106776
0.380753549069
2.09156757983
0.310544844384
2.17524383595
0.224185243433
2.25424184092
0.122236975674
2.32589517029
0.00599008377326
2.38780925423
-0.122192692379
2.43814664178
-0.258572943201
2.47580542445
-0.397983276275
2.50054559641
-0.53419229249
2.5129762797
-0.659993700734
2.51448405084
-0.767935179591
2.50741291784
-0.850750150037
2.49462679494
-0.903611819614
2.48032966314
-0.925327667411
2.46685322993
-0.924640903129
2.45660341744
-0.909962875503
2.44989559809
-0.894338137146
2.44425960163
-0.895931923798
2.43522129433
-0.930912844272
2.41695833628
-1.00913560066
2.38348793667
-1.12897805582
2.32874040501
-1.30049942787
2.2476230947
-1.54668735312
2.13779021696
-1.82584027706
2.00278514129
-1.94003965475
1.85281023125
-1.62500576677
1.6989164141
-0.741671825493
1.56199606224
0.605265980837
1.46321355651
2.20590970981
4.68174537683
-1.17393676633
-0.143942469412
-1.0132093361
-0.223477132007
-0.871693875799
-0.320677330824
-0.749000068798
-0.431684836707
-0.641890667035
-0.550417078522
-0.545888042053
-0.671963297148
-0.457202167171
-0.792661647294
-0.373175001636
-0.909860500151
-0.292134004083
-1.02157552646
-0.2131194698
-1.12624599058
-0.135648169839
-1.2225938225
-0.0595184894693
-1.30958058975
0.0153308493861
-1.38637780813
0.0888946641084
-1.45230731087
0.161161852981
-1.50682437597
0.23214439866
-1.54946583814
0.301873045402
-1.57982802576
0.370390623769
-1.59756856436
0.437737451048
-1.60242168617
0.503957502974
-1.59421329165
0.569083507262
-1.57289824129
0.633138246962
-1.53859232337
0.69615604071
-1.4916001789
0.75814018556
-1.43246709468
0.819082621746
-1.36195926506
0.878831084664
-1.28106990085
0.937253916401
-1.19089943446
0.993928006117
-1.09284929527
1.04815618915
-0.988477376501
1.09892513583
-0.879538913674
1.14497743759
-0.767986888079
1.18505733231
-0.655890650534
1.21841595467
-0.545234171915
1.24513532762
-0.437642655529
1.26603831987
-0.334281692605
1.28313535637
-0.235866104971
1.29951587786
-0.142498536721
1.31825580247
-0.0537655911353
1.34198909523
0.0308210599694
1.37259117136
0.111001963205
1.41079136563
0.185908758271
1.4565082507
0.254003304773
1.50915389328
0.31320756846
1.56803621637
0.361507457308
1.63241613363
0.397105334063
1.70165142153
0.418629037508
1.77513962842
0.425222853683
1.85220789632
0.416505085624
1.93199611938
0.392458319405
2.01335661743
0.353291691077
2.09479755282
0.299310053402
2.17449134026
0.230847449161
2.25035736544
0.148314595067
2.32022238743
0.0523663522581
2.38203823242
-0.055832297365
2.434111168
-0.174273047388
2.47524022603
-0.299710245246
2.50479208312
-0.427544135479
2.5227982419
-0.55220813922
2.52999171945
-0.667197473817
2.52771194157
-0.765666223786
2.51810089872
-0.841150371647
2.50382328017
-0.889345824664
2.48834868602
-0.909864973045
2.47372661132
-0.910030925633
2.4616811824
-0.897929666028
2.4521861031
-0.88485533075
2.44292733582
-0.886685420279
2.4301468791
-0.918144587284
2.40878838045
-0.987789190184
2.37359893092
-1.09380054351
2.31867866957
-1.24559092037
2.23853284355
-1.46655307238
2.13089374836
-1.7182124988
1.99965432621
-1.80881130671
1.85599909486
-1.48136135503
1.71063305943
-0.596316347879
1.58277785615
0.733110895277
1.49063049787
2.29804704012
4.7173755928
-1.01187516772
-0.283642454785
-0.876292575951
-0.359019017784
-0.748851016421
-0.448078909919
-0.631358993535
-0.549138389952
-0.523497402614
-0.658242067864
-0.423818690465
-0.77160741292
-0.330588340979
-0.885859384169
-0.242290598726
-0.998127503711
-0.157818645434
-1.10601848326
-0.0764413796467
-1.20759585639
0.00227329101376
-1.30128253616
0.0785578810229
-1.38584051693
0.15255003808
-1.4603464591
0.224377078528
-1.52411187808
0.294181318066
-1.57660706506
0.362124860423
-1.61738865596
0.428380623624
-1.64606380559
0.493121425497
-1.66229005026
0.556509056992
-1.66579060516
0.618689599476
-1.65637567003
0.679786624455
-1.63397760353
0.739903405941
-1.59869190386
0.799133798001
-1.55081379897
0.857554496013
-1.4908714235
0.915235616995
-1.41962439966
0.972219340681
-1.33803800697
1.02855294831
-1.24721778509
1.08416536123
-1.14844680906
1.13882517282
-1.04312264938
1.1920576797
-0.932757249731
1.24309059271
-0.819006010015
1.29089413067
-0.703680792524
1.33437085672
-0.588697914602
1.37263084287
-0.475890088361
1.4053229635
-0.366961703409
1.43292970524
-0.263461183141
1.45678072984
-0.166338323516
1.47894617213
-0.075920154121
1.50211920286
0.00765868633424
1.52881553534
0.0843160309863
1.56099861944
0.153732228266
1.59982690212
0.21516805714
1.64565553831
0.267371923966
1.69828407289
0.30888372488
1.75710933768
0.33828582353
1.82130659633
0.354435576821
1.88990109808
0.356630448422
1.96177471989
0.344632055942
2.0356486802
0.318583521876
2.11006911721
0.278869024618
2.18341349544
0.225962081936
2.25393068507
0.160325332614
2.31981746292
0.0824215929431
2.37933500989
-0.00715867073403
2.43095189159
-0.107457850917
2.47347443906
-0.216805395254
2.50609583261
-0.33234249003
2.52841953272
-0.449879649324
2.54057054891
-0.56437183515
2.54328046339
-0.669920829629
2.53779721842
-0.76019707303
2.52602561595
-0.829393403546
2.51041585024
-0.873751121192
2.4938434233
-0.893307924276
2.47809349769
-0.89429658685
2.46437558516
-0.8842274462
2.45249674504
-0.872992193989
2.44032308848
-0.874527390116
2.42455643679
-0.902393406617
2.40081378008
-0.964061779626
2.36438226186
-1.05738398653
2.30953752148
-1.19076080434
2.23048399291
-1.38751378724
2.12508716518
-1.61282949496
1.99764599382
-1.68138350571
1.8601129121
-1.34384115713
1.72302158846
-0.459237389816
1.60384363039
0.85227704223
1.51813724132
2.38374220208
4.75130961294
-0.807726082399
-0.399045505958
-0.691480716187
-0.475220729054
-0.57776352558
-0.561752709597
-0.468781027921
-0.658078555124
-0.365358789534
-0.761623486749
-0.267445211307
-0.869481910097
-0.174560253527
-0.978707073179
-0.0861068463279
-1.08654540843
-0.00158815722911
-1.19050334472
0.0793330997204
-1.28848486904
0.156887060797
-1.37880573456
0.231247325368
-1.46017138618
0.302572158259
-1.53164314669
0.371058654657
-1.59257136554
0.436954467006
-1.64247689846
0.500540682432
-1.68094982514
0.562109077597
-1.70760799959
0.621945065836
-1.7221026044
0.680314313398
-1.7241371169
0.737453468174
-1.71349272719
0.793565017792
-1.69006764198
0.848819871526
-1.65392578901
0.903367005901
-1.60534047112
0.957339293348
-1.54482372624
1.01086113908
-1.47312671657
1.06405207077
-1.39120985113
1.1170410519
-1.30018811234
1.16991867356
-1.2013062096
1.22269975573
-1.09588594889
1.27526346268
-0.985303624526
1.32728299651
-0.871008680096
1.37817786203
-0.754559285855
1.42713268307
-0.637636882334
1.4732471723
-0.521989273029
1.51573445859
-0.409434263836
1.55410187167
-0.301814475512
1.58845672605
-0.200679680969
1.61968150503
-0.107132071634
1.64926607176
-0.021913714321
1.67918011332
0.0544129458404
1.71147456188
0.121444557949
1.74786231251
0.178779198644
1.78943718334
0.225795147448
1.83662902038
0.261695672695
1.88926297532
0.28565706944
1.94670083804
0.297001518362
2.00797575901
0.295357602215
2.07189019046
0.280717993674
2.13708530034
0.253387100145
2.20209459726
0.213856751156
2.26539131307
0.162660744302
2.32544119597
0.10026921086
2.38075976109
0.0270952117905
2.4299851727
-0.0563934218999
2.47196247359
-0.149445947065
2.50582100697
-0.250676096782
2.53096604352
-0.357500971187
2.5470780521
-0.466006269101
2.55427667473
-0.571586115081
2.55323510252
-0.668895830476
2.54508726587
-0.752066589066
2.53153276332
-0.815856892161
2.51477576958
-0.857012615951
2.49723051788
-0.875781517615
2.48043124671
-0.877516381589
2.46524541234
-0.86906076828
2.45136667977
-0.859132586829
2.43684670658
-0.860026398654
2.41871444192
-0.884279878133
2.39314735554
-0.938513092309
2.35585092964
-1.02010554192
2.30127795085
-1.13620531752
2.22345248146
-1.3097052575
2.12029944034
-1.50969278371
1.99670218487
-1.55780191676
1.86507305729
-1.21222697833
1.7359970909
-0.330175598353
1.62508117908
0.963179618274
1.545749189
2.46306176363
4.78320416836
-0.571810514346
-0.497775324738
-0.470977157031
-0.576008565312
-0.370074812464
-0.662609328667
-0.270924587047
-0.757183613587
-0.174649020464
-0.857854963982
-0.081814053686
-0.96227417832
0.007346725745
-1.06782671887
0.0927492535571
-1.17190841922
0.174395603278
-1.27211174717
0.252298786397
-1.36635160021
0.326464715931
-1.45293664204
0.39694588878
-1.53061889421
0.463875890076
-1.59854075414
0.52749138598
-1.6561556459
0.58811778674
-1.70307316905
0.646128561935
-1.73893146635
0.701909779458
-1.76336099614
0.755838178845
-1.77600361972
0.808264269011
-1.77653659134
0.859499380615
-1.76470193057
0.909810635431
-1.74035364304
0.959425187543
-1.70351569665
1.00854068752
-1.65443189858
1.05733530592
-1.59359481464
1.10597700127
-1.52174540284
1.15463119275
-1.43984154072
1.20346850296
-1.34900342198
1.25264641611
-1.25046262546
1.30228660675
-1.14550515527
1.35243934951
-1.03543591337
1.40303270494
-0.921582136625
1.45381915637
-0.805326424969
1.50434436887
-0.688143406863
1.55398880851
-0.571615692024
1.60204351062
-0.45747165981
1.6477832761
-0.347537700109
1.69074292974
-0.243623615996
1.73091134627
-0.147285673335
1.76878665394
-0.0597753071552
1.80533666419
0.0178748722553
1.84189214523
0.084897148321
1.87988503017
0.140789358164
1.92052060754
0.185161296836
1.96455992123
0.217660366715
2.01222967925
0.237992265794
2.06324950711
0.24598547382
2.11693076267
0.241678356812
2.172292492
0.225356378312
2.22816967442
0.197508105113
2.28330409466
0.158718584907
2.33641577162
0.109543397292
2.38625716953
0.0504202447356
2.4316549321
-0.0183119740903
2.47155004805
-0.0962997548288
2.50504338605
-0.182952216113
2.53146041355
-0.277107671235
2.55030426191
-0.376360867399
2.56124291327
-0.476962337913
2.5643525631
-0.574714407669
2.56023993726
-0.66480291652
2.54992769008
-0.741774959465
2.53494200702
-0.800892562992
2.51724064935
-0.83933317855
2.49887535509
-0.857438540469
2.48115882932
-0.859822405831
2.46472909899
-0.852653663059
2.44920714034
-0.843633180524
2.43280923846
-0.843650838717
2.41283046744
-0.864323113377
2.38587822295
-0.911582404795
2.34800691695
-0.982255242355
2.29385989965
-1.08207866491
2.21740289383
-1.23326789274
2.11648172273
-1.40879045365
1.99677537871
-1.4381135406
1.87080649203
-1.08627511051
1.74944580213
-0.208830897712
1.64641293918
1.06619761601
1.57343818095
2.53602288773
4.81267408298
-0.313491892485
-0.583601914509
-0.225366587092
-0.664087146297
-0.136023091067
-0.751905513632
-0.0467987229217
-0.846360778853
0.0411885896889
-0.945795714559
0.127079277992
-1.04811930965
0.210277929194
-1.15098105734
0.290341719584
-1.25192928549
0.366916105018
-1.34864464081
0.43971836752
-1.43911376268
0.508568607549
-1.52174811429
0.573423762716
-1.5954365664
0.63439800806
-1.65947874839
0.691764715749
-1.71348726833
0.745912946125
-1.75718740694
0.7972854557
-1.79027100164
0.846338001526
-1.81238151329
0.893516409498
-1.82315087585
0.939235775606
-1.82222561874
0.983864222597
-1.80930079431
1.02771840192
-1.78417894366
1.0710701135
-1.74683919045
1.11415821129
-1.69749240358
1.15719984284
-1.63660945042
1.200399247
-1.56491838849
1.24395448722
-1.48337092836
1.28806179607
-1.39308544139
1.33290765738
-1.29528376641
1.37865537083
-1.1912287321
1.42542426299
-1.08218127613
1.47325825736
-0.969393240958
1.52208777603
-0.854133733531
1.57169830551
-0.737732454888
1.62172332824
-0.621620018508
1.67166002622
-0.507388511268
1.72088158998
-0.396740341376
1.76880204596
-0.291526165107
1.81500829672
-0.19347516869
1.85939248235
-0.104144160741
1.90217403574
-0.0248934356999
1.94387871925
0.0432022682294
1.98527846824
0.0993957097902
2.02719954648
0.143244645384
2.0703108506
0.174553903612
2.11497157057
0.193336562775
2.16116632737
0.199794508217
2.20852653529
0.194320067276
2.25640336223
0.177479378844
2.30396047032
0.149948654509
2.35026364542
0.112410867745
2.39435236411
0.0654479361511
2.43528916434
0.00947452499991
2.47218598583
-0.0552198460473
2.50421955732
-0.128346438701
2.53066476733
-0.209412509178
2.55097107879
-0.29743092304
2.56468367361
-0.390092126405
2.57142527532
-0.483724175115
2.57123422698
-0.574544998109
2.56466945856
-0.658261008345
2.55265223779
-0.72978162987
2.53655573687
-0.784820786613
2.51811972446
-0.820922525557
2.49910268773
-0.838447299863
2.48063042096
-0.841376179794
2.46317996562
-0.835229307866
2.44633445928
-0.826813659709
2.42845641575
-0.825798503506
2.40705494095
-0.842946921072
2.3790643592
-0.883616544063
2.34084106115
-0.944055981989
2.2872382215
-1.02849906877
2.21223845973
-1.15829047948
2.113591507
-1.31016485909
1.99777328616
-1.32231559477
1.87723314923
-0.965754068141
1.76327464389
-0.0948902013737
1.66781590058
1.16163995959
1.60115348855
2.60267045556
4.83938438417
-0.0415534975724
-0.659198035191
0.0361741013396
-0.74176721294
0.11546591132
-0.831148914869
0.195307941265
-0.926154135184
0.274766822778
-1.02520616961
0.352967567254
-1.12627225951
0.429089097513
-1.22705570052
0.502395515586
-1.32518991657
0.572284195447
-1.41848875811
0.638319782645
-1.50510605208
0.700252327743
-1.58363859391
0.758002771905
-1.65314612995
0.811689558516
-1.71312580284
0.861640868364
-1.76339995398
0.908305007775
-1.80381397999
0.952172865692
-1.83410229582
0.993746529386
-1.85391955867
1.03351914551
-1.86288876203
1.07194934198
-1.86062191864
1.10944294686
-1.84676128495
1.14635095447
-1.82105457358
1.18297908223
-1.78343563775
1.21960045966
-1.7340827656
1.25646608479
-1.6734447008
1.29381158791
-1.60223414142
1.33186097047
-1.52139117787
1.37082764266
-1.43202359931
1.41090965683
-1.3353378961
1.45228156633
-1.23257340758
1.49508259394
-1.12495575057
1.53939853748
-1.01368335249
1.58523760126
-0.899947736632
1.63250650287
-0.784977127266
1.68099772957
-0.670087917691
1.7303765616
-0.556744999049
1.78015420622
-0.446496721233
1.82982324285
-0.341175137373
1.87885775387
-0.242490989852
1.92686570341
-0.152135097851
1.97363997001
-0.0716529464454
2.0191695272
-0.00231565323412
2.06363582175
0.0549379436308
2.10736369204
0.0995233505287
2.1506974505
0.131226022957
2.19387861673
0.150160696171
2.23695868215
0.156718289738
2.27976912563
0.151511435414
2.32194151949
0.135306497349
2.36295874472
0.108928526747
2.40221470115
0.0731495442904
2.43906716757
0.028587627914
2.47287031717
-0.0243389202872
2.50298371435
-0.0853459436451
2.52876987099
-0.154147623889
2.54962754163
-0.230287433737
2.56508931456
-0.312912046775
2.57472777334
-0.399751881143
2.57813184903
-0.487151318235
2.57534278158
-0.571780578046
2.56688936969
-0.649833616486
2.55357838471
-0.716497820051
2.53666070679
-0.767931213502
2.51769459487
-0.801985221129
2.49819855579
-0.818980544328
2.47914085681
-0.822348020301
2.46088340167
-0.817001435662
2.44299668832
-0.808956372635
2.42397250417
-0.806803401512
2.40149146374
-0.820494446735
2.37273796678
-0.854890939463
2.33433651849
-0.905681609875
2.28137000017
-0.975558679923
2.20790245028
-1.08484799258
2.1115903418
-1.21387663276
1.99956442725
-1.21031226902
1.88427644858
-0.85048726608
1.77742511231
0.011941500198
1.68925529371
1.24979183854
1.62883318422
2.66307650602
4.86310261208
0.236799299376
-0.726705037852
0.306076988325
-0.810996799542
0.37693913343
-0.901961865749
0.448571919786
-0.997737164146
0.52007730966
-1.09666171216
0.590514601906
-1.19665999594
0.6589523085
-1.29544443767
0.72453938444
-1.39072882828
0.786575833834
-1.48047800923
0.844572473288
-1.56305656959
0.898304435478
-1.63732555093
0.947750752742
-1.70254853512
0.993075711131
-1.75840789799
1.03469334783
-1.80497574185
1.07310482037
-1.84218459055
1.10882471689
-1.86978228511
1.14238065464
-1.88743650575
1.17429312767
-1.89476311859
1.20504283299
-1.89133433824
1.23505404924
-1.87673600446
1.26469790761
-1.85066268627
1.29430463351
-1.81300733641
1.32417560766
-1.76391940475
1.3545915052
-1.70382693675
1.38581576834
-1.63342540563
1.41809424899
-1.5536373203
1.45165244222
-1.46555012243
1.48669072563
-1.37034519476
1.5233792934
-1.26923170352
1.56185257802
-1.1633995145
1.60220054321
-1.05400259724
1.64445557341
-0.942174906957
1.68857565511
-0.82907028149
1.73442822186
-0.715914573379
1.78174595842
-0.604037938891
1.83029335085
-0.495020547409
1.87950499467
-0.390364590232
1.92891576381
-0.291881142348
1.97804614538
-0.201246744372
2.02647000217
-0.120060434448
2.07387578013
-0.0497079919133
2.12007670764
0.00874758612322
2.16499669593
0.0546117349489
2.20864391916
0.087585745301
2.25104284355
0.107767484704
2.29217037319
0.115594705854
2.33191607985
0.111767423866
2.37007301838
0.0971487290906
2.40635148509
0.0726465663868
2.44040499165
0.0390898147362
2.47185205733
-0.00286840850791
2.50028583883
-0.0527844012401
2.52526685323
-0.110341333906
2.54631182825
-0.17520956702
2.56290588842
-0.246900940021
2.57461707882
-0.324645017819
2.58105375203
-0.406212499649
2.5818221041
-0.487945585596
2.57708088282
-0.567067027219
2.5672690358
-0.640050962445
2.55300033358
-0.702259589064
2.53551640427
-0.750478780385
2.51621605718
-0.782717140021
2.49641128407
-0.799208552
2.47693578497
-0.80290556882
2.45806876068
-0.798167486161
2.43938554743
-0.790306035257
2.41949266478
-0.786942983521
2.3962092462
-0.797242886423
2.36691237507
-0.825625140486
2.32847049119
-0.867269849033
2.27621353658
-0.923330748963
2.20421575185
-1.01287799334
2.11044146741
-1.12012876224
2.00206632716
-1.10196203879
1.89189137742
-0.740335582021
1.7918143419
0.111997068859
1.71068365716
1.33090303791
1.65640536007
2.71733752434
4.88367595504
0.517083154108
-0.788072874283
0.579816176515
-0.873681293096
0.643815938432
-0.965911846357
0.708309643616
-1.0621802889
0.772400262703
-1.1607013793
0.835114530793
-1.25932330391
0.895483338136
-1.35576257475
0.952640716169
-1.44783606107
1.00591685359
-1.53370470623
1.05489465185
-1.61198577076
1.09944454242
-1.68182779142
1.13965011878
-1.7427074595
1.17579734502
-1.79450943501
1.20844210825
-1.83757571917
1.23809138131
-1.87178996575
1.26525461862
-1.89690250651
1.2904720338
-1.91261176928
1.31427387248
-1.91852364337
1.33714142734
-1.91416138663
1.35949970734
-1.89905455505
1.38172830476
-1.87285230336
1.4041744545
-1.83541523113
1.42716258885
-1.78686999113
1.45099915956
-1.72762665506
1.47597212804
-1.65836221352
1.50234592011
-1.57997564851
1.53035447208
-1.49352392167
1.5601951585
-1.40015186419
1.59202565198
-1.30102895118
1.6259632176
-1.19730465227
1.66208334864
-1.09009117702
1.70041459528
-0.980475549857
1.74092902217
-0.869555135947
1.78353025465
-0.758487362368
1.82805050025
-0.648530983533
1.8741676332
-0.541111855863
1.92157816991
-0.437750842953
1.96977127929
-0.340051722672
2.01826706533
-0.249722055144
2.06656100993
-0.168336361794
2.11417687079
-0.0973086841325
2.16071745024
-0.0377806395655
2.20586416886
0.00947494397135
2.24937195129
0.0440859364906
2.29106170775
0.066083916936
2.33078831733
0.0758721683733
2.36841337065
0.0741439388479
2.40378909909
0.0617718017695
2.43675315142
0.0396783969238
2.46712566862
0.0087101854532
2.49470571703
-0.0304585886148
2.51925614413
-0.0773479617403
2.5404903883
-0.131591657443
2.55805959431
-0.192797706544
2.57152405197
-0.260387059662
2.5803704914
-0.333515689319
2.58417154404
-0.41004016655
2.58298756855
-0.486790391094
2.57689756241
-0.561007730822
2.56603522156
-0.629221002314
2.55114587359
-0.687404021988
2.53335423034
-0.732722037308
2.5139089087
-0.763307554631
2.4939553762
-0.779291308648
2.4742180668
-0.783204825827
2.45491790145
-0.778903897733
2.43564638214
-0.771070851446
2.41511259703
-0.766445055416
2.39125018273
-0.77341563225
2.36158723497
-0.795996454234
2.32321712316
-0.82893291651
2.27173564193
-0.871881194763
2.2013646024
-0.942537470759
2.11010384425
-1.02889695839
2.00524274679
-0.997128180767
1.90001920848
-0.635137406128
1.80637421306
0.205618758229
1.73204831469
1.40520789905
1.6838039795
2.76556335597
4.90098608475
0.797770879277
-0.844579488109
0.855132458301
-0.93099400155
0.913217226953
-1.02394637084
0.971198102359
-1.12010993409
1.02811920614
-1.21757064831
1.08297655288
-1.31412854896
1.13482068743
-1.40755463048
1.18286761906
-1.49583117721
1.22659035368
-1.57737608131
1.26575832438
-1.65110298843
1.30044615418
-1.71646559715
1.33069809508
-1.77291022248
1.35716042575
-1.82092346635
1.38049884472
-1.86086665347
1.40112646055
-1.89237088222
1.41955072087
-1.91528086247
1.43632205157
-1.92933798949
1.45195867385
-1.93411593749
1.466920798
-1.92907994849
1.48162061041
-1.91371155351
1.49643839539
-1.8876280065
1.51173294334
-1.85066841615
1.52784725374
-1.80294364893
1.5451097503
-1.74484920675
1.56382942341
-1.67704265417
1.58428575408
-1.60039347224
1.60671758746
-1.5159179962
1.63131561717
-1.42471291613
1.65822090933
-1.32789809085
1.68752832958
-1.22657680144
1.71929091662
-1.12181944313
1.75352101008
-1.0146723545
1.79018690172
-0.906188866846
1.82920064024
-0.797470179332
1.87041267329
-0.689713462645
1.91358232913
-0.584253475329
1.95837496433
-0.482517138934
2.00438647474
-0.386038814884
2.05114037646
-0.296453746262
2.09811118102
-0.215287507697
2.14475587218
-0.143936565112
2.19055946652
-0.0835702832653
2.23506143094
-0.0350157178367
2.27786304788
0.0012932534667
2.31863428951
0.0253193552871
2.35711736067
0.0373933048581
2.39311542312
0.0381473033194
2.42648165181
0.0284039764084
2.45710578545
0.00904948860074
2.48489649799
-0.0190885634575
2.50975583744
-0.0553292550658
2.53154672584
-0.0991534501078
2.55008868727
-0.150151432202
2.5651475269
-0.207877473237
2.57641365593
-0.271677092407
2.58315109353
-0.34027983403
2.58485463403
-0.411773011796
2.58211835655
-0.484085779894
2.57505156811
-0.553974709266
2.5635207855
-0.617725804508
2.54828508244
-0.67220542453
2.53039991079
-0.714875183757
2.51097272216
-0.743919585575
2.49101192233
-0.759370318691
2.47115225872
-0.763385259267
2.45157280028
-0.759364529788
2.43188733441
-0.751425191873
2.41089744201
-0.745494423306
2.38663491092
-0.74919157392
2.35674990841
-0.766148913179
2.31854638166
-0.790765635712
2.26789483232
-0.821264486001
2.19930092676
-0.87397682346
2.11051485287
-0.940142388605
2.00907491373
-0.89571781942
1.90857843677
-0.534668396632
1.82105048798
0.293121554284
1.75328674336
1.4729490481
1.7109769309
2.80785343494
4.91491687376
1.07854661318
-0.896712025985
1.13095758218
-0.983355805227
1.18336607321
-1.07630422987
1.23482052221
-1.17151261571
1.2842882116
-1.26698577304
1.33076830226
-1.36055558656
1.37340537997
-1.45013844172
1.41158814566
-1.53396070009
1.44502223257
-1.6107571471
1.47372107163
-1.67974918692
1.49818119882
-1.74087358946
1.51804139363
-1.79271891914
1.53474037741
-1.83757170534
1.54868018867
-1.87475647133
1.56022819427
-1.90386959769
1.5699460877
-1.92495016838
1.5783681811
-1.93771220466
1.58596525046
-1.94166583912
1.59315871015
-1.9362269488
1.6003422142
-1.92084930318
1.60789323093
-1.89513397073
1.61617810389
-1.85890893733
1.62555448424
-1.81227638064
1.6363691901
-1.75562097475
1.64894854007
-1.68957979139
1.66358299407
-1.61498646103
1.68051234148
-1.53280665771
1.69991747318
-1.44407818356
1.72192096602
-1.34986259484
1.74659427533
-1.25121206353
1.77396657894
-1.14915472053
1.80403035277
-1.04470021653
1.83674073722
-0.938864562173
1.87200963746
-0.832705737551
1.90969349777
-0.727365470646
1.94958201838
-0.624111797776
1.99135910174
-0.524265870841
2.03465332893
-0.429306767516
2.07901998403
-0.340796478964
2.12393621162
-0.260182468903
2.16884126961
-0.18882326154
2.21317110283
-0.12788471529
2.2563855342
-0.0782176148074
2.2979940923
-0.0403054884649
2.33757531247
-0.0142547093064
2.37478719262
0.000185759810582
2.40937478419
0.00356097632522
2.44116656979
-0.00338983504222
2.47006013578
-0.0198495458514
2.49599634626
-0.0450337720001
2.51892038251
-0.0782658502745
2.5387474355
-0.118996604539
2.55534985696
-0.166773433678
2.56856831138
-0.221118878604
2.57809144783
-0.281226402201
2.58323781469
-0.345455408571
2.58377714528
-0.412344360934
2.58003057976
-0.480373787186
2.57204603124
-0.546027004166
2.56003715997
-0.605755739879
2.54466966021
-0.656878371441
2.52685440449
-0.697101679262
2.50757811083
-0.724686009079
2.48773055103
-0.739566102999
2.46786974413
-0.743568093004
2.44814245464
-0.739680856878
2.42818686043
-0.73151288696
2.4068889065
-0.724239144918
2.38236876608
-0.724713230673
2.35237952753
-0.736200347605
2.31442427382
-0.752849705978
2.2646521564
-0.771530133778
2.19782161857
-0.807182295901
2.11160246325
-0.853957297467
2.01353342667
-0.797680708646
1.91749961779
-0.438664169173
1.83578178058
0.374812384062
1.77432842914
1.53437823877
1.73787238749
2.84428850793
4.92533804518
1.35912609537
-0.944293463101
1.40627554182
-1.03045581312
1.45251083442
-1.12248854435
1.49675204687
-1.21570159393
1.53793551686
-1.30811605133
1.57514373739
-1.39770993793
1.60771079489
-1.48265120917
1.63528298486
-1.56147840785
1.65784023883
-1.63325992431
1.67563927612
-1.6974939184
1.68949210593
-1.75467241953
1.69930583704
-1.80247908406
1.70640274884
-1.84461562814
1.71095520535
-1.87925659256
1.71359974774
-1.9064624437
1.71487921408
-1.92617855477
1.71523686295
-1.93801938625
1.71507380521
-1.94145293802
1.71477224388
-1.93587618139
1.71470955911
-1.92073806161
1.71525897544
-1.8956354907
1.71679098935
-1.86039372719
1.71967465161
-1.81511350567
1.72427202781
-1.76017251942
1.73092287413
-1.69618553687
1.73992394554
-1.623943195
1.75151159221
-1.54435077224
1.76585417764
-1.45837809462
1.78305540765
-1.36702207236
1.80316493042
-1.27128083259
1.82619042232
-1.17214054805
1.85210597584
-1.07057730018
1.88085358338
-0.967575015071
1.91233766951
-0.864154121835
1.94641324381
-0.761406952115
1.98285105998
-0.660517307946
2.02147725592
-0.562861751517
2.06178735364
-0.469588775975
2.10343291161
-0.382416440884
2.14588885623
-0.302615589582
2.18860089852
-0.23151547981
2.23099170314
-0.170258790532
2.2724886636
-0.119700929932
2.31255263561
-0.0803588433015
2.35070674725
-0.0524012256646
2.38655690461
-0.035659957878
2.41980366084
-0.0296847057064
2.45024435922
-0.0338330233793
2.47776062087
-0.0473720084092
2.50228904717
-0.0695721976619
2.52378321543
-0.0997738482805
2.54217803986
-0.137409068947
2.55736253126
-0.181979306584
2.56913553408
-0.232916888574
2.5771769042
-0.289296245062
2.5812226532
-0.349532893115
2.58110189621
-0.412258361216
2.57666104342
-0.47597043647
2.56808382148
-0.537489722982
2.55583106697
-0.5935450329
2.54050449964
-0.641595609418
2.52288910137
-0.679531481675
2.50386938824
-0.705712526051
2.48423386882
-0.719977476494
2.46447375222
-0.723855174582
2.44470854223
-0.719962803068
2.42459975473
-0.711450884962
2.40311098649
-0.702796480396
2.37844605307
-0.700093431572
2.34845058813
-0.706248779675
2.3108159965
-0.715257528594
2.26197329894
-0.722728137965
2.19691007408
-0.742157844869
2.11330699899
-0.770390857623
2.01855609319
-0.702964086986
1.92672443644
-0.346864217321
1.85051450319
0.450993446694
1.79511017172
1.58975683712
1.76443755247
2.87493891804
4.93210051019
1.63815648286
-0.986608924344
1.67911820322
-1.07136782603
1.71806978905
-1.16138882464
1.75388240492
-1.25146154908
1.78557332187
-1.33975321592
1.81242550138
-1.42450752574
1.83406123945
-1.5042317533
1.85045738642
-1.57781897567
1.86187152536
-1.64461829279
1.86886855136
-1.70443515165
1.87186540861
-1.757613608
1.8722212459
-1.8027795072
1.86986440603
-1.84220375875
1.8655072006
-1.87484485778
1.85975543121
-1.90065671293
1.85305880541
-1.91942852082
1.84577457818
-1.93068226537
1.83824978038
-1.9338757719
1.83084063412
-1.92841522255
1.82391002361
-1.91375622241
1.81782439574
-1.88949924396
1.812955794
-1.85547514207
1.80968254713
-1.81179093824
1.80837926324
-1.75882060863
1.80939485366
-1.69715323045
1.81302703108
-1.62752824942
1.81950415255
-1.55078159731
1.82898001747
-1.46780855304
1.84154051447
-1.37953812788
1.85721695568
-1.28691388549
1.87599998278
-1.19088134216
1.89784924874
-1.09238560573
1.92269596953
-0.992382181343
1.95043885621
-0.891859010443
1.98093211924
-0.791863942934
2.01397606922
-0.693526902023
2.04921472796
-0.59806818498
2.08656179994
-0.506905993684
2.12535597969
-0.421183400316
2.1651637628
-0.342399051888
2.20545247407
-0.271782991811
2.24564778578
-0.210436152722
2.28516935486
-0.159207849859
2.32346001605
-0.118638168199
2.36001708198
-0.0889503058026
2.39441565103
-0.070054017583
2.42632511839
-0.0615933243301
2.45551424084
-0.0630251387573
2.48183870355
-0.0737034458549
2.50521419005
-0.0929587267092
2.52558147071
-0.120156270416
2.54286957939
-0.154716395243
2.55695389156
-0.196086838512
2.56762639169
-0.243616486203
2.57463158941
-0.296332246433
2.57783183264
-0.35276742864
2.57708178989
-0.411545840866
2.57219957169
-0.471128673723
2.56338433522
-0.528717546629
2.55109981813
-0.58130582446
2.53595326168
-0.626496235607
2.51864192214
-0.662268809655
2.49996327274
-0.687083636027
2.48061931977
-0.700683980748
2.46104315163
-0.704329777059
2.44133007048
-0.700300432123
2.42116204411
-0.69133315438
2.39957452958
-0.681258511591
2.37485379321
-0.675421180273
2.34493334233
-0.676375463203
2.30768577215
-0.67805547605
2.25984414833
-0.674930165214
2.19655793213
-0.678913178349
2.11558302291
-0.689455166457
2.02409352108
-0.611511238615
1.93620011336
-0.259004648077
1.86520232152
0.52196049575
1.81557610219
1.63935574344
1.79061624614
2.89987531904
4.93506564236
1.91272814874
-1.02246517961
1.94608447407
-1.10467416728
1.97622925824
-1.19148197839
2.0021409467
-1.27732016933
2.02306806878
-1.36062606452
2.03860771621
-1.43999192111
2.0487259955
-1.51429401936
2.05372898166
-1.58276539144
2.05415413804
-1.64498650857
2.05069037026
-1.7009142417
2.04369264167
-1.75055868585
2.03475222877
-1.79378198335
2.02365796993
-1.83105259226
2.01111026971
-1.86224056887
1.99758719283
-1.88707749425
1.98345225
-1.90523793708
1.96904059958
-1.91621542455
1.95465196643
-1.91943237992
1.94061816705
-1.91432713307
1.92728547457
-1.90036975112
1.91501197836
-1.87717252119
1.90417080573
-1.84458133501
1.89514868544
-1.80271681614
1.88833007558
-1.75195067286
1.88406796849
-1.69284052166
1.88265503901
-1.6260654978
1.88430730692
-1.55238488691
1.88916304834
-1.47261623473
1.89729284893
-1.38762087396
1.9087145263
-1.29828961345
1.92340726744
-1.20552935318
1.9413211554
-1.11025611243
1.96238000156
-1.01339914108
1.98647767352
-0.915916454339
2.01346846634
-0.818816348318
2.04315641274
-0.723178504215
2.07528809194
-0.630165787575
2.10948322744
-0.541069566325
2.14538953812
-0.45706092423
2.18250136303
-0.379485126639
2.22028271468
-0.309541854707
2.25817306119
-0.248307428787
2.29559550341
-0.196614737612
2.33199072835
-0.155021419351
2.36684860218
-0.123799861244
2.39973008791
-0.10293096866
2.43028530193
-0.0921479565932
2.45825925441
-0.0910026299805
2.4834801772
-0.0989321612908
2.50583580063
-0.115326479965
2.5252421217
-0.139579087612
2.54160734256
-0.17110245233
2.55479487233
-0.209299464778
2.56461013358
-0.253460971121
2.57084632881
-0.302601609252
2.5733960957
-0.35535407487
2.57215642559
-0.410346486017
2.56701048731
-0.466026169589
2.55814672162
-0.519899983593
2.54599983939
-0.56920753327
2.53114569012
-0.611692665957
2.51422375398
-0.645399026186
2.49595269794
-0.668865885883
2.47696209661
-0.681747417349
2.45763586068
-0.685057899946
2.4380472931
-0.680766144074
2.41789495542
-0.671234637728
2.39628080903
-0.659697367634
2.37157470134
-0.650766922856
2.34179768609
-0.646648834011
2.30499644295
-0.641302867894
2.25819676266
-0.628177098915
2.19672764858
-0.617488402895
2.11838284467
-0.611152175882
2.03005973346
-0.523227161878
1.94588549748
-0.174866394839
1.87980573575
0.588007633067
1.83567866404
1.68345391434
1.81634562785
2.91918364875
4.93410124259
2.17824244679
-1.05022730556
2.20227433164
-1.12865577507
2.22199606362
-1.21115174591
2.23667380826
-1.29194444149
2.24591353803
-1.36981101913
2.24968096452
-1.44370347299
2.24826880069
-1.51282508013
2.24222274755
-1.576661852
2.23224956482
-1.63495530703
2.21902988489
-1.68763617477
2.20324496872
-1.73471516433
2.18569105505
-1.77616938085
2.16673863739
-1.81204152151
2.14678272931
-1.84222614985
2.12617948356
-1.86641601433
2.10524692825
-1.88424757092
2.08431494542
-1.89522605438
2.06364456559
-1.89870496952
2.04354079161
-1.89416670757
2.02433541863
-1.88110816067
2.00638070439
-1.8591620795
1.99005204511
-1.82819749245
1.97574411412
-1.78835429971
1.96384781638
-1.74000044332
1.95471395527
-1.68365344283
1.94862370008
-1.61992280636
1.94577713605
-1.54948674426
1.94629748399
-1.47308594838
1.95024384694
-1.39151764562
1.95762614837
-1.30562347859
1.96841793912
-1.21627398915
1.98256462036
-1.12435706255
1.99998595921
-1.03077633124
2.02057256477
-0.936460670003
2.04417815521
-0.842381502621
2.07060640719
-0.749568488322
2.09960824371
-0.659131758884
2.13081730468
-0.572245417607
2.16389847534
-0.490111805602
2.19833951789
-0.413899061516
2.23361697026
-0.344795613421
2.2691865046
-0.283856865289
2.30447821181
-0.231890077898
2.33893798539
-0.189468662778
2.37205736303
-0.156910651502
2.40339242946
-0.134261526647
2.43258216944
-0.121337428835
2.45935331263
-0.11777790425
2.48350888486
-0.123096390731
2.50490782425
-0.136738682554
2.52343803836
-0.158127197174
2.53898509642
-0.186672007771
2.55140413331
-0.221745514901
2.56051592803
-0.262604152858
2.56614743992
-0.308268687012
2.56820882124
-0.357454954105
2.56663129427
-0.408812096003
2.56135932785
-0.4608006424
2.55257381891
-0.511163844004
2.54067850354
-0.557364113554
2.52619655851
-0.597264718094
2.50972496079
-0.628983085504
2.49190969428
-0.651107489893
2.47331810725
-0.663213466243
2.45429228299
-0.666090039352
2.43488532957
-0.661417055722
2.41480833116
-0.651215001461
2.39322456673
-0.638170077998
2.3685896024
-0.626187189444
2.33901449839
-0.61712738295
2.30271225059
-0.60505238736
2.25696347031
-0.582477910116
2.19738712688
-0.557959201104
2.12165937031
-0.535468841316
2.0363511519
-0.43796037148
1.95574839736
-0.0943017787584
1.89429039574
0.649431118497
1.85537802214
1.72233579088
1.84157942786
2.93295627938
4.92908476805
2.42856753463
-1.06805699442
2.44166169958
-1.14169934649
2.44974209261
-1.21917982181
2.45247752226
-1.29462598496
2.449861155
-1.367139378
2.44218002665
-1.4359658653
2.42995297794
-1.50054052722
2.41384268064
-1.56049320181
2.39456182454
-1.61561541744
2.37279450283
-1.66580929735
2.34915465582
-1.71101538632
2.32419098218
-1.75114553545
2.29829439909
-1.78608464663
2.27176981271
-1.8156412596
2.2448934879
-1.83947949434
2.21789003133
-1.85718421023
2.19111741051
-1.86839390845
2.16479769062
-1.87232603763
2.13922039877
-1.86853049982
2.11471215978
-1.85654136095
2.09162306526
-1.83601484972
2.07033171503
-1.80684850045
2.05123979562
-1.76920529833
2.03473989814
-1.72344409165
2.02117300084
-1.67003079184
2.01080247608
-1.609497308
2.00381046187
-1.54244062507
2.00030735488
-1.46952970399
2.00034559897
-1.391503831
2.00393289277
-1.30915991683
2.01104243545
-1.22333401861
2.02161918486
-1.13488579595
2.03558164706
-1.04469244632
2.0528189785
-0.953653512459
2.07318344304
-0.862703543897
2.0964825272
-0.77282744123
2.12245666523
-0.685068302355
2.15080124703
-0.600555202178
2.18111722448
-0.520396053095
2.21294764168
-0.44570108194
2.24576809703
-0.377591247873
2.27905053262
-0.31711825963
2.31223331185
-0.265055761322
2.34477069567
-0.221993035413
2.37615876272
-0.18828992462
2.40595208321
-0.164050417181
2.43378263584
-0.149168075096
2.45936280968
-0.143362847391
2.48247366189
-0.146216810096
2.50294796013
-0.157227422011
2.52064796451
-0.175846539571
2.53544013573
-0.201488378825
2.54717492194
-0.233509269976
2.55568716808
-0.271149985707
2.56082928161
-0.313448798271
2.5625254658
-0.35919328579
2.56073384373
-0.407066461031
2.5554427321
-0.455559001244
2.54682483983
-0.502598511819
2.53525210469
-0.545846600949
2.5211997928
-0.583269841624
2.50521764442
-0.613060118049
2.48788933137
-0.633839630499
2.46972788991
-0.645113276522
2.45103920227
-0.647462937496
2.43185790121
-0.642297222273
2.41190390669
-0.631321926904
2.39039673248
-0.616722867582
2.36587979631
-0.601728881289
2.33655811622
-0.587862639047
2.30080255817
-0.569351744915
2.25611391085
-0.537841847539
2.19850345057
-0.500398700705
2.12537388119
-0.462386317156
2.04292077624
-0.355551101693
1.96575792636
-0.0171792355315
1.90862546643
0.706527159411
1.8746412972
1.75628785757
1.86629592722
2.94127442224
4.91992773595
2.65673008719
-1.07452954107
2.65801771769
-1.1429360576
2.65420129147
-1.21531071903
2.64532871382
-1.28569910635
2.63168445397
-1.35343935342
2.6137395289
-1.41796387455
2.5920895434
-1.4788323394
2.56738338031
-1.53572786194
2.5402592515
-1.58843129529
2.51129453154
-1.63678391859
2.48098327465
-1.68064294817
2.44974065222
-1.71984134293
2.41788993566
-1.75417209417
2.38567775061
-1.78336708583
2.3533322181
-1.80707193194
2.32108728016
-1.82487736327
2.28915137657
-1.8363963919
2.25783250775
-1.8409458482
2.22740627891
-1.83804317497
2.19819344869
-1.82726770993
2.17054337166
-1.80830431249
2.14484038171
-1.78108549094
2.12149132552
-1.74579674047
2.10088338182
-1.70277724372
2.08333918245
-1.65242837036
2.06909972972
-1.59520040714
2.05833001068
-1.53161433277
2.05113188376
-1.46227599017
2.04755659109
-1.38787406141
2.04761476009
-1.309164856
2.05128347755
-1.22695090523
2.05851045009
-1.1420625044
2.0692150933
-1.05534857676
2.08328618453
-0.967678044342
2.10057577135
-0.879948744995
2.12089123441
-0.793100930407
2.14398420265
-0.708121963903
2.16952342638
-0.626058055954
2.19721119263
-0.548050663389
2.22651027162
-0.474970492495
2.25694213591
-0.407997185996
2.2879954688
-0.34814963243
2.31911850881
-0.296160999268
2.34977601891
-0.252637068619
2.37946834959
-0.217973259617
2.40774870671
-0.192326418644
2.43424368796
-0.175663502261
2.45865351851
-0.167778074672
2.48074006545
-0.168313823239
2.50031374706
-0.176816712273
2.51721583997
-0.192769402696
2.53129854108
-0.215596971949
2.54241054559
-0.244652188776
2.55039935092
-0.27917456726
2.55513785849
-0.318227725496
2.55656200568
-0.360662220426
2.55464883691
-0.405202120457
2.54941578888
-0.450378446655
2.54102526485
-0.494263731347
2.52982006657
-0.534699946017
2.5162305864
-0.569741230472
2.50075921113
-0.597651444471
2.48393472666
-0.617079181436
2.46622212123
-0.627465539045
2.44789540867
-0.629201435124
2.42897266562
-0.623439553425
2.40917989416
-0.611593639096
2.38778813377
-0.595394567363
2.36342998669
-0.577432768111
2.33440906452
-0.558901946117
2.29924500163
-0.53424575662
2.25555182013
-0.494204255076
2.20004378267
-0.444943452516
2.12950193179
-0.391894145615
2.04981236173
-0.275907784259
1.97588753001
0.0567031120901
1.92278089952
0.759595460132
1.89343697237
1.78559807073
1.89047438673
2.9442085143
4.90657353493
2.85599193082
-1.06941855474
2.8459217792
-1.13281465605
2.83125264866
-1.20058856245
2.81225773125
-1.26664950164
2.78933947808
-1.33046489425
2.7629931476
-1.39155996598
2.73376298716
-1.44954337828
2.7021963922
-1.5041013938
2.66880650182
-1.55498060747
2.63404762213
-1.6019634617
2.59830543169
-1.6448385401
2.56190096427
-1.68337415012
2.52509745235
-1.7173054741
2.48811830655
-1.74632456605
2.45116405704
-1.77005415506
2.41435682153
-1.78800658581
2.37804626357
-1.800022489
2.34241076551
-1.80524727058
2.3077942157
-1.80336373903
2.27450785166
-1.793918692
2.24290154916
-1.7766356817
2.21336953966
-1.75149156381
2.18631860106
-1.71868438065
2.16211967989
-1.67851748779
2.14106942934
-1.63131796739
2.1233858892
-1.57745750026
2.10922120634
-1.51739118121
2.09867462767
-1.45167196372
2.09180161975
-1.38094476151
2.08861989786
-1.30592814614
2.08911341638
-1.22739090261
2.09323476399
-1.14613197628
2.10090579309
-1.0629695707
2.11201585937
-0.978740128498
2.12641741916
-0.894304605712
2.14391853849
-0.810558881011
2.1642756542
-0.728438704561
2.1871809642
-0.648926060732
2.21229344395
-0.573129190618
2.23918909771
-0.501835826177
2.26732144615
-0.436103111111
2.29622522181
-0.377031120531
2.3253613167
-0.325279153782
2.35420621958
-0.28146856642
2.38226241527
-0.246020759437
2.40908070369
-0.219140889465
2.43428329955
-0.200867322661
2.45755944116
-0.191060630278
2.47865384246
-0.189419943104
2.4973582943
-0.195538256772
2.51349776816
-0.208931358494
2.52691453977
-0.229041570523
2.53745770689
-0.255228422209
2.54498615554
-0.286741153661
2.54938915446
-0.322673705071
2.55061323247
-0.361933834715
2.54864716447
-0.403287802975
2.54352310598
-0.445309961733
2.53539900753
-0.486198596107
2.52458662817
-0.5239494501
2.51147534844
-0.556694259006
2.49652221639
-0.582764531059
2.4802064716
-0.600831043538
2.46294991659
-0.610277455422
2.44499803973
-0.611318380022
2.42635458137
-0.604864766355
2.40675009138
-0.59205719198
2.38550319419
-0.574214629791
2.36133607729
-0.553331102374
2.33265496533
-0.530284377468
2.2981248929
-0.49977694817
2.25571853982
-0.451856535046
2.20206274205
-0.391343321201
2.13410967819
-0.323993449585
2.05714140057
-0.198988235442
1.98617069861
0.127629092083
1.93675160043
0.808974259318
1.91174295547
1.81057133766
1.91409986173
2.94182181519
4.88900855123
2.97828891306
-1.0526996591
2.95760487688
-1.11202624495
2.93324617411
-1.17612189849
2.90554069964
-1.23883262553
2.87487362558
-1.29968315668
2.84166493569
-1.35823353737
2.80634808904
-1.41410591159
2.7693470445
-1.46697704708
2.73105546935
-1.51656325022
2.69182289911
-1.56260283271
2.65195069906
-1.60483620739
2.61169661515
-1.64298806024
2.57128018969
-1.67675536674
2.53089184944
-1.70580106158
2.49073226374
-1.72975811415
2.45109652111
-1.7482332957
2.4119097172
-1.76069729759
2.37364154807
-1.76684007617
2.33656118666
-1.76614384547
2.30101062318
-1.75822826791
2.26733696729
-1.74282201209
2.23591602316
-1.71993062458
2.20711926678
-1.68974784848
2.18127328452
-1.65253216398
2.15863241522
-1.60853842217
2.13938299039
-1.55807031571
2.12365726401
-1.50152888358
2.11154432778
-1.43942394148
2.10309534778
-1.37236250453
2.09832600973
-1.30102769372
2.09721829148
-1.22615461811
2.09972179414
-1.14850988021
2.10575417242
-1.0688797723
2.11519999444
-0.988067686067
2.12790772976
-0.906898514384
2.14368396442
-0.82622628628
2.16228554655
-0.746937045027
2.18340598068
-0.669949457208
2.20661888068
-0.59625189122
2.23175243596
-0.526886661123
2.25826081704
-0.462536884601
2.28548305156
-0.404187473105
2.31301424692
-0.352753774208
2.34035279528
-0.308760388704
2.36701042451
-0.272642008291
2.39254427159
-0.244649149309
2.41658372965
-0.224892376488
2.43881694505
-0.21329094343
2.45898217018
-0.209594000352
2.47686508483
-0.213441869104
2.49228741669
-0.224386271653
2.50509379441
-0.241892308986
2.51514362029
-0.265334155725
2.52231408549
-0.293978709506
2.52651566067
-0.326953058797
2.52770982564
-0.363215843646
2.5258977844
-0.401572928218
2.52111950552
-0.440637318999
2.51353990329
-0.478732150158
2.50345649576
-0.513985688697
2.4912523843
-0.544615190124
2.47727265238
-0.568914100725
2.46197986834
-0.585670657864
2.44575298757
-0.594184901745
2.42880650825
-0.594507000132
2.4111275564
-0.587320557179
2.39244784896
-0.573510781184
2.37212880541
-0.554026396654
2.34898273873
-0.530312373806
2.32152447347
-0.502949046652
2.28857004611
-0.466940170576
2.24835405539
-0.411752068992
2.19763663264
-0.34073048264
2.13338166748
-0.259835315531
2.0602706451
-0.125965451772
1.99316311779
0.194657877526
1.94821409483
0.85385505558
1.92812427067
1.83060464632
1.93628874317
2.93361404949
4.86637385063
12.8220481202
0.0731735290469
12.815135979
0.148994087604
12.8041088609
0.224362681316
12.7887674584
0.300622512558
12.7688840658
0.378632711084
12.7442077985
0.459375742366
12.7144838311
0.544049916572
12.6794866438
0.634087922862
12.6390653976
0.731211557381
12.5932429881
0.837497025763
12.5423546674
0.955512267927
12.4872708782
1.08846211746
12.4297747349
1.24031644233
12.3732000735
1.41592461274
12.3234438494
1.6210740869
12.2905702867
1.86266021136
12.2918805293
2.14722343594
12.3555693409
2.48328163135
12.5252087581
2.86921024179
3.33094336716
12.8400014144
12.8227466586
0.0755386334628
12.8179592334
0.15387801406
12.8106290497
0.23177239305
12.8006918201
0.310623222616
12.7880915796
0.391281269017
12.7728241722
0.474676987566
12.7549722071
0.561921689936
12.7347566643
0.654309462683
12.7125660363
0.753394360324
12.6891923184
0.860848855367
12.6658756892
0.978792467799
12.6446193864
1.10966672358
12.6285836695
1.25628420022
12.6225654202
1.42185734711
12.633792519
1.60974227883
12.6729787066
1.82334805558
12.7549774943
2.06507477873
12.9009289501
2.33715297931
13.1346076448
2.63532312607
2.95811049363
13.5071933809
12.8234527965
0.0772136402568
12.8208045622
0.156637188423
12.8171794934
0.23548966097
12.8126128571
0.315264398439
12.8071824681
0.396769559497
12.8010709521
0.480830557139
12.7946053689
0.568414011748
12.7882992813
0.66062725373
12.7830416237
0.758648720601
12.7799434706
0.863928500453
12.7807585434
0.977943221194
12.7879970199
1.10237769873
12.8051844899
1.23902883328
12.8372660439
1.38968928862
12.890974481
1.55592716242
12.9754186786
1.73877510975
13.1023324061
1.9380080402
13.2876650471
2.15164079292
13.5494925621
2.37328791447
2.59292928749
13.9144295805
12.8240656262
0.07829036026
12.8236595417
0.157167593103
12.8236563146
0.235597151766
12.8241547358
0.314851467161
12.8253722685
0.395619889744
12.8276397783
0.478614169786
12.8314509928
0.564637791701
12.8375240162
0.65457344642
12.8468267965
0.749349475594
12.8607876215
0.849955381934
12.8812844335
0.957417898036
12.9108546112
1.07276216264
12.9528651511
1.19695521578
13.0117074542
1.33076507087
13.0929957884
1.47453671344
13.2037660686
1.62788092731
13.3524530949
1.78917359193
13.5488770461
1.95504421645
13.8023345023
2.11963130666
2.2741977037
14.1208299287
12.8249045072
0.0785411226819
12.8263786587
0.155829994028
12.829577568
0.232513895789
12.8346362834
0.309889040867
12.8417943511
0.388540006671
12.8514398289
0.469029740044
12.8641384241
0.551983794555
12.8806758633
0.638064577264
12.9021040443
0.727934009265
12.9298180766
0.822238145226
12.9656308928
0.921585668927
13.011856069
1.02650085974
13.0714054991
1.13735223525
13.1478720553
1.2542266373
13.2455735153
1.37674396774
13.3695185138
1.50382399419
13.5251810694
1.63337708472
13.7180876928
1.76198018132
13.9528544084
1.88468225631
1.99450545941
14.2323274996
12.8255883818
0.0781191504729
12.8288814086
0.152684429445
12.834950887
0.226570735988
12.8439707764
0.3009760619
12.8562149103
0.37638472291
12.8720898744
0.453226599959
12.8921687032
0.531960515737
12.9172233444
0.613049704998
12.9482580872
0.696923509014
12.9865530121
0.783951970164
13.0337096653
0.874422104608
13.0916906951
0.968496906762
13.1628549293
1.06614855528
13.2499668588
1.16705809799
13.3561569129
1.27047940016
13.4848077895
1.37507988401
13.639313166
1.47875884176
13.8227131853
1.57844657729
14.0370945609
1.67014529658
1.74880486849
14.2826051227
12.8262792319
0.0770156429328
12.8311555301
0.147965151022
12.839695648
0.218166862303
12.8520671804
0.288721873626
12.8685412507
0.360010504317
12.8895086302
0.432342663138
12.9155047711
0.506032214614
12.9472330668
0.581374204644
12.9855857644
0.658608898047
13.0316656714
0.737895576893
13.0868062934
0.819290385481
13.1525838126
0.902713494992
13.2308146507
0.987896733258
13.3235270312
1.07430927864
13.4328905444
1.16106362374
13.5610884161
1.24681362642
13.7101033987
1.32965918684
13.8814130081
1.40703595461
14.0756005791
1.47584038976
1.53260413594
14.291654918
12.8269449635
0.075253944137
12.833198417
0.141876990886
12.8438176103
0.207693111081
12.8589521672
0.273714907049
12.8788462873
0.340227567011
12.9038492478
0.407435590903
12.934431319
0.475531583399
12.9711975698
0.544675559
13.0148977914
0.614962855932
13.0664337113
0.686400643527
13.1268622718
0.7588897062
13.1973900176
0.832200503448
13.2793525062
0.905935784132
13.3741711783
0.979478833731
13.4832780906
1.05193160043
13.6080007591
1.12205269873
13.7493959011
1.18821336062
13.9080262875
1.24834547009
14.0837041577
1.300099039
1.34118860096
14.2750383958
12.8275876819
0.0728553516741
12.8350325831
0.134604420796
12.8473734532
0.195506183493
12.8647348005
0.256491220688
12.8873224347
0.317762770768
12.9154298583
0.379437306045
12.9494475498
0.441610201289
12.9898692777
0.504337965829
13.0372940329
0.56761053008
13.0924241043
0.63133161129
13.156058275
0.695305380317
13.2290768543
0.759220692661
13.3124140659
0.822626356178
13.4070129485
0.884896882828
13.5137574825
0.94519343842
13.6333793827
1.00242734772
13.7663410154
1.05524033892
13.9127073062
1.10196427708
14.0718704854
1.14092441444
1.17069175716
14.2423474884
12.8282145235
0.0698341181291
12.8366902373
0.126306911764
12.85044344
0.181914772363
12.869569453
0.237512783751
12.8942305761
0.293236460982
12.9246586626
0.34913238666
12.9611599268
0.405221335553
13.0041161829
0.461484019419
13.0539814774
0.517837969683
13.1112747254
0.574121899236
13.1765678657
0.630086855429
13.2504671909
0.68538728284
13.3335848361
0.739566142698
13.4264980847
0.792032864649
13.5296935436
0.842039472672
13.6434938079
0.888661700861
13.7679688109
0.930794773314
13.9028410435
0.967120157519
14.0474021768
0.996389643841
1.01776843044
14.2003432918
12.8288340175
0.066196085626
12.8382103767
0.117113558061
12.8531216164
0.167172578861
12.8736325003
0.217159260419
12.8998607986
0.267155267853
12.9319768333
0.317154295012
12.9702053207
0.36712249934
13.0148235124
0.416987877567
13.0661544723
0.466621999322
13.1245566484
0.515828072355
13.1904103036
0.564335240644
13.2640991656
0.611794436535
13.3459840591
0.657771522306
13.4363673592
0.701734430146
13.5354511962
0.743035556305
13.6432876961
0.780900837939
13.7597008786
0.81445389064
13.8842043022
0.842688665471
14.016119132
0.864542994424
0.879650613136
14.1542968893
12.8294559521
0.0619374442945
12.8396352579
0.107121086947
12.8555067116
0.151476893354
12.8771053422
0.195727669534
12.9045063507
0.239913965646
12.937822259
0.283991817527
12.9772029683
0.327889795321
13.0228328797
0.371501234144
13.0749228158
0.414671151127
13.1336965575
0.457189689419
13.199375655
0.498788141573
13.2721659885
0.539133058772
13.3522409893
0.577822739015
13.439699299
0.614399922749
13.5345289569
0.648327650883
13.6366212976
0.678928729592
13.7456721571
0.705522572862
13.8611032733
0.727377447857
13.9821485898
0.743616279694
0.754139714904
14.1077710866
12.8300912727
0.0570435826102
12.8410081508
0.0963940046281
12.8576964017
0.134970659971
12.880163741
0.173436963643
12.9084469923
0.211803315708
12.9426068823
0.250001512078
12.9827262673
0.28793779901
13.0289082414
0.325485126423
13.0812740648
0.362470234267
13.1399433998
0.398684786793
13.2050054617
0.433890459264
13.276514021
0.467789163977
13.3545191397
0.499982873647
13.4389875887
0.5300976318
13.5297389411
0.55774361667
13.6265096989
0.58232656673
13.7289406945
0.603261515316
13.8364693562
0.620020180596
13.948256026
0.632001941573
0.63922411824
14.0633350393
12.8307526784
0.0514873324682
12.842373082
0.0849655897475
12.859785007
0.117746583722
12.8829721424
0.150435981579
12.9119387716
0.183022446613
12.9467028315
0.215423788963
12.9872899902
0.247538347634
13.0337257241
0.279239121047
13.0860634553
0.310324794636
13.1443618457
0.34058178666
13.2086076369
0.36984371249
13.2787231832
0.397876774858
13.3546179964
0.424295567111
13.4361830873
0.448744536302
13.5231986635
0.470944872927
13.6152540769
0.490492872285
13.7118933405
0.506848307254
13.8125953856
0.519547923194
13.9166116902
0.528217894503
0.532983320436
14.0230747318
12.8314566254
0.0452252039506
12.8437758328
0.072839889118
12.8618630097
0.0998527224377
12.8856821451
0.126812455265
12.9152105962
0.153693132686
12.9504348757
0.180403088274
12.9913466969
0.206835328195
13.0379167315
0.23288383035
13.0900950285
0.258367749282
13.1478584511
0.283046534574
13.2111721078
0.306765719698
13.2799194202
0.329373444142
13.3538645495
0.350603234764
13.432780719
0.370090033162
13.5164397652
0.387556688055
13.6044379124
0.402775002054
13.6962420104
0.41533345622
13.7912556139
0.424831563203
13.8888041634
0.430972735034
0.433995887081
13.9880863651
12.8322296518
0.0381872754141
12.845269126
0.0599948528834
12.8640173367
0.0813029998533
12.8884259481
0.102608879545
12.9184527962
0.123878983223
12.9540601529
0.145016889058
12.9952127908
0.165913002788
13.0418699268
0.186466964603
13.0939147085
0.206574022591
13.1511958794
0.226027671704
13.2136340324
0.244601607864
13.2811175354
0.262176701944
13.3534026128
0.278618605065
13.4301632325
0.293644140448
13.5110549729
0.306994475601
13.5956980191
0.318476697108
13.6835707316
0.327820789516
13.7740431584
0.33473400609
13.8664618761
0.338942259105
0.340624770093
13.9602169414
12.8331113031
0.0302640853062
12.8469295344
0.0463714874199
12.8663625241
0.0620735062979
12.8913465451
0.0778393959032
12.9218288816
0.0936231104534
12.9577593414
0.109325415067
12.9990776514
0.124846773407
13.0457200799
0.140090463999
13.0975936627
0.154981215307
13.1545307878
0.169387084583
13.2163385389
0.183106990673
13.2828275642
0.196018498689
13.3537750606
0.208020914049
13.4288470992
0.218942231949
13.5076306178
0.228602715496
13.5896907216
0.236831178262
13.6745059839
0.243443968781
13.7614650485
0.248237910195
13.8498712596
0.251023346804
0.251966386776
13.9390202768
12.8340941265
0.0213533608348
12.8487905113
0.0318699928679
12.8689974092
0.0420752211437
12.8946409852
0.0524201322691
12.9256698094
0.0628347412555
12.9620289929
0.0732231489336
13.0036461188
0.0835035171518
13.0504268724
0.093601269162
13.1022747136
0.103443648148
13.1590508808
0.11294116774
13.2205229387
0.121986570762
13.2864314254
0.13048462651
13.3565050669
0.138346701414
13.4304024891
0.145471160724
13.5077132511
0.151747585575
13.5879698588
0.157062064143
13.6706391646
0.161296778109
13.7551250592
0.164311569426
13.8408665559
0.165881287093
0.166066877459
13.9273814404
12.8351223934
0.0114082624626
12.850681381
0.0165058796091
12.8714890866
0.0214818565367
12.897592927
0.0265508364043
12.9290040987
0.0316780642632
12.9656855273
0.0368161777505
13.0075681935
0.0419157018518
13.0545557933
0.0469297430036
13.1065239956
0.0518139341709
13.163305407
0.0565221757889
13.2246748717
0.0610052865807
13.2903619359
0.0652136755995
13.3600568788
0.0690983726245
13.4333991521
0.0726090546617
13.5099713092
0.0756927969078
13.5892970756
0.0782952483301
13.6708366336
0.0803630044217
13.7539770581
0.081830196135
13.8380569819
0.0825211948087
0.0826230632988
13.9222565372
12.8365802018
12.8532810622
12.8749821466
12.9017757031
12.9337190525
12.9708228543
13.0130489232
13.0603126851
13.1124856243
13.169393517
13.2308133603
13.296473003
13.3660518418
13.4391796016
13.5154339387
13.5943393148
13.6753682634
13.7579300411
13.8412604414
13.9247456856
13.1116181877
1.85158120838
13.4654030549
1.96139822317
13.9185970409
2.06121892965
14.4611021787
2.14461474382
15.0510473177
2.19970120347
15.6690463134
2.22038928277
16.2886325792
2.20519613895
16.8784282825
2.15514637168
17.416559032
2.07665926831
17.8727044713
1.97878824855
18.2224968138
1.86260010668
18.4675219618
1.72779687584
18.5820382816
1.58779263433
18.5599335213
1.44514331288
18.4383010851
1.30355682231
18.245595436
1.17697329331
18.0048083006
1.06348576506
17.7312436844
0.959020938737
17.4507347783
0.855250326374
0.766294667666
17.1234903831
13.7651721106
1.59348121543
14.0646184924
1.66181765614
14.4057304302
1.71996940186
14.7836655682
1.7665373575
15.18644112
1.79677736483
15.6007108149
1.80596396417
16.013404854
1.79233789981
16.4116884205
1.75668865284
16.7861549701
1.70200630978
17.131742357
1.63299867627
17.4400050702
1.55411450454
17.697934597
1.46961601862
17.9026771847
1.38281599939
18.0524515996
1.29531334102
18.1487709692
1.20730809975
18.2070777076
1.11866020507
18.2401020373
1.03038705495
18.2561392255
0.942894502032
18.2550940403
0.856209099249
0.780378250354
18.2408846467
14.1350072866
1.37278701447
14.3789866056
1.4177038693
14.6447846938
1.45403056981
14.9304638631
1.48071101995
15.2304445989
1.4966427989
15.5365299055
1.49971798139
15.839137535
1.48956269215
16.1292889668
1.46636282749
16.4001796671
1.43093466657
16.6482754977
1.38471555031
16.8725725284
1.32962315503
17.0743054746
1.26767814504
17.2559353184
1.20109452193
17.4194588515
1.13192818997
17.5657294046
1.06110786758
17.6950963005
0.989128856144
17.8081081666
0.917153219756
17.9050623985
0.845741289604
17.9867249387
0.774387805819
0.711487536588
18.0554448701
14.3056928695
1.18781298871
14.5064540318
1.21681196073
14.7214319652
1.2389148435
14.9476823211
1.25431579875
15.1818811833
1.26229216912
15.4192888354
1.26215224476
15.6551823988
1.25350609205
15.8850714459
1.23630859494
16.1049905618
1.21085364746
16.3117925803
1.177765102
16.5033832843
1.13791886957
16.6785629262
1.0924371369
16.8371947747
1.04259540066
16.9798978049
0.989473682428
17.1071297644
0.933858030751
17.2195831167
0.876435037735
17.3186392548
0.817846010617
17.4054859801
0.758663971301
17.480472382
0.699209127857
0.648449517385
17.5433214228
14.3888881117
1.03115062538
14.5553335615
1.0502441856
14.730292007
1.06382621021
14.9120149953
1.07245404077
15.0983527527
1.07580613236
15.2869266296
1.07341934304
15.4751511243
1.06511008982
15.6604168499
1.05085632068
15.8402383032
1.03082668299
16.0124137548
1.00543178671
16.1751844116
0.975144085363
16.3272925428
0.940451379074
16.4681096532
0.902011749024
16.5973567048
0.860387688809
16.7151027794
0.815999217297
16.8220007761
0.76931088099
16.9188658444
0.720756372484
17.0065882547
0.670733200665
17.0861578442
0.619464278737
0.575785563188
17.1586552442
14.4164357092
0.89723436735
14.556554416
0.910019738625
14.7020047826
0.918262738319
14.8515846376
0.922752681485
15.0040150389
0.923244393336
15.1577603978
0.919530724307
15.3112116894
0.911500427372
15.4627241907
0.899165288508
15.6107620245
0.882581932367
15.754157446
0.861958087759
15.8918955361
0.837600820715
16.0228769586
0.809710737108
16.1463562913
0.778624107259
16.2619295047
0.744747156737
16.3693676785
0.708383273911
16.468622837
0.66985325783
16.5596812576
0.629492439183
16.6426565912
0.587582560498
16.7176327035
0.544345966573
0.508551488875
16.7847357313
14.4073330498
0.781495350216
14.52721208
0.790061671562
14.6506064571
0.794784610253
14.7766826501
0.796587829126
14.9045137372
0.795319498776
15.033087535
0.79085766875
15.1613481688
0.783134841641
15.2882312874
0.772171692429
15.4127111982
0.757987240446
15.5341076095
0.740638404633
15.6517342757
0.720325881357
15.7644287264
0.697209203786
15.8714409863
0.67146263994
15.9726506038
0.643332617432
16.0678520098
0.613032161473
16.1568024482
0.580752901543
16.2394040738
0.546736109096
16.3156890358
0.511171161852
16.3857353802
0.474201667033
0.444323344441
16.449878891
14.3760474393
0.680462306055
14.4799143102
0.686153380088
14.5861378377
0.688515818799
14.6941127161
0.688566522852
14.8031780791
0.686208837419
14.9126332339
0.681359235677
15.0217547436
0.673972940599
15.1298260664
0.664063891715
15.2361361721
0.651645498764
15.3402000343
0.636736063588
15.441448946
0.619436846938
15.538861003
0.599854591836
15.6319351705
0.578119088545
15.7206954493
0.554382014891
15.804851091
0.528775225215
15.8840662103
0.501435721435
15.9582062635
0.472505831095
16.02714229
0.442165163912
16.0907419695
0.410554141979
0.385808922713
16.1492256448
14.3313609853
0.591461881216
14.4223247713
0.59518817671
14.5149067268
0.59592974325
14.6085915588
0.594880484754
14.7029399877
0.591867285411
14.7974398407
0.586877104536
14.8915698345
0.579874712118
14.984815627
0.570867904767
15.0766695119
0.559863392877
15.1667863902
0.546861036355
15.2545904429
0.531909524342
15.3392553556
0.515077977277
15.4206397062
0.49647374783
15.4987269449
0.476208352217
15.5731193371
0.454342658439
15.6435257951
0.430989473274
15.7097617089
0.406244922314
15.7716525077
0.380259944917
15.8290706896
0.353139215792
0.332583602762
15.8823185792
14.2795377829
0.512302275877
14.3600568441
0.514695317215
14.4415762191
0.514439453898
14.5238450208
0.512647858343
14.6064620682
0.509298205023
14.689039714
0.504363452237
14.7711938517
0.497806453987
14.8525478849
0.489630507204
14.9327260742
0.479842222979
15.0114373924
0.468425208264
15.0880738539
0.455413356236
15.1620643431
0.440853919914
15.2335629003
0.424809510741
15.3024431031
0.407370249517
15.3682394497
0.388561657771
15.4307344399
0.368495542124
15.4897041595
0.347289157806
15.5449715015
0.325020639095
15.5964292205
0.3017311082
0.284703999342
15.6443803212
14.2253161743
0.441336545815
14.297231699
0.442826629274
14.3697758882
0.441947571928
14.4427144756
0.439768507334
14.5157716505
0.436309291551
14.5886561797
0.431558953095
14.6610701203
0.425488302499
14.7327384499
0.418087953349
14.8033571839
0.40938331176
14.8726471516
0.399357593789
14.9400812899
0.388014908264
15.0052830276
0.37538984121
15.0684720243
0.361514608582
15.1294819998
0.346462700594
15.1877698072
0.330277414939
15.243145243
0.31305420023
15.295592147
0.29488025415
15.344937275
0.275794100222
15.3909888105
0.255800838154
0.241717640487
15.4341106128
14.1719049013
0.377277538099
14.2366927033
0.378106079629
14.3018636801
0.376846634272
14.367187023
0.374518114761
14.4324486268
0.371123661743
14.4974260191
0.366660497665
14.5618881314
0.361107693532
14.6256220287
0.354458602918
14.6883775503
0.346753234848
14.7498852536
0.338000834083
14.8097593133
0.328161341066
14.8677436683
0.317237146854
14.9238866617
0.305283804725
14.9780729524
0.292333894542
15.0298096607
0.278473555658
15.0788846772
0.263775162569
15.1255738116
0.248237404485
15.1696932276
0.231916293101
15.2108791524
0.214821118326
0.203236487951
15.2495658512
14.1217161335
0.31899255833
14.1805651829
0.319344127107
14.2396231229
0.317875178117
14.2986933403
0.315532619649
14.357578511
0.31231987997
14.4160960106
0.308218705764
14.4740510151
0.303219368373
14.5312392023
0.297345353018
14.5874729846
0.290604503492
14.6425558345
0.282997862547
14.6962139436
0.274512245203
14.7482212358
0.265159334683
14.7984424878
0.254977238957
14.8467274365
0.243950873368
14.8927621958
0.23219027989
14.9364941776
0.219740100792
14.978243945
0.206551528872
15.0177626159
0.192700352935
15.0546441757
0.178199479548
0.168750726973
15.0893848183
14.0767561369
0.265435701578
14.13075585
0.265458191105
14.1847884089
0.2639538007
14.2387226924
0.261705170866
14.292396422
0.258746330787
14.3456290416
0.255076528356
14.3982301314
0.250695279587
14.4500377132
0.245615000139
14.5009134043
0.239813230304
14.5507144596
0.233269044455
14.5991673465
0.226035355179
14.6460080646
0.218171331946
14.6912616077
0.209616316291
14.7346777129
0.200387583144
14.77586279
0.190591051859
14.8151053875
0.180170433614
14.852682967
0.169109893946
14.8882004662
0.157511941838
14.9213142774
0.145378774513
0.137777700557
14.9525745323
14.0379567007
0.215729777741
14.0879924769
0.215575170329
14.1379769689
0.214120398172
14.1877624188
0.212067664059
14.2372028789
0.209448935758
14.2861293621
0.206286310946
14.3343809338
0.202571038603
14.3818583759
0.198275715405
14.4284533509
0.193375834009
14.4739168563
0.187902604845
14.5178872698
0.181938533667
14.5603004915
0.175468910507
14.6013565135
0.168414108183
14.6407095194
0.160867727051
14.6780173811
0.152874354997
14.713671546
0.144310106629
14.7477648246
0.135226683599
14.779877767
0.125727004164
14.8097752252
0.115788504363
0.109792952179
14.8380634426
14.0070528193
0.169110866084
14.0540044187
0.16882822369
14.1007969722
0.167533564381
14.1472725143
0.165797762041
14.1932985834
0.163627390882
14.2387642189
0.161023376074
14.2835573436
0.157984280843
14.327599569
0.15446773035
14.3706878822
0.150486747843
14.4124272958
0.146140874538
14.4526471434
0.141443746757
14.4915492548
0.136280593726
14.5290878322
0.130674729046
14.5649093545
0.124719955664
14.5990990352
0.11836658088
14.631898723
0.111557594385
14.6630553169
0.104369641414
14.6922431597
0.0968624773077
14.7193408036
0.0890107150739
0.0844578590129
14.7449927208
13.9835922802
0.124821435799
14.0281760211
0.12451407223
14.0725152292
0.123468939423
14.1164759295
0.122115362623
14.1599466567
0.120436970088
14.2028319122
0.118424171971
14.2450636302
0.116059235509
14.2864488292
0.113347240285
14.3265924132
0.110371762665
14.3653001116
0.10716366583
14.4028087635
0.10364622713
14.4391245784
0.0997676215768
14.4738673051
0.0955992247817
14.5069628873
0.0911679786042
14.5387407887
0.0863848754268
14.5692723358
0.0812652520231
14.5981521316
0.0758884459255
14.6251049515
0.070269028419
14.6500808843
0.0643866120666
0.061070584211
14.6738092396
13.9702269746
0.0823381757251
14.0130053084
0.082085446016
14.0554752473
0.0813598942986
14.0975358112
0.0804258213682
14.1390950059
0.0792622221764
14.1800779321
0.0778485847748
14.2202997914
0.0761906132636
14.2593552641
0.0743775158077
14.2970311204
0.0724389420064
14.3335067159
0.070297473095
14.3689797053
0.0679073077029
14.4031610813
0.0653272789928
14.4356791581
0.0625908135895
14.4667304405
0.0596518267426
14.4966000981
0.0564438971335
14.5251706467
0.0530080414242
14.5520513995
0.049427188481
14.5770053035
0.0456965301033
14.5999569296
0.041808936758
0.0397230026464
14.6216655986
13.9642429579
0.0408084477153
14.0060882701
0.0406898155629
14.0476126932
0.0403100075442
14.0887270565
0.039820999769
14.1293377728
0.0392204254792
14.16926043
0.0384584607262
14.2080806237
0.0376027955153
14.2455712945
0.0367363993847
14.2819350608
0.0357830598542
14.3172624978
0.0346901151772
14.3513682514
0.0334713644948
14.3840647667
0.0321871097623
14.4152857998
0.0308343534417
14.445238363
0.0293580964386
14.4740596947
0.0277345841156
14.5014547642
0.025996269009
14.5271036882
0.0241828188489
14.5509042019
0.022283434061
14.5728125843
0.0202873272309
0.0191983724463
14.5937139191
13.9660853898
14.0073072676
14.0481902274
14.0886574829
14.1286485516
14.1676960454
14.2053446033
14.2418622693
14.2775203715
14.3120438394
14.3450868175
14.3767167072
14.4070446875
14.4361847437
14.464187494
14.4906484186
14.515254958
14.5379488252
14.5586418854
14.5782339786
16.9131705095
0.358697591631
16.7347177002
0.340904354655
16.5623908342
0.322424112906
16.3828920483
0.305860035539
16.2019640929
0.289673535299
16.0245244711
0.274715111026
15.8526230548
0.26113046923
15.6885088034
0.248494071522
15.5354209995
0.236579076046
15.3970582937
0.225472144088
15.2771116904
0.2148010141
15.1795260443
0.20399371784
15.1084993264
0.192404955078
15.0676056309
0.179357045224
15.0588557292
0.164123078891
15.0815766387
0.145980056262
15.1314143399
0.124242415403
15.2021391455
0.0981586413357
15.2839574239
0.067190022587
15.3653595676
0.0310732805924
15.4381534445
-0.0104957413918
15.4829347359
-0.0571116323754
15.4914106729
-0.107993675365
15.4582869227
-0.162282415422
15.3770717746
-0.21820907764
15.2424350605
-0.273580229214
15.0520607035
-0.326169059349
14.8080150891
-0.373343901076
14.5172410807
-0.411297139752
14.1907073055
-0.436354484957
13.8420197806
-0.448297702228
13.4854628226
-0.448117322827
13.1331843055
-0.434742668229
12.7959533169
-0.408635193482
12.4832764544
-0.370708111985
12.2033177791
-0.324880773946
11.9628008267
-0.278292800225
11.7654733089
-0.232481895215
11.61372515
-0.184337695402
11.5178977533
-0.13824916561
11.4956037089
-0.0989302053607
11.5753398266
-0.068477874816
11.7656116414
-0.0424526336712
12.0555383025
-0.0113089466825
12.4266721347
0.0208162276579
12.8525780201
0.0550343215786
13.3098151472
0.0856540504663
13.78037002
0.107748294641
14.249999405
0.119355908843
14.7080035102
0.119334364268
15.1464957602
0.107324026151
15.5596669223
0.0835139498702
15.9429419067
0.0487631482943
16.293079608
0.00373541982497
16.6084972998
-0.0512636636069
16.887225854
-0.113920438095
17.128304518
-0.183272947462
17.3314814072
-0.258088530436
17.4978332616
-0.337195105563
17.629001877
-0.419433832803
17.7265234566
-0.503683962598
17.7912297246
-0.588454372359
17.8234972451
-0.672763224567
17.8237282381
-0.755846465841
17.792207856
-0.836701530874
17.7293212098
-0.914378567564
17.6358544748
-0.988056292258
17.5132598353
-1.05701668949
17.3637378815
-1.12064606062
-1.17271693134
17.1897662442
18.2567564601
0.342802034182
18.2652043137
0.332400331684
18.2739589459
0.313611317699
18.2845457633
0.295212298784
18.2968280824
0.277326987336
18.3114538258
0.260021481308
18.3291010286
0.243411580886
18.3500580417
0.227461618101
18.374516642
0.212041482354
18.4029111768
0.196995393177
18.4354919857
0.182135199879
18.4721717004
0.167226722391
18.5124952514
0.151992423833
18.5556421397
0.136120099446
18.6003920835
0.119282656085
18.6451838395
0.101098078586
18.6881318855
0.0812050983242
18.726842716
0.0593601869249
18.7584924097
0.0354550409465
18.7799994564
0.00948396830854
18.7876851066
-0.0182599529923
18.7779496714
-0.0474503946268
18.7475859653
-0.0776991677619
18.6933400926
-0.108100130019
18.612941609
-0.137867984116
18.5054830709
-0.166172327406
18.3713597527
-0.192089098484
18.2126538205
-0.21467355512
18.0344185606
-0.233089235904
17.844770928
-0.246725551915
17.6517120713
-0.255248499985
17.4620419362
-0.258447452209
17.2834069503
-0.256098249563
17.1228456313
-0.248054471372
16.9871133439
-0.234946213308
16.8818577146
-0.21958512333
16.8089304881
-0.205314975897
16.7677934248
-0.191283525256
16.7593439425
-0.175816097631
16.7813212234
-0.160143449605
16.8275870107
-0.145102054501
16.8904620854
-0.131248033707
16.9678303365
-0.119705013492
17.0669347041
-0.11028655402
17.1888463264
-0.100957816891
17.3346776011
-0.0906486307525
17.5026447956
-0.0821541606242
17.6894939229
-0.0789312823845
17.8903988372
-0.0813689905742
18.099738981
-0.0898154085387
18.3115254489
-0.10426182628
18.5198489265
-0.124598781591
18.719556822
-0.150723984659
18.9059637757
-0.182440869177
19.0742806894
-0.219340123833
19.2214923573
-0.260881977771
19.345002797
-0.3065236986
19.4428105707
-0.355627168995
19.5133880382
-0.407494077213
19.5556811136
-0.461439108247
19.5689298358
-0.516635708861
19.5533461116
-0.57256472022
19.5094707854
-0.628573225268
19.4377390368
-0.683791470399
19.3390690532
-0.737699904651
19.214804523
-0.789774187908
19.0665779162
-0.839481827948
18.8962663898
-0.886349501704
18.7059693246
-0.929985788219
-0.964486160426
18.4981084072
18.0784857864
0.319701913805
18.0991920861
0.311618061776
18.1175622957
0.295166123267
18.1339234761
0.278776712274
18.1486930071
0.262483397828
18.1623101165
0.246330545635
18.1753271196
0.230320946667
18.1882962358
0.214419100056
18.2016929885
0.198571660858
18.2158975133
0.18271830281
18.2311685991
0.166792284364
18.2476080169
0.150716499513
18.2651252176
0.134405780319
18.2834034747
0.117774141397
18.3018804845
0.100740101114
18.3196722042
0.0832434109703
18.3355687062
0.0652487089034
18.3481191292
0.0467534123232
18.3557343845
0.0277874479128
18.3567660906
0.00840442387061
18.3498297763
-0.0113664860374
18.3333854841
-0.0310434772829
18.3063762335
-0.0507213510031
18.2683389469
-0.0700878793837
18.2192937198
-0.0888409540381
18.1597728021
-0.106662345175
18.0909185275
-0.123238096467
18.0145121517
-0.138262410202
17.9328864709
-0.151450389417
17.8487495855
-0.16256677186
17.76499658
-0.17146456718
17.6847108824
-0.17812152508
17.6113005281
-0.182638122273
17.5485208979
-0.185215308577
17.4997600451
-0.186115879212
17.4658802026
-0.185625689451
17.444704821
-0.184049758658
17.4351947797
-0.181673296631
17.438307002
-0.178817698847
17.4542961083
-0.176011440103
17.4829100126
-0.173584293653
17.523423369
-0.171619137777
17.5743933838
-0.170522206894
17.6346883731
-0.17041821414
17.7053673943
-0.171463063887
17.7888179466
-0.173915026771
17.8850543684
-0.178196118255
17.9912244247
-0.184896653497
18.104165325
-0.19409508188
18.2205767818
-0.206002040193
18.3372929957
-0.220743314104
18.4512589145
-0.238320196426
18.5595508626
-0.258761779995
18.6594027321
-0.282029071988
18.748240448
-0.307904798605
18.8237997038
-0.336158963031
18.8841130188
-0.366545662481
18.927538159
-0.398752028426
18.9528372982
-0.432484131547
18.9591012274
-0.46738524461
18.945883574
-0.503091714255
18.9128737453
-0.53922024637
18.8601334336
-0.575490187194
18.7882194397
-0.611526852343
18.6978094514
-0.646931576045
18.5897702818
-0.681369145331
18.4651958786
-0.714534204684
18.3253641347
-0.746137374587
18.1716899584
-0.775924284925
-0.79848358647
18.0060800954
17.5746782828
0.288269767215
17.6043209599
0.281894177647
17.6325328317
0.266876693869
17.6593587066
0.251876597741
17.6848604493
0.236910504741
17.709148243
0.221974555148
17.7323416998
0.20706218091
17.7545295775
0.192168796756
17.7757547109
0.177287035119
17.7960121571
0.162404396696
17.8152466285
0.147504529399
17.833343925
0.132569279682
17.8501229154
0.117580445899
17.8653329317
0.102521610749
17.8786543983
0.0873802263388
17.8897136844
0.0721501215868
17.8980992458
0.0568338663236
17.9033818764
0.041446551317
17.9051326286
0.0260178493333
17.9029356194
0.0105883126097
17.8963578885
-0.00479580032831
17.8853237896
-0.0200100034487
17.869585179
-0.0349766075987
17.8491291708
-0.0496186490494
17.824095176
-0.0637863254661
17.7948098006
-0.0773486143938
17.7617947216
-0.0901866445682
17.725772935
-0.102195952932
17.6876630305
-0.113287252824
17.64855258
-0.123394279673
17.6096442402
-0.132485149144
17.5721638153
-0.140560784866
17.5372522541
-0.147636829619
17.5059167087
-0.153780454499
17.4790452045
-0.159135348506
17.4574037552
-0.163865376079
17.4416321853
-0.168149388781
17.4322638093
-0.172166107077
17.4296736935
-0.176078698227
17.4338539644
-0.180032713895
17.4446280285
-0.184189208923
17.4618635721
-0.188675353286
17.485200927
-0.193670079666
17.5142795358
-0.199297252215
17.5486966799
-0.205670613161
17.5879129595
-0.212911750852
17.6311027651
-0.221156481664
17.6770093443
-0.230563990124
17.7244423053
-0.241279096666
17.7721036406
-0.25340483316
17.8186280072
-0.266999658438
17.8626686275
-0.282083439586
17.9028393883
-0.298645941048
17.9377305515
-0.316624552384
17.9661007655
-0.335970392335
17.9868111208
-0.356555912049
17.9988360446
-0.378248550641
18.0013260317
-0.400911509618
17.9935183683
-0.424337627472
17.9748344695
-0.448354278307
17.9448657401
-0.472767855281
17.9033840643
-0.497375620784
17.8502349194
-0.521970492945
17.7854298197
-0.546343787293
17.7091770562
-0.570293611262
17.6218309435
-0.593630776847
17.5238747797
-0.616178912095
17.4159173332
-0.637774107067
17.2986791668
-0.658273810881
-0.672776420114
17.1733885871
17.191209772
0.255645022919
17.2218562222
0.251177801011
17.2505786832
0.238088953034
17.2774357906
0.224958717968
17.3025000086
0.211789930559
17.3258264865
0.198596100174
17.347456196
0.185384875857
17.3674224868
0.172159330116
17.3857502769
0.15892055961
17.4024514011
0.145669178622
17.4175206984
0.132405857645
17.4309337811
0.119131694504
17.4426460043
0.105848766438
17.4525925215
0.0925608763713
17.4606895647
0.0792744142018
17.466837332
0.0659992564787
17.4709242494
0.0527497564701
17.472833422
0.0395463331391
17.4724518257
0.0264147907093
17.4696797312
0.0133823914379
17.4644334543
0.000479353176838
17.4567136329
-0.0122541633915
17.4465710904
-0.0247906598967
17.4340438314
-0.0370403579533
17.4192996289
-0.0489832308377
17.4025852865
-0.0605672952872
17.384242825
-0.0717689079539
17.3646778827
-0.0825472347254
17.344347002
-0.0928639052479
17.3237563406
-0.102702281334
17.3034393388
-0.112057777354
17.283943905
-0.120945806194
17.2658275004
-0.129391580017
17.2496169204
-0.137431617037
17.2357445642
-0.145115225899
17.2245386527
-0.152502108927
17.2162177539
-0.159661481319
17.2108997613
-0.166671405715
17.2086208978
-0.173613394357
17.2093560628
-0.180571688836
17.2129979302
-0.187625116925
17.2194079217
-0.194869604769
17.2283399149
-0.202376589379
17.2395173582
-0.210239542606
17.2526264359
-0.218534939699
17.2673005657
-0.227331600459
17.2831039718
-0.236696156851
17.2995041017
-0.246691027631
17.3158730838
-0.257365724214
17.3315135697
-0.268753811082
17.3456880001
-0.280873544814
17.3576426647
-0.293728649534
17.3666215394
-0.307306583483
17.3719191347
-0.32159527741
17.3728010561
-0.336516951419
17.3686239269
-0.352035080257
17.3588083123
-0.368081050149
17.3428272057
-0.384570493359
17.3202672456
-0.401409872803
17.2907803148
-0.418491781215
17.254113884
-0.435718251535
17.2101159233
-0.452987116093
17.1587284812
-0.470185352408
17.09998757
-0.487198206498
17.0340196977
-0.503914279237
16.9610324865
-0.520225498985
16.8813063945
-0.536028330573
16.7951870284
-0.551224013371
16.7030765993
-0.5657266187
-0.575021452306
16.6057616184
16.8155040938
0.224821159071
16.8446622421
0.221968487462
16.872154834
0.210550546322
16.8980203464
0.199052683358
16.9222869016
0.187488127616
16.9449819376
0.175871113364
16.9661312629
0.164210944586
16.9857555045
0.152515897375
17.0038682441
0.140794132863
17.020475568
0.129053778674
17.0355760906
0.117302992779
17.0491611711
0.105550142579
17.06121544
0.0938040460983
17.0717178282
0.0820742162566
17.0806432234
0.0703710953143
17.0879647902
0.0587062898752
17.0936569622
0.0470928906797
17.0976990281
0.0355464646095
17.1000789497
0.0240841429277
17.1007970015
0.0127208760035
17.0998694808
0.00147085986733
17.0973342493
-0.00964731281096
17.0932192624
-0.02059624206
17.0876447829
-0.0313784608078
17.0807172193
-0.0419600941737
17.0725901353
-0.0523363219731
17.0634048111
-0.0624712254824
17.0533263452
-0.0723477985608
17.0425738181
-0.0819816625613
17.0313716117
-0.0913614889818
17.0199581166
-0.100496713477
17.0085556053
-0.109386649185
16.9973777885
-0.118047959271
16.9866260355
-0.126504830211
16.9764804719
-0.134785339545
16.9670940167
-0.142921996076
16.9585873976
-0.150951836703
16.9510441438
-0.158915739085
16.944509431
-0.166856874566
16.9389881312
-0.174819191869
16.934447531
-0.182843930282
16.9308002891
-0.19097239348
16.9279346862
-0.199251684285
16.9256894945
-0.207725799557
16.9238631208
-0.216430844888
16.9222167923
-0.225398457507
16.92047465
-0.234658191607
16.9183230984
-0.244234738654
16.9154188307
-0.254147907799
16.9113987157
-0.264411447313
16.9058873969
-0.275031396361
16.8985038241
-0.286005792907
16.8888687344
-0.297323889151
16.8765983492
-0.308969106605
16.8613628138
-0.320917595208
16.8428286775
-0.333129239421
16.8206923661
-0.34556530681
16.7946886859
-0.358179813707
16.7645912443
-0.37091800564
16.730221157
-0.383719961215
16.6914405586
-0.396528779281
16.6481558619
-0.409286634454
16.6003198964
-0.421926904961
16.5479313477
-0.43438066371
16.4910341226
-0.446581732631
16.4297157133
-0.458465628118
16.3641048031
-0.469970008664
16.2943684796
-0.48103452018
16.2207088162
-0.491608232088
-0.497522574717
16.1436708592
16.4793092174
0.195355796856
16.5074316352
0.19381767438
16.534037094
0.183922432047
16.5591305405
0.173942349477
16.5827213302
0.163886277055
16.6048189012
0.153768384433
16.6254317992
0.143598874801
16.644567862
0.133386740128
16.6622344009
0.123140676238
16.678438227
0.112869319019
16.6931856908
0.102581294517
16.7064828528
0.0922852674137
16.7183358154
0.0819900196459
16.7287512203
0.0717045303123
16.737736911
0.0614380440519
16.7453027619
0.0512001396323
16.7514616701
0.0410008878628
16.7562307471
0.0308516419951
16.7596324851
0.0207641513063
16.7616956809
0.0107470597733
16.7624552698
0.000808422958437
16.7619523714
-0.00903935473897
16.7602593533
-0.0187901252325
16.7574308255
-0.0284286684646
16.7535475477
-0.0379472647425
16.7486882459
-0.0473390675845
16.7429644193
-0.0566009383645
16.7365058367
-0.0657341490877
16.7294075238
-0.0747195861615
16.7217840383
-0.0835654596716
16.7137258414
-0.0922571197037
16.7053635242
-0.100834024576
16.6968116106
-0.109296780919
16.6881678705
-0.117652829315
16.6795122313
-0.125912414464
16.670907614
-0.134091049905
16.6623995714
-0.142208414949
16.6540130605
-0.150284802604
16.6457500739
-0.158340430234
16.6375886052
-0.166395256706
16.6294836627
-0.174467531975
16.6213687928
-0.182577101468
16.6131574513
-0.190751016896
16.6047413804
-0.199011590744
16.5959912026
-0.207373804129
16.5867594682
-0.215851219474
16.5768823153
-0.224456985451
16.5661814783
-0.233201398278
16.5544657412
-0.242091324537
16.5415334496
-0.251130081345
16.5271764121
-0.260317178034
16.5111837721
-0.269647993819
16.4933465739
-0.279113688325
16.473459473
-0.288701300095
16.4513239002
-0.298393760094
16.4267602403
-0.308169912251
16.3996030937
-0.318005244572
16.3697049823
-0.327871698829
16.3369404135
-0.337736490513
16.301208473
-0.347564256995
16.262433556
-0.357323449121
16.2205661884
-0.366982429801
16.1755845394
-0.376502207368
16.1274947703
-0.385841821973
16.0763304277
-0.394962482173
16.0221515653
-0.403826214899
15.965043489
-0.412395934665
15.9051152109
-0.420634997411
15.8424982252
-0.428514961484
-0.432171757795
15.7776249003
16.1760482753
0.168522989543
16.2018220065
0.168041518808
16.2262673509
0.159480450448
16.2493879904
0.15083095424
16.2711889925
0.142100518265
16.2916767605
0.133301982791
16.3108586478
0.124444596543
16.328742651
0.115536706067
16.3453372854
0.106586487558
16.3606515768
0.0976020664792
16.3746951137
0.0885915065293
16.3874781532
0.0795628048738
16.399011788
0.0705239080217
16.409308181
0.0614827257056
16.4183808616
0.0524471360193
16.4262450805
0.0434249960048
16.4329182216
0.0344242426932
16.438420312
0.0254535848514
16.4427744777
0.0165216702679
16.4460071118
0.00763387165773
16.4481490867
-0.00120623851515
16.449234788
-0.00998977386211
16.4492961884
-0.0187081770034
16.4483768577
-0.0273578301461
16.4465221425
-0.0359327960284
16.4437801842
-0.0444290295692
16.4401988069
-0.0528430816816
16.4358226167
-0.0611730140372
16.4307159891
-0.0694194895324
16.4249343661
-0.0775817908606
16.4185604424
-0.0856725296523
16.4116004453
-0.0936547110424
16.404106556
-0.101574904246
16.3961169742
-0.109426575006
16.3876667113
-0.117216788074
16.3787833623
-0.124953650244
16.3694821596
-0.132644486962
16.3597668296
-0.140298094667
16.349631155
-0.147924756103
16.3390592061
-0.155534725527
16.3280241258
-0.163135321531
16.3164875439
-0.170734879019
16.3043983814
-0.178347775584
16.2916954332
-0.18598622313
16.2783078309
-0.193655534943
16.2641552829
-0.201359847442
16.2491487041
-0.209103522366
16.233191661
-0.216889514611
16.216182011
-0.22471898853
16.1980135033
-0.232591159822
16.1785774879
-0.240503144703
16.1577648369
-0.24844985074
16.1354679248
-0.256423945672
16.1115825292
-0.264415876771
16.0860097636
-0.272413916327
16.0586580397
-0.280404211676
16.0294443759
-0.288370862487
15.998295891
-0.296295915007
15.9651514357
-0.30415830417
15.9299627463
-0.311935535951
15.8926946745
-0.319609214595
15.8533256153
-0.32716129781
15.8118485502
-0.334567369114
15.7682713734
-0.341801360982
15.7226166221
-0.348839127341
15.6749211872
-0.355657053092
15.6252358572
-0.362231954593
15.5736248116
-0.368540583525
15.5201652926
-0.374567564338
-0.37673926764
15.4652209551
15.9066997045
0.144157502662
15.9302898422
0.144475427291
15.9527339442
0.137066214945
15.9740279913
0.129572683642
15.9941701457
0.122000162305
16.0131601262
0.11435994718
16.0309988159
0.106660119585
16.047688197
0.0989079249154
16.0632313579
0.0911104308197
16.0776325123
0.0832746361525
16.0908970308
0.0754074454306
16.1030314938
0.0675156447247
16.1140437615
0.0596058987992
16.1239430592
0.0516847505081
16.1327400725
0.0437586152291
16.1404470502
0.0358337844345
16.1470779161
0.0279165178049
16.1526484322
0.0200136828516
16.1571762665
0.0121320177586
16.1606807273
0.00427524962582
16.1631813972
-0.00355332876695
16.1647032414
-0.0113502183928
16.1652726189
-0.0191082599492
16.1649159455
-0.0268238979192
16.1636620022
-0.0344935660264
16.161540604
-0.0421142596707
16.158582617
-0.0496835874322
16.1548190829
-0.057199793679
16.1502791629
-0.0646616676748
16.1449914025
-0.0720678819119
16.1389754973
-0.0794222062267
16.1322957076
-0.0867322228394
16.1249435007
-0.0939717156901
16.1169428981
-0.101166710828
16.1083117034
-0.108318062491
16.0990584694
-0.115424634817
16.0891871509
-0.122489163097
16.0786976901
-0.129516439442
16.0675838935
-0.13651061876
16.0558325127
-0.143474907316
16.0434242002
-0.150410521464
16.0303337358
-0.157319925533
16.0165293664
-0.164210994039
16.0019732054
-0.171089827152
15.9866222771
-0.177956645293
15.970429033
-0.184811009872
15.9533418211
-0.191653185119
15.9353056249
-0.19848276785
15.9162628775
-0.205298378061
15.89615433
-0.212097555502
15.8749200163
-0.218876704959
15.8525002903
-0.225631059693
15.8288368763
-0.232354662992
15.8038739042
-0.239040373049
15.7775589265
-0.245679890087
15.7498439285
-0.252263799056
15.7206862969
-0.258781606008
15.6900496915
-0.265221634645
15.6579049549
-0.271569992634
15.624230782
-0.277812024147
15.5890137249
-0.28393722408
15.5522484848
-0.289935744016
15.5139388087
-0.295792204372
15.4740977911
-0.301489868431
15.4327477026
-0.3070137692
15.3899198673
-0.312349349855
15.345654459
-0.317482281205
15.3000002363
-0.322397904802
15.2530146968
-0.327089584222
-0.328257442532
15.2050247353
15.6662660958
0.122312190836
15.6875638621
0.123226937535
15.7078567768
0.116828566937
15.7271385955
0.110352113557
15.7454047688
0.103801252394
15.7626525166
0.0971855416833
15.7788804393
0.0905116934365
15.7940883563
0.0837857423433
15.8082772629
0.0770135867181
15.8214493184
0.0702010652363
15.8336078335
0.0633539336454
15.8447572546
0.0564778435451
15.8549031517
0.0495783358145
15.8640522127
0.0426608347432
15.8722122394
0.0357306399831
15.8793921446
0.0287929293267
15.8856019569
0.0218528441705
15.8908528793
0.0149160739296
15.8951572847
0.00798818304022
15.8985285186
0.00107192018319
15.9009818752
-0.0058313759021
15.9025292016
-0.0127147645765
15.9031872693
-0.019576015352
15.9029719412
-0.0264106698678
15.9018995501
-0.0332156380264
15.8999866958
-0.0399881882573
15.89724996
-0.0467259176921
15.8937056317
-0.0534267852133
15.889369406
-0.0600889921693
15.8842566353
-0.0667108742055
15.8783773034
-0.0732908400561
15.8717414015
-0.0798364900301
15.8643767624
-0.0863394573709
15.8562769781
-0.0927915324884
15.8474466978
-0.0992046337109
15.8378932007
-0.105580262621
15.827618647
-0.111916042618
15.8166200391
-0.118211615406
15.8048915981
-0.124468361434
15.7924251755
-0.130687124016
15.7792098799
-0.136866374658
15.7652318407
-0.143005600141
15.750473789
-0.149109302053
15.7349154464
-0.155180589477
15.718534348
-0.161217493316
15.7013061064
-0.167217651229
15.6832045848
-0.173179583599
15.6642022747
-0.179101521304
15.6442707435
-0.184981166005
15.6233811207
-0.190815624702
15.6015046097
-0.196601381563
15.5786130198
-0.202334280865
15.55467931
-0.208009520467
15.5296781334
-0.213621657831
15.5035863721
-0.219164626764
15.4763836512
-0.224631760165
15.4480528249
-0.230015798054
15.418580441
-0.235308761853
15.3879572846
-0.240500989272
15.3561787314
-0.245582403325
15.3232445232
-0.250546893783
15.2891588708
-0.255389120115
15.2539311759
-0.260098886373
15.2175762491
-0.264664851403
15.1801141443
-0.269077294966
15.1415701013
-0.273326850717
15.1019744601
-0.277404294758
15.0613625994
-0.28130001218
15.0197751058
-0.285012571504
-0.28551313499
14.9775189929
15.453684761
0.102809868349
15.4728493578
0.104140637807
15.4911310009
0.0986301948417
15.5085219643
0.0930494881999
15.5250158334
0.0874008982373
15.5406076695
0.0816925260008
15.5552936626
0.075929954397
15.5690710296
0.0701181905262
15.5819379849
0.0642621330493
15.5938937233
0.0583666379953
15.6049383988
0.0524364988107
15.6150731014
0.0464764275658
15.6242998336
0.0404910483908
15.6326214873
0.0344848920884
15.6400418174
0.0284623901248
15.6465654147
0.0224278799038
15.6521976808
0.0163856864048
15.6569448525
0.0103406587228
15.6608139521
0.00429756976638
15.6638123635
-0.00174119998829
15.6659473218
-0.00777416916359
15.6672291772
-0.0137975183374
15.6676663196
-0.0198070626098
15.6672683804
-0.0257995913582
15.6660451977
-0.0317722280833
15.6640067051
-0.0377223427799
15.6611628198
-0.043647523686
15.6575232897
-0.049545566637
15.6530975156
-0.0554143329406
15.6478945394
-0.0612518046666
15.6419226087
-0.0670556036863
15.6351874923
-0.0728308612332
15.6276843862
-0.0785586447168
15.619437105
-0.0842593684613
15.6104473231
-0.0899228171739
15.6007126505
-0.0955464346117
15.5902335156
-0.101130669524
15.5790104186
-0.106675241861
15.567041404
-0.11217908295
15.554322437
-0.117640963042
15.5408483228
-0.123058192609
15.5266125703
-0.128428964659
15.5116067489
-0.133755861668
15.4958207474
-0.139040327365
15.4792434945
-0.144279430811
15.4618631428
-0.149470033085
15.4436671231
-0.154609938253
15.4246423624
-0.159696878482
15.4047755482
-0.16472832106
15.3840534108
-0.16970142089
15.3624630191
-0.174613005522
15.339992088
-0.179459569628
15.3166292904
-0.184237274183
15.2923645695
-0.18894195124
15.2671894437
-0.193569114114
15.2410973007
-0.198113969686
15.2140836798
-0.202571414178
15.1861465531
-0.206935905737
15.1572866975
-0.211200581726
15.127507908
-0.215358373563
15.0968166951
-0.219405911418
15.0652223206
-0.223340639169
15.0327374384
-0.227155748573
14.9993782778
-0.230843465263
14.9651644433
-0.23439744982
14.9301188714
-0.237811667485
14.8942678688
-0.241080263542
14.8576410884
-0.244196975584
14.8202716929
-0.247163878589
-0.24721784168
14.7824537508
15.266984702
0.0854968428877
15.2841399381
0.0870935919349
15.3005058273
0.0823757347525
15.3160741685
0.0775961208887
15.3308376381
0.0727562198017
15.3447901595
0.0678628744994
15.3579266122
0.0629206861628
15.3702427655
0.0579337511562
15.3817352547
0.0529060838283
15.3924015607
0.047841679308
15.4022399863
0.0427444949771
15.4112496323
0.0376184328855
15.4194303709
0.0324673343711
15.4267828177
0.027294976501
15.4333083014
0.0221050681231
15.4390088318
0.0169012562425
15.4438870756
0.0116872004857
15.4479463856
0.00646705523883
15.4511907947
0.00124490478804
15.4536250181
-0.00397756057254
15.4552528031
-0.00919789858559
15.4560794451
-0.0144138453762
15.4561101992
-0.0196211834124
15.455350582
-0.0248169704284
15.4538062857
-0.0299985130563
15.451483068
-0.0351632537838
15.4483866619
-0.0403087633265
15.4445226811
-0.0454327252183
15.439896616
-0.0505328843172
15.4345134942
-0.0556067657167
15.4283787361
-0.0606523912509
15.4214923786
-0.0656695175374
15.4138753119
-0.07066007189
15.4055156642
-0.0756117118694
15.396415938
-0.0805286029171
15.3865810566
-0.0854106158491
15.3760131357
-0.0902553982575
15.3647125699
-0.0950609548434
15.3526792786
-0.0998257482253
15.3399126797
-0.104548052597
15.32641174
-0.109224728172
15.312174911
-0.113853455278
15.2971996443
-0.118435832658
15.2814825815
-0.122972506267
15.2650201589
-0.127460339174
15.2478087209
-0.131896101247
15.2298444967
-0.136277486391
15.2111237092
-0.140602225377
15.1916427196
-0.144867928345
15.1713981841
-0.149072049771
15.1503872155
-0.153211878267
15.1286075482
-0.157284534396
15.106057705
-0.161286971647
15.082737162
-0.165215979848
15.0586465102
-0.169068190808
15.0337876084
-0.172840083679
15.0081637305
-0.176527973395
14.9817797157
-0.180127887181
14.9546422115
-0.183634766476
14.9267597719
-0.187043440595
14.8981424747
-0.190352081473
14.8688018622
-0.193559621849
14.8387514897
-0.196661259287
14.8080071856
-0.199651492548
14.7765873879
-0.202526727746
14.744513063
-0.205283332297
14.711806722
-0.207916870929
14.6784923614
-0.21042270447
14.64459605
-0.212804979928
-0.212569463643
14.610407838
15.1048804765
0.0701324089604
15.1202415872
0.0718636263366
15.134890346
0.0678604447595
15.1488183408
0.0638042187615
15.1620176568
0.0596958954463
15.1744815592
0.0555411335674
15.1862041517
0.0513436735395
15.1971802598
0.0471068707611
15.2074054051
0.0428340259066
15.2168758001
0.0385284274092
15.2255883344
0.0341933411628
15.233540552
0.0298320011528
15.240730627
0.0254476061675
15.2471573387
0.0210433165814
15.252820045
0.0166222516192
15.2577186552
0.012187496811
15.2618536072
0.00774217299488
15.2652258936
0.00328987034177
15.2678369798
-0.00116580955897
15.2696883605
-0.00562321359116
15.2707828989
-0.0100812749382
15.2711227058
-0.0145369851836
15.2707106622
-0.0189869058067
15.2695499008
-0.0234283534292
15.2676437671
-0.0278588551392
15.2649957854
-0.0322760391509
15.2616096029
-0.036677606734
15.2574889365
-0.0410613176066
15.252637543
-0.0454249637349
15.2470591416
-0.0497660382168
15.2407576533
-0.0540827719504
15.2337355295
-0.0583734594791
15.2259954214
-0.0626402341287
15.2175452274
-0.0668760061234
15.2083857945
-0.0710778956429
15.1985182988
-0.0752461082497
15.1879453586
-0.0793797397563
15.1766696127
-0.0834768211104
15.1646931443
-0.0875352648198
15.1520177421
-0.0915530562212
15.1386452177
-0.0955270805091
15.1245773131
-0.0994549508421
15.1098152287
-0.103337737187
15.0943597715
-0.107175701214
15.0782118717
-0.110965829564
15.0613726507
-0.114705084982
15.0438433645
-0.118391300855
15.0256254605
-0.122022403479
15.0067206575
-0.125596278959
14.9871310368
-0.129110748138
14.9668591362
-0.132563560459
14.9459080462
-0.135952393149
14.9242815067
-0.139274852916
14.901984003
-0.142528479258
14.8790208613
-0.145710748722
14.8553983411
-0.148819078035
14.8311237271
-0.151850811861
14.806205434
-0.154803111834
14.7806532085
-0.157672250923
14.754478206
-0.160454463957
14.7276926049
-0.163148965988
14.7003093808
-0.16575551175
14.6723415683
-0.168269344483
14.6437940702
-0.170676694633
14.6146847149
-0.172986977547
14.5850530761
-0.175218325272
14.5549199857
-0.177347646827
14.5242954533
-0.179359607265
14.4932002104
-0.181268908255
-0.180852783432
14.4619215194
14.9663227513
0.0565325399298
14.9800491667
0.0582841458607
14.9931221453
0.0549363111074
15.0055335693
0.0515437767219
15.0172755826
0.0481072231078
15.0283412255
0.0446314179778
15.0387241943
0.0411194314277
15.0484188142
0.0375739771465
15.0574200261
0.0339977277661
15.0657233695
0.030393361715
15.0733249671
0.0267635505539
15.080221512
0.023110947515
15.0864102535
0.0194381849318
15.0918889816
0.0157478727644
15.0966560104
0.0120425969904
15.1007101632
0.0083249249476
15.10405077
0.00459746217757
15.1066777626
0.000863187600657
15.108592044
-0.00287527733026
15.1097929906
-0.00661475962862
15.1102818969
-0.0103561155451
15.1100598296
-0.0140961167474
15.1091283141
-0.0178317918106
15.1074892167
-0.0215608050326
15.1051446565
-0.0252809434024
15.102096965
-0.0289900541432
15.0983486717
-0.0326860432122
15.0939024861
-0.0363668568239
15.0887612808
-0.040030456177
15.0829280954
-0.0436745075237
15.0764061105
-0.0472973889208
15.0691984349
-0.0508973293474
15.0613091351
-0.0544774259981
15.0527399653
-0.0580282814648
15.0434945054
-0.0615488475799
15.0335764861
-0.0650394859406
15.0229893703
-0.0684990300766
15.0117364741
-0.0719253688117
14.9998211619
-0.0753164686487
14.9872469222
-0.0786704438481
14.9740175033
-0.0819844425518
14.960136793
-0.0852562203143
14.9456083651
-0.0884865420234
14.9304356261
-0.091675508801
14.9146222924
-0.0948204181141
14.8981724208
-0.0979185758496
14.8810903235
-0.100968075104
14.8633805932
-0.103967126525
14.8450481473
-0.106913944686
14.8260982767
-0.10980672765
14.8065366966
-0.112643652764
14.7863695979
-0.115422876452
14.7656036984
-0.118142535574
14.7442462923
-0.1208007497
14.7223052992
-0.123395623747
14.6997893098
-0.125925249153
14.6767076324
-0.128387691304
14.6530703509
-0.130780891099
14.6288884789
-0.133102049722
14.6041739944
-0.135348362354
14.5789394518
-0.137519634618
14.5531979104
-0.13961614366
14.5269634205
-0.141634120886
14.5002511859
-0.143560959346
14.4730772454
-0.14540681873
14.4454587023
-0.147190899678
14.4174137804
-0.148891364927
14.3889611883
-0.150493357863
14.3601179444
-0.152009892626
-0.151486237584
14.3311638097
14.8503249331
0.0444289347544
14.8626671958
0.0460980087558
14.8744022845
0.0433593552165
14.8855221372
0.0405841419292
14.8960188595
0.0377729161678
14.9058854799
0.0349295434739
14.9151156292
0.0320564916835
14.9237034699
0.0291559417922
14.9316436899
0.0262300391518
14.9389315
0.0232809365313
14.9455626228
0.0203107897113
14.9515332785
0.0173217500732
14.9568401706
0.0143159620357
14.9614804713
0.0112955614704
14.9654518065
0.00826267569911
14.9687522383
0.00521942993477
14.9713802345
0.00216801862621
14.9733344476
-0.000888771152724
14.9746143817
-0.00394917712987
14.975220907
-0.00701139567164
14.9751534722
-0.0100748645341
14.9744125152
-0.0131373508807
14.9729988498
-0.0161962664368
14.9709135919
-0.019249583446
14.9681581738
-0.0222954109094
14.9647343259
-0.0253318999576
14.9606440394
-0.0283572229299
14.9558895435
-0.031369569398
14.9504732925
-0.0343671314189
14.9443980121
-0.0373478518222
14.937666543
-0.0403102291559
14.9302819257
-0.043252697157
14.9222456123
-0.0461767695702
14.9135626842
-0.0490766830945
14.9042371452
-0.0519503170259
14.8942724481
-0.0547974864753
14.8836722617
-0.0576172456634
14.8724406775
-0.0604079107505
14.8605820967
-0.0631677622316
14.8481011235
-0.065895122374
14.8350027197
-0.0685875004781
14.8212921495
-0.0712429577299
14.8069745412
-0.0738621286623
14.7920549935
-0.0764450887387
14.7765390062
-0.0789895388927
14.7604324931
-0.0814932017186
14.7437416813
-0.0839544878017
14.7264731141
-0.0863719272349
14.7086336698
-0.0887440730867
14.6902305855
-0.0910694851581
14.6712714818
-0.0933467274616
14.6517643883
-0.0955743683492
14.6317177684
-0.0977509813701
14.6111405431
-0.0998751465197
14.5900421136
-0.101945451322
14.5684323812
-0.103960490041
14.5463217672
-0.105918850481
14.5237212441
-0.107819027172
14.5006424591
-0.109658893886
14.4770977408
-0.111436322702
14.4530997137
-0.113151423429
14.4286613758
-0.114804859019
14.4037977697
-0.116394913125
14.3785343045
-0.117919483329
14.3528856512
-0.119377804041
14.326846787
-0.120769395996
14.3004329648
-0.12209277891
14.2736720134
-0.123345527963
14.2465824336
-0.124531436814
-0.123978699132
14.21946069
14.7558960935
0.0336912820937
14.7669733115
0.0351841469296
14.7774784316
0.0330195707846
14.7874037535
0.0308261027275
14.7967413625
0.0286045720852
14.8054842849
0.0263579337868
14.8136261835
0.0240880277742
14.8211612215
0.0217965416689
14.8280840283
0.0194851585096
14.8343896976
0.0171555693557
14.840073787
0.0148094663832
14.8451323155
0.0124485400598
14.8495617587
0.0100744767854
14.8533590494
0.00768895397515
14.8565215838
0.00529363297551
14.8590472625
0.00289013193159
14.8609347893
0.000479838696325
14.8621834016
-0.00193499837006
14.8627902685
-0.00435055434446
14.8627554655
-0.00676793314626
14.8620785428
-0.0091860473022
14.860759457
-0.0116030750188
14.8587986594
-0.0140169292124
14.8561969654
-0.0164259504184
14.8529555048
-0.0188285667596
14.8490757222
-0.0212232483602
14.8445593867
-0.0236084969231
14.8394085932
-0.025982832048
14.8336257531
-0.0283447671214
14.8272136654
-0.0306926369719
14.820175367
-0.0330251825343
14.8125143982
-0.0353413446236
14.8042331108
-0.0376414523048
14.7953361788
-0.0399220690512
14.785828849
-0.0421816507791
14.7757158977
-0.0444195462141
14.7650020855
-0.0466347978423
14.7536925291
-0.0488260815718
14.7417926421
-0.0509919788003
14.7293080391
-0.0531310170049
14.7162446695
-0.0552410444414
14.702608741
-0.0573203837707
14.6884062926
-0.0593695033947
14.673643323
-0.0613884407048
14.6583262338
-0.0633753019101
14.6424618435
-0.0653282300218
14.6260572824
-0.0672459509688
14.6091199878
-0.0691273047885
14.5916577156
-0.0709711661408
14.5736785542
-0.0727764301049
14.5551909378
-0.0745420089613
14.5362036578
-0.0762668313715
14.5167258749
-0.077949842354
14.4967671285
-0.0795900036222
14.4763373464
-0.0811862937894
14.455446854
-0.082737707148
14.4341063844
-0.0842432425368
14.412327105
-0.0857018322294
14.3901207398
-0.08711190792
14.3674995833
-0.0884719113689
14.3444761117
-0.0897821451352
14.3210628993
-0.0910433844593
14.2972730296
-0.0922544232321
14.2731200549
-0.093413613362
14.2486174619
-0.0945199773355
14.2237782045
-0.0955726611269
14.1986157504
-0.0965708570317
14.1731450328
-0.0975134558824
14.1473828294
-0.09840602845
-0.0978849260046
14.1216494935
14.6836546091
0.0240237348114
14.6937565786
0.0252553848452
14.7033054235
0.0236451177591
14.7122941828
0.0220129629787
14.7207164002
0.0203592992612
14.7285660584
0.0186866529159
14.7358374809
0.0169965161349
14.7425254
0.0152901631541
14.7486248641
0.0135689562388
14.7541312355
0.0118342694265
14.75904022
0.0100874486691
14.7633479026
0.00832980286947
14.7670507669
0.00656261749803
14.770145685
0.00478717895312
14.7726298752
0.00300480004063
14.774500628
0.0012170236317
14.7757487366
-0.000568268392171
14.776386472
-0.002370310413
14.7764087503
-0.00416792857892
14.7758144352
-0.00596617447183
14.7746031557
-0.007764724289
14.7727749621
-0.00956217990365
14.770330416
-0.0113569710473
14.767270464
-0.0131478272551
14.7635963931
-0.0149335210057
14.7593098206
-0.0167128564603
14.7544126369
-0.0184846123213
14.7489069274
-0.0202475064675
14.7427948764
-0.0220001548814
14.7360786836
-0.0237409116326
14.7287604267
-0.0254683988837
14.7208423354
-0.0271817117228
14.7123254831
-0.0288800261428
14.7032135322
-0.030562498096
14.6935103445
-0.0322277863486
14.6832200938
-0.0338755545632
14.6723475408
-0.0355054355773
14.6608982138
-0.0371168757238
14.6488783458
-0.0387091647091
14.6362947504
-0.0402814137538
14.6231548367
-0.0418320715197
14.6094663476
-0.0433597973445
14.5952367926
-0.0448648265295
14.5804735639
-0.0463470793343
14.5651843997
-0.0478050110862
14.5493774061
-0.0492371360734
14.5330609492
-0.0506424437002
14.5162436468
-0.0520200282539
14.498934376
-0.0533690262083
14.481142283
-0.0546886040275
14.4628767918
-0.0559779543274
14.4441476125
-0.0572362941567
14.4249647484
-0.0584628641383
14.4053385028
-0.0596569280398
14.3852794843
-0.0608177723763
14.3647986129
-0.0619447050034
14.3439071274
-0.0630370460385
14.3226166079
-0.0640940719652
14.3009390945
-0.065114674793
14.2788870914
-0.0660977590981
14.2564731626
-0.0670436923955
14.2337098322
-0.0679532169721
14.2106100197
-0.0688255187901
14.1871871496
-0.0696594506155
14.1634550618
-0.0704544502625
14.1394280159
-0.0712100894909
14.1151206938
-0.0719259876437
14.0905483362
-0.0726015917209
14.0657257394
-0.0732420204916
-0.0727931046896
14.040972387
14.6305235308
0.0153546602252
14.6397169177
0.0162447074344
14.6483738574
0.0151716412892
14.6564862851
0.0140847776769
14.6640451966
0.0129854990786
14.6710434336
0.0118744970255
14.6774781418
0.0107489523056
14.6833466504
0.00960995029834
14.6886431007
0.0084620375485
14.6933619229
0.00730629714662
14.6974982763
0.00614334311704
14.7010480023
0.00497379962042
14.7040075607
0.00379833137922
14.7063740554
0.00261757854143
14.7081455342
0.00143190794021
14.7093232935
0.000239612287134
14.7099136396
-0.000956438316136
14.7098908384
-0.00214344095031
14.7092643463
-0.00333541720405
14.7080337652
-0.0045275639449
14.7061988547
-0.00571971467712
14.7037599939
-0.00691109633537
14.700717765
-0.00810034848186
14.6970728806
-0.00928633508427
14.6928263162
-0.010468094218
14.6879794815
-0.0116448654538
14.6825340919
-0.0128157353691
14.6764921373
-0.0139796982111
14.6698557508
-0.0151355152633
14.6626279259
-0.0162824038499
14.6548130475
-0.0174203798121
14.6464167952
-0.0185498334186
14.6374455859
-0.0196706804826
14.627906411
-0.0207826543565
14.6178074814
-0.021885635625
14.6071565422
-0.0229788248142
14.5959606286
-0.0240611473971
14.5842263112
-0.025131587284
14.5719597517
-0.0261890280177
14.5591667342
-0.0272322064201
14.545852782
-0.0282593150564
14.5320235133
-0.0292691110291
14.5176847952
-0.0302620767166
14.502842907
-0.0312385435964
14.4875048095
-0.0321976516708
14.4716780369
-0.0331384924317
14.455370549
-0.0340604838336
14.4385907048
-0.0349631216599
14.4213472424
-0.0358459236251
14.4036492564
-0.0367084150224
14.3855061795
-0.0375501283911
14.3669277673
-0.0383706059256
14.3479240856
-0.0391694006608
14.3285054988
-0.0399460767694
14.308682658
-0.0407002097077
14.2884664908
-0.0414313857169
14.2678681932
-0.0421391958821
14.2468992394
-0.0428231971493
14.2255714919
-0.0434826708757
14.2038971936
-0.0441169008584
14.1818885303
-0.0447262021002
14.1595575189
-0.0453111537713
14.1369164585
-0.045871223055
14.1139780198
-0.0464056339299
14.0907550693
-0.0469140226507
14.0672606181
-0.0473961073777
14.0435077806
-0.0478516122505
14.0195098011
-0.0482801173671
13.9952785049
-0.0486853126507
-0.0483448835557
13.9711529787
14.6018498989
0.00741692789391
14.6104000333
0.00788637594909
14.6184173253
0.00734704517202
14.6258950171
0.0068005922779
14.632827985
0.00624684480747
14.6392106974
0.00568688647986
14.6450340723
0.00512145800397
14.6502898477
0.00455090263801
14.6549740016
0.00397555006673
14.6590830121
0.00339595666202
14.6626135299
0.0028125542025
14.6655623872
0.00222578402164
14.6679265284
0.00163619759532
14.6697026347
0.00104469824238
14.6708851938
0.000453846089973
14.6714419503
-0.000111321549997
14.6714288664
-0.000736149575959
14.6708375389
-0.00134346686011
14.6696596166
-0.00194732616467
14.6678948765
-0.00255092791455
14.6655435261
-0.00315455055144
14.6626065915
-0.00375849060545
14.6590863072
-0.00436263714253
14.6549861874
-0.00496702035377
14.6503109117
-0.00557181820275
14.645066023
-0.00617713054483
14.639261525
-0.00678650434016
14.6329104023
-0.00740191577893
14.6260071206
-0.0080036081216
14.6185385765
-0.00858323192392
14.6104896152
-0.00913875288623
14.6018426589
-0.00966813833831
14.5925752703
-0.0101664460376
14.5826734931
-0.0106418929059
14.5721512423
-0.0111222327078
14.5610243367
-0.0116085718672
14.5493101985
-0.0121014409261
14.5370276172
-0.0126011933118
14.5241992137
-0.0131105460297
14.5108525412
-0.0136331710981
14.497006723
-0.0141588355623
14.4826687427
-0.0146741599951
14.4678451044
-0.0151791439115
14.4525420991
-0.0156739038048
14.4367666055
-0.0161581706478
14.4205262042
-0.0166317420355
14.4038290046
-0.0170945671042
14.3866835487
-0.0175465766443
14.3690987643
-0.0179876761068
14.3510839435
-0.018417757046
14.3326487241
-0.0188366996128
14.3138030671
-0.0192443713264
14.2945572341
-0.0196406279115
14.274921768
-0.0200253165941
14.2549074765
-0.0203982801914
14.2345254215
-0.0207593607502
14.213786913
-0.0211084001766
14.1927035264
-0.0214452236648
14.1712872408
-0.021769517641
14.1495504431
-0.0220809735959
14.1275054325
-0.0223798231006
14.1051643007
-0.0226664434854
14.082539474
-0.0229406366825
14.0596438308
-0.0232020791092
14.0364905059
-0.0234506669649
14.0130928553
-0.0236863418409
13.9894644577
-0.0239090529215
13.9656191802
-0.0241186701773
13.9415693177
-0.0243173008315
-0.0241323619308
13.917672478
14.5858579139
14.5939444675
14.6014925691
14.6084950103
14.6149444691
14.6208346104
14.6261598523
14.6309151618
14.635095888
14.6386978508
14.6417172738
14.64415082
14.6459957029
14.6472500385
14.6479145024
14.6480148071
14.6474913218
14.6463615876
14.6446291468
14.6422946984
14.6393586405
14.635820393
14.6316794054
14.6269354332
14.6215881189
14.6156370075
14.6090780927
14.6019053889
14.5941326643
14.5857820332
14.5768776422
14.5674456709
14.557517239
14.5471152473
14.5362348406
14.5248700558
14.5130143976
14.5006610154
14.4878003398
14.4744191267
14.4605143604
14.4460964019
14.4311756165
14.4157622554
14.3998668357
14.3835000723
14.3666727286
14.3493956353
14.3316797154
14.3135359986
14.2949756326
14.2760098952
14.2566502068
14.2369081381
14.2167954151
14.1963239191
14.1755056872
14.154352928
14.1328781615
14.111094216
14.0890136835
14.0666487726
14.0440118893
14.0211157612
13.9979732151
13.9745971325
13.9510004411
13.9271961944
13.9031953454
13.8793771423
17.0477294562
-0.91045062353
16.8911586258
-0.955234616494
16.7211604562
-1.0058950631
16.5386441196
-1.05608004859
16.3447322478
-1.10552789308
16.1406756475
-1.15392684041
15.9277898521
-1.20096379086
15.707407681
-1.246332824
15.4808360588
-1.2897243705
15.249325721
-1.33082056663
15.014062326
-1.36929675535
14.7761740972
-1.4048201897
14.5367469982
-1.43704558242
14.2968414822
-1.46561035114
14.0575003179
-1.4901297727
13.8197618985
-1.51020624337
13.5848174451
-1.52546339478
13.3538651365
-1.53559816718
13.1283854763
-1.54037506822
12.9102223834
-1.53977705305
12.7015518248
-1.53386456923
12.5044356286
-1.52252902838
12.3205341691
-1.50556268561
12.1511489698
-1.48286522676
11.9973832824
-1.45449345664
11.8601900508
-1.42060080445
11.7403704401
-1.38143655438
11.6385630355
-1.33734796805
11.5552315874
-1.28876725882
11.4906520422
-1.23618978213
11.4449041238
-1.18015446886
11.4178692956
-1.12122971039
11.4092321334
-1.06000496393
11.4184811737
-0.997087637343
11.4449063705
-0.9331040965
11.4875910576
-0.868701804497
11.5454046106
-0.80455289394
11.616994249
-0.741353913073
11.7007160873
-0.67980214434
11.7946261596
-0.620639816652
11.8968599124
-0.564629427205
12.0052559467
-0.512458985203
12.1173199631
-0.46471087006
12.2306967094
-0.422048663142
12.3431098483
-0.384985914315
12.4522118964
-0.35370194711
12.5562186688
-0.328870573843
12.6533672521
-0.310432244083
12.7420959292
-0.298337190592
12.8211030503
-0.292485650443
12.8893055203
-0.292647714279
12.9457981627
-0.298466192508
12.9898241884
-0.309463421345
13.0207846979
-0.32506395406
13.0382653862
-0.344579238367
13.0420473944
-0.367163129976
13.0321266544
-0.391836063644
13.0087561146
-0.417467859082
12.9725386207
-0.442731366224
12.924405325
-0.46608300344
12.865847293
-0.48629981515
12.7984356742
-0.501755239988
12.7238355781
-0.511331418745
12.6435113383
-0.514127593735
12.5582824176
-0.509549073207
12.4679982345
-0.497309459186
12.3714106273
-0.477196447415
12.2658530757
-0.448740492858
12.1465323049
-0.41125991337
12.0072003671
-0.363880478799
11.8418936696
-0.301890405295
11.6489581476
-0.219065638915
11.4131443517
-0.105156607125
11.1175955803
0.0354839999624
10.7758672159
0.215545224109
10.4595924203
0.510728128982
10.2622107773
1.05104683721
10.2066906577
1.88595140959
10.2979278066
2.84222256892
4.65736188139
18.3352744777
-0.747338349916
18.1606308492
-0.780302567583
17.9745609003
-0.819526569899
17.7776247499
-0.858835410993
17.5704551187
-0.898040130749
17.3537928262
-0.936937097884
17.1284715692
-0.975306125909
16.8953722291
-1.01288851476
16.6554145358
-1.04941357663
16.4095609469
-1.08460620552
16.1588185587
-1.11818640988
15.9042449551
-1.14987195448
15.6469634643
-1.17938331689
15.3881866488
-1.20644716717
15.1292462978
-1.23079802402
14.8716148964
-1.25217899368
14.6168880524
-1.27033684777
14.3667104099
-1.28501761502
14.1227028462
-1.29596214234
13.8862643999
-1.30293151389
13.6585265605
-1.30571868374
13.4405718251
-1.30416623904
13.233563255
-1.29814646048
13.0386781498
-1.28757291187
12.8570276745
-1.27243668138
12.6896468982
-1.25281535746
12.537485561
-1.22887294076
12.4013599229
-1.20082324191
12.2819130118
-1.16892527728
12.1795887316
-1.13347531841
12.0946184181
-1.09479977235
12.0270170033
-1.05325067416
11.9765863452
-1.0092044576
11.9429227799
-0.963063059996
11.9254259442
-0.915256199666
11.92330776
-0.866243673894
11.9355991837
-0.816516694102
11.9611567732
-0.766597446481
11.9986904114
-0.717036563025
12.0467439499
-0.668410251167
12.103681298
-0.621301058832
12.167757979
-0.576288585543
12.2372296452
-0.53395530117
12.3102249827
-0.49483776986
12.3848440138
-0.459420815221
12.4596487249
-0.428345652133
12.5324917332
-0.401576636612
12.6017155747
-0.379544030068
12.6659123086
-0.362447456067
12.7237911569
-0.35030415466
12.7742092491
-0.343031936006
12.8162169308
-0.340466614789
12.8489568094
-0.342222558036
12.8718429791
-0.347995561095
12.8844192511
-0.357226536191
12.8864154298
-0.369255079205
12.8777710898
-0.38331114701
12.8585384951
-0.398377012652
12.8290082752
-0.413363674059
12.7899350338
-0.427191329852
12.7418675507
-0.438431035779
12.685837601
-0.445939094078
12.6228106364
-0.448531226625
12.5535716256
-0.445126133982
12.4785187926
-0.434742358434
12.3974240619
-0.416467216961
12.3093208164
-0.389349909481
12.212461469
-0.352139994642
12.1039333384
-0.30299079052
11.9796487748
-0.239853206136
11.8383903643
-0.160885806623
11.6767027557
-0.0576267082538
11.4910382152
0.0802659519726
11.2676710274
0.258617401678
11.0050653432
0.477926794053
10.7510995011
0.764481043126
10.6002433922
1.20170283771
10.6057059978
1.88030338584
10.7789393211
2.66882102275
4.32945663325
17.8755760601
-0.616538068312
17.7364395358
-0.640860181094
17.5883835845
-0.671154225678
17.4316376855
-0.7017626886
17.2665011659
-0.732566559226
17.0933253217
-0.76341419677
16.912518333
-0.794142332624
16.7245677526
-0.82457167459
16.5300427024
-0.854513138091
16.329590474
-0.883769820342
16.1239381128
-0.912141515639
15.9138923299
-0.939425685342
15.7003340336
-0.965417033834
15.4842112225
-0.98990934854
15.2665336559
-1.01269893497
15.0483691066
-1.0335869362
14.8308435102
-1.05237830895
14.6151408326
-1.06887713434
14.4024978288
-1.08287706815
14.1941653564
-1.09415333464
13.9913653835
-1.10247018704
13.7952722789
-1.10762300043
13.6070453693
-1.10946867005
13.4278336186
-1.10790979345
13.2587291762
-1.10288081427
13.1007257571
-1.0943609347
12.9546949006
-1.08239203024
12.8213705807
-1.06705058869
12.7013184527
-1.04842736311
12.5949248873
-1.02663937526
12.5023969186
-1.00183373081
12.4237693316
-0.974190251528
12.3589155162
-0.943924013128
12.3075596196
-0.911287747368
12.2692883048
-0.876573725808
12.2435610579
-0.840114604555
12.2297186334
-0.802282896652
12.2269897105
-0.763488741251
12.2344956141
-0.7241754384
12.251251709
-0.684813249591
12.2761802919
-0.645891659176
12.3081220134
-0.607908614989
12.3458279661
-0.571357011714
12.3879887251
-0.536712866904
12.4332487621
-0.504414858685
12.4800312644
-0.474882862574
12.5271673773
-0.448489123054
12.5732859722
-0.425461541832
12.6170445645
-0.40602828276
12.657225793
-0.390331585348
12.692731723
-0.37840854186
12.7225576267
-0.370188009815
12.746028417
-0.365613815335
12.762402983
-0.36431553369
12.7711263448
-0.365920001612
12.7717725672
-0.369895647505
12.7639978676
-0.375554368184
12.7477605019
-0.382180267457
12.7231815579
-0.388846977592
12.690442706
-0.394535098121
12.6500398203
-0.39812972697
12.6024556752
-0.398473930305
12.5482006408
-0.394410917403
12.4876986154
-0.384772839625
12.4211696041
-0.368374300053
12.3484990913
-0.343968081139
12.2690636557
-0.310094494049
12.1816294542
-0.264892719722
12.0853892073
-0.206942708138
11.9785983517
-0.133258171503
11.8580713992
-0.0405568502326
11.7246364786
0.0756094170915
11.5801769604
0.224527148569
11.4211218285
0.417475866285
11.2398871831
0.658967536563
11.0530478356
0.951130326451
10.9311888028
1.32337673502
10.9503245586
1.86098861416
11.1555891574
2.46338517901
3.8959277102
17.075154086
-0.517988694607
16.9708281417
-0.536210158003
16.8600179032
-0.560009009534
16.7427945763
-0.584193552667
16.6192772934
-0.608692790389
16.4896391801
-0.633409092723
16.3541097452
-0.658235605018
16.2129839629
-0.683058531985
16.0666267884
-0.70775880265
15.9154735084
-0.732209877375
15.7600235313
-0.756275704231
15.6008334276
-0.779810937981
15.4385110868
-0.802661632862
15.2737083169
-0.824665525051
15.1071105445
-0.845652567809
14.9394253954
-0.865446131798
14.7713741422
-0.883864847953
14.603690331
-0.900725097476
14.4371313774
-0.915844431047
14.2725024688
-0.929045873227
14.1106776251
-0.940162558845
13.9525826271
-0.949041853055
13.7991585105
-0.955555941667
13.6513162356
-0.959577300833
13.5099174915
-0.96099126114
13.3757236236
-0.959676109297
13.2493739197
-0.955551252711
13.131421861
-0.948607841566
13.022327186
-0.938843186641
12.9224553324
-0.926280060792
12.8320802038
-0.910974061695
12.7513875479
-0.893016881855
12.6804773894
-0.872537901905
12.6193647165
-0.849704845433
12.5679781438
-0.824723638858
12.5261567291
-0.797837409357
12.493645489
-0.769324654764
12.4700904338
-0.739496531584
12.4550344689
-0.708693254205
12.4479150154
-0.677279614573
12.4480638126
-0.645639423616
12.4547106382
-0.614168668622
12.4669932353
-0.583268202586
12.4839711751
-0.553335853981
12.5046501271
-0.524756372305
12.5279806292
-0.497894462477
12.5528716925
-0.473080790713
12.5782776027
-0.450588468509
12.6031564361
-0.430649370654
12.6264999503
-0.413439322624
12.647361524
-0.399056926415
12.6648724674
-0.387508843527
12.6781479232
-0.37872258995
12.686495838
-0.37252038917
12.6892981894
-0.36860294233
12.6860645915
-0.366566140338
12.67646408
-0.365881123882
12.6602390891
-0.365905218243
12.6372972529
-0.365877083219
12.6076865706
-0.364917521006
12.5715924628
-0.362048902419
12.5292999918
-0.356213804759
12.4811344811
-0.346295589809
12.4274026579
-0.331107728539
12.3683284058
-0.309381923442
12.3038773478
-0.279612666992
12.2336815671
-0.240006729745
12.1581750539
-0.189505225375
12.0762326236
-0.125128981131
11.9870821453
-0.04424483676
11.8901970556
0.0561838064811
11.78566818
0.179987613365
11.6765851883
0.333454139938
11.5667194028
0.527181134374
11.4542120069
0.771310582037
11.3381959608
1.06697876456
11.2516868009
1.40971552047
11.2613252606
1.85117748413
11.4407445252
2.28379175867
3.44879628666
16.5296978576
-0.441591893374
16.4493211701
-0.455491621202
16.3642446898
-0.474579478285
16.2744761588
-0.494060827928
16.1800611116
-0.5139025388
16.0810835592
-0.53404547304
15.9776667851
-0.554422075306
15.8699721072
-0.574956613841
15.7581952154
-0.595564419033
15.6425646015
-0.616151782387
15.5233423661
-0.636616290884
15.4008252715
-0.656847290226
15.2753456138
-0.676726398355
15.1472724221
-0.696128113961
15.017012926
-0.714920619919
14.8850137244
-0.732966684992
14.7517610778
-0.750124630623
14.6177796802
-0.766249299655
14.4836290533
-0.78119309907
14.3498968748
-0.794807237603
14.2171893737
-0.806943430701
14.0861200821
-0.817456374553
13.9572912444
-0.826207009504
13.8313033512
-0.833066280075
13.7087654941
-0.837928718227
13.5902960393
-0.840681466203
13.4764698459
-0.841199180015
13.3678065177
-0.839417961779
13.2648087479
-0.835318912033
13.1679434797
-0.828889143904
13.0776313717
-0.82013799742
12.9942375808
-0.809101687869
12.9180628958
-0.79584525244
12.8493351633
-0.780463497605
12.7882013149
-0.763081458982
12.7347203867
-0.743854392029
12.6888579033
-0.722967305469
12.6504819441
-0.700633931459
12.619361142
-0.67709505569
12.59516474
-0.652616094657
12.5774649326
-0.62748382154
12.5657418552
-0.602002169447
12.5593906795
-0.576487026953
12.5577303827
-0.551260019918
12.5600153067
-0.526641246269
12.5654458243
-0.502941417009
12.5731842044
-0.480453058707
12.5823831682
-0.459439689202
12.5921887007
-0.440126388691
12.6017500438
-0.422692169178
12.6102401743
-0.407259283576
12.6168785889
-0.393880816751
12.6209328246
-0.382532215481
12.6217348979
-0.373100061387
12.6187023793
-0.365370478468
12.611340622
-0.359027001134
12.5992577446
-0.353643390937
12.5821672091
-0.348682169814
12.5598949805
-0.343494356008
12.5323857776
-0.3373193653
12.499697106
-0.32929222477
12.4619802696
-0.318449192247
12.4194445416
-0.303731497464
12.3723075327
-0.283960867147
12.3207805782
-0.257862668943
12.2648354782
-0.223691825103
12.2052332286
-0.180444292351
12.1412759566
-0.125602332331
12.0731833758
-0.0571044017
12.0012753229
0.0275824686861
11.9258901821
0.131476237446
11.8476858509
0.258087941519
11.7691645641
0.411860664721
11.6961588249
0.600061733136
11.634402937
0.832931161538
11.5835429562
1.11769329641
11.54848127
1.44462145787
11.5621971373
1.83729527538
11.67312091
2.17269114001
3.08975466312
16.0840012969
-0.381573076865
16.0212416165
-0.39237428404
15.9550071285
-0.407975913293
15.8852534625
-0.42392672457
15.8119541653
-0.440211565902
15.7351045312
-0.456793059704
15.6547230427
-0.47362686358
15.5708529035
-0.490661993259
15.483564328
-0.507840816275
15.3929568826
-0.525099002972
15.2991613406
-0.542365374241
15.2023409676
-0.559561795377
15.102692325
-0.576603206965
15.0004455934
-0.593397754546
14.8958643538
-0.609847048064
14.7892448474
-0.625846543714
14.6809148453
-0.641286119093
14.5712323128
-0.656050837756
14.4605840257
-0.670021942572
14.3493841683
-0.683078075419
14.2380726564
-0.695096706257
14.127112604
-0.705955750953
14.0169863331
-0.715535380612
13.9081901622
-0.723720612371
13.8012201446
-0.730406360415
13.6966109882
-0.735518627978
13.5948882397
-0.738921647776
13.496523071
-0.740496663802
13.4019782481
-0.740217037833
13.3116938835
-0.73804753197
13.2260743783
-0.733961822865
13.1454799525
-0.727951971228
13.0702198023
-0.720032015007
13.0005461507
-0.710239811162
12.9366491131
-0.698638310916
12.8786523904
-0.685316377192
12.8266097865
-0.670389142564
12.7805025496
-0.653997803329
12.7402375633
-0.636308798127
12.7056464559
-0.617512303969
12.6764857376
-0.597819988056
12.6524381048
-0.577461978818
12.6331150921
-0.556683007451
12.6180612733
-0.535737738673
12.6067602008
-0.514885242053
12.5986418398
-0.494382627951
12.593091624
-0.474477870136
12.5894621548
-0.455401624358
12.5870857075
-0.437358605518
12.5852857756
-0.420518994835
12.5833889864
-0.405008119022
12.5807388761
-0.390895902007
12.5767083385
-0.378187066901
12.5707128991
-0.3668107362
12.5622257733
-0.356610623841
12.5507875886
-0.347337568352
12.5360171654
-0.338643410542
12.5176194752
-0.330076706312
12.4953914036
-0.321080270305
12.4692265243
-0.310990090632
12.4391131871
-0.299035860491
12.4051254247
-0.284339419607
12.3674064491
-0.26591108799
12.3261538124
-0.242626859301
12.2815739064
-0.213220885694
12.2341514464
-0.176226379148
12.1838350762
-0.130103214123
12.131128141
-0.0728883680543
12.07647551
-0.00246186237778
12.0205749033
0.0834563527627
11.9644851219
0.187523058434
11.9096322103
0.312881922409
11.8582036863
0.463214399599
11.8148562476
0.643318448759
11.7874639103
0.860216544741
11.7823969777
1.12263648641
11.7991143814
1.42776266088
11.8439798199
1.79226959185
11.9213981704
2.09509241052
2.81817642001
15.72748788
-0.331073949465
15.6750498012
-0.339566125582
15.619952774
-0.352497264292
15.56215413
-0.365734980421
15.5016232576
-0.379276228785
15.4383423059
-0.393096404067
15.3723081981
-0.407165960567
15.3035345114
-0.421450591749
15.2320528669
-0.435910732823
15.1579140766
-0.450501269576
15.0811893128
-0.465171407269
15.0019712962
-0.479864584371
14.9203754003
-0.494518418331
14.8365406205
-0.509064701581
14.7506303931
-0.523429509116
14.6628332276
-0.537533394822
14.5733630837
-0.55129171027
14.4824594064
-0.564615028643
14.3903867285
-0.577409703831
14.2974337484
-0.58957856654
14.203911827
-0.601021772077
14.1101528983
-0.611637832161
14.0165068133
-0.621324858351
13.9233378255
-0.629982314764
13.8310193151
-0.637514521375
13.7399239551
-0.643847377872
13.6504449944
-0.648865211166
13.5629779097
-0.652450268274
13.4778937387
-0.654551694924
13.3955539849
-0.655125390381
13.3163040224
-0.654128975576
13.2404671978
-0.651532505636
13.1683392316
-0.647322413638
13.1001826999
-0.64150343361
13.036221584
-0.634099942985
12.9766359708
-0.625156931782
12.9215570415
-0.614740647071
12.8710625212
-0.602938848775
12.8251727883
-0.589860647676
12.7838478526
-0.575635869242
12.7469854057
-0.560413877775
12.7144201333
-0.544361808808
12.6859244385
-0.52766212083
12.6612106433
-0.51050940389
12.6399346847
-0.493106344598
12.6217012543
-0.475658805157
12.6060702466
-0.45836995328
12.5925645415
-0.44143341554
12.5806786613
-0.42502552655
12.5698875777
-0.409296887054
12.5596567632
-0.394363286268
12.5494531843
-0.380296095196
12.5387562618
-0.367112435449
12.5270695326
-0.354765481702
12.5139330018
-0.343135343397
12.4989349078
-0.332021013252
12.4817228477
-0.321133605382
12.4620137529
-0.310090920479
12.4396022064
-0.298413333389
12.4143665914
-0.285520540915
12.3862712584
-0.270728115421
12.3553650154
-0.253242271956
12.3217709258
-0.232147512382
12.2856926068
-0.206400323198
12.2473721441
-0.17477327915
12.2073874161
-0.136135357508
12.1659184788
-0.0885486036872
12.1235452111
-0.0304498356101
12.0810784828
0.0400498902131
12.0395216763
0.125038037706
12.0002555294
0.226793927141
11.9651839135
0.347937952695
11.9368108347
0.491551255438
11.9188397391
0.661232132662
11.9175770774
0.861399782293
11.9417458727
1.09836509736
11.9958550946
1.37352610785
12.0836887871
1.70428175445
12.1822029123
1.99639482001
2.59121864773
15.4230735886
-0.288556122905
15.3792004132
-0.295314978899
15.3332585063
-0.306165826939
15.2852009554
-0.317276403924
15.2349876358
-0.328650491695
15.1825872922
-0.340272364154
15.1279783671
-0.352122194146
15.0711498515
-0.36417624489
15.0121025534
-0.376406790227
14.9508505022
-0.388781959308
14.8874222697
-0.401265521299
14.8218621794
-0.413816688596
14.7542314348
-0.426389980361
14.6846091597
-0.438935131287
14.6130933101
-0.451397070235
14.5398014201
-0.463715951028
14.4648711535
-0.475827276397
14.3884606405
-0.487662107313
14.3107485772
-0.499147384992
14.2319340659
-0.510206367072
14.1522361672
-0.520759188732
14.0718931304
-0.530723571216
13.991161238
-0.54001568083
13.9103130172
-0.548551249711
13.8296339528
-0.556247629814
13.7494087799
-0.563030730065
13.6699489118
-0.568811539246
13.5915814135
-0.573486437441
13.5146167577
-0.57698792699
13.4393634416
-0.579270753209
13.3661230052
-0.580285659518
13.2951850719
-0.579990805251
13.2268223658
-0.578355744495
13.161285759
-0.575363379824
13.0987994226
-0.571011408997
13.0395561825
-0.5653134978
12.9837131777
-0.558300227787
12.9313879227
-0.550019755164
12.8826548666
-0.540538145934
12.8375425419
-0.529939328833
12.7960313936
-0.518324599474
12.758052378
-0.50581162214
12.7234864218
-0.492532841557
12.6921648315
-0.478633241138
12.6638707439
-0.46426734821
12.6383416917
-0.449595428291
12.6152733377
-0.434778782315
12.5943244258
-0.419974116618
12.5751229252
-0.405326984051
12.557273199
-0.390964366993
12.5403640767
-0.376986501334
12.5239777463
-0.363458091098
12.5076994014
-0.350399230008
12.4911275429
-0.337776359937
12.4738847291
-0.325493600316
12.4556284005
-0.313384772513
12.4360614519
-0.301206385252
12.4149422644
-0.28863166199
12.3920937767
-0.275245468232
12.3674111358
-0.260539641511
12.3408673849
-0.243907583744
12.3125174619
-0.224637342076
12.2825015494
-0.20189860647
12.251050125
-0.174738112523
12.2184926507
-0.142027384848
12.1851365568
-0.102613351608
12.1516582978
-0.0549270840312
12.1187219578
0.00260694564812
12.0872324387
0.0716368119642
12.0583837304
0.153960808155
12.0337184925
0.251509467827
12.0152731909
0.36640922089
12.0057132036
0.501112093366
12.0084792533
0.658440780934
12.0283750741
0.841451149944
12.0726921918
1.05396590518
12.1487798496
1.29732487175
12.266462551
1.58645116565
12.4058071281
1.85686496931
2.36070065617
15.168221293
-0.251379124043
15.1300745413
-0.256787653621
15.0902584421
-0.26595768335
15.0487342138
-0.275348719154
15.0054675336
-0.284969029062
14.9604289014
-0.294807718685
14.9135948269
-0.304850988698
14.8649490086
-0.315082310556
14.814483286
-0.325482118491
14.7621985091
-0.336027571188
14.7081054557
-0.346692385346
14.6522257908
-0.357446679875
14.5945930108
-0.368256824705
14.535253343
-0.379085304688
14.4742665843
-0.389890637761
14.4117068663
-0.400627331116
14.3476633175
-0.41124590386
14.2822405973
-0.421692966055
14.2155592644
-0.431911377071
14.1477559492
-0.441840484308
14.0789832921
-0.451416450904
14.0094096069
-0.460572688607
13.9392180574
-0.469240229963
13.8686064083
-0.477349423942
13.7977850563
-0.484830312201
13.7269785842
-0.491623709678
13.6564233048
-0.497652375737
13.5863590389
-0.502814792568
13.517028628
-0.507046399706
13.4486791023
-0.510306879752
13.3815567799
-0.512546330936
13.3159036773
-0.513718632023
13.2519539657
-0.513785513076
13.1899302716
-0.512718353818
13.130039849
-0.510499501824
13.0724707012
-0.507123394645
13.0173877333
-0.502597538418
12.9649290301
-0.496943292616
12.9152023665
-0.49019643623
12.8682820597
-0.482407464096
12.8242062816
-0.473641549422
12.7829749407
-0.463978116016
12.7445482429
-0.453509927921
12.7088460246
-0.442341619902
12.6757479383
-0.430587554797
12.6450945517
-0.418368930421
12.616689404
-0.405810033799
12.5903020484
-0.393033596802
12.5656720965
-0.38015523802
12.5425142555
-0.36727703893
12.5205243673
-0.354480368422
12.4993864775
-0.341818127011
12.4787808863
-0.329306650502
12.4583930578
-0.316917525778
12.437923233
-0.304569624262
12.4170965196
-0.292121603656
12.3956731653
-0.279365076768
12.3734586894
-0.266018498226
12.3503135237
-0.251721602409
12.3261618516
-0.236029932806
12.3009994479
-0.218408436922
12.2749006197
-0.198223650874
12.2480255823
-0.174731134116
12.2206251891
-0.147068229044
12.1930687592
-0.114224905781
12.1657507318
-0.0750732064905
12.1393578848
-0.0283365533776
12.1147062954
0.0274312478836
12.0927976466
0.0936926040912
12.0749128066
0.171966529582
12.0626668977
0.263849171802
12.0580999487
0.371041877566
12.0638208613
0.495427570891
12.0831263881
0.639140804873
12.1201527977
0.804397563881
12.1803796783
0.993676777504
12.2705277118
1.2070766185
12.4013294077
1.45550773258
12.5674258286
1.69058137554
2.10951183438
14.9452598329
-0.218748871071
14.9119458398
-0.223096072514
14.8772603513
-0.230883323782
14.8411678366
-0.238856096071
14.8036352225
-0.247025131103
14.7646331848
-0.255383290737
14.7241365866
-0.26392097898
14.682124926
-0.27262631923
14.6385830394
-0.281485100823
14.5935019121
-0.290480648164
14.5468794775
-0.299593643185
14.4987213966
-0.308801949475
14.449041839
-0.318080462386
14.3978642661
-0.327400975536
14.345222196
-0.33673208025
14.291159929
-0.346039082801
14.2357332146
-0.355283967858
14.1790098408
-0.364425400761
14.1210701262
-0.373418787356
14.0620072898
-0.382216391536
14.0019276763
-0.390767517971
13.9409508159
-0.399018779224
13.8792094798
-0.406914463712
13.8168487122
-0.414397207098
13.754026633
-0.421410171342
13.6909147015
-0.42790814643
13.6276953089
-0.433824872405
13.5645557583
-0.43906251637
13.5016890366
-0.443562136264
13.4392948847
-0.447290823256
13.3775761676
-0.450201847461
13.3167360049
-0.452249361253
13.2569749276
-0.453392527116
13.1984879203
-0.453597200693
13.1414613332
-0.452837118699
13.0860697083
-0.451094935027
13.0324725853
-0.448363178727
12.9808113588
-0.444645090382
12.9312062586
-0.439955311027
12.8837535273
-0.434320376211
12.8385228761
-0.427778955551
12.7955552966
-0.420381782466
12.7548613157
-0.412191184821
12.7164197751
-0.403280140912
12.6801772252
-0.39373075019
12.6460480187
-0.3836320404
12.6139151924
-0.373077007989
12.5836322133
-0.362158839006
12.5550256594
-0.350966284088
12.5278988812
-0.339578215626
12.5020366681
-0.328057455741
12.4772109161
-0.316444021779
12.4531872658
-0.304747999941
12.4297326478
-0.292942267885
12.4066236287
-0.280955328134
12.3836553966
-0.26866445043
12.3606511819
-0.255889275222
12.3374718757
-0.242385898652
12.3140255914
-0.227841254302
12.2902769686
-0.211867386842
12.2662560727
-0.193994643207
12.2420673034
-0.173663868629
12.2178981624
-0.150213702494
12.1940295171
-0.122874837116
12.1708482104
-0.0907432117258
12.1488590492
-0.0528088391768
12.1287286676
-0.00795699244895
12.111325525
0.0450566515988
12.0977107163
0.10750179098
12.0891904504
0.180652218669
12.0873731062
0.265801763894
12.094231747
0.364286892219
12.1122108441
0.47751886363
12.1443538267
0.607032947222
12.1944003035
0.75434853712
12.2669195227
0.921114410335
12.3671646335
1.10674420964
12.5037042895
1.31883234365
12.6772812875
1.51681542568
1.85505666629
14.7535471325
-0.189479016184
14.7237877254
-0.192967471453
14.6928657117
-0.199581106589
14.6607515157
-0.206350712938
14.6274171015
-0.213288576435
14.5928363654
-0.220389496026
14.556985812
-0.227646497647
14.5198452269
-0.235050999345
14.4813982177
-0.242592626975
14.4416327239
-0.250259051217
14.4005415776
-0.258035861084
14.3581231123
-0.265906436179
14.3143817886
-0.273851813708
14.2693288215
-0.281850556083
14.2229828009
-0.28987864436
14.1753703017
-0.297909384157
14.1265264685
-0.305913344561
14.0764955626
-0.31385832193
14.0253314533
-0.321709344624
13.9730980381
-0.32942871902
13.919869574
-0.336976123687
13.8657309014
-0.344308768763
13.8107775468
-0.35138164255
13.7551157075
-0.358148063313
13.6988622622
-0.364561904146
13.6421454048
-0.370589804484
13.5851032893
-0.376175518357
13.5278803187
-0.381226440566
13.4706272601
-0.385689953357
13.4135020348
-0.389540851903
13.3566674418
-0.392737316146
13.3002892446
-0.395236480573
13.2445341801
-0.396998502789
13.1895677877
-0.397988064381
13.1355520772
-0.398175398253
13.0826430734
-0.397537200032
13.0309882679
-0.396057494318
12.9807240263
-0.393728425343
12.9319730053
-0.390550956771
12.8848416436
-0.386535438781
12.8394177919
-0.381701987353
12.7957685541
-0.376080624206
12.7539384152
-0.369711094395
12.7139477351
-0.362642288336
12.675791694
-0.354931162871
12.6394397734
-0.34664108432
12.604835864
-0.33783949506
12.5718990902
-0.328594850574
12.540525439
-0.31897279849
12.5105902733
-0.30903161914
12.481951793
-0.298817001178
12.4544554868
-0.288356276901
12.4279395815
-0.277652293132
12.4022414545
-0.266677095998
12.3772049236
-0.255365642305
12.3526882886
-0.243609692495
12.32857296
-0.231252001964
12.3047724901
-0.218080808111
12.2812418242
-0.203824433399
12.2579866308
-0.188145638453
12.2350727688
-0.170634951819
12.2126359495
-0.150803062605
12.1908930853
-0.128069804563
12.1701529958
-0.101757776051
12.1508358288
-0.0710742513347
12.1334802692
-0.0351277991863
12.1187846129
0.00703666048116
12.1076282662
0.0564822830633
12.1010843143
0.114285001629
12.1004505187
0.181493811623
12.1072874894
0.259139528389
12.1234646095
0.348249626288
12.1512298979
0.449856446661
12.1933082992
0.565017972059
12.2529950074
0.694682892162
12.334309317
0.839775315099
12.4415072508
0.999471456787
12.582617736
1.17759200231
12.7533410765
1.34590158064
1.61497956926
14.5843371963
-0.163057749487
14.5575716501
-0.165845880587
14.5298036994
-0.171446450658
14.5010068547
-0.177176504103
14.4711553092
-0.183048996598
14.4402250106
-0.189060482908
14.4081938449
-0.195205938703
14.375041858
-0.201478953767
14.340751659
-0.207871729812
14.3053089021
-0.21437499444
14.2687027656
-0.220977873572
14.2309264294
-0.227667760482
14.1919775668
-0.23443019797
14.151858856
-0.241248765983
14.1105785023
-0.248104985
14.0681507609
-0.254978222956
14.024596451
-0.261845625419
13.9799434528
-0.268682062573
13.9342271766
-0.275460105694
13.8874909913
-0.282150032599
13.839786598
-0.288719867676
13.7911743354
-0.295135471749
13.7417234039
-0.30136070794
13.6915120001
-0.307357901071
13.6406273065
-0.313089925527
13.5891663071
-0.318533648191
13.5372346839
-0.323641578138
13.4849449361
-0.328327125899
13.4324169436
-0.332545041535
13.3797771714
-0.336277146384
13.3271575802
-0.339487134371
13.2746944799
-0.342136507183
13.2225271153
-0.344188380429
13.1707960643
-0.34560879537
13.1196414889
-0.346367597425
13.0692012496
-0.346439211378
13.0196089069
-0.345803394357
12.970991647
-0.344445951054
12.9234681695
-0.342359395166
12.8771465781
-0.339543520144
12.8321223271
-0.336005832945
12.7884762767
-0.331761803983
12.7462729216
-0.32683485718
12.7055588611
-0.321256033155
12.6663615894
-0.315063230348
12.628688692
-0.308299954045
12.5925275443
-0.301013483983
12.5578456093
-0.293252410911
12.5245914338
-0.285063512897
12.4926964325
-0.276487983493
12.4620775349
-0.267557069513
12.4326407468
-0.258287220352
12.4042856476
-0.248674894011
12.3769108116
-0.238691165329
12.3504201036
-0.228276311049
12.3247297645
-0.217334493107
12.2997761741
-0.205728626035
12.2755241529
-0.193275404149
12.2519756841
-0.179740324485
12.2291789247
-0.164832329879
12.2072377351
-0.148197658599
12.1863211891
-0.129412218991
12.1666765118
-0.107974003434
12.1486389076
-0.0832936009207
12.1326656517
-0.054700375183
12.1193051359
-0.0213940424381
12.1092673787
0.0174188040735
12.1034299151
0.062633734101
12.1028545156
0.11514234711
12.1087989256
0.175797527842
12.1227426821
0.245408117902
12.1464226108
0.324744063422
12.1818788836
0.414534049419
12.2315169001
0.515470435403
12.2981750947
0.628068377368
12.3852261247
0.752717138053
12.4962448682
0.888389947835
12.6371274012
1.03658539558
12.8055650778
1.17727213632
1.3833226864
14.438008804
-0.13881064442
14.4135179091
-0.141015652695
14.3881415705
-0.145720705813
14.3618579435
-0.150533270129
14.3346446731
-0.155465739651
14.3064797643
-0.160515139456
14.2773424036
-0.165677650007
14.2472134967
-0.170948590346
14.2160759903
-0.176322211408
14.1839151426
-0.181791560103
14.1507188373
-0.187348396734
14.1164779466
-0.192983112032
14.0811867187
-0.198684634015
14.044843179
-0.204440329543
14.0074495433
-0.210235919314
13.9690126423
-0.21605539603
13.9295443494
-0.221880958896
13.8890620063
-0.227692957394
13.8475888357
-0.233469855192
13.8051543317
-0.239188213985
13.7617946199
-0.244822701824
13.7175527721
-0.250346138834
13.6724790657
-0.255729606408
13.6266311777
-0.2609428382
13.5800744171
-0.265956343509
13.532881082
-0.270754294898
13.4851393661
-0.275305155537
13.4369242334
-0.279508527834
13.3883376715
-0.283346199937
13.3394802549
-0.286798913293
13.2904585932
-0.289836403467
13.2413842998
-0.29242519526
13.1923729778
-0.294532420672
13.1435431525
-0.296127072932
13.0950150357
-0.297180716969
13.0469091367
-0.297668110421
12.9993447504
-0.297567833912
12.9524383462
-0.296862907266
12.9063018822
-0.295541376085
12.8610410758
-0.293596838931
12.8167536672
-0.291028874201
12.7735277198
-0.287843326023
12.7314400083
-0.284052383073
12.6905545574
-0.27967439053
12.6509214005
-0.274733312552
12.6125756448
-0.269257785484
12.5755369332
-0.263279683855
12.5398094052
-0.256832153437
12.505382252
-0.249947082926
12.472230963
-0.242652021506
12.440319344
-0.234966589019
12.4096023738
-0.226898461511
12.3800299331
-0.218439050263
12.351551415
-0.20955898992
12.324121187
-0.200203575206
12.2977048475
-0.190288237998
12.2722861937
-0.179694126256
12.2478748083
-0.16826374943
12.2245141885
-0.155796544502
12.2022903846
-0.142044028753
12.181341296
-0.126704308735
12.1618667511
-0.109415239399
12.1441403737
-0.0897486270153
12.1285214472
-0.0672007424303
12.1154670532
-0.0411987766341
12.1055676805
-0.0110758932285
12.0995320098
0.0238430656736
12.0982176634
0.0643046488684
12.1026570255
0.111025584385
12.1140533254
0.1646877625
12.1337946615
0.225914957007
12.1634769796
0.29526900601
12.2049303267
0.373244156369
12.2602548418
0.460262245504
12.3318564209
0.556532130023
12.4224866223
0.662096734352
12.5351039524
0.7757215123
12.673885548
0.897685453075
12.8375171078
1.01344788385
1.16750691795
14.3090362286
-0.116368043603
14.2864107747
-0.118070951054
14.2630075901
-0.121988332317
14.2388146162
-0.126000834351
14.2137930662
-0.13009448471
14.1879137834
-0.134275960359
14.1611568743
-0.138550572834
14.1335047422
-0.142915922081
14.1049412349
-0.147367705234
14.0754517985
-0.151900572972
14.0450237709
-0.156508183886
14.0136466884
-0.161183133183
13.9813126064
-0.165916875318
13.9480164434
-0.170699648115
13.9137563413
-0.175520403475
13.8785340338
-0.18036673466
13.8423552185
-0.185224814249
13.8052299301
-0.190079338988
13.7671729105
-0.19491349018
13.7282039692
-0.199708908403
13.6883483274
-0.204445685815
13.6476369384
-0.209102387021
13.6061067733
-0.213656124152
13.5638010551
-0.218082892067
13.5207693754
-0.222359559866
13.4770670815
-0.226476267581
13.4327493025
-0.230401319741
13.3879002528
-0.234063041718
13.3425897663
-0.237428883369
13.2969000241
-0.240492163131
13.2509184411
-0.243227847912
13.2047375751
-0.24560762752
13.1584545906
-0.247603271503
13.112170465
-0.249187620483
13.0659890808
-0.250335182839
13.0200162134
-0.251022650174
12.9743583954
-0.251229405328
12.9291216757
-0.250938032028
12.8844102943
-0.250134817936
12.8403252956
-0.248810219646
12.7969631041
-0.246959252993
12.7544140941
-0.244581771861
12.7127611896
-0.241682577594
12.6720785479
-0.23827131281
12.632430398
-0.234362080025
12.5938701227
-0.229972737016
12.5564396711
-0.22512379398
12.5201693903
-0.219836864705
12.4850783645
-0.214132645113
12.4511753515
-0.208028427033
12.4184603984
-0.201535188065
12.3869272078
-0.194654325356
12.3565662968
-0.187374127634
12.3273689684
-0.179666075037
12.2993320838
-0.171481075744
12.2724635988
-0.162745706945
12.2467888088
-0.153358501896
12.222357241
-0.143186242748
12.1992501477
-0.132060127776
12.1775886112
-0.119771535673
12.1575423091
-0.106067197274
12.1393391971
-0.0906432724179
12.1232756445
-0.0731400079805
12.1097291293
-0.0531348140007
12.0991650662
-0.0301428553753
12.0922271655
-0.00367563913249
12.0895683763
0.0269326891945
12.0920396668
0.0622305706761
12.1006372286
0.102789390662
12.1165024629
0.149145668161
12.1409286252
0.201771108718
12.1753697592
0.261066481001
12.2214537311
0.32735184656
12.281000258
0.400856727051
12.356021938
0.481596511484
12.4487370894
0.569407673603
12.5614009602
0.663017845951
12.6967095237
0.762264257699
12.854232838
0.855731333497
0.970005399598
14.1986756542
-0.0952875233346
14.1774813131
-0.0965772649854
14.1555584411
-0.0997565634009
14.1328896164
-0.103013351474
14.1094564455
-0.106332804139
14.0852405546
-0.109721589778
14.060224118
-0.113185533524
14.0343902477
-0.116723167659
14.0077232057
-0.120331340194
13.9802085707
-0.124006020169
13.951833437
-0.127742383682
13.9225866485
-0.131534776875
13.8924590541
-0.135376662592
13.8614437879
-0.139260568321
13.829536564
-0.143178033173
13.7967359806
-0.147119542202
13.763043828
-0.151074468104
13.7284654026
-0.155031022547
13.6930098259
-0.158976220994
13.6566903613
-0.162895856638
13.6195247242
-0.166774485652
13.5815353777
-0.170595433267
13.5427498036
-0.17434084367
13.5032007216
-0.177991958945
13.4629261263
-0.18153090551
13.4219683711
-0.184952296202
13.3803756999
-0.18823038684
13.3382059131
-0.191302899227
13.2955222152
-0.194142756793
13.2523919044
-0.196747507805
13.2088874467
-0.199097277297
13.1650863888
-0.201168861739
13.1210710696
-0.202938857992
13.0769281478
-0.204384465518
13.0327479798
-0.20548393495
12.9886238981
-0.206216982819
12.9446513833
-0.206565193658
12.9009271189
-0.206512410374
12.857547952
-0.206045143688
12.8146098013
-0.205152984706
12.7722065329
-0.203828965102
12.7304287839
-0.202069780395
12.6893627192
-0.199875831603
12.6490888148
-0.197251144826
12.6096807962
-0.194203147857
12.5712048176
-0.190742205083
12.5337189219
-0.186880796042
12.4972728347
-0.182632297736
12.461908167
-0.178009372642
12.427659124
-0.173021986953
12.3945538118
-0.167675097596
12.3626162177
-0.161966059145
12.3318689151
-0.155881819703
12.30233652
-0.149395970808
12.2740498956
-0.142465733158
12.2470510874
-0.135028925634
12.2213989488
-0.127000944098
12.197175424
-0.118271710476
12.1744924718
-0.108702481176
12.1534996806
-0.0981223037802
12.1343926869
-0.0863239923223
12.1174227083
-0.0730593209281
12.1029072553
-0.0580348621831
12.0912424968
-0.0409067205341
12.0829185572
-0.0212840582942
12.0784884162
0.00125870853466
12.0786932085
0.0271992091752
12.0843515901
0.057008268659
12.096411505
0.0911278564653
12.1159515088
0.129963708173
12.1441716858
0.173865772774
12.1823936082
0.223113031525
12.2320637329
0.277900272689
12.2947548881
0.338330147713
12.3721427246
0.404314591317
12.4660054984
0.475586683821
12.5779933163
0.551001248132
12.7100693587
0.630081339538
12.8614090933
0.704198241243
0.78876207241
14.1019914499
-0.0753526380878
14.0820011695
-0.0763064115235
14.0613167677
-0.0787823958222
14.0399131835
-0.0813108060553
14.0177899991
-0.0839011946651
13.9949389712
-0.0865523394476
13.9713444326
-0.0892627368747
13.9469901998
-0.092030414534
13.9218607939
-0.0948529264399
13.8959418203
-0.0977273247184
13.8692201878
-0.100650086547
13.8416842919
-0.10361704277
13.8133242097
-0.106623337508
13.7841319195
-0.109663401932
13.7541015396
-0.112730920612
13.7232295835
-0.115818779652
13.691515225
-0.118919018771
13.6589605733
-0.122022792228
13.6255709533
-0.125120340354
13.5913551902
-0.128200966712
13.5563258912
-0.131253022136
13.5204997217
-0.134263903361
13.4838976621
-0.137220084287
13.446545215
-0.140107339292
13.408472365
-0.142912251362
13.3697121326
-0.145632496305
13.3303063821
-0.148251235339
13.2902974289
-0.150706662678
13.2497420278
-0.152986237671
13.2086967191
-0.155087354574
13.1672231683
-0.156995259057
13.1253880349
-0.158691759357
13.0832626886
-0.160158188377
13.0409228796
-0.161376179221
12.9984483612
-0.162328042945
12.9559225392
-0.162997203967
12.9134319883
-0.163368475017
12.8710657134
-0.163428192732
12.8289142487
-0.163164470641
12.7870687475
-0.162567605517
12.7456201462
-0.161630494559
12.7046581275
-0.160348652552
12.6642697663
-0.158719944921
12.6245383727
-0.15674471162
12.5855427738
-0.154425985418
12.5473568438
-0.151769268604
12.5100491329
-0.148781808845
12.4736826584
-0.145471541231
12.438315004
-0.141845785803
12.4039988717
-0.137909716481
12.3707831887
-0.133664603014
12.3387148388
-0.129105841469
12.3078410618
-0.124220816986
12.2782125419
-0.11898664254
12.2498871884
-0.113367835672
12.222934595
-0.107313965884
12.197441154
-0.100757287818
12.1735158068
-0.0936103269871
12.1512964334
-0.0857633264465
12.1309569312
-0.0770813945136
12.1127150637
-0.0674012499723
12.0968415164
-0.0565276249829
12.0836701153
-0.0442302682977
12.0736119722
-0.0302426083703
12.0671609465
-0.0142565994516
12.0648905494
0.00407363467362
12.0674957937
0.0251041479001
12.0757785172
0.0491988417556
12.0906552319
0.0766848778889
12.1131528186
0.10785744314
12.1443877046
0.14297670055
12.1855654763
0.182232156511
12.2379787846
0.225731122664
12.3029932859
0.273502713142
12.3820117158
0.325421104916
12.4764530175
0.381202320288
12.5875209386
0.439915340285
12.7165276183
0.500973649584
12.8623858682
0.558146973166
0.619913173425
14.0219280229
-0.0560481948317
14.0025884646
-0.0567032708928
13.982608709
-0.0585298722913
13.9619735231
-0.0603935386239
13.9406669123
-0.0623030514418
13.9186732726
-0.0642574482181
13.8959772827
-0.0662554835899
13.8725641594
-0.0682957158415
13.8484198014
-0.0703763774438
13.82353089
-0.0724952997727
13.7978850479
-0.0746498981921
13.7714710532
-0.076837155871
13.7442790586
-0.0790535904109
13.7163007971
-0.0812952142573
13.6875297871
-0.0835575011898
13.6579615587
-0.0858353531056
13.627593897
-0.0881230702177
13.596427095
-0.0904143220226
13.5644642116
-0.0927021235473
13.531711332
-0.0949788163184
13.4981778322
-0.0972360549005
13.46387664
-0.0994648033324
13.4288244851
-0.101655353885
13.3930420912
-0.103797486694
13.3565540745
-0.10588164629
13.3193869736
-0.107907384245
13.2815690987
-0.10985969395
13.2431481842
-0.111696363881
13.2041685221
-0.113401516043
13.1646789745
-0.114977100188
13.1247338299
-0.116413988319
13.0843929364
-0.117699400425
13.0437200939
-0.118818483266
13.0027821151
-0.119756157204
12.9616495638
-0.120498550269
12.9203968387
-0.121032952898
12.8791025356
-0.121348378458
12.8378497266
-0.121435687906
12.7967253343
-0.121287016771
12.7558191059
-0.120895682589
12.7152216652
-0.120255516993
12.6750218226
-0.11936020335
12.6353052617
-0.118204540916
12.5961549494
-0.116786273821
12.557651877
-0.115106576104
12.5198749315
-0.113168949709
12.4829002211
-0.110977963546
12.4468005061
-0.108538303783
12.4116450556
-0.105853898521
12.3775000455
-0.102926926111
12.344429538
-0.0997566372851
12.3124970537
-0.0963379783482
12.2817677719
-0.0926600799265
12.2523113725
-0.0887046377833
12.2242055209
-0.0844442310222
12.19753998
-0.0798405966773
12.1724213343
-0.074842873923
12.1489783273
-0.0693858037304
12.1273678495
-0.0633878260483
12.1077816621
-0.0567489634527
12.0904538425
-0.0493482901092
12.0756686276
-0.0410407332592
12.0637672365
-0.0316530591057
12.0551537291
-0.020981574021
12.05034304
-0.00882915072364
12.0499321265
0.00506800841778
12.0546017264
0.020982103665
12.065119103
0.0391904105264
12.0823611808
0.0599102929477
12.1073088157
0.0833328211733
12.1410050029
0.109655771009
12.1845625193
0.138998537152
12.2391518515
0.17141028967
12.3059757055
0.206887360546
12.3862298745
0.245310115712
12.4810632503
0.286440559961
12.5913709966
0.329600268448
12.7179330382
0.374316670649
12.8596699529
0.416217886524
0.459293627893
13.9526505835
-0.0372973751305
13.9338975193
-0.0376981895425
13.9145304561
-0.0389019280006
13.8945356434
-0.0401287071591
13.8738969462
-0.0413848649735
13.8525989955
-0.0426701910807
13.8306270718
-0.0439840803277
13.8079669345
-0.0453255613219
13.7846049072
-0.0466934230861
13.7605280734
-0.048086249319
13.7357244464
-0.0495023796662
13.7101831144
-0.0509398670867
13.6838943934
-0.0523964540543
13.6568500029
-0.053869555399
13.629043256
-0.0553562405622
13.6004692631
-0.0568532120218
13.5711251455
-0.0583567860259
13.5410102597
-0.0598628747565
13.5101264314
-0.0613669720848
13.4784781964
-0.0628641422531
13.4460730481
-0.0643490125349
13.4129216872
-0.0658157726204
13.3790382689
-0.0672581890044
13.3444405951
-0.0686697042402
13.3091499755
-0.0700442384667
13.2731897028
-0.0713832270913
13.2365857228
-0.0726743896252
13.1993778479
-0.0738896929554
13.1616088624
-0.0750163650892
13.1233159373
-0.0760504802631
13.0845476205
-0.0769944260826
13.0453738853
-0.0778568955756
13.0058543875
-0.0786128323671
12.9660431087
-0.0792417488144
12.9260042845
-0.0797399232762
12.8858023563
-0.080094959642
12.8455009833
-0.0802946387726
12.8051729518
-0.0803390234819
12.7649080552
-0.0802381574579
12.7248130067
-0.0800024997265
12.6849901356
-0.0796212423001
12.6455191307
-0.0790651165086
12.6064713599
-0.0783207452891
12.5679236038
-0.0773916518252
12.5299583303
-0.0762848021425
12.4926592789
-0.075005055644
12.4561086716
-0.0735555641723
12.4203862279
-0.0719386179387
12.3855691566
-0.0701557410739
12.3517327264
-0.0682072755448
12.3189513137
-0.0660916801829
12.2872999567
-0.0638046585534
12.2568564594
-0.0613381977117
12.2277040903
-0.0586795422849
12.199934872
-0.05581010335
12.1736534359
-0.0527042973608
12.1489814225
-0.04932833532
12.1260624413
-0.0456389826446
12.1050676909
-0.0415823160814
12.0862024128
-0.0370924424576
12.0697139337
-0.0320905567992
12.0559019656
-0.0264840038688
12.0451340235
-0.0201673839773
12.0378486921
-0.0130081060835
12.0344161451
-0.00474067247503
12.0355304162
0.00457480314137
12.0418096436
0.0152863449617
12.0540370936
0.0275060023258
12.0731244182
0.0413226163739
12.0999957648
0.0569145749005
12.1355976511
0.0744570291984
12.180983394
0.0939622354852
12.2372315534
0.115453672545
12.3054234732
0.138924300141
12.3866080752
0.164286140675
12.4817562021
0.191378290941
12.591579088
0.219780684969
12.716577933
0.249229309347
12.8555664809
0.277038589259
0.304301294001
13.8992077748
-0.0185896647248
13.8805326925
-0.0187763257633
13.8612614573
-0.0193750040608
13.8413825613
-0.0199848835184
13.8208817524
-0.0206094889676
13.7997445727
-0.0212483877979
13.7779567304
-0.021901130073
13.7555044719
-0.022567272981
13.7323747205
-0.0232462739163
13.7085551321
-0.0239374414241
13.6840341959
-0.0246399420956
13.6588013862
-0.0253528089228
13.6328473294
-0.0260749333772
13.6061639731
-0.0268050504965
13.5787447615
-0.0275417273401
13.5505848225
-0.0282833538207
13.5216811672
-0.0290281351931
13.4920328987
-0.0297740841298
13.4616414277
-0.0305190138414
13.4305106947
-0.0312605325097
13.3986473942
-0.0319960396257
13.3660612004
-0.0327227255367
13.3327649837
-0.0334375760982
13.2987749764
-0.0341374147765
13.2641105676
-0.0348192837759
13.2287905088
-0.035483837086
13.1928408781
-0.0361261906629
13.1562989477
-0.0367299050886
13.1192081698
-0.0372885506545
13.0816113733
-0.0377974632302
13.0435547894
-0.0382623470195
13.0050897953
-0.0386971790895
12.9662738217
-0.0390831133569
12.9271717568
-0.0394070840222
12.8878559945
-0.039672788613
12.8483925421
-0.0398614639267
12.8088052506
-0.0399179659429
12.7691083752
-0.0398354550461
12.7294107442
-0.0397199412748
12.6899076586
-0.0396633507763
12.6507322541
-0.0395934237745
12.6119071345
-0.0393732071459
12.5734594829
-0.0389931721343
12.5354715437
-0.0385118448185
12.498040079
-0.0379507599268
12.4612566417
-0.0373097319435
12.4252077883
-0.0365870491596
12.3899767245
-0.0357817645093
12.3556444655
-0.0348933192711
12.3222908086
-0.0339209424013
12.2899954356
-0.0328630785805
12.2588394064
-0.0317169070648
12.2289072069
-0.0304779320705
12.2002893962
-0.0291395558059
12.1730858156
-0.0276925484251
12.1474092944
-0.026124382677
12.1233898031
-0.0244184704311
12.1011790516
-0.0225533676133
12.0809555144
-0.0205019580926
12.0629298541
-0.0182305726124
12.0473500856
-0.0156977873111
12.0345071246
-0.012853873419
12.0247410315
-0.00964259963168
12.0184905188
-0.00603005329744
12.0165644202
-0.00212089082217
12.0190564915
0.00273980638684
12.0268590889
0.00810139676408
12.0407514635
0.014188940426
12.0614450885
0.0211589228499
12.0898315946
0.0290093873051
12.1269768108
0.0377410311958
12.1738628463
0.0474494853625
12.2314867219
0.0581428578334
12.3008548547
0.0698041052023
12.3829292541
0.0823888597973
12.4785817531
0.0958253488554
12.5884585511
0.10991777524
12.7129850768
0.124621175786
12.851394923
0.13844016122
0.151283459055
13.8610291487
13.8424984656
13.8233781125
13.8036572753
13.7833216831
13.762357514
13.7407514077
13.7184904566
13.6955623045
13.6719552946
13.6476586093
13.6226624028
13.5969579402
13.5705377526
13.5433958024
13.515527658
13.4869306759
13.4576041901
13.4275497082
13.3967711133
13.365274869
13.3330702249
13.3001694184
13.2665878424
13.232343883
13.1974554413
13.1619452337
13.1258519597
13.0892205429
13.0521005023
13.0145361146
12.9765572327
12.9382120533
12.8995620746
12.8606649691
12.8215992563
12.7825028711
12.7435118161
12.704648768
12.6658568734
12.6271516714
12.5886801852
12.5506023134
12.5130189539
12.4760084127
12.4396489307
12.4040204106
12.3692036505
12.3352799271
12.302331192
12.2704408516
12.2396950365
12.2101842812
12.1820056353
12.1552653034
12.130081952
12.1065907802
12.0849483849
12.0653384419
12.047978267
12.0331265772
12.0210918
12.0122385772
12.0069654444
12.0055662545
12.0089897401
12.0177339323
12.0325218332
12.0542328003
12.0837440503
12.1219332421
12.1697733188
12.2282448668
12.2983108117
12.3808888955
12.476824005
12.5867637829
12.7113089756
12.8495627101
)
;

boundaryField
{
    front
    {
        type            empty;
    }
    back
    {
        type            empty;
    }
    inlet
    {
        type            calculated;
        value           nonuniform List<scalar> 
60
(
-12.825
-12.825
-12.825
-12.825
-12.825
-12.825
-12.825
-12.825
-12.825
-12.825
-12.825
-12.825
-12.825
-12.825
-12.825
-12.825
-12.825
-12.825
-12.825
-12.825
-5.13
-5.13
-5.13
-5.13
-5.13
-5.13
-5.13
-5.13
-5.13
-5.13
-5.13
-5.13
-5.13
-5.13
-5.13
-5.13
-5.13
-5.13
-5.13
-5.13
-12.825
-12.825
-12.825
-12.825
-12.825
-12.825
-12.825
-12.825
-12.825
-12.825
-12.825
-12.825
-12.825
-12.825
-12.825
-12.825
-12.825
-12.825
-12.825
-12.825
)
;
    }
    outlet
    {
        type            calculated;
        value           nonuniform List<scalar> 
81
(
15.7154008528
15.7591313735
15.8410325994
15.9759059818
16.1446884036
16.2571292682
16.3589115762
16.8650035837
17.9742479764
19.1913740452
19.9837076647
20.2160624493
19.6935056801
18.4690887002
16.6839430339
14.4324225701
11.7798795947
9.07172464036
6.69188334057
5.28134589642
0.925187341503
0.917054733928
0.916832921774
0.919805978588
0.92598236271
0.938358811715
0.956797484426
0.980599286167
1.00852637966
1.03913087821
1.07076166998
1.10192603231
1.13200322309
1.16127877809
1.19014800605
1.21889624664
1.24766313649
1.27627847448
1.30488790434
1.33348594774
1.68945813926
1.39744623437
1.4261211993
1.45499059192
1.48419269455
1.51384326661
1.54395605464
1.57443012637
1.60510104144
1.63581724378
1.6664782135
1.6970296383
1.72743384098
1.75765683692
1.78763198433
1.81729001555
1.84657500493
1.87543117383
1.90380591385
1.93164127547
1.95889460974
10.5068073594
11.1066967465
11.588957619
11.88770317
12.0319779817
12.1927794761
12.4089515662
12.6361051338
12.8183842114
12.9314961254
12.9931686022
13.0369638594
13.0530670058
13.0514615183
13.0423734411
13.0309504637
13.0200006109
13.0102659027
13.0041160617
13.0005466491
)
;
    }
    top
    {
        type            calculated;
        value           nonuniform List<scalar> 
190
(
-3.68165788772e-19
7.06875844674e-14
-9.42678007972e-14
-2.35705949159e-14
0
0
0
2.35756728726e-14
0
0
0
0
0
0
0
0
0
0
0
0
0
0
0
0
0
0
0
0
0
0
0
0
0
0
0
0
0
0
0
0
0
0
0
0
0
0
0
0
0
0
0
0
0
0
0
0
0
0
0
0
0
0
0
0
0
0
0
0
0
0
0
0
0
0
0
0
0
0
0
0
0
0
0
0
0
0
0
0
0
0
0
0
0
0
0
0
0
0
0
0
0
0
0
0
0
0
0
0
0
0
0
0
0
0
0
0
0
0
0
0
0
0
0
0
0
0
0
0
0
0
0
0
0
0
0
0
0
0
0
0
0
0
0
0
0
0
0
0
0
0
0
0
0
0
0
0
0
0
0
0
0
0
0
0
0
0
0
0
0
0
0
0
0
0
0
0
0
0
0
0
0
0
0
0
0
0
0
0
0
0
)
;
    }
    bottom
    {
        type            calculated;
        value           uniform 0;
    }
    flap
    {
        type            calculated;
        value           nonuniform List<scalar> 
161
(
0
-1.69406589451e-21
3.38813178902e-21
6.77626357803e-21
0
-1.35525271561e-20
0
0
5.42101086243e-20
-5.42101086243e-20
0
-1.08420217249e-19
0
0
0
0
1.08420217249e-19
0
0
0
0
2.16840434497e-19
2.16840434497e-19
0
4.33680868994e-19
2.16840434497e-19
2.16840434497e-19
0
0
0
0
4.33680868994e-19
0
4.33680868994e-19
-4.33680868994e-19
0
0
4.33680868994e-19
-4.33680868994e-19
0
0
4.33680868994e-19
0
0
4.33680868994e-19
0
0
4.33680868994e-19
0
0
8.67361737988e-19
0
0
-8.67361737988e-19
0
-8.67361737988e-19
0
0
-8.67361737988e-19
-8.67361737988e-19
8.67361737988e-19
0
0
0
8.67361737988e-19
8.67361737988e-19
-8.67361737988e-19
-8.67361737988e-19
-8.67361737988e-19
0
0
0
-1.73472347598e-18
0
-8.67361737988e-19
0
0
-1.73472347598e-18
0
0
-1.35525271561e-20
0
0
0
0
0
2.16840434497e-19
0
2.16840434497e-19
2.16840434497e-19
2.16840434497e-19
-2.16840434497e-19
0
2.16840434497e-19
-2.16840434497e-19
-2.16840434497e-19
-2.16840434497e-19
2.16840434497e-19
-4.33680868994e-19
0
0
0
0
4.33680868994e-19
0
0
0
4.33680868994e-19
-4.33680868994e-19
0
0
-4.33680868994e-19
4.33680868994e-19
-4.33680868994e-19
4.33680868994e-19
4.33680868994e-19
-4.33680868994e-19
-4.33680868994e-19
0
8.67361737988e-19
0
0
0
8.67361737988e-19
8.67361737988e-19
0
8.67361737988e-19
0
0
-8.67361737988e-19
0
0
8.67361737988e-19
0
0
0
0
0
0
0
-8.67361737988e-19
-8.67361737988e-19
8.67361737988e-19
0
-1.73472347598e-18
1.73472347598e-18
-1.73472347598e-18
0
0
0
0
0
0
0
0
0
0
2.71050543121e-20
-2.71050543121e-20
0
0
)
;
    }
    squareblock
    {
        type            calculated;
        value           uniform 0;
    }
}


// ************************************************************************* //
